timestamp,runs,unique_features,corpus_size,interval_runs,interval_features,interval_seconds,contributing_entries,contribution_percentage,longest_stagnation_runs,longest_stagnation_seconds,current_stagnation_runs,current_stagnation_seconds,avg_seed_age,active_seeds,dead_seeds,dead_selection_percentage,contribution_rate
1.15,502,4864,24,502,4864,1.15,1,4.17,22,0.05,480,1.1
2.19,1006,5221,24,504,357,1.04,1,4.17,556,1.27,25,0.04
3.2,1506,5256,24,500,35,1.02,1,4.17,556,1.27,200,0.43
4.23,2006,5256,24,500,0,1.03,0,0,556,1.27,700,1.46
5.24,2506,5256,24,500,0,1.01,0,0,556,1.27,1200,2.47
6.17,3009,5262,24,503,6,0.93,1,4.17,1552,3.12,40,0.07
7.22,3511,5266,24,502,4,1.05,1,4.17,1552,3.12,490,1.04
8.3,4013,5270,24,502,4,1.08,1,4.17,1552,3.12,90,0.19
9.47,4517,5286,24,504,16,1.16,1,4.17,1552,3.12,130,0.29
10.6,5017,5298,24,500,12,1.14,1,4.17,1552,3.12,135,0.3
11.74,5519,5314,24,502,16,1.14,1,4.17,1552,3.12,25,0.06
12.82,6019,5314,24,500,0,1.07,0,0,1552,3.12,525,1.13
13.92,6520,5322,24,501,8,1.1,1,4.17,1552,3.12,25,0.06
15.08,7020,5350,24,500,28,1.17,1,4.17,1552,3.12,30,0.06
16.19,7523,5354,24,503,4,1.11,1,4.17,1552,3.12,150,0.29
17.27,8025,5370,24,502,16,1.07,1,4.17,1552,3.12,30,0.06
18.49,8527,5378,24,502,8,1.22,1,4.17,1552,3.12,25,0.07
19.66,9028,5398,24,501,20,1.17,1,4.17,1552,3.12,5,0.02
20.8,9531,5410,24,503,12,1.14,1,4.17,1552,3.12,200,0.47
21.94,10031,5414,24,500,4,1.14,1,4.17,1552,3.12,225,0.47
23.03,10534,5426,24,503,12,1.1,1,4.17,1552,3.12,100,0.2
24.13,11038,5462,24,504,36,1.1,2,8.33,1552,3.12,10,0.02
25.44,11539,5466,24,501,4,1.3,1,4.17,1552,3.12,485,1.26
26.59,12040,5486,24,501,20,1.16,2,8.33,1552,3.12,25,0.06
27.69,12542,5498,24,502,12,1.1,2,8.33,1552,3.12,5,0.01
28.91,13043,5518,24,501,20,1.21,1,4.17,1552,3.12,30,0.08
30.05,13543,5526,24,500,8,1.15,2,8.33,1552,3.12,225,0.53
31.22,14044,5550,24,501,24,1.16,1,4.17,1552,3.12,5,0.01
32.3,14544,5570,24,500,20,1.09,1,4.17,1552,3.12,130,0.29
33.42,15047,5594,24,503,24,1.11,1,4.17,1552,3.12,10,0.02
34.67,15549,5610,24,502,16,1.25,1,4.17,1552,3.12,290,0.71
35.89,16053,5630,24,504,20,1.21,2,8.33,1552,3.12,5,0.01
37.04,16556,5658,24,503,28,1.16,1,4.17,1552,3.12,75,0.17
38.22,17057,5690,24,501,32,1.18,2,8.33,1552,3.12,105,0.26
39.38,17560,5702,24,503,12,1.16,1,4.17,1552,3.12,100,0.21
40.51,18063,5742,24,503,40,1.13,2,8.33,1552,3.12,35,0.08
41.67,18563,5762,24,500,20,1.16,1,4.17,1552,3.12,155,0.35
42.72,19065,5770,24,502,8,1.05,1,4.17,1552,3.12,210,0.47
43.85,19565,5786,24,500,16,1.13,1,4.17,1552,3.12,85,0.2
45.04,20065,5806,24,500,20,1.18,1,4.17,1552,3.12,25,0.05
46.3,20567,5838,24,502,32,1.26,2,8.33,1552,3.12,75,0.2
47.48,21070,5866,24,503,28,1.18,1,4.17,1552,3.12,15,0.04
48.7,21570,5874,24,500,8,1.22,1,4.17,1552,3.12,210,0.46
49.83,22070,5902,24,500,28,1.13,1,4.17,1552,3.12,20,0.05
51.02,22571,5926,24,501,24,1.19,1,4.17,1552,3.12,85,0.18
52.18,23072,5950,24,501,24,1.16,1,4.17,1552,3.12,35,0.09
53.35,23572,5970,24,500,20,1.18,1,4.17,1552,3.12,0,0
54.51,24075,5990,24,503,20,1.16,1,4.17,1552,3.12,175,0.4
55.55,24579,6006,24,504,16,1.04,1,4.17,1552,3.12,30,0.05
56.68,25080,6026,24,501,20,1.13,1,4.17,1552,3.12,140,0.29
57.88,25580,6050,24,500,24,1.2,1,4.17,1552,3.12,125,0.27
59.16,26080,6070,24,500,20,1.28,1,4.17,1552,3.12,210,0.58
60.38,26581,6090,24,501,20,1.22,1,4.17,1552,3.12,15,0.04
61.62,27081,6126,24,500,36,1.24,1,4.17,1552,3.12,5,0.01
62.68,27583,6146,24,502,20,1.06,1,4.17,1552,3.12,145,0.33
63.86,28087,6162,24,504,16,1.18,1,4.17,1552,3.12,120,0.28
65,28589,6170,24,502,8,1.14,1,4.17,1552,3.12,30,0.07
66.12,29090,6190,24,501,20,1.12,1,4.17,1552,3.12,140,0.28
67.18,29591,6222,24,501,32,1.06,1,4.17,1552,3.12,35,0.1
68.31,30093,6262,24,502,40,1.13,1,4.17,1552,3.12,25,0.06
69.7,30595,6294,24,502,32,1.39,1,4.17,1552,3.12,150,0.44
70.86,31096,6298,24,501,4,1.16,1,4.17,1552,3.12,345,0.81
71.96,31598,6318,24,502,20,1.11,1,4.17,1552,3.12,75,0.16
73.1,32099,6338,24,501,20,1.14,1,4.17,1552,3.12,150,0.34
74.24,32602,6366,24,503,28,1.14,1,4.17,1552,3.12,45,0.1
75.35,33106,6378,24,504,12,1.11,1,4.17,1552,3.12,430,0.97
76.46,33607,6418,24,501,40,1.11,1,4.17,1552,3.12,0,0
77.56,34109,6450,24,502,32,1.1,1,4.17,1552,3.12,85,0.19
78.91,34609,6474,24,500,24,1.35,1,4.17,1552,3.12,65,0.16
80.19,35112,6498,24,503,24,1.28,1,4.17,1552,3.12,15,0.05
81.46,35614,6518,24,502,20,1.27,1,4.17,1552,3.12,50,0.12
82.74,36118,6538,24,504,20,1.28,1,4.17,1552,3.12,90,0.17
83.75,36618,6562,24,500,24,1.01,1,4.17,1552,3.12,0,0
84.98,37121,6606,24,503,44,1.23,1,4.17,1552,3.12,10,0.02
86.16,37622,6634,24,501,28,1.18,1,4.17,1552,3.12,30,0.06
87.2,38126,6650,24,504,16,1.04,1,4.17,1552,3.12,5,0.01
88.33,38626,6682,24,500,32,1.12,1,4.17,1552,3.12,0,0
89.4,39127,6702,24,501,20,1.07,1,4.17,1552,3.12,155,0.29
90.64,39628,6730,24,501,28,1.23,1,4.17,1552,3.12,120,0.36
91.98,40132,6738,24,504,8,1.35,1,4.17,1552,3.12,405,1.07
93.11,40634,6778,24,502,40,1.13,1,4.17,1552,3.12,35,0.09
94.34,41138,6818,24,504,40,1.23,1,4.17,1552,3.12,5,0.02
95.52,41639,6838,24,501,20,1.18,1,4.17,1552,3.12,5,0.01
96.5,42142,6870,24,503,32,0.98,1,4.17,1552,3.12,55,0.11
97.57,42642,6902,24,500,32,1.07,1,4.17,1552,3.12,60,0.12
98.72,43144,6942,24,502,40,1.15,1,4.17,1552,3.12,5,0.01
99.79,43648,6958,24,504,16,1.06,1,4.17,1552,3.12,245,0.48
100.98,44150,6978,24,502,20,1.19,1,4.17,1552,3.12,65,0.16
102.15,44653,7018,24,503,40,1.17,2,8.33,1552,3.12,35,0.11
103.33,45156,7030,24,503,12,1.18,1,4.17,1552,3.12,5,0.01
104.46,45660,7050,24,504,20,1.13,1,4.17,1552,3.12,55,0.13
105.49,46161,7066,24,501,16,1.03,1,4.17,1552,3.12,40,0.08
106.47,46664,7082,24,503,16,0.98,1,4.17,1552,3.12,205,0.42
107.63,47167,7106,24,503,24,1.16,1,4.17,1552,3.12,100,0.2
108.75,47670,7142,24,503,36,1.12,1,4.17,1552,3.12,5,0.02
109.92,48174,7158,24,504,16,1.16,1,4.17,1552,3.12,80,0.16
111.13,48675,7182,24,501,24,1.22,1,4.17,1552,3.12,20,0.04
112.27,49175,7206,24,500,24,1.13,1,4.17,1552,3.12,35,0.09
113.46,49677,7226,24,502,20,1.19,1,4.17,1552,3.12,40,0.09
114.52,50177,7250,24,500,24,1.07,1,4.17,1552,3.12,5,0.01
115.66,50679,7278,24,502,28,1.14,1,4.17,1552,3.12,5,0.01
116.8,51182,7298,24,503,20,1.14,1,4.17,1552,3.12,40,0.08
117.9,51685,7306,24,503,8,1.1,1,4.17,1552,3.12,235,0.53
119.04,52185,7322,24,500,16,1.13,1,4.17,1552,3.12,110,0.25
120.23,52687,7342,24,502,20,1.19,1,4.17,1552,3.12,100,0.24
121.48,53190,7362,24,503,20,1.25,1,4.17,1552,3.12,10,0.02
122.62,53694,7410,24,504,48,1.14,1,4.17,1552,3.12,25,0.06
123.73,54194,7438,24,500,28,1.11,1,4.17,1552,3.12,45,0.1
124.9,54698,7458,24,504,20,1.17,1,4.17,1552,3.12,70,0.17
126.03,55202,7482,24,504,24,1.13,1,4.17,1552,3.12,30,0.07
127.15,55705,7514,24,503,32,1.12,1,4.17,1552,3.12,10,0.02
128.4,56205,7542,24,500,28,1.25,1,4.17,1552,3.12,190,0.46
129.52,56707,7570,24,502,28,1.12,1,4.17,1552,3.12,140,0.33
130.57,57208,7594,24,501,24,1.05,1,4.17,1552,3.12,20,0.03
131.69,57711,7606,24,503,12,1.12,1,4.17,1552,3.12,50,0.12
132.81,58215,7630,24,504,24,1.12,1,4.17,1552,3.12,320,0.69
133.91,58717,7666,24,502,36,1.1,1,4.17,1552,3.12,45,0.1
134.98,59218,7670,24,501,4,1.08,1,4.17,1552,3.12,465,0.99
136.01,59718,7690,24,500,20,1.03,1,4.17,1552,3.12,360,0.75
137.08,60218,7706,24,500,16,1.07,1,4.17,1552,3.12,0,0
138.3,60721,7742,24,503,36,1.22,1,4.17,1552,3.12,65,0.16
139.53,61224,7758,24,503,16,1.23,1,4.17,1552,3.12,50,0.1
140.77,61724,7766,24,500,8,1.24,1,4.17,1552,3.12,140,0.31
142.04,62226,7790,24,502,24,1.27,1,4.17,1552,3.12,45,0.14
143.2,62726,7810,24,500,20,1.16,1,4.17,1552,3.12,35,0.08
144.33,63226,7838,24,500,28,1.13,1,4.17,1552,3.12,195,0.43
145.41,63726,7854,24,500,16,1.07,1,4.17,1552,3.12,150,0.3
146.45,64229,7866,24,503,12,1.04,1,4.17,1552,3.12,125,0.27
147.62,64733,7890,24,504,24,1.17,2,8.33,1552,3.12,185,0.47
148.67,65237,7934,24,504,44,1.05,1,4.17,1552,3.12,55,0.11
149.78,65737,7962,24,500,28,1.11,1,4.17,1552,3.12,5,0.01
150.83,66237,8002,24,500,40,1.05,1,4.17,1552,3.12,65,0.14
151.89,66740,8010,24,503,8,1.06,1,4.17,1552,3.12,40,0.1
153.03,67241,8034,24,501,24,1.14,1,4.17,1552,3.12,30,0.08
154.21,67744,8054,24,503,20,1.17,1,4.17,1552,3.12,50,0.12
155.43,68245,8070,24,501,16,1.22,1,4.17,1552,3.12,110,0.26
156.62,68748,8082,24,503,12,1.19,1,4.17,1552,3.12,420,0.96
157.8,69252,8114,24,504,32,1.18,1,4.17,1552,3.12,25,0.07
158.93,69756,8142,24,504,28,1.13,1,4.17,1552,3.12,40,0.08
160.08,70257,8162,24,501,20,1.15,1,4.17,1552,3.12,10,0.03
161.25,70761,8170,24,504,8,1.17,1,4.17,1552,3.12,235,0.54
162.41,71261,8210,24,500,40,1.16,1,4.17,1552,3.12,85,0.19
163.61,71765,8242,24,504,32,1.2,1,4.17,1552,3.12,40,0.1
164.77,72268,8254,24,503,12,1.16,1,4.17,1552,3.12,35,0.08
166.01,72768,8286,24,500,32,1.24,1,4.17,1552,3.12,5,0.09
167.37,73270,8310,24,502,24,1.36,1,4.17,1552,3.12,130,0.27
168.46,73773,8322,24,503,12,1.09,1,4.17,1552,3.12,70,0.15
169.44,74274,8338,24,501,16,0.98,1,4.17,1552,3.12,45,0.09
170.56,74774,8358,24,500,20,1.12,1,4.17,1552,3.12,10,0.03
171.69,75276,8378,24,502,20,1.13,1,4.17,1552,3.12,65,0.15
172.8,75776,8418,24,500,40,1.1,1,4.17,1552,3.12,5,0.01
173.8,76280,8446,24,504,28,1,1,4.17,1552,3.12,80,0.15
174.9,76784,8474,24,504,28,1.1,1,4.17,1552,3.12,30,0.08
175.98,77284,8498,24,500,24,1.08,1,4.17,1552,3.12,20,0.05
177.04,77784,8514,24,500,16,1.06,1,4.17,1552,3.12,270,0.58
178.21,78286,8522,24,502,8,1.17,1,4.17,1552,3.12,255,0.56
179.43,78787,8554,24,501,32,1.22,1,4.17,1552,3.12,60,0.15
180.56,79291,8570,24,504,16,1.13,1,4.17,1552,3.12,55,0.13
181.69,79792,8606,24,501,36,1.13,1,4.17,1552,3.12,95,0.21
183.15,80293,8638,24,501,32,1.46,1,4.17,1552,3.12,60,0.14
184.36,80793,8670,24,500,32,1.21,1,4.17,1552,3.12,5,0.01
185.5,81296,8710,24,503,40,1.14,1,4.17,1552,3.12,110,0.24
186.63,81799,8722,24,503,12,1.13,1,4.17,1552,3.12,15,0.04
187.82,82301,8734,24,502,12,1.18,1,4.17,1552,3.12,90,0.24
189.28,82802,8766,24,501,32,1.46,1,4.17,1552,3.12,40,0.1
190.46,83302,8786,24,500,20,1.18,1,4.17,1552,3.12,65,0.16
191.81,83804,8802,24,502,16,1.35,1,4.17,1552,3.12,45,0.11
193.17,84304,8838,24,500,36,1.36,1,4.17,1552,3.12,5,0.01
194.36,84807,8854,24,503,16,1.19,1,4.17,1552,3.12,40,0.09
195.36,85308,8878,24,501,24,1,2,8.33,1552,3.12,85,0.18
196.44,85809,8894,24,501,16,1.08,1,4.17,1552,3.12,330,0.73
197.61,86310,8930,24,501,36,1.17,1,4.17,1552,3.12,5,0.02
198.91,86814,8954,24,504,24,1.3,1,4.17,1552,3.12,80,0.21
200.13,87316,8986,24,502,32,1.21,1,4.17,1552,3.12,45,0.11
201.31,87817,9010,24,501,24,1.18,1,4.17,1552,3.12,65,0.15
202.58,88320,9030,24,503,20,1.27,1,4.17,1552,3.12,175,0.43
203.75,88820,9054,24,500,24,1.18,1,4.17,1552,3.12,75,0.2
205.02,89323,9074,24,503,20,1.26,1,4.17,1552,3.12,95,0.22
206.18,89824,9098,24,501,24,1.16,1,4.17,1552,3.12,45,0.1
207.31,90327,9134,24,503,36,1.14,1,4.17,1552,3.12,35,0.1
208.58,90830,9166,24,503,32,1.27,1,4.17,1552,3.12,30,0.06
209.69,91332,9178,24,502,12,1.11,1,4.17,1552,3.12,95,0.18
210.86,91832,9194,24,500,16,1.18,1,4.17,1552,3.12,175,0.44
212.03,92332,9214,24,500,20,1.16,1,4.17,1552,3.12,80,0.23
213.1,92834,9250,24,502,36,1.08,1,4.17,1552,3.12,10,0.03
214.28,93334,9278,24,500,28,1.18,1,4.17,1552,3.12,105,0.26
215.42,93836,9306,24,502,28,1.14,1,4.17,1552,3.12,90,0.21
216.64,94338,9322,24,502,16,1.22,1,4.17,1552,3.12,265,0.66
217.8,94842,9338,24,504,16,1.16,1,4.17,1552,3.12,75,0.17
219.15,95345,9390,24,503,52,1.35,1,4.17,1552,3.12,20,0.04
220.32,95846,9426,24,501,36,1.16,1,4.17,1552,3.12,70,0.17
221.47,96348,9454,24,502,28,1.16,1,4.17,1552,3.12,25,0.06
222.76,96849,9482,24,501,28,1.29,1,4.17,1552,3.12,40,0.12
223.86,97352,9490,24,503,8,1.1,1,4.17,1552,3.12,490,1.07
224.88,97855,9502,24,503,12,1.01,1,4.17,1552,3.12,420,0.87
226.08,98356,9542,24,501,40,1.2,1,4.17,1552,3.12,15,0.04
227.21,98859,9582,24,503,40,1.13,1,4.17,1552,3.12,5,0.02
228.44,99363,9594,24,504,12,1.23,1,4.17,1552,3.12,90,0.21
229.63,99866,9642,24,503,48,1.19,1,4.17,1552,3.12,60,0.17
230.73,100366,9666,24,500,24,1.1,1,4.17,1552,3.12,45,0.1
231.87,100870,9682,24,504,16,1.14,1,4.17,1552,3.12,45,0.08
232.95,101374,9706,24,504,24,1.08,1,4.17,1552,3.12,110,0.25
234.2,101874,9742,24,500,36,1.26,1,4.17,1552,3.12,25,0.06
235.39,102377,9790,24,503,48,1.19,1,4.17,1552,3.12,40,0.08
236.41,102881,9802,24,504,12,1.02,1,4.17,1552,3.12,295,0.61
237.61,103384,9838,24,503,36,1.2,1,4.17,1552,3.12,110,0.31
238.85,103887,9858,24,503,20,1.24,1,4.17,1552,3.12,15,0.05
240.11,104391,9878,24,504,20,1.26,1,4.17,1552,3.12,80,0.18
241.22,104894,9906,24,503,28,1.1,1,4.17,1552,3.12,140,0.29
242.57,105398,9930,24,504,24,1.35,1,4.17,1552,3.12,160,0.58
243.64,105900,9942,24,502,12,1.08,1,4.17,1552,3.12,80,0.17
244.88,106401,9970,24,501,28,1.24,1,4.17,1552,3.12,110,0.25
246.12,106905,9986,24,504,16,1.24,1,4.17,1552,3.12,70,0.2
247.25,107405,10006,24,500,20,1.13,1,4.17,1552,3.12,260,0.59
248.41,107909,10042,24,504,36,1.15,1,4.17,1552,3.12,5,0.01
249.66,108412,10074,24,503,32,1.25,1,4.17,1552,3.12,15,0.03
250.95,108913,10094,24,501,20,1.3,1,4.17,1552,3.12,35,0.08
252.21,109417,10134,24,504,40,1.26,1,4.17,1552,3.12,15,0.04
253.38,109919,10158,24,502,24,1.17,1,4.17,1552,3.12,215,0.49
254.6,110423,10194,24,504,36,1.22,1,4.17,1552,3.12,60,0.15
255.83,110923,10210,24,500,16,1.23,1,4.17,1552,3.12,170,0.44
257.05,111426,10250,24,503,40,1.22,1,4.17,1552,3.12,105,0.23
258.23,111930,10286,24,504,36,1.18,1,4.17,1552,3.12,100,0.24
259.4,112431,10306,24,501,20,1.17,1,4.17,1552,3.12,15,0.04
260.62,112933,10330,24,502,24,1.21,1,4.17,1552,3.12,15,0.03
261.73,113434,10350,24,501,20,1.12,1,4.17,1552,3.12,265,0.61
262.97,113935,10378,24,501,28,1.24,1,4.17,1552,3.12,10,0.02
264.16,114439,10390,24,504,12,1.19,1,4.17,1552,3.12,30,0.07
265.38,114939,10422,24,500,32,1.22,1,4.17,1552,3.12,45,0.12
266.64,115441,10458,24,502,36,1.27,1,4.17,1552,3.12,70,0.2
268.01,115945,10502,24,504,44,1.36,1,4.17,1552,3.12,90,0.23
269.25,116448,10538,24,503,36,1.24,1,4.17,1552,3.12,40,0.09
270.39,116949,10554,24,501,16,1.15,1,4.17,1552,3.12,100,0.22
271.61,117451,10562,24,502,8,1.21,1,4.17,1552,3.12,145,0.33
272.73,117952,10582,24,501,20,1.12,1,4.17,1552,3.12,70,0.15
274.27,118455,10602,24,503,20,1.54,1,4.17,1552,3.12,235,0.87
275.41,118958,10618,24,503,16,1.14,1,4.17,1552,3.12,90,0.2
276.55,119462,10650,24,504,32,1.14,1,4.17,1552,3.12,60,0.15
277.73,119965,10670,24,503,20,1.18,1,4.17,1552,3.12,50,0.11
279.09,120469,10682,24,504,12,1.36,1,4.17,1552,3.12,145,0.31
280.21,120971,10706,24,502,24,1.12,1,4.17,1552,3.12,90,0.2
281.75,121475,10722,24,504,16,1.54,1,4.17,1552,3.12,120,0.27
282.97,121976,10770,24,501,48,1.22,1,4.17,1552,3.12,60,0.13
284.26,122479,10782,24,503,12,1.29,1,4.17,1552,3.12,10,0.02
285.5,122983,10810,24,504,28,1.24,1,4.17,1552,3.12,85,0.22
286.69,123486,10842,24,503,32,1.19,1,4.17,1552,3.12,35,0.09
287.78,123987,10850,24,501,8,1.09,1,4.17,1552,3.12,435,0.92
289.03,124488,10882,24,501,32,1.24,1,4.17,1552,3.12,60,0.16
290.2,124991,10906,24,503,24,1.17,1,4.17,1552,3.12,60,0.13
291.33,125494,10942,24,503,36,1.14,1,4.17,1552,3.12,75,0.16
292.6,125997,10966,24,503,24,1.26,1,4.17,1552,3.12,100,0.29
293.86,126498,10982,24,501,16,1.26,1,4.17,1552,3.12,60,0.15
295,126998,11002,24,500,20,1.14,1,4.17,1552,3.12,10,0.02
296.19,127500,11026,24,502,24,1.19,1,4.17,1552,3.12,10,0.02
297.36,128002,11034,24,502,8,1.18,1,4.17,1552,3.12,55,0.14
298.63,128505,11054,24,503,20,1.27,1,4.17,1552,3.12,15,0.04
299.75,129005,11074,24,500,20,1.12,1,4.17,1552,3.12,50,0.13
301.04,129509,11098,24,504,24,1.29,1,4.17,1552,3.12,40,0.13
302.29,130011,11114,24,502,16,1.25,1,4.17,1552,3.12,5,0.01
303.4,130514,11150,24,503,36,1.11,1,4.17,1552,3.12,30,0.07
304.65,131014,11174,24,500,24,1.25,1,4.17,1552,3.12,35,0.08
305.76,131517,11186,24,503,12,1.11,1,4.17,1552,3.12,140,0.28
307.27,132019,11206,24,502,20,1.51,1,4.17,1552,3.12,50,0.1
308.47,132520,11222,24,501,16,1.2,1,4.17,1552,3.12,75,0.17
309.6,133023,11246,24,503,24,1.13,2,8.33,1552,3.12,185,0.39
310.72,133523,11258,24,500,12,1.12,1,4.17,1552,3.12,30,0.06
311.82,134023,11274,24,500,16,1.1,1,4.17,1552,3.12,95,0.2
312.94,134525,11282,24,502,8,1.12,1,4.17,1552,3.12,180,0.43
314.18,135028,11306,24,503,24,1.24,1,4.17,1552,3.12,70,0.16
315.35,135531,11330,24,503,24,1.17,1,4.17,1552,3.12,25,0.06
316.51,136031,11354,24,500,24,1.16,1,4.17,1552,3.12,0,0
317.65,136533,11390,24,502,36,1.14,1,4.17,1552,3.12,20,0.05
318.97,137035,11398,24,502,8,1.33,1,4.17,1552,3.12,225,0.65
320.19,137537,11422,24,502,24,1.21,1,4.17,1552,3.12,40,0.08
321.37,138038,11438,24,501,16,1.19,1,4.17,1552,3.12,40,0.1
322.52,138542,11466,24,504,28,1.15,1,4.17,1552,3.12,15,0.05
323.8,139044,11490,24,502,24,1.29,1,4.17,1552,3.12,105,0.28
324.95,139544,11490,24,500,0,1.15,0,0,1552,3.12,605,1.42
326.77,140046,11522,24,502,32,1.82,1,4.17,1552,3.12,90,0.34
328.5,140547,11558,24,501,36,1.73,1,4.17,1552,3.12,95,0.31
329.67,141051,11574,24,504,16,1.17,1,4.17,1552,3.12,245,0.59
330.95,141554,11610,24,503,36,1.28,1,4.17,1552,3.12,50,0.09
332.09,142056,11642,24,502,32,1.14,1,4.17,1552,3.12,10,0.03
333.32,142557,11646,24,501,4,1.23,1,4.17,1552,3.12,280,0.7
335.27,143061,11670,24,504,24,1.95,1,4.17,1552,3.12,270,1.25
336.48,143562,11706,24,501,36,1.21,1,4.17,1552,3.12,105,0.26
337.74,144064,11722,24,502,16,1.26,1,4.17,1552,3.12,5,0.01
339.02,144566,11758,24,502,36,1.28,1,4.17,1552,3.12,65,0.16
340.23,145067,11798,24,501,40,1.21,1,4.17,1552,3.12,15,0.05
341.42,145568,11818,24,501,20,1.19,1,4.17,1552,3.12,55,0.15
342.56,146071,11850,24,503,32,1.14,1,4.17,1552,3.12,80,0.19
343.69,146575,11862,24,504,12,1.13,1,4.17,1552,3.12,150,0.3
344.95,147079,11890,24,504,28,1.26,1,4.17,1552,3.12,95,0.24
346.2,147582,11918,24,503,28,1.25,1,4.17,1552,3.12,5,0.01
347.41,148082,11942,24,500,24,1.21,1,4.17,1552,3.12,50,0.12
348.57,148586,11958,24,504,16,1.16,1,4.17,1552,3.12,50,0.13
349.75,149087,12002,24,501,44,1.18,1,4.17,1552,3.12,35,0.08
350.85,149590,12010,24,503,8,1.1,1,4.17,1552,3.12,175,0.37
352.08,150094,12034,24,504,24,1.23,1,4.17,1552,3.12,15,0.05
353.26,150598,12058,24,504,24,1.18,1,4.17,1552,3.12,180,0.44
354.47,151101,12082,24,503,24,1.21,1,4.17,1552,3.12,260,0.66
355.64,151602,12098,24,501,16,1.17,1,4.17,1552,3.12,45,0.11
356.82,152102,12118,24,500,20,1.18,1,4.17,1552,3.12,80,0.21
357.93,152605,12138,24,503,20,1.11,1,4.17,1552,3.12,75,0.16
359.16,153105,12154,24,500,16,1.23,1,4.17,1552,3.12,110,0.27
360.4,153605,12174,24,500,20,1.24,1,4.17,1552,3.12,75,0.19
361.59,154105,12206,24,500,32,1.19,1,4.17,1552,3.12,85,0.19
362.7,154605,12238,24,500,32,1.11,1,4.17,1552,3.12,15,0.03
363.89,155105,12262,24,500,24,1.2,1,4.17,1552,3.12,80,0.19
365.08,155609,12286,24,504,24,1.19,1,4.17,1552,3.12,75,0.18
366.42,156110,12318,24,501,32,1.33,1,4.17,1552,3.12,25,0.05
367.74,156613,12350,24,503,32,1.32,1,4.17,1552,3.12,70,0.16
369,157115,12374,24,502,24,1.26,1,4.17,1552,3.12,155,0.4
370.24,157619,12390,24,504,16,1.24,1,4.17,1552,3.12,95,0.25
371.56,158120,12422,24,501,32,1.32,1,4.17,1552,3.12,40,0.1
372.72,158620,12442,24,500,20,1.16,1,4.17,1552,3.12,85,0.18
373.88,159120,12470,24,500,28,1.16,1,4.17,1552,3.12,210,0.52
375.05,159620,12490,24,500,20,1.17,1,4.17,1552,3.12,60,0.14
376.14,160120,12526,24,500,36,1.09,1,4.17,1552,3.12,15,0.02
377.51,160624,12550,24,504,24,1.37,1,4.17,1552,3.12,20,0.05
378.86,161124,12566,24,500,16,1.35,1,4.17,1552,3.12,20,0.06
380.06,161627,12586,24,503,20,1.2,1,4.17,1552,3.12,225,0.56
381.31,162128,12598,24,501,12,1.24,1,4.17,1552,3.12,10,0.02
382.6,162630,12614,24,502,16,1.3,1,4.17,1552,3.12,85,0.25
383.93,163133,12638,24,503,24,1.33,1,4.17,1552,3.12,40,0.1
385.14,163634,12678,24,501,40,1.21,1,4.17,1552,3.12,60,0.14
386.38,164137,12714,24,503,36,1.24,1,4.17,1552,3.12,20,0.05
387.52,164637,12730,24,500,16,1.13,1,4.17,1552,3.12,110,0.27
388.76,165137,12774,24,500,44,1.24,1,4.17,1552,3.12,170,0.46
390,165640,12794,24,503,20,1.24,1,4.17,1552,3.12,15,0.05
391.42,166141,12838,24,501,44,1.42,1,4.17,1552,3.12,10,0.02
392.6,166641,12862,24,500,24,1.18,1,4.17,1552,3.12,180,0.45
393.81,167145,12882,24,504,20,1.21,1,4.17,1552,3.12,5,0.02
395.11,167649,12894,24,504,12,1.29,1,4.17,1552,3.12,10,0.02
396.31,168153,12934,24,504,40,1.2,1,4.17,1552,3.12,45,0.1
397.51,168657,12950,24,504,16,1.2,1,4.17,1552,3.12,115,0.27
398.89,169158,12994,24,501,44,1.38,1,4.17,1552,3.12,115,0.35
400.14,169660,13002,24,502,8,1.25,1,4.17,1552,3.12,230,0.54
401.39,170161,13026,24,501,24,1.25,1,4.17,1552,3.12,70,0.17
402.56,170665,13062,24,504,36,1.17,1,4.17,1552,3.12,20,0.06
403.88,171165,13078,24,500,16,1.33,1,4.17,1552,3.12,160,0.46
405.13,171668,13086,24,503,8,1.24,1,4.17,1552,3.12,20,0.05
406.3,172169,13110,24,501,24,1.18,1,4.17,1552,3.12,15,0.03
407.45,172671,13142,24,502,32,1.14,1,4.17,1552,3.12,35,0.06
408.6,173171,13162,24,500,20,1.15,1,4.17,1552,3.12,15,0.03
409.82,173672,13182,24,501,20,1.22,1,4.17,1552,3.12,175,0.44
411,174176,13226,24,504,44,1.17,1,4.17,1552,3.12,100,0.26
412.14,174680,13242,24,504,16,1.15,1,4.17,1552,3.12,140,0.3
413.21,175180,13262,24,500,20,1.07,1,4.17,1552,3.12,50,0.11
414.31,175684,13282,24,504,20,1.09,1,4.17,1552,3.12,15,0.03
415.47,176185,13294,24,501,12,1.17,1,4.17,1552,3.12,0,0
416.61,176687,13310,24,502,16,1.14,1,4.17,1552,3.12,5,0.01
417.89,177187,13330,24,500,20,1.28,1,4.17,1552,3.12,115,0.27
419.08,177689,13358,24,502,28,1.18,1,4.17,1552,3.12,35,0.08
420.19,178193,13394,24,504,36,1.12,1,4.17,1552,3.12,5,0.01
421.31,178696,13410,24,503,16,1.12,1,4.17,1552,3.12,265,0.59
422.47,179199,13438,24,503,28,1.16,1,4.17,1552,3.12,140,0.33
423.68,179700,13458,24,501,20,1.21,1,4.17,1552,3.12,145,0.36
424.78,180200,13494,24,500,36,1.11,1,4.17,1552,3.12,0,0
426.01,180703,13514,24,503,20,1.23,1,4.17,1552,3.12,280,0.71
427.17,181207,13538,24,504,24,1.16,1,4.17,1552,3.12,40,0.09
428.36,181711,13558,24,504,20,1.19,1,4.17,1552,3.12,105,0.26
429.55,182211,13586,24,500,28,1.19,1,4.17,1552,3.12,25,0.07
430.76,182714,13606,24,503,20,1.21,1,4.17,1552,3.12,5,0.02
432.02,183216,13630,24,502,24,1.26,1,4.17,1552,3.12,60,0.15
433.23,183719,13658,24,503,28,1.21,1,4.17,1552,3.12,10,0.03
434.6,184222,13682,24,503,24,1.38,1,4.17,1552,3.12,30,0.08
435.89,184722,13698,24,500,16,1.29,1,4.17,1552,3.12,130,0.46
437.07,185223,13714,24,501,16,1.18,1,4.17,1552,3.12,235,0.57
438.33,185727,13746,24,504,32,1.26,1,4.17,1552,3.12,80,0.25
439.54,186227,13766,24,500,20,1.2,1,4.17,1552,3.12,75,0.16
440.65,186727,13790,24,500,24,1.12,1,4.17,1552,3.12,155,0.38
441.87,187230,13802,24,503,12,1.22,1,4.17,1552,3.12,100,0.23
443.19,187731,13838,24,501,36,1.32,1,4.17,1552,3.12,5,0.01
444.41,188231,13854,24,500,16,1.22,1,4.17,1552,3.12,60,0.16
445.62,188734,13894,24,503,40,1.21,1,4.17,1552,3.12,40,0.1
447.22,189238,13906,24,504,12,1.6,1,4.17,1552,3.12,10,0.03
448.37,189739,13926,24,501,20,1.15,1,4.17,1552,3.12,90,0.18
449.63,190240,13946,24,501,20,1.26,1,4.17,1552,3.12,55,0.12
450.88,190743,13978,24,503,32,1.24,1,4.17,1552,3.12,10,0.02
452.08,191246,14010,24,503,32,1.2,1,4.17,1552,3.12,100,0.23
453.19,191750,14026,24,504,16,1.11,1,4.17,1552,3.12,20,0.05
454.4,192251,14058,24,501,32,1.21,1,4.17,1552,3.12,10,0.03
455.51,192753,14070,24,502,12,1.12,1,4.17,1552,3.12,50,0.11
456.81,193253,14098,24,500,28,1.29,1,4.17,1552,3.12,0,0
457.97,193756,14130,24,503,32,1.17,1,4.17,1552,3.12,30,0.04
459.12,194260,14158,24,504,28,1.14,1,4.17,1552,3.12,40,0.09
460.38,194762,14182,24,502,24,1.27,1,4.17,1552,3.12,60,0.14
461.6,195266,14206,24,504,24,1.22,1,4.17,1552,3.12,15,0.04
462.79,195770,14246,24,504,40,1.19,1,4.17,1552,3.12,75,0.16
464.01,196271,14270,24,501,24,1.22,1,4.17,1552,3.12,110,0.29
465.2,196775,14294,24,504,24,1.19,1,4.17,1552,3.12,25,0.04
466.41,197276,14322,24,501,28,1.22,1,4.17,1552,3.12,240,0.57
467.57,197779,14330,24,503,8,1.15,1,4.17,1552,3.12,45,0.1
468.8,198279,14366,24,500,36,1.23,1,4.17,1552,3.12,135,0.35
469.99,198783,14394,24,504,28,1.19,1,4.17,1552,3.12,90,0.21
471.3,199283,14422,24,500,28,1.31,1,4.17,1552,3.12,65,0.2
472.67,199787,14458,24,504,36,1.37,1,4.17,1552,3.12,15,0.04
473.94,200289,14494,24,502,36,1.26,1,4.17,1552,3.12,65,0.14
475.09,200791,14534,24,502,40,1.15,1,4.17,1552,3.12,20,0.06
476.29,201292,14554,24,501,20,1.2,1,4.17,1552,3.12,15,0.03
477.4,201792,14570,24,500,16,1.11,1,4.17,1552,3.12,135,0.28
478.66,202292,14598,24,500,28,1.26,1,4.17,1552,3.12,20,0.04
480.51,202796,14630,24,504,32,1.85,2,8.33,1552,3.12,60,0.19
481.75,203300,14658,24,504,28,1.24,1,4.17,1552,3.12,255,0.6
482.91,203803,14682,24,503,24,1.16,1,4.17,1552,3.12,15,0.04
484.13,204307,14694,24,504,12,1.23,1,4.17,1552,3.12,10,0.02
485.29,204808,14710,24,501,16,1.15,1,4.17,1552,3.12,270,0.64
486.45,205312,14734,24,504,24,1.16,1,4.17,1552,3.12,90,0.24
487.63,205814,14762,24,502,28,1.18,1,4.17,1552,3.12,5,0.02
488.9,206318,14798,24,504,36,1.27,1,4.17,1552,3.12,125,0.28
490.13,206821,14822,24,503,24,1.23,1,4.17,1552,3.12,90,0.22
491.51,207321,14850,24,500,28,1.38,1,4.17,1552,3.12,175,0.38
492.71,207825,14862,24,504,12,1.2,1,4.17,1552,3.12,15,0.04
493.78,208329,14878,24,504,16,1.06,1,4.17,1552,3.12,150,0.31
494.99,208832,14906,24,503,28,1.21,1,4.17,1552,3.12,30,0.08
496.09,209334,14930,24,502,24,1.1,1,4.17,1552,3.12,30,0.07
497.29,209835,14978,24,501,48,1.2,1,4.17,1552,3.12,5,0.01
498.66,210337,14986,24,502,8,1.37,1,4.17,1552,3.12,130,0.36
499.88,210839,15014,24,502,28,1.22,1,4.17,1552,3.12,70,0.16
501.34,211340,15018,24,501,4,1.46,1,4.17,1552,3.12,405,1.23
502.54,211840,15050,24,500,32,1.19,1,4.17,1552,3.12,100,0.24
503.79,212344,15074,24,504,24,1.25,1,4.17,1552,3.12,90,0.21
505.04,212846,15114,24,502,40,1.25,1,4.17,1552,3.12,50,0.13
506.2,213350,15130,24,504,16,1.16,1,4.17,1552,3.12,25,0.05
507.36,213850,15166,24,500,36,1.16,1,4.17,1552,3.12,15,0.03
508.61,214354,15202,24,504,36,1.25,1,4.17,1552,3.12,45,0.1
509.7,214856,15246,24,502,44,1.09,1,4.17,1552,3.12,20,0.05
511.08,215357,15278,24,501,32,1.38,1,4.17,1552,3.12,205,0.55
512.26,215857,15298,24,500,20,1.18,1,4.17,1552,3.12,10,0.03
513.6,216357,15342,24,500,44,1.34,1,4.17,1552,3.12,60,0.15
514.77,216859,15362,24,502,20,1.17,1,4.17,1552,3.12,40,0.09
516.01,217363,15378,24,504,16,1.25,1,4.17,1552,3.12,190,0.55
517.2,217864,15394,24,501,16,1.18,1,4.17,1552,3.12,90,0.22
518.28,218366,15410,24,502,16,1.08,1,4.17,1552,3.12,105,0.24
519.6,218870,15422,24,504,12,1.33,1,4.17,1552,3.12,150,0.37
520.86,219372,15438,24,502,16,1.26,1,4.17,1552,3.12,50,0.13
522.1,219875,15458,24,503,20,1.24,1,4.17,1552,3.12,80,0.2
523.68,220378,15478,24,503,20,1.57,1,4.17,1552,3.12,5,0.02
525,220881,15514,24,503,36,1.32,1,4.17,1552,3.12,125,0.37
526.26,221385,15534,24,504,20,1.26,1,4.17,1552,3.12,50,0.13
527.45,221888,15554,24,503,20,1.19,1,4.17,1552,3.12,140,0.34
528.75,222389,15578,24,501,24,1.3,1,4.17,1552,3.12,50,0.12
529.91,222890,15622,24,501,44,1.16,1,4.17,1552,3.12,50,0.11
531.11,223390,15650,24,500,28,1.2,1,4.17,1552,3.12,15,0.04
532.33,223893,15678,24,503,28,1.22,1,4.17,1552,3.12,10,0.02
533.46,224393,15706,24,500,28,1.13,1,4.17,1552,3.12,105,0.21
534.57,224894,15726,24,501,20,1.11,1,4.17,1552,3.12,100,0.21
535.67,225397,15734,24,503,8,1.1,1,4.17,1552,3.12,420,0.93
536.88,225900,15774,24,503,40,1.21,1,4.17,1552,3.12,25,0.05
538.16,226400,15806,24,500,32,1.28,1,4.17,1552,3.12,15,0.04
539.44,226900,15822,24,500,16,1.28,1,4.17,1552,3.12,50,0.13
540.67,227401,15842,24,501,20,1.23,1,4.17,1552,3.12,20,0.05
541.93,227902,15874,24,501,32,1.25,1,4.17,1552,3.12,45,0.11
543.09,228402,15898,24,500,24,1.17,1,4.17,1552,3.12,115,0.29
544.28,228904,15914,24,502,16,1.19,1,4.17,1552,3.12,110,0.29
545.65,229407,15930,24,503,16,1.36,1,4.17,1552,3.12,145,0.53
546.91,229911,15962,24,504,32,1.27,1,4.17,1552,3.12,85,0.2
548.15,230412,15982,24,501,20,1.24,1,4.17,1552,3.12,15,0.04
549.32,230913,16018,24,501,36,1.16,1,4.17,1552,3.12,75,0.14
550.55,231415,16046,24,502,28,1.23,1,4.17,1552,3.12,140,0.37
551.75,231919,16078,24,504,32,1.2,1,4.17,1552,3.12,25,0.08
553.07,232423,16102,24,504,24,1.32,1,4.17,1552,3.12,10,0.02
554.59,232927,16130,24,504,28,1.53,1,4.17,1552,3.12,65,0.2
556.07,233427,16146,24,500,16,1.47,1,4.17,1552,3.12,105,0.33
557.49,233931,16174,24,504,28,1.42,1,4.17,1552,3.12,25,0.05
558.76,234435,16190,24,504,16,1.27,1,4.17,1552,3.12,90,0.22
559.96,234936,16214,24,501,24,1.2,1,4.17,1552,3.12,30,0.07
561.21,235439,16242,24,503,28,1.25,1,4.17,1552,3.12,40,0.1
562.46,235942,16258,24,503,16,1.25,1,4.17,1552,3.12,250,0.56
563.63,236442,16258,24,500,0,1.17,0,0,1552,3.12,750,1.73
564.76,236943,16278,24,501,20,1.13,1,4.17,1552,3.12,275,0.63
566.03,237447,16282,24,504,4,1.27,1,4.17,1552,3.12,300,0.78
567.42,237950,16314,24,503,32,1.39,1,4.17,1552,3.12,35,0.1
568.59,238454,16330,24,504,16,1.17,1,4.17,1552,3.12,30,0.07
569.83,238957,16354,24,503,24,1.24,1,4.17,1552,3.12,10,0.02
570.97,239460,16362,24,503,8,1.14,1,4.17,1552,3.12,100,0.22
572.24,239960,16370,24,500,8,1.27,1,4.17,1552,3.12,140,0.41
573.4,240463,16394,24,503,24,1.17,1,4.17,1552,3.12,40,0.1
574.58,240964,16410,24,501,16,1.18,1,4.17,1552,3.12,20,0.05
575.85,241464,16430,24,500,20,1.27,1,4.17,1552,3.12,40,0.12
577.08,241964,16450,24,500,20,1.23,1,4.17,1552,3.12,0,0
578.34,242464,16486,24,500,36,1.26,1,4.17,1552,3.12,45,0.11
579.55,242965,16506,24,501,20,1.21,1,4.17,1552,3.12,45,0.12
580.77,243467,16538,24,502,32,1.22,1,4.17,1552,3.12,25,0.05
581.99,243967,16558,24,500,20,1.22,1,4.17,1552,3.12,145,0.36
583.22,244468,16586,24,501,28,1.22,1,4.17,1552,3.12,195,0.48
584.35,244968,16602,24,500,16,1.13,1,4.17,1552,3.12,0,0
585.64,245469,16630,24,501,28,1.29,1,4.17,1552,3.12,380,1
586.78,245972,16642,24,503,12,1.14,1,4.17,1552,3.12,145,0.31
587.98,246472,16662,24,500,20,1.19,1,4.17,1552,3.12,70,0.15
589.24,246976,16674,24,504,12,1.26,1,4.17,1552,3.12,210,0.54
590.5,247479,16690,24,503,16,1.26,1,4.17,1552,3.12,145,0.35
591.7,247981,16730,24,502,40,1.2,1,4.17,1552,3.12,90,0.22
592.9,248482,16754,24,501,24,1.2,1,4.17,1552,3.12,5,0.01
594.13,248984,16778,24,502,24,1.23,1,4.17,1552,3.12,190,0.47
595.46,249487,16806,24,503,28,1.33,1,4.17,1552,3.12,265,0.66
596.72,249991,16822,24,504,16,1.26,1,4.17,1552,3.12,100,0.26
597.95,250494,16854,24,503,32,1.23,1,4.17,1552,3.12,55,0.16
599.19,250998,16866,24,504,12,1.24,1,4.17,1552,3.12,40,0.09
600.25,251502,16894,24,504,28,1.06,1,4.17,1552,3.12,100,0.2
601.87,252002,16894,24,500,0,1.62,0,0,1552,3.12,600,1.82
603.01,252505,16930,24,503,36,1.14,1,4.17,1552,3.12,170,0.37
604.19,253007,16946,24,502,16,1.17,1,4.17,1552,3.12,270,0.66
605.38,253507,16978,24,500,32,1.19,1,4.17,1552,3.12,35,0.08
606.66,254008,17006,24,501,28,1.28,1,4.17,1552,3.12,10,0.03
607.89,254508,17038,24,500,32,1.23,1,4.17,1552,3.12,115,0.27
609.17,255012,17062,24,504,24,1.28,1,4.17,1552,3.12,200,0.51
610.39,255516,17086,24,504,24,1.22,1,4.17,1552,3.12,40,0.09
611.49,256019,17106,24,503,20,1.1,1,4.17,1552,3.12,60,0.13
612.75,256520,17122,24,501,16,1.26,1,4.17,1552,3.12,25,0.06
613.92,257024,17134,24,504,12,1.17,1,4.17,1552,3.12,130,0.31
615.11,257525,17166,24,501,32,1.19,1,4.17,1552,3.12,20,0.06
616.31,258027,17190,24,502,24,1.2,1,4.17,1552,3.12,5,0.01
617.53,258529,17218,24,502,28,1.22,1,4.17,1552,3.12,85,0.24
618.83,259033,17230,24,504,12,1.3,1,4.17,1552,3.12,80,0.18
620.08,259537,17266,24,504,36,1.25,1,4.17,1552,3.12,105,0.27
621.27,260037,17310,24,500,44,1.19,1,4.17,1552,3.12,15,0.04
622.49,260540,17326,24,503,16,1.21,1,4.17,1552,3.12,75,0.18
623.77,261041,17346,24,501,20,1.29,1,4.17,1552,3.12,70,0.18
625,261541,17374,24,500,28,1.22,1,4.17,1552,3.12,40,0.1
626.32,262045,17390,24,504,16,1.33,1,4.17,1552,3.12,300,0.83
627.54,262546,17414,24,501,24,1.22,1,4.17,1552,3.12,40,0.12
628.7,263049,17454,24,503,40,1.16,1,4.17,1552,3.12,30,0.06
629.85,263549,17474,24,500,20,1.15,1,4.17,1552,3.12,0,0
631.06,264050,17482,24,501,8,1.21,1,4.17,1552,3.12,60,0.17
632.18,264554,17510,24,504,28,1.12,1,4.17,1552,3.12,70,0.14
633.78,265057,17530,24,503,20,1.6,1,4.17,1552,3.12,330,0.75
635.11,265559,17566,24,502,36,1.33,1,4.17,1552,3.12,85,0.18
636.28,266062,17618,24,503,52,1.17,1,4.17,1552,3.12,5,0.01
637.55,266562,17626,24,500,8,1.27,1,4.17,1552,3.12,215,0.55
638.75,267065,17654,24,503,28,1.2,1,4.17,1552,3.12,130,0.33
640.02,267566,17678,24,501,24,1.27,1,4.17,1552,3.12,160,0.46
641.29,268069,17710,24,503,32,1.27,1,4.17,1552,3.12,195,0.53
642.5,268573,17742,24,504,32,1.21,1,4.17,1552,3.12,90,0.22
643.64,269077,17754,24,504,12,1.15,1,4.17,1552,3.12,300,0.67
644.91,269581,17790,24,504,36,1.26,1,4.17,1552,3.12,65,0.17
646.08,270083,17806,24,502,16,1.17,1,4.17,1552,3.12,45,0.07
647.15,270583,17826,24,500,20,1.07,1,4.17,1552,3.12,5,0.01
648.31,271083,17846,24,500,20,1.16,1,4.17,1552,3.12,10,0.03
649.39,271587,17874,24,504,28,1.08,1,4.17,1552,3.12,15,0.03
650.55,272090,17882,24,503,8,1.17,1,4.17,1552,3.12,20,0.07
651.63,272590,17902,24,500,20,1.08,1,4.17,1552,3.12,25,0.06
652.77,273094,17914,24,504,12,1.13,1,4.17,1552,3.12,35,0.08
654.05,273598,17938,24,504,24,1.28,1,4.17,1552,3.12,5,0.01
655.32,274102,17954,24,504,16,1.27,1,4.17,1552,3.12,45,0.12
656.57,274606,17978,24,504,24,1.25,1,4.17,1552,3.12,25,0.06
658.09,275110,18002,24,504,24,1.52,1,4.17,1552,3.12,120,0.41
659.31,275614,18014,24,504,12,1.22,1,4.17,1552,3.12,45,0.11
660.77,276116,18018,24,502,4,1.46,1,4.17,1552,3.12,425,1.27
661.99,276619,18038,24,503,20,1.21,1,4.17,1552,3.12,35,0.09
663.4,277120,18066,24,501,28,1.41,1,4.17,1552,3.12,10,0.03
664.84,277624,18098,24,504,32,1.44,1,4.17,1552,3.12,10,0.18
666.05,278124,18102,24,500,4,1.22,1,4.17,1552,3.12,285,0.72
667.35,278627,18130,24,503,28,1.29,1,4.17,1552,3.12,70,0.17
668.76,279131,18158,24,504,28,1.41,1,4.17,1552,3.12,115,0.31
670.11,279633,18178,24,502,20,1.35,1,4.17,1552,3.12,10,0.02
671.52,280134,18214,24,501,36,1.42,1,4.17,1552,3.12,10,0.02
672.91,280637,18242,24,503,28,1.39,1,4.17,1552,3.12,40,0.1
674.04,281137,18270,24,500,28,1.13,1,4.17,1552,3.12,35,0.07
675.32,281641,18302,24,504,32,1.27,1,4.17,1552,3.12,50,0.12
676.61,282144,18322,24,503,20,1.29,1,4.17,1552,3.12,80,0.21
678.1,282645,18338,24,501,16,1.49,1,4.17,1552,3.12,65,0.15
679.56,283148,18378,24,503,40,1.46,1,4.17,1552,3.12,25,0.09
681.39,283649,18398,24,501,20,1.83,1,4.17,1552,3.12,0,0
682.83,284151,18418,24,502,20,1.44,1,4.17,1552,3.12,210,0.6
684.19,284655,18454,24,504,36,1.37,1,4.17,1552,3.12,165,0.45
685.63,285156,18474,24,501,20,1.43,1,4.17,1552,3.12,5,0.01
687.03,285656,18490,24,500,16,1.4,1,4.17,1552,3.12,155,0.39
688.26,286156,18510,24,500,20,1.23,1,4.17,1552,3.12,25,0.07
689.6,286659,18550,24,503,40,1.34,1,4.17,1552,3.12,5,0.01
690.82,287159,18574,24,500,24,1.21,1,4.17,1552,3.12,145,0.35
692.27,287662,18598,24,503,24,1.45,1,4.17,1552,3.12,95,0.28
693.64,288166,18638,24,504,40,1.37,1,4.17,1552,3.12,240,0.57
694.93,288670,18646,24,504,8,1.3,1,4.17,1552,3.12,195,0.46
696.22,289170,18662,24,500,16,1.28,1,4.17,1552,3.12,225,0.63
697.56,289670,18694,24,500,32,1.34,1,4.17,1552,3.12,130,0.39
698.89,290174,18730,24,504,36,1.33,1,4.17,1552,3.12,65,0.16
700.03,290677,18758,24,503,28,1.14,1,4.17,1552,3.12,45,0.09
701.47,291177,18790,24,500,32,1.44,1,4.17,1552,3.12,75,0.3
702.78,291678,18822,24,501,32,1.31,1,4.17,1552,3.12,40,0.09
703.93,292178,18862,24,500,40,1.16,1,4.17,1552,3.12,45,0.1
705.25,292680,18894,24,502,32,1.32,1,4.17,1552,3.12,80,0.16
706.46,293182,18926,24,502,32,1.21,1,4.17,1552,3.12,15,0.04
707.78,293683,18934,24,501,8,1.32,1,4.17,1552,3.12,445,1.18
708.93,294186,18962,24,503,28,1.15,1,4.17,1552,3.12,75,0.2
710.26,294688,18986,24,502,24,1.33,1,4.17,1552,3.12,30,0.09
711.46,295188,19018,24,500,32,1.2,1,4.17,1552,3.12,15,0.03
712.75,295689,19026,24,501,8,1.29,1,4.17,1552,3.12,225,0.63
714,296189,19038,24,500,12,1.25,1,4.17,1552,3.12,0,0
715.54,296692,19062,24,503,24,1.54,1,4.17,1552,3.12,165,0.38
716.77,297195,19086,24,503,24,1.23,1,4.17,1552,3.12,50,0.11
718.13,297695,19114,24,500,28,1.36,1,4.17,1552,3.12,125,0.35
719.56,298197,19122,24,502,8,1.44,1,4.17,1552,3.12,175,0.64
720.88,298699,19134,24,502,12,1.31,1,4.17,1552,3.12,50,0.14
722.35,299199,19150,24,500,16,1.48,1,4.17,1552,3.12,65,0.21
723.66,299703,19186,24,504,36,1.3,1,4.17,1552,3.12,45,0.11
724.91,300204,19210,24,501,24,1.26,1,4.17,1552,3.12,115,0.29
726.17,300704,19242,24,500,32,1.26,1,4.17,1552,3.12,40,0.1
727.51,301206,19266,24,502,24,1.34,1,4.17,1552,3.12,190,0.53
729.05,301706,19306,24,500,40,1.54,1,4.17,1552,3.12,25,0.04
730.64,302206,19322,24,500,16,1.59,1,4.17,1552,3.12,5,0.01
732.05,302709,19346,24,503,24,1.41,1,4.17,1552,3.12,105,0.25
733.34,303211,19370,24,502,24,1.29,1,4.17,1552,3.12,45,0.12
735.05,303715,19390,24,504,20,1.71,1,4.17,1552,3.12,130,0.31
736.33,304219,19422,24,504,32,1.28,1,4.17,1552,3.12,20,0.04
737.76,304721,19430,24,502,8,1.43,1,4.17,1552,3.12,55,0.16
739.13,305221,19454,24,500,24,1.37,1,4.17,1552,3.12,50,0.14
740.5,305725,19490,24,504,36,1.37,1,4.17,1552,3.12,40,0.1
741.75,306227,19510,24,502,20,1.25,1,4.17,1552,3.12,50,0.13
743.15,306730,19542,24,503,32,1.4,1,4.17,1552,3.12,55,0.15
744.35,307231,19558,24,501,16,1.2,1,4.17,1552,3.12,15,0.03
745.93,307734,19570,24,503,12,1.58,1,4.17,1552,3.12,130,0.52
747.25,308236,19610,24,502,40,1.32,1,4.17,1552,3.12,0,0
748.4,308738,19630,24,502,20,1.15,1,4.17,1552,3.12,130,0.33
749.7,309241,19654,24,503,24,1.29,1,4.17,1552,3.12,50,0.14
751.02,309744,19686,24,503,32,1.33,1,4.17,1552,3.12,70,0.22
752.27,310248,19730,24,504,44,1.25,1,4.17,1552,3.12,10,0.03
753.63,310750,19738,24,502,8,1.36,1,4.17,1552,3.12,5,0.01
755.01,311252,19746,24,502,8,1.38,1,4.17,1552,3.12,215,0.53
756.97,311752,19766,24,500,20,1.96,1,4.17,1552,3.12,185,0.56
758.29,312253,19782,24,501,16,1.32,1,4.17,1552,3.12,205,0.51
759.55,312755,19814,24,502,32,1.26,1,4.17,1552,3.12,20,0.04
761.06,313259,19826,24,504,12,1.51,1,4.17,1552,3.12,85,0.21
762.37,313759,19858,24,500,32,1.31,1,4.17,1552,3.12,50,0.14
763.69,314262,19890,24,503,32,1.32,1,4.17,1552,3.12,85,0.19
764.97,314765,19902,24,503,12,1.28,1,4.17,1552,3.12,105,0.27
766.51,315265,19922,24,500,20,1.53,1,4.17,1552,3.12,5,0.01
767.73,315769,19962,24,504,40,1.22,1,4.17,1552,3.12,15,0.04
768.9,316269,19998,24,500,36,1.17,1,4.17,1552,3.12,0,0
770.17,316770,20038,24,501,40,1.27,1,4.17,1552,3.12,120,0.29
771.34,317274,20066,24,504,28,1.17,1,4.17,1552,3.12,15,0.03
772.59,317777,20078,24,503,12,1.25,1,4.17,1552,3.12,110,0.25
773.74,318278,20090,24,501,12,1.15,1,4.17,1552,3.12,20,0.04
774.91,318779,20114,24,501,24,1.17,1,4.17,1552,3.12,225,0.52
776.13,319282,20146,24,503,32,1.21,1,4.17,1552,3.12,10,0.07
777.39,319784,20166,24,502,20,1.27,1,4.17,1552,3.12,415,1.03
778.58,320287,20186,24,503,20,1.19,1,4.17,1552,3.12,45,0.13
780.02,320787,20230,24,500,44,1.44,1,4.17,1552,3.12,5,0.01
781.31,321291,20242,24,504,12,1.29,1,4.17,1552,3.12,80,0.22
782.68,321795,20246,24,504,4,1.37,1,4.17,1552,3.12,115,0.29
784,322297,20266,24,502,20,1.32,1,4.17,1552,3.12,120,0.33
785.33,322797,20286,24,500,20,1.33,1,4.17,1552,3.12,160,0.45
786.61,323300,20310,24,503,24,1.28,1,4.17,1552,3.12,130,0.31
788.16,323802,20330,24,502,20,1.55,1,4.17,1552,3.12,245,0.99
789.37,324306,20358,24,504,28,1.21,1,4.17,1552,3.12,70,0.14
790.6,324810,20366,24,504,8,1.23,1,4.17,1552,3.12,110,0.28
791.78,325312,20414,24,502,48,1.17,1,4.17,1552,3.12,45,0.11
792.97,325813,20438,24,501,24,1.2,1,4.17,1552,3.12,5,0.02
794.23,326315,20466,24,502,28,1.26,1,4.17,1552,3.12,5,0.01
795.75,326815,20482,24,500,16,1.52,1,4.17,1552,3.12,45,0.15
797.07,327316,20502,24,501,20,1.32,1,4.17,1552,3.12,35,0.1
798.46,327818,20522,24,502,20,1.39,1,4.17,1552,3.12,35,0.11
799.8,328319,20542,24,501,20,1.34,1,4.17,1552,3.12,10,0.02
801.18,328822,20566,24,503,24,1.38,1,4.17,1552,3.12,175,0.51
802.5,329325,20590,24,503,24,1.31,1,4.17,1552,3.12,25,0.06
803.81,329825,20606,24,500,16,1.31,1,4.17,1552,3.12,100,0.27
805.13,330325,20626,24,500,20,1.31,1,4.17,1552,3.12,25,0.07
806.45,330826,20654,24,501,28,1.33,1,4.17,1552,3.12,135,0.32
808.05,331328,20674,24,502,20,1.59,1,4.17,1552,3.12,35,0.08
809.31,331831,20690,24,503,16,1.26,1,4.17,1552,3.12,245,0.59
810.46,332331,20714,24,500,24,1.15,1,4.17,1552,3.12,85,0.19
811.73,332833,20758,24,502,44,1.27,1,4.17,1552,3.12,100,0.23
813.01,333334,20778,24,501,20,1.28,1,4.17,1552,3.12,85,0.19
814.3,333838,20798,24,504,20,1.29,1,4.17,1552,3.12,60,0.16
815.95,334341,20842,24,503,44,1.65,1,4.17,1552,3.12,10,0.02
817.52,334845,20866,24,504,24,1.58,1,4.17,1552,3.12,185,0.75
818.78,335345,20874,24,500,8,1.25,1,4.17,1552,3.12,265,0.66
820.04,335847,20886,24,502,12,1.26,1,4.17,1552,3.12,140,0.37
821.49,336350,20910,24,503,24,1.46,1,4.17,1552,3.12,30,0.1
822.91,336853,20922,24,503,12,1.42,1,4.17,1552,3.12,90,0.22
824.16,337355,20930,24,502,8,1.25,1,4.17,1552,3.12,265,0.66
825.47,337859,20958,24,504,28,1.31,1,4.17,1552,3.12,50,0.12
826.71,338361,20986,24,502,28,1.24,1,4.17,1552,3.12,50,0.11
827.94,338864,21030,24,503,44,1.23,1,4.17,1552,3.12,10,0.02
829.18,339367,21050,24,503,20,1.24,1,4.17,1552,3.12,20,0.05
830.68,339867,21050,24,500,0,1.5,0,0,1552,3.12,520,1.55
832.02,340367,21074,24,500,24,1.35,1,4.17,1552,3.12,25,0.06
833.32,340871,21110,24,504,36,1.3,1,4.17,1552,3.12,15,0.05
834.74,341373,21134,24,502,24,1.42,1,4.17,1552,3.12,120,0.33
835.98,341877,21158,24,504,24,1.24,1,4.17,1552,3.12,80,0.21
837.42,342378,21190,24,501,32,1.44,1,4.17,1552,3.12,10,0.03
838.58,342880,21214,24,502,24,1.16,1,4.17,1552,3.12,20,0.05
839.88,343384,21226,24,504,12,1.3,1,4.17,1552,3.12,180,0.44
841.06,343884,21254,24,500,28,1.18,1,4.17,1552,3.12,115,0.29
842.62,344385,21278,24,501,24,1.56,1,4.17,1552,3.12,140,0.42
843.89,344885,21306,24,500,28,1.27,1,4.17,1552,3.12,30,0.09
845.19,345387,21322,24,502,16,1.29,1,4.17,1552,3.12,110,0.29
846.44,345887,21358,24,500,36,1.26,1,4.17,1552,3.12,70,0.17
847.88,346390,21386,24,503,28,1.44,1,4.17,1552,3.12,55,0.14
849.24,346891,21406,24,501,20,1.36,1,4.17,1552,3.12,100,0.33
850.76,347393,21446,24,502,40,1.53,1,4.17,1552,3.12,0,0
852.09,347893,21470,24,500,24,1.33,1,4.17,1552,3.12,170,0.49
853.4,348393,21470,24,500,0,1.31,0,0,1552,3.12,670,1.79
854.85,348893,21498,24,500,28,1.45,1,4.17,1552,3.12,35,0.09
856.05,349394,21514,24,501,16,1.19,1,4.17,1552,3.12,60,0.15
857.38,349895,21554,24,501,40,1.33,1,4.17,1552,3.12,65,0.15
858.69,350397,21602,24,502,48,1.32,1,4.17,1552,3.12,40,0.1
860.11,350900,21622,24,503,20,1.41,1,4.17,1552,3.12,125,0.44
861.33,351403,21654,24,503,32,1.22,1,4.17,1552,3.12,25,0.06
863.26,351906,21682,24,503,28,1.94,1,4.17,1552,3.12,5,0.02
864.65,352406,21718,24,500,36,1.39,1,4.17,1552,3.12,45,0.1
865.91,352910,21738,24,504,20,1.26,1,4.17,1552,3.12,180,0.47
867.13,353410,21754,24,500,16,1.22,1,4.17,1552,3.12,80,0.18
868.55,353914,21786,24,504,32,1.42,1,4.17,1552,3.12,80,0.2
869.91,354415,21798,24,501,12,1.36,1,4.17,1552,3.12,100,0.27
871.11,354917,21802,24,502,4,1.2,1,4.17,1552,3.12,50,0.15
872.4,355421,21818,24,504,16,1.29,1,4.17,1552,3.12,15,0.04
874.13,355922,21834,24,501,16,1.73,1,4.17,1552,3.12,70,0.15
875.42,356425,21878,24,503,44,1.28,1,4.17,1552,3.12,25,0.07
876.61,356927,21914,24,502,36,1.2,1,4.17,1552,3.12,45,0.11
877.98,357428,21918,24,501,4,1.36,1,4.17,1552,3.12,370,1.02
879.32,357930,21942,24,502,24,1.35,1,4.17,1552,3.12,45,0.11
880.57,358431,21958,24,501,16,1.25,1,4.17,1552,3.12,120,0.32
881.87,358932,21994,24,501,36,1.29,1,4.17,1552,3.12,25,0.08
883.32,359436,22010,24,504,16,1.45,1,4.17,1552,3.12,160,0.37
884.57,359938,22042,24,502,32,1.26,1,4.17,1552,3.12,40,0.11
886.17,360438,22074,24,500,32,1.6,1,4.17,1552,3.12,75,0.42
887.54,360938,22118,24,500,44,1.36,1,4.17,1552,3.12,5,0.01
889.02,361438,22178,24,500,60,1.48,1,4.17,1552,3.12,50,0.17
890.51,361941,22190,24,503,12,1.49,1,4.17,1552,3.12,145,0.34
891.78,362442,22222,24,501,32,1.27,1,4.17,1552,3.12,60,0.17
893.05,362942,22270,24,500,48,1.27,1,4.17,1552,3.12,30,0.08
894.48,363442,22290,24,500,20,1.43,1,4.17,1552,3.12,30,0.1
895.63,363944,22322,24,502,32,1.15,1,4.17,1552,3.12,90,0.2
897.12,364444,22350,24,500,28,1.49,1,4.17,1552,3.12,5,0.01
898.58,364946,22366,24,502,16,1.46,1,4.17,1552,3.12,75,0.22
899.8,365449,22378,24,503,12,1.22,1,4.17,1552,3.12,165,0.39
901.2,365950,22402,24,501,24,1.41,1,4.17,1552,3.12,150,0.41
902.59,366452,22430,24,502,28,1.39,1,4.17,1552,3.12,85,0.21
903.87,366956,22458,24,504,28,1.28,1,4.17,1552,3.12,40,0.09
905.43,367460,22466,24,504,8,1.56,1,4.17,1552,3.12,30,0.07
906.69,367963,22478,24,503,12,1.26,1,4.17,1552,3.12,145,0.42
907.99,368467,22494,24,504,16,1.3,1,4.17,1552,3.12,70,0.16
909.17,368969,22514,24,502,20,1.18,1,4.17,1552,3.12,120,0.33
910.74,369473,22526,24,504,12,1.57,1,4.17,1552,3.12,115,0.31
912.07,369976,22542,24,503,16,1.33,1,4.17,1552,3.12,125,0.3
913.25,370477,22578,24,501,36,1.18,1,4.17,1552,3.12,15,0.03
914.48,370979,22602,24,502,24,1.23,1,4.17,1552,3.12,30,0.1
915.8,371481,22642,24,502,40,1.32,1,4.17,1552,3.12,15,0.04
917.1,371985,22658,24,504,16,1.3,1,4.17,1552,3.12,110,0.25
918.5,372487,22682,24,502,24,1.41,1,4.17,1552,3.12,0,0
919.7,372987,22702,24,500,20,1.19,1,4.17,1552,3.12,90,0.19
920.87,373487,22718,24,500,16,1.18,1,4.17,1552,3.12,55,0.15
922.27,373989,22750,24,502,32,1.4,1,4.17,1552,3.12,40,0.14
923.59,374490,22778,24,501,28,1.32,1,4.17,1552,3.12,65,0.19
924.87,374994,22786,24,504,8,1.28,1,4.17,1552,3.12,370,0.96
926.15,375495,22834,24,501,48,1.28,1,4.17,1552,3.12,20,0.07
927.43,375996,22870,24,501,36,1.28,1,4.17,1552,3.12,35,0.11
928.85,376500,22898,24,504,28,1.43,1,4.17,1552,3.12,165,0.46
930.08,377001,22934,24,501,36,1.23,1,4.17,1552,3.12,10,0.02
931.8,377504,22950,24,503,16,1.71,1,4.17,1552,3.12,35,0.14
933.36,378008,22962,24,504,12,1.57,1,4.17,1552,3.12,90,0.23
934.65,378512,22978,24,504,16,1.29,1,4.17,1552,3.12,55,0.11
935.85,379015,23006,24,503,28,1.2,1,4.17,1552,3.12,15,0.03
937.14,379516,23046,24,501,40,1.29,1,4.17,1552,3.12,30,0.07
938.65,380019,23078,24,503,32,1.51,1,4.17,1552,3.12,5,0.01
939.88,380522,23090,24,503,12,1.22,1,4.17,1552,3.12,80,0.24
941.21,381024,23118,24,502,28,1.34,1,4.17,1552,3.12,30,0.08
942.73,381524,23142,24,500,24,1.52,1,4.17,1552,3.12,5,0.01
944.02,382026,23162,24,502,20,1.29,1,4.17,1552,3.12,30,0.07
945.29,382529,23170,24,503,8,1.27,1,4.17,1552,3.12,85,0.2
946.54,383033,23194,24,504,24,1.25,1,4.17,1552,3.12,35,0.08
948.07,383533,23234,24,500,40,1.54,1,4.17,1552,3.12,70,0.18
949.3,384037,23274,24,504,40,1.23,1,4.17,1552,3.12,85,0.19
950.7,384541,23290,24,504,16,1.4,1,4.17,1552,3.12,45,0.11
952.02,385041,23314,24,500,24,1.32,1,4.17,1552,3.12,5,0.02
953.44,385544,23342,24,503,28,1.42,1,4.17,1552,3.12,125,0.34
954.77,386047,23354,24,503,12,1.33,1,4.17,1552,3.12,120,0.32
956.02,386551,23390,24,504,36,1.25,1,4.17,1552,3.12,90,0.22
957.21,387052,23422,24,501,32,1.2,1,4.17,1552,3.12,45,0.1
958.51,387555,23434,24,503,12,1.29,1,4.17,1552,3.12,75,0.2
959.8,388055,23454,24,500,20,1.3,1,4.17,1552,3.12,50,0.12
961.03,388556,23474,24,501,20,1.22,1,4.17,1552,3.12,5,0.02
962.24,389059,23494,24,503,20,1.21,1,4.17,1552,3.12,30,0.08
963.57,389562,23518,24,503,24,1.34,1,4.17,1552,3.12,5,0.02
965.11,390065,23546,24,503,28,1.54,1,4.17,1552,3.12,5,0.01
966.54,390568,23586,24,503,40,1.42,1,4.17,1552,3.12,90,0.24
967.84,391068,23602,24,500,16,1.31,1,4.17,1552,3.12,130,0.43
969.08,391569,23634,24,501,32,1.24,1,4.17,1552,3.12,40,0.1
970.53,392071,23654,24,502,20,1.45,1,4.17,1552,3.12,170,0.4
971.74,392574,23686,24,503,32,1.21,1,4.17,1552,3.12,10,0.02
973,393077,23714,24,503,28,1.27,1,4.17,1552,3.12,5,0.01
974.33,393578,23746,24,501,32,1.33,1,4.17,1552,3.12,60,0.14
975.53,394078,23766,24,500,20,1.2,1,4.17,1552,3.12,35,0.08
976.84,394579,23774,24,501,8,1.31,1,4.17,1552,3.12,180,0.51
978.62,395081,23798,24,502,24,1.78,1,4.17,1552,3.12,40,0.17
980.5,395583,23818,24,502,20,1.88,1,4.17,1552,3.12,105,0.35
981.96,396085,23826,24,502,8,1.46,1,4.17,1552,3.12,30,0.09
983.36,396586,23858,24,501,32,1.4,1,4.17,1552,3.12,10,0.03
984.83,397086,23910,24,500,52,1.46,1,4.17,1552,3.12,40,0.1
986.06,397587,23926,24,501,16,1.24,1,4.17,1552,3.12,60,0.13
987.57,398088,23958,24,501,32,1.51,1,4.17,1552,3.12,105,0.29
988.89,398592,23978,24,504,20,1.32,1,4.17,1552,3.12,60,0.18
990.21,399092,24014,24,500,36,1.32,1,4.17,1552,3.12,15,0.04
991.52,399594,24038,24,502,24,1.31,1,4.17,1552,3.12,185,0.49
993.02,400094,24066,24,500,28,1.5,1,4.17,1552,3.12,95,0.35
994.62,400597,24086,24,503,20,1.6,1,4.17,1552,3.12,110,0.31
996.03,401097,24114,24,500,28,1.41,1,4.17,1552,3.12,55,0.15
997.31,401599,24142,24,502,28,1.28,1,4.17,1552,3.12,210,0.5
998.57,402102,24154,24,503,12,1.26,1,4.17,1552,3.12,360,0.85
999.92,402604,24186,24,502,32,1.35,1,4.17,1552,3.12,120,0.33
1001.21,403105,24206,24,501,20,1.29,1,4.17,1552,3.12,230,0.6
1002.78,403606,24234,24,501,28,1.58,1,4.17,1552,3.12,95,0.35
1004.22,404109,24258,24,503,24,1.43,1,4.17,1552,3.12,90,0.27
1005.48,404613,24274,24,504,16,1.26,1,4.17,1552,3.12,105,0.26
1006.85,405114,24290,24,501,16,1.37,1,4.17,1552,3.12,135,0.36
1008.02,405615,24322,24,501,32,1.17,1,4.17,1552,3.12,40,0.1
1009.44,406115,24338,24,500,16,1.43,1,4.17,1552,3.12,140,0.41
1011.19,406618,24378,24,503,40,1.74,1,4.17,1552,3.12,15,0.05
1012.58,407119,24410,24,501,32,1.4,1,4.17,1552,3.12,25,0.07
1013.95,407622,24418,24,503,8,1.37,1,4.17,1552,3.12,40,0.12
1015.15,408122,24434,24,500,16,1.2,1,4.17,1552,3.12,0,0
1016.31,408626,24454,24,504,20,1.16,1,4.17,1552,3.12,95,0.23
1017.55,409127,24458,24,501,4,1.24,1,4.17,1552,3.12,450,1.13
1018.84,409627,24474,24,500,16,1.29,1,4.17,1552,3.12,155,0.36
1020.04,410127,24522,24,500,48,1.2,1,4.17,1552,3.12,50,0.15
1021.26,410630,24558,24,503,36,1.22,1,4.17,1552,3.12,210,0.47
1022.63,411131,24582,24,501,24,1.37,1,4.17,1552,3.12,20,0.06
1023.93,411634,24594,24,503,12,1.3,1,4.17,1552,3.12,45,0.14
1025.27,412138,24630,24,504,36,1.34,1,4.17,1552,3.12,90,0.22
1026.51,412640,24638,24,502,8,1.24,1,4.17,1552,3.12,170,0.45
1028.13,413144,24654,24,504,16,1.62,1,4.17,1552,3.12,25,0.1
1029.53,413644,24694,24,500,40,1.4,1,4.17,1552,3.12,25,0.08
1031.18,414144,24714,24,500,20,1.65,1,4.17,1552,3.12,125,0.35
1032.51,414647,24738,24,503,24,1.32,1,4.17,1552,3.12,240,0.64
1033.75,415149,24754,24,502,16,1.24,1,4.17,1552,3.12,95,0.23
1035.35,415649,24774,24,500,20,1.6,1,4.17,1552,3.12,120,0.42
1036.52,416152,24810,24,503,36,1.17,1,4.17,1552,3.12,20,0.06
1037.84,416654,24862,24,502,52,1.33,1,4.17,1552,3.12,15,0.05
1039.23,417154,24890,24,500,28,1.39,1,4.17,1552,3.12,25,0.08
1040.55,417654,24938,24,500,48,1.32,1,4.17,1552,3.12,75,0.21
1041.95,418158,24970,24,504,32,1.4,1,4.17,1552,3.12,140,0.35
1043.44,418658,24982,24,500,12,1.49,1,4.17,1552,3.12,75,0.19
1044.89,419159,25006,24,501,24,1.44,1,4.17,1552,3.12,135,0.37
1046.23,419662,25034,24,503,28,1.34,1,4.17,1552,3.12,35,0.09
1047.7,420163,25070,24,501,36,1.47,1,4.17,1552,3.12,90,0.22
1049.18,420666,25094,24,503,24,1.47,1,4.17,1552,3.12,50,0.14
1050.47,421169,25102,24,503,8,1.29,1,4.17,1552,3.12,115,0.3
1051.98,421670,25122,24,501,20,1.51,1,4.17,1552,3.12,65,0.22
1053.27,422173,25142,24,503,20,1.29,1,4.17,1552,3.12,80,0.14
1054.72,422677,25166,24,504,24,1.46,1,4.17,1552,3.12,45,0.14
1056.27,423177,25174,24,500,8,1.55,1,4.17,1552,3.12,130,0.37
1057.56,423678,25194,24,501,20,1.29,1,4.17,1552,3.12,135,0.33
1058.98,424182,25206,24,504,12,1.42,1,4.17,1552,3.12,35,0.08
1060.23,424686,25234,24,504,28,1.26,1,4.17,1552,3.12,15,0.03
1061.46,425188,25242,24,502,8,1.23,1,4.17,1552,3.12,80,0.23
1062.84,425690,25258,24,502,16,1.38,1,4.17,1552,3.12,75,0.23
1064.19,426193,25298,24,503,40,1.35,1,4.17,1552,3.12,85,0.22
1065.61,426694,25326,24,501,28,1.42,1,4.17,1552,3.12,55,0.17
1066.98,427196,25346,24,502,20,1.37,1,4.17,1552,3.12,65,0.16
1068.26,427698,25354,24,502,8,1.27,1,4.17,1552,3.12,205,0.51
1069.8,428199,25382,24,501,28,1.55,1,4.17,1552,3.12,15,0.04
1071.27,428699,25410,24,500,28,1.46,1,4.17,1552,3.12,25,0.06
1072.61,429201,25438,24,502,28,1.34,1,4.17,1552,3.12,55,0.12
1074.04,429701,25482,24,500,44,1.43,1,4.17,1552,3.12,75,0.17
1075.29,430205,25506,24,504,24,1.25,1,4.17,1552,3.12,170,0.39
1076.57,430707,25542,24,502,36,1.28,1,4.17,1552,3.12,50,0.14
1077.81,431210,25566,24,503,24,1.24,1,4.17,1552,3.12,105,0.25
1079.01,431712,25586,24,502,20,1.2,1,4.17,1552,3.12,70,0.17
1080.46,432213,25610,24,501,24,1.44,1,4.17,1552,3.12,110,0.29
1081.87,432716,25638,24,503,28,1.41,1,4.17,1552,3.12,25,0.06
1083.17,433217,25666,24,501,28,1.31,1,4.17,1552,3.12,50,0.15
1084.42,433720,25678,24,503,12,1.25,1,4.17,1552,3.12,220,0.55
1085.71,434222,25706,24,502,28,1.29,1,4.17,1552,3.12,115,0.3
1086.93,434725,25730,24,503,24,1.22,1,4.17,1552,3.12,110,0.26
1088.01,435229,25754,24,504,24,1.08,1,4.17,1552,3.12,60,0.15
1089.29,435733,25786,24,504,32,1.29,1,4.17,1552,3.12,15,0.02
1090.66,436237,25830,24,504,44,1.36,1,4.17,1552,3.12,10,0.03
1092.04,436738,25866,24,501,36,1.38,1,4.17,1552,3.12,140,0.38
1093.31,437238,25902,24,500,36,1.28,1,4.17,1552,3.12,100,0.3
1094.55,437739,25922,24,501,20,1.24,1,4.17,1552,3.12,85,0.22
1095.92,438242,25950,24,503,28,1.37,1,4.17,1552,3.12,60,0.14
1097.24,438744,25986,24,502,36,1.32,1,4.17,1552,3.12,30,0.07
1098.61,439246,26010,24,502,24,1.37,1,4.17,1552,3.12,5,0.01
1099.91,439748,26046,24,502,36,1.3,1,4.17,1552,3.12,10,0.02
1101.28,440249,26070,24,501,24,1.37,1,4.17,1552,3.12,55,0.17
1102.68,440750,26090,24,501,20,1.4,1,4.17,1552,3.12,15,0.04
1104.13,441251,26122,24,501,32,1.45,1,4.17,1552,3.12,20,0.05
1105.49,441755,26142,24,504,20,1.35,1,4.17,1552,3.12,15,0.03
1106.81,442256,26174,24,501,32,1.32,1,4.17,1552,3.12,20,0.05
1108.19,442759,26202,24,503,28,1.38,1,4.17,1552,3.12,40,0.09
1109.57,443259,26230,24,500,28,1.38,1,4.17,1552,3.12,60,0.15
1110.82,443760,26246,24,501,16,1.24,1,4.17,1552,3.12,50,0.14
1112.17,444260,26282,24,500,36,1.35,1,4.17,1552,3.12,15,0.03
1113.65,444760,26310,24,500,28,1.48,1,4.17,1552,3.12,40,0.13
1114.91,445261,26326,24,501,16,1.26,1,4.17,1552,3.12,15,0.04
1116.05,445761,26342,24,500,16,1.14,1,4.17,1552,3.12,30,0.08
1117.43,446263,26378,24,502,36,1.38,1,4.17,1552,3.12,75,0.23
1118.73,446764,26382,24,501,4,1.3,1,4.17,1552,3.12,245,0.63
1120.02,447265,26398,24,501,16,1.29,1,4.17,1552,3.12,230,0.6
1121.4,447768,26430,24,503,32,1.38,1,4.17,1552,3.12,35,0.08
1122.71,448271,26454,24,503,24,1.31,1,4.17,1552,3.12,145,0.45
1124.03,448772,26470,24,501,16,1.32,1,4.17,1552,3.12,20,0.04
1125.59,449272,26490,24,500,20,1.56,1,4.17,1552,3.12,35,0.1
1126.97,449774,26514,24,502,24,1.38,1,4.17,1552,3.12,50,0.15
1128.22,450275,26530,24,501,16,1.25,1,4.17,1552,3.12,25,0.07
1129.58,450776,26542,24,501,12,1.36,1,4.17,1552,3.12,320,0.91
1131.06,451280,26566,24,504,24,1.48,1,4.17,1552,3.12,180,0.6
1132.8,451783,26610,24,503,44,1.74,1,4.17,1552,3.12,65,0.18
1133.97,452287,26642,24,504,32,1.17,1,4.17,1552,3.12,75,0.17
1135.26,452791,26682,24,504,40,1.3,1,4.17,1552,3.12,70,0.19
1136.47,453295,26698,24,504,16,1.2,1,4.17,1552,3.12,85,0.21
1138.09,453795,26714,24,500,16,1.62,1,4.17,1552,3.12,120,0.28
1139.51,454298,26742,24,503,28,1.42,1,4.17,1552,3.12,150,0.4
1140.81,454798,26762,24,500,20,1.31,1,4.17,1552,3.12,70,0.17
1142.09,455301,26786,24,503,24,1.27,1,4.17,1552,3.12,30,0.08
1143.4,455802,26830,24,501,44,1.31,1,4.17,1552,3.12,95,0.24
1144.72,456302,26870,24,500,40,1.32,1,4.17,1552,3.12,25,0.07
1145.97,456804,26882,24,502,12,1.25,1,4.17,1552,3.12,60,0.12
1147.43,457307,26914,24,503,32,1.46,1,4.17,1552,3.12,60,0.17
1148.78,457810,26946,24,503,32,1.34,1,4.17,1552,3.12,40,0.12
1150.45,458314,26974,24,504,28,1.67,1,4.17,1552,3.12,50,0.16
1151.72,458816,27006,24,502,32,1.27,1,4.17,1552,3.12,5,0.01
1153.06,459316,27034,24,500,28,1.34,1,4.17,1552,3.12,15,0.04
1154.33,459819,27042,24,503,8,1.27,1,4.17,1552,3.12,20,0.05
1155.67,460320,27058,24,501,16,1.34,1,4.17,1552,3.12,75,0.24
1157,460824,27070,24,504,12,1.33,1,4.17,1552,3.12,270,0.73
1158.32,461326,27086,24,502,16,1.32,1,4.17,1552,3.12,10,0.02
1159.72,461827,27110,24,501,24,1.4,1,4.17,1552,3.12,20,0.05
1161.16,462327,27142,24,500,32,1.44,1,4.17,1552,3.12,50,0.14
1162.69,462830,27186,24,503,44,1.53,1,4.17,1552,3.12,30,0.08
1164.03,463332,27206,24,502,20,1.34,1,4.17,1552,3.12,60,0.18
1165.4,463833,27226,24,501,20,1.37,1,4.17,1552,3.12,70,0.21
1166.84,464336,27250,24,503,24,1.44,1,4.17,1552,3.12,50,0.16
1168.13,464836,27286,24,500,36,1.3,1,4.17,1552,3.12,95,0.25
1169.5,465337,27318,24,501,32,1.37,1,4.17,1552,3.12,25,0.06
1170.68,465839,27338,24,502,20,1.18,1,4.17,1552,3.12,95,0.26
1171.95,466343,27354,24,504,16,1.27,1,4.17,1552,3.12,75,0.17
1173.34,466845,27374,24,502,20,1.39,1,4.17,1552,3.12,25,0.08
1174.58,467345,27398,24,500,24,1.23,1,4.17,1552,3.12,80,0.16
1176.57,467849,27430,24,504,32,1.99,1,4.17,1552,3.12,150,0.54
1178.44,468349,27450,24,500,20,1.87,1,4.17,1552,3.12,140,0.52
1180.3,468849,27486,24,500,36,1.86,1,4.17,1552,3.12,35,0.09
1.02,503,4914,24,503,4914,1.02,2,8.33,161,0.36,245,0.43
2.11,1006,4955,24,503,41,1.09,1,4.17,526,1.03,95,0.22
3.26,1508,5226,24,502,271,1.15,1,4.17,526,1.03,20,0.05
4.33,2009,5234,24,501,8,1.06,2,8.33,526,1.03,480,1
5.36,2511,5242,24,502,8,1.03,1,4.17,736,1.54,30,0.04
6.39,3013,5254,24,502,12,1.04,2,8.33,736,1.54,115,0.28
7.57,3515,5258,24,502,4,1.18,1,4.17,736,1.54,330,0.74
8.71,4018,5278,24,503,20,1.15,1,4.17,736,1.54,175,0.41
9.89,4522,5286,24,504,8,1.17,1,4.17,736,1.54,355,0.85
11,5024,5294,24,502,8,1.11,1,4.17,736,1.54,225,0.49
12.19,5527,5298,24,503,4,1.19,1,4.17,736,1.54,410,0.98
13.55,6030,5314,24,503,16,1.36,2,8.33,736,1.54,255,0.67
14.83,6530,5338,24,500,24,1.28,1,4.17,736,1.54,35,0.08
15.99,7034,5354,24,504,16,1.16,2,8.33,736,1.54,210,0.47
17.17,7535,5366,24,501,12,1.17,1,4.17,736,1.54,20,0.04
18.24,8036,5378,24,501,12,1.08,1,4.17,736,1.54,0,0
19.45,8536,5390,24,500,12,1.21,1,4.17,736,1.54,80,0.2
20.59,9039,5414,24,503,24,1.14,1,4.17,736,1.54,45,0.09
21.67,9541,5438,24,502,24,1.08,1,4.17,736,1.54,95,0.18
22.8,10043,5462,24,502,24,1.13,1,4.17,736,1.54,5,0.01
23.9,10547,5502,24,504,40,1.1,1,4.17,736,1.54,15,0.03
25.04,11049,5514,24,502,12,1.13,1,4.17,736,1.54,150,0.34
26.12,11552,5522,24,503,8,1.08,1,4.17,736,1.54,210,0.44
27.23,12055,5530,24,503,8,1.12,2,8.33,736,1.54,345,0.73
28.27,12555,5530,24,500,0,1.04,0,0,736,1.54,845,1.77
29.29,13055,5530,24,500,0,1.02,0,0,736,1.54,1345,2.79
30.45,13555,5530,24,500,0,1.16,0,0,736,1.54,1845,3.95
31.34,14055,5530,24,500,0,0.89,0,0,736,1.54,2345,4.84
32.51,14556,5534,24,501,4,1.17,1,4.17,2686,5.62,160,0.39
33.58,15056,5534,24,500,0,1.07,0,0,2686,5.62,660,1.45
34.64,15556,5534,24,500,0,1.07,0,0,2686,5.62,1160,2.52
35.75,16056,5534,24,500,0,1.11,0,0,2686,5.62,1660,3.63
36.83,16556,5534,24,500,0,1.08,0,0,2686,5.62,2160,4.71
37.89,17056,5534,24,500,0,1.06,0,0,2686,5.62,2660,5.77
39.02,17556,5534,24,500,0,1.13,0,0,2686,5.62,3160,6.9
40.04,18056,5534,24,500,0,1.02,0,0,2686,5.62,3660,7.92
41.05,18556,5534,24,500,0,1.01,0,0,2686,5.62,4160,8.93
42.04,19058,5538,24,502,4,0.99,1,4.17,4477,9.55,185,0.37
42.99,19558,5538,24,500,0,0.95,0,0,4477,9.55,685,1.32
43.96,20059,5542,24,501,4,0.97,1,4.17,4477,9.55,280,0.51
44.94,20561,5542,24,502,0,0.98,1,4.17,4477,9.55,210,0.39
45.89,21062,5546,24,501,4,0.95,1,4.17,4477,9.55,85,0.15
47.06,21562,5546,24,500,0,1.16,0,0,4477,9.55,585,1.32
48.19,22062,5550,24,500,4,1.13,1,4.17,4477,9.55,15,0.03
49.25,22563,5554,24,501,4,1.05,1,4.17,4477,9.55,85,0.18
50.32,23063,5554,24,500,0,1.07,0,0,4477,9.55,585,1.26
51.35,23563,5554,24,500,0,1.03,0,0,4477,9.55,1085,2.28
52.33,24063,5554,24,500,0,0.98,0,0,4477,9.55,1585,3.27
53.32,24563,5554,24,500,0,0.99,0,0,4477,9.55,2085,4.26
54.4,25067,5562,24,504,8,1.08,1,4.17,4477,9.55,50,0.11
55.52,25567,5562,24,500,0,1.13,0,0,4477,9.55,550,1.24
56.63,26068,5566,24,501,4,1.11,1,4.17,4477,9.55,375,0.81
57.67,26568,5566,24,500,0,1.04,0,0,4477,9.55,875,1.85
58.71,27068,5566,24,500,0,1.04,0,0,4477,9.55,1375,2.89
59.75,27568,5566,24,500,0,1.04,0,0,4477,9.55,1875,3.93
60.76,28070,5570,24,502,4,1.02,1,4.17,4477,9.55,120,0.25
61.8,28570,5570,24,500,0,1.04,0,0,4477,9.55,620,1.29
62.92,29071,5574,24,501,4,1.11,1,4.17,4477,9.55,235,0.55
63.99,29571,5574,24,500,0,1.08,0,0,4477,9.55,735,1.63
65.07,30071,5574,24,500,0,1.08,0,0,4477,9.55,1235,2.71
66.21,30574,5582,24,503,8,1.14,1,4.17,4477,9.55,125,0.32
67.22,31074,5582,24,500,0,1.01,0,0,4477,9.55,625,1.34
68.28,31575,5586,24,501,4,1.06,1,4.17,4477,9.55,185,0.38
69.31,32077,5594,24,502,8,1.03,1,4.17,4477,9.55,105,0.22
70.4,32578,5606,24,501,12,1.09,1,4.17,4477,9.55,90,0.18
71.45,33080,5610,24,502,4,1.05,1,4.17,4477,9.55,240,0.52
72.56,33583,5618,24,503,8,1.11,1,4.17,4477,9.55,265,0.56
73.61,34085,5634,24,502,16,1.06,1,4.17,4477,9.55,100,0.21
74.63,34588,5646,24,503,12,1.01,1,4.17,4477,9.55,105,0.21
75.63,35090,5654,24,502,8,1.01,1,4.17,4477,9.55,30,0.05
76.65,35594,5670,24,504,16,1.01,2,8.33,4477,9.55,80,0.16
77.73,36098,5674,24,504,4,1.08,2,8.33,4477,9.55,95,0.19
78.67,36599,5678,24,501,4,0.94,1,4.17,4477,9.55,10,0.01
79.74,37099,5678,24,500,0,1.07,0,0,4477,9.55,510,1.08
80.65,37601,5682,24,502,4,0.91,1,4.17,4477,9.55,220,0.37
81.56,38101,5682,24,500,0,0.91,0,0,4477,9.55,720,1.28
82.61,38601,5682,24,500,0,1.05,0,0,4477,9.55,1220,2.33
83.58,39101,5682,24,500,0,0.97,0,0,4477,9.55,1720,3.3
84.78,39602,5686,24,501,4,1.19,1,4.17,4477,9.55,460,1.1
85.83,40103,5690,24,501,4,1.05,1,4.17,4477,9.55,15,0.03
86.9,40606,5698,24,503,8,1.07,1,4.17,4477,9.55,15,0.02
88.03,41106,5698,24,500,0,1.13,0,0,4477,9.55,515,1.15
89.14,41606,5706,24,500,8,1.12,2,8.33,4477,9.55,120,0.29
90.12,42109,5722,24,503,16,0.98,2,8.33,4477,9.55,25,0.05
91.18,42609,5738,24,500,16,1.06,1,4.17,4477,9.55,130,0.29
92.33,43110,5746,24,501,8,1.15,2,8.33,4477,9.55,230,0.53
93.5,43610,5766,24,500,20,1.17,1,4.17,4477,9.55,70,0.16
94.66,44111,5782,24,501,16,1.16,1,4.17,4477,9.55,195,0.43
95.9,44612,5786,24,501,4,1.24,1,4.17,4477,9.55,380,0.97
97.18,45115,5798,24,503,12,1.28,1,4.17,4477,9.55,85,0.24
98.35,45616,5802,24,501,4,1.17,1,4.17,4477,9.55,135,0.31
99.39,46118,5822,24,502,20,1.04,1,4.17,4477,9.55,265,0.56
100.43,46618,5822,24,500,0,1.04,0,0,4477,9.55,765,1.59
101.54,47119,5830,24,501,8,1.1,1,4.17,4477,9.55,40,0.12
102.64,47621,5850,24,502,20,1.1,1,4.17,4477,9.55,15,0.04
103.69,48123,5858,24,502,8,1.05,1,4.17,4477,9.55,155,0.29
104.73,48626,5870,24,503,12,1.04,1,4.17,4477,9.55,210,0.46
105.96,49126,5886,24,500,16,1.23,1,4.17,4477,9.55,230,0.55
107.14,49629,5898,24,503,12,1.18,1,4.17,4477,9.55,105,0.23
108.18,50130,5914,24,501,16,1.04,1,4.17,4477,9.55,90,0.18
109.31,50630,5918,24,500,4,1.13,1,4.17,4477,9.55,355,0.82
110.49,51134,5926,24,504,8,1.18,1,4.17,4477,9.55,125,0.28
111.6,51634,5942,24,500,16,1.11,1,4.17,4477,9.55,10,0.02
112.63,52138,5966,24,504,24,1.03,1,4.17,4477,9.55,70,0.12
113.88,52642,5978,24,504,12,1.25,1,4.17,4477,9.55,165,0.39
114.99,53145,5990,24,503,12,1.11,1,4.17,4477,9.55,305,0.64
116.18,53646,6014,24,501,24,1.2,1,4.17,4477,9.55,110,0.23
117.25,54149,6038,24,503,24,1.07,1,4.17,4477,9.55,35,0.07
118.3,54651,6054,24,502,16,1.05,1,4.17,4477,9.55,145,0.33
119.55,55151,6082,24,500,28,1.24,1,4.17,4477,9.55,35,0.1
120.72,55653,6106,24,502,24,1.17,1,4.17,4477,9.55,30,0.08
121.86,56153,6118,24,500,12,1.15,2,8.33,4477,9.55,95,0.19
122.83,56653,6150,24,500,32,0.97,2,8.33,4477,9.55,10,0.03
123.95,57157,6174,24,504,24,1.12,1,4.17,4477,9.55,20,0.04
125.07,57660,6186,24,503,12,1.12,1,4.17,4477,9.55,70,0.15
126.16,58164,6210,24,504,24,1.09,1,4.17,4477,9.55,75,0.13
127.36,58664,6226,24,500,16,1.2,2,8.33,4477,9.55,30,0.09
128.5,59166,6238,24,502,12,1.15,1,4.17,4477,9.55,185,0.42
129.71,59670,6274,24,504,36,1.21,2,8.33,4477,9.55,0,0
130.87,60173,6302,24,503,28,1.17,1,4.17,4477,9.55,5,0.02
132.08,60673,6322,24,500,20,1.21,1,4.17,4477,9.55,55,0.13
133.27,61174,6346,24,501,24,1.19,1,4.17,4477,9.55,40,0.1
134.42,61678,6362,24,504,16,1.15,1,4.17,4477,9.55,65,0.13
135.5,62179,6366,24,501,4,1.08,1,4.17,4477,9.55,455,0.98
136.61,62682,6374,24,503,8,1.1,1,4.17,4477,9.55,440,0.96
137.72,63183,6390,24,501,16,1.11,1,4.17,4477,9.55,345,0.78
138.86,63685,6398,24,502,8,1.14,1,4.17,4477,9.55,60,0.14
139.97,64185,6414,24,500,16,1.11,1,4.17,4477,9.55,120,0.24
141.21,64689,6442,24,504,28,1.24,1,4.17,4477,9.55,15,0.04
142.36,65192,6454,24,503,12,1.15,1,4.17,4477,9.55,10,0.02
143.62,65694,6470,24,502,16,1.25,1,4.17,4477,9.55,155,0.4
144.74,66194,6490,24,500,20,1.12,1,4.17,4477,9.55,70,0.13
145.86,66695,6510,24,501,20,1.13,1,4.17,4477,9.55,85,0.2
147.08,67199,6522,24,504,12,1.22,1,4.17,4477,9.55,35,0.06
148.21,67701,6550,24,502,28,1.13,1,4.17,4477,9.55,5,0.01
149.47,68203,6566,24,502,16,1.25,1,4.17,4477,9.55,90,0.24
150.56,68705,6594,24,502,28,1.09,1,4.17,4477,9.55,60,0.11
151.69,69205,6610,24,500,16,1.13,1,4.17,4477,9.55,10,0.02
152.87,69707,6642,24,502,32,1.18,1,4.17,4477,9.55,95,0.21
154.16,70210,6654,24,503,12,1.29,1,4.17,4477,9.55,350,0.93
155.4,70714,6670,24,504,16,1.24,2,8.33,4477,9.55,115,0.29
156.66,71218,6690,24,504,20,1.25,1,4.17,4477,9.55,20,0.05
157.97,71718,6714,24,500,24,1.31,1,4.17,4477,9.55,100,0.23
159.14,72220,6738,24,502,24,1.18,1,4.17,4477,9.55,45,0.1
160.46,72720,6766,24,500,28,1.32,1,4.17,4477,9.55,165,0.45
161.7,73220,6778,24,500,12,1.24,1,4.17,4477,9.55,125,0.34
162.95,73723,6806,24,503,28,1.24,1,4.17,4477,9.55,60,0.14
164.14,74225,6830,24,502,24,1.2,1,4.17,4477,9.55,70,0.17
165.26,74728,6850,24,503,20,1.12,1,4.17,4477,9.55,15,0.03
166.47,75228,6862,24,500,12,1.21,1,4.17,4477,9.55,75,0.21
167.67,75731,6882,24,503,20,1.2,1,4.17,4477,9.55,245,0.62
168.84,76231,6898,24,500,16,1.17,1,4.17,4477,9.55,45,0.11
170.22,76733,6906,24,502,8,1.38,1,4.17,4477,9.55,300,0.84
171.34,77237,6922,24,504,16,1.12,1,4.17,4477,9.55,30,0.06
172.54,77739,6942,24,502,20,1.2,1,4.17,4477,9.55,250,0.61
173.78,78241,6958,24,502,16,1.24,1,4.17,4477,9.55,215,0.53
174.93,78742,6974,24,501,16,1.15,1,4.17,4477,9.55,40,0.07
176.14,79245,6994,24,503,20,1.21,1,4.17,4477,9.55,75,0.19
177.27,79749,7010,24,504,16,1.12,1,4.17,4477,9.55,50,0.11
178.43,80249,7030,24,500,20,1.16,1,4.17,4477,9.55,25,0.07
179.61,80753,7046,24,504,16,1.18,1,4.17,4477,9.55,85,0.19
180.81,81255,7062,24,502,16,1.2,1,4.17,4477,9.55,60,0.13
181.94,81758,7090,24,503,28,1.13,1,4.17,4477,9.55,130,0.33
183.22,82259,7094,24,501,4,1.28,1,4.17,4477,9.55,10,0.02
184.5,82762,7114,24,503,20,1.27,1,4.17,4477,9.55,35,0.09
185.67,83266,7138,24,504,24,1.18,1,4.17,4477,9.55,55,0.12
186.95,83766,7170,24,500,32,1.27,1,4.17,4477,9.55,115,0.3
188.05,84269,7206,24,503,36,1.1,1,4.17,4477,9.55,35,0.09
189.16,84769,7222,24,500,16,1.11,1,4.17,4477,9.55,25,0.06
190.27,85269,7238,24,500,16,1.1,1,4.17,4477,9.55,70,0.16
191.46,85769,7270,24,500,32,1.19,1,4.17,4477,9.55,55,0.15
192.62,86272,7294,24,503,24,1.16,1,4.17,4477,9.55,10,0.03
193.8,86772,7310,24,500,16,1.18,1,4.17,4477,9.55,280,0.67
194.85,87272,7334,24,500,24,1.05,1,4.17,4477,9.55,40,0.08
196.05,87772,7354,24,500,20,1.2,1,4.17,4477,9.55,100,0.23
197.21,88272,7370,24,500,16,1.16,1,4.17,4477,9.55,40,0.09
198.31,88772,7398,24,500,28,1.1,1,4.17,4477,9.55,45,0.1
199.36,89274,7418,24,502,20,1.05,1,4.17,4477,9.55,30,0.07
200.5,89778,7434,24,504,16,1.14,1,4.17,4477,9.55,70,0.15
201.66,90282,7450,24,504,16,1.16,1,4.17,4477,9.55,150,0.32
202.69,90786,7462,24,504,12,1.04,1,4.17,4477,9.55,5,0.01
203.78,91290,7482,24,504,20,1.08,1,4.17,4477,9.55,90,0.19
204.89,91791,7502,24,501,20,1.12,1,4.17,4477,9.55,0,0
206.1,92293,7522,24,502,20,1.21,1,4.17,4477,9.55,220,0.53
207.31,92793,7538,24,500,16,1.22,1,4.17,4477,9.55,30,0.06
208.49,93297,7554,24,504,16,1.18,1,4.17,4477,9.55,190,0.45
209.67,93801,7578,24,504,24,1.18,1,4.17,4477,9.55,140,0.32
210.97,94301,7594,24,500,16,1.3,1,4.17,4477,9.55,25,0.07
212.17,94803,7626,24,502,32,1.2,1,4.17,4477,9.55,35,0.09
213.42,95303,7654,24,500,28,1.25,1,4.17,4477,9.55,20,0.05
214.65,95806,7670,24,503,16,1.24,1,4.17,4477,9.55,30,0.06
215.85,96306,7690,24,500,20,1.19,1,4.17,4477,9.55,205,0.47
216.93,96807,7694,24,501,4,1.09,1,4.17,4477,9.55,270,0.61
218.11,97310,7706,24,503,12,1.17,1,4.17,4477,9.55,255,0.59
219.26,97814,7734,24,504,28,1.15,1,4.17,4477,9.55,65,0.18
220.52,98317,7778,24,503,44,1.26,1,4.17,4477,9.55,145,0.37
221.74,98820,7798,24,503,20,1.22,1,4.17,4477,9.55,280,0.7
223.06,99320,7830,24,500,32,1.32,1,4.17,4477,9.55,100,0.24
224.29,99820,7850,24,500,20,1.23,1,4.17,4477,9.55,40,0.1
225.46,100322,7870,24,502,20,1.18,1,4.17,4477,9.55,95,0.21
226.53,100824,7894,24,502,24,1.07,1,4.17,4477,9.55,25,0.05
227.57,101325,7906,24,501,12,1.04,1,4.17,4477,9.55,120,0.25
228.72,101828,7934,24,503,28,1.15,1,4.17,4477,9.55,40,0.08
229.85,102331,7962,24,503,28,1.12,1,4.17,4477,9.55,145,0.37
231.1,102835,7974,24,504,12,1.25,1,4.17,4477,9.55,280,0.67
232.32,103335,7974,24,500,0,1.21,0,0,4477,9.55,780,1.88
233.74,103835,7998,24,500,24,1.43,1,4.17,4477,9.55,280,0.79
234.96,104336,8030,24,501,32,1.22,1,4.17,4477,9.55,10,0.02
236.11,104839,8042,24,503,12,1.15,1,4.17,4477,9.55,35,0.09
237.32,105341,8062,24,502,20,1.21,1,4.17,4477,9.55,40,0.09
238.44,105845,8090,24,504,28,1.11,1,4.17,4477,9.55,20,0.05
239.48,106348,8098,24,503,8,1.05,1,4.17,4477,9.55,240,0.49
240.58,106849,8130,24,501,32,1.1,1,4.17,4477,9.55,10,0.02
241.7,107349,8146,24,500,16,1.11,1,4.17,4477,9.55,80,0.15
242.78,107851,8186,24,502,40,1.09,1,4.17,4477,9.55,70,0.15
243.92,108354,8206,24,503,20,1.14,1,4.17,4477,9.55,75,0.19
245.15,108854,8226,24,500,20,1.23,1,4.17,4477,9.55,20,0.06
246.32,109357,8246,24,503,20,1.16,1,4.17,4477,9.55,135,0.29
247.4,109858,8266,24,501,20,1.08,1,4.17,4477,9.55,115,0.25
248.49,110360,8282,24,502,16,1.09,1,4.17,4477,9.55,25,0.07
249.65,110863,8310,24,503,28,1.16,1,4.17,4477,9.55,15,0.03
250.96,111367,8354,24,504,44,1.31,1,4.17,4477,9.55,40,0.11
252.22,111867,8370,24,500,16,1.26,1,4.17,4477,9.55,15,0.04
253.38,112371,8386,24,504,16,1.16,1,4.17,4477,9.55,15,0.03
254.61,112872,8418,24,501,32,1.24,1,4.17,4477,9.55,10,0.03
255.84,113375,8446,24,503,28,1.22,1,4.17,4477,9.55,40,0.09
256.87,113877,8478,24,502,32,1.03,1,4.17,4477,9.55,245,0.49
258.11,114377,8494,24,500,16,1.24,1,4.17,4477,9.55,40,0.13
259.26,114877,8502,24,500,8,1.15,1,4.17,4477,9.55,215,0.46
260.41,115380,8514,24,503,12,1.15,1,4.17,4477,9.55,60,0.13
261.47,115882,8522,24,502,8,1.06,1,4.17,4477,9.55,100,0.23
262.63,116386,8534,24,504,12,1.16,1,4.17,4477,9.55,100,0.19
263.82,116887,8558,24,501,24,1.19,1,4.17,4477,9.55,30,0.06
264.95,117391,8570,24,504,12,1.13,1,4.17,4477,9.55,70,0.17
266.14,117893,8590,24,502,20,1.19,1,4.17,4477,9.55,75,0.2
267.59,118397,8618,24,504,28,1.45,1,4.17,4477,9.55,35,0.11
268.76,118899,8646,24,502,28,1.17,1,4.17,4477,9.55,30,0.06
269.96,119399,8658,24,500,12,1.2,1,4.17,4477,9.55,50,0.12
271.21,119900,8694,24,501,36,1.25,1,4.17,4477,9.55,35,0.08
272.28,120400,8730,24,500,36,1.07,1,4.17,4477,9.55,15,0.03
273.48,120901,8766,24,501,36,1.2,1,4.17,4477,9.55,25,0.06
274.63,121404,8794,24,503,28,1.15,1,4.17,4477,9.55,25,0.05
275.79,121905,8806,24,501,12,1.16,1,4.17,4477,9.55,55,0.11
277.02,122409,8822,24,504,16,1.23,1,4.17,4477,9.55,270,0.65
278.2,122913,8846,24,504,24,1.18,1,4.17,4477,9.55,5,0.01
279.4,123414,8866,24,501,20,1.2,1,4.17,4477,9.55,145,0.34
280.61,123916,8874,24,502,8,1.21,1,4.17,4477,9.55,105,0.23
281.76,124420,8886,24,504,12,1.15,1,4.17,4477,9.55,110,0.23
282.99,124924,8902,24,504,16,1.23,1,4.17,4477,9.55,80,0.18
284.1,125424,8942,24,500,40,1.1,1,4.17,4477,9.55,100,0.2
285.29,125924,8954,24,500,12,1.2,1,4.17,4477,9.55,85,0.22
286.47,126424,8970,24,500,16,1.17,1,4.17,4477,9.55,25,0.05
287.63,126924,9002,24,500,32,1.16,1,4.17,4477,9.55,10,0.02
288.77,127425,9038,24,501,36,1.14,1,4.17,4477,9.55,25,0.08
289.94,127928,9078,24,503,40,1.17,1,4.17,4477,9.55,45,0.1
291.1,128428,9102,24,500,24,1.16,1,4.17,4477,9.55,115,0.26
292.3,128930,9134,24,502,32,1.2,1,4.17,4477,9.55,100,0.24
293.5,129431,9158,24,501,24,1.2,1,4.17,4477,9.55,20,0.05
294.74,129932,9182,24,501,24,1.24,1,4.17,4477,9.55,35,0.08
295.87,130435,9218,24,503,36,1.14,1,4.17,4477,9.55,135,0.31
297.08,130936,9234,24,501,16,1.2,1,4.17,4477,9.55,65,0.16
298.23,131438,9242,24,502,8,1.16,1,4.17,4477,9.55,100,0.24
299.34,131939,9270,24,501,28,1.11,1,4.17,4477,9.55,55,0.09
300.52,132440,9294,24,501,24,1.18,1,4.17,4477,9.55,145,0.33
301.91,132944,9326,24,504,32,1.39,1,4.17,4477,9.55,30,0.08
303.19,133447,9338,24,503,12,1.28,1,4.17,4477,9.55,90,0.22
304.32,133948,9370,24,501,32,1.13,1,4.17,4477,9.55,5,0.01
305.47,134450,9402,24,502,32,1.15,1,4.17,4477,9.55,25,0.05
306.7,134951,9426,24,501,24,1.22,1,4.17,4477,9.55,235,0.61
307.78,135455,9458,24,504,32,1.09,1,4.17,4477,9.55,5,0.01
308.94,135956,9466,24,501,8,1.15,1,4.17,4477,9.55,245,0.59
310.16,136460,9474,24,504,8,1.22,1,4.17,4477,9.55,260,0.64
311.39,136962,9502,24,502,28,1.24,1,4.17,4477,9.55,5,0.01
312.62,137462,9522,24,500,20,1.22,1,4.17,4477,9.55,135,0.36
313.82,137964,9530,24,502,8,1.2,1,4.17,4477,9.55,210,0.51
314.99,138468,9542,24,504,12,1.17,1,4.17,4477,9.55,15,0.03
316.13,138969,9570,24,501,28,1.14,1,4.17,4477,9.55,50,0.11
317.42,139469,9590,24,500,20,1.28,1,4.17,4477,9.55,20,0.04
318.54,139969,9610,24,500,20,1.13,1,4.17,4477,9.55,5,0.01
319.7,140469,9650,24,500,40,1.16,1,4.17,4477,9.55,45,0.1
320.88,140973,9686,24,504,36,1.19,1,4.17,4477,9.55,15,0.02
322.09,141475,9706,24,502,20,1.21,1,4.17,4477,9.55,70,0.18
323.23,141975,9730,24,500,24,1.14,1,4.17,4477,9.55,10,0.03
324.41,142476,9778,24,501,48,1.18,1,4.17,4477,9.55,5,0.01
325.62,142978,9814,24,502,36,1.22,1,4.17,4477,9.55,95,0.24
326.9,143480,9830,24,502,16,1.28,1,4.17,4477,9.55,20,0.04
328.15,143980,9870,24,500,40,1.25,1,4.17,4477,9.55,45,0.11
329.37,144482,9902,24,502,32,1.22,1,4.17,4477,9.55,20,0.06
330.63,144983,9934,24,501,32,1.26,1,4.17,4477,9.55,15,0.04
331.92,145486,9946,24,503,12,1.29,1,4.17,4477,9.55,50,0.12
333.12,145989,9974,24,503,28,1.2,1,4.17,4477,9.55,30,0.06
334.33,146491,10002,24,502,28,1.21,1,4.17,4477,9.55,100,0.26
335.56,146991,10018,24,500,16,1.24,1,4.17,4477,9.55,0,0
336.7,147491,10026,24,500,8,1.14,1,4.17,4477,9.55,300,0.66
337.89,147992,10046,24,501,20,1.18,1,4.17,4477,9.55,10,0.03
339.12,148494,10074,24,502,28,1.23,1,4.17,4477,9.55,10,0.02
340.35,148998,10090,24,504,16,1.23,1,4.17,4477,9.55,5,0.01
341.57,149498,10122,24,500,32,1.23,1,4.17,4477,9.55,110,0.25
342.79,149998,10150,24,500,28,1.22,1,4.17,4477,9.55,320,0.76
344.04,150501,10194,24,503,44,1.25,1,4.17,4477,9.55,60,0.14
345.35,151002,10230,24,501,36,1.31,1,4.17,4477,9.55,55,0.16
346.63,151505,10246,24,503,16,1.28,1,4.17,4477,9.55,135,0.34
347.78,152009,10258,24,504,12,1.15,1,4.17,4477,9.55,280,0.61
349,152512,10270,24,503,12,1.22,1,4.17,4477,9.55,330,0.78
350.12,153012,10306,24,500,36,1.12,1,4.17,4477,9.55,90,0.2
351.3,153516,10350,24,504,44,1.17,1,4.17,4477,9.55,35,0.09
352.49,154018,10358,24,502,8,1.2,1,4.17,4477,9.55,105,0.25
353.69,154520,10374,24,502,16,1.2,1,4.17,4477,9.55,250,0.59
354.92,155020,10402,24,500,28,1.22,1,4.17,4477,9.55,35,0.09
356.13,155523,10414,24,503,12,1.21,1,4.17,4477,9.55,265,0.65
357.33,156025,10438,24,502,24,1.2,1,4.17,4477,9.55,55,0.13
358.61,156526,10462,24,501,24,1.28,1,4.17,4477,9.55,15,0.03
359.91,157029,10482,24,503,20,1.3,1,4.17,4477,9.55,190,0.49
361.13,157529,10502,24,500,20,1.21,1,4.17,4477,9.55,15,0.03
362.38,158031,10518,24,502,16,1.25,1,4.17,4477,9.55,35,0.09
363.66,158533,10530,24,502,12,1.29,1,4.17,4477,9.55,110,0.32
364.79,159033,10546,24,500,16,1.12,1,4.17,4477,9.55,60,0.13
366.01,159537,10574,24,504,28,1.22,1,4.17,4477,9.55,65,0.15
367.23,160038,10598,24,501,24,1.22,1,4.17,4477,9.55,15,0.04
368.43,160538,10650,24,500,52,1.2,1,4.17,4477,9.55,0,0
369.85,161042,10686,24,504,36,1.42,1,4.17,4477,9.55,10,0.04
371.09,161544,10702,24,502,16,1.24,1,4.17,4477,9.55,50,0.11
372.35,162044,10722,24,500,20,1.26,1,4.17,4477,9.55,10,0.03
373.54,162546,10730,24,502,8,1.19,1,4.17,4477,9.55,365,0.87
374.71,163049,10742,24,503,12,1.17,1,4.17,4477,9.55,30,0.07
375.89,163550,10758,24,501,16,1.18,1,4.17,4477,9.55,115,0.26
377.07,164054,10774,24,504,16,1.18,1,4.17,4477,9.55,30,0.06
378.45,164555,10798,24,501,24,1.38,1,4.17,4477,9.55,115,0.34
379.62,165055,10814,24,500,16,1.17,1,4.17,4477,9.55,45,0.11
380.87,165558,10818,24,503,4,1.25,1,4.17,4477,9.55,150,0.35
382.15,166062,10846,24,504,28,1.28,1,4.17,4477,9.55,65,0.18
383.3,166565,10870,24,503,24,1.15,1,4.17,4477,9.55,160,0.37
384.45,167065,10890,24,500,20,1.15,1,4.17,4477,9.55,210,0.5
385.63,167566,10906,24,501,16,1.17,1,4.17,4477,9.55,175,0.43
386.76,168066,10926,24,500,20,1.14,1,4.17,4477,9.55,30,0.06
387.96,168570,10934,24,504,8,1.2,1,4.17,4477,9.55,125,0.28
389.11,169072,10970,24,502,36,1.14,1,4.17,4477,9.55,0,0
390.33,169572,10998,24,500,28,1.22,1,4.17,4477,9.55,180,0.4
391.61,170074,11022,24,502,24,1.28,1,4.17,4477,9.55,70,0.16
392.79,170576,11042,24,502,20,1.18,1,4.17,4477,9.55,155,0.42
394.01,171077,11066,24,501,24,1.22,1,4.17,4477,9.55,30,0.08
395.23,171579,11074,24,502,8,1.22,1,4.17,4477,9.55,115,0.26
396.41,172079,11102,24,500,28,1.17,1,4.17,4477,9.55,30,0.07
397.64,172579,11138,24,500,36,1.23,1,4.17,4477,9.55,60,0.14
398.85,173081,11154,24,502,16,1.21,1,4.17,4477,9.55,130,0.28
400.01,173582,11174,24,501,20,1.16,1,4.17,4477,9.55,40,0.09
401.16,174085,11190,24,503,16,1.16,1,4.17,4477,9.55,140,0.37
402.44,174588,11202,24,503,12,1.28,1,4.17,4477,9.55,140,0.34
403.67,175091,11222,24,503,20,1.24,1,4.17,4477,9.55,20,0.06
404.9,175593,11250,24,502,28,1.23,1,4.17,4477,9.55,10,0.02
406.07,176095,11266,24,502,16,1.16,1,4.17,4477,9.55,140,0.37
407.27,176598,11278,24,503,12,1.21,1,4.17,4477,9.55,55,0.12
408.6,177101,11286,24,503,8,1.32,1,4.17,4477,9.55,175,0.45
409.85,177603,11322,24,502,36,1.26,1,4.17,4477,9.55,70,0.15
411.03,178106,11342,24,503,20,1.18,1,4.17,4477,9.55,55,0.15
412.16,178607,11358,24,501,16,1.13,1,4.17,4477,9.55,25,0.05
413.36,179109,11374,24,502,16,1.2,1,4.17,4477,9.55,20,0.05
414.57,179610,11398,24,501,24,1.2,1,4.17,4477,9.55,115,0.28
415.76,180113,11410,24,503,12,1.2,1,4.17,4477,9.55,220,0.54
416.9,180616,11438,24,503,28,1.13,1,4.17,4477,9.55,25,0.05
418.08,181119,11446,24,503,8,1.18,1,4.17,4477,9.55,320,0.73
419.16,181622,11470,24,503,24,1.08,1,4.17,4477,9.55,15,0.04
420.4,182125,11482,24,503,12,1.24,1,4.17,4477,9.55,195,0.49
421.67,182626,11490,24,501,8,1.27,1,4.17,4477,9.55,260,0.65
422.97,183130,11518,24,504,28,1.3,1,4.17,4477,9.55,105,0.28
424.27,183630,11554,24,500,36,1.3,1,4.17,4477,9.55,35,0.09
425.45,184130,11570,24,500,16,1.18,1,4.17,4477,9.55,35,0.09
426.59,184630,11590,24,500,20,1.13,1,4.17,4477,9.55,65,0.17
427.76,185130,11618,24,500,28,1.18,1,4.17,4477,9.55,75,0.17
428.97,185633,11654,24,503,36,1.21,1,4.17,4477,9.55,80,0.18
430.14,186135,11698,24,502,44,1.17,1,4.17,4477,9.55,5,0.01
431.35,186636,11730,24,501,32,1.2,1,4.17,4477,9.55,80,0.19
432.57,187139,11762,24,503,32,1.22,1,4.17,4477,9.55,30,0.06
433.79,187639,11786,24,500,24,1.22,1,4.17,4477,9.55,95,0.23
434.82,188143,11806,24,504,20,1.04,1,4.17,4477,9.55,40,0.07
435.92,188644,11834,24,501,28,1.09,1,4.17,4477,9.55,175,0.38
437.01,189147,11858,24,503,24,1.09,1,4.17,4477,9.55,85,0.17
438.18,189647,11874,24,500,16,1.17,1,4.17,4477,9.55,60,0.14
439.3,190147,11894,24,500,20,1.12,1,4.17,4477,9.55,70,0.16
440.53,190647,11922,24,500,28,1.23,1,4.17,4477,9.55,30,0.07
441.7,191151,11934,24,504,12,1.17,1,4.17,4477,9.55,185,0.42
442.93,191651,11970,24,500,36,1.23,1,4.17,4477,9.55,15,0.03
444.25,192154,11982,24,503,12,1.32,1,4.17,4477,9.55,5,0.01
445.41,192654,11994,24,500,12,1.16,1,4.17,4477,9.55,40,0.1
446.63,193158,12006,24,504,12,1.22,1,4.17,4477,9.55,280,0.69
447.93,193658,12022,24,500,16,1.31,1,4.17,4477,9.55,270,0.72
449.13,194160,12034,24,502,12,1.2,1,4.17,4477,9.55,165,0.42
450.34,194660,12054,24,500,20,1.2,1,4.17,4477,9.55,110,0.26
451.49,195164,12086,24,504,32,1.15,1,4.17,4477,9.55,50,0.13
452.71,195668,12114,24,504,28,1.22,1,4.17,4477,9.55,85,0.2
454.15,196168,12150,24,500,36,1.44,1,4.17,4477,9.55,0,0
455.41,196669,12182,24,501,32,1.26,1,4.17,4477,9.55,110,0.27
456.74,197172,12186,24,503,4,1.33,1,4.17,4477,9.55,170,0.44
458.05,197673,12238,24,501,52,1.31,1,4.17,4477,9.55,115,0.3
459.35,198176,12262,24,503,24,1.29,1,4.17,4477,9.55,195,0.5
460.58,198677,12286,24,501,24,1.23,1,4.17,4477,9.55,15,0.03
461.82,199180,12298,24,503,12,1.24,1,4.17,4477,9.55,55,0.13
462.96,199680,12318,24,500,20,1.15,1,4.17,4477,9.55,75,0.17
464.32,200180,12338,24,500,20,1.35,1,4.17,4477,9.55,45,0.11
465.62,200683,12362,24,503,24,1.3,1,4.17,4477,9.55,45,0.11
466.8,201184,12394,24,501,32,1.18,1,4.17,4477,9.55,20,0.04
467.96,201688,12418,24,504,24,1.16,1,4.17,4477,9.55,40,0.1
469.22,202190,12430,24,502,12,1.26,1,4.17,4477,9.55,30,0.09
470.49,202690,12454,24,500,24,1.28,1,4.17,4477,9.55,55,0.13
471.78,203192,12478,24,502,24,1.29,1,4.17,4477,9.55,25,0.07
473.08,203692,12478,24,500,0,1.3,0,0,4477,9.55,525,1.37
474.27,204193,12490,24,501,12,1.18,1,4.17,4477,9.55,50,0.12
475.57,204694,12514,24,501,24,1.3,1,4.17,4477,9.55,20,0.06
476.66,205198,12546,24,504,32,1.09,1,4.17,4477,9.55,30,0.06
477.84,205700,12554,24,502,8,1.18,1,4.17,4477,9.55,210,0.47
479.09,206203,12574,24,503,20,1.25,1,4.17,4477,9.55,50,0.14
480.36,206705,12598,24,502,24,1.27,1,4.17,4477,9.55,155,0.36
481.73,207205,12634,24,500,36,1.37,1,4.17,4477,9.55,70,0.21
482.86,207707,12666,24,502,32,1.13,1,4.17,4477,9.55,115,0.27
483.98,208209,12674,24,502,8,1.13,1,4.17,4477,9.55,90,0.21
485.18,208712,12690,24,503,16,1.2,1,4.17,4477,9.55,10,0.02
486.29,209212,12718,24,500,28,1.11,1,4.17,4477,9.55,70,0.15
487.56,209713,12750,24,501,32,1.27,1,4.17,4477,9.55,55,0.14
488.83,210215,12778,24,502,28,1.26,1,4.17,4477,9.55,40,0.11
490.03,210715,12826,24,500,48,1.21,1,4.17,4477,9.55,25,0.06
491.25,211215,12854,24,500,28,1.21,1,4.17,4477,9.55,25,0.07
492.48,211719,12874,24,504,20,1.23,1,4.17,4477,9.55,75,0.19
493.64,212223,12898,24,504,24,1.16,1,4.17,4477,9.55,15,0.04
494.82,212725,12906,24,502,8,1.18,1,4.17,4477,9.55,240,0.6
496.1,213227,12942,24,502,36,1.28,1,4.17,4477,9.55,50,0.12
497.28,213731,12986,24,504,44,1.18,1,4.17,4477,9.55,45,0.11
498.39,214231,13006,24,500,20,1.11,1,4.17,4477,9.55,40,0.08
499.56,214732,13054,24,501,48,1.17,1,4.17,4477,9.55,75,0.2
500.75,215235,13070,24,503,16,1.19,1,4.17,4477,9.55,35,0.07
502.01,215735,13098,24,500,28,1.26,1,4.17,4477,9.55,10,0.03
503.26,216235,13126,24,500,28,1.25,1,4.17,4477,9.55,150,0.36
504.59,216736,13142,24,501,16,1.33,1,4.17,4477,9.55,70,0.19
505.82,217240,13174,24,504,32,1.24,1,4.17,4477,9.55,55,0.13
506.98,217742,13218,24,502,44,1.16,1,4.17,4477,9.55,60,0.13
508.24,218242,13246,24,500,28,1.26,1,4.17,4477,9.55,100,0.25
509.43,218743,13262,24,501,16,1.19,1,4.17,4477,9.55,150,0.37
510.68,219246,13290,24,503,28,1.25,1,4.17,4477,9.55,55,0.16
511.8,219748,13306,24,502,16,1.12,1,4.17,4477,9.55,25,0.06
512.99,220250,13326,24,502,20,1.19,1,4.17,4477,9.55,320,0.76
514.19,220753,13354,24,503,28,1.19,1,4.17,4477,9.55,280,0.68
515.39,221257,13386,24,504,32,1.2,1,4.17,4477,9.55,15,0.03
516.54,221760,13410,24,503,24,1.15,1,4.17,4477,9.55,75,0.2
517.69,222260,13430,24,500,20,1.15,1,4.17,4477,9.55,25,0.05
518.96,222763,13446,24,503,16,1.27,1,4.17,4477,9.55,80,0.21
520.14,223266,13458,24,503,12,1.17,1,4.17,4477,9.55,295,0.66
521.29,223768,13478,24,502,20,1.15,1,4.17,4477,9.55,45,0.1
522.46,224269,13502,24,501,24,1.17,1,4.17,4477,9.55,105,0.26
523.71,224772,13526,24,503,24,1.25,1,4.17,4477,9.55,170,0.43
525,225272,13558,24,500,32,1.29,1,4.17,4477,9.55,40,0.1
526.23,225776,13586,24,504,28,1.23,1,4.17,4477,9.55,30,0.08
527.47,226279,13606,24,503,20,1.24,1,4.17,4477,9.55,125,0.34
528.86,226779,13634,24,500,28,1.38,1,4.17,4477,9.55,60,0.16
530.12,227282,13650,24,503,16,1.26,1,4.17,4477,9.55,265,0.67
531.32,227782,13670,24,500,20,1.2,1,4.17,4477,9.55,90,0.22
532.55,228285,13682,24,503,12,1.23,1,4.17,4477,9.55,100,0.23
533.8,228788,13690,24,503,8,1.24,1,4.17,4477,9.55,95,0.28
535.15,229289,13710,24,501,20,1.35,1,4.17,4477,9.55,320,0.87
536.54,229792,13750,24,503,40,1.39,1,4.17,4477,9.55,25,0.07
537.73,230292,13770,24,500,20,1.19,1,4.17,4477,9.55,55,0.12
538.88,230794,13790,24,502,20,1.15,1,4.17,4477,9.55,25,0.05
540.09,231296,13806,24,502,16,1.21,1,4.17,4477,9.55,95,0.24
541.21,231798,13830,24,502,24,1.11,1,4.17,4477,9.55,45,0.11
542.45,232299,13854,24,501,24,1.25,1,4.17,4477,9.55,55,0.14
543.73,232801,13878,24,502,24,1.28,1,4.17,4477,9.55,115,0.27
545.03,233303,13902,24,502,24,1.3,1,4.17,4477,9.55,55,0.13
546.3,233804,13922,24,501,20,1.27,1,4.17,4477,9.55,55,0.14
547.47,234305,13946,24,501,24,1.17,1,4.17,4477,9.55,115,0.28
548.65,234809,13962,24,504,16,1.18,1,4.17,4477,9.55,85,0.23
549.92,235310,14002,24,501,40,1.27,1,4.17,4477,9.55,25,0.06
551.19,235814,14018,24,504,16,1.27,1,4.17,4477,9.55,55,0.13
552.48,236317,14030,24,503,12,1.29,1,4.17,4477,9.55,380,0.98
553.7,236821,14066,24,504,36,1.21,1,4.17,4477,9.55,10,0.02
554.99,237325,14086,24,504,20,1.29,1,4.17,4477,9.55,220,0.52
556.16,237826,14122,24,501,36,1.17,1,4.17,4477,9.55,55,0.11
557.42,238330,14142,24,504,20,1.26,1,4.17,4477,9.55,45,0.13
558.59,238831,14162,24,501,20,1.18,1,4.17,4477,9.55,15,0.03
559.82,239332,14190,24,501,28,1.23,1,4.17,4477,9.55,15,0.03
561.02,239833,14214,24,501,24,1.2,2,8.33,4477,9.55,95,0.22
562.2,240334,14230,24,501,16,1.17,1,4.17,4477,9.55,140,0.31
563.55,240835,14262,24,501,32,1.36,1,4.17,4477,9.55,10,0.03
564.9,241336,14298,24,501,36,1.35,1,4.17,4477,9.55,45,0.14
566.43,241839,14342,24,503,44,1.52,1,4.17,4477,9.55,15,0.04
567.6,242342,14362,24,503,20,1.17,1,4.17,4477,9.55,165,0.37
568.77,242843,14398,24,501,36,1.17,1,4.17,4477,9.55,25,0.05
570.11,243347,14442,24,504,44,1.33,2,8.33,4477,9.55,75,0.22
571.2,243847,14458,24,500,16,1.1,1,4.17,4477,9.55,140,0.32
572.38,244350,14502,24,503,44,1.18,1,4.17,4477,9.55,55,0.13
573.56,244851,14522,24,501,20,1.17,1,4.17,4477,9.55,125,0.28
574.73,245354,14550,24,503,28,1.18,1,4.17,4477,9.55,75,0.2
575.87,245854,14582,24,500,32,1.14,1,4.17,4477,9.55,45,0.09
576.97,246358,14598,24,504,16,1.09,1,4.17,4477,9.55,15,0.04
578.3,246862,14622,24,504,24,1.33,1,4.17,4477,9.55,135,0.41
579.55,247364,14646,24,502,24,1.25,1,4.17,4477,9.55,55,0.13
580.8,247867,14658,24,503,12,1.25,1,4.17,4477,9.55,90,0.22
582.14,248368,14686,24,501,28,1.34,1,4.17,4477,9.55,100,0.26
583.47,248870,14710,24,502,24,1.33,1,4.17,4477,9.55,65,0.18
584.76,249374,14738,24,504,28,1.29,1,4.17,4477,9.55,65,0.17
586.08,249878,14778,24,504,40,1.32,1,4.17,4477,9.55,225,0.56
587.34,250382,14798,24,504,20,1.26,1,4.17,4477,9.55,15,0.04
588.59,250884,14806,24,502,8,1.25,1,4.17,4477,9.55,80,0.22
589.84,251385,14826,24,501,20,1.25,1,4.17,4477,9.55,115,0.3
590.97,251885,14842,24,500,16,1.13,1,4.17,4477,9.55,5,0.01
592.21,252385,14870,24,500,28,1.24,1,4.17,4477,9.55,40,0.1
593.44,252889,14898,24,504,28,1.23,1,4.17,4477,9.55,95,0.23
594.57,253390,14922,24,501,24,1.13,1,4.17,4477,9.55,115,0.24
595.8,253893,14930,24,503,8,1.22,1,4.17,4477,9.55,75,0.21
597.1,254397,14978,24,504,48,1.31,1,4.17,4477,9.55,5,0.02
598.33,254898,14982,24,501,4,1.22,1,4.17,4477,9.55,155,0.33
599.55,255401,15022,24,503,40,1.23,1,4.17,4477,9.55,25,0.07
600.78,255902,15042,24,501,20,1.22,1,4.17,4477,9.55,240,0.62
601.96,256405,15078,24,503,36,1.18,1,4.17,4477,9.55,10,0.02
603.15,256909,15106,24,504,28,1.19,1,4.17,4477,9.55,10,0.02
604.24,257409,15126,24,500,20,1.09,1,4.17,4477,9.55,95,0.2
605.52,257913,15154,24,504,28,1.28,1,4.17,4477,9.55,55,0.16
606.77,258414,15178,24,501,24,1.26,1,4.17,4477,9.55,15,0.02
607.96,258915,15210,24,501,32,1.19,1,4.17,4477,9.55,0,0
609.18,259418,15238,24,503,28,1.22,1,4.17,4477,9.55,120,0.3
610.48,259919,15250,24,501,12,1.3,1,4.17,4477,9.55,60,0.16
611.75,260423,15274,24,504,24,1.27,1,4.17,4477,9.55,90,0.24
612.93,260924,15294,24,501,20,1.18,1,4.17,4477,9.55,235,0.58
614.3,261425,15322,24,501,28,1.36,1,4.17,4477,9.55,30,0.06
615.56,261928,15334,24,503,12,1.26,1,4.17,4477,9.55,190,0.44
616.73,262431,15362,24,503,28,1.18,1,4.17,4477,9.55,125,0.31
617.89,262934,15382,24,503,20,1.16,1,4.17,4477,9.55,215,0.55
619.07,263434,15398,24,500,16,1.18,1,4.17,4477,9.55,25,0.05
620.29,263937,15410,24,503,12,1.22,1,4.17,4477,9.55,265,0.63
621.68,264441,15442,24,504,32,1.39,1,4.17,4477,9.55,140,0.37
622.89,264942,15454,24,501,12,1.21,1,4.17,4477,9.55,110,0.26
624.02,265443,15482,24,501,28,1.12,1,4.17,4477,9.55,190,0.46
625.27,265943,15502,24,500,20,1.25,1,4.17,4477,9.55,130,0.29
626.37,266447,15518,24,504,16,1.11,1,4.17,4477,9.55,165,0.37
627.75,266947,15530,24,500,12,1.37,1,4.17,4477,9.55,380,1
628.85,267450,15554,24,503,24,1.1,1,4.17,4477,9.55,5,0
629.95,267951,15594,24,501,40,1.1,1,4.17,4477,9.55,0,0
631.13,268451,15606,24,500,12,1.18,1,4.17,4477,9.55,20,0.04
632.38,268953,15642,24,502,36,1.25,1,4.17,4477,9.55,100,0.25
633.64,269455,15674,24,502,32,1.26,1,4.17,4477,9.55,65,0.14
634.8,269958,15702,24,503,28,1.16,1,4.17,4477,9.55,35,0.08
635.99,270461,15730,24,503,28,1.19,1,4.17,4477,9.55,95,0.21
637.13,270961,15766,24,500,36,1.14,1,4.17,4477,9.55,85,0.2
638.24,271465,15778,24,504,12,1.11,1,4.17,4477,9.55,355,0.79
639.48,271968,15798,24,503,20,1.24,1,4.17,4477,9.55,45,0.11
640.76,272470,15818,24,502,20,1.28,1,4.17,4477,9.55,30,0.08
641.94,272970,15846,24,500,28,1.18,1,4.17,4477,9.55,5,0.01
643.25,273474,15870,24,504,24,1.31,1,4.17,4477,9.55,55,0.15
644.49,273975,15886,24,501,16,1.24,1,4.17,4477,9.55,35,0.09
645.81,274477,15894,24,502,8,1.32,1,4.17,4477,9.55,305,0.74
647.12,274979,15922,24,502,28,1.31,1,4.17,4477,9.55,90,0.23
648.36,275480,15946,24,501,24,1.24,1,4.17,4477,9.55,50,0.12
649.64,275981,15974,24,501,28,1.28,1,4.17,4477,9.55,5,0.01
650.89,276482,15994,24,501,20,1.25,1,4.17,4477,9.55,125,0.26
652.1,276984,16018,24,502,24,1.2,1,4.17,4477,9.55,70,0.2
653.2,277487,16046,24,503,28,1.1,1,4.17,4477,9.55,100,0.22
654.38,277988,16062,24,501,16,1.18,1,4.17,4477,9.55,130,0.3
655.63,278491,16074,24,503,12,1.25,1,4.17,4477,9.55,15,0.05
656.86,278991,16102,24,500,28,1.23,1,4.17,4477,9.55,65,0.18
658.07,279491,16130,24,500,28,1.21,1,4.17,4477,9.55,10,0.03
659.32,279995,16154,24,504,24,1.24,1,4.17,4477,9.55,75,0.17
660.57,280497,16174,24,502,20,1.25,1,4.17,4477,9.55,20,0.06
661.9,280997,16202,24,500,28,1.34,1,4.17,4477,9.55,15,0.03
663.05,281501,16230,24,504,28,1.15,1,4.17,4477,9.55,225,0.53
664.16,282005,16266,24,504,36,1.11,1,4.17,4477,9.55,55,0.12
665.55,282509,16290,24,504,24,1.39,1,4.17,4477,9.55,5,0.02
666.76,283012,16298,24,503,8,1.2,1,4.17,4477,9.55,165,0.36
667.82,283515,16326,24,503,28,1.06,1,4.17,4477,9.55,95,0.18
668.98,284017,16334,24,502,8,1.16,1,4.17,4477,9.55,255,0.58
670.43,284520,16358,24,503,24,1.45,1,4.17,4477,9.55,115,0.26
671.67,285021,16362,24,501,4,1.24,1,4.17,4477,9.55,110,0.25
672.97,285525,16386,24,504,24,1.3,1,4.17,4477,9.55,25,0.08
674.1,286027,16434,24,502,48,1.14,1,4.17,4477,9.55,85,0.19
675.26,286527,16454,24,500,20,1.16,1,4.17,4477,9.55,205,0.47
676.46,287029,16478,24,502,24,1.2,1,4.17,4477,9.55,5,0.02
677.69,287532,16514,24,503,36,1.23,1,4.17,4477,9.55,85,0.18
678.99,288034,16550,24,502,36,1.29,1,4.17,4477,9.55,5,0.01
680.21,288538,16562,24,504,12,1.22,1,4.17,4477,9.55,285,0.63
681.35,289038,16606,24,500,44,1.14,1,4.17,4477,9.55,80,0.22
682.61,289538,16622,24,500,16,1.27,1,4.17,4477,9.55,0,0
683.74,290041,16646,24,503,24,1.12,1,4.17,4477,9.55,50,0.11
684.91,290541,16670,24,500,24,1.17,1,4.17,4477,9.55,160,0.37
686.09,291041,16678,24,500,8,1.18,1,4.17,4477,9.55,170,0.37
687.18,291543,16706,24,502,28,1.1,1,4.17,4477,9.55,120,0.27
688.41,292047,16730,24,504,24,1.23,1,4.17,4477,9.55,25,0.06
689.58,292547,16742,24,500,12,1.17,1,4.17,4477,9.55,265,0.66
690.81,293051,16774,24,504,32,1.23,1,4.17,4477,9.55,25,0.07
691.94,293551,16794,24,500,20,1.12,1,4.17,4477,9.55,45,0.11
693.16,294051,16806,24,500,12,1.22,1,4.17,4477,9.55,215,0.53
694.58,294555,16818,24,504,12,1.42,1,4.17,4477,9.55,85,0.23
695.75,295057,16834,24,502,16,1.17,1,4.17,4477,9.55,190,0.44
696.93,295560,16846,24,503,12,1.18,1,4.17,4477,9.55,40,0.08
698.2,296064,16882,24,504,36,1.28,1,4.17,4477,9.55,50,0.14
699.39,296568,16894,24,504,12,1.19,1,4.17,4477,9.55,210,0.5
700.66,297071,16930,24,503,36,1.27,1,4.17,4477,9.55,80,0.2
701.85,297574,16954,24,503,24,1.18,1,4.17,4477,9.55,25,0.05
703.12,298076,16978,24,502,24,1.27,1,4.17,4477,9.55,70,0.16
704.29,298576,16994,24,500,16,1.17,1,4.17,4477,9.55,55,0.12
705.48,299079,17022,24,503,28,1.2,1,4.17,4477,9.55,55,0.12
706.7,299579,17038,24,500,16,1.22,1,4.17,4477,9.55,0,0
707.84,300080,17074,24,501,36,1.14,1,4.17,4477,9.55,20,0.04
709.17,300580,17094,24,500,20,1.32,1,4.17,4477,9.55,10,0.03
710.32,301082,17134,24,502,40,1.16,1,4.17,4477,9.55,25,0.05
711.59,301586,17150,24,504,16,1.26,1,4.17,4477,9.55,50,0.12
712.77,302086,17178,24,500,28,1.18,1,4.17,4477,9.55,155,0.37
714.15,302586,17198,24,500,20,1.38,1,4.17,4477,9.55,115,0.31
715.39,303087,17214,24,501,16,1.24,1,4.17,4477,9.55,90,0.2
716.6,303588,17266,24,501,52,1.21,1,4.17,4477,9.55,0,0
717.84,304088,17302,24,500,36,1.24,1,4.17,4477,9.55,50,0.12
719.07,304588,17322,24,500,20,1.23,1,4.17,4477,9.55,275,0.73
720.3,305089,17326,24,501,4,1.23,1,4.17,4477,9.55,10,0.02
721.56,305589,17362,24,500,36,1.26,1,4.17,4477,9.55,15,0.06
722.72,306089,17382,24,500,20,1.16,1,4.17,4477,9.55,20,0.06
724.02,306590,17398,24,501,16,1.3,1,4.17,4477,9.55,0,0
725.26,307093,17422,24,503,24,1.24,1,4.17,4477,9.55,50,0.12
726.61,307593,17458,24,500,36,1.35,1,4.17,4477,9.55,10,0.02
727.89,308096,17490,24,503,32,1.29,1,4.17,4477,9.55,65,0.17
729.08,308598,17506,24,502,16,1.19,1,4.17,4477,9.55,95,0.22
730.39,309100,17526,24,502,20,1.31,1,4.17,4477,9.55,80,0.2
731.62,309601,17542,24,501,16,1.23,1,4.17,4477,9.55,160,0.36
732.78,310103,17562,24,502,20,1.15,1,4.17,4477,9.55,125,0.29
734.02,310603,17582,24,500,20,1.25,1,4.17,4477,9.55,130,0.37
735.23,311105,17598,24,502,16,1.21,1,4.17,4477,9.55,105,0.25
736.45,311608,17618,24,503,20,1.22,1,4.17,4477,9.55,145,0.32
737.57,312110,17626,24,502,8,1.11,1,4.17,4477,9.55,415,0.92
738.7,312613,17650,24,503,24,1.14,1,4.17,4477,9.55,45,0.09
739.92,313113,17662,24,500,12,1.22,1,4.17,4477,9.55,250,0.61
741.21,313614,17678,24,501,16,1.29,1,4.17,4477,9.55,405,1.01
742.39,314118,17710,24,504,32,1.18,1,4.17,4477,9.55,70,0.15
743.66,314622,17734,24,504,24,1.26,1,4.17,4477,9.55,5,0.01
744.91,315123,17758,24,501,24,1.26,1,4.17,4477,9.55,15,0.04
746.07,315624,17790,24,501,32,1.16,1,4.17,4477,9.55,85,0.21
747.3,316124,17818,24,500,28,1.22,1,4.17,4477,9.55,0,0
748.51,316627,17838,24,503,20,1.21,1,4.17,4477,9.55,175,0.43
749.75,317127,17850,24,500,12,1.24,1,4.17,4477,9.55,155,0.36
750.99,317628,17866,24,501,16,1.24,1,4.17,4477,9.55,35,0.09
752.27,318132,17894,24,504,28,1.27,1,4.17,4477,9.55,185,0.48
753.62,318636,17918,24,504,24,1.35,1,4.17,4477,9.55,70,0.2
754.99,319136,17938,24,500,20,1.37,1,4.17,4477,9.55,40,0.09
756.38,319637,17966,24,501,28,1.39,1,4.17,4477,9.55,10,0.02
757.81,320140,17994,24,503,28,1.43,1,4.17,4477,9.55,30,0.09
759.19,320640,18030,24,500,36,1.38,1,4.17,4477,9.55,45,0.13
760.4,321140,18050,24,500,20,1.21,1,4.17,4477,9.55,245,0.6
761.71,321643,18086,24,503,36,1.3,1,4.17,4477,9.55,20,0.05
762.93,322143,18106,24,500,20,1.23,1,4.17,4477,9.55,0,0
764.18,322645,18122,24,502,16,1.24,1,4.17,4477,9.55,125,0.31
765.38,323149,18146,24,504,24,1.2,1,4.17,4477,9.55,35,0.08
766.57,323649,18146,24,500,0,1.19,0,0,4477,9.55,535,1.28
767.73,324151,18162,24,502,16,1.16,1,4.17,4477,9.55,50,0.1
768.93,324654,18174,24,503,12,1.2,1,4.17,4477,9.55,155,0.41
770.23,325156,18218,24,502,44,1.3,1,4.17,4477,9.55,30,0.08
771.53,325657,18226,24,501,8,1.3,1,4.17,4477,9.55,470,1.21
772.79,326160,18266,24,503,40,1.26,1,4.17,4477,9.55,10,0.03
773.97,326663,18282,24,503,16,1.18,1,4.17,4477,9.55,195,0.47
775.12,327165,18298,24,502,16,1.15,1,4.17,4477,9.55,20,0.05
776.29,327665,18322,24,500,24,1.17,1,4.17,4477,9.55,130,0.32
777.6,328165,18362,24,500,40,1.32,1,4.17,4477,9.55,40,0.1
778.79,328668,18394,24,503,32,1.18,1,4.17,4477,9.55,120,0.27
779.89,329168,18422,24,500,28,1.1,1,4.17,4477,9.55,5,0.01
781.15,329671,18446,24,503,24,1.26,1,4.17,4477,9.55,5,0.01
782.35,330171,18478,24,500,32,1.2,1,4.17,4477,9.55,80,0.18
783.49,330675,18506,24,504,28,1.14,1,4.17,4477,9.55,115,0.28
784.82,331175,18522,24,500,16,1.33,1,4.17,4477,9.55,5,0.01
786.18,331675,18578,24,500,56,1.36,1,4.17,4477,9.55,50,0.13
787.51,332179,18618,24,504,40,1.33,1,4.17,4477,9.55,15,0.05
789,332680,18650,24,501,32,1.49,1,4.17,4477,9.55,35,0.1
790.24,333183,18686,24,503,36,1.24,1,4.17,4477,9.55,10,0.02
791.49,333686,18698,24,503,12,1.25,1,4.17,4477,9.55,145,0.33
792.73,334186,18714,24,500,16,1.24,1,4.17,4477,9.55,5,0.01
793.86,334686,18730,24,500,16,1.13,1,4.17,4477,9.55,30,0.08
795.09,335187,18754,24,501,24,1.23,1,4.17,4477,9.55,35,0.08
796.33,335688,18770,24,501,16,1.24,1,4.17,4477,9.55,45,0.11
797.52,336191,18790,24,503,20,1.19,1,4.17,4477,9.55,35,0.09
798.81,336694,18810,24,503,20,1.28,1,4.17,4477,9.55,10,0.03
799.95,337194,18822,24,500,12,1.15,1,4.17,4477,9.55,25,0.05
801.21,337694,18850,24,500,28,1.26,1,4.17,4477,9.55,105,0.25
802.53,338194,18882,24,500,32,1.32,1,4.17,4477,9.55,0,0
803.89,338694,18918,24,500,36,1.36,1,4.17,4477,9.55,15,0.03
805.16,339196,18946,24,502,28,1.27,1,4.17,4477,9.55,100,0.25
806.45,339698,18974,24,502,28,1.29,1,4.17,4477,9.55,5,0.01
807.78,340199,19010,24,501,36,1.33,1,4.17,4477,9.55,70,0.21
809.05,340703,19022,24,504,12,1.27,1,4.17,4477,9.55,225,0.57
810.28,341203,19070,24,500,48,1.23,1,4.17,4477,9.55,20,0.06
811.69,341706,19094,24,503,24,1.41,1,4.17,4477,9.55,35,0.1
812.89,342208,19114,24,502,20,1.21,1,4.17,4477,9.55,45,0.09
814.12,342712,19134,24,504,20,1.23,1,4.17,4477,9.55,145,0.37
815.41,343215,19146,24,503,12,1.29,1,4.17,4477,9.55,310,0.76
816.58,343715,19162,24,500,16,1.17,1,4.17,4477,9.55,40,0.1
817.89,344216,19174,24,501,12,1.31,1,4.17,4477,9.55,340,0.88
819.06,344718,19206,24,502,32,1.17,1,4.17,4477,9.55,15,0.05
820.34,345220,19250,24,502,44,1.28,1,4.17,4477,9.55,45,0.11
821.62,345720,19298,24,500,48,1.28,1,4.17,4477,9.55,5,0.01
822.97,346224,19314,24,504,16,1.35,1,4.17,4477,9.55,140,0.42
824.19,346725,19334,24,501,20,1.22,1,4.17,4477,9.55,5,0.01
825.34,347227,19350,24,502,16,1.15,1,4.17,4477,9.55,190,0.44
826.6,347727,19366,24,500,16,1.26,1,4.17,4477,9.55,25,0.05
827.86,348230,19418,24,503,52,1.27,1,4.17,4477,9.55,60,0.18
829.22,348734,19450,24,504,32,1.35,1,4.17,4477,9.55,35,0.08
830.4,349238,19470,24,504,20,1.19,1,4.17,4477,9.55,20,0.05
831.61,349741,19486,24,503,16,1.21,1,4.17,4477,9.55,210,0.45
832.72,350245,19522,24,504,36,1.11,1,4.17,4477,9.55,40,0.07
833.91,350749,19534,24,504,12,1.19,1,4.17,4477,9.55,5,0.01
835.2,351249,19550,24,500,16,1.29,1,4.17,4477,9.55,20,0.04
836.46,351749,19570,24,500,20,1.26,1,4.17,4477,9.55,35,0.08
837.72,352249,19586,24,500,16,1.26,1,4.17,4477,9.55,105,0.27
838.9,352753,19610,24,504,24,1.18,1,4.17,4477,9.55,160,0.36
840.11,353257,19646,24,504,36,1.21,1,4.17,4477,9.55,10,0.03
841.32,353758,19678,24,501,32,1.22,1,4.17,4477,9.55,70,0.17
842.41,354259,19682,24,501,4,1.08,1,4.17,4477,9.55,200,0.43
843.59,354759,19706,24,500,24,1.18,1,4.17,4477,9.55,20,0.07
844.92,355259,19738,24,500,32,1.33,1,4.17,4477,9.55,95,0.23
846.31,355763,19762,24,504,24,1.38,1,4.17,4477,9.55,25,0.05
847.55,356263,19794,24,500,32,1.25,1,4.17,4477,9.55,5,0.01
848.75,356766,19806,24,503,12,1.19,1,4.17,4477,9.55,170,0.38
849.96,357270,19842,24,504,36,1.21,1,4.17,4477,9.55,85,0.2
851.22,357772,19862,24,502,20,1.27,1,4.17,4477,9.55,260,0.64
852.47,358274,19882,24,502,20,1.24,1,4.17,4477,9.55,235,0.59
853.66,358778,19906,24,504,24,1.2,1,4.17,4477,9.55,30,0.07
855.01,359280,19922,24,502,16,1.35,1,4.17,4477,9.55,90,0.23
856.21,359783,19934,24,503,12,1.19,1,4.17,4477,9.55,230,0.52
857.49,360285,19958,24,502,24,1.28,1,4.17,4477,9.55,105,0.27
858.67,360788,19998,24,503,40,1.18,1,4.17,4477,9.55,40,0.09
859.82,361292,20010,24,504,12,1.14,1,4.17,4477,9.55,365,0.8
860.91,361792,20030,24,500,20,1.1,1,4.17,4477,9.55,20,0.05
862.04,362292,20054,24,500,24,1.13,1,4.17,4477,9.55,50,0.12
863.27,362794,20082,24,502,28,1.23,1,4.17,4477,9.55,65,0.18
864.42,363297,20094,24,503,12,1.15,1,4.17,4477,9.55,70,0.17
865.67,363798,20142,24,501,48,1.26,1,4.17,4477,9.55,40,0.09
866.98,364298,20174,24,500,32,1.31,1,4.17,4477,9.55,105,0.24
868.31,364802,20206,24,504,32,1.33,1,4.17,4477,9.55,20,0.05
870.11,365306,20218,24,504,12,1.8,1,4.17,4477,9.55,65,0.26
871.45,365806,20234,24,500,16,1.34,1,4.17,4477,9.55,40,0.1
872.66,366308,20258,24,502,24,1.21,1,4.17,4477,9.55,5,0.01
873.93,366812,20298,24,504,40,1.27,1,4.17,4477,9.55,30,0.09
875.35,367316,20330,24,504,32,1.43,1,4.17,4477,9.55,130,0.4
876.61,367820,20366,24,504,36,1.26,1,4.17,4477,9.55,5,0.02
877.86,368324,20394,24,504,28,1.24,1,4.17,4477,9.55,15,0.04
879.15,368825,20418,24,501,24,1.29,1,4.17,4477,9.55,165,0.42
880.51,369329,20442,24,504,24,1.36,1,4.17,4477,9.55,30,0.06
881.7,369830,20466,24,501,24,1.19,1,4.17,4477,9.55,95,0.22
883.05,370333,20506,24,503,40,1.35,1,4.17,4477,9.55,25,0.06
884.17,370834,20526,24,501,20,1.12,1,4.17,4477,9.55,65,0.13
885.3,371335,20546,24,501,20,1.13,1,4.17,4477,9.55,25,0.05
886.45,371836,20558,24,501,12,1.15,1,4.17,4477,9.55,0,0
887.59,372338,20578,24,502,20,1.14,1,4.17,4477,9.55,120,0.28
888.85,372842,20598,24,504,20,1.26,1,4.17,4477,9.55,30,0.06
890.11,373342,20622,24,500,24,1.26,1,4.17,4477,9.55,55,0.12
891.26,373844,20646,24,502,24,1.15,1,4.17,4477,9.55,20,0.05
892.48,374346,20678,24,502,32,1.22,1,4.17,4477,9.55,35,0.1
893.79,374847,20698,24,501,20,1.31,1,4.17,4477,9.55,35,0.1
895.01,375347,20718,24,500,20,1.22,1,4.17,4477,9.55,100,0.23
896.17,375849,20734,24,502,16,1.15,1,4.17,4477,9.55,95,0.21
897.5,376350,20754,24,501,20,1.33,1,4.17,4477,9.55,130,0.34
898.75,376851,20774,24,501,20,1.25,1,4.17,4477,9.55,160,0.39
899.87,377352,20786,24,501,12,1.12,1,4.17,4477,9.55,400,0.88
901.12,377854,20790,24,502,4,1.25,1,4.17,4477,9.55,65,0.17
902.3,378358,20810,24,504,20,1.17,1,4.17,4477,9.55,140,0.31
903.52,378859,20834,24,501,24,1.23,1,4.17,4477,9.55,35,0.09
904.84,379359,20858,24,500,24,1.31,1,4.17,4477,9.55,0,0
906.1,379861,20878,24,502,20,1.27,1,4.17,4477,9.55,50,0.12
907.34,380364,20890,24,503,12,1.24,1,4.17,4477,9.55,70,0.16
908.37,380867,20902,24,503,12,1.03,1,4.17,4477,9.55,225,0.48
909.5,381370,20918,24,503,16,1.13,1,4.17,4477,9.55,115,0.27
910.83,381874,20934,24,504,16,1.33,1,4.17,4477,9.55,35,0.12
911.93,382378,20966,24,504,32,1.1,1,4.17,4477,9.55,65,0.14
913.26,382881,20990,24,503,24,1.33,1,4.17,4477,9.55,10,0.02
914.47,383384,21010,24,503,20,1.21,1,4.17,4477,9.55,50,0.14
915.65,383885,21034,24,501,24,1.18,1,4.17,4477,9.55,15,0.04
916.9,384387,21058,24,502,24,1.26,1,4.17,4477,9.55,70,0.17
918.08,384891,21074,24,504,16,1.18,1,4.17,4477,9.55,45,0.12
919.18,385392,21118,24,501,44,1.1,1,4.17,4477,9.55,30,0.07
920.26,385896,21134,24,504,16,1.08,1,4.17,4477,9.55,205,0.44
921.45,386400,21162,24,504,28,1.19,1,4.17,4477,9.55,5,0.01
922.61,386901,21178,24,501,16,1.16,1,4.17,4477,9.55,140,0.33
923.73,387401,21194,24,500,16,1.12,1,4.17,4477,9.55,5,0.01
924.92,387905,21226,24,504,32,1.19,1,4.17,4477,9.55,40,0.09
926.03,388407,21254,24,502,28,1.12,1,4.17,4477,9.55,40,0.11
927.4,388910,21278,24,503,24,1.36,1,4.17,4477,9.55,15,0.05
928.68,389411,21306,24,501,28,1.28,1,4.17,4477,9.55,50,0.12
929.93,389914,21338,24,503,32,1.25,1,4.17,4477,9.55,160,0.41
931.13,390417,21362,24,503,24,1.2,1,4.17,4477,9.55,65,0.16
932.39,390919,21390,24,502,28,1.26,1,4.17,4477,9.55,20,0.05
933.69,391420,21422,24,501,32,1.3,1,4.17,4477,9.55,100,0.3
934.94,391924,21450,24,504,28,1.25,1,4.17,4477,9.55,70,0.17
936.15,392428,21478,24,504,28,1.2,1,4.17,4477,9.55,80,0.19
937.37,392929,21494,24,501,16,1.22,1,4.17,4477,9.55,115,0.29
938.55,393431,21510,24,502,16,1.18,1,4.17,4477,9.55,70,0.16
939.73,393935,21518,24,504,8,1.18,1,4.17,4477,9.55,175,0.38
940.94,394437,21554,24,502,36,1.21,1,4.17,4477,9.55,15,0.04
942.21,394941,21570,24,504,16,1.27,1,4.17,4477,9.55,65,0.17
943.55,395442,21594,24,501,24,1.33,1,4.17,4477,9.55,120,0.36
944.88,395946,21610,24,504,16,1.33,1,4.17,4477,9.55,295,0.77
946.06,396446,21630,24,500,20,1.18,1,4.17,4477,9.55,40,0.11
947.24,396949,21646,24,503,16,1.18,1,4.17,4477,9.55,115,0.26
948.49,397449,21654,24,500,8,1.25,1,4.17,4477,9.55,300,0.75
949.72,397951,21678,24,502,24,1.23,1,4.17,4477,9.55,15,0.04
951.05,398454,21706,24,503,28,1.33,1,4.17,4477,9.55,20,0.05
952.36,398958,21734,24,504,28,1.31,1,4.17,4477,9.55,80,0.19
953.69,399460,21762,24,502,28,1.33,1,4.17,4477,9.55,180,0.51
954.79,399960,21774,24,500,12,1.1,1,4.17,4477,9.55,115,0.25
956.11,400463,21798,24,503,24,1.33,1,4.17,4477,9.55,100,0.27
957.35,400967,21830,24,504,32,1.24,1,4.17,4477,9.55,110,0.28
958.63,401470,21858,24,503,28,1.28,1,4.17,4477,9.55,25,0.05
959.89,401972,21906,24,502,48,1.26,1,4.17,4477,9.55,35,0.08
961.19,402473,21934,24,501,28,1.3,1,4.17,4477,9.55,35,0.09
962.33,402976,21966,24,503,32,1.13,1,4.17,4477,9.55,35,0.09
963.51,403480,21990,24,504,24,1.18,1,4.17,4477,9.55,20,0.05
964.68,403980,22014,24,500,24,1.17,1,4.17,4477,9.55,120,0.28
965.79,404482,22054,24,502,40,1.11,1,4.17,4477,9.55,5,0.01
966.9,404982,22082,24,500,28,1.11,1,4.17,4477,9.55,145,0.28
968.1,405482,22094,24,500,12,1.2,1,4.17,4477,9.55,85,0.19
969.19,405984,22134,24,502,40,1.09,1,4.17,4477,9.55,10,0.02
970.36,406486,22162,24,502,28,1.18,1,4.17,4477,9.55,40,0.09
971.58,406987,22182,24,501,20,1.21,1,4.17,4477,9.55,5,0.01
972.82,407487,22234,24,500,52,1.25,1,4.17,4477,9.55,20,0.05
973.99,407990,22258,24,503,24,1.17,1,4.17,4477,9.55,45,0.12
975.19,408490,22274,24,500,16,1.2,1,4.17,4477,9.55,100,0.23
976.29,408994,22310,24,504,36,1.09,1,4.17,4477,9.55,50,0.11
977.45,409495,22338,24,501,28,1.16,1,4.17,4477,9.55,105,0.23
978.63,409997,22366,24,502,28,1.18,1,4.17,4477,9.55,15,0.03
979.79,410498,22386,24,501,20,1.16,1,4.17,4477,9.55,15,0.03
981.04,410998,22410,24,500,24,1.24,1,4.17,4477,9.55,25,0.07
982.32,411500,22418,24,502,8,1.28,1,4.17,4477,9.55,310,0.82
983.62,412004,22442,24,504,24,1.3,1,4.17,4477,9.55,10,0.02
985.06,412505,22462,24,501,20,1.44,1,4.17,4477,9.55,150,0.38
986.3,413008,22490,24,503,28,1.24,1,4.17,4477,9.55,95,0.25
987.55,413510,22530,24,502,40,1.25,1,4.17,4477,9.55,20,0.04
988.84,414010,22550,24,500,20,1.29,1,4.17,4477,9.55,5,0.01
990.19,414511,22566,24,501,16,1.35,1,4.17,4477,9.55,15,0.03
991.46,415011,22582,24,500,16,1.27,1,4.17,4477,9.55,25,0.05
992.68,415513,22598,24,502,16,1.22,1,4.17,4477,9.55,75,0.17
993.97,416016,22622,24,503,24,1.29,1,4.17,4477,9.55,210,0.47
995.18,416518,22642,24,502,20,1.21,1,4.17,4477,9.55,185,0.44
996.5,417020,22666,24,502,24,1.32,1,4.17,4477,9.55,5,0.01
997.63,417524,22694,24,504,28,1.13,1,4.17,4477,9.55,205,0.45
998.95,418024,22706,24,500,12,1.32,1,4.17,4477,9.55,10,0.03
1000.24,418527,22734,24,503,28,1.29,1,4.17,4477,9.55,65,0.16
1001.67,419031,22762,24,504,28,1.42,1,4.17,4477,9.55,5,0.01
1002.95,419534,22786,24,503,24,1.28,1,4.17,4477,9.55,60,0.16
1004.24,420037,22798,24,503,12,1.29,1,4.17,4477,9.55,40,0.11
1005.6,420538,22822,24,501,24,1.36,1,4.17,4477,9.55,210,0.58
1006.99,421041,22830,24,503,8,1.39,1,4.17,4477,9.55,50,0.14
1008.2,421543,22854,24,502,24,1.21,1,4.17,4477,9.55,60,0.15
1009.49,422046,22866,24,503,12,1.3,1,4.17,4477,9.55,100,0.27
1010.86,422548,22894,24,502,28,1.37,1,4.17,4477,9.55,40,0.12
1012.22,423050,22914,24,502,20,1.35,1,4.17,4477,9.55,60,0.23
1013.57,423553,22946,24,503,32,1.35,1,4.17,4477,9.55,95,0.3
1015.06,424057,22962,24,504,16,1.49,1,4.17,4477,9.55,155,0.42
1016.54,424559,22990,24,502,28,1.48,1,4.17,4477,9.55,55,0.12
1017.8,425060,23006,24,501,16,1.26,1,4.17,4477,9.55,145,0.35
1019.24,425561,23026,24,501,20,1.44,1,4.17,4477,9.55,65,0.2
1020.62,426065,23062,24,504,36,1.38,1,4.17,4477,9.55,100,0.26
1021.84,426565,23082,24,500,20,1.22,1,4.17,4477,9.55,150,0.39
1023.2,427069,23098,24,504,16,1.36,1,4.17,4477,9.55,35,0.09
1024.45,427571,23118,24,502,20,1.25,1,4.17,4477,9.55,10,0.03
1025.7,428072,23134,24,501,16,1.25,1,4.17,4477,9.55,165,0.44
1027,428572,23158,24,500,24,1.31,1,4.17,4477,9.55,95,0.24
1028.29,429074,23190,24,502,32,1.28,1,4.17,4477,9.55,15,0.06
1029.63,429578,23218,24,504,28,1.34,1,4.17,4477,9.55,25,0.09
1031,430080,23262,24,502,44,1.37,1,4.17,4477,9.55,85,0.21
1032.32,430584,23302,24,504,40,1.33,1,4.17,4477,9.55,40,0.09
1033.5,431088,23334,24,504,32,1.18,1,4.17,4477,9.55,10,0.03
1034.72,431589,23354,24,501,20,1.22,1,4.17,4477,9.55,35,0.08
1036.14,432090,23382,24,501,28,1.42,1,4.17,4477,9.55,0,0
1037.36,432590,23410,24,500,28,1.22,1,4.17,4477,9.55,40,0.11
1039.09,433093,23442,24,503,32,1.73,1,4.17,4477,9.55,95,0.27
1040.27,433594,23470,24,501,28,1.18,1,4.17,4477,9.55,20,0.04
1041.48,434098,23506,24,504,36,1.21,1,4.17,4477,9.55,35,0.08
1042.68,434602,23534,24,504,28,1.2,1,4.17,4477,9.55,30,0.08
1044.02,435104,23558,24,502,24,1.34,1,4.17,4477,9.55,50,0.14
1045.3,435605,23594,24,501,36,1.28,1,4.17,4477,9.55,90,0.24
1046.77,436108,23626,24,503,32,1.47,1,4.17,4477,9.55,20,0.04
1048.11,436608,23646,24,500,20,1.34,1,4.17,4477,9.55,45,0.12
1049.39,437108,23666,24,500,20,1.28,1,4.17,4477,9.55,60,0.15
1050.81,437610,23702,24,502,36,1.41,1,4.17,4477,9.55,40,0.14
1052.54,438114,23726,24,504,24,1.74,1,4.17,4477,9.55,20,0.05
1053.98,438617,23742,24,503,16,1.43,1,4.17,4477,9.55,110,0.26
1055.32,439118,23746,24,501,4,1.35,1,4.17,4477,9.55,15,0.04
1056.68,439618,23762,24,500,16,1.36,1,4.17,4477,9.55,95,0.28
1058.14,440119,23766,24,501,4,1.46,1,4.17,4477,9.55,45,0.12
1059.43,440622,23806,24,503,40,1.29,1,4.17,4477,9.55,60,0.14
1060.77,441123,23822,24,501,16,1.35,1,4.17,4477,9.55,35,0.1
1062.14,441627,23846,24,504,24,1.37,1,4.17,4477,9.55,15,0.05
1063.39,442129,23870,24,502,24,1.25,2,8.33,4477,9.55,20,0.06
1064.73,442632,23898,24,503,28,1.34,1,4.17,4477,9.55,10,0.02
1065.93,443134,23934,24,502,36,1.2,1,4.17,4477,9.55,40,0.13
1067.25,443634,23950,24,500,16,1.32,1,4.17,4477,9.55,250,0.65
1068.6,444138,23986,24,504,36,1.35,1,4.17,4477,9.55,5,0.01
1069.98,444641,24014,24,503,28,1.37,1,4.17,4477,9.55,10,0.04
1071.4,445145,24034,24,504,20,1.43,1,4.17,4477,9.55,5,0.02
1072.84,445646,24050,24,501,16,1.44,1,4.17,4477,9.55,40,0.11
1074.11,446147,24070,24,501,20,1.27,1,4.17,4477,9.55,85,0.21
1075.46,446651,24110,24,504,40,1.35,1,4.17,4477,9.55,15,0.04
1076.7,447154,24142,24,503,32,1.24,1,4.17,4477,9.55,15,0.03
1078.02,447654,24166,24,500,24,1.32,1,4.17,4477,9.55,15,0.05
1079.23,448154,24178,24,500,12,1.21,1,4.17,4477,9.55,145,0.37
1080.48,448656,24222,24,502,44,1.25,1,4.17,4477,9.55,5,0.02
1081.76,449160,24242,24,504,20,1.28,1,4.17,4477,9.55,55,0.12
1083.01,449661,24282,24,501,40,1.25,1,4.17,4477,9.55,10,0.02
1084.18,450164,24302,24,503,20,1.17,1,4.17,4477,9.55,10,0.02
1085.4,450664,24334,24,500,32,1.23,1,4.17,4477,9.55,55,0.13
1086.63,451168,24374,24,504,40,1.22,1,4.17,4477,9.55,130,0.31
1087.85,451669,24410,24,501,36,1.23,1,4.17,4477,9.55,50,0.13
1089.08,452173,24446,24,504,36,1.23,1,4.17,4477,9.55,30,0.09
1090.36,452673,24486,24,500,40,1.28,1,4.17,4477,9.55,5,0.02
1091.63,453177,24518,24,504,32,1.27,1,4.17,4477,9.55,25,0.07
1092.85,453678,24538,24,501,20,1.22,1,4.17,4477,9.55,15,0.04
1094.05,454179,24554,24,501,16,1.2,1,4.17,4477,9.55,60,0.15
1095.35,454681,24590,24,502,36,1.3,1,4.17,4477,9.55,20,0.07
1096.72,455184,24618,24,503,28,1.37,1,4.17,4477,9.55,35,0.08
1098,455688,24650,24,504,32,1.28,1,4.17,4477,9.55,10,0.03
1099.25,456189,24670,24,501,20,1.25,1,4.17,4477,9.55,280,0.73
1100.46,456692,24686,24,503,16,1.21,1,4.17,4477,9.55,110,0.26
1101.87,457195,24714,24,503,28,1.42,1,4.17,4477,9.55,95,0.28
1103.14,457696,24734,24,501,20,1.27,1,4.17,4477,9.55,55,0.14
1104.36,458196,24750,24,500,16,1.21,1,4.17,4477,9.55,15,0.05
1105.53,458698,24766,24,502,16,1.18,1,4.17,4477,9.55,85,0.21
1106.75,459202,24786,24,504,20,1.22,1,4.17,4477,9.55,45,0.12
1108.07,459704,24822,24,502,36,1.32,1,4.17,4477,9.55,10,0.03
1109.33,460207,24834,24,503,12,1.26,1,4.17,4477,9.55,115,0.26
1110.52,460710,24890,24,503,56,1.19,1,4.17,4477,9.55,30,0.06
1111.81,461213,24918,24,503,28,1.29,1,4.17,4477,9.55,5,0.01
1113.04,461714,24962,24,501,44,1.23,1,4.17,4477,9.55,35,0.09
1114.41,462216,24994,24,502,32,1.38,1,4.17,4477,9.55,10,0.04
1115.65,462718,25018,24,502,24,1.24,1,4.17,4477,9.55,55,0.15
1116.9,463221,25030,24,503,12,1.25,1,4.17,4477,9.55,240,0.54
1118.23,463724,25062,24,503,32,1.34,1,4.17,4477,9.55,105,0.26
1119.46,464225,25098,24,501,36,1.22,1,4.17,4477,9.55,45,0.11
1120.76,464729,25130,24,504,32,1.31,1,4.17,4477,9.55,5,0.01
1121.95,465231,25162,24,502,32,1.19,1,4.17,4477,9.55,95,0.24
1123.26,465731,25198,24,500,36,1.31,1,4.17,4477,9.55,35,0.09
1124.56,466232,25222,24,501,24,1.3,1,4.17,4477,9.55,185,0.52
1125.77,466732,25234,24,500,12,1.21,1,4.17,4477,9.55,0,0
1127.01,467233,25274,24,501,40,1.24,1,4.17,4477,9.55,130,0.28
1128.2,467736,25294,24,503,20,1.19,1,4.17,4477,9.55,160,0.35
1129.45,468238,25318,24,502,24,1.25,1,4.17,4477,9.55,160,0.37
1130.72,468738,25338,24,500,20,1.27,1,4.17,4477,9.55,60,0.18
1131.93,469238,25366,24,500,28,1.21,1,4.17,4477,9.55,95,0.22
1133.19,469742,25386,24,504,20,1.26,1,4.17,4477,9.55,60,0.17
1134.54,470242,25406,24,500,20,1.35,1,4.17,4477,9.55,20,0.05
1135.71,470743,25422,24,501,16,1.17,1,4.17,4477,9.55,100,0.21
1137.03,471246,25462,24,503,40,1.33,1,4.17,4477,9.55,20,0.04
1138.19,471746,25490,24,500,28,1.16,1,4.17,4477,9.55,40,0.08
1139.43,472249,25502,24,503,12,1.24,1,4.17,4477,9.55,375,0.94
1140.6,472749,25522,24,500,20,1.17,1,4.17,4477,9.55,115,0.26
1141.9,473250,25554,24,501,32,1.3,1,4.17,4477,9.55,60,0.18
1143.2,473751,25582,24,501,28,1.3,1,4.17,4477,9.55,110,0.26
1144.39,474251,25602,24,500,20,1.19,1,4.17,4477,9.55,55,0.1
1145.55,474752,25614,24,501,12,1.16,1,4.17,4477,9.55,430,0.99
1146.72,475253,25634,24,501,20,1.17,1,4.17,4477,9.55,145,0.33
1147.93,475753,25662,24,500,28,1.21,1,4.17,4477,9.55,0,0
1149.09,476254,25706,24,501,44,1.16,1,4.17,4477,9.55,45,0.09
1150.53,476758,25722,24,504,16,1.45,1,4.17,4477,9.55,95,0.22
1151.7,477261,25754,24,503,32,1.17,1,4.17,4477,9.55,15,0.03
1152.95,477761,25802,24,500,48,1.25,1,4.17,4477,9.55,120,0.27
1154.13,478263,25810,24,502,8,1.19,1,4.17,4477,9.55,40,0.09
1155.49,478766,25842,24,503,32,1.36,1,4.17,4477,9.55,135,0.37
1156.58,479268,25854,24,502,12,1.09,1,4.17,4477,9.55,15,0.04
1157.79,479769,25862,24,501,8,1.21,1,4.17,4477,9.55,185,0.48
1159,480270,25874,24,501,12,1.22,1,4.17,4477,9.55,95,0.24
1160.16,480774,25886,24,504,12,1.15,1,4.17,4477,9.55,30,0.06
1161.34,481277,25914,24,503,28,1.19,1,4.17,4477,9.55,15,0.05
1162.57,481779,25950,24,502,36,1.23,1,4.17,4477,9.55,5,0.01
1163.79,482283,25970,24,504,20,1.22,1,4.17,4477,9.55,5,0.01
1165.07,482783,25994,24,500,24,1.29,1,4.17,4477,9.55,10,0.03
1166.34,483284,26026,24,501,32,1.27,1,4.17,4477,9.55,30,0.07
1167.66,483787,26070,24,503,44,1.32,1,4.17,4477,9.55,90,0.21
1168.9,484289,26094,24,502,24,1.24,1,4.17,4477,9.55,50,0.09
1170.19,484793,26126,24,504,32,1.29,1,4.17,4477,9.55,135,0.35
1171.39,485294,26162,24,501,36,1.2,1,4.17,4477,9.55,10,0.03
1172.65,485794,26182,24,500,20,1.26,1,4.17,4477,9.55,70,0.16
1173.89,486294,26206,24,500,24,1.24,1,4.17,4477,9.55,35,0.08
1175.26,486797,26222,24,503,16,1.37,1,4.17,4477,9.55,70,0.21
1176.52,487301,26242,24,504,20,1.26,1,4.17,4477,9.55,95,0.23
1177.8,487803,26274,24,502,32,1.28,1,4.17,4477,9.55,75,0.21
1.25,504,4630,23,504,4630,1.25,2,8.7,84,0.24,415,0.99
2.33,1008,4941,23,504,311,1.08,2,8.7,440,1.06,30,0.07
3.46,1511,5251,23,503,310,1.12,1,4.35,440,1.06,10,0.02
4.46,2015,5256,23,504,5,1.01,1,4.35,440,1.06,330,0.65
5.48,2519,5264,23,504,8,1.01,2,8.7,440,1.06,305,0.63
6.45,3019,5264,23,500,0,0.98,0,0,440,1.06,805,1.61
7.43,3519,5264,23,500,0,0.98,0,0,440,1.06,1305,2.58
8.46,4019,5264,23,500,0,1.03,0,0,440,1.06,1805,3.62
9.47,4519,5264,23,500,0,1.01,0,0,440,1.06,2305,4.62
10.44,5020,5268,23,501,4,0.97,1,4.35,2796,5.57,10,0.02
11.57,5520,5268,23,500,0,1.13,0,0,2796,5.57,510,1.15
12.61,6021,5272,23,501,4,1.04,1,4.35,2796,5.57,240,0.48
13.68,6521,5272,23,500,0,1.07,0,0,2796,5.57,740,1.55
14.83,7022,5276,23,501,4,1.15,1,4.35,2796,5.57,50,0.1
16.11,7526,5284,23,504,8,1.28,2,8.7,2796,5.57,35,0.08
17.21,8029,5288,23,503,4,1.11,1,4.35,2796,5.57,155,0.34
18.32,8529,5288,23,500,0,1.11,0,0,2796,5.57,655,1.45
19.29,9029,5288,23,500,0,0.98,0,0,2796,5.57,1155,2.42
20.3,9530,5292,23,501,4,1,2,8.7,2796,5.57,215,0.46
21.37,10030,5292,23,500,0,1.07,0,0,2796,5.57,715,1.53
22.4,10530,5292,23,500,0,1.03,0,0,2796,5.57,1215,2.56
23.54,11030,5292,23,500,0,1.14,0,0,2796,5.57,1715,3.7
24.62,11530,5292,23,500,0,1.08,0,0,2796,5.57,2215,4.78
25.71,12030,5292,23,500,0,1.09,0,0,2796,5.57,2715,5.87
26.74,12530,5292,23,500,0,1.03,0,0,2796,5.57,3215,6.9
27.67,13030,5292,23,500,0,0.93,0,0,2796,5.57,3715,7.83
28.75,13530,5292,23,500,0,1.07,0,0,2796,5.57,4215,8.91
29.95,14030,5292,23,500,0,1.2,0,0,2796,5.57,4715,10.11
30.92,14530,5292,23,500,0,0.97,0,0,2796,5.57,5215,11.08
32.08,15032,5300,23,502,8,1.17,1,4.35,5251,11.16,320,0.8
33.2,15534,5308,23,502,8,1.11,2,8.7,5251,11.16,25,0.07
34.27,16034,5308,23,500,0,1.07,0,0,5251,11.16,525,1.14
35.41,16537,5316,23,503,8,1.14,1,4.35,5251,11.16,75,0.17
36.44,17041,5324,23,504,8,1.03,2,8.7,5251,11.16,90,0.18
37.59,17543,5332,23,502,8,1.15,1,4.35,5251,11.16,40,0.1
38.78,18043,5356,23,500,24,1.2,1,4.35,5251,11.16,125,0.27
39.89,18545,5364,23,502,8,1.11,1,4.35,5251,11.16,270,0.62
40.89,19045,5380,23,500,16,0.99,2,8.7,5251,11.16,0,0
42.17,19547,5388,23,502,8,1.28,1,4.35,5251,11.16,75,0.23
43.5,20050,5400,23,503,12,1.34,1,4.35,5251,11.16,45,0.14
44.67,20551,5412,23,501,12,1.16,1,4.35,5251,11.16,70,0.15
45.81,21052,5436,23,501,24,1.14,1,4.35,5251,11.16,160,0.37
47.03,21555,5448,23,503,12,1.22,1,4.35,5251,11.16,185,0.45
48.17,22059,5464,23,504,16,1.14,1,4.35,5251,11.16,20,0.05
49.28,22562,5484,23,503,20,1.11,1,4.35,5251,11.16,100,0.21
50.42,23062,5496,23,500,12,1.14,1,4.35,5251,11.16,25,0.08
51.6,23566,5512,23,504,16,1.18,1,4.35,5251,11.16,10,0.03
52.72,24066,5512,23,500,0,1.12,0,0,5251,11.16,510,1.15
53.83,24568,5520,23,502,8,1.11,1,4.35,5251,11.16,20,0.04
55,25070,5532,23,502,12,1.17,1,4.35,5251,11.16,300,0.71
56.09,25571,5544,23,501,12,1.1,1,4.35,5251,11.16,20,0.05
57.28,26073,5552,23,502,8,1.19,1,4.35,5251,11.16,35,0.09
58.37,26575,5564,23,502,12,1.09,1,4.35,5251,11.16,115,0.24
59.39,27075,5580,23,500,16,1.02,1,4.35,5251,11.16,195,0.36
60.58,27579,5604,23,504,24,1.18,2,8.7,5251,11.16,115,0.31
61.79,28083,5620,23,504,16,1.22,1,4.35,5251,11.16,40,0.1
62.91,28587,5636,23,504,16,1.12,1,4.35,5251,11.16,80,0.15
64,29091,5648,23,504,12,1.09,1,4.35,5251,11.16,305,0.66
65.14,29592,5652,23,501,4,1.14,1,4.35,5251,11.16,225,0.5
66.24,30096,5664,23,504,12,1.09,1,4.35,5251,11.16,60,0.14
67.42,30599,5684,23,503,20,1.19,1,4.35,5251,11.16,270,0.59
68.57,31099,5700,23,500,16,1.15,1,4.35,5251,11.16,10,0.02
69.74,31602,5712,23,503,12,1.17,1,4.35,5251,11.16,275,0.65
70.88,32102,5736,23,500,24,1.14,1,4.35,5251,11.16,80,0.19
71.99,32606,5768,23,504,32,1.11,1,4.35,5251,11.16,10,0.02
73.11,33106,5792,23,500,24,1.12,1,4.35,5251,11.16,270,0.61
74.2,33609,5796,23,503,4,1.09,1,4.35,5251,11.16,370,0.8
75.35,34111,5816,23,502,20,1.15,1,4.35,5251,11.16,25,0.07
76.51,34613,5864,23,502,48,1.15,1,4.35,5251,11.16,25,0.05
77.55,35117,5880,23,504,16,1.04,1,4.35,5251,11.16,10,0.03
78.77,35621,5908,23,504,28,1.22,1,4.35,5251,11.16,5,0.01
80,36125,5924,23,504,16,1.23,1,4.35,5251,11.16,235,0.64
81.21,36627,5948,23,502,24,1.22,1,4.35,5251,11.16,20,0.04
82.44,37131,5960,23,504,12,1.23,1,4.35,5251,11.16,200,0.5
83.5,37631,5980,23,500,20,1.05,1,4.35,5251,11.16,140,0.28
84.52,38135,5992,23,504,12,1.02,1,4.35,5251,11.16,15,0.03
85.61,38638,6028,23,503,36,1.1,1,4.35,5251,11.16,20,0.05
86.71,39138,6048,23,500,20,1.1,1,4.35,5251,11.16,55,0.1
87.87,39640,6072,23,502,24,1.16,1,4.35,5251,11.16,70,0.19
89.02,40140,6100,23,500,28,1.15,1,4.35,5251,11.16,5,0.02
90.26,40642,6108,23,502,8,1.24,1,4.35,5251,11.16,100,0.25
91.43,41142,6120,23,500,12,1.17,1,4.35,5251,11.16,60,0.15
92.58,41642,6136,23,500,16,1.15,1,4.35,5251,11.16,5,0.01
93.64,42142,6152,23,500,16,1.06,1,4.35,5251,11.16,5,0.01
94.8,42645,6168,23,503,16,1.16,1,4.35,5251,11.16,135,0.34
95.91,43145,6204,23,500,36,1.11,1,4.35,5251,11.16,80,0.19
97.05,43646,6220,23,501,16,1.14,1,4.35,5251,11.16,35,0.08
98.19,44150,6232,23,504,12,1.14,1,4.35,5251,11.16,50,0.11
99.35,44652,6264,23,502,32,1.17,1,4.35,5251,11.16,30,0.07
100.59,45155,6296,23,503,32,1.23,1,4.35,5251,11.16,20,0.05
101.74,45657,6316,23,502,20,1.15,1,4.35,5251,11.16,65,0.17
102.99,46157,6332,23,500,16,1.25,1,4.35,5251,11.16,110,0.26
104.09,46658,6352,23,501,20,1.1,1,4.35,5251,11.16,80,0.17
105.29,47161,6372,23,503,20,1.2,1,4.35,5251,11.16,210,0.53
106.57,47665,6412,23,504,40,1.28,1,4.35,5251,11.16,5,0.01
107.76,48168,6440,23,503,28,1.19,1,4.35,5251,11.16,40,0.1
108.98,48672,6456,23,504,16,1.21,1,4.35,5251,11.16,70,0.16
110.19,49172,6476,23,500,20,1.21,1,4.35,5251,11.16,205,0.51
111.36,49672,6508,23,500,32,1.17,1,4.35,5251,11.16,15,0.04
112.6,50172,6536,23,500,28,1.24,2,8.7,5251,11.16,30,0.08
113.67,50675,6556,23,503,20,1.07,1,4.35,5251,11.16,130,0.31
114.77,51176,6560,23,501,4,1.11,1,4.35,5251,11.16,210,0.48
115.89,51678,6584,23,502,24,1.12,1,4.35,5251,11.16,35,0.07
117.05,52182,6596,23,504,12,1.15,1,4.35,5251,11.16,180,0.38
118.24,52684,6624,23,502,28,1.2,1,4.35,5251,11.16,155,0.39
119.39,53187,6652,23,503,28,1.15,1,4.35,5251,11.16,180,0.43
120.64,53691,6676,23,504,24,1.24,1,4.35,5251,11.16,30,0.08
121.79,54193,6700,23,502,24,1.15,1,4.35,5251,11.16,170,0.4
122.88,54697,6708,23,504,8,1.09,1,4.35,5251,11.16,15,0.02
124.01,55200,6740,23,503,32,1.13,1,4.35,5251,11.16,50,0.13
125.13,55704,6772,23,504,32,1.12,1,4.35,5251,11.16,35,0.09
126.45,56207,6804,23,503,32,1.32,1,4.35,5251,11.16,95,0.24
127.6,56707,6824,23,500,20,1.15,2,8.7,5251,11.16,115,0.28
128.82,57208,6840,23,501,16,1.22,1,4.35,5251,11.16,190,0.44
130.13,57712,6856,23,504,16,1.31,1,4.35,5251,11.16,75,0.21
131.31,58213,6884,23,501,28,1.18,1,4.35,5251,11.16,15,0.05
132.53,58715,6904,23,502,20,1.21,1,4.35,5251,11.16,10,0.03
133.8,59215,6936,23,500,32,1.27,1,4.35,5251,11.16,110,0.31
134.99,59715,6956,23,500,20,1.19,1,4.35,5251,11.16,110,0.27
136.1,60217,6984,23,502,28,1.11,1,4.35,5251,11.16,75,0.15
137.27,60721,7012,23,504,28,1.17,1,4.35,5251,11.16,100,0.23
138.48,61222,7048,23,501,36,1.21,1,4.35,5251,11.16,40,0.09
139.6,61726,7056,23,504,8,1.12,1,4.35,5251,11.16,50,0.11
140.69,62229,7084,23,503,28,1.1,1,4.35,5251,11.16,40,0.1
141.8,62730,7100,23,501,16,1.11,1,4.35,5251,11.16,15,0.03
143.02,63230,7128,23,500,28,1.21,1,4.35,5251,11.16,100,0.21
144.09,63732,7152,23,502,24,1.07,1,4.35,5251,11.16,55,0.13
145.26,64232,7168,23,500,16,1.17,1,4.35,5251,11.16,40,0.08
146.45,64735,7180,23,503,12,1.19,1,4.35,5251,11.16,35,0.09
147.65,65236,7204,23,501,24,1.2,1,4.35,5251,11.16,160,0.36
148.86,65740,7232,23,504,28,1.21,1,4.35,5251,11.16,40,0.1
150.04,66243,7240,23,503,8,1.18,1,4.35,5251,11.16,190,0.41
151.06,66745,7256,23,502,16,1.02,1,4.35,5251,11.16,5,0.01
152.2,67246,7284,23,501,28,1.14,1,4.35,5251,11.16,30,0.08
153.32,67748,7308,23,502,24,1.12,1,4.35,5251,11.16,30,0.05
154.51,68250,7328,23,502,20,1.19,1,4.35,5251,11.16,80,0.19
155.62,68750,7352,23,500,24,1.12,1,4.35,5251,11.16,40,0.08
156.84,69251,7396,23,501,44,1.22,1,4.35,5251,11.16,80,0.23
158.01,69755,7412,23,504,16,1.16,1,4.35,5251,11.16,25,0.07
159.17,70255,7440,23,500,28,1.16,1,4.35,5251,11.16,95,0.22
160.31,70757,7472,23,502,32,1.14,1,4.35,5251,11.16,5,0.01
161.55,71260,7484,23,503,12,1.24,1,4.35,5251,11.16,15,0.04
162.84,71764,7520,23,504,36,1.3,1,4.35,5251,11.16,60,0.14
163.98,72266,7548,23,502,28,1.13,1,4.35,5251,11.16,45,0.09
165.06,72766,7580,23,500,32,1.08,1,4.35,5251,11.16,20,0.04
166.22,73266,7604,23,500,24,1.16,1,4.35,5251,11.16,65,0.14
167.33,73767,7628,23,501,24,1.11,2,8.7,5251,11.16,5,0.01
168.46,74270,7636,23,503,8,1.14,1,4.35,5251,11.16,65,0.12
169.66,74770,7652,23,500,16,1.19,1,4.35,5251,11.16,10,0.03
170.86,75272,7680,23,502,28,1.2,1,4.35,5251,11.16,40,0.12
172.12,75775,7708,23,503,28,1.27,1,4.35,5251,11.16,40,0.1
173.44,76275,7732,23,500,24,1.32,1,4.35,5251,11.16,15,0.04
174.62,76777,7768,23,502,36,1.17,1,4.35,5251,11.16,75,0.17
175.79,77281,7804,23,504,36,1.17,1,4.35,5251,11.16,60,0.14
176.9,77784,7820,23,503,16,1.11,1,4.35,5251,11.16,75,0.19
178.2,78286,7852,23,502,32,1.3,1,4.35,5251,11.16,70,0.18
179.41,78788,7872,23,502,20,1.22,1,4.35,5251,11.16,50,0.12
180.74,79289,7884,23,501,12,1.33,1,4.35,5251,11.16,75,0.2
182.14,79791,7912,23,502,28,1.4,1,4.35,5251,11.16,45,0.13
183.37,80295,7936,23,504,24,1.23,1,4.35,5251,11.16,5,0.02
184.6,80799,7956,23,504,20,1.23,1,4.35,5251,11.16,165,0.41
185.93,81301,7988,23,502,32,1.34,1,4.35,5251,11.16,65,0.16
187.02,81805,8004,23,504,16,1.08,1,4.35,5251,11.16,145,0.34
188.2,82309,8028,23,504,24,1.18,1,4.35,5251,11.16,25,0.07
189.33,82810,8048,23,501,20,1.13,1,4.35,5251,11.16,125,0.28
190.55,83311,8068,23,501,20,1.22,1,4.35,5251,11.16,115,0.31
191.72,83812,8104,23,501,36,1.17,1,4.35,5251,11.16,20,0.04
192.9,84314,8132,23,502,28,1.18,1,4.35,5251,11.16,20,0.06
194.05,84817,8148,23,503,16,1.15,1,4.35,5251,11.16,65,0.14
195.26,85317,8164,23,500,16,1.2,1,4.35,5251,11.16,180,0.44
196.42,85820,8180,23,503,16,1.16,1,4.35,5251,11.16,115,0.25
197.58,86320,8200,23,500,20,1.17,1,4.35,5251,11.16,15,0.03
198.76,86821,8224,23,501,24,1.17,1,4.35,5251,11.16,90,0.21
199.86,87322,8268,23,501,44,1.1,1,4.35,5251,11.16,40,0.09
201.05,87826,8280,23,504,12,1.19,1,4.35,5251,11.16,75,0.16
202.22,88327,8300,23,501,20,1.17,1,4.35,5251,11.16,85,0.22
203.47,88831,8328,23,504,28,1.25,1,4.35,5251,11.16,50,0.13
204.66,89334,8356,23,503,28,1.19,1,4.35,5251,11.16,35,0.07
205.83,89838,8392,23,504,36,1.16,1,4.35,5251,11.16,75,0.18
206.91,90340,8416,23,502,24,1.08,1,4.35,5251,11.16,30,0.05
208.11,90841,8448,23,501,32,1.2,1,4.35,5251,11.16,25,0.06
209.3,91341,8472,23,500,24,1.19,1,4.35,5251,11.16,10,0.02
210.4,91843,8492,23,502,20,1.1,1,4.35,5251,11.16,160,0.33
211.64,92346,8540,23,503,48,1.24,1,4.35,5251,11.16,70,0.18
212.8,92850,8552,23,504,12,1.16,1,4.35,5251,11.16,330,0.75
213.99,93350,8568,23,500,16,1.19,1,4.35,5251,11.16,245,0.6
215.18,93851,8596,23,501,28,1.19,1,4.35,5251,11.16,95,0.23
216.41,94353,8608,23,502,12,1.23,1,4.35,5251,11.16,15,0.03
217.6,94855,8628,23,502,20,1.19,1,4.35,5251,11.16,5,0.02
218.81,95357,8648,23,502,20,1.21,1,4.35,5251,11.16,10,0.02
219.95,95858,8692,23,501,44,1.14,1,4.35,5251,11.16,20,0.04
221.08,96361,8704,23,503,12,1.14,1,4.35,5251,11.16,240,0.55
222.35,96861,8736,23,500,32,1.26,1,4.35,5251,11.16,105,0.25
223.43,97365,8748,23,504,12,1.09,1,4.35,5251,11.16,85,0.17
224.61,97869,8780,23,504,32,1.18,1,4.35,5251,11.16,50,0.12
225.82,98372,8828,23,503,48,1.21,1,4.35,5251,11.16,70,0.16
226.98,98875,8868,23,503,40,1.15,2,8.7,5251,11.16,90,0.2
228.19,99378,8884,23,503,16,1.21,1,4.35,5251,11.16,25,0.06
229.44,99881,8892,23,503,8,1.25,1,4.35,5251,11.16,235,0.57
230.63,100381,8900,23,500,8,1.19,1,4.35,5251,11.16,105,0.23
231.85,100885,8936,23,504,36,1.22,1,4.35,5251,11.16,25,0.07
233.02,101388,8948,23,503,12,1.18,1,4.35,5251,11.16,120,0.28
234.15,101888,8964,23,500,16,1.12,1,4.35,5251,11.16,115,0.26
235.34,102392,8984,23,504,20,1.2,2,8.7,5251,11.16,145,0.37
236.46,102894,8996,23,502,12,1.11,1,4.35,5251,11.16,90,0.19
237.65,103397,9028,23,503,32,1.19,1,4.35,5251,11.16,20,0.05
238.74,103899,9068,23,502,40,1.09,1,4.35,5251,11.16,10,0.02
239.87,104402,9084,23,503,16,1.13,1,4.35,5251,11.16,10,0.02
241.09,104905,9140,23,503,56,1.22,1,4.35,5251,11.16,5,0.01
242.31,105407,9172,23,502,32,1.22,1,4.35,5251,11.16,140,0.33
243.53,105911,9196,23,504,24,1.22,1,4.35,5251,11.16,85,0.22
244.74,106411,9208,23,500,12,1.21,1,4.35,5251,11.16,105,0.23
245.96,106911,9240,23,500,32,1.22,1,4.35,5251,11.16,5,0.02
247.13,107415,9260,23,504,20,1.16,1,4.35,5251,11.16,65,0.16
248.39,107915,9304,23,500,44,1.27,1,4.35,5251,11.16,0,0
249.55,108419,9320,23,504,16,1.15,1,4.35,5251,11.16,150,0.38
250.75,108923,9340,23,504,20,1.2,1,4.35,5251,11.16,35,0.1
252.01,109427,9356,23,504,16,1.26,1,4.35,5251,11.16,295,0.72
253.19,109931,9364,23,504,8,1.18,1,4.35,5251,11.16,405,0.92
254.44,110431,9384,23,500,20,1.25,1,4.35,5251,11.16,100,0.26
255.61,110933,9404,23,502,20,1.17,1,4.35,5251,11.16,15,0.04
256.78,111434,9436,23,501,32,1.16,1,4.35,5251,11.16,225,0.53
257.83,111937,9464,23,503,28,1.05,1,4.35,5251,11.16,10,0.02
258.95,112438,9480,23,501,16,1.12,1,4.35,5251,11.16,65,0.14
260.09,112938,9512,23,500,32,1.15,1,4.35,5251,11.16,30,0.07
261.17,113442,9540,23,504,28,1.08,1,4.35,5251,11.16,25,0.05
262.33,113946,9560,23,504,20,1.17,1,4.35,5251,11.16,15,0.03
263.54,114449,9604,23,503,44,1.2,1,4.35,5251,11.16,40,0.09
264.74,114953,9616,23,504,12,1.2,1,4.35,5251,11.16,65,0.13
265.84,115457,9644,23,504,28,1.1,1,4.35,5251,11.16,35,0.08
266.95,115957,9660,23,500,16,1.11,1,4.35,5251,11.16,30,0.07
268.16,116461,9688,23,504,28,1.21,2,8.7,5251,11.16,5,0.01
269.24,116963,9720,23,502,32,1.08,1,4.35,5251,11.16,90,0.18
270.34,117465,9740,23,502,20,1.1,1,4.35,5251,11.16,130,0.27
271.64,117969,9760,23,504,20,1.3,1,4.35,5251,11.16,305,0.76
272.86,118473,9772,23,504,12,1.22,1,4.35,5251,11.16,30,0.07
274,118976,9788,23,503,16,1.13,1,4.35,5251,11.16,75,0.17
275.13,119477,9828,23,501,40,1.14,1,4.35,5251,11.16,50,0.13
276.42,119980,9864,23,503,36,1.29,1,4.35,5251,11.16,130,0.36
277.61,120481,9916,23,501,52,1.19,1,4.35,5251,11.16,30,0.08
278.84,120982,9944,23,501,28,1.23,1,4.35,5251,11.16,215,0.52
280.01,121485,9960,23,503,16,1.17,1,4.35,5251,11.16,195,0.45
281.23,121985,9988,23,500,28,1.22,1,4.35,5251,11.16,40,0.1
282.43,122486,10004,23,501,16,1.2,1,4.35,5251,11.16,105,0.26
283.67,122989,10048,23,503,44,1.24,1,4.35,5251,11.16,10,0.03
284.69,123493,10076,23,504,28,1.02,1,4.35,5251,11.16,45,0.1
285.83,123995,10108,23,502,32,1.15,1,4.35,5251,11.16,190,0.49
287.26,124498,10152,23,503,44,1.43,1,4.35,5251,11.16,10,0.03
288.63,125000,10176,23,502,24,1.37,1,4.35,5251,11.16,120,0.32
289.86,125504,10188,23,504,12,1.22,1,4.35,5251,11.16,270,0.64
291.03,126006,10204,23,502,16,1.17,1,4.35,5251,11.16,185,0.42
292.24,126506,10216,23,500,12,1.21,1,4.35,5251,11.16,45,0.11
293.35,127008,10236,23,502,20,1.11,1,4.35,5251,11.16,45,0.1
294.58,127510,10276,23,502,40,1.22,1,4.35,5251,11.16,10,0.03
295.93,128012,10312,23,502,36,1.35,1,4.35,5251,11.16,15,0.03
297.02,128513,10332,23,501,20,1.09,1,4.35,5251,11.16,15,0.04
298.2,129013,10368,23,500,36,1.18,1,4.35,5251,11.16,65,0.16
299.33,129513,10388,23,500,20,1.13,1,4.35,5251,11.16,35,0.09
300.51,130013,10424,23,500,36,1.18,1,4.35,5251,11.16,125,0.32
301.64,130514,10452,23,501,28,1.13,1,4.35,5251,11.16,95,0.23
302.82,131017,10472,23,503,20,1.18,1,4.35,5251,11.16,85,0.19
304.02,131517,10492,23,500,20,1.2,1,4.35,5251,11.16,5,0.01
305.06,132017,10520,23,500,28,1.04,1,4.35,5251,11.16,5,0.01
306.22,132521,10544,23,504,24,1.16,1,4.35,5251,11.16,90,0.2
307.39,133021,10572,23,500,28,1.18,1,4.35,5251,11.16,75,0.2
308.56,133525,10600,23,504,28,1.17,2,8.7,5251,11.16,5,0.01
309.64,134026,10632,23,501,32,1.08,1,4.35,5251,11.16,90,0.22
310.91,134528,10668,23,502,36,1.27,1,4.35,5251,11.16,20,0.04
312,135029,10688,23,501,20,1.08,1,4.35,5251,11.16,25,0.06
313.14,135530,10692,23,501,4,1.14,1,4.35,5251,11.16,70,0.16
314.29,136032,10700,23,502,8,1.15,1,4.35,5251,11.16,145,0.36
315.44,136534,10720,23,502,20,1.15,1,4.35,5251,11.16,240,0.53
316.58,137038,10748,23,504,28,1.14,1,4.35,5251,11.16,50,0.1
317.61,137539,10768,23,501,20,1.04,1,4.35,5251,11.16,45,0.08
318.8,138042,10804,23,503,36,1.18,1,4.35,5251,11.16,140,0.32
319.97,138545,10816,23,503,12,1.17,1,4.35,5251,11.16,70,0.17
321.21,139048,10840,23,503,24,1.23,1,4.35,5251,11.16,75,0.21
322.31,139548,10860,23,500,20,1.1,1,4.35,5251,11.16,0,0
323.44,140052,10888,23,504,28,1.13,1,4.35,5251,11.16,65,0.14
324.49,140554,10900,23,502,12,1.05,1,4.35,5251,11.16,35,0.09
325.67,141057,10928,23,503,28,1.17,1,4.35,5251,11.16,10,0.03
326.92,141561,10956,23,504,28,1.25,1,4.35,5251,11.16,125,0.25
328.05,142063,10984,23,502,28,1.13,1,4.35,5251,11.16,150,0.33
329.27,142564,11016,23,501,32,1.22,1,4.35,5251,11.16,40,0.09
330.38,143068,11040,23,504,24,1.11,1,4.35,5251,11.16,115,0.25
331.56,143568,11068,23,500,28,1.18,1,4.35,5251,11.16,120,0.28
332.75,144068,11096,23,500,28,1.19,1,4.35,5251,11.16,0,0
333.99,144568,11120,23,500,24,1.23,1,4.35,5251,11.16,70,0.17
335.24,145071,11136,23,503,16,1.25,1,4.35,5251,11.16,110,0.28
336.45,145575,11148,23,504,12,1.21,1,4.35,5251,11.16,20,0.05
337.8,146075,11168,23,500,20,1.35,1,4.35,5251,11.16,110,0.3
338.99,146576,11180,23,501,12,1.19,1,4.35,5251,11.16,100,0.23
340.09,147080,11204,23,504,24,1.09,1,4.35,5251,11.16,100,0.22
341.26,147584,11224,23,504,20,1.18,1,4.35,5251,11.16,45,0.11
342.67,148084,11244,23,500,20,1.41,1,4.35,5251,11.16,5,0.01
343.91,148587,11268,23,503,24,1.24,1,4.35,5251,11.16,105,0.25
345.18,149091,11300,23,504,32,1.27,1,4.35,5251,11.16,90,0.23
346.25,149591,11316,23,500,16,1.07,1,4.35,5251,11.16,165,0.34
347.35,150091,11328,23,500,12,1.1,1,4.35,5251,11.16,90,0.2
348.61,150594,11344,23,503,16,1.26,1,4.35,5251,11.16,320,0.81
349.88,151098,11380,23,504,36,1.27,1,4.35,5251,11.16,20,0.05
351.2,151599,11412,23,501,32,1.31,1,4.35,5251,11.16,55,0.16
352.47,152103,11436,23,504,24,1.27,1,4.35,5251,11.16,5,0.02
353.61,152607,11448,23,504,12,1.14,1,4.35,5251,11.16,75,0.19
354.76,153110,11460,23,503,12,1.15,1,4.35,5251,11.16,5,0.01
355.98,153610,11508,23,500,48,1.22,1,4.35,5251,11.16,65,0.17
357.26,154113,11520,23,503,12,1.28,1,4.35,5251,11.16,120,0.28
358.43,154615,11548,23,502,28,1.17,1,4.35,5251,11.16,10,0.02
359.69,155117,11556,23,502,8,1.26,1,4.35,5251,11.16,75,0.2
360.99,155621,11584,23,504,28,1.3,1,4.35,5251,11.16,70,0.2
362.14,156124,11604,23,503,20,1.15,1,4.35,5251,11.16,20,0.05
363.23,156627,11632,23,503,28,1.09,1,4.35,5251,11.16,30,0.06
364.45,157130,11652,23,503,20,1.22,1,4.35,5251,11.16,10,0.02
365.65,157630,11676,23,500,24,1.2,1,4.35,5251,11.16,110,0.24
366.94,158133,11696,23,503,20,1.29,1,4.35,5251,11.16,210,0.52
368.13,158633,11712,23,500,16,1.18,1,4.35,5251,11.16,340,0.79
369.33,159134,11728,23,501,16,1.2,1,4.35,5251,11.16,20,0.04
370.52,159634,11752,23,500,24,1.19,1,4.35,5251,11.16,65,0.16
371.71,160136,11780,23,502,28,1.19,1,4.35,5251,11.16,180,0.44
372.99,160640,11812,23,504,32,1.28,1,4.35,5251,11.16,20,0.05
374.21,161140,11812,23,500,0,1.23,0,0,5251,11.16,520,1.28
375.39,161644,11856,23,504,44,1.17,1,4.35,5251,11.16,55,0.12
376.62,162148,11872,23,504,16,1.23,1,4.35,5251,11.16,15,0.05
377.84,162648,11884,23,500,12,1.21,1,4.35,5251,11.16,15,0.02
379.07,163151,11904,23,503,20,1.23,1,4.35,5251,11.16,90,0.22
380.25,163655,11920,23,504,16,1.18,1,4.35,5251,11.16,80,0.19
381.43,164159,11940,23,504,20,1.18,1,4.35,5251,11.16,65,0.16
382.51,164661,11976,23,502,36,1.08,1,4.35,5251,11.16,25,0.05
383.8,165163,11996,23,502,20,1.29,1,4.35,5251,11.16,70,0.16
385.09,165663,12032,23,500,36,1.29,1,4.35,5251,11.16,30,0.07
386.34,166165,12040,23,502,8,1.25,1,4.35,5251,11.16,355,0.95
387.54,166665,12064,23,500,24,1.2,1,4.35,5251,11.16,250,0.57
388.68,167166,12088,23,501,24,1.14,1,4.35,5251,11.16,60,0.15
389.85,167666,12136,23,500,48,1.16,1,4.35,5251,11.16,60,0.15
390.99,168169,12160,23,503,24,1.15,1,4.35,5251,11.16,60,0.14
392.17,168673,12172,23,504,12,1.18,1,4.35,5251,11.16,90,0.2
393.37,169177,12200,23,504,28,1.2,1,4.35,5251,11.16,110,0.3
394.52,169680,12236,23,503,36,1.15,1,4.35,5251,11.16,35,0.08
395.73,170183,12280,23,503,44,1.21,1,4.35,5251,11.16,115,0.3
397.01,170687,12316,23,504,36,1.28,1,4.35,5251,11.16,30,0.07
398.21,171188,12344,23,501,28,1.2,1,4.35,5251,11.16,45,0.1
399.44,171692,12360,23,504,16,1.23,1,4.35,5251,11.16,125,0.29
400.68,172196,12392,23,504,32,1.24,1,4.35,5251,11.16,5,0.01
401.85,172700,12416,23,504,24,1.17,1,4.35,5251,11.16,30,0.08
403.11,173203,12428,23,503,12,1.27,1,4.35,5251,11.16,25,0.06
404.4,173703,12452,23,500,24,1.29,1,4.35,5251,11.16,0,0
405.67,174207,12476,23,504,24,1.27,1,4.35,5251,11.16,60,0.17
406.92,174711,12504,23,504,28,1.25,1,4.35,5251,11.16,40,0.11
408.22,175212,12520,23,501,16,1.3,1,4.35,5251,11.16,100,0.26
409.48,175716,12560,23,504,40,1.26,1,4.35,5251,11.16,35,0.09
410.71,176220,12584,23,504,24,1.23,1,4.35,5251,11.16,10,0.03
411.8,176720,12604,23,500,20,1.09,1,4.35,5251,11.16,85,0.16
412.91,177220,12624,23,500,20,1.11,1,4.35,5251,11.16,240,0.5
414.04,177724,12640,23,504,16,1.13,1,4.35,5251,11.16,155,0.33
415.19,178224,12652,23,500,12,1.15,1,4.35,5251,11.16,235,0.57
416.36,178728,12676,23,504,24,1.17,1,4.35,5251,11.16,25,0.06
417.59,179230,12700,23,502,24,1.22,2,8.7,5251,11.16,135,0.32
418.93,179731,12720,23,501,20,1.34,1,4.35,5251,11.16,20,0.05
420.22,180234,12740,23,503,20,1.29,1,4.35,5251,11.16,130,0.32
421.49,180737,12768,23,503,28,1.27,1,4.35,5251,11.16,50,0.13
422.72,181238,12784,23,501,16,1.23,1,4.35,5251,11.16,135,0.33
423.9,181742,12800,23,504,16,1.17,1,4.35,5251,11.16,120,0.25
425.09,182242,12824,23,500,24,1.19,1,4.35,5251,11.16,45,0.09
426.22,182745,12844,23,503,20,1.13,1,4.35,5251,11.16,15,0.03
427.38,183248,12880,23,503,36,1.16,1,4.35,5251,11.16,25,0.06
428.56,183752,12904,23,504,24,1.17,1,4.35,5251,11.16,30,0.06
429.72,184253,12928,23,501,24,1.16,1,4.35,5251,11.16,280,0.65
430.95,184755,12944,23,502,16,1.24,2,8.7,5251,11.16,90,0.23
432.33,185255,12968,23,500,24,1.38,1,4.35,5251,11.16,10,0.11
433.73,185757,12996,23,502,28,1.39,1,4.35,5251,11.16,10,0.02
434.89,186261,13012,23,504,16,1.16,1,4.35,5251,11.16,5,0.01
436.11,186764,13040,23,503,28,1.22,1,4.35,5251,11.16,50,0.11
437.36,187264,13072,23,500,32,1.25,1,4.35,5251,11.16,85,0.2
438.46,187766,13092,23,502,20,1.1,1,4.35,5251,11.16,55,0.12
439.58,188266,13100,23,500,8,1.12,1,4.35,5251,11.16,215,0.52
440.75,188768,13124,23,502,24,1.18,1,4.35,5251,11.16,5,0.02
442.04,189272,13160,23,504,36,1.29,1,4.35,5251,11.16,95,0.26
443.37,189776,13192,23,504,32,1.33,1,4.35,5251,11.16,55,0.15
444.69,190276,13204,23,500,12,1.31,1,4.35,5251,11.16,15,0.04
445.91,190779,13256,23,503,52,1.22,1,4.35,5251,11.16,35,0.08
447.04,191283,13264,23,504,8,1.13,1,4.35,5251,11.16,340,0.78
448.22,191784,13292,23,501,28,1.19,1,4.35,5251,11.16,50,0.12
449.36,192284,13304,23,500,12,1.14,1,4.35,5251,11.16,75,0.17
450.62,192787,13356,23,503,52,1.26,1,4.35,5251,11.16,165,0.4
451.97,193288,13384,23,501,28,1.34,1,4.35,5251,11.16,155,0.42
453.27,193789,13404,23,501,20,1.3,1,4.35,5251,11.16,45,0.11
454.38,194292,13412,23,503,8,1.12,1,4.35,5251,11.16,335,0.72
455.68,194795,13432,23,503,20,1.29,1,4.35,5251,11.16,100,0.26
456.87,195299,13448,23,504,16,1.2,1,4.35,5251,11.16,45,0.1
458.08,195802,13476,23,503,28,1.2,1,4.35,5251,11.16,55,0.13
459.15,196303,13492,23,501,16,1.07,1,4.35,5251,11.16,105,0.26
460.24,196806,13504,23,503,12,1.09,1,4.35,5251,11.16,75,0.18
461.48,197310,13516,23,504,12,1.24,1,4.35,5251,11.16,135,0.34
462.77,197814,13540,23,504,24,1.29,1,4.35,5251,11.16,55,0.14
463.95,198316,13560,23,502,20,1.18,1,4.35,5251,11.16,25,0.06
465.14,198820,13580,23,504,20,1.19,1,4.35,5251,11.16,30,0.08
466.42,199322,13612,23,502,32,1.28,1,4.35,5251,11.16,175,0.46
467.68,199823,13616,23,501,4,1.26,1,4.35,5251,11.16,485,1.22
468.99,200327,13648,23,504,32,1.31,1,4.35,5251,11.16,40,0.11
470.25,200828,13680,23,501,32,1.26,2,8.7,5251,11.16,90,0.22
471.43,201329,13700,23,501,20,1.18,1,4.35,5251,11.16,140,0.33
472.68,201832,13728,23,503,28,1.25,1,4.35,5251,11.16,15,0.03
473.9,202335,13756,23,503,28,1.22,1,4.35,5251,11.16,90,0.23
475.1,202835,13792,23,500,36,1.2,1,4.35,5251,11.16,5,0.02
476.3,203336,13824,23,501,32,1.2,1,4.35,5251,11.16,15,0.04
477.47,203838,13840,23,502,16,1.17,1,4.35,5251,11.16,270,0.61
478.64,204338,13868,23,500,28,1.17,1,4.35,5251,11.16,115,0.27
479.85,204842,13884,23,504,16,1.21,1,4.35,5251,11.16,35,0.09
481.13,205345,13896,23,503,12,1.28,1,4.35,5251,11.16,20,0.06
482.37,205847,13924,23,502,28,1.24,1,4.35,5251,11.16,60,0.16
483.61,206350,13948,23,503,24,1.24,1,4.35,5251,11.16,15,0.05
484.95,206854,13976,23,504,28,1.34,1,4.35,5251,11.16,160,0.42
486.22,207358,13996,23,504,20,1.27,1,4.35,5251,11.16,45,0.12
487.5,207861,14012,23,503,16,1.28,1,4.35,5251,11.16,25,0.06
488.71,208365,14024,23,504,12,1.21,1,4.35,5251,11.16,205,0.45
489.89,208865,14056,23,500,32,1.18,1,4.35,5251,11.16,70,0.17
491.04,209366,14096,23,501,40,1.15,1,4.35,5251,11.16,115,0.29
492.18,209866,14132,23,500,36,1.14,1,4.35,5251,11.16,0,0
493.43,210366,14160,23,500,28,1.25,1,4.35,5251,11.16,10,0.02
494.53,210867,14180,23,501,20,1.1,1,4.35,5251,11.16,110,0.28
495.8,211370,14212,23,503,32,1.27,1,4.35,5251,11.16,25,0.06
497.06,211872,14224,23,502,12,1.26,1,4.35,5251,11.16,40,0.1
498.31,212376,14260,23,504,36,1.25,1,4.35,5251,11.16,80,0.16
499.5,212880,14292,23,504,32,1.2,1,4.35,5251,11.16,30,0.07
500.75,213382,14328,23,502,36,1.24,1,4.35,5251,11.16,60,0.15
501.94,213884,14344,23,502,16,1.2,1,4.35,5251,11.16,160,0.37
503.23,214384,14372,23,500,28,1.29,1,4.35,5251,11.16,30,0.07
504.32,214886,14388,23,502,16,1.08,1,4.35,5251,11.16,10,0.02
505.5,215388,14408,23,502,20,1.19,1,4.35,5251,11.16,30,0.08
506.56,215889,14428,23,501,20,1.06,1,4.35,5251,11.16,55,0.12
507.71,216389,14448,23,500,20,1.15,1,4.35,5251,11.16,0,0
508.97,216889,14484,23,500,36,1.26,1,4.35,5251,11.16,70,0.2
510.22,217390,14504,23,501,20,1.25,1,4.35,5251,11.16,95,0.22
511.49,217891,14520,23,501,16,1.27,1,4.35,5251,11.16,215,0.53
512.6,218395,14536,23,504,16,1.11,1,4.35,5251,11.16,70,0.16
513.86,218896,14572,23,501,36,1.26,1,4.35,5251,11.16,35,0.09
515.08,219399,14584,23,503,12,1.21,1,4.35,5251,11.16,35,0.08
516.19,219903,14624,23,504,40,1.11,1,4.35,5251,11.16,85,0.2
517.41,220405,14640,23,502,16,1.22,1,4.35,5251,11.16,260,0.62
518.51,220907,14656,23,502,16,1.1,1,4.35,5251,11.16,5,0.01
519.78,221410,14668,23,503,12,1.27,1,4.35,5251,11.16,55,0.13
521.03,221911,14680,23,501,12,1.25,1,4.35,5251,11.16,5,0.01
522.18,222412,14708,23,501,28,1.15,1,4.35,5251,11.16,115,0.28
523.35,222916,14736,23,504,28,1.18,1,4.35,5251,11.16,35,0.07
524.61,223418,14760,23,502,24,1.26,1,4.35,5251,11.16,55,0.15
525.8,223918,14788,23,500,28,1.19,1,4.35,5251,11.16,0,0
527.02,224420,14820,23,502,32,1.22,1,4.35,5251,11.16,75,0.2
528.35,224924,14836,23,504,16,1.33,1,4.35,5251,11.16,195,0.48
529.66,225424,14844,23,500,8,1.31,1,4.35,5251,11.16,160,0.42
530.91,225928,14876,23,504,32,1.25,1,4.35,5251,11.16,45,0.11
532.13,226428,14892,23,500,16,1.22,1,4.35,5251,11.16,30,0.09
533.25,226932,14912,23,504,20,1.12,1,4.35,5251,11.16,20,0.05
534.56,227433,14948,23,501,36,1.31,1,4.35,5251,11.16,120,0.34
535.73,227934,14972,23,501,24,1.17,1,4.35,5251,11.16,30,0.06
536.94,228436,14996,23,502,24,1.2,1,4.35,5251,11.16,20,0.05
538.09,228940,15024,23,504,28,1.15,1,4.35,5251,11.16,10,0.03
539.3,229442,15036,23,502,12,1.21,1,4.35,5251,11.16,85,0.22
540.64,229945,15044,23,503,8,1.34,1,4.35,5251,11.16,10,0.03
541.84,230445,15080,23,500,36,1.2,1,4.35,5251,11.16,40,0.1
543.06,230949,15096,23,504,16,1.22,1,4.35,5251,11.16,30,0.07
544.34,231453,15108,23,504,12,1.28,1,4.35,5251,11.16,15,0.04
545.49,231957,15156,23,504,48,1.15,1,4.35,5251,11.16,45,0.1
546.72,232461,15172,23,504,16,1.23,1,4.35,5251,11.16,195,0.44
547.91,232965,15204,23,504,32,1.19,1,4.35,5251,11.16,130,0.29
549.11,233467,15232,23,502,28,1.2,1,4.35,5251,11.16,5,0.02
550.44,233967,15272,23,500,40,1.32,1,4.35,5251,11.16,50,0.16
551.65,234471,15292,23,504,20,1.21,1,4.35,5251,11.16,145,0.38
552.9,234972,15328,23,501,36,1.25,1,4.35,5251,11.16,10,0.02
554.1,235472,15348,23,500,20,1.2,1,4.35,5251,11.16,60,0.15
555.27,235976,15368,23,504,20,1.17,1,4.35,5251,11.16,220,0.53
556.55,236476,15396,23,500,28,1.28,1,4.35,5251,11.16,90,0.22
557.93,236976,15428,23,500,32,1.38,1,4.35,5251,11.16,15,0.02
559.29,237478,15456,23,502,28,1.36,1,4.35,5251,11.16,175,0.48
560.64,237981,15472,23,503,16,1.35,1,4.35,5251,11.16,15,0.03
561.87,238481,15512,23,500,40,1.23,1,4.35,5251,11.16,30,0.08
563.05,238981,15540,23,500,28,1.19,1,4.35,5251,11.16,35,0.07
564.3,239482,15556,23,501,16,1.24,1,4.35,5251,11.16,45,0.13
565.51,239984,15584,23,502,28,1.21,1,4.35,5251,11.16,90,0.25
566.71,240487,15608,23,503,24,1.2,1,4.35,5251,11.16,45,0.12
567.8,240989,15624,23,502,16,1.1,1,4.35,5251,11.16,55,0.13
568.98,241490,15656,23,501,32,1.17,1,4.35,5251,11.16,70,0.15
570.21,241991,15684,23,501,28,1.23,1,4.35,5251,11.16,260,0.64
571.42,242494,15712,23,503,28,1.21,1,4.35,5251,11.16,20,0.05
572.67,242994,15736,23,500,24,1.25,1,4.35,5251,11.16,15,0.03
574,243497,15780,23,503,44,1.33,1,4.35,5251,11.16,45,0.12
575.33,243999,15792,23,502,12,1.33,1,4.35,5251,11.16,90,0.25
576.47,244499,15804,23,500,12,1.15,1,4.35,5251,11.16,25,0.05
577.61,245000,15844,23,501,40,1.13,1,4.35,5251,11.16,155,0.35
578.59,245501,15876,23,501,32,0.99,1,4.35,5251,11.16,45,0.08
579.81,246003,15904,23,502,28,1.21,1,4.35,5251,11.16,5,0.01
581.13,246507,15944,23,504,40,1.32,1,4.35,5251,11.16,70,0.17
582.42,247011,15972,23,504,28,1.3,1,4.35,5251,11.16,55,0.15
583.81,247514,15980,23,503,8,1.39,1,4.35,5251,11.16,215,0.54
584.97,248018,16008,23,504,28,1.16,1,4.35,5251,11.16,55,0.14
586.25,248519,16024,23,501,16,1.29,1,4.35,5251,11.16,25,0.06
587.66,249023,16040,23,504,16,1.4,1,4.35,5251,11.16,50,0.15
588.93,249524,16052,23,501,12,1.28,1,4.35,5251,11.16,60,0.15
590.23,250028,16108,23,504,56,1.3,1,4.35,5251,11.16,15,0.03
591.59,250529,16124,23,501,16,1.36,1,4.35,5251,11.16,80,0.23
592.84,251030,16148,23,501,24,1.25,1,4.35,5251,11.16,5,0.01
593.98,251531,16160,23,501,12,1.14,1,4.35,5251,11.16,10,0.02
595.32,252034,16172,23,503,12,1.34,1,4.35,5251,11.16,95,0.28
596.6,252535,16176,23,501,4,1.28,1,4.35,5251,11.16,135,0.32
597.64,253038,16204,23,503,28,1.04,1,4.35,5251,11.16,50,0.13
598.9,253538,16220,23,500,16,1.26,1,4.35,5251,11.16,70,0.18
600.12,254038,16244,23,500,24,1.22,1,4.35,5251,11.16,30,0.06
601.18,254539,16260,23,501,16,1.06,1,4.35,5251,11.16,15,0.03
602.42,255040,16288,23,501,28,1.24,1,4.35,5251,11.16,65,0.16
603.61,255543,16316,23,503,28,1.19,1,4.35,5251,11.16,150,0.35
604.83,256044,16336,23,501,20,1.22,1,4.35,5251,11.16,115,0.28
606.15,256548,16368,23,504,32,1.32,1,4.35,5251,11.16,55,0.16
607.65,257051,16396,23,503,28,1.5,1,4.35,5251,11.16,60,0.16
609.02,257551,16436,23,500,40,1.37,1,4.35,5251,11.16,0,0
610.3,258054,16456,23,503,20,1.28,1,4.35,5251,11.16,20,0.04
611.52,258558,16488,23,504,32,1.22,1,4.35,5251,11.16,65,0.14
612.75,259058,16524,23,500,36,1.23,1,4.35,5251,11.16,20,0.04
614.01,259559,16540,23,501,16,1.26,1,4.35,5251,11.16,35,0.09
615.14,260061,16564,23,502,24,1.13,1,4.35,5251,11.16,30,0.06
616.17,260562,16588,23,501,24,1.03,1,4.35,5251,11.16,55,0.1
617.3,261065,16612,23,503,24,1.13,1,4.35,5251,11.16,65,0.14
618.5,261566,16632,23,501,20,1.2,1,4.35,5251,11.16,100,0.29
619.96,262067,16648,23,501,16,1.46,1,4.35,5251,11.16,10,0.03
621.21,262571,16680,23,504,32,1.24,1,4.35,5251,11.16,15,0.03
622.39,263074,16708,23,503,28,1.19,1,4.35,5251,11.16,15,0.04
623.63,263578,16716,23,504,8,1.24,1,4.35,5251,11.16,320,0.75
624.86,264081,16732,23,503,16,1.23,1,4.35,5251,11.16,10,0.02
625.95,264584,16752,23,503,20,1.09,1,4.35,5251,11.16,25,0.06
627.18,265084,16772,23,500,20,1.24,1,4.35,5251,11.16,185,0.42
628.27,265588,16792,23,504,20,1.09,1,4.35,5251,11.16,5,0.01
629.5,266089,16820,23,501,28,1.23,1,4.35,5251,11.16,5,0.01
630.78,266590,16844,23,501,24,1.28,1,4.35,5251,11.16,20,0.05
632.08,267092,16864,23,502,20,1.3,1,4.35,5251,11.16,135,0.34
633.12,267594,16896,23,502,32,1.04,1,4.35,5251,11.16,10,0.02
634.29,268097,16908,23,503,12,1.17,1,4.35,5251,11.16,40,0.11
635.53,268597,16936,23,500,28,1.24,1,4.35,5251,11.16,75,0.18
636.87,269099,16976,23,502,40,1.34,1,4.35,5251,11.16,80,0.21
638.1,269601,16992,23,502,16,1.23,1,4.35,5251,11.16,5,0.01
639.31,270105,17024,23,504,32,1.21,1,4.35,5251,11.16,70,0.16
640.52,270606,17048,23,501,24,1.21,1,4.35,5251,11.16,15,0.03
641.89,271107,17088,23,501,40,1.37,1,4.35,5251,11.16,25,0.09
643.36,271611,17128,23,504,40,1.47,1,4.35,5251,11.16,90,0.23
644.57,272112,17148,23,501,20,1.2,1,4.35,5251,11.16,20,0.06
645.95,272615,17184,23,503,36,1.38,1,4.35,5251,11.16,70,0.19
647.22,273118,17192,23,503,8,1.27,1,4.35,5251,11.16,5,0.01
648.44,273619,17216,23,501,24,1.22,1,4.35,5251,11.16,0,0
649.68,274122,17252,23,503,36,1.23,1,4.35,5251,11.16,10,0.02
650.87,274623,17284,23,501,32,1.2,1,4.35,5251,11.16,0,0
652.05,275123,17324,23,500,40,1.18,1,4.35,5251,11.16,95,0.23
653.34,275627,17340,23,504,16,1.3,1,4.35,5251,11.16,170,0.44
654.57,276128,17356,23,501,16,1.22,1,4.35,5251,11.16,10,0.04
655.85,276632,17376,23,504,20,1.28,1,4.35,5251,11.16,40,0.09
657.04,277135,17408,23,503,32,1.2,1,4.35,5251,11.16,50,0.13
658.22,277638,17436,23,503,28,1.18,1,4.35,5251,11.16,25,0.06
659.38,278140,17464,23,502,28,1.16,1,4.35,5251,11.16,80,0.17
660.54,278642,17488,23,502,24,1.16,1,4.35,5251,11.16,95,0.21
661.76,279143,17512,23,501,24,1.23,1,4.35,5251,11.16,110,0.28
662.9,279646,17540,23,503,28,1.14,1,4.35,5251,11.16,120,0.23
664.11,280149,17564,23,503,24,1.2,1,4.35,5251,11.16,75,0.2
665.43,280649,17592,23,500,28,1.32,1,4.35,5251,11.16,45,0.08
666.64,281149,17616,23,500,24,1.21,1,4.35,5251,11.16,40,0.11
667.78,281652,17636,23,503,20,1.14,1,4.35,5251,11.16,65,0.15
668.93,282152,17652,23,500,16,1.15,1,4.35,5251,11.16,5,0.02
670.25,282654,17684,23,502,32,1.32,2,8.7,5251,11.16,10,0.03
671.4,283154,17720,23,500,36,1.15,1,4.35,5251,11.16,85,0.19
672.6,283654,17748,23,500,28,1.2,1,4.35,5251,11.16,0,0
673.88,284158,17772,23,504,24,1.28,1,4.35,5251,11.16,55,0.14
675.04,284659,17788,23,501,16,1.16,1,4.35,5251,11.16,25,0.06
676.17,285162,17816,23,503,28,1.13,1,4.35,5251,11.16,140,0.32
677.3,285663,17848,23,501,32,1.13,1,4.35,5251,11.16,145,0.36
678.56,286167,17884,23,504,36,1.26,1,4.35,5251,11.16,50,0.13
679.77,286670,17892,23,503,8,1.21,1,4.35,5251,11.16,270,0.66
681.04,287171,17916,23,501,24,1.27,1,4.35,5251,11.16,85,0.22
682.32,287671,17944,23,500,28,1.29,1,4.35,5251,11.16,10,0.03
683.65,288175,17956,23,504,12,1.32,1,4.35,5251,11.16,205,0.59
684.9,288675,17972,23,500,16,1.25,1,4.35,5251,11.16,55,0.15
686.18,289179,17984,23,504,12,1.28,1,4.35,5251,11.16,330,0.83
687.47,289681,18020,23,502,36,1.29,1,4.35,5251,11.16,45,0.1
688.82,290182,18060,23,501,40,1.35,1,4.35,5251,11.16,5,0.01
690,290683,18092,23,501,32,1.18,1,4.35,5251,11.16,0,0
691.2,291185,18108,23,502,16,1.21,1,4.35,5251,11.16,310,0.75
692.36,291686,18136,23,501,28,1.16,1,4.35,5251,11.16,85,0.18
693.5,292190,18152,23,504,16,1.14,1,4.35,5251,11.16,125,0.31
694.74,292694,18172,23,504,20,1.23,1,4.35,5251,11.16,5,0.01
695.98,293194,18208,23,500,36,1.24,1,4.35,5251,11.16,35,0.09
697.11,293696,18232,23,502,24,1.13,1,4.35,5251,11.16,120,0.27
698.4,294196,18284,23,500,52,1.29,1,4.35,5251,11.16,5,0.01
699.67,294700,18292,23,504,8,1.27,1,4.35,5251,11.16,140,0.36
700.93,295204,18308,23,504,16,1.25,1,4.35,5251,11.16,140,0.37
702.16,295704,18348,23,500,40,1.23,1,4.35,5251,11.16,65,0.18
703.5,296207,18360,23,503,12,1.34,1,4.35,5251,11.16,330,0.86
704.76,296707,18376,23,500,16,1.26,1,4.35,5251,11.16,245,0.61
705.97,297209,18412,23,502,36,1.21,1,4.35,5251,11.16,70,0.15
707.13,297709,18432,23,500,20,1.16,1,4.35,5251,11.16,5,0.01
708.31,298212,18444,23,503,12,1.18,1,4.35,5251,11.16,135,0.32
709.55,298712,18468,23,500,24,1.24,1,4.35,5251,11.16,35,0.08
710.71,299212,18488,23,500,20,1.16,1,4.35,5251,11.16,40,0.1
712.15,299715,18520,23,503,32,1.44,1,4.35,5251,11.16,5,0.01
713.36,300219,18552,23,504,32,1.21,1,4.35,5251,11.16,10,0.03
714.65,300719,18568,23,500,16,1.29,1,4.35,5251,11.16,0,0
715.88,301222,18580,23,503,12,1.24,1,4.35,5251,11.16,35,0.09
717.15,301726,18596,23,504,16,1.26,1,4.35,5251,11.16,20,0.05
718.56,302229,18604,23,503,8,1.41,1,4.35,5251,11.16,165,0.52
719.83,302731,18612,23,502,8,1.27,1,4.35,5251,11.16,55,0.14
721.03,303231,18628,23,500,16,1.2,1,4.35,5251,11.16,285,0.68
722.3,303735,18660,23,504,32,1.27,1,4.35,5251,11.16,25,0.07
723.52,304239,18684,23,504,24,1.22,1,4.35,5251,11.16,65,0.13
724.71,304742,18716,23,503,32,1.19,1,4.35,5251,11.16,85,0.19
725.93,305243,18732,23,501,16,1.22,1,4.35,5251,11.16,115,0.29
727.25,305743,18764,23,500,32,1.32,1,4.35,5251,11.16,0,0
728.56,306244,18796,23,501,32,1.31,1,4.35,5251,11.16,5,0.02
729.84,306745,18820,23,501,24,1.28,1,4.35,5251,11.16,10,0.02
731.23,307249,18836,23,504,16,1.39,1,4.35,5251,11.16,100,0.29
732.6,307749,18860,23,500,24,1.37,1,4.35,5251,11.16,0,0
733.85,308252,18868,23,503,8,1.25,1,4.35,5251,11.16,215,0.56
735.11,308756,18904,23,504,36,1.26,1,4.35,5251,11.16,15,0.03
736.4,309259,18920,23,503,16,1.29,1,4.35,5251,11.16,210,0.6
737.6,309762,18932,23,503,12,1.2,1,4.35,5251,11.16,405,0.9
738.84,310264,18940,23,502,8,1.24,1,4.35,5251,11.16,205,0.49
740.09,310764,18988,23,500,48,1.24,1,4.35,5251,11.16,35,0.07
741.35,311266,19020,23,502,32,1.26,1,4.35,5251,11.16,35,0.09
742.51,311767,19048,23,501,28,1.17,1,4.35,5251,11.16,125,0.28
743.7,312270,19068,23,503,20,1.18,1,4.35,5251,11.16,65,0.16
744.98,312770,19084,23,500,16,1.28,1,4.35,5251,11.16,25,0.07
746.27,313273,19116,23,503,32,1.3,1,4.35,5251,11.16,90,0.24
747.84,313775,19136,23,502,20,1.57,1,4.35,5251,11.16,40,0.16
749.21,314279,19152,23,504,16,1.37,1,4.35,5251,11.16,305,0.78
750.47,314783,19168,23,504,16,1.26,1,4.35,5251,11.16,270,0.63
751.64,315286,19184,23,503,16,1.17,1,4.35,5251,11.16,65,0.16
752.82,315788,19220,23,502,36,1.18,1,4.35,5251,11.16,45,0.1
753.9,316291,19232,23,503,12,1.08,1,4.35,5251,11.16,250,0.56
755.14,316793,19276,23,502,44,1.24,1,4.35,5251,11.16,15,0.04
756.3,317296,19288,23,503,12,1.16,1,4.35,5251,11.16,15,0.03
757.41,317798,19308,23,502,20,1.11,1,4.35,5251,11.16,5,0.01
758.76,318302,19344,23,504,36,1.35,1,4.35,5251,11.16,25,0.1
760.05,318805,19360,23,503,16,1.29,1,4.35,5251,11.16,40,0.1
761.3,319306,19368,23,501,8,1.25,1,4.35,5251,11.16,20,0.04
762.59,319806,19384,23,500,16,1.3,1,4.35,5251,11.16,45,0.11
763.94,320309,19408,23,503,24,1.34,1,4.35,5251,11.16,20,0.05
765.13,320810,19436,23,501,28,1.19,1,4.35,5251,11.16,10,0.02
766.5,321310,19448,23,500,12,1.37,1,4.35,5251,11.16,30,0.08
767.79,321810,19484,23,500,36,1.29,1,4.35,5251,11.16,5,0.01
769,322311,19508,23,501,24,1.21,1,4.35,5251,11.16,20,0.05
770.28,322814,19540,23,503,32,1.28,1,4.35,5251,11.16,10,0.02
771.55,323317,19572,23,503,32,1.27,1,4.35,5251,11.16,70,0.25
772.85,323820,19588,23,503,16,1.3,1,4.35,5251,11.16,175,0.4
774.12,324321,19608,23,501,20,1.27,1,4.35,5251,11.16,5,0.01
775.47,324821,19624,23,500,16,1.36,1,4.35,5251,11.16,175,0.53
776.87,325325,19672,23,504,48,1.4,1,4.35,5251,11.16,20,0.04
778.12,325826,19724,23,501,52,1.25,1,4.35,5251,11.16,10,0.02
779.47,326330,19760,23,504,36,1.34,1,4.35,5251,11.16,50,0.12
780.79,326833,19788,23,503,28,1.32,1,4.35,5251,11.16,95,0.27
782.17,327334,19804,23,501,16,1.38,1,4.35,5251,11.16,80,0.2
783.42,327837,19824,23,503,20,1.25,1,4.35,5251,11.16,10,0.03
784.62,328341,19848,23,504,24,1.2,1,4.35,5251,11.16,150,0.39
785.8,328843,19876,23,502,28,1.18,1,4.35,5251,11.16,10,0.03
787.08,329345,19892,23,502,16,1.28,1,4.35,5251,11.16,145,0.35
788.46,329848,19912,23,503,20,1.37,1,4.35,5251,11.16,85,0.26
789.56,330351,19936,23,503,24,1.1,1,4.35,5251,11.16,25,0.05
790.74,330851,19968,23,500,32,1.18,1,4.35,5251,11.16,5,0.01
791.98,331352,20000,23,501,32,1.25,1,4.35,5251,11.16,25,0.06
793.26,331853,20028,23,501,28,1.28,1,4.35,5251,11.16,110,0.28
794.55,332356,20064,23,503,36,1.28,1,4.35,5251,11.16,45,0.12
795.71,332860,20084,23,504,20,1.16,1,4.35,5251,11.16,85,0.23
796.91,333363,20108,23,503,24,1.2,1,4.35,5251,11.16,45,0.1
798.08,333866,20132,23,503,24,1.18,1,4.35,5251,11.16,30,0.09
799.5,334367,20156,23,501,24,1.42,1,4.35,5251,11.16,5,0.01
800.7,334867,20196,23,500,40,1.21,1,4.35,5251,11.16,155,0.37
801.89,335369,20224,23,502,28,1.18,1,4.35,5251,11.16,105,0.26
803.11,335870,20248,23,501,24,1.23,1,4.35,5251,11.16,55,0.11
804.32,336372,20256,23,502,8,1.21,1,4.35,5251,11.16,75,0.23
805.53,336872,20276,23,500,20,1.22,1,4.35,5251,11.16,0,0
806.91,337376,20292,23,504,16,1.37,1,4.35,5251,11.16,100,0.26
808.31,337878,20344,23,502,52,1.4,1,4.35,5251,11.16,0,0
809.49,338382,20360,23,504,16,1.18,1,4.35,5251,11.16,85,0.16
810.62,338884,20388,23,502,28,1.14,1,4.35,5251,11.16,30,0.08
811.94,339385,20416,23,501,28,1.32,1,4.35,5251,11.16,15,0.04
813.2,339888,20424,23,503,8,1.26,1,4.35,5251,11.16,210,0.53
814.58,340390,20444,23,502,20,1.38,1,4.35,5251,11.16,160,0.4
815.8,340893,20456,23,503,12,1.22,1,4.35,5251,11.16,10,0.03
817.03,341397,20488,23,504,32,1.23,1,4.35,5251,11.16,35,0.08
818.2,341897,20516,23,500,28,1.18,1,4.35,5251,11.16,0,0
819.32,342399,20524,23,502,8,1.11,1,4.35,5251,11.16,420,0.94
820.45,342899,20544,23,500,20,1.13,1,4.35,5251,11.16,20,0.04
821.59,343401,20568,23,502,24,1.14,1,4.35,5251,11.16,165,0.35
823.12,343905,20588,23,504,20,1.53,1,4.35,5251,11.16,95,0.32
824.35,344408,20616,23,503,28,1.23,1,4.35,5251,11.16,195,0.47
825.51,344912,20632,23,504,16,1.16,1,4.35,5251,11.16,20,0.05
826.74,345414,20680,23,502,48,1.23,1,4.35,5251,11.16,65,0.15
827.94,345915,20700,23,501,20,1.2,1,4.35,5251,11.16,5,0.01
829.28,346417,20732,23,502,32,1.34,1,4.35,5251,11.16,5,0.02
830.59,346919,20768,23,502,36,1.32,1,4.35,5251,11.16,75,0.19
831.68,347421,20788,23,502,20,1.09,1,4.35,5251,11.16,175,0.36
832.96,347924,20836,23,503,48,1.28,1,4.35,5251,11.16,75,0.21
834.2,348426,20864,23,502,28,1.24,1,4.35,5251,11.16,15,0.03
835.34,348926,20884,23,500,20,1.14,1,4.35,5251,11.16,30,0.08
836.71,349427,20896,23,501,12,1.37,1,4.35,5251,11.16,15,0.03
837.92,349929,20920,23,502,24,1.21,1,4.35,5251,11.16,105,0.23
839.38,350429,20948,23,500,28,1.46,1,4.35,5251,11.16,240,0.69
840.55,350932,20980,23,503,32,1.17,1,4.35,5251,11.16,225,0.51
841.87,351432,21008,23,500,28,1.31,1,4.35,5251,11.16,70,0.15
843.21,351932,21028,23,500,20,1.35,1,4.35,5251,11.16,80,0.17
844.46,352432,21060,23,500,32,1.24,1,4.35,5251,11.16,10,0.02
845.7,352935,21104,23,503,44,1.24,1,4.35,5251,11.16,15,0.04
846.98,353438,21140,23,503,36,1.27,1,4.35,5251,11.16,45,0.1
848.1,353941,21172,23,503,32,1.13,1,4.35,5251,11.16,15,0.04
849.47,354444,21208,23,503,36,1.36,1,4.35,5251,11.16,105,0.31
850.84,354947,21236,23,503,28,1.38,1,4.35,5251,11.16,105,0.29
852.01,355451,21244,23,504,8,1.17,1,4.35,5251,11.16,340,0.8
853.12,355953,21268,23,502,24,1.11,1,4.35,5251,11.16,140,0.35
854.47,356454,21320,23,501,52,1.35,1,4.35,5251,11.16,75,0.19
855.78,356954,21340,23,500,20,1.31,1,4.35,5251,11.16,55,0.14
857.05,357455,21360,23,501,20,1.27,1,4.35,5251,11.16,55,0.16
858.33,357959,21416,23,504,56,1.28,1,4.35,5251,11.16,5,0.01
859.58,358461,21440,23,502,24,1.25,1,4.35,5251,11.16,5,0.02
860.85,358963,21472,23,502,32,1.27,1,4.35,5251,11.16,125,0.31
862.24,359464,21516,23,501,44,1.39,1,4.35,5251,11.16,55,0.19
863.56,359965,21536,23,501,20,1.32,1,4.35,5251,11.16,10,0.03
864.87,360469,21552,23,504,16,1.3,1,4.35,5251,11.16,210,0.57
866.14,360971,21576,23,502,24,1.27,1,4.35,5251,11.16,70,0.16
867.63,361475,21624,23,504,48,1.49,1,4.35,5251,11.16,50,0.19
868.79,361975,21644,23,500,20,1.16,1,4.35,5251,11.16,0,0
870.43,362475,21664,23,500,20,1.64,1,4.35,5251,11.16,70,0.2
871.56,362976,21708,23,501,44,1.13,1,4.35,5251,11.16,35,0.07
872.79,363479,21728,23,503,20,1.23,1,4.35,5251,11.16,60,0.16
874.1,363983,21748,23,504,20,1.31,1,4.35,5251,11.16,20,0.07
875.36,364483,21764,23,500,16,1.26,1,4.35,5251,11.16,115,0.32
876.53,364983,21776,23,500,12,1.17,1,4.35,5251,11.16,340,0.8
877.82,365483,21812,23,500,36,1.29,1,4.35,5251,11.16,70,0.2
879.09,365985,21844,23,502,32,1.27,1,4.35,5251,11.16,15,0.03
880.34,366486,21876,23,501,32,1.25,1,4.35,5251,11.16,205,0.56
881.7,366987,21896,23,501,20,1.36,1,4.35,5251,11.16,105,0.23
882.97,367490,21920,23,503,24,1.27,1,4.35,5251,11.16,90,0.21
884.22,367993,21952,23,503,32,1.25,1,4.35,5251,11.16,5,0.01
885.45,368497,21968,23,504,16,1.23,1,4.35,5251,11.16,55,0.14
886.77,368999,21992,23,502,24,1.32,1,4.35,5251,11.16,5,0.02
888.08,369499,22028,23,500,36,1.31,1,4.35,5251,11.16,20,0.05
889.22,370000,22032,23,501,4,1.14,1,4.35,5251,11.16,220,0.51
890.59,370502,22056,23,502,24,1.37,1,4.35,5251,11.16,10,0.03
891.89,371002,22076,23,500,20,1.3,1,4.35,5251,11.16,65,0.16
893.13,371505,22088,23,503,12,1.25,1,4.35,5251,11.16,150,0.4
894.3,372007,22104,23,502,16,1.16,1,4.35,5251,11.16,90,0.2
895.6,372508,22116,23,501,12,1.3,1,4.35,5251,11.16,80,0.21
896.83,373012,22136,23,504,20,1.24,1,4.35,5251,11.16,340,0.82
898.01,373516,22148,23,504,12,1.17,1,4.35,5251,11.16,255,0.63
899.17,374018,22164,23,502,16,1.16,1,4.35,5251,11.16,310,0.68
900.4,374519,22184,23,501,20,1.23,1,4.35,5251,11.16,45,0.11
901.79,375023,22212,23,504,28,1.39,1,4.35,5251,11.16,145,0.38
903.01,375525,22244,23,502,32,1.22,1,4.35,5251,11.16,110,0.31
904.47,376029,22268,23,504,24,1.46,1,4.35,5251,11.16,40,0.11
905.71,376531,22296,23,502,28,1.25,1,4.35,5251,11.16,175,0.43
907.11,377035,22324,23,504,28,1.4,1,4.35,5251,11.16,35,0.09
908.33,377536,22348,23,501,24,1.22,1,4.35,5251,11.16,60,0.17
909.61,378040,22380,23,504,32,1.28,1,4.35,5251,11.16,70,0.13
910.62,378542,22384,23,502,4,1.02,1,4.35,5251,11.16,100,0.2
911.9,379046,22408,23,504,24,1.28,1,4.35,5251,11.16,30,0.09
913.25,379547,22440,23,501,32,1.35,1,4.35,5251,11.16,5,0.01
914.5,380050,22456,23,503,16,1.25,1,4.35,5251,11.16,75,0.18
915.75,380551,22472,23,501,16,1.25,1,4.35,5251,11.16,350,0.83
916.92,381051,22508,23,500,36,1.17,1,4.35,5251,11.16,25,0.06
918.21,381553,22520,23,502,12,1.29,1,4.35,5251,11.16,100,0.28
919.43,382053,22544,23,500,24,1.22,1,4.35,5251,11.16,40,0.07
920.88,382557,22568,23,504,24,1.45,1,4.35,5251,11.16,120,0.3
922.32,383057,22612,23,500,44,1.44,1,4.35,5251,11.16,15,0.04
923.67,383560,22644,23,503,32,1.35,1,4.35,5251,11.16,45,0.12
924.86,384063,22668,23,503,24,1.19,1,4.35,5251,11.16,195,0.46
926.16,384565,22688,23,502,20,1.31,1,4.35,5251,11.16,60,0.15
927.37,385069,22704,23,504,16,1.21,1,4.35,5251,11.16,70,0.19
928.79,385570,22724,23,501,20,1.42,1,4.35,5251,11.16,115,0.34
930.16,386071,22744,23,501,20,1.36,1,4.35,5251,11.16,60,0.17
931.42,386571,22776,23,500,32,1.26,1,4.35,5251,11.16,35,0.11
932.74,387073,22792,23,502,16,1.32,1,4.35,5251,11.16,130,0.39
934.25,387575,22820,23,502,28,1.51,1,4.35,5251,11.16,70,0.21
935.54,388075,22828,23,500,8,1.29,1,4.35,5251,11.16,20,0.06
936.91,388578,22848,23,503,20,1.37,1,4.35,5251,11.16,100,0.26
938.16,389079,22868,23,501,20,1.24,1,4.35,5251,11.16,50,0.12
939.4,389582,22888,23,503,20,1.25,1,4.35,5251,11.16,30,0.07
940.68,390085,22908,23,503,20,1.28,1,4.35,5251,11.16,65,0.15
942.01,390588,22928,23,503,20,1.33,1,4.35,5251,11.16,10,0.03
943.41,391091,22940,23,503,12,1.39,1,4.35,5251,11.16,45,0.16
944.74,391591,22980,23,500,40,1.34,1,4.35,5251,11.16,0,0
946.09,392095,22996,23,504,16,1.34,1,4.35,5251,11.16,40,0.11
947.48,392595,23012,23,500,16,1.4,1,4.35,5251,11.16,90,0.26
948.89,393097,23036,23,502,24,1.4,1,4.35,5251,11.16,200,0.57
950.37,393598,23056,23,501,20,1.49,1,4.35,5251,11.16,10,0.02
951.69,394100,23076,23,502,20,1.31,1,4.35,5251,11.16,95,0.26
952.89,394602,23104,23,502,28,1.2,1,4.35,5251,11.16,40,0.1
954.32,395104,23132,23,502,28,1.43,1,4.35,5251,11.16,130,0.37
955.57,395604,23148,23,500,16,1.25,1,4.35,5251,11.16,125,0.32
956.88,396107,23176,23,503,28,1.31,1,4.35,5251,11.16,15,0.03
958.17,396608,23200,23,501,24,1.29,1,4.35,5251,11.16,70,0.21
959.67,397111,23232,23,503,32,1.5,1,4.35,5251,11.16,5,0.02
960.99,397612,23248,23,501,16,1.31,1,4.35,5251,11.16,285,0.72
962.22,398115,23272,23,503,24,1.23,1,4.35,5251,11.16,35,0.08
963.65,398618,23296,23,503,24,1.44,1,4.35,5251,11.16,20,0.08
964.95,399120,23320,23,502,24,1.3,1,4.35,5251,11.16,15,0.05
966.28,399620,23340,23,500,20,1.33,1,4.35,5251,11.16,15,0.04
967.58,400122,23360,23,502,20,1.3,1,4.35,5251,11.16,5,0.01
968.95,400623,23380,23,501,20,1.37,1,4.35,5251,11.16,270,0.73
970.16,401123,23404,23,500,24,1.22,1,4.35,5251,11.16,70,0.14
971.44,401626,23428,23,503,24,1.27,1,4.35,5251,11.16,30,0.07
972.65,402126,23460,23,500,32,1.21,1,4.35,5251,11.16,40,0.09
973.87,402630,23472,23,504,12,1.22,1,4.35,5251,11.16,20,0.04
975.29,403131,23488,23,501,16,1.42,1,4.35,5251,11.16,10,0.03
976.48,403631,23500,23,500,12,1.2,1,4.35,5251,11.16,345,0.84
977.62,404133,23516,23,502,16,1.13,1,4.35,5251,11.16,30,0.06
978.87,404633,23532,23,500,16,1.25,1,4.35,5251,11.16,245,0.59
980.14,405133,23556,23,500,24,1.28,1,4.35,5251,11.16,35,0.08
981.44,405636,23576,23,503,20,1.3,1,4.35,5251,11.16,90,0.24
982.69,406138,23592,23,502,16,1.26,1,4.35,5251,11.16,25,0.06
984.02,406640,23620,23,502,28,1.32,1,4.35,5251,11.16,5,0.01
985.33,407140,23656,23,500,36,1.31,1,4.35,5251,11.16,60,0.13
986.58,407642,23684,23,502,28,1.25,1,4.35,5251,11.16,55,0.15
988.06,408144,23700,23,502,16,1.48,1,4.35,5251,11.16,90,0.24
989.25,408645,23720,23,501,20,1.19,1,4.35,5251,11.16,30,0.08
990.62,409149,23752,23,504,32,1.37,1,4.35,5251,11.16,50,0.17
991.89,409651,23788,23,502,36,1.27,1,4.35,5251,11.16,35,0.11
993.1,410153,23804,23,502,16,1.21,1,4.35,5251,11.16,205,0.47
994.36,410655,23836,23,502,32,1.26,1,4.35,5251,11.16,40,0.1
995.81,411155,23860,23,500,24,1.44,1,4.35,5251,11.16,20,0.04
997.07,411655,23876,23,500,16,1.26,1,4.35,5251,11.16,95,0.25
998.36,412155,23900,23,500,24,1.29,1,4.35,5251,11.16,80,0.22
999.77,412659,23936,23,504,36,1.42,1,4.35,5251,11.16,5,0.01
1001.05,413163,23952,23,504,16,1.27,1,4.35,5251,11.16,25,0.07
1002.44,413663,23984,23,500,32,1.39,1,4.35,5251,11.16,105,0.33
1003.84,414166,24016,23,503,32,1.4,1,4.35,5251,11.16,105,0.29
1005.06,414668,24044,23,502,28,1.22,1,4.35,5251,11.16,5,0.01
1006.28,415171,24084,23,503,40,1.23,1,4.35,5251,11.16,50,0.11
1007.52,415675,24100,23,504,16,1.24,1,4.35,5251,11.16,100,0.23
1008.84,416176,24120,23,501,20,1.32,1,4.35,5251,11.16,80,0.18
1010.11,416680,24148,23,504,28,1.27,1,4.35,5251,11.16,5,0.01
1011.32,417181,24164,23,501,16,1.21,1,4.35,5251,11.16,270,0.63
1012.75,417682,24180,23,501,16,1.43,1,4.35,5251,11.16,95,0.31
1014.03,418186,24204,23,504,24,1.28,1,4.35,5251,11.16,345,0.87
1015.3,418686,24232,23,500,28,1.27,1,4.35,5251,11.16,5,0.02
1016.51,419186,24260,23,500,28,1.21,1,4.35,5251,11.16,45,0.11
1017.74,419688,24276,23,502,16,1.23,1,4.35,5251,11.16,145,0.38
1019.12,420189,24296,23,501,20,1.38,1,4.35,5251,11.16,10,0.09
1020.34,420690,24320,23,501,24,1.22,1,4.35,5251,11.16,15,0.03
1021.44,421190,24340,23,500,20,1.09,1,4.35,5251,11.16,65,0.14
1022.96,421692,24368,23,502,28,1.52,1,4.35,5251,11.16,110,0.32
1024.26,422194,24408,23,502,40,1.31,1,4.35,5251,11.16,40,0.11
1025.51,422694,24428,23,500,20,1.25,1,4.35,5251,11.16,80,0.17
1026.85,423197,24460,23,503,32,1.34,1,4.35,5251,11.16,5,0.02
1028.12,423700,24488,23,503,28,1.27,1,4.35,5251,11.16,10,0.03
1029.33,424200,24520,23,500,32,1.21,1,4.35,5251,11.16,0,0
1030.58,424702,24540,23,502,20,1.25,1,4.35,5251,11.16,25,0.07
1031.87,425202,24556,23,500,16,1.29,1,4.35,5251,11.16,35,0.08
1033.23,425706,24588,23,504,32,1.37,1,4.35,5251,11.16,20,0.05
1034.56,426209,24632,23,503,44,1.33,1,4.35,5251,11.16,55,0.15
1035.77,426710,24656,23,501,24,1.21,1,4.35,5251,11.16,180,0.45
1037.1,427213,24668,23,503,12,1.32,1,4.35,5251,11.16,60,0.15
1038.36,427716,24688,23,503,20,1.26,1,4.35,5251,11.16,105,0.25
1039.69,428217,24708,23,501,20,1.33,1,4.35,5251,11.16,215,0.56
1040.94,428717,24728,23,500,20,1.25,1,4.35,5251,11.16,85,0.22
1042.27,429220,24748,23,503,20,1.34,1,4.35,5251,11.16,50,0.13
1043.52,429720,24768,23,500,20,1.24,1,4.35,5251,11.16,80,0.19
1044.84,430221,24808,23,501,40,1.32,1,4.35,5251,11.16,10,0.03
1046.17,430725,24844,23,504,36,1.33,1,4.35,5251,11.16,50,0.15
1047.62,431225,24856,23,500,12,1.45,1,4.35,5251,11.16,280,0.89
1049.21,431726,24880,23,501,24,1.59,1,4.35,5251,11.16,10,0.02
1050.55,432226,24900,23,500,20,1.34,1,4.35,5251,11.16,30,0.08
1052.01,432726,24932,23,500,32,1.46,1,4.35,5251,11.16,55,0.16
1053.28,433228,24960,23,502,28,1.28,1,4.35,5251,11.16,40,0.12
1054.51,433731,24972,23,503,12,1.23,1,4.35,5251,11.16,5,0.01
1055.79,434231,24996,23,500,24,1.28,1,4.35,5251,11.16,55,0.14
1057.16,434734,25028,23,503,32,1.36,1,4.35,5251,11.16,5,0.01
1058.49,435236,25052,23,502,24,1.33,1,4.35,5251,11.16,100,0.32
1059.91,435738,25080,23,502,28,1.41,1,4.35,5251,11.16,15,0.03
1061.19,436241,25116,23,503,36,1.28,1,4.35,5251,11.16,30,0.09
1062.57,436744,25156,23,503,40,1.38,1,4.35,5251,11.16,5,0.01
1063.93,437247,25196,23,503,40,1.35,1,4.35,5251,11.16,55,0.2
1065.18,437747,25224,23,500,28,1.25,1,4.35,5251,11.16,90,0.2
1066.33,438247,25236,23,500,12,1.16,1,4.35,5251,11.16,15,0.03
1067.53,438749,25256,23,502,20,1.2,1,4.35,5251,11.16,70,0.17
1068.91,439252,25268,23,503,12,1.38,1,4.35,5251,11.16,300,0.78
1070.02,439756,25284,23,504,16,1.11,1,4.35,5251,11.16,115,0.23
1071.27,440256,25304,23,500,20,1.24,1,4.35,5251,11.16,170,0.48
1072.45,440756,25328,23,500,24,1.18,1,4.35,5251,11.16,20,0.04
1073.55,441259,25352,23,503,24,1.1,1,4.35,5251,11.16,15,0.03
1074.87,441760,25372,23,501,20,1.32,1,4.35,5251,11.16,5,0.01
1076.09,442264,25412,23,504,40,1.22,1,4.35,5251,11.16,40,0.1
1077.27,442767,25440,23,503,28,1.18,1,4.35,5251,11.16,115,0.28
1078.45,443267,25456,23,500,16,1.18,1,4.35,5251,11.16,40,0.09
1079.81,443769,25488,23,502,32,1.35,1,4.35,5251,11.16,15,0.03
1081.02,444270,25508,23,501,20,1.22,1,4.35,5251,11.16,195,0.48
1082.37,444770,25540,23,500,32,1.35,1,4.35,5251,11.16,45,0.14
1083.57,445270,25560,23,500,20,1.2,1,4.35,5251,11.16,110,0.22
1084.76,445774,25572,23,504,12,1.19,1,4.35,5251,11.16,135,0.37
1085.97,446277,25584,23,503,12,1.22,1,4.35,5251,11.16,15,0.03
1086.99,446777,25592,23,500,8,1.02,1,4.35,5251,11.16,215,0.39
1088.19,447280,25616,23,503,24,1.2,1,4.35,5251,11.16,55,0.18
1089.44,447784,25632,23,504,16,1.24,1,4.35,5251,11.16,50,0.12
1090.62,448286,25640,23,502,8,1.18,1,4.35,5251,11.16,190,0.44
1091.98,448789,25664,23,503,24,1.36,1,4.35,5251,11.16,10,0.03
1093.15,449290,25684,23,501,20,1.17,1,4.35,5251,11.16,65,0.14
1094.39,449794,25696,23,504,12,1.24,1,4.35,5251,11.16,125,0.29
1095.72,450294,25728,23,500,32,1.34,1,4.35,5251,11.16,35,0.08
1096.9,450796,25736,23,502,8,1.18,1,4.35,5251,11.16,130,0.31
1098.17,451296,25768,23,500,32,1.27,1,4.35,5251,11.16,15,0.03
1099.54,451800,25828,23,504,60,1.37,1,4.35,5251,11.16,110,0.3
1100.73,452304,25872,23,504,44,1.2,1,4.35,5251,11.16,120,0.31
1101.97,452804,25904,23,500,32,1.24,1,4.35,5251,11.16,95,0.26
1103.19,453306,25940,23,502,36,1.22,1,4.35,5251,11.16,130,0.28
1104.36,453809,25952,23,503,12,1.17,1,4.35,5251,11.16,45,0.1
1105.61,454309,25964,23,500,12,1.24,1,4.35,5251,11.16,255,0.65
1106.99,454812,25972,23,503,8,1.38,1,4.35,5251,11.16,155,0.43
1108.43,455315,25996,23,503,24,1.44,1,4.35,5251,11.16,65,0.17
1109.67,455816,26032,23,501,36,1.24,1,4.35,5251,11.16,10,0.02
1110.93,456319,26064,23,503,32,1.26,1,4.35,5251,11.16,5,0.02
1112.15,456819,26092,23,500,28,1.21,1,4.35,5251,11.16,10,0.02
1113.32,457322,26104,23,503,12,1.17,1,4.35,5251,11.16,65,0.17
1114.56,457826,26140,23,504,36,1.24,1,4.35,5251,11.16,25,0.05
1115.82,458330,26164,23,504,24,1.26,1,4.35,5251,11.16,70,0.16
1117.11,458833,26184,23,503,20,1.28,1,4.35,5251,11.16,55,0.13
1118.35,459333,26204,23,500,20,1.25,1,4.35,5251,11.16,15,0.04
1119.52,459834,26232,23,501,28,1.17,1,4.35,5251,11.16,70,0.16
1120.82,460338,26248,23,504,16,1.29,1,4.35,5251,11.16,135,0.36
1122.11,460842,26272,23,504,24,1.3,1,4.35,5251,11.16,75,0.21
1123.48,461342,26296,23,500,24,1.36,1,4.35,5251,11.16,250,0.61
1124.73,461845,26348,23,503,52,1.25,1,4.35,5251,11.16,10,0.03
1125.94,462346,26372,23,501,24,1.21,1,4.35,5251,11.16,55,0.13
1127.14,462846,26396,23,500,24,1.21,1,4.35,5251,11.16,200,0.51
1128.38,463347,26416,23,501,20,1.24,1,4.35,5251,11.16,270,0.68
1129.63,463847,26448,23,500,32,1.25,1,4.35,5251,11.16,30,0.07
1130.93,464347,26484,23,500,36,1.3,1,4.35,5251,11.16,15,0.04
1132.07,464847,26496,23,500,12,1.14,1,4.35,5251,11.16,110,0.25
1133.25,465348,26524,23,501,28,1.18,1,4.35,5251,11.16,0,0
1134.47,465851,26536,23,503,12,1.22,1,4.35,5251,11.16,5,0.01
1135.8,466355,26572,23,504,36,1.32,1,4.35,5251,11.16,140,0.36
1137.01,466857,26600,23,502,28,1.21,1,4.35,5251,11.16,90,0.19
1138.15,467360,26612,23,503,12,1.15,1,4.35,5251,11.16,10,0.02
1139.35,467863,26632,23,503,20,1.2,1,4.35,5251,11.16,45,0.12
1140.59,468364,26668,23,501,36,1.24,1,4.35,5251,11.16,10,0.03
1141.99,468865,26696,23,501,28,1.39,1,4.35,5251,11.16,25,0.07
1143.37,469367,26716,23,502,20,1.38,1,4.35,5251,11.16,75,0.18
1144.65,469871,26728,23,504,12,1.28,1,4.35,5251,11.16,50,0.14
1145.87,470375,26740,23,504,12,1.22,1,4.35,5251,11.16,385,0.92
1147.28,470879,26764,23,504,24,1.41,1,4.35,5251,11.16,70,0.22
1148.72,471381,26772,23,502,8,1.44,1,4.35,5251,11.16,145,0.4
1149.93,471882,26776,23,501,4,1.21,1,4.35,5251,11.16,180,0.45
1151.14,472384,26800,23,502,24,1.21,1,4.35,5251,11.16,135,0.32
1152.5,472884,26800,23,500,0,1.36,0,0,5251,11.16,635,1.68
1153.8,473386,26824,23,502,24,1.29,1,4.35,5251,11.16,40,0.09
1155.06,473889,26852,23,503,28,1.27,1,4.35,5251,11.16,30,0.09
1156.43,474393,26868,23,504,16,1.37,1,4.35,5251,11.16,100,0.24
1157.67,474896,26896,23,503,28,1.23,1,4.35,5251,11.16,175,0.47
1158.94,475397,26920,23,501,24,1.27,1,4.35,5251,11.16,70,0.16
1160.15,475898,26960,23,501,40,1.21,1,4.35,5251,11.16,105,0.23
1161.4,476400,27016,23,502,56,1.25,1,4.35,5251,11.16,65,0.13
1162.63,476904,27052,23,504,36,1.23,1,4.35,5251,11.16,55,0.12
1163.8,477407,27076,23,503,24,1.17,1,4.35,5251,11.16,20,0.05
1165.29,477909,27116,23,502,40,1.49,1,4.35,5251,11.16,15,0.04
1166.67,478412,27156,23,503,40,1.37,1,4.35,5251,11.16,5,0.01
1167.9,478913,27184,23,501,28,1.24,1,4.35,5251,11.16,45,0.12
0.99,501,4323,21,501,4323,0.99,4,19.05,289,0.55,80,0.15
1.98,1002,4397,21,501,74,0.99,1,4.76,546,1.08,35,0.06
3.03,1504,4713,21,502,316,1.06,1,4.76,546,1.08,15,0.03
4.06,2004,4713,21,500,0,1.02,0,0,546,1.08,515,1.05
5.12,2507,4881,21,503,168,1.06,2,9.52,575,1.18,190,0.38
6.15,3008,4896,21,501,15,1.03,2,9.52,575,1.18,15,0.03
7.21,3508,4925,21,500,29,1.06,2,9.52,575,1.18,0,0
8.23,4012,4933,21,504,8,1.02,1,4.76,575,1.18,20,0.04
9.27,4516,4949,21,504,16,1.04,1,4.76,575,1.18,125,0.3
10.47,5019,4961,21,503,12,1.21,1,4.76,575,1.18,135,0.34
11.64,5523,4973,21,504,12,1.17,1,4.76,575,1.18,90,0.22
12.83,6026,4989,21,503,16,1.18,1,4.76,575,1.18,15,0.04
13.94,6530,4993,21,504,4,1.11,1,4.76,575,1.18,465,1.03
15.15,7032,4997,21,502,4,1.21,1,4.76,667,1.43,300,0.81
16.31,7536,5009,21,504,12,1.16,1,4.76,667,1.43,30,0.07
17.51,8040,5021,21,504,12,1.2,1,4.76,667,1.43,5,0.01
18.7,8544,5033,21,504,12,1.2,1,4.76,667,1.43,35,0.08
19.92,9044,5049,21,500,16,1.21,1,4.76,667,1.43,5,0.01
21.14,9548,5061,21,504,12,1.22,1,4.76,667,1.43,305,0.72
22.3,10048,5081,21,500,20,1.17,1,4.76,667,1.43,100,0.21
23.31,10549,5097,21,501,16,1,1,4.76,667,1.43,5,0.01
24.39,11050,5121,21,501,24,1.08,1,4.76,667,1.43,40,0.1
25.57,11551,5141,21,501,20,1.17,1,4.76,667,1.43,190,0.44
26.7,12052,5157,21,501,16,1.14,1,4.76,667,1.43,5,0.01
27.85,12555,5173,21,503,16,1.15,1,4.76,667,1.43,280,0.66
29.13,13058,5205,21,503,32,1.28,1,4.76,667,1.43,55,0.16
30.31,13562,5221,21,504,16,1.17,1,4.76,667,1.43,220,0.49
31.48,14063,5249,21,501,28,1.17,2,9.52,667,1.43,5,0.01
32.63,14565,5257,21,502,8,1.15,1,4.76,667,1.43,485,1.11
33.79,15068,5281,21,503,24,1.16,1,4.76,667,1.43,5,0.02
34.96,15571,5305,21,503,24,1.17,1,4.76,667,1.43,15,0.04
36.14,16071,5325,21,500,20,1.18,1,4.76,667,1.43,50,0.11
37.24,16575,5341,21,504,16,1.1,1,4.76,667,1.43,390,0.84
38.43,17079,5357,21,504,16,1.18,1,4.76,667,1.48,100,0.25
39.54,17581,5377,21,502,20,1.12,1,4.76,667,1.48,10,0.02
40.73,18082,5409,21,501,32,1.19,1,4.76,667,1.48,0,0
41.93,18582,5433,21,500,24,1.2,1,4.76,667,1.48,105,0.26
43.06,19083,5453,21,501,20,1.13,1,4.76,667,1.48,20,0.05
44.21,19584,5477,21,501,24,1.15,1,4.76,667,1.48,20,0.03
45.44,20085,5493,21,501,16,1.24,1,4.76,667,1.48,55,0.13
46.62,20585,5517,21,500,24,1.18,1,4.76,667,1.48,15,0.03
47.7,21086,5541,21,501,24,1.08,1,4.76,667,1.48,160,0.35
48.9,21590,5565,21,504,24,1.2,1,4.76,667,1.48,150,0.37
50.1,22094,5577,21,504,12,1.2,1,4.76,667,1.48,75,0.19
51.32,22596,5601,21,502,24,1.22,1,4.76,667,1.48,50,0.14
52.5,23097,5621,21,501,20,1.18,1,4.76,667,1.48,35,0.09
53.67,23600,5633,21,503,12,1.17,1,4.76,667,1.48,25,0.06
54.84,24100,5677,21,500,44,1.17,1,4.76,667,1.48,45,0.12
56.09,24602,5689,21,502,12,1.25,1,4.76,667,1.48,155,0.43
57.24,25105,5697,21,503,8,1.15,1,4.76,667,1.48,320,0.72
58.36,25609,5737,21,504,40,1.12,1,4.76,667,1.48,35,0.08
59.38,26109,5769,21,500,32,1.02,1,4.76,667,1.48,90,0.17
60.47,26609,5789,21,500,20,1.09,1,4.76,667,1.48,160,0.42
61.7,27110,5813,21,501,24,1.22,1,4.76,667,1.48,85,0.19
62.76,27612,5825,21,502,12,1.06,1,4.76,667,1.48,45,0.11
63.89,28113,5845,21,501,20,1.13,1,4.76,667,1.48,65,0.17
65.1,28617,5861,21,504,16,1.2,1,4.76,667,1.48,25,0.05
66.29,29120,5873,21,503,12,1.2,1,4.76,667,1.48,335,0.8
67.5,29621,5905,21,501,32,1.21,1,4.76,667,1.48,90,0.22
68.75,30125,5933,21,504,28,1.24,1,4.76,667,1.48,55,0.11
70.11,30627,5957,21,502,24,1.36,1,4.76,667,1.48,20,0.08
71.52,31128,5973,21,501,16,1.41,1,4.76,667,1.48,245,0.71
72.85,31632,5997,21,504,24,1.33,1,4.76,667,1.48,30,0.08
74.06,32132,6013,21,500,16,1.21,1,4.76,667,1.48,5,0.02
75.33,32635,6049,21,503,36,1.27,1,4.76,667,1.48,50,0.12
76.6,33138,6077,21,503,28,1.28,1,4.76,667,1.48,120,0.28
77.95,33639,6081,21,501,4,1.34,1,4.76,667,1.48,150,0.46
79.28,34140,6101,21,501,20,1.34,1,4.76,667,1.48,95,0.21
80.58,34640,6117,21,500,16,1.3,1,4.76,667,1.48,30,0.09
81.83,35144,6133,21,504,16,1.25,1,4.76,667,1.48,85,0.26
83.13,35648,6141,21,504,8,1.3,1,4.76,667,1.48,220,0.55
84.38,36149,6173,21,501,32,1.24,1,4.76,667,1.48,35,0.08
85.6,36650,6229,21,501,56,1.22,1,4.76,667,1.48,10,0.02
86.78,37150,6241,21,500,12,1.19,1,4.76,667,1.48,65,0.16
87.93,37650,6265,21,500,24,1.15,1,4.76,667,1.48,95,0.21
89.13,38151,6281,21,501,16,1.2,1,4.76,667,1.48,210,0.5
90.34,38655,6293,21,504,12,1.21,1,4.76,667,1.48,120,0.27
91.64,39155,6329,21,500,36,1.29,1,4.76,667,1.48,50,0.12
92.88,39657,6349,21,502,20,1.24,1,4.76,667,1.48,210,0.51
94.34,40158,6381,21,501,32,1.46,1,4.76,667,1.48,100,0.28
95.57,40658,6401,21,500,20,1.23,1,4.76,667,1.48,10,0.02
96.72,41162,6421,21,504,20,1.15,1,4.76,667,1.48,300,0.7
97.89,41666,6433,21,504,12,1.17,1,4.76,667,1.48,160,0.33
99.01,42169,6449,21,503,16,1.12,1,4.76,667,1.48,45,0.09
100.16,42671,6473,21,502,24,1.15,1,4.76,667,1.48,65,0.16
101.27,43175,6513,21,504,40,1.11,1,4.76,667,1.48,75,0.16
102.36,43675,6525,21,500,12,1.09,1,4.76,667,1.48,20,0.04
103.56,44175,6549,21,500,24,1.2,1,4.76,667,1.48,45,0.11
104.75,44678,6577,21,503,28,1.19,1,4.76,667,1.48,80,0.19
105.8,45181,6613,21,503,36,1.05,1,4.76,667,1.48,15,0.04
106.87,45682,6637,21,501,24,1.07,1,4.76,667,1.48,20,0.04
107.97,46183,6641,21,501,4,1.1,1,4.76,667,1.48,185,0.4
109.3,46686,6653,21,503,12,1.33,1,4.76,667,1.48,350,0.92
110.7,47189,6673,21,503,20,1.4,1,4.76,667,1.48,110,0.25
111.82,47692,6701,21,503,28,1.12,1,4.76,667,1.48,70,0.15
113.05,48193,6721,21,501,20,1.24,1,4.76,667,1.48,5,0.01
114.19,48696,6733,21,503,12,1.13,1,4.76,667,1.48,365,0.8
115.23,49199,6757,21,503,24,1.04,1,4.76,667,1.48,235,0.45
116.54,49701,6777,21,502,20,1.31,1,4.76,667,1.48,25,0.05
117.8,50203,6809,21,502,32,1.26,1,4.76,667,1.48,15,0.04
118.92,50706,6829,21,503,20,1.11,1,4.76,667,1.48,40,0.09
120.09,51209,6837,21,503,8,1.17,1,4.76,667,1.48,100,0.24
121.23,51713,6857,21,504,20,1.14,1,4.76,667,1.48,15,0.05
122.37,52217,6901,21,504,44,1.14,1,4.76,667,1.48,45,0.1
123.51,52717,6933,21,500,32,1.15,1,4.76,667,1.48,45,0.12
124.68,53220,6969,21,503,36,1.16,1,4.76,667,1.48,25,0.06
125.9,53721,6993,21,501,24,1.22,1,4.76,667,1.48,145,0.34
126.99,54222,7021,21,501,28,1.1,1,4.76,667,1.48,140,0.32
128.18,54722,7033,21,500,12,1.18,1,4.76,667,1.48,140,0.34
129.37,55226,7069,21,504,36,1.19,1,4.76,667,1.48,15,0.03
130.63,55728,7077,21,502,8,1.26,1,4.76,667,1.48,105,0.22
131.65,56230,7093,21,502,16,1.02,1,4.76,667,1.48,25,0.05
132.82,56734,7133,21,504,40,1.17,1,4.76,667,1.48,140,0.31
134.05,57234,7145,21,500,12,1.24,1,4.76,667,1.48,125,0.35
135.24,57736,7149,21,502,4,1.19,1,4.76,667,1.48,335,0.76
136.44,58239,7157,21,503,8,1.2,1,4.76,667,1.48,320,0.74
137.58,58741,7185,21,502,28,1.13,1,4.76,667,1.48,35,0.08
138.75,59244,7205,21,503,20,1.17,1,4.76,667,1.48,65,0.16
140.01,59745,7209,21,501,4,1.26,1,4.76,667,1.48,310,0.77
141.29,60245,7237,21,500,28,1.28,1,4.76,667,1.48,5,0.02
142.45,60748,7245,21,503,8,1.16,1,4.76,667,1.48,220,0.46
143.65,61249,7253,21,501,8,1.2,1,4.76,667,1.48,310,0.72
144.79,61752,7269,21,503,16,1.14,1,4.76,667,1.48,15,0.05
145.94,62252,7297,21,500,28,1.15,1,4.76,667,1.48,45,0.11
147.16,62755,7325,21,503,28,1.23,1,4.76,667,1.48,110,0.28
148.33,63256,7345,21,501,20,1.17,1,4.76,667,1.48,10,0.02
149.52,63758,7357,21,502,12,1.18,1,4.76,667,1.48,170,0.41
150.74,64259,7385,21,501,28,1.22,1,4.76,667,1.48,60,0.14
151.91,64759,7421,21,500,36,1.17,1,4.76,667,1.48,40,0.11
152.98,65263,7437,21,504,16,1.07,1,4.76,667,1.48,5,0.02
154.15,65763,7461,21,500,24,1.17,1,4.76,667,1.48,90,0.21
155.25,66265,7469,21,502,8,1.1,1,4.76,667,1.48,455,0.98
156.53,66768,7489,21,503,20,1.28,1,4.76,667,1.48,75,0.2
157.74,67268,7509,21,500,20,1.21,1,4.76,667,1.48,25,0.05
159.37,67771,7517,21,503,8,1.64,1,4.76,667,1.57,10,0.03
160.79,68273,7545,21,502,28,1.42,1,4.76,667,1.57,5,0.02
161.99,68773,7581,21,500,36,1.21,1,4.76,667,1.57,110,0.24
163.07,69273,7613,21,500,32,1.07,1,4.76,667,1.57,45,0.09
164.2,69777,7653,21,504,40,1.13,1,4.76,667,1.57,5,0.01
165.47,70280,7677,21,503,24,1.27,1,4.76,667,1.57,75,0.19
166.82,70784,7705,21,504,28,1.36,1,4.76,667,1.57,5,0.01
168.19,71287,7725,21,503,20,1.36,1,4.76,667,1.57,105,0.29
169.42,71791,7753,21,504,28,1.23,1,4.76,667,1.57,15,0.04
170.7,72293,7789,21,502,36,1.28,1,4.76,667,1.57,35,0.1
172.04,72796,7817,21,503,28,1.35,1,4.76,667,1.57,210,0.54
173.29,73298,7829,21,502,12,1.24,1,4.76,667,1.57,250,0.58
174.54,73799,7849,21,501,20,1.25,1,4.76,667,1.57,325,0.8
175.79,74302,7857,21,503,8,1.25,1,4.76,667,1.57,10,0.02
177.03,74803,7873,21,501,16,1.24,1,4.76,667,1.57,15,0.03
178.14,75306,7897,21,503,24,1.11,1,4.76,667,1.57,115,0.24
179.35,75810,7941,21,504,44,1.22,1,4.76,667,1.57,45,0.13
180.78,76312,7981,21,502,40,1.42,1,4.76,667,1.57,15,0.03
182.01,76812,7997,21,500,16,1.23,1,4.76,667,1.57,175,0.45
183.23,77316,8017,21,504,20,1.22,1,4.76,667,1.57,30,0.09
184.5,77818,8025,21,502,8,1.27,1,4.76,667,1.57,190,0.49
185.61,78320,8057,21,502,32,1.11,1,4.76,667,1.57,20,0.05
186.72,78822,8073,21,502,16,1.11,1,4.76,667,1.57,30,0.07
188.04,79325,8097,21,503,24,1.31,1,4.76,667,1.57,50,0.15
189.5,79829,8129,21,504,32,1.47,1,4.76,667,1.57,35,0.11
190.98,80329,8145,21,500,16,1.48,1,4.76,667,1.57,40,0.1
192.47,80830,8165,21,501,20,1.49,1,4.76,667,1.57,110,0.29
193.73,81332,8185,21,502,20,1.25,1,4.76,667,1.57,90,0.22
195.07,81832,8201,21,500,16,1.35,1,4.76,667,1.57,195,0.56
196.28,82333,8213,21,501,12,1.21,1,4.76,667,1.57,355,0.87
197.73,82833,8249,21,500,36,1.45,1,4.76,667,1.57,155,0.55
199.01,83333,8281,21,500,32,1.28,1,4.76,667,1.57,55,0.13
200.21,83837,8293,21,504,12,1.2,1,4.76,667,1.57,105,0.24
201.37,84337,8321,21,500,28,1.16,1,4.76,667,1.57,35,0.09
202.51,84840,8333,21,503,12,1.14,1,4.76,667,1.57,55,0.14
203.7,85343,8341,21,503,8,1.2,1,4.76,667,1.57,110,0.31
204.87,85847,8369,21,504,28,1.17,1,4.76,667,1.57,25,0.07
206.15,86351,8413,21,504,44,1.28,1,4.76,667,1.57,50,0.15
207.37,86853,8433,21,502,20,1.22,1,4.76,667,1.57,5,0.01
208.69,87355,8449,21,502,16,1.32,1,4.76,667,1.57,75,0.17
209.93,87858,8469,21,503,20,1.24,1,4.76,667,1.57,185,0.47
211.05,88361,8497,21,503,28,1.12,1,4.76,667,1.57,65,0.14
212.38,88863,8537,21,502,40,1.34,1,4.76,667,1.57,40,0.12
213.61,89366,8565,21,503,28,1.22,1,4.76,667,1.57,185,0.46
214.93,89868,8597,21,502,32,1.32,1,4.76,667,1.57,135,0.37
216.15,90372,8617,21,504,20,1.22,1,4.76,667,1.57,55,0.09
217.34,90875,8625,21,503,8,1.19,1,4.76,667,1.57,240,0.59
218.57,91379,8649,21,504,24,1.24,1,4.76,667,1.57,180,0.38
219.86,91882,8677,21,503,28,1.28,1,4.76,667,1.57,30,0.07
221.2,92383,8705,21,501,28,1.35,1,4.76,667,1.57,150,0.41
222.5,92884,8721,21,501,16,1.29,1,4.76,667,1.57,65,0.2
223.71,93384,8737,21,500,16,1.21,1,4.76,667,1.57,140,0.36
224.9,93886,8761,21,502,24,1.19,1,4.76,667,1.57,185,0.44
226.25,94390,8781,21,504,20,1.35,1,4.76,667,1.57,10,0.03
227.5,94892,8833,21,502,52,1.25,1,4.76,667,1.57,35,0.09
228.81,95396,8869,21,504,36,1.32,1,4.76,667,1.57,35,0.12
230,95897,8897,21,501,28,1.19,1,4.76,667,1.57,145,0.3
231.22,96400,8929,21,503,32,1.22,1,4.76,667,1.57,45,0.11
232.48,96903,8957,21,503,28,1.25,1,4.76,667,1.57,105,0.26
233.72,97404,8981,21,501,24,1.24,1,4.76,667,1.57,60,0.13
234.98,97904,8997,21,500,16,1.27,1,4.76,667,1.57,50,0.12
236.3,98408,9049,21,504,52,1.32,1,4.76,667,1.57,100,0.25
237.57,98909,9081,21,501,32,1.27,1,4.76,667,1.57,110,0.26
238.91,99409,9093,21,500,12,1.34,1,4.76,667,1.57,75,0.22
240.12,99911,9105,21,502,12,1.22,1,4.76,667,1.57,80,0.19
241.36,100415,9129,21,504,24,1.23,1,4.76,667,1.57,85,0.22
242.66,100918,9149,21,503,20,1.3,1,4.76,667,1.57,25,0.07
243.86,101422,9169,21,504,20,1.2,1,4.76,667,1.57,25,0.06
245.06,101923,9177,21,501,8,1.2,1,4.76,667,1.57,350,0.81
246.25,102427,9201,21,504,24,1.19,1,4.76,667,1.57,185,0.41
247.46,102930,9221,21,503,20,1.21,1,4.76,667,1.57,80,0.19
248.73,103432,9245,21,502,24,1.28,1,4.76,667,1.57,115,0.32
249.97,103935,9261,21,503,16,1.23,1,4.76,667,1.57,80,0.22
251.21,104436,9297,21,501,36,1.24,1,4.76,667,1.57,5,0.01
252.57,104937,9329,21,501,32,1.36,1,4.76,667,1.57,50,0.13
253.79,105439,9357,21,502,28,1.22,1,4.76,667,1.57,20,0.06
255,105940,9381,21,501,24,1.21,1,4.76,667,1.57,140,0.3
256.37,106441,9397,21,501,16,1.37,1,4.76,667,1.57,65,0.2
257.59,106944,9437,21,503,40,1.21,1,4.76,667,1.57,55,0.13
258.69,107444,9437,21,500,0,1.11,0,0,667,1.57,555,1.23
259.82,107946,9489,21,502,52,1.13,1,4.76,667,1.57,35,0.07
260.89,108450,9505,21,504,16,1.07,1,4.76,667,1.57,60,0.13
262.13,108954,9533,21,504,28,1.24,1,4.76,667,1.57,75,0.19
263.33,109457,9545,21,503,12,1.2,1,4.76,667,1.57,80,0.19
264.62,109960,9557,21,503,12,1.29,1,4.76,667,1.57,30,0.08
265.81,110460,9569,21,500,12,1.19,1,4.76,667,1.57,35,0.08
267.08,110962,9629,21,502,60,1.26,1,4.76,667,1.57,40,0.11
268.31,111464,9657,21,502,28,1.23,1,4.76,667,1.57,55,0.15
269.6,111965,9693,21,501,36,1.29,1,4.76,667,1.57,85,0.23
270.79,112465,9709,21,500,16,1.19,1,4.76,667,1.57,10,0.02
271.97,112966,9737,21,501,28,1.18,1,4.76,667,1.57,155,0.37
273.18,113467,9753,21,501,16,1.21,1,4.76,667,1.57,100,0.24
274.44,113969,9801,21,502,48,1.26,1,4.76,667,1.57,10,0.02
275.67,114470,9805,21,501,4,1.23,1,4.76,667,1.57,275,0.66
276.98,114971,9825,21,501,20,1.32,1,4.76,667,1.57,220,0.62
278.27,115473,9865,21,502,40,1.29,1,4.76,667,1.57,50,0.12
279.57,115976,9909,21,503,44,1.3,1,4.76,667,1.57,5,0.01
280.82,116477,9929,21,501,20,1.25,1,4.76,667,1.57,15,0.05
282,116977,9965,21,500,36,1.17,1,4.76,667,1.57,55,0.13
283.09,117478,9985,21,501,20,1.1,1,4.76,667,1.57,15,0.05
284.29,117978,10001,21,500,16,1.2,1,4.76,667,1.57,180,0.4
285.44,118481,10029,21,503,28,1.15,1,4.76,667,1.57,15,0.04
286.63,118985,10041,21,504,12,1.19,1,4.76,667,1.57,135,0.31
287.86,119488,10057,21,503,16,1.23,1,4.76,667,1.57,215,0.56
289.03,119992,10069,21,504,12,1.17,1,4.76,667,1.57,230,0.51
290.17,120493,10089,21,501,20,1.14,1,4.76,667,1.57,15,0.03
291.42,120993,10117,21,500,28,1.25,1,4.76,667,1.57,5,0.01
292.76,121493,10141,21,500,24,1.34,1,4.76,667,1.57,30,0.08
293.9,121995,10165,21,502,24,1.14,1,4.76,667,1.57,40,0.09
295.04,122499,10177,21,504,12,1.14,1,4.76,667,1.57,95,0.21
296.24,123000,10205,21,501,28,1.2,1,4.76,667,1.57,15,0.03
297.36,123501,10229,21,501,24,1.12,1,4.76,667,1.57,15,0.04
298.57,124001,10265,21,500,36,1.21,1,4.76,667,1.57,15,0.03
299.71,124501,10293,21,500,28,1.15,1,4.76,667,1.57,25,0.07
300.95,125001,10321,21,500,28,1.23,1,4.76,667,1.57,230,0.62
302.24,125505,10353,21,504,32,1.3,1,4.76,667,1.57,35,0.08
303.54,126006,10369,21,501,16,1.29,1,4.76,667,1.57,130,0.33
304.9,126507,10401,21,501,32,1.36,1,4.76,667,1.57,45,0.1
306.02,127011,10429,21,504,28,1.12,1,4.76,667,1.57,120,0.25
307.28,127513,10449,21,502,20,1.26,1,4.76,667,1.57,30,0.08
308.48,128013,10453,21,500,4,1.2,1,4.76,667,1.57,390,0.93
309.67,128516,10473,21,503,20,1.19,1,4.76,667,1.57,170,0.41
310.96,129019,10489,21,503,16,1.29,1,4.76,667,1.57,325,0.83
312.07,129521,10509,21,502,20,1.11,1,4.76,667,1.57,75,0.15
313.17,130023,10537,21,502,28,1.11,1,4.76,667,1.57,125,0.26
314.33,130527,10581,21,504,44,1.15,1,4.76,667,1.57,20,0.04
315.66,131031,10605,21,504,24,1.34,1,4.76,667,1.57,260,0.7
316.98,131532,10641,21,501,36,1.32,1,4.76,667,1.57,35,0.11
318.31,132034,10677,21,502,36,1.33,1,4.76,667,1.57,20,0.04
319.59,132538,10709,21,504,32,1.28,1,4.76,667,1.57,125,0.3
320.71,133038,10721,21,500,12,1.11,1,4.76,667,1.57,5,0.01
321.97,133538,10765,21,500,44,1.27,1,4.76,667,1.57,0,0
323.19,134039,10785,21,501,20,1.22,1,4.76,667,1.57,25,0.06
324.4,134539,10809,21,500,24,1.21,1,4.76,667,1.57,180,0.48
325.46,135043,10837,21,504,28,1.06,1,4.76,667,1.57,10,0.01
326.65,135544,10841,21,501,4,1.19,1,4.76,667,1.57,185,0.43
327.85,136044,10857,21,500,16,1.19,1,4.76,667,1.57,0,0
329.14,136545,10881,21,501,24,1.29,1,4.76,667,1.57,55,0.13
330.52,137049,10925,21,504,44,1.38,1,4.76,667,1.57,20,0.05
331.79,137553,10937,21,504,12,1.27,1,4.76,667,1.57,155,0.39
333.02,138055,10957,21,502,20,1.23,1,4.76,667,1.57,150,0.36
334.23,138556,10969,21,501,12,1.2,1,4.76,667,1.57,110,0.24
335.58,139060,10993,21,504,24,1.35,1,4.76,667,1.57,25,0.06
336.8,139563,11025,21,503,32,1.23,1,4.76,667,1.57,115,0.26
337.96,140063,11053,21,500,28,1.15,1,4.76,667,1.57,0,0
339.1,140564,11077,21,501,24,1.14,1,4.76,667,1.57,135,0.31
340.28,141066,11097,21,502,20,1.18,1,4.76,667,1.57,80,0.18
341.46,141569,11113,21,503,16,1.19,1,4.76,667,1.57,45,0.09
342.81,142071,11129,21,502,16,1.34,1,4.76,667,1.57,15,0.04
344,142573,11157,21,502,28,1.19,1,4.76,667,1.57,25,0.04
345.22,143075,11189,21,502,32,1.22,1,4.76,667,1.57,20,0.06
346.5,143576,11213,21,501,24,1.28,1,4.76,667,1.57,15,0.03
347.75,144077,11241,21,501,28,1.25,1,4.76,667,1.57,115,0.3
348.94,144577,11269,21,500,28,1.19,1,4.76,667,1.57,60,0.17
350.15,145081,11293,21,504,24,1.21,1,4.76,667,1.57,20,0.04
351.3,145583,11317,21,502,24,1.15,1,4.76,667,1.57,85,0.16
352.54,146086,11333,21,503,16,1.24,1,4.76,667,1.57,75,0.22
353.73,146587,11361,21,501,28,1.2,1,4.76,667,1.57,35,0.07
354.98,147091,11385,21,504,24,1.25,1,4.76,667,1.57,40,0.09
356.16,147592,11405,21,501,20,1.18,1,4.76,667,1.57,5,0.01
357.32,148093,11425,21,501,20,1.16,1,4.76,667,1.57,245,0.56
358.5,148596,11449,21,503,24,1.18,1,4.76,667,1.57,20,0.04
359.56,149097,11465,21,501,16,1.06,1,4.76,667,1.57,190,0.38
360.81,149600,11485,21,503,20,1.25,1,4.76,667,1.57,10,0.03
362.13,150100,11533,21,500,48,1.32,1,4.76,667,1.57,85,0.23
363.26,150604,11545,21,504,12,1.13,1,4.76,667,1.57,250,0.61
364.44,151105,11577,21,501,32,1.18,1,4.76,667,1.57,5,0.02
365.63,151606,11597,21,501,20,1.19,1,4.76,667,1.57,65,0.18
366.89,152110,11629,21,504,32,1.27,1,4.76,667,1.57,30,0.07
368.11,152612,11669,21,502,40,1.22,1,4.76,667,1.57,15,0.04
369.41,153116,11693,21,504,24,1.31,1,4.76,667,1.57,15,0.04
370.82,153616,11721,21,500,28,1.4,1,4.76,667,1.57,90,0.25
372.06,154116,11741,21,500,20,1.24,1,4.76,667,1.57,180,0.43
373.25,154618,11749,21,502,8,1.19,1,4.76,667,1.57,270,0.65
374.42,155121,11773,21,503,24,1.16,1,4.76,667,1.57,20,0.06
375.66,155622,11793,21,501,20,1.24,1,4.76,667,1.57,45,0.12
376.87,156125,11805,21,503,12,1.21,1,4.76,667,1.57,5,0.01
378.05,156627,11829,21,502,24,1.18,1,4.76,667,1.57,20,0.05
379.34,157130,11853,21,503,24,1.29,1,4.76,667,1.57,125,0.32
380.7,157630,11889,21,500,36,1.35,1,4.76,667,1.57,60,0.16
381.88,158134,11929,21,504,40,1.18,1,4.76,667,1.57,135,0.3
383.05,158635,11957,21,501,28,1.17,1,4.76,667,1.57,10,0.03
384.26,159135,11989,21,500,32,1.21,1,4.76,667,1.57,80,0.21
385.55,159639,12017,21,504,28,1.29,1,4.76,667,1.57,85,0.19
386.76,160143,12029,21,504,12,1.21,1,4.76,667,1.57,245,0.59
387.93,160647,12057,21,504,28,1.17,1,4.76,667,1.57,25,0.07
389.08,161147,12069,21,500,12,1.15,1,4.76,667,1.57,60,0.16
390.37,161648,12093,21,501,24,1.29,1,4.76,667,1.57,60,0.15
391.5,162149,12109,21,501,16,1.13,1,4.76,667,1.57,30,0.08
392.69,162650,12129,21,501,20,1.18,1,4.76,667,1.57,245,0.54
393.87,163152,12149,21,502,20,1.18,1,4.76,667,1.57,215,0.5
395.25,163655,12177,21,503,28,1.38,1,4.76,667,1.57,160,0.41
396.38,164156,12197,21,501,20,1.13,1,4.76,667,1.57,20,0.05
397.52,164658,12229,21,502,32,1.14,1,4.76,667,1.57,110,0.26
398.77,165161,12245,21,503,16,1.25,1,4.76,667,1.57,140,0.32
400.05,165664,12273,21,503,28,1.28,1,4.76,667,1.57,45,0.1
401.27,166164,12289,21,500,16,1.22,1,4.76,667,1.57,85,0.21
402.56,166666,12313,21,502,24,1.29,1,4.76,667,1.57,130,0.29
403.71,167169,12353,21,503,40,1.16,1,4.76,667,1.57,40,0.1
404.9,167673,12381,21,504,28,1.19,1,4.76,667,1.57,15,0.04
406.18,168174,12413,21,501,32,1.28,1,4.76,667,1.57,20,0.05
407.33,168674,12441,21,500,28,1.15,1,4.76,667,1.57,65,0.15
408.53,169177,12453,21,503,12,1.19,1,4.76,667,1.57,40,0.08
409.74,169677,12477,21,500,24,1.21,1,4.76,667,1.57,45,0.09
410.96,170179,12489,21,502,12,1.22,1,4.76,667,1.57,100,0.25
412.18,170681,12497,21,502,8,1.22,1,4.76,667,1.57,205,0.5
413.33,171182,12513,21,501,16,1.15,1,4.76,667,1.57,100,0.26
414.53,171686,12541,21,504,28,1.2,1,4.76,667,1.57,140,0.35
415.7,172190,12557,21,504,16,1.17,1,4.76,667,1.57,135,0.31
416.93,172693,12593,21,503,36,1.23,1,4.76,667,1.57,5,0.01
418.14,173194,12613,21,501,20,1.21,1,4.76,667,1.57,170,0.41
419.25,173694,12625,21,500,12,1.11,1,4.76,667,1.57,310,0.67
420.39,174198,12645,21,504,20,1.14,1,4.76,667,1.57,75,0.15
421.5,174701,12677,21,503,32,1.1,1,4.76,667,1.57,205,0.45
422.61,175204,12689,21,503,12,1.11,1,4.76,667,1.57,120,0.28
423.75,175706,12697,21,502,8,1.14,1,4.76,667,1.57,180,0.41
424.9,176208,12737,21,502,40,1.15,1,4.76,667,1.57,20,0.05
426.2,176711,12769,21,503,32,1.3,1,4.76,667,1.57,80,0.19
427.43,177211,12813,21,500,44,1.23,1,4.76,667,1.57,160,0.42
428.68,177711,12821,21,500,8,1.24,1,4.76,667,1.57,320,0.83
429.92,178211,12853,21,500,32,1.24,1,4.76,667,1.57,60,0.14
431.07,178711,12873,21,500,20,1.14,1,4.76,667,1.57,50,0.1
432.29,179214,12889,21,503,16,1.23,1,4.76,667,1.57,225,0.56
433.48,179718,12925,21,504,36,1.18,1,4.76,667,1.57,30,0.08
434.63,180220,12957,21,502,32,1.16,1,4.76,667,1.57,5,0.01
435.79,180724,12969,21,504,12,1.16,1,4.76,667,1.57,20,0.04
436.98,181225,12993,21,501,24,1.19,1,4.76,667,1.57,20,0.04
438.23,181725,13013,21,500,20,1.25,1,4.76,667,1.57,30,0.07
439.56,182225,13029,21,500,16,1.32,1,4.76,667,1.57,155,0.43
441.01,182727,13045,21,502,16,1.45,1,4.76,667,1.57,80,0.22
442.31,183231,13057,21,504,12,1.3,1,4.76,667,1.57,60,0.12
443.5,183731,13069,21,500,12,1.19,1,4.76,667,1.57,145,0.35
444.64,184231,13085,21,500,16,1.14,1,4.76,667,1.57,195,0.44
445.79,184733,13093,21,502,8,1.15,1,4.76,667,1.57,50,0.13
446.96,185235,13117,21,502,24,1.16,1,4.76,667,1.57,20,0.05
448.17,185737,13137,21,502,20,1.21,1,4.76,667,1.57,85,0.2
449.43,186240,13161,21,503,24,1.26,1,4.76,667,1.57,50,0.14
450.73,186743,13169,21,503,8,1.3,1,4.76,667,1.57,275,0.73
451.93,187246,13205,21,503,36,1.19,1,4.76,667,1.57,10,0.03
453.26,187747,13237,21,501,32,1.33,1,4.76,667,1.57,70,0.14
454.47,188247,13261,21,500,24,1.22,1,4.76,667,1.57,135,0.3
455.63,188749,13281,21,502,20,1.16,1,4.76,667,1.57,15,0.04
456.9,189250,13313,21,501,32,1.27,1,4.76,667,1.57,5,0.01
458.15,189751,13357,21,501,44,1.25,1,4.76,667,1.57,130,0.34
459.57,190252,13389,21,501,32,1.42,1,4.76,667,1.57,185,0.54
460.83,190752,13417,21,500,28,1.26,1,4.76,667,1.57,5,0.01
462.04,191256,13449,21,504,32,1.2,1,4.76,667,1.57,175,0.41
463.25,191758,13457,21,502,8,1.22,1,4.76,667,1.57,355,0.85
464.41,192259,13489,21,501,32,1.16,1,4.76,667,1.57,45,0.1
465.52,192760,13517,21,501,28,1.11,1,4.76,667,1.57,55,0.14
466.71,193260,13553,21,500,36,1.19,1,4.76,667,1.57,25,0.05
468.04,193764,13561,21,504,8,1.33,1,4.76,667,1.57,90,0.21
469.27,194266,13581,21,502,20,1.23,1,4.76,667,1.57,50,0.11
470.5,194769,13601,21,503,20,1.23,1,4.76,667,1.57,40,0.1
471.66,195273,13633,21,504,32,1.16,1,4.76,667,1.57,40,0.09
472.85,195776,13657,21,503,24,1.19,1,4.76,667,1.57,10,0.02
473.98,196277,13677,21,501,20,1.13,1,4.76,667,1.57,145,0.34
475.25,196777,13709,21,500,32,1.27,1,4.76,667,1.57,35,0.08
476.44,197277,13733,21,500,24,1.19,1,4.76,667,1.57,35,0.08
477.61,197780,13745,21,503,12,1.17,1,4.76,667,1.57,85,0.22
478.85,198284,13777,21,504,32,1.24,1,4.76,667,1.57,20,0.07
480.15,198786,13813,21,502,36,1.3,1,4.76,667,1.57,80,0.21
481.38,199290,13857,21,504,44,1.24,1,4.76,667,1.57,5,0.01
482.54,199790,13861,21,500,4,1.15,1,4.76,667,1.57,415,0.94
483.73,200293,13877,21,503,16,1.2,1,4.76,667,1.57,65,0.15
484.99,200794,13905,21,501,28,1.25,1,4.76,667,1.57,40,0.08
486.25,201296,13937,21,502,32,1.26,1,4.76,667,1.57,5,0.01
487.37,201799,13953,21,503,16,1.12,1,4.76,667,1.57,10,0.03
488.69,202299,13989,21,500,36,1.32,1,4.76,667,1.57,10,0.02
489.95,202802,14009,21,503,20,1.26,1,4.76,667,1.57,110,0.32
491.24,203303,14045,21,501,36,1.29,1,4.76,667,1.57,60,0.14
492.3,203804,14065,21,501,20,1.07,1,4.76,667,1.57,110,0.22
493.49,204305,14085,21,501,20,1.18,1,4.76,667,1.57,25,0.05
494.74,204805,14105,21,500,20,1.25,1,4.76,667,1.57,40,0.1
495.97,205307,14113,21,502,8,1.23,1,4.76,667,1.57,190,0.42
497.17,205807,14141,21,500,28,1.2,1,4.76,667,1.57,95,0.23
498.39,206309,14169,21,502,28,1.22,1,4.76,667,1.57,10,0.02
499.53,206813,14205,21,504,36,1.14,1,4.76,667,1.57,5,0.01
500.67,207313,14225,21,500,20,1.14,1,4.76,667,1.57,125,0.3
502.01,207816,14245,21,503,20,1.34,1,4.76,667,1.57,245,0.65
503.19,208317,14261,21,501,16,1.18,1,4.76,667,1.57,65,0.16
504.34,208819,14289,21,502,28,1.15,1,4.76,667,1.57,150,0.36
505.54,209321,14329,21,502,40,1.2,1,4.76,667,1.57,30,0.08
506.72,209824,14341,21,503,12,1.18,1,4.76,667,1.57,105,0.23
507.93,210328,14373,21,504,32,1.21,1,4.76,667,1.57,15,0.04
509.1,210831,14381,21,503,8,1.17,1,4.76,667,1.57,65,0.12
510.24,211335,14397,21,504,16,1.14,1,4.76,667,1.57,50,0.11
511.45,211838,14409,21,503,12,1.2,1,4.76,667,1.57,155,0.35
512.59,212338,14425,21,500,16,1.15,1,4.76,667,1.57,35,0.09
513.87,212840,14445,21,502,20,1.27,1,4.76,667,1.57,40,0.1
514.97,213342,14461,21,502,16,1.11,1,4.76,667,1.57,25,0.06
516.12,213842,14489,21,500,28,1.15,1,4.76,667,1.57,35,0.07
517.28,214345,14497,21,503,8,1.15,1,4.76,667,1.57,120,0.28
518.41,214845,14529,21,500,32,1.14,1,4.76,667,1.57,0,0
519.75,215349,14553,21,504,24,1.34,1,4.76,667,1.57,5,0.01
520.96,215849,14565,21,500,12,1.21,1,4.76,667,1.57,30,0.06
522.14,216353,14581,21,504,16,1.18,1,4.76,667,1.57,260,0.56
523.42,216853,14617,21,500,36,1.28,1,4.76,667,1.57,85,0.22
524.65,217357,14629,21,504,12,1.23,1,4.76,667,1.57,245,0.6
525.77,217858,14653,21,501,24,1.12,1,4.76,667,1.57,45,0.12
526.95,218361,14673,21,503,20,1.18,1,4.76,667,1.57,105,0.22
528.16,218865,14705,21,504,32,1.21,1,4.76,667,1.57,140,0.34
529.41,219366,14733,21,501,28,1.24,1,4.76,667,1.57,40,0.1
530.7,219866,14765,21,500,32,1.29,1,4.76,667,1.57,15,0.04
531.79,220369,14793,21,503,28,1.1,1,4.76,667,1.57,15,0.03
532.89,220869,14829,21,500,36,1.1,1,4.76,667,1.57,0,0
534.02,221369,14849,21,500,20,1.13,1,4.76,667,1.57,5,0.01
535.19,221871,14869,21,502,20,1.17,1,4.76,667,1.57,130,0.31
536.4,222371,14893,21,500,24,1.22,1,4.76,667,1.57,15,0.04
537.51,222873,14901,21,502,8,1.11,1,4.76,667,1.57,75,0.16
538.67,223373,14925,21,500,24,1.15,1,4.76,667,1.57,265,0.64
539.73,223873,14961,21,500,36,1.06,1,4.76,667,1.57,5,0.01
540.99,224376,15001,21,503,40,1.27,1,4.76,667,1.57,75,0.19
542.25,224877,15021,21,501,20,1.25,1,4.76,667,1.57,210,0.54
543.51,225380,15033,21,503,12,1.26,1,4.76,667,1.57,20,0.07
544.72,225883,15057,21,503,24,1.21,1,4.76,667,1.57,55,0.13
545.86,226386,15077,21,503,20,1.14,1,4.76,667,1.57,120,0.29
546.99,226887,15109,21,501,32,1.14,1,4.76,667,1.57,10,0.02
548.14,227387,15129,21,500,20,1.15,1,4.76,667,1.57,145,0.36
549.33,227889,15153,21,502,24,1.2,1,4.76,667,1.57,15,0.03
550.7,228390,15169,21,501,16,1.37,1,4.76,667,1.57,15,0.03
551.92,228894,15189,21,504,20,1.22,1,4.76,667,1.57,195,0.45
553.03,229394,15209,21,500,20,1.11,1,4.76,667,1.57,85,0.21
554.31,229898,15229,21,504,20,1.28,2,9.52,667,1.57,165,0.43
555.67,230399,15265,21,501,36,1.36,1,4.76,667,1.57,20,0.05
556.85,230899,15293,21,500,28,1.19,1,4.76,667,1.57,30,0.06
558.04,231399,15349,21,500,56,1.18,1,4.76,667,1.57,0,0
559.26,231900,15369,21,501,20,1.22,1,4.76,667,1.57,20,0.05
560.6,232404,15381,21,504,12,1.34,1,4.76,667,1.57,55,0.15
561.79,232905,15405,21,501,24,1.19,1,4.76,667,1.57,15,0.04
563.05,233405,15429,21,500,24,1.26,1,4.76,667,1.57,60,0.14
564.54,233906,15461,21,501,32,1.49,1,4.76,667,1.57,60,0.14
565.65,234410,15485,21,504,24,1.11,1,4.76,667,1.57,65,0.14
566.79,234914,15497,21,504,12,1.14,1,4.76,667,1.57,135,0.33
567.87,235416,15533,21,502,36,1.08,1,4.76,667,1.57,100,0.21
569.2,235920,15565,21,504,32,1.32,1,4.76,667,1.57,75,0.17
570.49,236424,15597,21,504,32,1.29,1,4.76,667,1.57,55,0.13
571.65,236924,15613,21,500,16,1.16,1,4.76,667,1.57,50,0.15
572.9,237425,15641,21,501,28,1.25,1,4.76,667,1.57,100,0.23
574.44,237925,15657,21,500,16,1.54,1,4.76,667,1.57,95,0.27
575.72,238427,15681,21,502,24,1.27,1,4.76,667,1.57,90,0.19
576.83,238930,15693,21,503,12,1.12,1,4.76,667,1.57,205,0.48
578.07,239434,15713,21,504,20,1.24,1,4.76,667,1.57,70,0.18
579.29,239934,15749,21,500,36,1.22,1,4.76,667,1.57,5,0.02
580.54,240437,15765,21,503,16,1.24,1,4.76,667,1.57,90,0.23
581.76,240937,15813,21,500,48,1.22,1,4.76,667,1.57,15,0.03
583.15,241441,15837,21,504,24,1.39,1,4.76,667,1.57,125,0.31
584.36,241942,15861,21,501,24,1.21,1,4.76,667,1.57,35,0.09
585.6,242443,15901,21,501,40,1.24,1,4.76,667,1.57,25,0.07
586.77,242943,15941,21,500,40,1.18,1,4.76,667,1.57,75,0.18
588.07,243443,15973,21,500,32,1.3,1,4.76,667,1.57,40,0.1
589.21,243944,15993,21,501,20,1.13,1,4.76,667,1.57,80,0.19
590.45,244446,16017,21,502,24,1.25,1,4.76,667,1.57,50,0.13
591.68,244950,16025,21,504,8,1.23,1,4.76,667,1.57,80,0.22
592.97,245453,16065,21,503,40,1.29,1,4.76,667,1.57,20,0.05
594.19,245957,16089,21,504,24,1.21,1,4.76,667,1.57,35,0.09
595.4,246458,16109,21,501,20,1.21,1,4.76,667,1.57,20,0.05
596.68,246958,16121,21,500,12,1.28,1,4.76,667,1.57,30,0.06
597.94,247460,16141,21,502,20,1.26,1,4.76,667,1.57,170,0.44
599.3,247963,16173,21,503,32,1.36,1,4.76,667,1.57,5,0.01
600.52,248464,16197,21,501,24,1.22,1,4.76,667,1.57,80,0.2
601.69,248967,16213,21,503,16,1.18,1,4.76,667,1.57,40,0.13
603.16,249467,16233,21,500,20,1.46,1,4.76,667,1.57,125,0.29
604.47,249969,16277,21,502,44,1.32,1,4.76,667,1.57,55,0.15
605.69,250472,16293,21,503,16,1.22,1,4.76,667,1.57,100,0.22
606.86,250972,16313,21,500,20,1.17,1,4.76,667,1.57,195,0.44
607.97,251475,16341,21,503,28,1.11,1,4.76,667,1.57,60,0.14
609.1,251975,16361,21,500,20,1.13,1,4.76,667,1.57,15,0.03
610.36,252475,16373,21,500,12,1.25,1,4.76,667,1.57,155,0.4
611.94,252975,16393,21,500,20,1.59,1,4.76,667,1.57,120,0.46
613.36,253479,16401,21,504,8,1.41,1,4.76,667,1.57,345,0.91
614.57,253981,16425,21,502,24,1.21,1,4.76,667,1.57,105,0.23
615.75,254483,16453,21,502,28,1.18,1,4.76,667,1.57,50,0.12
616.91,254983,16497,21,500,44,1.17,1,4.76,667,1.57,20,0.04
618.19,255483,16529,21,500,32,1.27,1,4.76,667,1.57,0,0
619.52,255983,16557,21,500,28,1.33,1,4.76,667,1.57,40,0.12
620.74,256485,16569,21,502,12,1.22,1,4.76,667,1.57,145,0.35
622.03,256985,16585,21,500,16,1.29,1,4.76,667,1.57,15,0.03
623.22,257485,16609,21,500,24,1.19,1,4.76,667,1.57,80,0.2
624.43,257986,16637,21,501,28,1.22,1,4.76,667,1.57,65,0.18
625.66,258490,16673,21,504,36,1.23,1,4.76,667,1.57,5,0.01
626.92,258993,16685,21,503,12,1.27,1,4.76,667,1.57,360,0.88
628.18,259496,16697,21,503,12,1.26,1,4.76,667,1.57,125,0.31
629.37,259996,16713,21,500,16,1.19,1,4.76,667,1.57,230,0.55
630.57,260500,16729,21,504,16,1.2,1,4.76,667,1.57,130,0.31
631.7,261001,16741,21,501,12,1.13,1,4.76,667,1.57,255,0.57
632.83,261501,16765,21,500,24,1.13,1,4.76,667,1.57,110,0.25
634.14,262001,16793,21,500,28,1.31,1,4.76,667,1.57,70,0.17
635.22,262504,16821,21,503,28,1.08,1,4.76,667,1.57,5,0.01
636.51,263006,16861,21,502,40,1.29,1,4.76,667,1.57,65,0.15
637.68,263508,16889,21,502,28,1.17,1,4.76,667,1.57,120,0.28
638.93,264009,16909,21,501,20,1.24,1,4.76,667,1.57,200,0.48
640.06,264510,16937,21,501,28,1.14,1,4.76,667,1.57,165,0.36
641.36,265012,16953,21,502,16,1.29,1,4.76,667,1.57,170,0.42
642.62,265516,16981,21,504,28,1.27,1,4.76,667,1.57,250,0.64
643.84,266017,17013,21,501,32,1.22,1,4.76,667,1.57,170,0.43
645.11,266521,17041,21,504,28,1.27,1,4.76,667,1.57,90,0.22
646.41,267025,17057,21,504,16,1.3,1,4.76,667,1.57,130,0.34
647.66,267525,17093,21,500,36,1.24,1,4.76,667,1.57,120,0.26
648.79,268027,17105,21,502,12,1.13,1,4.76,667,1.57,90,0.23
649.98,268529,17129,21,502,24,1.2,1,4.76,667,1.57,30,0.08
651.13,269032,17173,21,503,44,1.15,1,4.76,667,1.57,15,0.03
652.33,269532,17189,21,500,16,1.2,1,4.76,667,1.57,85,0.19
653.59,270034,17217,21,502,28,1.26,1,4.76,667,1.57,195,0.48
654.76,270537,17225,21,503,8,1.16,1,4.76,667,1.57,245,0.59
656.02,271039,17245,21,502,20,1.27,1,4.76,667,1.57,10,0.03
657.08,271541,17257,21,502,12,1.06,1,4.76,667,1.57,40,0.09
658.25,272044,17269,21,503,12,1.17,1,4.76,667,1.57,25,0.07
659.41,272544,17297,21,500,28,1.16,1,4.76,667,1.57,175,0.38
660.83,273047,17321,21,503,24,1.42,1,4.76,667,1.57,5,0.02
662.08,273551,17345,21,504,24,1.25,1,4.76,667,1.57,125,0.29
663.27,274052,17357,21,501,12,1.18,1,4.76,667,1.57,205,0.49
664.53,274554,17373,21,502,16,1.27,1,4.76,667,1.57,140,0.34
665.81,275057,17397,21,503,24,1.28,1,4.76,667,1.57,10,0.02
667.05,275557,17425,21,500,28,1.24,1,4.76,667,1.57,130,0.33
668.23,276061,17457,21,504,32,1.18,1,4.76,667,1.57,25,0.05
669.47,276565,17509,21,504,52,1.24,1,4.76,667,1.57,95,0.26
670.82,277065,17553,21,500,44,1.35,1,4.76,667,1.57,0,0
672.28,277567,17573,21,502,20,1.45,1,4.76,667,1.57,55,0.18
673.65,278067,17593,21,500,20,1.37,1,4.76,667,1.57,20,0.06
674.94,278571,17613,21,504,20,1.29,1,4.76,667,1.57,125,0.31
676.28,279072,17633,21,501,20,1.34,1,4.76,667,1.57,60,0.14
677.43,279575,17653,21,503,20,1.15,1,4.76,667,1.57,215,0.48
678.66,280079,17665,21,504,12,1.23,1,4.76,667,1.57,150,0.36
679.89,280583,17677,21,504,12,1.23,1,4.76,667,1.57,125,0.32
681.01,281083,17709,21,500,32,1.12,1,4.76,667,1.57,40,0.09
682.32,281583,17721,21,500,12,1.31,1,4.76,667,1.57,410,1.07
683.47,282087,17749,21,504,28,1.15,1,4.76,667,1.57,40,0.1
684.62,282589,17785,21,502,36,1.15,1,4.76,667,1.57,0,0
685.87,283091,17825,21,502,40,1.24,1,4.76,667,1.57,20,0.06
687.11,283591,17837,21,500,12,1.25,1,4.76,667,1.57,250,0.58
688.29,284093,17861,21,502,24,1.18,1,4.76,667,1.57,50,0.12
689.57,284593,17881,21,500,20,1.27,1,4.76,667,1.57,195,0.56
690.87,285093,17897,21,500,16,1.3,1,4.76,667,1.57,60,0.14
692.11,285596,17929,21,503,32,1.24,1,4.76,667,1.57,75,0.18
693.35,286098,17945,21,502,16,1.24,1,4.76,667,1.57,50,0.12
694.5,286601,17961,21,503,16,1.16,1,4.76,667,1.57,10,0.02
695.66,287102,17965,21,501,4,1.16,1,4.76,667,1.57,65,0.15
696.96,287603,17977,21,501,12,1.3,1,4.76,667,1.57,175,0.4
698.12,288105,18013,21,502,36,1.16,1,4.76,667,1.57,20,0.05
699.46,288606,18033,21,501,20,1.34,1,4.76,667,1.57,155,0.43
700.7,289108,18049,21,502,16,1.24,1,4.76,667,1.57,50,0.12
701.94,289612,18077,21,504,28,1.24,1,4.76,667,1.57,25,0.06
703.14,290115,18097,21,503,20,1.2,1,4.76,667,1.57,105,0.23
704.31,290619,18105,21,504,8,1.18,1,4.76,667,1.57,200,0.48
705.71,291120,18133,21,501,28,1.4,1,4.76,667,1.57,80,0.26
706.95,291622,18149,21,502,16,1.24,1,4.76,667,1.57,415,0.99
708.09,292126,18161,21,504,12,1.14,1,4.76,667,1.57,15,0.04
709.31,292628,18197,21,502,36,1.22,1,4.76,667,1.57,10,0.03
710.57,293128,18205,21,500,8,1.25,1,4.76,667,1.57,70,0.17
711.78,293628,18225,21,500,20,1.22,1,4.76,667,1.57,110,0.29
712.99,294131,18245,21,503,20,1.21,1,4.76,667,1.57,120,0.3
714.27,294631,18253,21,500,8,1.28,1,4.76,667,1.57,220,0.51
715.45,295131,18273,21,500,20,1.18,1,4.76,667,1.57,325,0.79
716.73,295634,18285,21,503,12,1.28,1,4.76,667,1.57,20,0.05
718.01,296138,18313,21,504,28,1.29,1,4.76,667,1.57,80,0.24
719.31,296639,18337,21,501,24,1.3,1,4.76,667,1.57,230,0.57
720.59,297143,18357,21,504,20,1.28,1,4.76,667,1.57,110,0.25
721.96,297644,18385,21,501,28,1.36,1,4.76,667,1.57,0,0
723.22,298146,18409,21,502,24,1.26,1,4.76,667,1.57,10,0.03
724.52,298646,18429,21,500,20,1.31,1,4.76,667,1.57,85,0.27
725.78,299148,18437,21,502,8,1.26,1,4.76,667,1.57,120,0.24
727.01,299651,18449,21,503,12,1.23,1,4.76,667,1.57,130,0.31
728.2,300151,18497,21,500,48,1.19,1,4.76,667,1.57,25,0.05
729.49,300652,18521,21,501,24,1.29,1,4.76,667,1.57,120,0.29
730.81,301154,18545,21,502,24,1.32,1,4.76,667,1.57,35,0.08
731.97,301654,18573,21,500,28,1.17,1,4.76,667,1.57,295,0.67
733.15,302157,18585,21,503,12,1.18,1,4.76,667,1.57,380,0.91
734.29,302660,18629,21,503,44,1.14,1,4.76,667,1.57,5,0.01
735.51,303161,18645,21,501,16,1.23,1,4.76,667,1.57,110,0.3
736.8,303662,18669,21,501,24,1.28,1,4.76,667,1.57,110,0.26
738.01,304166,18697,21,504,28,1.21,1,4.76,667,1.57,90,0.19
739.33,304669,18749,21,503,52,1.33,1,4.76,667,1.57,115,0.29
740.58,305169,18765,21,500,16,1.25,1,4.76,667,1.57,60,0.18
741.98,305671,18785,21,502,20,1.39,1,4.76,667,1.57,40,0.12
743.13,306172,18801,21,501,16,1.16,1,4.76,667,1.57,5,0.02
744.42,306675,18825,21,503,24,1.29,1,4.76,667,1.57,30,0.07
745.65,307175,18853,21,500,28,1.23,1,4.76,667,1.57,65,0.14
746.89,307679,18877,21,504,24,1.24,1,4.76,667,1.57,75,0.18
748.17,308181,18913,21,502,36,1.28,1,4.76,667,1.57,100,0.23
749.45,308681,18941,21,500,28,1.28,1,4.76,667,1.57,130,0.33
750.61,309182,18981,21,501,40,1.16,1,4.76,667,1.57,5,0.01
751.85,309683,19005,21,501,24,1.23,1,4.76,667,1.57,20,0.06
752.97,310187,19017,21,504,12,1.12,1,4.76,667,1.57,120,0.26
754.25,310690,19045,21,503,28,1.28,1,4.76,667,1.57,25,0.06
755.36,311192,19065,21,502,20,1.11,1,4.76,667,1.57,55,0.11
756.53,311693,19113,21,501,48,1.17,1,4.76,667,1.57,30,0.07
757.72,312194,19133,21,501,20,1.2,1,4.76,667,1.57,30,0.07
758.88,312697,19177,21,503,44,1.16,1,4.76,667,1.57,40,0.1
760.03,313200,19197,21,503,20,1.15,1,4.76,667,1.57,15,0.03
761.17,313700,19221,21,500,24,1.14,1,4.76,667,1.57,15,0.04
762.23,314203,19245,21,503,24,1.06,1,4.76,667,1.57,30,0.06
763.42,314707,19269,21,504,24,1.18,1,4.76,667,1.57,30,0.06
764.8,315209,19277,21,502,8,1.39,1,4.76,667,1.57,440,1.24
765.94,315711,19301,21,502,24,1.14,1,4.76,667,1.57,15,0.03
767.16,316211,19309,21,500,8,1.22,1,4.76,667,1.57,130,0.3
768.51,316713,19337,21,502,28,1.35,1,4.76,667,1.57,0,0
769.81,317217,19385,21,504,48,1.3,1,4.76,667,1.57,30,0.08
771.08,317719,19405,21,502,20,1.27,1,4.76,667,1.57,20,0.06
772.11,318223,19421,21,504,16,1.03,1,4.76,667,1.57,130,0.27
773.26,318725,19437,21,502,16,1.15,1,4.76,667,1.57,5,0.01
774.45,319228,19465,21,503,28,1.19,1,4.76,667,1.57,10,0.02
775.59,319731,19477,21,503,12,1.14,1,4.76,667,1.57,155,0.33
776.97,320231,19505,21,500,28,1.38,1,4.76,667,1.57,175,0.5
778.19,320731,19529,21,500,24,1.22,1,4.76,667,1.57,10,0.03
779.36,321235,19537,21,504,8,1.17,1,4.76,667,1.57,125,0.34
780.58,321739,19577,21,504,40,1.22,1,4.76,667,1.57,40,0.1
781.83,322239,19605,21,500,28,1.25,1,4.76,667,1.57,105,0.26
783.05,322740,19625,21,501,20,1.22,1,4.76,667,1.57,170,0.44
784.42,323243,19653,21,503,28,1.37,1,4.76,667,1.57,100,0.3
785.7,323743,19673,21,500,20,1.27,1,4.76,667,1.57,75,0.2
786.92,324246,19693,21,503,20,1.22,1,4.76,667,1.57,75,0.14
788.08,324746,19717,21,500,24,1.16,1,4.76,667,1.57,110,0.27
789.25,325248,19733,21,502,16,1.17,1,4.76,667,1.57,5,0.01
790.51,325750,19765,21,502,32,1.25,1,4.76,667,1.57,100,0.27
791.63,326251,19813,21,501,48,1.12,1,4.76,667,1.57,70,0.17
792.99,326753,19829,21,502,16,1.36,1,4.76,667,1.57,320,0.95
794.3,327255,19849,21,502,20,1.31,1,4.76,667,1.57,170,0.42
795.55,327759,19885,21,504,36,1.25,1,4.76,667,1.57,15,0.04
796.73,328262,19929,21,503,44,1.18,1,4.76,667,1.57,25,0.06
798,328766,19977,21,504,48,1.27,1,4.76,667,1.57,30,0.07
799.32,329268,20013,21,502,36,1.32,1,4.76,667,1.57,20,0.06
800.57,329771,20029,21,503,16,1.25,1,4.76,667,1.57,25,0.06
801.8,330274,20053,21,503,24,1.23,1,4.76,667,1.57,225,0.52
803.09,330775,20085,21,501,32,1.29,1,4.76,667,1.57,20,0.04
804.31,331279,20121,21,504,36,1.22,1,4.76,667,1.57,20,0.06
805.48,331783,20153,21,504,32,1.16,1,4.76,667,1.57,35,0.07
806.64,332285,20177,21,502,24,1.16,1,4.76,667,1.57,290,0.65
807.9,332786,20201,21,501,24,1.27,1,4.76,667,1.57,10,0.03
809.1,333289,20241,21,503,40,1.19,1,4.76,667,1.57,20,0.04
810.38,333793,20265,21,504,24,1.29,1,4.76,667,1.57,45,0.12
811.53,334295,20317,21,502,52,1.15,1,4.76,667,1.57,55,0.13
812.77,334796,20337,21,501,20,1.25,1,4.76,667,1.57,65,0.16
813.94,335300,20377,21,504,40,1.16,1,4.76,667,1.57,20,0.03
815.11,335801,20405,21,501,28,1.17,1,4.76,667,1.57,90,0.21
816.36,336302,20425,21,501,20,1.26,1,4.76,667,1.57,135,0.38
817.57,336805,20441,21,503,16,1.21,1,4.76,667,1.57,205,0.47
818.75,337308,20457,21,503,16,1.18,1,4.76,667,1.57,5,0.02
820.03,337809,20481,21,501,24,1.28,1,4.76,667,1.57,75,0.19
821.29,338309,20521,21,500,40,1.25,1,4.76,667,1.57,15,0.03
822.51,338809,20557,21,500,36,1.22,1,4.76,667,1.57,0,0
823.7,339312,20585,21,503,28,1.2,1,4.76,667,1.57,100,0.24
825,339812,20617,21,500,32,1.29,1,4.76,667,1.57,60,0.16
826.36,340316,20633,21,504,16,1.36,1,4.76,667,1.57,225,0.66
827.6,340819,20645,21,503,12,1.24,1,4.76,667,1.57,425,1.04
828.88,341322,20665,21,503,20,1.28,1,4.76,667,1.57,10,0.02
830.08,341826,20705,21,504,40,1.2,1,4.76,667,1.57,190,0.41
831.29,342327,20733,21,501,28,1.21,1,4.76,667,1.57,60,0.14
832.45,342829,20761,21,502,28,1.16,1,4.76,667,1.57,15,0.03
833.61,343330,20793,21,501,32,1.16,1,4.76,667,1.57,100,0.22
834.79,343834,20805,21,504,12,1.17,1,4.76,667,1.57,165,0.39
836.05,344335,20837,21,501,32,1.26,1,4.76,667,1.57,60,0.17
837.16,344835,20857,21,500,20,1.12,1,4.76,667,1.57,275,0.54
838.33,345335,20893,21,500,36,1.17,1,4.76,667,1.57,0,0
839.59,345838,20917,21,503,24,1.26,1,4.76,667,1.57,110,0.26
840.72,346338,20933,21,500,16,1.13,1,4.76,667,1.57,30,0.06
841.98,346839,20957,21,501,24,1.26,1,4.76,667,1.57,0,0
843.18,347340,20965,21,501,8,1.2,1,4.76,667,1.57,350,0.83
844.42,347842,21001,21,502,36,1.24,1,4.76,667,1.57,90,0.23
845.64,348343,21029,21,501,28,1.22,1,4.76,667,1.57,55,0.11
846.82,348847,21057,21,504,28,1.17,1,4.76,667,1.57,45,0.09
847.95,349348,21097,21,501,40,1.13,1,4.76,667,1.57,100,0.22
849.23,349851,21125,21,503,28,1.28,1,4.76,667,1.57,10,0.03
850.54,350353,21165,21,502,40,1.31,1,4.76,667,1.57,20,0.05
851.77,350855,21181,21,502,16,1.23,1,4.76,667,1.57,105,0.26
852.88,351357,21205,21,502,24,1.11,1,4.76,667,1.57,15,0.04
854.04,351860,21229,21,503,24,1.16,1,4.76,667,1.57,200,0.45
855.17,352362,21249,21,502,20,1.13,1,4.76,667,1.57,60,0.14
856.3,352865,21269,21,503,20,1.14,1,4.76,667,1.57,145,0.31
857.65,353366,21281,21,501,12,1.34,1,4.76,667,1.57,90,0.26
858.97,353867,21317,21,501,36,1.33,1,4.76,667,1.57,115,0.33
860.21,354370,21349,21,503,32,1.23,1,4.76,667,1.57,65,0.15
861.35,354873,21381,21,503,32,1.15,1,4.76,667,1.57,215,0.51
862.61,355375,21405,21,502,24,1.25,1,4.76,667,1.57,75,0.2
863.74,355876,21425,21,501,20,1.14,1,4.76,667,1.57,50,0.13
864.94,356380,21457,21,504,32,1.2,1,4.76,667,1.57,85,0.21
866.16,356883,21489,21,503,32,1.22,1,4.76,667,1.57,110,0.27
867.29,357385,21517,21,502,28,1.13,1,4.76,667,1.57,80,0.22
868.54,357888,21549,21,503,32,1.24,1,4.76,667,1.57,45,0.11
869.75,358388,21585,21,500,36,1.22,1,4.76,667,1.57,85,0.19
870.92,358890,21593,21,502,8,1.16,1,4.76,667,1.57,25,0.06
872.16,359394,21637,21,504,44,1.24,1,4.76,667,1.57,55,0.13
873.36,359898,21669,21,504,32,1.21,1,4.76,667,1.57,25,0.06
874.69,360398,21701,21,500,32,1.32,1,4.76,667,1.57,65,0.17
875.99,360900,21725,21,502,24,1.3,1,4.76,667,1.57,55,0.14
877.11,361403,21733,21,503,8,1.12,1,4.76,667,1.57,20,0.05
878.41,361905,21769,21,502,36,1.29,1,4.76,667,1.57,25,0.04
879.57,362407,21777,21,502,8,1.16,1,4.76,667,1.57,120,0.32
880.76,362909,21813,21,502,36,1.19,1,4.76,667,1.57,105,0.23
881.97,363410,21837,21,501,24,1.21,1,4.76,667,1.57,135,0.3
883.07,363914,21857,21,504,20,1.1,1,4.76,667,1.57,5,0.01
884.21,364417,21889,21,503,32,1.13,1,4.76,667,1.57,85,0.2
885.35,364920,21921,21,503,32,1.14,1,4.76,667,1.57,5,0.01
886.66,365420,21941,21,500,20,1.31,1,4.76,667,1.57,75,0.19
887.94,365923,21949,21,503,8,1.28,1,4.76,667,1.57,410,1.01
889.26,366424,21985,21,501,36,1.32,1,4.76,667,1.57,50,0.1
890.34,366926,22013,21,502,28,1.08,1,4.76,667,1.57,55,0.13
891.49,367429,22037,21,503,24,1.15,1,4.76,667,1.57,200,0.53
892.61,367929,22061,21,500,24,1.12,1,4.76,667,1.57,40,0.1
893.85,368429,22077,21,500,16,1.24,1,4.76,667,1.57,5,0.01
895.11,368933,22101,21,504,24,1.26,1,4.76,667,1.57,30,0.07
896.3,369433,22129,21,500,28,1.18,1,4.76,667,1.57,15,0.04
897.61,369933,22153,21,500,24,1.32,1,4.76,667,1.57,160,0.39
898.75,370436,22181,21,503,28,1.14,1,4.76,667,1.57,85,0.21
899.88,370936,22197,21,500,16,1.13,1,4.76,667,1.57,10,0.01
901.07,371436,22217,21,500,20,1.19,1,4.76,667,1.57,115,0.28
902.39,371937,22237,21,501,20,1.32,1,4.76,667,1.57,70,0.19
903.69,372440,22257,21,503,20,1.3,1,4.76,667,1.57,5,0.01
904.87,372943,22265,21,503,8,1.17,1,4.76,667,1.57,30,0.06
906.01,373444,22273,21,501,8,1.14,1,4.76,667,1.57,190,0.44
907.23,373946,22281,21,502,8,1.22,1,4.76,667,1.57,195,0.47
908.4,374447,22297,21,501,16,1.17,1,4.76,667,1.57,35,0.08
909.66,374949,22317,21,502,20,1.26,1,4.76,667,1.57,135,0.37
910.99,375453,22365,21,504,48,1.33,1,4.76,667,1.57,35,0.1
912.23,375954,22385,21,501,20,1.24,1,4.76,667,1.57,100,0.25
913.36,376455,22405,21,501,20,1.13,1,4.76,667,1.57,150,0.33
914.56,376955,22429,21,500,24,1.2,1,4.76,667,1.57,20,0.05
915.75,377457,22445,21,502,16,1.19,1,4.76,667,1.57,145,0.32
916.91,377958,22465,21,501,20,1.16,1,4.76,667,1.57,20,0.05
918.16,378462,22481,21,504,16,1.25,1,4.76,667,1.57,70,0.2
919.39,378965,22521,21,503,40,1.23,1,4.76,667,1.57,35,0.09
920.78,379465,22541,21,500,20,1.39,1,4.76,667,1.57,10,0.04
922.14,379968,22553,21,503,12,1.35,1,4.76,667,1.57,10,0.02
923.4,380471,22565,21,503,12,1.26,1,4.76,667,1.57,255,0.65
924.73,380971,22585,21,500,20,1.33,1,4.76,667,1.57,120,0.26
925.93,381471,22593,21,500,8,1.2,1,4.76,667,1.57,255,0.63
927.22,381973,22625,21,502,32,1.29,1,4.76,667,1.57,85,0.24
928.53,382476,22649,21,503,24,1.31,1,4.76,667,1.57,55,0.13
929.68,382976,22673,21,500,24,1.15,1,4.76,667,1.57,90,0.23
930.71,383476,22689,21,500,16,1.03,1,4.76,667,1.57,70,0.12
931.88,383979,22725,21,503,36,1.17,1,4.76,667,1.57,100,0.24
933.04,384483,22741,21,504,16,1.16,1,4.76,667,1.57,45,0.09
934.25,384986,22761,21,503,20,1.21,1,4.76,667,1.57,125,0.31
935.48,385487,22781,21,501,20,1.22,1,4.76,667,1.57,100,0.26
936.76,385990,22805,21,503,24,1.28,1,4.76,667,1.57,15,0.03
937.86,386492,22837,21,502,32,1.1,1,4.76,667,1.57,15,0.03
939.08,386994,22869,21,502,32,1.23,1,4.76,667,1.57,70,0.18
940.39,387494,22897,21,500,28,1.3,1,4.76,667,1.57,30,0.09
941.76,387996,22917,21,502,20,1.37,1,4.76,667,1.57,80,0.17
942.93,388496,22945,21,500,28,1.17,1,4.76,667,1.57,50,0.11
944.15,388996,22965,21,500,20,1.22,1,4.76,667,1.57,20,0.04
945.35,389496,22977,21,500,12,1.2,1,4.76,667,1.57,170,0.39
946.59,389998,23009,21,502,32,1.24,1,4.76,667,1.57,95,0.23
947.75,390498,23025,21,500,16,1.16,1,4.76,667,1.57,120,0.31
948.97,390999,23041,21,501,16,1.22,1,4.76,667,1.57,60,0.15
950.29,391503,23061,21,504,20,1.32,1,4.76,667,1.57,150,0.41
951.51,392007,23101,21,504,40,1.22,1,4.76,667,1.57,50,0.1
952.85,392508,23105,21,501,4,1.35,1,4.76,667,1.57,305,0.87
954.01,393012,23121,21,504,16,1.16,1,4.76,667,1.57,10,0.01
955.21,393512,23137,21,500,16,1.2,1,4.76,667,1.57,30,0.07
956.57,394014,23181,21,502,44,1.36,1,4.76,667,1.57,10,0.03
957.79,394514,23193,21,500,12,1.22,1,4.76,667,1.57,60,0.14
959.04,395014,23221,21,500,28,1.25,1,4.76,667,1.57,95,0.25
960.36,395515,23241,21,501,20,1.32,1,4.76,667,1.57,60,0.19
961.61,396019,23269,21,504,28,1.25,1,4.76,667,1.57,35,0.08
962.94,396521,23297,21,502,28,1.33,1,4.76,667,1.57,90,0.2
964.27,397022,23317,21,501,20,1.33,1,4.76,667,1.57,330,0.89
965.66,397522,23345,21,500,28,1.39,1,4.76,667,1.57,140,0.35
966.94,398024,23365,21,502,20,1.28,1,4.76,667,1.57,115,0.24
968.07,398528,23409,21,504,44,1.13,1,4.76,667,1.57,20,0.04
969.26,399031,23421,21,503,12,1.19,1,4.76,667,1.57,180,0.46
970.74,399531,23449,21,500,28,1.48,1,4.76,667,1.57,150,0.46
972,400035,23461,21,504,12,1.26,1,4.76,667,1.57,65,0.16
973.16,400539,23477,21,504,16,1.16,1,4.76,667,1.57,50,0.11
974.47,401043,23509,21,504,32,1.31,1,4.76,667,1.57,30,0.07
975.85,401544,23525,21,501,16,1.38,1,4.76,667,1.57,100,0.32
977,402045,23561,21,501,36,1.15,1,4.76,667,1.57,10,0.02
978.19,402545,23569,21,500,8,1.18,1,4.76,667,1.57,75,0.17
979.4,403045,23585,21,500,16,1.21,1,4.76,667,1.57,250,0.64
980.65,403545,23605,21,500,20,1.25,1,4.76,667,1.57,5,0.01
981.8,404047,23633,21,502,28,1.15,1,4.76,667,1.57,70,0.15
983.08,404549,23653,21,502,20,1.28,1,4.76,667,1.57,20,0.05
984.33,405049,23673,21,500,20,1.25,1,4.76,667,1.57,50,0.12
985.63,405549,23701,21,500,28,1.3,1,4.76,667,1.57,25,0.07
986.97,406052,23725,21,503,24,1.34,1,4.76,667,1.57,115,0.26
988.25,406556,23753,21,504,28,1.28,1,4.76,667,1.57,200,0.53
989.5,407056,23777,21,500,24,1.25,1,4.76,667,1.57,95,0.2
990.74,407560,23789,21,504,12,1.23,1,4.76,667,1.57,50,0.15
992.06,408062,23813,21,502,24,1.32,1,4.76,667,1.57,85,0.23
993.36,408566,23829,21,504,16,1.3,1,4.76,667,1.57,10,0.03
994.48,409070,23841,21,504,12,1.12,1,4.76,667,1.57,120,0.24
995.8,409570,23877,21,500,36,1.32,1,4.76,667,1.57,80,0.24
997.08,410072,23909,21,502,32,1.27,1,4.76,667,1.57,55,0.16
998.43,410573,23969,21,501,60,1.35,1,4.76,667,1.57,15,0.04
999.88,411077,23997,21,504,28,1.45,1,4.76,667,1.57,50,0.14
1001.09,411581,24009,21,504,12,1.21,1,4.76,667,1.57,95,0.23
1002.29,412085,24029,21,504,20,1.2,1,4.76,667,1.57,160,0.36
1003.65,412586,24077,21,501,48,1.36,1,4.76,667,1.57,45,0.11
1004.85,413090,24097,21,504,20,1.2,1,4.76,667,1.57,120,0.32
1006.09,413592,24137,21,502,40,1.24,1,4.76,667,1.57,55,0.13
1007.25,414095,24149,21,503,12,1.16,1,4.76,667,1.57,40,0.12
1008.48,414598,24169,21,503,20,1.24,1,4.76,667,1.57,185,0.47
1009.73,415100,24197,21,502,28,1.25,1,4.76,667,1.57,5,0.02
1010.98,415601,24213,21,501,16,1.25,1,4.76,667,1.57,50,0.1
1012.23,416102,24229,21,501,16,1.26,1,4.76,667,1.57,165,0.4
1013.45,416602,24261,21,500,32,1.22,1,4.76,667,1.57,105,0.25
1014.57,417105,24281,21,503,20,1.12,1,4.76,667,1.57,15,0.04
1015.72,417607,24313,21,502,32,1.15,1,4.76,667,1.57,15,0.03
1016.95,418108,24353,21,501,40,1.23,1,4.76,667,1.57,20,0.06
1018.22,418611,24393,21,503,40,1.27,1,4.76,667,1.57,65,0.18
1019.53,419115,24421,21,504,28,1.31,1,4.76,667,1.57,25,0.08
1020.8,419619,24441,21,504,20,1.27,1,4.76,667,1.57,175,0.42
1022.01,420120,24465,21,501,24,1.21,1,4.76,667,1.57,10,0.02
1023.24,420623,24493,21,503,28,1.23,1,4.76,667,1.57,75,0.17
1024.49,421123,24509,21,500,16,1.26,1,4.76,667,1.57,60,0.14
1025.72,421626,24521,21,503,12,1.23,1,4.76,667,1.57,250,0.61
1026.94,422130,24549,21,504,28,1.22,1,4.76,667,1.57,75,0.21
1028.23,422634,24561,21,504,12,1.28,1,4.76,667,1.57,360,0.88
1029.5,423137,24585,21,503,24,1.27,1,4.76,667,1.57,90,0.23
1030.83,423639,24625,21,502,40,1.33,1,4.76,667,1.57,55,0.14
1031.96,424141,24653,21,502,28,1.12,1,4.76,667,1.57,5,0.02
1033.24,424641,24673,21,500,20,1.28,1,4.76,667,1.57,15,0.04
1034.42,425144,24685,21,503,12,1.18,1,4.76,667,1.57,400,0.92
1035.75,425648,24721,21,504,36,1.33,1,4.76,667,1.57,130,0.31
1036.93,426152,24753,21,504,32,1.18,1,4.76,667,1.57,20,0.06
1038.16,426652,24765,21,500,12,1.23,1,4.76,667,1.57,15,0.05
1039.31,427152,24781,21,500,16,1.14,1,4.76,667,1.57,35,0.08
1040.47,427653,24805,21,501,24,1.17,1,4.76,667,1.57,110,0.26
1041.74,428153,24833,21,500,28,1.26,1,4.76,667,1.57,150,0.37
1042.97,428653,24865,21,500,32,1.24,1,4.76,667,1.57,40,0.1
1044.56,429157,24885,21,504,20,1.59,2,9.52,667,1.57,15,0.06
1045.7,429660,24897,21,503,12,1.14,1,4.76,667,1.57,30,0.07
1046.94,430164,24905,21,504,8,1.24,1,4.76,667,1.57,190,0.44
1048.09,430664,24933,21,500,28,1.16,1,4.76,667,1.57,110,0.25
1049.31,431168,24945,21,504,12,1.22,1,4.76,667,1.57,155,0.39
1050.54,431671,24973,21,503,28,1.22,1,4.76,667,1.57,20,0.05
1051.77,432171,25009,21,500,36,1.23,1,4.76,667,1.57,30,0.09
1053.2,432672,25033,21,501,24,1.43,1,4.76,667,1.57,115,0.31
1054.51,433175,25061,21,503,28,1.31,1,4.76,667,1.57,45,0.11
1055.61,433677,25105,21,502,44,1.1,1,4.76,667,1.57,70,0.16
1056.76,434178,25109,21,501,4,1.15,1,4.76,667,1.57,75,0.17
1057.95,434678,25141,21,500,32,1.2,1,4.76,667,1.57,30,0.06
1059.21,435182,25165,21,504,24,1.26,1,4.76,667,1.57,80,0.17
1060.44,435684,25173,21,502,8,1.23,1,4.76,667,1.57,390,0.96
1061.71,436188,25205,21,504,32,1.27,1,4.76,667,1.57,30,0.09
1062.9,436692,25233,21,504,28,1.18,1,4.76,667,1.57,95,0.21
1064.03,437192,25233,21,500,0,1.14,0,0,667,1.57,595,1.35
1065.19,437692,25249,21,500,16,1.16,1,4.76,676,1.57,75,0.17
1066.21,438192,25257,21,500,8,1.02,1,4.76,676,1.57,125,0.28
1067.43,438694,25277,21,502,20,1.22,1,4.76,676,1.57,35,0.11
1068.65,439194,25297,21,500,20,1.22,1,4.76,676,1.57,95,0.22
1069.75,439696,25317,21,502,20,1.09,1,4.76,676,1.57,285,0.6
1070.94,440199,25337,21,503,20,1.19,1,4.76,676,1.57,5,0.02
1072.16,440703,25369,21,504,32,1.23,1,4.76,676,1.57,10,0.02
1073.39,441203,25389,21,500,20,1.22,1,4.76,676,1.57,25,0.07
1074.54,441705,25417,21,502,28,1.16,1,4.76,676,1.57,80,0.17
1075.82,442207,25441,21,502,24,1.28,1,4.76,676,1.57,60,0.15
1077.04,442709,25461,21,502,20,1.22,1,4.76,676,1.57,25,0.08
1078.28,443211,25493,21,502,32,1.25,1,4.76,676,1.57,10,0.03
1079.58,443712,25533,21,501,40,1.29,1,4.76,676,1.57,120,0.3
1080.9,444213,25557,21,501,24,1.32,1,4.76,676,1.57,50,0.11
1082.13,444714,25581,21,501,24,1.24,1,4.76,676,1.57,65,0.13
1083.42,445218,25601,21,504,20,1.29,1,4.76,676,1.57,5,0.01
1084.81,445719,25613,21,501,12,1.39,1,4.76,676,1.57,135,0.38
1085.99,446223,25625,21,504,12,1.18,1,4.76,676,1.57,10,0.02
1087.14,446727,25653,21,504,28,1.14,1,4.76,676,1.57,70,0.16
1088.24,447228,25681,21,501,28,1.1,1,4.76,676,1.57,225,0.48
1089.5,447728,25701,21,500,20,1.26,1,4.76,676,1.57,45,0.13
1090.88,448228,25749,21,500,48,1.38,1,4.76,676,1.57,5,0.01
1092.19,448729,25789,21,501,40,1.31,1,4.76,676,1.57,15,0.04
1093.49,449232,25793,21,503,4,1.3,1,4.76,676,1.57,185,0.46
1094.75,449734,25821,21,502,28,1.25,1,4.76,676,1.57,5,0.01
1095.98,450236,25845,21,502,24,1.23,1,4.76,676,1.57,235,0.65
1097.21,450738,25865,21,502,20,1.23,1,4.76,676,1.57,120,0.27
1098.49,451239,25881,21,501,16,1.28,1,4.76,676,1.57,80,0.25
1099.6,451740,25897,21,501,16,1.11,1,4.76,676,1.57,5,0.01
1100.8,452241,25925,21,501,28,1.2,1,4.76,676,1.57,30,0.07
1101.95,452741,25937,21,500,12,1.15,1,4.76,676,1.57,230,0.49
1103.13,453244,25953,21,503,16,1.18,1,4.76,676,1.57,55,0.15
1104.31,453746,25981,21,502,28,1.18,1,4.76,676,1.57,25,0.07
1105.53,454247,26025,21,501,44,1.22,1,4.76,676,1.57,20,0.04
1106.72,454749,26053,21,502,28,1.19,1,4.76,676,1.57,5,0.01
1108.08,455249,26065,21,500,12,1.36,1,4.76,676,1.57,240,0.7
1109.33,455753,26101,21,504,36,1.25,1,4.76,676,1.57,135,0.34
1110.59,456256,26137,21,503,36,1.27,1,4.76,676,1.57,60,0.14
1111.94,456760,26153,21,504,16,1.35,1,4.76,676,1.57,280,0.77
1113.2,457261,26173,21,501,20,1.26,1,4.76,676,1.57,150,0.36
1114.24,457761,26193,21,500,20,1.04,1,4.76,676,1.57,10,0.02
1115.45,458261,26205,21,500,12,1.21,1,4.76,676,1.57,195,0.46
1116.62,458765,26233,21,504,28,1.17,1,4.76,676,1.57,125,0.29
1117.79,459268,26265,21,503,32,1.17,1,4.76,676,1.57,30,0.07
1119.03,459770,26293,21,502,28,1.23,1,4.76,676,1.57,20,0.06
1120.32,460271,26313,21,501,20,1.3,1,4.76,676,1.57,65,0.19
1121.66,460775,26329,21,504,16,1.34,1,4.76,676,1.57,5,0.01
1122.86,461276,26349,21,501,20,1.2,1,4.76,676,1.57,60,0.12
1124.01,461779,26393,21,503,44,1.15,1,4.76,676,1.57,50,0.12
1125.2,462280,26417,21,501,24,1.19,1,4.76,676,1.57,45,0.11
1126.4,462783,26437,21,503,20,1.19,1,4.76,676,1.57,60,0.17
1127.65,463286,26473,21,503,36,1.25,1,4.76,676,1.57,230,0.55
1128.85,463786,26505,21,500,32,1.2,1,4.76,676,1.57,150,0.4
1130,464289,26513,21,503,8,1.15,1,4.76,676,1.57,105,0.23
1131.14,464792,26525,21,503,12,1.14,1,4.76,676,1.57,190,0.42
1132.64,465296,26549,21,504,24,1.5,1,4.76,676,1.57,10,0.03
1133.86,465798,26565,21,502,16,1.22,1,4.76,676,1.57,125,0.26
1135.05,466299,26585,21,501,20,1.19,1,4.76,676,1.57,160,0.39
1136.34,466802,26597,21,503,12,1.29,1,4.76,676,1.57,65,0.17
1137.73,467302,26625,21,500,28,1.38,1,4.76,676,1.57,65,0.23
1138.9,467803,26641,21,501,16,1.18,1,4.76,676,1.57,165,0.35
1140.2,468304,26681,21,501,40,1.3,1,4.76,676,1.57,50,0.1
1141.42,468806,26705,21,502,24,1.22,1,4.76,676,1.57,130,0.34
1142.64,469307,26725,21,501,20,1.23,1,4.76,676,1.57,45,0.09
1143.98,469808,26765,21,501,40,1.33,1,4.76,676,1.57,50,0.15
1145.21,470311,26797,21,503,32,1.24,1,4.76,676,1.57,15,0.04
1146.55,470813,26821,21,502,24,1.34,1,4.76,676,1.57,65,0.19
1147.76,471316,26849,21,503,28,1.2,1,4.76,676,1.57,25,0.07
1148.92,471820,26873,21,504,24,1.16,1,4.76,676,1.57,20,0.04
1150.3,472324,26909,21,504,36,1.38,1,4.76,676,1.57,55,0.14
1151.48,472825,26933,21,501,24,1.18,1,4.76,676,1.57,15,0.04
1152.76,473328,26941,21,503,8,1.28,1,4.76,676,1.57,390,0.99
1153.9,473828,26969,21,500,28,1.14,1,4.76,676,1.57,95,0.2
0.99,501,4302,25,501,4302,0.99,1,4,16,0.04,485,0.95
2,1004,4692,25,503,390,1.01,1,4,577,1.15,55,0.12
2.97,1508,4818,25,504,126,0.96,1,4,577,1.15,5,0.01
3.93,2011,4836,25,503,18,0.96,2,8,577,1.15,400,0.75
4.89,2511,4836,25,500,0,0.96,0,0,577,1.15,900,1.71
5.88,3012,4840,25,501,4,0.99,1,4,1106,2.12,295,0.58
6.96,3515,4877,25,503,37,1.07,1,4,1106,2.12,85,0.18
8.04,4016,4881,25,501,4,1.09,1,4,1106,2.12,240,0.55
9.12,4516,4881,25,500,0,1.07,0,0,1106,2.12,740,1.63
10.13,5017,4885,25,501,4,1.01,1,4,1106,2.12,380,0.76
11.12,5518,4889,25,501,4,0.99,1,4,1106,2.12,50,0.08
12.05,6019,4893,25,501,4,0.93,1,4,1106,2.12,160,0.3
13.14,6523,4905,25,504,12,1.09,1,4,1106,2.12,10,0.02
14.24,7026,4913,25,503,8,1.1,1,4,1106,2.12,145,0.32
15.25,7526,4925,25,500,12,1.01,1,4,1106,2.12,260,0.52
16.33,8026,4953,25,500,28,1.08,1,4,1106,2.12,50,0.09
17.54,8529,4965,25,503,12,1.21,1,4,1106,2.12,105,0.23
18.6,9030,4981,25,501,16,1.06,1,4,1106,2.12,75,0.14
19.65,9534,4993,25,504,12,1.05,1,4,1106,2.12,345,0.7
20.82,10036,5001,25,502,8,1.17,1,4,1106,2.12,405,0.96
21.85,10537,5021,25,501,20,1.03,1,4,1106,2.12,180,0.35
22.95,11040,5041,25,503,20,1.09,1,4,1106,2.12,95,0.23
23.95,11540,5045,25,500,4,1,1,4,1106,2.12,25,0.05
24.9,12040,5065,25,500,20,0.96,1,4,1106,2.12,85,0.14
26.02,12541,5085,25,501,20,1.12,1,4,1106,2.12,25,0.05
27.07,13043,5097,25,502,12,1.05,1,4,1106,2.12,150,0.33
28,13543,5113,25,500,16,0.93,1,4,1106,2.12,95,0.18
29.21,14045,5121,25,502,8,1.21,1,4,1106,2.12,355,0.82
30.34,14548,5141,25,503,20,1.13,1,4,1106,2.12,100,0.22
31.53,15048,5157,25,500,16,1.2,1,4,1106,2.12,95,0.24
32.71,15550,5165,25,502,8,1.18,1,4,1106,2.12,10,0.02
33.83,16054,5177,25,504,12,1.12,1,4,1106,2.12,65,0.13
34.8,16557,5189,25,503,12,0.97,1,4,1106,2.12,140,0.27
35.9,17060,5217,25,503,28,1.1,1,4,1106,2.12,35,0.08
36.98,17561,5237,25,501,20,1.08,1,4,1106,2.12,185,0.37
38.04,18065,5253,25,504,16,1.05,1,4,1106,2.12,200,0.4
39.13,18569,5265,25,504,12,1.09,1,4,1106,2.12,75,0.17
40.24,19073,5281,25,504,16,1.11,1,4,1106,2.12,105,0.24
41.4,19574,5297,25,501,16,1.16,1,4,1106,2.12,110,0.26
42.45,20075,5321,25,501,24,1.05,1,4,1106,2.12,170,0.35
43.52,20575,5337,25,500,16,1.07,1,4,1106,2.12,35,0.07
44.73,21079,5365,25,504,28,1.21,1,4,1106,2.12,5,0.01
45.86,21583,5385,25,504,20,1.13,1,4,1106,2.12,205,0.43
47,22083,5405,25,500,20,1.14,1,4,1106,2.12,0,0
48.21,22585,5413,25,502,8,1.22,1,4,1106,2.12,145,0.4
49.42,23086,5441,25,501,28,1.21,1,4,1106,2.12,90,0.2
50.66,23589,5473,25,503,32,1.24,1,4,1106,2.12,65,0.13
51.8,24089,5489,25,500,16,1.14,1,4,1106,2.12,110,0.23
52.88,24590,5513,25,501,24,1.07,1,4,1106,2.12,20,0.05
54.07,25094,5529,25,504,16,1.2,1,4,1106,2.12,220,0.52
55.2,25598,5541,25,504,12,1.13,1,4,1106,2.12,260,0.58
56.33,26102,5573,25,504,32,1.13,1,4,1106,2.12,0,0
57.48,26606,5585,25,504,12,1.15,1,4,1106,2.12,15,0.04
58.53,27110,5597,25,504,12,1.05,1,4,1106,2.12,135,0.26
59.6,27613,5645,25,503,48,1.07,1,4,1106,2.12,15,0.03
60.65,28116,5677,25,503,32,1.05,1,4,1106,2.12,160,0.31
61.88,28620,5693,25,504,16,1.23,1,4,1106,2.12,190,0.42
63,29124,5721,25,504,28,1.12,1,4,1106,2.12,35,0.09
64.04,29625,5741,25,501,20,1.04,1,4,1106,2.12,40,0.07
65.16,30128,5753,25,503,12,1.13,1,4,1106,2.12,105,0.24
66.35,30631,5765,25,503,12,1.19,1,4,1106,2.12,45,0.12
67.44,31135,5777,25,504,12,1.08,1,4,1106,2.12,135,0.27
68.54,31638,5801,25,503,24,1.1,1,4,1106,2.12,30,0.08
69.66,32138,5829,25,500,28,1.12,1,4,1106,2.12,95,0.23
70.79,32640,5853,25,502,24,1.13,1,4,1106,2.12,50,0.13
71.83,33142,5873,25,502,20,1.04,2,8,1106,2.12,30,0.06
72.94,33642,5893,25,500,20,1.11,1,4,1106,2.12,60,0.14
74.06,34145,5913,25,503,20,1.12,1,4,1106,2.12,125,0.28
75.23,34646,5945,25,501,32,1.16,1,4,1106,2.12,55,0.1
76.49,35150,5961,25,504,16,1.26,1,4,1106,2.12,210,0.54
77.61,35650,5989,25,500,28,1.12,1,4,1106,2.12,5,0.01
78.96,36151,5993,25,501,4,1.36,1,4,1106,2.12,265,0.75
80.09,36654,6001,25,503,8,1.12,1,4,1106,2.12,485,1.07
81.15,37157,6029,25,503,28,1.06,1,4,1106,2.12,170,0.38
82.3,37661,6049,25,504,20,1.15,1,4,1106,2.12,175,0.41
83.46,38164,6089,25,503,40,1.17,1,4,1106,2.12,70,0.15
84.61,38666,6101,25,502,12,1.14,1,4,1106,2.12,35,0.08
85.86,39166,6133,25,500,32,1.26,1,4,1106,2.12,55,0.12
87.01,39670,6145,25,504,12,1.14,1,4,1106,2.12,25,0.05
88.16,40173,6169,25,503,24,1.15,1,4,1106,2.12,10,0.02
89.31,40674,6189,25,501,20,1.15,1,4,1106,2.12,40,0.09
90.51,41175,6213,25,501,24,1.2,1,4,1106,2.12,45,0.12
91.68,41676,6249,25,501,36,1.17,1,4,1106,2.12,20,0.07
92.99,42177,6281,25,501,32,1.32,1,4,1106,2.12,5,0.01
94.19,42680,6305,25,503,24,1.19,1,4,1106,2.12,30,0.08
95.44,43184,6321,25,504,16,1.25,1,4,1106,2.12,20,0.05
96.72,43688,6357,25,504,36,1.29,1,4,1106,2.12,15,0.03
97.88,44189,6369,25,501,12,1.16,1,4,1106,2.12,425,1
99.01,44691,6389,25,502,20,1.13,1,4,1106,2.12,0,0
100.06,45191,6417,25,500,28,1.05,1,4,1106,2.12,10,0.02
101.17,45691,6437,25,500,20,1.11,1,4,1106,2.12,15,0.04
102.29,46194,6449,25,503,12,1.12,1,4,1106,2.12,10,0.01
103.38,46698,6461,25,504,12,1.09,1,4,1106,2.12,25,0.07
104.54,47200,6493,25,502,32,1.16,1,4,1106,2.12,205,0.5
105.7,47701,6509,25,501,16,1.16,1,4,1106,2.12,165,0.39
106.81,48201,6529,25,500,20,1.11,1,4,1106,2.12,20,0.04
107.89,48702,6545,25,501,16,1.08,1,4,1106,2.12,60,0.13
108.99,49205,6569,25,503,24,1.1,1,4,1106,2.12,65,0.16
110.14,49707,6593,25,502,24,1.16,1,4,1106,2.12,140,0.35
111.32,50211,6629,25,504,36,1.18,2,8,1106,2.12,40,0.11
112.42,50712,6657,25,501,28,1.1,1,4,1106,2.12,215,0.49
113.59,51214,6685,25,502,28,1.17,1,4,1106,2.12,95,0.22
114.82,51718,6709,25,504,24,1.23,1,4,1106,2.12,45,0.13
116.22,52220,6737,25,502,28,1.39,1,4,1106,2.12,5,0.01
117.48,52722,6757,25,502,20,1.27,1,4,1106,2.12,145,0.39
118.68,53223,6773,25,501,16,1.2,1,4,1106,2.12,100,0.23
119.86,53726,6809,25,503,36,1.17,1,4,1106,2.12,70,0.19
121.17,54226,6821,25,500,12,1.31,1,4,1106,2.12,60,0.15
122.37,54727,6841,25,501,20,1.2,1,4,1106,2.12,165,0.38
123.51,55227,6857,25,500,16,1.14,1,4,1106,2.12,70,0.15
124.71,55731,6893,25,504,36,1.21,1,4,1106,2.12,75,0.16
125.92,56232,6913,25,501,20,1.21,1,4,1106,2.12,35,0.08
127.17,56735,6941,25,503,28,1.25,1,4,1106,2.12,70,0.19
128.26,57235,6973,25,500,32,1.08,1,4,1106,2.12,100,0.2
129.4,57737,7005,25,502,32,1.14,1,4,1106,2.12,35,0.05
130.6,58241,7029,25,504,24,1.21,1,4,1106,2.12,70,0.15
131.73,58743,7057,25,502,28,1.13,1,4,1106,2.12,25,0.05
132.82,59246,7065,25,503,8,1.09,1,4,1106,2.12,310,0.67
133.9,59750,7085,25,504,20,1.08,1,4,1106,2.12,20,0.04
134.98,60251,7101,25,501,16,1.09,1,4,1106,2.12,85,0.18
136.08,60752,7113,25,501,12,1.1,1,4,1106,2.12,340,0.7
137.09,61252,7125,25,500,12,1.01,1,4,1106,2.12,120,0.24
138.19,61756,7157,25,504,32,1.1,1,4,1106,2.12,25,0.05
139.28,62257,7173,25,501,16,1.1,1,4,1106,2.12,110,0.21
140.39,62759,7201,25,502,28,1.11,1,4,1106,2.12,10,0.02
141.5,63262,7237,25,503,36,1.11,1,4,1106,2.12,50,0.1
142.65,63763,7241,25,501,4,1.15,1,4,1106,2.12,185,0.43
143.73,64263,7261,25,500,20,1.07,1,4,1106,2.12,5,0.01
144.82,64763,7281,25,500,20,1.09,1,4,1106,2.12,30,0.07
146.01,65265,7329,25,502,48,1.2,1,4,1106,2.12,15,0.03
147.24,65767,7357,25,502,28,1.23,1,4,1106,2.12,255,0.63
148.45,66269,7377,25,502,20,1.2,1,4,1106,2.12,50,0.11
149.56,66769,7393,25,500,16,1.11,1,4,1106,2.12,20,0.04
150.85,67271,7429,25,502,36,1.29,1,4,1106,2.12,65,0.19
152.02,67773,7481,25,502,52,1.18,1,4,1106,2.12,5,0.01
153.26,68276,7517,25,503,36,1.24,1,4,1106,2.12,40,0.08
154.51,68779,7557,25,503,40,1.25,1,4,1106,2.12,15,0.03
155.7,69279,7585,25,500,28,1.19,1,4,1106,2.12,0,0
156.98,69783,7617,25,504,32,1.28,1,4,1106,2.12,140,0.36
158.32,70283,7641,25,500,24,1.34,1,4,1106,2.12,0,0
159.47,70784,7661,25,501,20,1.15,1,4,1106,2.12,0,0
160.68,71284,7677,25,500,16,1.21,1,4,1106,2.12,70,0.17
161.91,71784,7705,25,500,28,1.22,1,4,1106,2.12,15,0.04
163.15,72287,7717,25,503,12,1.24,1,4,1106,2.12,55,0.14
164.27,72788,7737,25,501,20,1.12,1,4,1106,2.12,30,0.07
165.4,73289,7757,25,501,20,1.13,1,4,1106,2.12,265,0.6
166.54,73791,7761,25,502,4,1.14,1,4,1106,2.12,80,0.19
167.87,74295,7793,25,504,32,1.33,1,4,1106,2.12,5,0.02
169.17,74796,7833,25,501,40,1.3,1,4,1106,2.12,5,0
170.38,75299,7853,25,503,20,1.21,1,4,1106,2.12,110,0.25
171.53,75800,7869,25,501,16,1.16,1,4,1106,2.12,5,0.01
172.75,76304,7881,25,504,12,1.22,1,4,1106,2.12,15,0.04
174.21,76807,7905,25,503,24,1.46,1,4,1106,2.12,65,0.18
175.48,77311,7921,25,504,16,1.27,1,4,1106,2.12,70,0.17
176.56,77811,7953,25,500,32,1.08,1,4,1106,2.12,45,0.09
177.78,78313,7973,25,502,20,1.22,1,4,1106,2.12,45,0.1
178.99,78817,8001,25,504,28,1.21,1,4,1106,2.12,10,0.03
180.12,79321,8017,25,504,16,1.12,1,4,1106,2.12,60,0.14
181.31,79821,8033,25,500,16,1.19,2,8,1106,2.12,135,0.34
182.45,80325,8045,25,504,12,1.14,1,4,1106,2.12,240,0.51
183.77,80828,8077,25,503,32,1.32,1,4,1106,2.12,55,0.16
185.29,81328,8117,25,500,40,1.51,1,4,1106,2.12,10,0.03
186.57,81829,8121,25,501,4,1.29,1,4,1106,2.12,70,0.17
187.81,82332,8149,25,503,28,1.24,1,4,1106,2.12,55,0.12
189.03,82836,8161,25,504,12,1.22,1,4,1106,2.12,265,0.65
190.2,83337,8185,25,501,24,1.17,1,4,1106,2.12,35,0.08
191.3,83837,8209,25,500,24,1.09,1,4,1106,2.12,150,0.31
192.43,84340,8237,25,503,28,1.13,1,4,1106,2.12,70,0.16
193.66,84841,8265,25,501,28,1.23,1,4,1106,2.12,65,0.16
194.96,85344,8293,25,503,28,1.3,1,4,1106,2.12,75,0.17
196.1,85846,8301,25,502,8,1.14,1,4,1106,2.12,30,0.08
197.19,86349,8321,25,503,20,1.09,1,4,1106,2.12,65,0.15
198.34,86853,8345,25,504,24,1.15,1,4,1106,2.12,30,0.07
199.55,87357,8389,25,504,44,1.21,1,4,1106,2.12,25,0.07
200.82,87861,8405,25,504,16,1.28,1,4,1106,2.12,75,0.18
201.97,88363,8429,25,502,24,1.15,1,4,1106,2.12,120,0.28
203.4,88863,8481,25,500,52,1.43,1,4,1106,2.12,70,0.18
204.52,89366,8501,25,503,20,1.12,1,4,1106,2.12,10,0.03
205.61,89870,8513,25,504,12,1.1,1,4,1106,2.12,290,0.65
206.75,90374,8537,25,504,24,1.14,1,4,1106,2.12,15,0.02
207.88,90877,8581,25,503,44,1.12,1,4,1106,2.12,50,0.13
208.96,91379,8613,25,502,32,1.08,1,4,1106,2.12,55,0.1
210.05,91883,8625,25,504,12,1.1,1,4,1106,2.12,165,0.36
211.21,92383,8661,25,500,36,1.16,1,4,1106,2.12,35,0.08
212.35,92884,8701,25,501,40,1.14,1,4,1106,2.12,85,0.19
213.49,93384,8725,25,500,24,1.14,1,4,1106,2.12,95,0.21
214.7,93885,8753,25,501,28,1.21,1,4,1106,2.12,20,0.05
215.79,94386,8765,25,501,12,1.08,1,4,1106,2.12,5,0.01
216.98,94888,8793,25,502,28,1.19,1,4,1106,2.12,25,0.05
218.07,95388,8809,25,500,16,1.09,1,4,1106,2.12,80,0.17
219.17,95892,8837,25,504,28,1.09,1,4,1106,2.12,115,0.24
220.2,96396,8881,25,504,44,1.03,1,4,1106,2.12,5,0.01
221.28,96898,8897,25,502,16,1.08,1,4,1106,2.12,20,0.04
222.35,97398,8913,25,500,16,1.08,1,4,1106,2.12,10,0.03
223.55,97902,8945,25,504,32,1.2,1,4,1106,2.12,15,0.03
224.73,98406,8989,25,504,44,1.18,1,4,1106,2.12,40,0.09
225.93,98909,9013,25,503,24,1.21,1,4,1106,2.12,185,0.46
227.18,99410,9029,25,501,16,1.25,1,4,1106,2.12,105,0.25
228.36,99913,9053,25,503,24,1.18,1,4,1106,2.12,80,0.18
229.42,100417,9073,25,504,20,1.06,1,4,1106,2.12,10,0.02
230.58,100917,9073,25,500,0,1.15,0,0,1106,2.12,510,1.17
231.75,101419,9093,25,502,20,1.18,1,4,1106,2.12,50,0.12
232.86,101919,9113,25,500,20,1.11,1,4,1106,2.12,50,0.11
234.09,102421,9133,25,502,20,1.23,1,4,1106,2.12,95,0.21
235.28,102922,9137,25,501,4,1.19,1,4,1106,2.12,405,0.96
236.43,103424,9145,25,502,8,1.15,1,4,1106,2.12,115,0.25
237.53,103925,9177,25,501,32,1.1,1,4,1106,2.12,25,0.06
238.67,104425,9213,25,500,36,1.14,1,4,1106,2.12,10,0.02
239.82,104929,9229,25,504,16,1.15,1,4,1106,2.12,235,0.56
240.91,105432,9249,25,503,20,1.09,1,4,1106,2.12,80,0.19
242.05,105935,9269,25,503,20,1.14,1,4,1106,2.12,195,0.48
243.25,106436,9297,25,501,28,1.2,1,4,1106,2.12,100,0.27
244.44,106940,9317,25,504,20,1.19,1,4,1106,2.12,10,0.03
245.66,107440,9337,25,500,20,1.22,1,4,1106,2.12,300,0.7
246.79,107943,9369,25,503,32,1.13,1,4,1106,2.12,60,0.16
247.95,108446,9397,25,503,28,1.16,1,4,1106,2.12,145,0.36
249.26,108946,9409,25,500,12,1.31,1,4,1106,2.12,0,0
250.49,109449,9433,25,503,24,1.23,1,4,1106,2.12,60,0.15
251.77,109950,9457,25,501,24,1.28,1,4,1106,2.12,10,0.02
252.98,110454,9489,25,504,32,1.21,1,4,1106,2.12,70,0.18
254.17,110958,9517,25,504,28,1.18,1,4,1106,2.12,70,0.15
255.44,111462,9549,25,504,32,1.28,1,4,1106,2.12,130,0.3
256.7,111963,9577,25,501,28,1.25,1,4,1106,2.12,40,0.1
257.84,112467,9601,25,504,24,1.14,1,4,1106,2.12,180,0.41
259.09,112969,9625,25,502,24,1.25,1,4,1106,2.12,125,0.3
260.32,113471,9641,25,502,16,1.23,1,4,1106,2.12,5,0.02
261.53,113975,9661,25,504,20,1.21,1,4,1106,2.12,220,0.47
262.6,114476,9681,25,501,20,1.07,1,4,1106,2.12,10,0.02
263.8,114977,9697,25,501,16,1.2,1,4,1106,2.12,65,0.18
265.09,115479,9733,25,502,36,1.29,1,4,1106,2.12,15,0.04
266.32,115980,9769,25,501,36,1.23,1,4,1106,2.12,80,0.22
267.57,116481,9789,25,501,20,1.26,1,4,1106,2.12,45,0.11
268.77,116985,9813,25,504,24,1.19,1,4,1106,2.12,55,0.12
270.01,117486,9849,25,501,36,1.25,1,4,1106,2.12,50,0.1
271.22,117986,9869,25,500,20,1.21,1,4,1106,2.12,15,0.02
272.36,118490,9885,25,504,16,1.14,1,4,1106,2.12,140,0.3
273.53,118991,9901,25,501,16,1.17,1,4,1106,2.12,55,0.12
274.81,119491,9945,25,500,44,1.28,1,4,1106,2.12,145,0.35
275.99,119992,9969,25,501,24,1.17,1,4,1106,2.12,140,0.34
277.38,120496,9981,25,504,12,1.39,1,4,1106,2.12,180,0.45
278.59,120998,10025,25,502,44,1.2,1,4,1106,2.12,5,0.02
279.79,121499,10041,25,501,16,1.2,1,4,1106,2.12,30,0.08
281.16,122001,10073,25,502,32,1.38,1,4,1106,2.12,90,0.31
282.41,122503,10101,25,502,28,1.25,1,4,1106,2.12,30,0.07
283.66,123006,10125,25,503,24,1.25,1,4,1106,2.12,35,0.08
284.87,123506,10145,25,500,20,1.22,1,4,1106,2.12,180,0.44
286.09,124009,10149,25,503,4,1.21,1,4,1106,2.12,120,0.32
287.26,124513,10161,25,504,12,1.17,1,4,1106,2.12,310,0.74
288.56,125017,10181,25,504,20,1.3,1,4,1106,2.12,10,0.03
289.72,125521,10197,25,504,16,1.16,1,4,1106,2.12,50,0.1
290.91,126025,10205,25,504,8,1.19,1,4,1106,2.12,155,0.37
292.28,126525,10213,25,500,8,1.37,1,4,1106,2.12,220,0.62
293.67,127027,10241,25,502,28,1.39,1,4,1106,2.12,160,0.4
294.84,127527,10261,25,500,20,1.17,1,4,1106,2.12,40,0.08
295.97,128028,10273,25,501,12,1.13,1,4,1106,2.12,150,0.33
297.16,128530,10293,25,502,20,1.2,1,4,1106,2.12,125,0.29
298.36,129032,10317,25,502,24,1.2,1,4,1106,2.12,45,0.13
299.55,129533,10337,25,501,20,1.19,1,4,1106,2.12,50,0.15
300.87,130035,10361,25,502,24,1.33,1,4,1106,2.12,170,0.46
302.07,130539,10377,25,504,16,1.2,1,4,1106,2.12,50,0.12
303.21,131041,10385,25,502,8,1.14,1,4,1106,2.12,25,0.06
304.4,131545,10401,25,504,16,1.2,1,4,1106,2.12,175,0.42
305.65,132046,10441,25,501,40,1.25,1,4,1106,2.12,5,0.02
306.93,132546,10469,25,500,28,1.28,1,4,1106,2.12,70,0.17
308.22,133046,10489,25,500,20,1.29,1,4,1106,2.12,5,0.01
309.59,133548,10517,25,502,28,1.37,1,4,1106,2.12,125,0.48
310.94,134048,10545,25,500,28,1.35,1,4,1106,2.12,15,0.04
312.11,134549,10577,25,501,32,1.16,1,4,1106,2.12,35,0.08
313.56,135052,10597,25,503,20,1.46,1,4,1106,2.12,285,0.92
314.73,135555,10609,25,503,12,1.17,1,4,1106,2.12,20,0.05
315.81,136055,10629,25,500,20,1.08,1,4,1106,2.12,15,0.02
316.96,136555,10649,25,500,20,1.15,1,4,1106,2.12,75,0.21
318.22,137057,10665,25,502,16,1.26,1,4,1106,2.12,100,0.24
319.45,137557,10697,25,500,32,1.23,1,4,1106,2.12,20,0.04
320.76,138060,10713,25,503,16,1.31,1,4,1106,2.12,85,0.22
321.96,138562,10741,25,502,28,1.19,1,4,1106,2.12,45,0.11
323.28,139064,10785,25,502,44,1.33,1,4,1106,2.12,75,0.17
324.48,139564,10825,25,500,40,1.19,1,4,1106,2.12,90,0.2
325.65,140065,10841,25,501,16,1.18,1,4,1106,2.12,95,0.18
326.8,140569,10857,25,504,16,1.14,1,4,1106,2.12,10,0.03
328.01,141072,10877,25,503,20,1.22,1,4,1106,2.12,50,0.14
329.26,141573,10909,25,501,32,1.24,1,4,1106,2.12,85,0.2
330.68,142074,10929,25,501,20,1.42,1,4,1106,2.12,105,0.35
332.01,142578,10961,25,504,32,1.33,1,4,1106,2.12,5,0.01
333.15,143079,10981,25,501,20,1.14,1,4,1106,2.12,70,0.14
334.44,143580,10985,25,501,4,1.29,1,4,1106,2.12,325,0.85
335.59,144080,11017,25,500,32,1.16,1,4,1106,2.12,30,0.06
336.81,144584,11049,25,504,32,1.22,1,4,1106,2.12,50,0.13
338.14,145086,11073,25,502,24,1.33,1,4,1106,2.12,130,0.28
339.39,145589,11085,25,503,12,1.25,1,4,1106,2.12,225,0.56
340.66,146092,11109,25,503,24,1.26,1,4,1106,2.12,115,0.35
341.98,146596,11125,25,504,16,1.33,1,4,1106,2.12,105,0.24
343.34,147097,11157,25,501,32,1.35,1,4,1106,2.12,60,0.15
344.63,147597,11173,25,500,16,1.29,1,4,1106,2.12,25,0.07
345.86,148101,11201,25,504,28,1.23,1,4,1106,2.12,15,0.04
347.08,148605,11213,25,504,12,1.23,1,4,1106,2.12,155,0.39
348.28,149108,11245,25,503,32,1.2,1,4,1106,2.12,65,0.18
349.92,149608,11285,25,500,40,1.64,1,4,1106,2.12,5,0.02
351.21,150110,11325,25,502,40,1.29,1,4,1106,2.12,15,0.03
352.36,150614,11349,25,504,24,1.15,1,4,1106,2.12,60,0.12
353.57,151116,11373,25,502,24,1.21,1,4,1106,2.12,130,0.31
354.9,151620,11405,25,504,32,1.32,1,4,1106,2.12,10,0.03
356.18,152124,11457,25,504,52,1.28,1,4,1106,2.12,20,0.06
357.43,152624,11485,25,500,28,1.25,1,4,1106,2.12,50,0.12
358.68,153128,11525,25,504,40,1.25,1,4,1106,2.12,60,0.14
360.01,153631,11577,25,503,52,1.33,1,4,1106,2.12,5,0.02
361.25,154134,11601,25,503,24,1.24,1,4,1106,2.12,50,0.15
362.57,154636,11609,25,502,8,1.32,1,4,1106,2.12,140,0.38
363.76,155139,11641,25,503,32,1.19,1,4,1106,2.12,60,0.13
364.89,155643,11665,25,504,24,1.13,1,4,1106,2.12,30,0.08
366.07,156145,11701,25,502,36,1.18,1,4,1106,2.12,45,0.12
367.16,156645,11717,25,500,16,1.1,1,4,1106,2.12,120,0.27
368.35,157146,11737,25,501,20,1.18,1,4,1106,2.12,250,0.6
369.65,157646,11781,25,500,44,1.31,1,4,1106,2.12,25,0.08
371.03,158149,11793,25,503,12,1.38,1,4,1106,2.12,255,0.67
372.29,158650,11813,25,501,20,1.26,1,4,1106,2.12,25,0.06
373.56,159151,11837,25,501,24,1.27,1,4,1106,2.12,15,0.03
375,159654,11845,25,503,8,1.44,1,4,1106,2.12,220,0.62
376.28,160155,11873,25,501,28,1.28,1,4,1106,2.12,100,0.27
377.5,160658,11893,25,503,20,1.22,1,4,1106,2.12,5,0.01
378.87,161159,11929,25,501,36,1.37,1,4,1106,2.12,205,0.53
380.23,161660,11957,25,501,28,1.36,1,4,1106,2.12,35,0.09
381.42,162161,11977,25,501,20,1.19,1,4,1106,2.12,5,0.01
382.68,162665,11989,25,504,12,1.26,1,4,1106,2.12,85,0.18
383.96,163165,12025,25,500,36,1.28,1,4,1106,2.12,15,0.03
385.04,163667,12045,25,502,20,1.08,1,4,1106,2.12,95,0.2
386.3,164171,12077,25,504,32,1.26,1,4,1106,2.12,5,0.01
387.44,164673,12101,25,502,24,1.13,1,4,1106,2.12,105,0.25
388.75,165173,12117,25,500,16,1.31,1,4,1106,2.12,355,0.98
390.15,165677,12129,25,504,12,1.41,1,4,1106,2.12,130,0.32
391.41,166181,12153,25,504,24,1.26,1,4,1106,2.12,35,0.08
392.67,166685,12189,25,504,36,1.26,1,4,1106,2.12,5,0.01
393.84,167186,12213,25,501,24,1.17,1,4,1106,2.12,5,0.01
394.93,167689,12225,25,503,12,1.08,1,4,1106,2.12,90,0.2
396.06,168189,12245,25,500,20,1.13,1,4,1106,2.12,280,0.66
397.2,168691,12269,25,502,24,1.14,1,4,1106,2.12,235,0.53
398.43,169192,12301,25,501,32,1.23,1,4,1106,2.12,10,0.02
399.67,169693,12325,25,501,24,1.24,1,4,1106,2.12,220,0.56
400.92,170195,12361,25,502,36,1.24,1,4,1106,2.12,10,0.03
402.15,170695,12393,25,500,32,1.23,1,4,1106,2.12,10,0.03
403.47,171196,12413,25,501,20,1.32,1,4,1106,2.12,150,0.37
404.84,171700,12441,25,504,28,1.37,1,4,1106,2.12,60,0.15
406,172203,12449,25,503,8,1.16,1,4,1106,2.12,195,0.41
407.16,172705,12481,25,502,32,1.15,1,4,1106,2.12,140,0.31
408.29,173206,12517,25,501,36,1.13,1,4,1106,2.12,30,0.08
409.45,173706,12537,25,500,20,1.16,1,4,1106,2.12,70,0.17
410.49,174210,12589,25,504,52,1.04,1,4,1106,2.12,35,0.07
411.71,174712,12613,25,502,24,1.22,1,4,1106,2.12,55,0.15
413.15,175214,12621,25,502,8,1.44,1,4,1106,2.12,80,0.2
414.34,175715,12641,25,501,20,1.18,1,4,1106,2.12,55,0.12
415.59,176215,12661,25,500,20,1.25,1,4,1106,2.12,25,0.07
416.87,176717,12689,25,502,28,1.28,1,4,1106,2.12,20,0.05
418.15,177220,12717,25,503,28,1.29,1,4,1106,2.12,105,0.24
419.46,177722,12733,25,502,16,1.31,1,4,1106,2.12,150,0.35
420.78,178222,12761,25,500,28,1.32,1,4,1106,2.12,5,0.01
422.03,178724,12769,25,502,8,1.25,1,4,1106,2.12,180,0.46
423.24,179226,12789,25,502,20,1.21,1,4,1106,2.12,185,0.44
424.92,179726,12809,25,500,20,1.68,1,4,1106,2.12,155,0.51
426.55,180226,12837,25,500,28,1.64,1,4,1106,2.12,75,0.24
427.99,180730,12861,25,504,24,1.43,1,4,1106,2.12,105,0.26
429.19,181233,12893,25,503,32,1.21,1,4,1106,2.12,10,0.02
430.42,181735,12909,25,502,16,1.23,1,4,1106,2.12,280,0.68
431.8,182235,12937,25,500,28,1.37,1,4,1106,2.12,70,0.18
433.11,182736,12957,25,501,20,1.32,1,4,1106,2.12,155,0.4
434.35,183239,12993,25,503,36,1.23,1,4,1106,2.12,110,0.27
435.55,183740,13017,25,501,24,1.2,1,4,1106,2.12,140,0.34
437.06,184242,13037,25,502,20,1.51,1,4,1106,2.12,5,0.02
438.42,184742,13061,25,500,24,1.37,1,4,1106,2.12,80,0.24
439.66,185244,13097,25,502,36,1.23,1,4,1106,2.12,95,0.24
440.91,185748,13141,25,504,44,1.25,1,4,1106,2.12,65,0.18
442.02,186248,13173,25,500,32,1.11,1,4,1106,2.12,0,0
443.33,186751,13197,25,503,24,1.31,1,4,1106,2.12,30,0.07
444.48,187255,13225,25,504,28,1.15,1,4,1106,2.12,30,0.06
445.61,187757,13245,25,502,20,1.13,1,4,1106,2.12,10,0.02
446.9,188258,13273,25,501,28,1.3,1,4,1106,2.12,5,0.02
448.19,188761,13293,25,503,20,1.29,1,4,1106,2.12,95,0.22
449.74,189261,13313,25,500,20,1.55,1,4,1106,2.12,85,0.21
451.01,189761,13337,25,500,24,1.28,1,4,1106,2.12,50,0.15
452.38,190265,13349,25,504,12,1.37,1,4,1106,2.12,65,0.17
453.71,190767,13369,25,502,20,1.32,1,4,1106,2.12,155,0.42
454.86,191268,13401,25,501,32,1.15,1,4,1106,2.12,45,0.1
456.16,191768,13413,25,500,12,1.3,1,4,1106,2.12,125,0.32
457.35,192272,13449,25,504,36,1.19,1,4,1106,2.12,10,0.01
458.5,192775,13497,25,503,48,1.15,1,4,1106,2.12,65,0.13
459.55,193276,13517,25,501,20,1.05,1,4,1106,2.12,105,0.22
460.91,193776,13553,25,500,36,1.35,1,4,1106,2.12,5,0.01
462.15,194278,13585,25,502,32,1.24,1,4,1106,2.12,50,0.12
463.4,194779,13609,25,501,24,1.25,1,4,1106,2.12,195,0.46
464.57,195280,13641,25,501,32,1.16,1,4,1106,2.12,90,0.24
465.85,195781,13673,25,501,32,1.29,1,4,1106,2.12,50,0.12
467.14,196285,13685,25,504,12,1.29,1,4,1106,2.12,105,0.26
468.38,196787,13701,25,502,16,1.24,1,4,1106,2.12,5,0.01
469.51,197291,13717,25,504,16,1.12,1,4,1106,2.12,10,0.02
470.69,197793,13725,25,502,8,1.19,1,4,1106,2.12,5,0.02
471.98,198293,13765,25,500,40,1.29,1,4,1106,2.12,20,0.05
473.18,198796,13797,25,503,32,1.19,1,4,1106,2.12,30,0.08
474.37,199297,13813,25,501,16,1.19,1,4,1106,2.12,165,0.39
475.6,199797,13841,25,500,28,1.23,1,4,1106,2.12,180,0.4
477.18,200299,13877,25,502,36,1.58,1,4,1106,2.12,35,0.11
478.63,200803,13893,25,504,16,1.45,1,4,1106,2.12,40,0.08
479.74,201305,13921,25,502,28,1.1,1,4,1106,2.12,0,0
481.12,201807,13949,25,502,28,1.38,1,4,1106,2.12,200,0.53
482.4,202309,13973,25,502,24,1.28,1,4,1106,2.12,210,0.59
483.61,202813,14001,25,504,28,1.21,1,4,1106,2.12,60,0.12
485.02,203316,14025,25,503,24,1.4,1,4,1106,2.12,15,0.05
486.45,203819,14049,25,503,24,1.44,1,4,1106,2.12,120,0.38
487.72,204323,14065,25,504,16,1.27,1,4,1106,2.12,245,0.58
488.93,204825,14089,25,502,24,1.21,1,4,1106,2.12,110,0.26
490.15,205329,14101,25,504,12,1.22,1,4,1106,2.12,140,0.34
491.42,205833,14133,25,504,32,1.27,1,4,1106,2.12,135,0.32
492.62,206333,14169,25,500,36,1.2,1,4,1106,2.12,40,0.09
493.81,206836,14181,25,503,12,1.19,1,4,1106,2.12,180,0.41
494.97,207338,14205,25,502,24,1.16,1,4,1106,2.12,125,0.29
496.21,207841,14213,25,503,8,1.24,1,4,1106,2.12,30,0.08
497.51,208341,14249,25,500,36,1.3,1,4,1106,2.12,95,0.28
498.78,208842,14281,25,501,32,1.27,1,4,1106,2.12,35,0.08
499.98,209343,14313,25,501,32,1.2,1,4,1106,2.12,20,0.04
501.28,209843,14337,25,500,24,1.3,1,4,1106,2.12,5,0.02
502.43,210346,14361,25,503,24,1.15,1,4,1106,2.12,35,0.09
503.65,210850,14377,25,504,16,1.22,1,4,1106,2.12,35,0.08
504.92,211353,14413,25,503,36,1.27,1,4,1106,2.12,80,0.2
506.02,211854,14433,25,501,20,1.1,1,4,1106,2.12,0,0
507.18,212355,14453,25,501,20,1.17,1,4,1106,2.12,35,0.07
508.41,212858,14493,25,503,40,1.23,1,4,1106,2.12,35,0.08
509.57,213360,14521,25,502,28,1.16,1,4,1106,2.12,105,0.26
510.88,213860,14545,25,500,24,1.31,1,4,1106,2.12,10,0.04
512.27,214361,14585,25,501,40,1.39,1,4,1106,2.12,40,0.08
513.54,214862,14617,25,501,32,1.27,1,4,1106,2.12,50,0.12
514.75,215364,14645,25,502,28,1.21,1,4,1106,2.12,40,0.11
516.13,215866,14661,25,502,16,1.37,1,4,1106,2.12,210,0.56
517.49,216368,14685,25,502,24,1.36,1,4,1106,2.12,80,0.18
518.76,216869,14721,25,501,36,1.28,1,4,1106,2.12,130,0.34
519.92,217371,14733,25,502,12,1.16,1,4,1106,2.12,245,0.55
520.96,217872,14753,25,501,20,1.04,1,4,1106,2.12,240,0.49
522.21,218375,14765,25,503,12,1.24,1,4,1106,2.12,35,0.1
523.44,218875,14793,25,500,28,1.23,1,4,1106,2.12,95,0.22
524.61,219379,14821,25,504,28,1.18,1,4,1106,2.12,95,0.2
525.89,219880,14837,25,501,16,1.28,1,4,1106,2.12,60,0.15
526.98,220380,14877,25,500,40,1.09,1,4,1106,2.12,20,0.05
528.19,220884,14901,25,504,24,1.21,1,4,1106,2.12,65,0.16
529.38,221384,14925,25,500,24,1.19,1,4,1106,2.12,50,0.11
530.67,221886,14941,25,502,16,1.29,1,4,1106,2.12,105,0.28
531.95,222389,14973,25,503,32,1.29,1,4,1106,2.12,45,0.11
533.32,222889,14993,25,500,20,1.37,1,4,1106,2.12,125,0.32
534.78,223392,15017,25,503,24,1.46,1,4,1106,2.12,20,0.07
535.96,223896,15033,25,504,16,1.18,1,4,1106,2.12,95,0.26
537.3,224396,15045,25,500,12,1.35,1,4,1106,2.12,35,0.1
538.7,224896,15069,25,500,24,1.4,1,4,1106,2.12,5,0.01
539.99,225400,15085,25,504,16,1.29,1,4,1106,2.12,135,0.32
541.42,225904,15117,25,504,32,1.42,1,4,1106,2.12,5,0.02
542.95,226405,15133,25,501,16,1.53,1,4,1106,2.12,105,0.24
544.16,226907,15149,25,502,16,1.21,1,4,1106,2.12,30,0.06
545.25,227407,15177,25,500,28,1.09,1,4,1106,2.12,165,0.4
546.56,227911,15189,25,504,12,1.32,1,4,1106,2.12,260,0.69
547.9,228411,15205,25,500,16,1.34,1,4,1106,2.12,115,0.27
549.16,228915,15221,25,504,16,1.26,1,4,1106,2.12,225,0.53
550.42,229418,15233,25,503,12,1.26,1,4,1106,2.12,325,0.77
551.66,229919,15265,25,501,32,1.23,1,4,1106,2.12,95,0.23
552.96,230422,15305,25,503,40,1.31,1,4,1106,2.12,10,0.04
554.3,230923,15309,25,501,4,1.34,1,4,1106,2.12,235,0.53
555.67,231423,15329,25,500,20,1.37,1,4,1106,2.12,125,0.32
556.89,231923,15349,25,500,20,1.22,1,4,1106,2.12,130,0.32
558.16,232424,15373,25,501,24,1.27,1,4,1106,2.12,120,0.31
559.59,232927,15401,25,503,28,1.43,1,4,1106,2.12,45,0.17
561.05,233430,15433,25,503,32,1.46,1,4,1106,2.12,5,0.01
562.34,233934,15469,25,504,36,1.28,1,4,1106,2.12,5,0.02
563.5,234436,15509,25,502,40,1.16,1,4,1106,2.12,120,0.27
564.73,234938,15525,25,502,16,1.23,1,4,1106,2.12,215,0.54
566.07,235440,15549,25,502,24,1.34,1,4,1106,2.12,260,0.76
567.4,235940,15593,25,500,44,1.34,1,4,1106,2.12,80,0.19
568.65,236442,15601,25,502,8,1.24,1,4,1106,2.12,85,0.2
570.13,236946,15613,25,504,12,1.48,1,4,1106,2.12,140,0.55
571.46,237448,15641,25,502,28,1.33,1,4,1106,2.12,45,0.12
572.74,237948,15661,25,500,20,1.28,1,4,1106,2.12,160,0.39
574.13,238451,15697,25,503,36,1.39,1,4,1106,2.12,45,0.12
575.68,238953,15717,25,502,20,1.55,1,4,1106,2.12,40,0.09
576.9,239455,15753,25,502,36,1.22,1,4,1106,2.12,25,0.06
578.21,239958,15777,25,503,24,1.31,1,4,1106,2.12,15,0.04
579.44,240461,15805,25,503,28,1.23,1,4,1106,2.12,40,0.11
580.61,240963,15829,25,502,24,1.17,1,4,1106,2.12,125,0.29
581.85,241467,15841,25,504,12,1.23,1,4,1106,2.12,15,0.04
583.02,241968,15881,25,501,40,1.17,1,4,1106,2.12,105,0.24
584.15,242471,15893,25,503,12,1.14,1,4,1106,2.12,45,0.09
585.36,242972,15905,25,501,12,1.2,1,4,1106,2.12,405,0.96
586.55,243473,15929,25,501,24,1.19,1,4,1106,2.12,45,0.11
587.84,243976,15957,25,503,28,1.29,1,4,1106,2.12,15,0.04
589.16,244480,15985,25,504,28,1.33,1,4,1106,2.12,70,0.19
590.41,244980,16017,25,500,32,1.25,1,4,1106,2.12,110,0.27
591.65,245481,16033,25,501,16,1.24,1,4,1106,2.12,165,0.39
592.92,245982,16061,25,501,28,1.27,1,4,1106,2.12,10,0.02
594.12,246483,16089,25,501,28,1.2,1,4,1106,2.12,135,0.29
595.32,246984,16109,25,501,20,1.2,1,4,1106,2.12,40,0.1
596.57,247485,16137,25,501,28,1.26,1,4,1106,2.12,30,0.06
597.69,247986,16153,25,501,16,1.12,1,4,1106,2.12,115,0.27
598.9,248487,16169,25,501,16,1.21,1,4,1106,2.12,65,0.18
600.2,248990,16193,25,503,24,1.3,1,4,1106,2.12,90,0.23
601.42,249492,16217,25,502,24,1.21,1,4,1106,2.12,25,0.06
602.67,249993,16265,25,501,48,1.25,1,4,1106,2.12,30,0.06
603.91,250495,16285,25,502,20,1.24,1,4,1106,2.12,10,0.02
605.15,250999,16301,25,504,16,1.24,1,4,1106,2.12,50,0.09
606.29,251501,16329,25,502,28,1.14,1,4,1106,2.12,10,0.02
607.59,252002,16345,25,501,16,1.29,1,4,1106,2.12,95,0.24
608.82,252506,16365,25,504,20,1.24,1,4,1106,2.12,5,0
610.08,253006,16401,25,500,36,1.26,1,4,1106,2.12,15,0.04
611.34,253509,16425,25,503,24,1.26,1,4,1106,2.12,20,0.05
612.59,254013,16445,25,504,20,1.25,1,4,1106,2.12,30,0.07
613.79,254513,16477,25,500,32,1.2,1,4,1106,2.12,105,0.28
615.24,255015,16533,25,502,56,1.45,1,4,1106,2.12,20,0.06
616.46,255516,16561,25,501,28,1.22,1,4,1106,2.12,75,0.16
617.65,256020,16589,25,504,28,1.19,1,4,1106,2.12,80,0.2
619.01,256521,16609,25,501,20,1.36,1,4,1106,2.12,45,0.1
620.11,257025,16641,25,504,32,1.1,1,4,1106,2.12,185,0.41
621.21,257528,16673,25,503,32,1.09,1,4,1106,2.12,10,0.02
622.5,258032,16693,25,504,20,1.3,1,4,1106,2.12,30,0.1
623.71,258533,16721,25,501,28,1.2,1,4,1106,2.12,20,0.04
624.98,259036,16733,25,503,12,1.28,1,4,1106,2.12,305,0.79
626.27,259536,16749,25,500,16,1.29,1,4,1106,2.12,65,0.13
627.41,260038,16777,25,502,28,1.14,1,4,1106,2.12,125,0.3
628.61,260542,16785,25,504,8,1.2,1,4,1106,2.12,20,0.05
629.77,261042,16821,25,500,36,1.16,1,4,1106,2.12,15,0.03
631.05,261542,16853,25,500,32,1.28,1,4,1106,2.12,0,0
632.2,262043,16897,25,501,44,1.15,1,4,1106,2.12,130,0.32
633.39,262545,16921,25,502,24,1.19,1,4,1106,2.12,125,0.32
634.65,263048,16945,25,503,24,1.26,1,4,1106,2.12,25,0.07
635.82,263551,16985,25,503,40,1.18,1,4,1106,2.12,130,0.29
637.06,264054,17021,25,503,36,1.23,1,4,1106,2.12,40,0.09
638.29,264557,17049,25,503,28,1.23,1,4,1106,2.12,60,0.15
639.49,265058,17077,25,501,28,1.2,1,4,1106,2.12,160,0.38
640.74,265558,17113,25,500,36,1.25,1,4,1106,2.12,80,0.19
641.92,266060,17145,25,502,32,1.18,1,4,1106,2.12,45,0.1
643.19,266563,17153,25,503,8,1.27,1,4,1106,2.12,115,0.32
644.29,267063,17189,25,500,36,1.1,1,4,1106,2.12,70,0.15
645.46,267567,17205,25,504,16,1.17,1,4,1106,2.12,135,0.29
646.63,268070,17237,25,503,32,1.17,1,4,1106,2.12,210,0.49
647.9,268572,17257,25,502,20,1.27,1,4,1106,2.12,40,0.1
649.19,269073,17281,25,501,24,1.29,1,4,1106,2.12,250,0.61
650.44,269577,17309,25,504,28,1.25,1,4,1106,2.12,160,0.46
651.68,270077,17345,25,500,36,1.23,1,4,1106,2.12,35,0.08
653,270577,17389,25,500,44,1.32,1,4,1106,2.12,55,0.14
654.12,271079,17401,25,502,12,1.13,1,4,1106,2.12,35,0.1
655.37,271583,17421,25,504,20,1.24,1,4,1106,2.12,15,0.04
656.66,272086,17433,25,503,12,1.29,1,4,1106,2.12,210,0.57
657.91,272587,17465,25,501,32,1.25,1,4,1106,2.12,20,0.05
659.16,273088,17485,25,501,20,1.25,1,4,1106,2.12,20,0.05
660.34,273592,17505,25,504,20,1.18,1,4,1106,2.12,35,0.08
661.55,274095,17521,25,503,16,1.2,1,4,1106,2.12,210,0.5
662.75,274598,17549,25,503,28,1.21,1,4,1106,2.12,95,0.24
664.04,275099,17565,25,501,16,1.28,1,4,1106,2.12,155,0.44
665.25,275600,17585,25,501,20,1.21,1,4,1106,2.12,195,0.5
666.54,276103,17617,25,503,32,1.3,1,4,1106,2.12,5,0.01
667.84,276605,17649,25,502,32,1.29,1,4,1106,2.12,85,0.24
669.19,277108,17701,25,503,52,1.35,1,4,1106,2.12,25,0.07
670.42,277608,17721,25,500,20,1.23,1,4,1106,2.12,65,0.15
671.79,278111,17757,25,503,36,1.37,1,4,1106,2.12,65,0.14
673.13,278612,17781,25,501,24,1.34,1,4,1106,2.12,215,0.59
674.54,279112,17813,25,500,32,1.41,1,4,1106,2.12,10,0.02
675.71,279612,17829,25,500,16,1.18,1,4,1106,2.12,140,0.33
676.86,280115,17857,25,503,28,1.15,1,4,1106,2.12,130,0.33
678.09,280615,17877,25,500,20,1.23,1,4,1106,2.12,35,0.1
679.3,281119,17897,25,504,20,1.21,1,4,1106,2.12,50,0.12
680.51,281619,17929,25,500,32,1.22,1,4,1106,2.12,20,0.05
681.69,282123,17953,25,504,24,1.18,1,4,1106,2.12,5,0.01
682.89,282625,17977,25,502,24,1.2,1,4,1106,2.12,80,0.2
684.13,283128,17989,25,503,12,1.24,1,4,1106,2.12,185,0.46
685.37,283632,18013,25,504,24,1.24,1,4,1106,2.12,5,0.01
686.5,284135,18041,25,503,28,1.12,1,4,1106,2.12,15,0.05
687.72,284637,18081,25,502,40,1.22,1,4,1106,2.12,30,0.07
688.85,285138,18097,25,501,16,1.14,1,4,1106,2.12,15,0.04
690.07,285640,18105,25,502,8,1.22,1,4,1106,2.12,350,0.89
691.33,286143,18125,25,503,20,1.26,1,4,1106,2.12,160,0.37
692.36,286646,18137,25,503,12,1.03,1,4,1106,2.12,45,0.1
693.41,287149,18177,25,503,40,1.05,1,4,1106,2.12,45,0.1
694.59,287649,18209,25,500,32,1.18,1,4,1106,2.12,45,0.13
695.76,288153,18233,25,504,24,1.17,1,4,1106,2.12,30,0.06
696.98,288655,18273,25,502,40,1.22,1,4,1106,2.12,30,0.08
698.14,289155,18305,25,500,32,1.16,1,4,1106,2.12,30,0.05
699.41,289658,18321,25,503,16,1.27,1,4,1106,2.12,200,0.51
700.67,290162,18333,25,504,12,1.25,1,4,1106,2.12,45,0.1
701.85,290666,18365,25,504,32,1.18,1,4,1106,2.12,35,0.07
703.06,291167,18389,25,501,24,1.2,1,4,1106,2.12,140,0.34
704.29,291669,18421,25,502,32,1.24,1,4,1106,2.12,55,0.18
705.57,292171,18445,25,502,24,1.27,1,4,1106,2.12,80,0.19
706.67,292673,18473,25,502,28,1.1,1,4,1106,2.12,35,0.07
707.79,293173,18489,25,500,16,1.12,1,4,1106,2.12,130,0.32
709.12,293674,18529,25,501,40,1.34,1,4,1106,2.12,130,0.32
710.32,294177,18541,25,503,12,1.2,1,4,1106,2.12,65,0.17
711.57,294677,18553,25,500,12,1.25,1,4,1106,2.12,105,0.25
712.95,295179,18577,25,502,24,1.38,1,4,1106,2.12,80,0.25
714.36,295679,18597,25,500,20,1.41,1,4,1106,2.12,40,0.1
715.63,296182,18617,25,503,20,1.27,1,4,1106,2.12,60,0.15
716.89,296682,18629,25,500,12,1.27,1,4,1106,2.12,10,0.04
718.25,297184,18669,25,502,40,1.35,1,4,1106,2.12,55,0.16
719.5,297686,18689,25,502,20,1.25,1,4,1106,2.12,115,0.28
720.92,298190,18717,25,504,28,1.42,1,4,1106,2.12,60,0.16
722.33,298690,18749,25,500,32,1.4,1,4,1106,2.12,130,0.34
723.61,299193,18769,25,503,20,1.28,1,4,1106,2.12,170,0.44
724.77,299694,18785,25,501,16,1.16,1,4,1106,2.12,80,0.19
725.96,300198,18813,25,504,28,1.19,1,4,1106,2.12,10,0.02
727.19,300698,18829,25,500,16,1.23,1,4,1106,2.12,50,0.12
728.38,301199,18853,25,501,24,1.19,1,4,1106,2.12,35,0.08
729.59,301701,18877,25,502,24,1.21,1,4,1106,2.12,15,0.04
730.81,302203,18901,25,502,24,1.22,1,4,1106,2.12,65,0.18
732.02,302706,18909,25,503,8,1.21,1,4,1106,2.12,335,0.82
733.26,303206,18929,25,500,20,1.24,1,4,1106,2.12,45,0.1
734.47,303706,18949,25,500,20,1.21,1,4,1106,2.12,60,0.12
735.83,304210,18977,25,504,28,1.36,1,4,1106,2.12,50,0.14
737.1,304713,18989,25,503,12,1.26,1,4,1106,2.12,210,0.51
738.34,305213,19025,25,500,36,1.24,1,4,1106,2.12,140,0.35
739.51,305715,19061,25,502,36,1.17,1,4,1106,2.12,70,0.15
740.71,306215,19077,25,500,16,1.2,1,4,1106,2.12,95,0.22
741.87,306715,19113,25,500,36,1.16,1,4,1106,2.12,10,0.02
743.02,307215,19125,25,500,12,1.15,1,4,1106,2.12,125,0.32
744.25,307717,19153,25,502,28,1.23,1,4,1106,2.12,55,0.14
745.48,308219,19181,25,502,28,1.22,1,4,1106,2.12,15,0.03
746.7,308721,19205,25,502,24,1.23,1,4,1106,2.12,70,0.18
747.86,309225,19221,25,504,16,1.16,1,4,1106,2.12,45,0.1
749.02,309725,19237,25,500,16,1.16,1,4,1106,2.12,35,0.07
750.14,310229,19261,25,504,24,1.11,1,4,1106,2.12,140,0.32
751.18,310731,19269,25,502,8,1.04,1,4,1106,2.12,15,0.04
752.24,311232,19273,25,501,4,1.06,1,4,1106,2.12,110,0.25
753.42,311734,19297,25,502,24,1.18,1,4,1106,2.12,50,0.1
754.45,312238,19313,25,504,16,1.02,1,4,1106,2.12,175,0.35
755.62,312738,19345,25,500,32,1.18,1,4,1106,2.12,185,0.46
756.84,313239,19361,25,501,16,1.22,1,4,1106,2.12,15,0.03
758.05,313742,19401,25,503,40,1.21,1,4,1106,2.12,105,0.29
759.28,314246,19437,25,504,36,1.22,1,4,1106,2.12,45,0.1
760.38,314748,19457,25,502,20,1.1,1,4,1106,2.12,130,0.29
761.57,315251,19489,25,503,32,1.19,1,4,1106,2.12,20,0.04
762.72,315751,19505,25,500,16,1.15,1,4,1106,2.12,145,0.33
763.91,316255,19525,25,504,20,1.19,1,4,1106,2.12,20,0.05
765.03,316755,19561,25,500,36,1.12,1,4,1106,2.12,50,0.11
766.3,317255,19589,25,500,28,1.27,1,4,1106,2.12,30,0.07
767.47,317759,19605,25,504,16,1.18,1,4,1106,2.12,105,0.25
768.81,318261,19637,25,502,32,1.33,1,4,1106,2.12,50,0.12
769.9,318761,19649,25,500,12,1.09,1,4,1106,2.12,40,0.1
771.02,319263,19657,25,502,8,1.12,1,4,1106,2.12,150,0.36
772.3,319765,19681,25,502,24,1.28,1,4,1106,2.12,5,0.01
773.6,320267,19693,25,502,12,1.3,1,4,1106,2.12,5,0.02
774.86,320768,19717,25,501,24,1.25,1,4,1106,2.12,110,0.27
776.02,321272,19741,25,504,24,1.17,1,4,1106,2.12,120,0.29
777.21,321774,19761,25,502,20,1.19,1,4,1106,2.12,90,0.22
778.42,322278,19793,25,504,32,1.21,1,4,1106,2.12,5,0.02
779.66,322780,19829,25,502,36,1.24,1,4,1106,2.12,35,0.09
780.91,323280,19861,25,500,32,1.26,1,4,1106,2.12,80,0.21
782.16,323782,19881,25,502,20,1.24,1,4,1106,2.12,200,0.48
783.4,324284,19905,25,502,24,1.24,1,4,1106,2.12,25,0.06
784.5,324785,19925,25,501,20,1.11,1,4,1106,2.12,30,0.05
785.69,325285,19957,25,500,32,1.19,1,4,1106,2.12,50,0.12
786.91,325786,19989,25,501,32,1.22,1,4,1106,2.12,60,0.18
788.16,326289,20025,25,503,36,1.25,1,4,1106,2.12,50,0.12
789.61,326791,20053,25,502,28,1.44,1,4,1106,2.12,70,0.23
790.97,327295,20069,25,504,16,1.37,1,4,1106,2.12,90,0.22
792.2,327795,20081,25,500,12,1.22,1,4,1106,2.12,280,0.71
793.41,328296,20121,25,501,40,1.22,1,4,1106,2.12,15,0.03
794.66,328799,20157,25,503,36,1.25,1,4,1106,2.12,75,0.16
795.91,329300,20185,25,501,28,1.25,1,4,1106,2.12,25,0.05
796.99,329800,20217,25,500,32,1.08,1,4,1106,2.12,5,0.01
798.13,330300,20233,25,500,16,1.14,1,4,1106,2.12,40,0.09
799.29,330802,20261,25,502,28,1.16,1,4,1106,2.12,35,0.09
800.46,331304,20293,25,502,32,1.17,1,4,1106,2.12,35,0.07
801.67,331808,20321,25,504,28,1.22,1,4,1106,2.12,40,0.1
802.83,332312,20345,25,504,24,1.15,1,4,1106,2.12,25,0.06
804.06,332812,20357,25,500,12,1.23,1,4,1106,2.12,10,0.03
805.23,333315,20369,25,503,12,1.17,1,4,1106,2.12,130,0.3
806.39,333818,20401,25,503,32,1.16,1,4,1106,2.12,30,0.08
807.46,334321,20433,25,503,32,1.07,1,4,1106,2.12,55,0.11
808.63,334821,20453,25,500,20,1.17,1,4,1106,2.12,65,0.16
809.84,335324,20485,25,503,32,1.21,1,4,1106,2.12,65,0.15
811.09,335827,20525,25,503,40,1.25,1,4,1106,2.12,30,0.07
812.26,336331,20553,25,504,28,1.17,1,4,1106,2.12,105,0.24
813.38,336831,20573,25,500,20,1.12,1,4,1106,2.12,80,0.22
814.6,337331,20605,25,500,32,1.22,1,4,1106,2.12,125,0.3
815.82,337835,20621,25,504,16,1.22,1,4,1106,2.12,115,0.28
817.2,338338,20657,25,503,36,1.38,1,4,1106,2.12,40,0.11
818.4,338838,20681,25,500,24,1.19,1,4,1106,2.12,25,0.07
819.62,339339,20693,25,501,12,1.23,1,4,1106,2.12,30,0.06
820.81,339843,20717,25,504,24,1.19,1,4,1106,2.12,35,0.09
822.06,340347,20733,25,504,16,1.25,1,4,1106,2.12,120,0.31
823.26,340848,20757,25,501,24,1.2,1,4,1106,2.12,150,0.35
824.43,341349,20777,25,501,20,1.18,1,4,1106,2.12,135,0.33
825.53,341852,20801,25,503,24,1.1,1,4,1106,2.12,200,0.42
826.81,342353,20821,25,501,20,1.29,1,4,1106,2.12,25,0.07
827.9,342855,20845,25,502,24,1.09,1,4,1106,2.12,55,0.14
829.17,343355,20869,25,500,24,1.27,1,4,1106,2.12,15,0.04
830.38,343858,20881,25,503,12,1.21,1,4,1106,2.12,295,0.73
831.69,344360,20901,25,502,20,1.3,1,4,1106,2.12,90,0.23
832.94,344861,20913,25,501,12,1.25,1,4,1106,2.12,130,0.33
834.18,345363,20949,25,502,36,1.24,1,4,1106,2.12,140,0.38
835.5,345867,20965,25,504,16,1.32,1,4,1106,2.12,20,0.06
836.84,346370,20997,25,503,32,1.34,1,4,1106,2.12,25,0.08
838.09,346870,21029,25,500,32,1.25,1,4,1106,2.12,55,0.15
839.28,347372,21049,25,502,20,1.19,1,4,1106,2.12,150,0.36
840.51,347875,21069,25,503,20,1.23,1,4,1106,2.12,105,0.25
841.8,348379,21101,25,504,32,1.29,1,4,1106,2.12,20,0.05
843.05,348882,21129,25,503,28,1.26,1,4,1106,2.12,25,0.06
844.24,349383,21149,25,501,20,1.19,1,4,1106,2.12,55,0.11
845.38,349883,21181,25,500,32,1.14,1,4,1106,2.12,65,0.12
846.5,350386,21221,25,503,40,1.12,1,4,1106,2.12,15,0.04
847.77,350886,21245,25,500,24,1.27,1,4,1106,2.12,0,0
848.98,351386,21285,25,500,40,1.21,1,4,1106,2.12,5,0.01
850.26,351886,21333,25,500,48,1.28,1,4,1106,2.12,95,0.24
851.45,352387,21361,25,501,28,1.19,1,4,1106,2.12,5,0.01
852.69,352889,21369,25,502,8,1.24,1,4,1106,2.12,155,0.41
853.99,353389,21393,25,500,24,1.3,1,4,1106,2.12,185,0.47
855.36,353890,21413,25,501,20,1.37,1,4,1106,2.12,135,0.39
856.54,354393,21425,25,503,12,1.17,1,4,1106,2.12,75,0.18
857.78,354894,21441,25,501,16,1.24,1,4,1106,2.12,60,0.15
859.04,355397,21457,25,503,16,1.26,1,4,1106,2.12,90,0.22
860.17,355897,21493,25,500,36,1.13,1,4,1106,2.12,20,0.06
861.46,356400,21517,25,503,24,1.29,1,4,1106,2.12,35,0.08
862.69,356904,21521,25,504,4,1.23,1,4,1106,2.12,200,0.43
863.9,357406,21553,25,502,32,1.21,1,4,1106,2.12,215,0.55
865.18,357909,21561,25,503,8,1.29,1,4,1106,2.12,305,0.77
866.38,358410,21581,25,501,20,1.2,1,4,1106,2.12,105,0.24
867.65,358912,21605,25,502,24,1.27,1,4,1106,2.12,100,0.25
868.91,359414,21645,25,502,40,1.26,1,4,1106,2.12,50,0.12
870.1,359918,21669,25,504,24,1.19,1,4,1106,2.12,130,0.33
871.4,360420,21689,25,502,20,1.3,1,4,1106,2.12,100,0.23
872.67,360920,21709,25,500,20,1.26,1,4,1106,2.12,0,0
873.8,361422,21733,25,502,24,1.13,1,4,1106,2.12,70,0.15
874.99,361923,21757,25,501,24,1.19,1,4,1106,2.12,75,0.17
876.18,362426,21777,25,503,20,1.19,1,4,1106,2.12,95,0.21
877.26,362926,21797,25,500,20,1.08,1,4,1106,2.12,90,0.22
878.52,363429,21805,25,503,8,1.25,1,4,1106,2.12,380,1
879.88,363933,21829,25,504,24,1.36,1,4,1106,2.12,10,0.02
881.16,364434,21853,25,501,24,1.28,1,4,1106,2.12,115,0.3
882.24,364938,21869,25,504,16,1.08,1,4,1106,2.12,5,0.01
883.51,365442,21901,25,504,32,1.27,1,4,1106,2.12,35,0.07
884.64,365944,21929,25,502,28,1.14,1,4,1106,2.12,35,0.08
885.85,366444,21961,25,500,32,1.2,1,4,1106,2.12,160,0.38
887.09,366944,21993,25,500,32,1.24,1,4,1106,2.12,5,0.01
888.32,367448,22009,25,504,16,1.23,1,4,1106,2.12,270,0.67
889.58,367950,22037,25,502,28,1.26,1,4,1106,2.12,90,0.23
890.82,368451,22061,25,501,24,1.24,1,4,1106,2.12,55,0.13
892.03,368955,22077,25,504,16,1.2,1,4,1106,2.12,25,0.06
893.32,369458,22117,25,503,40,1.3,1,4,1106,2.12,65,0.17
894.55,369959,22153,25,501,36,1.22,1,4,1106,2.12,55,0.15
895.89,370460,22173,25,501,20,1.34,1,4,1106,2.12,80,0.19
897.01,370962,22205,25,502,32,1.12,1,4,1106,2.12,50,0.11
898.25,371464,22233,25,502,28,1.24,1,4,1106,2.12,5,0.02
899.52,371968,22241,25,504,8,1.27,1,4,1106,2.12,65,0.14
900.8,372471,22261,25,503,20,1.28,1,4,1106,2.12,130,0.33
902.03,372973,22273,25,502,12,1.23,1,4,1106,2.12,185,0.41
903.2,373474,22297,25,501,24,1.17,1,4,1106,2.12,80,0.21
904.39,373977,22309,25,503,12,1.19,1,4,1106,2.12,15,0.03
905.66,374478,22337,25,501,28,1.27,1,4,1106,2.12,80,0.21
906.84,374978,22357,25,500,20,1.18,1,4,1106,2.12,25,0.06
908.07,375481,22369,25,503,12,1.23,1,4,1106,2.12,455,1.1
909.32,375981,22405,25,500,36,1.25,1,4,1106,2.12,95,0.25
910.55,376481,22433,25,500,28,1.23,1,4,1106,2.12,15,0.04
911.85,376984,22469,25,503,36,1.3,1,4,1106,2.12,60,0.15
913.19,377484,22489,25,500,20,1.34,1,4,1106,2.12,20,0.05
914.44,377985,22525,25,501,36,1.25,1,4,1106,2.12,80,0.15
915.73,378485,22549,25,500,24,1.29,1,4,1106,2.12,215,0.58
916.94,378985,22585,25,500,36,1.21,1,4,1106,2.12,40,0.09
918.21,379486,22609,25,501,24,1.27,1,4,1106,2.12,5,0.02
919.62,379987,22629,25,501,20,1.41,1,4,1106,2.12,75,0.18
921.05,380491,22641,25,504,12,1.43,1,4,1106,2.12,150,0.42
922.29,380993,22677,25,502,36,1.24,1,4,1106,2.12,0,0
923.44,381494,22693,25,501,16,1.15,1,4,1106,2.12,20,0.05
924.77,381997,22733,25,503,40,1.32,1,4,1106,2.12,20,0.05
925.83,382497,22749,25,500,16,1.07,1,4,1106,2.12,240,0.49
927.12,382998,22781,25,501,32,1.28,1,4,1106,2.12,30,0.08
928.27,383501,22793,25,503,12,1.15,1,4,1106,2.12,100,0.2
929.52,384003,22813,25,502,20,1.25,1,4,1106,2.12,85,0.21
930.56,384505,22829,25,502,16,1.04,1,4,1106,2.12,110,0.17
931.62,385005,22841,25,500,12,1.06,1,4,1106,2.12,65,0.11
932.98,385508,22865,25,503,24,1.36,1,4,1106,2.12,35,0.09
