run_id,t,coverage,corpus_size
run_6,0.83,4201,24
run_1,0.9,4481,23
run_6,0.9,4201,24
run_1,0.94,4481,23
run_2,0.94,4553,26
run_6,0.94,4201,24
run_1,0.96,4481,23
run_2,0.96,4553,26
run_6,0.96,4201,24
run_7,0.96,4269,21
run_1,0.97,4481,23
run_2,0.97,4553,26
run_6,0.97,4201,24
run_7,0.97,4269,21
run_9,0.97,4517,23
run_1,0.98,4481,23
run_2,0.98,4553,26
run_4,0.98,4232,21
run_6,0.98,4201,24
run_7,0.98,4269,21
run_9,0.98,4517,23
run_1,0.99,4481,23
run_2,0.99,4553,26
run_4,0.99,4232,21
run_6,0.99,4201,24
run_7,0.99,4269,21
run_9,0.99,4517,23
run_10,0.99,4505,22
run_1,1.02,4481,23
run_2,1.02,4553,26
run_4,1.02,4232,21
run_5,1.02,4734,20
run_6,1.02,4201,24
run_7,1.02,4269,21
run_9,1.02,4517,23
run_10,1.02,4505,22
run_1,1.04,4481,23
run_2,1.04,4553,26
run_3,1.04,4535,23
run_4,1.04,4232,21
run_5,1.04,4734,20
run_6,1.04,4201,24
run_7,1.04,4269,21
run_9,1.04,4517,23
run_10,1.04,4505,22
run_1,1.05,4481,23
run_2,1.05,4553,26
run_3,1.05,4535,23
run_4,1.05,4232,21
run_5,1.05,4734,20
run_6,1.05,4201,24
run_7,1.05,4269,21
run_8,1.05,4532,23
run_9,1.05,4517,23
run_10,1.05,4505,22
run_1,1.68,4481,23
run_2,1.68,4553,26
run_3,1.68,4535,23
run_4,1.68,4232,21
run_5,1.68,4734,20
run_6,1.68,4708,24
run_7,1.68,4269,21
run_8,1.68,4532,23
run_9,1.68,4517,23
run_10,1.68,4505,22
run_1,1.82,4723,23
run_2,1.82,4553,26
run_3,1.82,4535,23
run_4,1.82,4232,21
run_5,1.82,4734,20
run_6,1.82,4708,24
run_7,1.82,4269,21
run_8,1.82,4532,23
run_9,1.82,4517,23
run_10,1.82,4505,22
run_1,1.91,4723,23
run_2,1.91,4553,26
run_3,1.91,4535,23
run_4,1.91,4673,21
run_5,1.91,4734,20
run_6,1.91,4708,24
run_7,1.91,4269,21
run_8,1.91,4532,23
run_9,1.91,4517,23
run_10,1.91,4505,22
run_1,1.93,4723,23
run_2,1.93,4553,26
run_3,1.93,4535,23
run_4,1.93,4673,21
run_5,1.93,4734,20
run_6,1.93,4708,24
run_7,1.93,4707,21
run_8,1.93,4532,23
run_9,1.93,4517,23
run_10,1.93,4505,22
run_1,1.94,4723,23
run_2,1.94,4553,26
run_3,1.94,4535,23
run_4,1.94,4673,21
run_5,1.94,4734,20
run_6,1.94,4708,24
run_7,1.94,4707,21
run_8,1.94,4532,23
run_9,1.94,4517,23
run_10,1.94,4505,22
run_1,1.95,4723,23
run_2,1.95,4699,26
run_3,1.95,4535,23
run_4,1.95,4673,21
run_5,1.95,4734,20
run_6,1.95,4708,24
run_7,1.95,4707,21
run_8,1.95,4532,23
run_9,1.95,4517,23
run_10,1.95,4505,22
run_1,2.06,4723,23
run_2,2.06,4699,26
run_3,2.06,4535,23
run_4,2.06,4673,21
run_5,2.06,4734,20
run_6,2.06,4708,24
run_7,2.06,4707,21
run_8,2.06,4549,23
run_9,2.06,4517,23
run_10,2.06,4505,22
run_1,2.07,4723,23
run_2,2.07,4699,26
run_3,2.07,4535,23
run_4,2.07,4673,21
run_5,2.07,4734,20
run_6,2.07,4708,24
run_7,2.07,4707,21
run_8,2.07,4549,23
run_9,2.07,4588,23
run_10,2.07,4505,22
run_1,2.27,4723,23
run_2,2.27,4699,26
run_3,2.27,4714,23
run_4,2.27,4673,21
run_5,2.27,4734,20
run_6,2.27,4708,24
run_7,2.27,4707,21
run_8,2.27,4549,23
run_9,2.27,4588,23
run_10,2.27,4505,22
run_1,2.28,4723,23
run_2,2.28,4699,26
run_3,2.28,4714,23
run_4,2.28,4673,21
run_5,2.28,4745,19
run_6,2.28,4708,24
run_7,2.28,4707,21
run_8,2.28,4549,23
run_9,2.28,4588,23
run_10,2.28,4505,22
run_1,2.56,4723,23
run_2,2.56,4699,26
run_3,2.56,4714,23
run_4,2.56,4673,21
run_5,2.56,4745,19
run_6,2.56,4749,24
run_7,2.56,4707,21
run_8,2.56,4549,23
run_9,2.56,4588,23
run_10,2.56,4505,22
run_1,2.83,4777,23
run_2,2.83,4699,26
run_3,2.83,4714,23
run_4,2.83,4673,21
run_5,2.83,4745,19
run_6,2.83,4749,24
run_7,2.83,4707,21
run_8,2.83,4549,23
run_9,2.83,4588,23
run_10,2.83,4505,22
run_1,2.85,4777,23
run_2,2.85,4699,26
run_3,2.85,4714,23
run_4,2.85,4673,21
run_5,2.85,4745,19
run_6,2.85,4749,24
run_7,2.85,4707,21
run_8,2.85,4549,23
run_9,2.85,4588,23
run_10,2.85,4553,22
run_1,2.87,4777,23
run_2,2.87,4699,26
run_3,2.87,4714,23
run_4,2.87,4673,21
run_5,2.87,4745,19
run_6,2.87,4749,24
run_7,2.87,4707,21
run_8,2.87,4549,23
run_9,2.87,4588,23
run_10,2.87,4553,22
run_1,2.91,4777,23
run_2,2.91,4761,26
run_3,2.91,4714,23
run_4,2.91,4713,21
run_5,2.91,4745,19
run_6,2.91,4749,24
run_7,2.91,4707,21
run_8,2.91,4549,23
run_9,2.91,4588,23
run_10,2.91,4553,22
run_1,3.15,4777,23
run_2,3.15,4761,26
run_3,3.15,4714,23
run_4,3.15,4713,21
run_5,3.15,4745,19
run_6,3.15,4749,24
run_7,3.15,4707,21
run_8,3.15,4706,23
run_9,3.15,4656,23
run_10,3.15,4553,22
run_1,3.26,4777,23
run_2,3.26,4761,26
run_3,3.26,4714,22
run_4,3.26,4713,21
run_5,3.26,4769,19
run_6,3.26,4749,24
run_7,3.26,4707,21
run_8,3.26,4706,23
run_9,3.26,4656,23
run_10,3.26,4553,22
run_1,3.54,4777,23
run_2,3.54,4761,26
run_3,3.54,4714,22
run_4,3.54,4713,21
run_5,3.54,4769,19
run_6,3.54,4768,24
run_7,3.54,4707,21
run_8,3.54,4706,23
run_9,3.54,4656,23
run_10,3.54,4553,22
run_1,3.78,4777,23
run_2,3.78,4761,26
run_3,3.78,4714,22
run_4,3.78,4713,21
run_5,3.78,4769,19
run_6,3.78,4768,24
run_7,3.78,4721,21
run_8,3.78,4706,23
run_9,3.78,4656,23
run_10,3.78,4553,22
run_1,3.84,4777,23
run_2,3.84,4761,26
run_3,3.84,4714,22
run_4,3.84,4713,21
run_5,3.84,4769,19
run_6,3.84,4768,24
run_7,3.84,4721,21
run_8,3.84,4706,23
run_9,3.84,4656,23
run_10,3.84,4553,22
run_1,3.86,4793,23
run_2,3.86,4761,26
run_3,3.86,4714,22
run_4,3.86,4713,21
run_5,3.86,4769,19
run_6,3.86,4768,24
run_7,3.86,4721,21
run_8,3.86,4706,23
run_9,3.86,4656,23
run_10,3.86,4553,22
run_1,3.88,4793,23
run_2,3.88,4761,26
run_3,3.88,4714,22
run_4,3.88,4713,21
run_5,3.88,4769,19
run_6,3.88,4768,24
run_7,3.88,4721,21
run_8,3.88,4706,23
run_9,3.88,4656,23
run_10,3.88,4707,21
run_1,3.95,4793,23
run_2,3.95,4769,26
run_3,3.95,4714,22
run_4,3.95,4713,21
run_5,3.95,4769,19
run_6,3.95,4768,24
run_7,3.95,4721,21
run_8,3.95,4706,23
run_9,3.95,4656,23
run_10,3.95,4707,21
run_1,4.21,4793,23
run_2,4.21,4769,26
run_3,4.21,4714,22
run_4,4.21,4713,21
run_5,4.21,4769,19
run_6,4.21,4768,24
run_7,4.21,4721,21
run_8,4.21,4724,23
run_9,4.21,4656,23
run_10,4.21,4707,21
run_1,4.25,4793,23
run_2,4.25,4769,26
run_3,4.25,4714,22
run_4,4.25,4713,21
run_5,4.25,4769,19
run_6,4.25,4768,24
run_7,4.25,4721,21
run_8,4.25,4724,23
run_9,4.25,4770,23
run_10,4.25,4707,21
run_1,4.28,4793,23
run_2,4.28,4769,26
run_3,4.28,4714,22
run_4,4.28,4713,21
run_5,4.28,4773,19
run_6,4.28,4768,24
run_7,4.28,4721,21
run_8,4.28,4724,23
run_9,4.28,4770,23
run_10,4.28,4707,21
run_1,4.49,4793,23
run_2,4.49,4769,26
run_3,4.49,4714,22
run_4,4.49,4713,21
run_5,4.49,4773,19
run_6,4.49,4772,24
run_7,4.49,4721,21
run_8,4.49,4724,23
run_9,4.49,4770,23
run_10,4.49,4707,21
run_1,4.71,4793,23
run_2,4.71,4769,26
run_3,4.71,4714,22
run_4,4.71,4713,21
run_5,4.71,4773,19
run_6,4.71,4772,24
run_7,4.71,4721,21
run_8,4.71,4724,23
run_9,4.71,4770,23
run_10,4.71,4707,21
run_1,4.74,4793,23
run_2,4.74,4769,26
run_3,4.74,4714,22
run_4,4.74,4721,21
run_5,4.74,4773,19
run_6,4.74,4772,24
run_7,4.74,4721,21
run_8,4.74,4724,23
run_9,4.74,4770,23
run_10,4.74,4707,21
run_1,4.81,4793,22
run_2,4.81,4769,26
run_3,4.81,4714,22
run_4,4.81,4721,21
run_5,4.81,4773,19
run_6,4.81,4772,24
run_7,4.81,4721,21
run_8,4.81,4724,23
run_9,4.81,4770,23
run_10,4.81,4707,21
run_1,4.83,4793,22
run_2,4.83,4769,26
run_3,4.83,4714,22
run_4,4.83,4721,21
run_5,4.83,4773,19
run_6,4.83,4772,24
run_7,4.83,4721,21
run_8,4.83,4724,23
run_9,4.83,4770,23
run_10,4.83,4707,20
run_1,5.09,4793,22
run_2,5.09,4777,26
run_3,5.09,4714,22
run_4,5.09,4721,21
run_5,5.09,4773,19
run_6,5.09,4772,24
run_7,5.09,4721,21
run_8,5.09,4724,23
run_9,5.09,4770,23
run_10,5.09,4707,20
run_1,5.16,4793,22
run_2,5.16,4777,26
run_3,5.16,4714,22
run_4,5.16,4721,21
run_5,5.16,4773,19
run_6,5.16,4772,24
run_7,5.16,4721,21
run_8,5.16,4733,23
run_9,5.16,4770,23
run_10,5.16,4707,20
run_1,5.25,4793,22
run_2,5.25,4777,26
run_3,5.25,4718,22
run_4,5.25,4721,21
run_5,5.25,4773,19
run_6,5.25,4772,24
run_7,5.25,4721,21
run_8,5.25,4733,23
run_9,5.25,4770,23
run_10,5.25,4707,20
run_1,5.33,4793,22
run_2,5.33,4777,26
run_3,5.33,4718,22
run_4,5.33,4721,21
run_5,5.33,4773,19
run_6,5.33,4772,24
run_7,5.33,4721,21
run_8,5.33,4733,23
run_9,5.33,4788,23
run_10,5.33,4707,20
run_1,5.39,4793,22
run_2,5.39,4777,26
run_3,5.39,4718,22
run_4,5.39,4721,21
run_5,5.39,4773,19
run_6,5.39,4776,23
run_7,5.39,4721,21
run_8,5.39,4733,23
run_9,5.39,4788,23
run_10,5.39,4707,20
run_1,5.5,4793,22
run_2,5.5,4777,26
run_3,5.5,4718,22
run_4,5.5,4721,21
run_5,5.5,4781,19
run_6,5.5,4776,23
run_7,5.5,4721,21
run_8,5.5,4733,23
run_9,5.5,4788,23
run_10,5.5,4707,20
run_1,5.63,4793,22
run_2,5.63,4777,26
run_3,5.63,4718,22
run_4,5.63,4727,21
run_5,5.63,4781,19
run_6,5.63,4776,23
run_7,5.63,4721,21
run_8,5.63,4733,23
run_9,5.63,4788,23
run_10,5.63,4707,20
run_1,5.72,4793,22
run_2,5.72,4777,26
run_3,5.72,4718,22
run_4,5.72,4727,21
run_5,5.72,4781,19
run_6,5.72,4776,23
run_7,5.72,4721,21
run_8,5.72,4733,23
run_9,5.72,4788,23
run_10,5.72,4707,20
run_1,5.77,4793,22
run_2,5.77,4777,26
run_3,5.77,4718,22
run_4,5.77,4727,21
run_5,5.77,4781,19
run_6,5.77,4776,23
run_7,5.77,4721,21
run_8,5.77,4733,23
run_9,5.77,4788,23
run_10,5.77,4707,20
run_1,5.85,4793,22
run_2,5.85,4777,26
run_3,5.85,4718,22
run_4,5.85,4727,21
run_5,5.85,4781,19
run_6,5.85,4776,23
run_7,5.85,4721,21
run_8,5.85,4733,23
run_9,5.85,4788,23
run_10,5.85,4707,20
run_1,6.13,4793,22
run_2,6.13,4794,26
run_3,6.13,4718,22
run_4,6.13,4727,21
run_5,6.13,4781,19
run_6,6.13,4776,23
run_7,6.13,4721,21
run_8,6.13,4733,23
run_9,6.13,4788,23
run_10,6.13,4707,20
run_1,6.17,4793,22
run_2,6.17,4794,26
run_3,6.17,4718,22
run_4,6.17,4727,21
run_5,6.17,4781,19
run_6,6.17,4776,23
run_7,6.17,4721,21
run_8,6.17,4741,23
run_9,6.17,4788,23
run_10,6.17,4707,20
run_1,6.22,4793,22
run_2,6.22,4794,26
run_3,6.22,4718,22
run_4,6.22,4727,21
run_5,6.22,4781,19
run_6,6.22,4776,23
run_7,6.22,4721,21
run_8,6.22,4741,23
run_9,6.22,4788,23
run_10,6.22,4707,20
run_1,6.24,4793,22
run_2,6.24,4794,26
run_3,6.24,4718,22
run_4,6.24,4727,21
run_5,6.24,4781,19
run_6,6.24,4776,23
run_7,6.24,4721,21
run_8,6.24,4741,23
run_9,6.24,4788,23
run_10,6.24,4707,20
run_1,6.38,4793,22
run_2,6.38,4794,26
run_3,6.38,4718,22
run_4,6.38,4727,21
run_5,6.38,4781,19
run_6,6.38,4776,23
run_7,6.38,4721,21
run_8,6.38,4741,23
run_9,6.38,4808,23
run_10,6.38,4707,20
run_1,6.65,4793,22
run_2,6.65,4794,26
run_3,6.65,4718,22
run_4,6.65,4743,21
run_5,6.65,4781,19
run_6,6.65,4776,23
run_7,6.65,4721,21
run_8,6.65,4741,23
run_9,6.65,4808,23
run_10,6.65,4707,20
run_1,6.69,4793,22
run_2,6.69,4794,26
run_3,6.69,4718,22
run_4,6.69,4743,21
run_5,6.69,4785,19
run_6,6.69,4776,23
run_7,6.69,4757,21
run_8,6.69,4741,23
run_9,6.69,4808,23
run_10,6.69,4707,20
run_1,6.71,4793,22
run_2,6.71,4794,26
run_3,6.71,4718,22
run_4,6.71,4743,21
run_5,6.71,4785,19
run_6,6.71,4776,23
run_7,6.71,4757,21
run_8,6.71,4741,23
run_9,6.71,4808,23
run_10,6.71,4707,20
run_1,6.79,4793,22
run_2,6.79,4794,26
run_3,6.79,4718,22
run_4,6.79,4743,21
run_5,6.79,4785,19
run_6,6.79,4776,23
run_7,6.79,4757,21
run_8,6.79,4741,23
run_9,6.79,4808,23
run_10,6.79,4707,20
run_1,7.12,4793,22
run_2,7.12,4794,26
run_3,7.12,4718,22
run_4,7.12,4743,21
run_5,7.12,4785,19
run_6,7.12,4776,23
run_7,7.12,4757,21
run_8,7.12,4741,23
run_9,7.12,4808,23
run_10,7.12,4707,20
run_1,7.16,4793,22
run_2,7.16,4806,26
run_3,7.16,4718,22
run_4,7.16,4743,21
run_5,7.16,4785,19
run_6,7.16,4776,23
run_7,7.16,4757,21
run_8,7.16,4757,23
run_9,7.16,4808,23
run_10,7.16,4707,20
run_1,7.17,4793,22
run_2,7.17,4806,26
run_3,7.17,4722,22
run_4,7.17,4743,21
run_5,7.17,4785,19
run_6,7.17,4776,23
run_7,7.17,4757,21
run_8,7.17,4757,23
run_9,7.17,4808,23
run_10,7.17,4707,20
run_1,7.35,4793,22
run_2,7.35,4806,26
run_3,7.35,4722,22
run_4,7.35,4743,21
run_5,7.35,4785,19
run_6,7.35,4776,23
run_7,7.35,4757,21
run_8,7.35,4757,23
run_9,7.35,4808,23
run_10,7.35,4707,20
run_1,7.63,4793,22
run_2,7.63,4806,26
run_3,7.63,4722,22
run_4,7.63,4751,21
run_5,7.63,4785,19
run_6,7.63,4776,23
run_7,7.63,4757,21
run_8,7.63,4757,23
run_9,7.63,4808,23
run_10,7.63,4707,20
run_1,7.64,4793,22
run_2,7.64,4806,26
run_3,7.64,4722,22
run_4,7.64,4751,21
run_5,7.64,4785,19
run_6,7.64,4776,23
run_7,7.64,4773,21
run_8,7.64,4757,23
run_9,7.64,4808,23
run_10,7.64,4707,20
run_1,7.71,4793,22
run_2,7.71,4806,26
run_3,7.71,4722,22
run_4,7.71,4751,21
run_5,7.71,4785,19
run_6,7.71,4776,23
run_7,7.71,4773,21
run_8,7.71,4757,23
run_9,7.71,4808,23
run_10,7.71,4718,20
run_1,7.79,4793,22
run_2,7.79,4806,26
run_3,7.79,4722,22
run_4,7.79,4751,21
run_5,7.79,4797,19
run_6,7.79,4776,23
run_7,7.79,4773,21
run_8,7.79,4757,23
run_9,7.79,4808,23
run_10,7.79,4718,20
run_1,8.05,4793,22
run_2,8.05,4806,26
run_3,8.05,4722,22
run_4,8.05,4751,21
run_5,8.05,4797,19
run_6,8.05,4776,23
run_7,8.05,4773,21
run_8,8.05,4757,23
run_9,8.05,4808,23
run_10,8.05,4718,20
run_1,8.09,4793,22
run_2,8.09,4806,26
run_3,8.09,4722,22
run_4,8.09,4751,21
run_5,8.09,4797,19
run_6,8.09,4776,23
run_7,8.09,4773,21
run_8,8.09,4757,23
run_9,8.09,4808,23
run_10,8.09,4718,20
run_1,8.12,4793,22
run_2,8.12,4806,26
run_3,8.12,4722,22
run_4,8.12,4751,21
run_5,8.12,4797,19
run_6,8.12,4776,23
run_7,8.12,4773,21
run_8,8.12,4757,23
run_9,8.12,4808,23
run_10,8.12,4718,20
run_1,8.25,4793,22
run_2,8.25,4810,25
run_3,8.25,4722,22
run_4,8.25,4751,21
run_5,8.25,4797,19
run_6,8.25,4776,23
run_7,8.25,4773,21
run_8,8.25,4757,23
run_9,8.25,4808,23
run_10,8.25,4718,20
run_1,8.35,4793,22
run_2,8.35,4810,25
run_3,8.35,4722,22
run_4,8.35,4751,21
run_5,8.35,4797,19
run_6,8.35,4776,23
run_7,8.35,4773,21
run_8,8.35,4757,23
run_9,8.35,4816,23
run_10,8.35,4718,20
run_1,8.38,4793,22
run_2,8.38,4810,25
run_3,8.38,4726,22
run_4,8.38,4751,21
run_5,8.38,4797,19
run_6,8.38,4776,23
run_7,8.38,4773,21
run_8,8.38,4757,23
run_9,8.38,4816,23
run_10,8.38,4718,20
run_1,8.66,4793,22
run_2,8.66,4810,25
run_3,8.66,4726,22
run_4,8.66,4751,21
run_5,8.66,4797,19
run_6,8.66,4776,23
run_7,8.66,4801,21
run_8,8.66,4757,23
run_9,8.66,4816,23
run_10,8.66,4718,20
run_1,8.74,4793,22
run_2,8.74,4810,25
run_3,8.74,4726,22
run_4,8.74,4759,21
run_5,8.74,4797,19
run_6,8.74,4776,23
run_7,8.74,4801,21
run_8,8.74,4757,23
run_9,8.74,4816,23
run_10,8.74,4723,20
run_1,8.9,4793,22
run_2,8.9,4810,25
run_3,8.9,4726,22
run_4,8.9,4759,21
run_5,8.9,4797,19
run_6,8.9,4776,23
run_7,8.9,4801,21
run_8,8.9,4757,23
run_9,8.9,4816,23
run_10,8.9,4723,20
run_1,9.13,4793,22
run_2,9.13,4810,25
run_3,9.13,4726,22
run_4,9.13,4759,21
run_5,9.13,4809,19
run_6,9.13,4776,23
run_7,9.13,4801,21
run_8,9.13,4769,23
run_9,9.13,4816,23
run_10,9.13,4723,20
run_1,9.33,4793,22
run_2,9.33,4810,25
run_3,9.33,4726,22
run_4,9.33,4759,21
run_5,9.33,4809,19
run_6,9.33,4776,23
run_7,9.33,4801,21
run_8,9.33,4769,23
run_9,9.33,4816,23
run_10,9.33,4723,20
run_1,9.34,4793,22
run_2,9.34,4814,25
run_3,9.34,4726,22
run_4,9.34,4759,21
run_5,9.34,4809,19
run_6,9.34,4776,23
run_7,9.34,4801,21
run_8,9.34,4769,23
run_9,9.34,4816,23
run_10,9.34,4723,20
run_1,9.35,4793,22
run_2,9.35,4814,25
run_3,9.35,4726,22
run_4,9.35,4759,21
run_5,9.35,4809,19
run_6,9.35,4776,23
run_7,9.35,4801,21
run_8,9.35,4769,23
run_9,9.35,4828,23
run_10,9.35,4723,20
run_1,9.5,4793,22
run_2,9.5,4814,25
run_3,9.5,4730,22
run_4,9.5,4759,21
run_5,9.5,4809,19
run_6,9.5,4776,23
run_7,9.5,4801,21
run_8,9.5,4769,23
run_9,9.5,4828,23
run_10,9.5,4723,20
run_1,9.7,4793,22
run_2,9.7,4814,25
run_3,9.7,4730,22
run_4,9.7,4767,21
run_5,9.7,4809,19
run_6,9.7,4776,23
run_7,9.7,4801,21
run_8,9.7,4769,23
run_9,9.7,4828,23
run_10,9.7,4723,20
run_1,9.71,4793,22
run_2,9.71,4814,25
run_3,9.71,4730,22
run_4,9.71,4767,21
run_5,9.71,4809,19
run_6,9.71,4776,23
run_7,9.71,4813,21
run_8,9.71,4769,23
run_9,9.71,4828,23
run_10,9.71,4723,20
run_1,9.77,4793,22
run_2,9.77,4814,25
run_3,9.77,4730,22
run_4,9.77,4767,21
run_5,9.77,4809,19
run_6,9.77,4776,23
run_7,9.77,4813,21
run_8,9.77,4769,23
run_9,9.77,4828,23
run_10,9.77,4727,20
run_1,9.79,4793,22
run_2,9.79,4814,25
run_3,9.79,4730,22
run_4,9.79,4767,21
run_5,9.79,4809,19
run_6,9.79,4776,23
run_7,9.79,4813,21
run_8,9.79,4769,23
run_9,9.79,4828,23
run_10,9.79,4727,20
run_1,10.14,4793,22
run_2,10.14,4814,25
run_3,10.14,4730,22
run_4,10.14,4767,21
run_5,10.14,4809,19
run_6,10.14,4776,23
run_7,10.14,4813,21
run_8,10.14,4789,23
run_9,10.14,4828,23
run_10,10.14,4727,20
run_1,10.21,4793,22
run_2,10.21,4814,25
run_3,10.21,4730,22
run_4,10.21,4767,21
run_5,10.21,4825,19
run_6,10.21,4776,23
run_7,10.21,4813,21
run_8,10.21,4789,23
run_9,10.21,4828,23
run_10,10.21,4727,20
run_1,10.33,4793,22
run_2,10.33,4814,25
run_3,10.33,4730,22
run_4,10.33,4767,21
run_5,10.33,4825,19
run_6,10.33,4776,23
run_7,10.33,4813,21
run_8,10.33,4789,23
run_9,10.33,4836,23
run_10,10.33,4727,20
run_1,10.38,4793,22
run_2,10.38,4826,25
run_3,10.38,4730,22
run_4,10.38,4767,21
run_5,10.38,4825,19
run_6,10.38,4776,23
run_7,10.38,4813,21
run_8,10.38,4789,23
run_9,10.38,4836,23
run_10,10.38,4727,20
run_1,10.48,4793,22
run_2,10.48,4826,25
run_3,10.48,4730,22
run_4,10.48,4767,21
run_5,10.48,4825,19
run_6,10.48,4776,23
run_7,10.48,4813,21
run_8,10.48,4789,23
run_9,10.48,4836,23
run_10,10.48,4727,20
run_1,10.66,4793,22
run_2,10.66,4826,25
run_3,10.66,4730,22
run_4,10.66,4767,21
run_5,10.66,4825,19
run_6,10.66,4776,23
run_7,10.66,4813,21
run_8,10.66,4789,23
run_9,10.66,4836,23
run_10,10.66,4727,20
run_1,10.68,4793,22
run_2,10.68,4826,25
run_3,10.68,4734,22
run_4,10.68,4767,21
run_5,10.68,4825,19
run_6,10.68,4776,23
run_7,10.68,4813,21
run_8,10.68,4789,23
run_9,10.68,4836,23
run_10,10.68,4727,20
run_1,10.75,4793,22
run_2,10.75,4826,25
run_3,10.75,4734,22
run_4,10.75,4795,21
run_5,10.75,4825,19
run_6,10.75,4776,23
run_7,10.75,4813,21
run_8,10.75,4789,23
run_9,10.75,4836,23
run_10,10.75,4727,20
run_1,10.76,4793,22
run_2,10.76,4826,25
run_3,10.76,4734,22
run_4,10.76,4795,21
run_5,10.76,4825,19
run_6,10.76,4776,23
run_7,10.76,4833,21
run_8,10.76,4789,23
run_9,10.76,4836,23
run_10,10.76,4727,20
run_1,10.85,4793,22
run_2,10.85,4826,25
run_3,10.85,4734,22
run_4,10.85,4795,21
run_5,10.85,4825,19
run_6,10.85,4776,23
run_7,10.85,4833,21
run_8,10.85,4789,23
run_9,10.85,4836,23
run_10,10.85,4747,20
run_1,11.26,4793,22
run_2,11.26,4826,25
run_3,11.26,4734,22
run_4,11.26,4795,21
run_5,11.26,4825,19
run_6,11.26,4776,23
run_7,11.26,4833,21
run_8,11.26,4801,23
run_9,11.26,4836,23
run_10,11.26,4747,20
run_1,11.36,4793,22
run_2,11.36,4826,25
run_3,11.36,4734,22
run_4,11.36,4795,21
run_5,11.36,4825,19
run_6,11.36,4776,23
run_7,11.36,4833,21
run_8,11.36,4801,23
run_9,11.36,4852,23
run_10,11.36,4747,20
run_1,11.43,4793,22
run_2,11.43,4826,25
run_3,11.43,4734,22
run_4,11.43,4795,21
run_5,11.43,4829,19
run_6,11.43,4776,23
run_7,11.43,4833,21
run_8,11.43,4801,23
run_9,11.43,4852,23
run_10,11.43,4747,20
run_1,11.46,4793,22
run_2,11.46,4830,25
run_3,11.46,4734,22
run_4,11.46,4795,21
run_5,11.46,4829,19
run_6,11.46,4776,23
run_7,11.46,4833,21
run_8,11.46,4801,23
run_9,11.46,4852,23
run_10,11.46,4747,20
run_1,11.52,4793,22
run_2,11.52,4830,25
run_3,11.52,4734,22
run_4,11.52,4795,21
run_5,11.52,4829,19
run_6,11.52,4776,23
run_7,11.52,4833,21
run_8,11.52,4801,23
run_9,11.52,4852,23
run_10,11.52,4747,20
run_1,11.6,4797,22
run_2,11.6,4830,25
run_3,11.6,4734,22
run_4,11.6,4795,21
run_5,11.6,4829,19
run_6,11.6,4776,23
run_7,11.6,4833,21
run_8,11.6,4801,23
run_9,11.6,4852,23
run_10,11.6,4747,20
run_1,11.72,4797,22
run_2,11.72,4830,25
run_3,11.72,4734,22
run_4,11.72,4812,21
run_5,11.72,4829,19
run_6,11.72,4776,23
run_7,11.72,4833,21
run_8,11.72,4801,23
run_9,11.72,4852,23
run_10,11.72,4747,20
run_1,11.76,4797,22
run_2,11.76,4830,25
run_3,11.76,4734,22
run_4,11.76,4812,21
run_5,11.76,4829,19
run_6,11.76,4776,23
run_7,11.76,4833,21
run_8,11.76,4801,23
run_9,11.76,4852,23
run_10,11.76,4747,20
run_1,11.77,4797,22
run_2,11.77,4830,25
run_3,11.77,4734,22
run_4,11.77,4812,21
run_5,11.77,4829,19
run_6,11.77,4776,23
run_7,11.77,4877,21
run_8,11.77,4801,23
run_9,11.77,4852,23
run_10,11.77,4747,20
run_1,11.92,4797,22
run_2,11.92,4830,25
run_3,11.92,4734,22
run_4,11.92,4812,21
run_5,11.92,4829,19
run_6,11.92,4776,23
run_7,11.92,4877,21
run_8,11.92,4801,23
run_9,11.92,4852,23
run_10,11.92,4759,20
run_1,12.21,4797,22
run_2,12.21,4830,25
run_3,12.21,4734,22
run_4,12.21,4812,21
run_5,12.21,4829,19
run_6,12.21,4776,23
run_7,12.21,4877,21
run_8,12.21,4801,23
run_9,12.21,4852,23
run_10,12.21,4759,20
run_1,12.37,4797,22
run_2,12.37,4830,25
run_3,12.37,4734,22
run_4,12.37,4812,21
run_5,12.37,4829,19
run_6,12.37,4776,23
run_7,12.37,4877,21
run_8,12.37,4801,23
run_9,12.37,4852,23
run_10,12.37,4759,20
run_1,12.51,4797,22
run_2,12.51,4830,25
run_3,12.51,4734,22
run_4,12.51,4812,21
run_5,12.51,4829,19
run_6,12.51,4776,23
run_7,12.51,4877,21
run_8,12.51,4801,23
run_9,12.51,4864,23
run_10,12.51,4759,20
run_1,12.56,4797,22
run_2,12.56,4834,25
run_3,12.56,4734,22
run_4,12.56,4812,21
run_5,12.56,4829,19
run_6,12.56,4776,23
run_7,12.56,4877,21
run_8,12.56,4801,23
run_9,12.56,4864,23
run_10,12.56,4759,20
run_1,12.57,4797,22
run_2,12.57,4834,25
run_3,12.57,4734,22
run_4,12.57,4812,21
run_5,12.57,4829,19
run_6,12.57,4776,23
run_7,12.57,4877,21
run_8,12.57,4801,23
run_9,12.57,4864,23
run_10,12.57,4759,20
run_1,12.69,4797,22
run_2,12.69,4834,25
run_3,12.69,4734,22
run_4,12.69,4832,21
run_5,12.69,4829,19
run_6,12.69,4776,23
run_7,12.69,4877,21
run_8,12.69,4801,23
run_9,12.69,4864,23
run_10,12.69,4759,20
run_1,12.82,4797,22
run_2,12.82,4834,25
run_3,12.82,4734,22
run_4,12.82,4832,21
run_5,12.82,4849,19
run_6,12.82,4776,23
run_7,12.82,4877,21
run_8,12.82,4801,23
run_9,12.82,4864,23
run_10,12.82,4759,20
run_1,12.92,4797,22
run_2,12.92,4834,25
run_3,12.92,4738,22
run_4,12.92,4832,21
run_5,12.92,4849,19
run_6,12.92,4776,23
run_7,12.92,4897,21
run_8,12.92,4801,23
run_9,12.92,4864,23
run_10,12.92,4759,20
run_1,13.05,4797,22
run_2,13.05,4834,25
run_3,13.05,4738,22
run_4,13.05,4832,21
run_5,13.05,4849,19
run_6,13.05,4776,23
run_7,13.05,4897,21
run_8,13.05,4801,23
run_9,13.05,4864,23
run_10,13.05,4803,20
run_1,13.24,4797,22
run_2,13.24,4834,25
run_3,13.24,4738,22
run_4,13.24,4832,21
run_5,13.24,4849,19
run_6,13.24,4776,23
run_7,13.24,4897,21
run_8,13.24,4801,23
run_9,13.24,4864,23
run_10,13.24,4803,20
run_1,13.29,4797,22
run_2,13.29,4834,25
run_3,13.29,4738,22
run_4,13.29,4832,21
run_5,13.29,4849,19
run_6,13.29,4780,23
run_7,13.29,4897,21
run_8,13.29,4801,23
run_9,13.29,4864,23
run_10,13.29,4803,20
run_1,13.6,4797,22
run_2,13.6,4834,25
run_3,13.6,4738,22
run_4,13.6,4832,21
run_5,13.6,4849,19
run_6,13.6,4780,23
run_7,13.6,4897,21
run_8,13.6,4801,23
run_9,13.6,4868,23
run_10,13.6,4803,20
run_1,13.72,4805,22
run_2,13.72,4834,25
run_3,13.72,4738,22
run_4,13.72,4832,21
run_5,13.72,4849,19
run_6,13.72,4780,23
run_7,13.72,4897,21
run_8,13.72,4801,23
run_9,13.72,4868,23
run_10,13.72,4803,20
run_1,13.73,4805,22
run_2,13.73,4846,25
run_3,13.73,4738,22
run_4,13.73,4832,21
run_5,13.73,4849,19
run_6,13.73,4780,23
run_7,13.73,4897,21
run_8,13.73,4801,23
run_9,13.73,4868,23
run_10,13.73,4803,20
run_1,13.81,4805,22
run_2,13.81,4846,25
run_3,13.81,4738,22
run_4,13.81,4864,21
run_5,13.81,4849,19
run_6,13.81,4780,23
run_7,13.81,4897,21
run_8,13.81,4801,23
run_9,13.81,4868,23
run_10,13.81,4803,20
run_1,13.88,4805,22
run_2,13.88,4846,25
run_3,13.88,4742,22
run_4,13.88,4864,21
run_5,13.88,4849,19
run_6,13.88,4780,23
run_7,13.88,4897,21
run_8,13.88,4801,23
run_9,13.88,4868,23
run_10,13.88,4803,20
run_1,14.01,4805,22
run_2,14.01,4846,25
run_3,14.01,4742,22
run_4,14.01,4864,21
run_5,14.01,4873,19
run_6,14.01,4780,23
run_7,14.01,4897,21
run_8,14.01,4801,23
run_9,14.01,4868,23
run_10,14.01,4803,20
run_1,14.03,4805,22
run_2,14.03,4846,25
run_3,14.03,4742,22
run_4,14.03,4864,21
run_5,14.03,4873,19
run_6,14.03,4780,23
run_7,14.03,4941,21
run_8,14.03,4801,23
run_9,14.03,4868,23
run_10,14.03,4803,20
run_1,14.16,4805,22
run_2,14.16,4846,25
run_3,14.16,4742,22
run_4,14.16,4864,21
run_5,14.16,4873,19
run_6,14.16,4780,23
run_7,14.16,4941,21
run_8,14.16,4801,23
run_9,14.16,4868,23
run_10,14.16,4803,20
run_1,14.21,4805,22
run_2,14.21,4846,25
run_3,14.21,4742,22
run_4,14.21,4864,21
run_5,14.21,4873,19
run_6,14.21,4780,23
run_7,14.21,4941,21
run_8,14.21,4801,23
run_9,14.21,4868,23
run_10,14.21,4827,20
run_1,14.25,4805,22
run_2,14.25,4846,25
run_3,14.25,4742,22
run_4,14.25,4864,21
run_5,14.25,4873,19
run_6,14.25,4780,23
run_7,14.25,4941,21
run_8,14.25,4809,23
run_9,14.25,4868,23
run_10,14.25,4827,20
run_1,14.67,4805,22
run_2,14.67,4846,25
run_3,14.67,4742,22
run_4,14.67,4864,21
run_5,14.67,4873,19
run_6,14.67,4780,23
run_7,14.67,4941,21
run_8,14.67,4809,23
run_9,14.67,4892,23
run_10,14.67,4827,20
run_1,14.86,4805,22
run_2,14.86,4870,25
run_3,14.86,4742,22
run_4,14.86,4864,21
run_5,14.86,4873,19
run_6,14.86,4780,23
run_7,14.86,4941,21
run_8,14.86,4809,23
run_9,14.86,4892,23
run_10,14.86,4827,20
run_1,14.9,4813,22
run_2,14.9,4870,25
run_3,14.9,4742,22
run_4,14.9,4864,21
run_5,14.9,4873,19
run_6,14.9,4780,23
run_7,14.9,4941,21
run_8,14.9,4809,23
run_9,14.9,4892,23
run_10,14.9,4827,20
run_1,14.96,4813,22
run_2,14.96,4870,25
run_3,14.96,4742,22
run_4,14.96,4864,21
run_5,14.96,4873,19
run_6,14.96,4780,23
run_7,14.96,4941,21
run_8,14.96,4809,23
run_9,14.96,4892,23
run_10,14.96,4827,20
run_1,15.02,4813,22
run_2,15.02,4870,25
run_3,15.02,4754,22
run_4,15.02,4864,21
run_5,15.02,4873,19
run_6,15.02,4780,23
run_7,15.02,4941,21
run_8,15.02,4809,23
run_9,15.02,4892,23
run_10,15.02,4827,20
run_1,15.09,4813,22
run_2,15.09,4870,25
run_3,15.09,4754,22
run_4,15.09,4876,21
run_5,15.09,4873,19
run_6,15.09,4780,23
run_7,15.09,4941,21
run_8,15.09,4809,23
run_9,15.09,4892,23
run_10,15.09,4827,20
run_1,15.17,4813,22
run_2,15.17,4870,25
run_3,15.17,4754,22
run_4,15.17,4876,21
run_5,15.17,4873,19
run_6,15.17,4780,23
run_7,15.17,4993,21
run_8,15.17,4809,23
run_9,15.17,4892,23
run_10,15.17,4827,20
run_1,15.23,4813,22
run_2,15.23,4870,25
run_3,15.23,4754,22
run_4,15.23,4876,21
run_5,15.23,4889,19
run_6,15.23,4780,23
run_7,15.23,4993,21
run_8,15.23,4809,23
run_9,15.23,4892,23
run_10,15.23,4827,20
run_1,15.33,4813,22
run_2,15.33,4870,25
run_3,15.33,4754,22
run_4,15.33,4876,21
run_5,15.33,4889,19
run_6,15.33,4780,23
run_7,15.33,4993,21
run_8,15.33,4821,23
run_9,15.33,4892,23
run_10,15.33,4827,20
run_1,15.34,4813,22
run_2,15.34,4870,25
run_3,15.34,4754,22
run_4,15.34,4876,21
run_5,15.34,4889,19
run_6,15.34,4780,23
run_7,15.34,4993,21
run_8,15.34,4821,23
run_9,15.34,4892,23
run_10,15.34,4855,20
run_1,15.78,4813,22
run_2,15.78,4870,25
run_3,15.78,4754,22
run_4,15.78,4876,21
run_5,15.78,4889,19
run_6,15.78,4780,23
run_7,15.78,4993,21
run_8,15.78,4821,23
run_9,15.78,4912,23
run_10,15.78,4855,20
run_1,15.82,4813,22
run_2,15.82,4870,25
run_3,15.82,4754,22
run_4,15.82,4876,21
run_5,15.82,4889,19
run_6,15.82,4780,23
run_7,15.82,4993,21
run_8,15.82,4821,23
run_9,15.82,4912,23
run_10,15.82,4855,20
run_1,15.94,4817,22
run_2,15.94,4870,25
run_3,15.94,4754,22
run_4,15.94,4876,21
run_5,15.94,4889,19
run_6,15.94,4780,23
run_7,15.94,4993,21
run_8,15.94,4821,23
run_9,15.94,4912,23
run_10,15.94,4855,20
run_1,15.96,4817,22
run_2,15.96,4882,25
run_3,15.96,4754,22
run_4,15.96,4876,21
run_5,15.96,4889,19
run_6,15.96,4780,23
run_7,15.96,4993,21
run_8,15.96,4821,23
run_9,15.96,4912,23
run_10,15.96,4855,20
run_1,16.33,4817,22
run_2,16.33,4882,25
run_3,16.33,4754,22
run_4,16.33,4876,21
run_5,16.33,4889,19
run_6,16.33,4780,23
run_7,16.33,5029,21
run_8,16.33,4821,23
run_9,16.33,4912,23
run_10,16.33,4855,20
run_1,16.35,4817,22
run_2,16.35,4882,25
run_3,16.35,4754,22
run_4,16.35,4876,21
run_5,16.35,4889,19
run_6,16.35,4780,23
run_7,16.35,5029,21
run_8,16.35,4841,23
run_9,16.35,4912,23
run_10,16.35,4855,20
run_1,16.36,4817,22
run_2,16.36,4882,25
run_3,16.36,4766,22
run_4,16.36,4876,21
run_5,16.36,4889,19
run_6,16.36,4780,23
run_7,16.36,5029,21
run_8,16.36,4841,23
run_9,16.36,4912,23
run_10,16.36,4855,20
run_1,16.41,4817,22
run_2,16.41,4882,25
run_3,16.41,4766,22
run_4,16.41,4904,21
run_5,16.41,4889,19
run_6,16.41,4780,23
run_7,16.41,5029,21
run_8,16.41,4841,23
run_9,16.41,4912,23
run_10,16.41,4855,20
run_1,16.45,4817,22
run_2,16.45,4882,25
run_3,16.45,4766,22
run_4,16.45,4904,21
run_5,16.45,4889,19
run_6,16.45,4780,23
run_7,16.45,5029,21
run_8,16.45,4841,23
run_9,16.45,4912,23
run_10,16.45,4883,20
run_1,16.55,4817,22
run_2,16.55,4882,25
run_3,16.55,4766,22
run_4,16.55,4904,21
run_5,16.55,4925,19
run_6,16.55,4780,23
run_7,16.55,5029,21
run_8,16.55,4841,23
run_9,16.55,4912,23
run_10,16.55,4883,20
run_1,16.72,4817,22
run_2,16.72,4882,25
run_3,16.72,4766,22
run_4,16.72,4904,21
run_5,16.72,4925,19
run_6,16.72,4780,23
run_7,16.72,5029,21
run_8,16.72,4841,23
run_9,16.72,4912,23
run_10,16.72,4883,20
run_1,16.94,4817,22
run_2,16.94,4882,25
run_3,16.94,4766,22
run_4,16.94,4904,21
run_5,16.94,4925,19
run_6,16.94,4780,23
run_7,16.94,5029,21
run_8,16.94,4841,23
run_9,16.94,4928,23
run_10,16.94,4883,20
run_1,17.09,4821,22
run_2,17.09,4882,25
run_3,17.09,4766,22
run_4,17.09,4904,21
run_5,17.09,4925,19
run_6,17.09,4780,23
run_7,17.09,5029,21
run_8,17.09,4841,23
run_9,17.09,4928,23
run_10,17.09,4883,20
run_1,17.12,4821,22
run_2,17.12,4898,25
run_3,17.12,4766,22
run_4,17.12,4904,21
run_5,17.12,4925,19
run_6,17.12,4780,23
run_7,17.12,5029,21
run_8,17.12,4841,23
run_9,17.12,4928,23
run_10,17.12,4883,20
run_1,17.34,4821,22
run_2,17.34,4898,25
run_3,17.34,4766,22
run_4,17.34,4904,21
run_5,17.34,4925,19
run_6,17.34,4780,23
run_7,17.34,5029,21
run_8,17.34,4849,23
run_9,17.34,4928,23
run_10,17.34,4883,20
run_1,17.4,4821,22
run_2,17.4,4898,25
run_3,17.4,4766,22
run_4,17.4,4904,21
run_5,17.4,4925,19
run_6,17.4,4780,23
run_7,17.4,5061,21
run_8,17.4,4849,23
run_9,17.4,4928,23
run_10,17.4,4883,20
run_1,17.51,4821,22
run_2,17.51,4898,25
run_3,17.51,4790,22
run_4,17.51,4904,21
run_5,17.51,4925,19
run_6,17.51,4780,23
run_7,17.51,5061,21
run_8,17.51,4849,23
run_9,17.51,4928,23
run_10,17.51,4883,20
run_1,17.57,4821,22
run_2,17.57,4898,25
run_3,17.57,4790,22
run_4,17.57,4904,21
run_5,17.57,4925,19
run_6,17.57,4780,23
run_7,17.57,5061,21
run_8,17.57,4849,23
run_9,17.57,4928,23
run_10,17.57,4883,20
run_1,17.59,4821,22
run_2,17.59,4898,25
run_3,17.59,4790,22
run_4,17.59,4904,21
run_5,17.59,4925,19
run_6,17.59,4780,23
run_7,17.59,5061,21
run_8,17.59,4849,23
run_9,17.59,4928,23
run_10,17.59,4919,20
run_1,17.67,4821,22
run_2,17.67,4898,25
run_3,17.67,4790,22
run_4,17.67,4932,21
run_5,17.67,4925,19
run_6,17.67,4780,23
run_7,17.67,5061,21
run_8,17.67,4849,23
run_9,17.67,4928,23
run_10,17.67,4919,20
run_1,17.86,4821,22
run_2,17.86,4898,25
run_3,17.86,4790,22
run_4,17.86,4932,21
run_5,17.86,4977,19
run_6,17.86,4780,23
run_7,17.86,5061,21
run_8,17.86,4849,23
run_9,17.86,4928,23
run_10,17.86,4919,20
run_1,18.04,4821,22
run_2,18.04,4898,25
run_3,18.04,4790,22
run_4,18.04,4932,21
run_5,18.04,4977,19
run_6,18.04,4780,23
run_7,18.04,5061,21
run_8,18.04,4849,23
run_9,18.04,4964,23
run_10,18.04,4919,20
run_1,18.17,4821,22
run_2,18.17,4898,25
run_3,18.17,4790,22
run_4,18.17,4932,21
run_5,18.17,4977,19
run_6,18.17,4780,23
run_7,18.17,5061,21
run_8,18.17,4849,23
run_9,18.17,4964,23
run_10,18.17,4919,20
run_1,18.28,4821,22
run_2,18.28,4934,25
run_3,18.28,4790,22
run_4,18.28,4932,21
run_5,18.28,4977,19
run_6,18.28,4780,23
run_7,18.28,5061,21
run_8,18.28,4849,23
run_9,18.28,4964,23
run_10,18.28,4919,20
run_1,18.42,4821,22
run_2,18.42,4934,25
run_3,18.42,4790,22
run_4,18.42,4932,21
run_5,18.42,4977,19
run_6,18.42,4780,23
run_7,18.42,5061,21
run_8,18.42,4861,23
run_9,18.42,4964,23
run_10,18.42,4919,20
run_1,18.49,4821,22
run_2,18.49,4934,25
run_3,18.49,4790,22
run_4,18.49,4932,21
run_5,18.49,4977,19
run_6,18.49,4780,23
run_7,18.49,5085,21
run_8,18.49,4861,23
run_9,18.49,4964,23
run_10,18.49,4919,20
run_1,18.54,4821,22
run_2,18.54,4934,25
run_3,18.54,4790,22
run_4,18.54,4932,21
run_5,18.54,4977,19
run_6,18.54,4780,23
run_7,18.54,5085,21
run_8,18.54,4861,23
run_9,18.54,4964,23
run_10,18.54,4919,20
run_1,18.8,4821,22
run_2,18.8,4934,25
run_3,18.8,4818,22
run_4,18.8,4932,21
run_5,18.8,4977,19
run_6,18.8,4780,23
run_7,18.8,5085,21
run_8,18.8,4861,23
run_9,18.8,4964,23
run_10,18.8,4919,20
run_1,18.83,4821,22
run_2,18.83,4934,25
run_3,18.83,4818,22
run_4,18.83,4932,21
run_5,18.83,4977,19
run_6,18.83,4780,23
run_7,18.83,5085,21
run_8,18.83,4861,23
run_9,18.83,4964,23
run_10,18.83,4951,20
run_1,18.95,4821,22
run_2,18.95,4934,25
run_3,18.95,4818,22
run_4,18.95,4964,21
run_5,18.95,5025,19
run_6,18.95,4780,23
run_7,18.95,5085,21
run_8,18.95,4861,23
run_9,18.95,4964,23
run_10,18.95,4951,20
run_1,19.15,4821,22
run_2,19.15,4934,25
run_3,19.15,4818,22
run_4,19.15,4964,21
run_5,19.15,5025,19
run_6,19.15,4780,23
run_7,19.15,5085,21
run_8,19.15,4861,23
run_9,19.15,5004,23
run_10,19.15,4951,20
run_1,19.4,4837,22
run_2,19.4,4934,25
run_3,19.4,4818,22
run_4,19.4,4964,21
run_5,19.4,5025,19
run_6,19.4,4784,23
run_7,19.4,5085,21
run_8,19.4,4861,23
run_9,19.4,5004,23
run_10,19.4,4951,20
run_1,19.43,4837,22
run_2,19.43,4934,25
run_3,19.43,4818,22
run_4,19.43,4964,21
run_5,19.43,5025,19
run_6,19.43,4784,23
run_7,19.43,5085,21
run_8,19.43,4873,23
run_9,19.43,5004,23
run_10,19.43,4951,20
run_1,19.53,4837,22
run_2,19.53,4966,25
run_3,19.53,4818,22
run_4,19.53,4964,21
run_5,19.53,5025,19
run_6,19.53,4784,23
run_7,19.53,5085,21
run_8,19.53,4873,23
run_9,19.53,5004,23
run_10,19.53,4951,20
run_1,19.57,4837,22
run_2,19.57,4966,25
run_3,19.57,4818,22
run_4,19.57,4964,21
run_5,19.57,5025,19
run_6,19.57,4784,23
run_7,19.57,5129,21
run_8,19.57,4873,23
run_9,19.57,5004,23
run_10,19.57,4951,20
run_1,19.96,4837,22
run_2,19.96,4966,25
run_3,19.96,4818,22
run_4,19.96,4964,21
run_5,19.96,5025,19
run_6,19.96,4784,23
run_7,19.96,5129,21
run_8,19.96,4873,23
run_9,19.96,5004,23
run_10,19.96,4999,20
run_1,20.02,4837,22
run_2,20.02,4966,25
run_3,20.02,4818,22
run_4,20.02,4964,21
run_5,20.02,5073,19
run_6,20.02,4784,23
run_7,20.02,5129,21
run_8,20.02,4873,23
run_9,20.02,5004,23
run_10,20.02,4999,20
run_1,20.03,4837,22
run_2,20.03,4966,25
run_3,20.03,4818,22
run_4,20.03,4984,21
run_5,20.03,5073,19
run_6,20.03,4784,23
run_7,20.03,5129,21
run_8,20.03,4873,23
run_9,20.03,5004,23
run_10,20.03,4999,20
run_1,20.06,4837,22
run_2,20.06,4966,25
run_3,20.06,4826,22
run_4,20.06,4984,21
run_5,20.06,5073,19
run_6,20.06,4784,23
run_7,20.06,5129,21
run_8,20.06,4873,23
run_9,20.06,5004,23
run_10,20.06,4999,20
run_1,20.28,4837,22
run_2,20.28,4966,25
run_3,20.28,4826,22
run_4,20.28,4984,21
run_5,20.28,5073,19
run_6,20.28,4788,23
run_7,20.28,5129,21
run_8,20.28,4873,23
run_9,20.28,5004,23
run_10,20.28,4999,20
run_1,20.31,4837,22
run_2,20.31,4966,25
run_3,20.31,4826,22
run_4,20.31,4984,21
run_5,20.31,5073,19
run_6,20.31,4788,23
run_7,20.31,5129,21
run_8,20.31,4873,23
run_9,20.31,5048,23
run_10,20.31,4999,20
run_1,20.45,4837,22
run_2,20.45,4966,25
run_3,20.45,4826,22
run_4,20.45,4984,21
run_5,20.45,5073,19
run_6,20.45,4788,23
run_7,20.45,5129,21
run_8,20.45,4893,23
run_9,20.45,5048,23
run_10,20.45,4999,20
run_1,20.64,4837,22
run_2,20.64,4986,25
run_3,20.64,4826,22
run_4,20.64,4984,21
run_5,20.64,5073,19
run_6,20.64,4788,23
run_7,20.64,5129,21
run_8,20.64,4893,23
run_9,20.64,5048,23
run_10,20.64,4999,20
run_1,20.67,4837,22
run_2,20.67,4986,25
run_3,20.67,4826,22
run_4,20.67,4984,21
run_5,20.67,5073,19
run_6,20.67,4788,23
run_7,20.67,5193,21
run_8,20.67,4893,23
run_9,20.67,5048,23
run_10,20.67,4999,20
run_1,20.69,4853,22
run_2,20.69,4986,25
run_3,20.69,4826,22
run_4,20.69,4984,21
run_5,20.69,5073,19
run_6,20.69,4788,23
run_7,20.69,5193,21
run_8,20.69,4893,23
run_9,20.69,5048,23
run_10,20.69,4999,20
run_1,21.1,4853,22
run_2,21.1,4986,25
run_3,21.1,4826,22
run_4,21.1,5024,21
run_5,21.1,5149,19
run_6,21.1,4788,23
run_7,21.1,5193,21
run_8,21.1,4893,23
run_9,21.1,5048,23
run_10,21.1,4999,20
run_1,21.16,4853,22
run_2,21.16,4986,25
run_3,21.16,4826,22
run_4,21.16,5024,21
run_5,21.16,5149,19
run_6,21.16,4796,23
run_7,21.16,5193,21
run_8,21.16,4893,23
run_9,21.16,5048,23
run_10,21.16,4999,20
run_1,21.21,4853,22
run_2,21.21,4986,25
run_3,21.21,4826,22
run_4,21.21,5024,21
run_5,21.21,5149,19
run_6,21.21,4796,23
run_7,21.21,5193,21
run_8,21.21,4893,23
run_9,21.21,5048,23
run_10,21.21,5035,20
run_1,21.22,4853,22
run_2,21.22,4986,25
run_3,21.22,4850,22
run_4,21.22,5024,21
run_5,21.22,5149,19
run_6,21.22,4796,23
run_7,21.22,5193,21
run_8,21.22,4893,23
run_9,21.22,5048,23
run_10,21.22,5035,20
run_1,21.54,4853,22
run_2,21.54,4986,25
run_3,21.54,4850,22
run_4,21.54,5024,21
run_5,21.54,5149,19
run_6,21.54,4796,23
run_7,21.54,5193,21
run_8,21.54,4913,23
run_9,21.54,5048,23
run_10,21.54,5035,20
run_1,21.59,4853,22
run_2,21.59,4986,25
run_3,21.59,4850,22
run_4,21.59,5024,21
run_5,21.59,5149,19
run_6,21.59,4796,23
run_7,21.59,5193,21
run_8,21.59,4913,23
run_9,21.59,5076,23
run_10,21.59,5035,20
run_1,21.77,4853,22
run_2,21.77,4986,25
run_3,21.77,4850,22
run_4,21.77,5024,21
run_5,21.77,5149,19
run_6,21.77,4796,23
run_7,21.77,5217,21
run_8,21.77,4913,23
run_9,21.77,5076,23
run_10,21.77,5035,20
run_1,21.82,4893,22
run_2,21.82,4986,25
run_3,21.82,4850,22
run_4,21.82,5024,21
run_5,21.82,5149,19
run_6,21.82,4796,23
run_7,21.82,5217,21
run_8,21.82,4913,23
run_9,21.82,5076,23
run_10,21.82,5035,20
run_1,21.83,4893,22
run_2,21.83,5006,25
run_3,21.83,4850,22
run_4,21.83,5024,21
run_5,21.83,5149,19
run_6,21.83,4796,23
run_7,21.83,5217,21
run_8,21.83,4913,23
run_9,21.83,5076,23
run_10,21.83,5035,20
run_1,22.07,4893,22
run_2,22.07,5006,25
run_3,22.07,4850,22
run_4,22.07,5024,21
run_5,22.07,5149,19
run_6,22.07,4824,23
run_7,22.07,5217,21
run_8,22.07,4913,23
run_9,22.07,5076,23
run_10,22.07,5035,20
run_1,22.1,4893,22
run_2,22.1,5006,25
run_3,22.1,4850,22
run_4,22.1,5072,21
run_5,22.1,5149,19
run_6,22.1,4824,23
run_7,22.1,5217,21
run_8,22.1,4913,23
run_9,22.1,5076,23
run_10,22.1,5035,20
run_1,22.13,4893,22
run_2,22.13,5006,25
run_3,22.13,4850,22
run_4,22.13,5072,21
run_5,22.13,5181,19
run_6,22.13,4824,23
run_7,22.13,5217,21
run_8,22.13,4913,23
run_9,22.13,5076,23
run_10,22.13,5035,20
run_1,22.36,4893,22
run_2,22.36,5006,25
run_3,22.36,4850,22
run_4,22.36,5072,21
run_5,22.36,5181,19
run_6,22.36,4824,23
run_7,22.36,5217,21
run_8,22.36,4913,23
run_9,22.36,5076,23
run_10,22.36,5071,20
run_1,22.48,4893,22
run_2,22.48,5006,25
run_3,22.48,4894,22
run_4,22.48,5072,21
run_5,22.48,5181,19
run_6,22.48,4824,23
run_7,22.48,5217,21
run_8,22.48,4913,23
run_9,22.48,5076,23
run_10,22.48,5071,20
run_1,22.78,4893,22
run_2,22.78,5006,25
run_3,22.78,4894,22
run_4,22.78,5072,21
run_5,22.78,5181,19
run_6,22.78,4824,23
run_7,22.78,5217,21
run_8,22.78,4913,23
run_9,22.78,5108,23
run_10,22.78,5071,20
run_1,22.84,4893,22
run_2,22.84,5006,25
run_3,22.84,4894,22
run_4,22.84,5072,21
run_5,22.84,5181,19
run_6,22.84,4824,23
run_7,22.84,5217,21
run_8,22.84,4929,23
run_9,22.84,5108,23
run_10,22.84,5071,20
run_1,22.87,4917,22
run_2,22.87,5006,25
run_3,22.87,4894,22
run_4,22.87,5072,21
run_5,22.87,5181,19
run_6,22.87,4824,23
run_7,22.87,5249,21
run_8,22.87,4929,23
run_9,22.87,5108,23
run_10,22.87,5071,20
run_1,23.02,4917,22
run_2,23.02,5006,25
run_3,23.02,4894,22
run_4,23.02,5072,21
run_5,23.02,5181,19
run_6,23.02,4828,23
run_7,23.02,5249,21
run_8,23.02,4929,23
run_9,23.02,5108,23
run_10,23.02,5071,20
run_1,23.17,4917,22
run_2,23.17,5050,25
run_3,23.17,4894,22
run_4,23.17,5120,21
run_5,23.17,5229,19
run_6,23.17,4828,23
run_7,23.17,5249,21
run_8,23.17,4929,23
run_9,23.17,5108,23
run_10,23.17,5071,20
run_1,23.48,4917,22
run_2,23.48,5050,25
run_3,23.48,4894,22
run_4,23.48,5120,21
run_5,23.48,5229,19
run_6,23.48,4828,23
run_7,23.48,5249,21
run_8,23.48,4929,23
run_9,23.48,5108,23
run_10,23.48,5119,20
run_1,23.72,4917,22
run_2,23.72,5050,25
run_3,23.72,4926,22
run_4,23.72,5120,21
run_5,23.72,5229,19
run_6,23.72,4828,23
run_7,23.72,5249,21
run_8,23.72,4929,23
run_9,23.72,5108,23
run_10,23.72,5119,20
run_1,23.9,4917,22
run_2,23.9,5050,25
run_3,23.9,4926,22
run_4,23.9,5120,21
run_5,23.9,5229,19
run_6,23.9,4828,23
run_7,23.9,5249,21
run_8,23.9,4929,23
run_9,23.9,5120,23
run_10,23.9,5119,20
run_1,23.93,4917,22
run_2,23.93,5050,25
run_3,23.93,4926,22
run_4,23.93,5120,21
run_5,23.93,5229,19
run_6,23.93,4828,23
run_7,23.93,5249,21
run_8,23.93,4973,23
run_9,23.93,5120,23
run_10,23.93,5119,20
run_1,23.97,4917,22
run_2,23.97,5050,25
run_3,23.97,4926,22
run_4,23.97,5120,21
run_5,23.97,5229,19
run_6,23.97,4828,23
run_7,23.97,5277,21
run_8,23.97,4973,23
run_9,23.97,5120,23
run_10,23.97,5119,20
run_1,24.02,4917,22
run_2,24.02,5050,25
run_3,24.02,4926,22
run_4,24.02,5120,21
run_5,24.02,5229,19
run_6,24.02,4840,23
run_7,24.02,5277,21
run_8,24.02,4973,23
run_9,24.02,5120,23
run_10,24.02,5119,20
run_1,24.11,4933,22
run_2,24.11,5050,25
run_3,24.11,4926,22
run_4,24.11,5120,21
run_5,24.11,5229,19
run_6,24.11,4840,23
run_7,24.11,5277,21
run_8,24.11,4973,23
run_9,24.11,5120,23
run_10,24.11,5119,20
run_1,24.33,4933,22
run_2,24.33,5050,25
run_3,24.33,4926,22
run_4,24.33,5120,21
run_5,24.33,5277,19
run_6,24.33,4840,23
run_7,24.33,5277,21
run_8,24.33,4973,23
run_9,24.33,5120,23
run_10,24.33,5119,20
run_1,24.36,4933,22
run_2,24.36,5050,25
run_3,24.36,4926,22
run_4,24.36,5168,21
run_5,24.36,5277,19
run_6,24.36,4840,23
run_7,24.36,5277,21
run_8,24.36,4973,23
run_9,24.36,5120,23
run_10,24.36,5119,20
run_1,24.62,4933,22
run_2,24.62,5090,25
run_3,24.62,4926,22
run_4,24.62,5168,21
run_5,24.62,5277,19
run_6,24.62,4840,23
run_7,24.62,5277,21
run_8,24.62,4973,23
run_9,24.62,5120,23
run_10,24.62,5159,20
run_1,24.89,4933,22
run_2,24.89,5090,25
run_3,24.89,4926,22
run_4,24.89,5168,21
run_5,24.89,5277,19
run_6,24.89,4840,23
run_7,24.89,5277,21
run_8,24.89,4973,23
run_9,24.89,5120,23
run_10,24.89,5159,20
run_1,24.93,4933,22
run_2,24.93,5090,25
run_3,24.93,4970,22
run_4,24.93,5168,21
run_5,24.93,5277,19
run_6,24.93,4840,23
run_7,24.93,5277,21
run_8,24.93,4973,23
run_9,24.93,5120,23
run_10,24.93,5159,20
run_1,24.96,4933,22
run_2,24.96,5090,25
run_3,24.96,4970,22
run_4,24.96,5168,21
run_5,24.96,5277,19
run_6,24.96,4848,23
run_7,24.96,5277,21
run_8,24.96,4973,23
run_9,24.96,5120,23
run_10,24.96,5159,20
run_1,25.07,4933,22
run_2,25.07,5090,25
run_3,25.07,4970,22
run_4,25.07,5168,21
run_5,25.07,5277,19
run_6,25.07,4848,23
run_7,25.07,5277,21
run_8,25.07,5017,23
run_9,25.07,5120,23
run_10,25.07,5159,20
run_1,25.13,4933,22
run_2,25.13,5090,25
run_3,25.13,4970,22
run_4,25.13,5168,21
run_5,25.13,5277,19
run_6,25.13,4848,23
run_7,25.13,5313,21
run_8,25.13,5017,23
run_9,25.13,5120,23
run_10,25.13,5159,20
run_1,25.22,4969,22
run_2,25.22,5090,25
run_3,25.22,4970,22
run_4,25.22,5168,21
run_5,25.22,5277,19
run_6,25.22,4848,23
run_7,25.22,5313,21
run_8,25.22,5017,23
run_9,25.22,5120,23
run_10,25.22,5159,20
run_1,25.37,4969,22
run_2,25.37,5090,25
run_3,25.37,4970,22
run_4,25.37,5188,21
run_5,25.37,5277,19
run_6,25.37,4848,23
run_7,25.37,5313,21
run_8,25.37,5017,23
run_9,25.37,5120,23
run_10,25.37,5159,20
run_1,25.4,4969,22
run_2,25.4,5090,25
run_3,25.4,4970,22
run_4,25.4,5188,21
run_5,25.4,5325,19
run_6,25.4,4848,23
run_7,25.4,5313,21
run_8,25.4,5017,23
run_9,25.4,5120,23
run_10,25.4,5159,20
run_1,25.75,4969,22
run_2,25.75,5090,25
run_3,25.75,4970,22
run_4,25.75,5188,21
run_5,25.75,5325,19
run_6,25.75,4848,23
run_7,25.75,5313,21
run_8,25.75,5017,23
run_9,25.75,5120,23
run_10,25.75,5195,20
run_1,25.81,4969,22
run_2,25.81,5146,25
run_3,25.81,4970,22
run_4,25.81,5188,21
run_5,25.81,5325,19
run_6,25.81,4848,23
run_7,25.81,5313,21
run_8,25.81,5017,23
run_9,25.81,5120,23
run_10,25.81,5195,20
run_1,25.87,4969,22
run_2,25.87,5146,25
run_3,25.87,4970,22
run_4,25.87,5188,21
run_5,25.87,5325,19
run_6,25.87,4868,23
run_7,25.87,5313,21
run_8,25.87,5017,23
run_9,25.87,5120,23
run_10,25.87,5195,20
run_1,25.91,4969,22
run_2,25.91,5146,25
run_3,25.91,4970,22
run_4,25.91,5188,21
run_5,25.91,5325,19
run_6,25.91,4868,23
run_7,25.91,5313,21
run_8,25.91,5017,23
run_9,25.91,5120,23
run_10,25.91,5195,20
run_1,26.14,4969,22
run_2,26.14,5146,25
run_3,26.14,4970,22
run_4,26.14,5188,21
run_5,26.14,5325,19
run_6,26.14,4868,23
run_7,26.14,5313,21
run_8,26.14,5069,23
run_9,26.14,5120,23
run_10,26.14,5195,20
run_1,26.2,4969,22
run_2,26.2,5146,25
run_3,26.2,4970,22
run_4,26.2,5188,21
run_5,26.2,5325,19
run_6,26.2,4868,23
run_7,26.2,5345,21
run_8,26.2,5069,23
run_9,26.2,5120,23
run_10,26.2,5195,20
run_1,26.28,4969,22
run_2,26.28,5146,25
run_3,26.28,5014,22
run_4,26.28,5188,21
run_5,26.28,5325,19
run_6,26.28,4868,23
run_7,26.28,5345,21
run_8,26.28,5069,23
run_9,26.28,5120,23
run_10,26.28,5195,20
run_1,26.38,4969,22
run_2,26.38,5146,25
run_3,26.38,5014,22
run_4,26.38,5240,21
run_5,26.38,5325,19
run_6,26.38,4868,23
run_7,26.38,5345,21
run_8,26.38,5069,23
run_9,26.38,5120,23
run_10,26.38,5195,20
run_1,26.43,4969,22
run_2,26.43,5146,25
run_3,26.43,5014,22
run_4,26.43,5240,21
run_5,26.43,5373,19
run_6,26.43,4868,23
run_7,26.43,5345,21
run_8,26.43,5069,23
run_9,26.43,5120,23
run_10,26.43,5195,20
run_1,26.44,4993,22
run_2,26.44,5146,25
run_3,26.44,5014,22
run_4,26.44,5240,21
run_5,26.44,5373,19
run_6,26.44,4868,23
run_7,26.44,5345,21
run_8,26.44,5069,23
run_9,26.44,5120,23
run_10,26.44,5195,20
run_1,26.82,4993,22
run_2,26.82,5146,25
run_3,26.82,5014,22
run_4,26.82,5240,21
run_5,26.82,5373,19
run_6,26.82,4876,23
run_7,26.82,5345,21
run_8,26.82,5069,23
run_9,26.82,5120,23
run_10,26.82,5195,20
run_1,26.88,4993,22
run_2,26.88,5146,25
run_3,26.88,5014,22
run_4,26.88,5240,21
run_5,26.88,5373,19
run_6,26.88,4876,23
run_7,26.88,5345,21
run_8,26.88,5069,23
run_9,26.88,5120,23
run_10,26.88,5227,20
run_1,26.91,4993,22
run_2,26.91,5146,25
run_3,26.91,5014,22
run_4,26.91,5240,21
run_5,26.91,5373,19
run_6,26.91,4876,23
run_7,26.91,5345,21
run_8,26.91,5069,23
run_9,26.91,5120,23
run_10,26.91,5227,20
run_1,26.92,4993,22
run_2,26.92,5174,25
run_3,26.92,5014,22
run_4,26.92,5240,21
run_5,26.92,5373,19
run_6,26.92,4876,23
run_7,26.92,5345,21
run_8,26.92,5069,23
run_9,26.92,5120,23
run_10,26.92,5227,20
run_1,27.21,4993,22
run_2,27.21,5174,25
run_3,27.21,5014,22
run_4,27.21,5240,21
run_5,27.21,5373,19
run_6,27.21,4876,23
run_7,27.21,5345,21
run_8,27.21,5093,23
run_9,27.21,5120,23
run_10,27.21,5227,20
run_1,27.38,4993,22
run_2,27.38,5174,25
run_3,27.38,5014,22
run_4,27.38,5240,21
run_5,27.38,5373,19
run_6,27.38,4876,23
run_7,27.38,5389,21
run_8,27.38,5093,23
run_9,27.38,5120,23
run_10,27.38,5227,20
run_1,27.45,4993,22
run_2,27.45,5174,25
run_3,27.45,5014,22
run_4,27.45,5240,21
run_5,27.45,5401,19
run_6,27.45,4876,23
run_7,27.45,5389,21
run_8,27.45,5093,23
run_9,27.45,5120,23
run_10,27.45,5227,20
run_1,27.51,4993,22
run_2,27.51,5174,25
run_3,27.51,5014,22
run_4,27.51,5284,21
run_5,27.51,5401,19
run_6,27.51,4876,23
run_7,27.51,5389,21
run_8,27.51,5093,23
run_9,27.51,5120,23
run_10,27.51,5227,20
run_1,27.6,5037,22
run_2,27.6,5174,25
run_3,27.6,5014,22
run_4,27.6,5284,21
run_5,27.6,5401,19
run_6,27.6,4876,23
run_7,27.6,5389,21
run_8,27.6,5093,23
run_9,27.6,5120,23
run_10,27.6,5227,20
run_1,27.7,5037,22
run_2,27.7,5174,25
run_3,27.7,5038,22
run_4,27.7,5284,21
run_5,27.7,5401,19
run_6,27.7,4876,23
run_7,27.7,5389,21
run_8,27.7,5093,23
run_9,27.7,5120,23
run_10,27.7,5227,20
run_1,27.79,5037,22
run_2,27.79,5174,25
run_3,27.79,5038,22
run_4,27.79,5284,21
run_5,27.79,5401,19
run_6,27.79,4888,23
run_7,27.79,5389,21
run_8,27.79,5093,23
run_9,27.79,5120,23
run_10,27.79,5227,20
run_1,27.92,5037,22
run_2,27.92,5174,25
run_3,27.92,5038,22
run_4,27.92,5284,21
run_5,27.92,5401,19
run_6,27.92,4888,23
run_7,27.92,5389,21
run_8,27.92,5093,23
run_9,27.92,5124,23
run_10,27.92,5227,20
run_1,28.01,5037,22
run_2,28.01,5174,25
run_3,28.01,5038,22
run_4,28.01,5284,21
run_5,28.01,5401,19
run_6,28.01,4888,23
run_7,28.01,5389,21
run_8,28.01,5093,23
run_9,28.01,5124,23
run_10,28.01,5243,20
run_1,28.22,5037,22
run_2,28.22,5198,25
run_3,28.22,5038,22
run_4,28.22,5284,21
run_5,28.22,5401,19
run_6,28.22,4888,23
run_7,28.22,5389,21
run_8,28.22,5093,23
run_9,28.22,5124,23
run_10,28.22,5243,20
run_1,28.3,5037,22
run_2,28.3,5198,25
run_3,28.3,5038,22
run_4,28.3,5284,21
run_5,28.3,5401,19
run_6,28.3,4888,23
run_7,28.3,5389,21
run_8,28.3,5129,23
run_9,28.3,5124,23
run_10,28.3,5243,20
run_1,28.56,5037,22
run_2,28.56,5198,25
run_3,28.56,5038,22
run_4,28.56,5284,21
run_5,28.56,5465,19
run_6,28.56,4888,23
run_7,28.56,5389,21
run_8,28.56,5129,23
run_9,28.56,5124,23
run_10,28.56,5243,20
run_1,28.59,5037,22
run_2,28.59,5198,25
run_3,28.59,5038,22
run_4,28.59,5324,21
run_5,28.59,5465,19
run_6,28.59,4888,23
run_7,28.59,5389,21
run_8,28.59,5129,23
run_9,28.59,5124,23
run_10,28.59,5243,20
run_1,28.6,5037,22
run_2,28.6,5198,25
run_3,28.6,5038,22
run_4,28.6,5324,21
run_5,28.6,5465,19
run_6,28.6,4888,23
run_7,28.6,5405,21
run_8,28.6,5129,23
run_9,28.6,5124,23
run_10,28.6,5243,20
run_1,28.72,5037,22
run_2,28.72,5198,25
run_3,28.72,5038,22
run_4,28.72,5324,21
run_5,28.72,5465,19
run_6,28.72,4912,23
run_7,28.72,5405,21
run_8,28.72,5129,23
run_9,28.72,5124,23
run_10,28.72,5243,20
run_1,28.84,5065,22
run_2,28.84,5198,25
run_3,28.84,5038,22
run_4,28.84,5324,21
run_5,28.84,5465,19
run_6,28.84,4912,23
run_7,28.84,5405,21
run_8,28.84,5129,23
run_9,28.84,5124,23
run_10,28.84,5243,20
run_1,28.9,5065,22
run_2,28.9,5198,25
run_3,28.9,5078,22
run_4,28.9,5324,21
run_5,28.9,5465,19
run_6,28.9,4912,23
run_7,28.9,5405,21
run_8,28.9,5129,23
run_9,28.9,5124,23
run_10,28.9,5243,20
run_1,28.95,5065,22
run_2,28.95,5198,25
run_3,28.95,5078,22
run_4,28.95,5324,21
run_5,28.95,5465,19
run_6,28.95,4912,23
run_7,28.95,5405,21
run_8,28.95,5129,23
run_9,28.95,5132,23
run_10,28.95,5243,20
run_1,29.19,5065,22
run_2,29.19,5198,25
run_3,29.19,5078,22
run_4,29.19,5324,21
run_5,29.19,5465,19
run_6,29.19,4912,23
run_7,29.19,5405,21
run_8,29.19,5129,23
run_9,29.19,5132,23
run_10,29.19,5303,20
run_1,29.41,5065,22
run_2,29.41,5198,25
run_3,29.41,5078,22
run_4,29.41,5324,21
run_5,29.41,5465,19
run_6,29.41,4912,23
run_7,29.41,5405,21
run_8,29.41,5169,23
run_9,29.41,5132,23
run_10,29.41,5303,20
run_1,29.45,5065,22
run_2,29.45,5234,25
run_3,29.45,5078,22
run_4,29.45,5324,21
run_5,29.45,5465,19
run_6,29.45,4912,23
run_7,29.45,5405,21
run_8,29.45,5169,23
run_9,29.45,5132,23
run_10,29.45,5303,20
run_1,29.7,5065,22
run_2,29.7,5234,25
run_3,29.7,5078,22
run_4,29.7,5324,21
run_5,29.7,5465,19
run_6,29.7,4912,23
run_7,29.7,5433,21
run_8,29.7,5169,23
run_9,29.7,5132,23
run_10,29.7,5303,20
run_1,29.72,5065,22
run_2,29.72,5234,25
run_3,29.72,5078,22
run_4,29.72,5324,21
run_5,29.72,5465,19
run_6,29.72,4936,23
run_7,29.72,5433,21
run_8,29.72,5169,23
run_9,29.72,5132,23
run_10,29.72,5303,20
run_1,29.74,5065,22
run_2,29.74,5234,25
run_3,29.74,5078,22
run_4,29.74,5376,21
run_5,29.74,5465,19
run_6,29.74,4936,23
run_7,29.74,5433,21
run_8,29.74,5169,23
run_9,29.74,5132,23
run_10,29.74,5303,20
run_1,30.06,5093,22
run_2,30.06,5234,25
run_3,30.06,5078,22
run_4,30.06,5376,21
run_5,30.06,5465,19
run_6,30.06,4936,23
run_7,30.06,5433,21
run_8,30.06,5169,23
run_9,30.06,5132,23
run_10,30.06,5303,20
run_1,30.1,5093,22
run_2,30.1,5234,25
run_3,30.1,5078,22
run_4,30.1,5376,21
run_5,30.1,5505,19
run_6,30.1,4936,23
run_7,30.1,5433,21
run_8,30.1,5169,23
run_9,30.1,5132,23
run_10,30.1,5303,20
run_1,30.15,5093,22
run_2,30.15,5234,25
run_3,30.15,5078,22
run_4,30.15,5376,21
run_5,30.15,5505,19
run_6,30.15,4936,23
run_7,30.15,5433,21
run_8,30.15,5169,23
run_9,30.15,5144,23
run_10,30.15,5303,20
run_1,30.34,5093,22
run_2,30.34,5234,25
run_3,30.34,5078,22
run_4,30.34,5376,21
run_5,30.34,5505,19
run_6,30.34,4936,23
run_7,30.34,5433,21
run_8,30.34,5169,23
run_9,30.34,5144,23
run_10,30.34,5339,20
run_1,30.51,5093,22
run_2,30.51,5234,25
run_3,30.51,5078,22
run_4,30.51,5376,21
run_5,30.51,5505,19
run_6,30.51,4936,23
run_7,30.51,5433,21
run_8,30.51,5209,23
run_9,30.51,5144,23
run_10,30.51,5339,20
run_1,30.58,5093,22
run_2,30.58,5234,25
run_3,30.58,5118,22
run_4,30.58,5376,21
run_5,30.58,5505,19
run_6,30.58,4936,23
run_7,30.58,5433,21
run_8,30.58,5209,23
run_9,30.58,5144,23
run_10,30.58,5339,20
run_1,30.6,5093,22
run_2,30.6,5234,25
run_3,30.6,5118,22
run_4,30.6,5376,21
run_5,30.6,5505,19
run_6,30.6,4952,23
run_7,30.6,5433,21
run_8,30.6,5209,23
run_9,30.6,5144,23
run_10,30.6,5339,20
run_1,30.73,5093,22
run_2,30.73,5278,25
run_3,30.73,5118,22
run_4,30.73,5376,21
run_5,30.73,5505,19
run_6,30.73,4952,23
run_7,30.73,5433,21
run_8,30.73,5209,23
run_9,30.73,5144,23
run_10,30.73,5339,20
run_1,30.8,5093,22
run_2,30.8,5278,25
run_3,30.8,5118,22
run_4,30.8,5376,21
run_5,30.8,5505,19
run_6,30.8,4952,23
run_7,30.8,5485,21
run_8,30.8,5209,23
run_9,30.8,5144,23
run_10,30.8,5339,20
run_1,30.95,5093,22
run_2,30.95,5278,25
run_3,30.95,5118,22
run_4,30.95,5436,21
run_5,30.95,5505,19
run_6,30.95,4952,23
run_7,30.95,5485,21
run_8,30.95,5209,23
run_9,30.95,5144,23
run_10,30.95,5339,20
run_1,31.18,5117,22
run_2,31.18,5278,25
run_3,31.18,5118,22
run_4,31.18,5436,21
run_5,31.18,5505,19
run_6,31.18,4952,23
run_7,31.18,5485,21
run_8,31.18,5209,23
run_9,31.18,5144,23
run_10,31.18,5339,20
run_1,31.22,5117,22
run_2,31.22,5278,25
run_3,31.22,5118,22
run_4,31.22,5436,21
run_5,31.22,5505,19
run_6,31.22,4952,23
run_7,31.22,5485,21
run_8,31.22,5209,23
run_9,31.22,5148,23
run_10,31.22,5339,20
run_1,31.28,5117,22
run_2,31.28,5278,25
run_3,31.28,5118,22
run_4,31.28,5436,21
run_5,31.28,5537,19
run_6,31.28,4952,23
run_7,31.28,5485,21
run_8,31.28,5209,23
run_9,31.28,5148,23
run_10,31.28,5339,20
run_1,31.58,5117,22
run_2,31.58,5278,25
run_3,31.58,5118,22
run_4,31.58,5436,21
run_5,31.58,5537,19
run_6,31.58,4952,23
run_7,31.58,5485,21
run_8,31.58,5209,23
run_9,31.58,5148,23
run_10,31.58,5367,20
run_1,31.61,5117,22
run_2,31.61,5278,25
run_3,31.61,5118,22
run_4,31.61,5436,21
run_5,31.61,5537,19
run_6,31.61,4980,23
run_7,31.61,5485,21
run_8,31.61,5209,23
run_9,31.61,5148,23
run_10,31.61,5367,20
run_1,31.62,5117,22
run_2,31.62,5278,25
run_3,31.62,5118,22
run_4,31.62,5436,21
run_5,31.62,5537,19
run_6,31.62,4980,23
run_7,31.62,5485,21
run_8,31.62,5245,23
run_9,31.62,5148,23
run_10,31.62,5367,20
run_1,31.96,5117,22
run_2,31.96,5310,25
run_3,31.96,5118,22
run_4,31.96,5436,21
run_5,31.96,5537,19
run_6,31.96,4980,23
run_7,31.96,5485,21
run_8,31.96,5245,23
run_9,31.96,5148,23
run_10,31.96,5367,20
run_1,31.99,5117,22
run_2,31.99,5310,25
run_3,31.99,5118,22
run_4,31.99,5436,21
run_5,31.99,5537,19
run_6,31.99,4980,23
run_7,31.99,5505,21
run_8,31.99,5245,23
run_9,31.99,5148,23
run_10,31.99,5367,20
run_1,32.08,5117,22
run_2,32.08,5310,25
run_3,32.08,5118,22
run_4,32.08,5456,21
run_5,32.08,5537,19
run_6,32.08,4980,23
run_7,32.08,5505,21
run_8,32.08,5245,23
run_9,32.08,5148,23
run_10,32.08,5367,20
run_1,32.1,5117,22
run_2,32.1,5310,25
run_3,32.1,5150,22
run_4,32.1,5456,21
run_5,32.1,5537,19
run_6,32.1,4980,23
run_7,32.1,5505,21
run_8,32.1,5245,23
run_9,32.1,5148,23
run_10,32.1,5367,20
run_1,32.35,5117,22
run_2,32.35,5310,25
run_3,32.35,5150,22
run_4,32.35,5456,21
run_5,32.35,5537,19
run_6,32.35,4980,23
run_7,32.35,5505,21
run_8,32.35,5245,23
run_9,32.35,5164,23
run_10,32.35,5367,20
run_1,32.43,5161,22
run_2,32.43,5310,25
run_3,32.43,5150,22
run_4,32.43,5456,21
run_5,32.43,5537,19
run_6,32.43,4980,23
run_7,32.43,5505,21
run_8,32.43,5245,23
run_9,32.43,5164,23
run_10,32.43,5367,20
run_1,32.58,5161,22
run_2,32.58,5310,25
run_3,32.58,5150,22
run_4,32.58,5456,21
run_5,32.58,5537,19
run_6,32.58,5040,23
run_7,32.58,5505,21
run_8,32.58,5245,23
run_9,32.58,5164,23
run_10,32.58,5367,20
run_1,32.72,5161,22
run_2,32.72,5310,25
run_3,32.72,5150,22
run_4,32.72,5456,21
run_5,32.72,5537,19
run_6,32.72,5040,23
run_7,32.72,5505,21
run_8,32.72,5245,23
run_9,32.72,5164,23
run_10,32.72,5395,20
run_1,32.76,5161,22
run_2,32.76,5310,25
run_3,32.76,5150,22
run_4,32.76,5456,21
run_5,32.76,5537,19
run_6,32.76,5040,23
run_7,32.76,5505,21
run_8,32.76,5285,23
run_9,32.76,5164,23
run_10,32.76,5395,20
run_1,33.1,5161,22
run_2,33.1,5310,25
run_3,33.1,5150,22
run_4,33.1,5456,21
run_5,33.1,5537,19
run_6,33.1,5040,23
run_7,33.1,5533,21
run_8,33.1,5285,23
run_9,33.1,5164,23
run_10,33.1,5395,20
run_1,33.26,5161,22
run_2,33.26,5354,25
run_3,33.26,5150,22
run_4,33.26,5456,21
run_5,33.26,5537,19
run_6,33.26,5040,23
run_7,33.26,5533,21
run_8,33.26,5285,23
run_9,33.26,5164,23
run_10,33.26,5395,20
run_1,33.3,5161,22
run_2,33.3,5354,25
run_3,33.3,5150,22
run_4,33.3,5484,21
run_5,33.3,5537,19
run_6,33.3,5040,23
run_7,33.3,5533,21
run_8,33.3,5285,23
run_9,33.3,5164,23
run_10,33.3,5395,20
run_1,33.37,5161,22
run_2,33.37,5354,25
run_3,33.37,5150,22
run_4,33.37,5484,21
run_5,33.37,5569,19
run_6,33.37,5040,23
run_7,33.37,5533,21
run_8,33.37,5285,23
run_9,33.37,5164,23
run_10,33.37,5395,20
run_1,33.53,5161,22
run_2,33.53,5354,25
run_3,33.53,5150,22
run_4,33.53,5484,21
run_5,33.53,5569,19
run_6,33.53,5040,23
run_7,33.53,5533,21
run_8,33.53,5285,23
run_9,33.53,5168,23
run_10,33.53,5395,20
run_1,33.57,5181,22
run_2,33.57,5354,25
run_3,33.57,5150,22
run_4,33.57,5484,21
run_5,33.57,5569,19
run_6,33.57,5040,23
run_7,33.57,5533,21
run_8,33.57,5285,23
run_9,33.57,5168,23
run_10,33.57,5395,20
run_1,33.58,5181,22
run_2,33.58,5354,25
run_3,33.58,5150,22
run_4,33.58,5484,21
run_5,33.58,5569,19
run_6,33.58,5100,23
run_7,33.58,5533,21
run_8,33.58,5285,23
run_9,33.58,5168,23
run_10,33.58,5395,20
run_1,33.72,5181,22
run_2,33.72,5354,25
run_3,33.72,5178,22
run_4,33.72,5484,21
run_5,33.72,5569,19
run_6,33.72,5100,23
run_7,33.72,5533,21
run_8,33.72,5285,23
run_9,33.72,5168,23
run_10,33.72,5395,20
run_1,33.85,5181,22
run_2,33.85,5354,25
run_3,33.85,5178,22
run_4,33.85,5484,21
run_5,33.85,5569,19
run_6,33.85,5100,23
run_7,33.85,5533,21
run_8,33.85,5285,23
run_9,33.85,5168,23
run_10,33.85,5439,20
run_1,33.94,5181,22
run_2,33.94,5354,25
run_3,33.94,5178,22
run_4,33.94,5484,21
run_5,33.94,5569,19
run_6,33.94,5100,23
run_7,33.94,5533,21
run_8,33.94,5325,23
run_9,33.94,5168,23
run_10,33.94,5439,20
run_1,34.19,5181,22
run_2,34.19,5354,25
run_3,34.19,5178,22
run_4,34.19,5484,21
run_5,34.19,5569,19
run_6,34.19,5100,23
run_7,34.19,5589,21
run_8,34.19,5325,23
run_9,34.19,5168,23
run_10,34.19,5439,20
run_1,34.59,5181,22
run_2,34.59,5354,25
run_3,34.59,5178,22
run_4,34.59,5524,21
run_5,34.59,5569,19
run_6,34.59,5100,23
run_7,34.59,5589,21
run_8,34.59,5325,23
run_9,34.59,5168,23
run_10,34.59,5439,20
run_1,34.64,5181,22
run_2,34.64,5354,25
run_3,34.64,5178,22
run_4,34.64,5524,21
run_5,34.64,5569,19
run_6,34.64,5136,23
run_7,34.64,5589,21
run_8,34.64,5325,23
run_9,34.64,5168,23
run_10,34.64,5439,20
run_1,34.65,5181,22
run_2,34.65,5354,25
run_3,34.65,5178,22
run_4,34.65,5524,21
run_5,34.65,5609,19
run_6,34.65,5136,23
run_7,34.65,5589,21
run_8,34.65,5325,23
run_9,34.65,5168,23
run_10,34.65,5439,20
run_1,34.69,5181,22
run_2,34.69,5390,25
run_3,34.69,5178,22
run_4,34.69,5524,21
run_5,34.69,5609,19
run_6,34.69,5136,23
run_7,34.69,5589,21
run_8,34.69,5325,23
run_9,34.69,5168,23
run_10,34.69,5439,20
run_1,34.83,5205,22
run_2,34.83,5390,25
run_3,34.83,5178,22
run_4,34.83,5524,21
run_5,34.83,5609,19
run_6,34.83,5136,23
run_7,34.83,5589,21
run_8,34.83,5325,23
run_9,34.83,5168,23
run_10,34.83,5439,20
run_1,34.89,5205,22
run_2,34.89,5390,25
run_3,34.89,5178,22
run_4,34.89,5524,21
run_5,34.89,5609,19
run_6,34.89,5136,23
run_7,34.89,5589,21
run_8,34.89,5325,23
run_9,34.89,5176,23
run_10,34.89,5439,20
run_1,35.03,5205,22
run_2,35.03,5390,25
run_3,35.03,5178,22
run_4,35.03,5524,21
run_5,35.03,5609,19
run_6,35.03,5136,23
run_7,35.03,5589,21
run_8,35.03,5325,23
run_9,35.03,5176,23
run_10,35.03,5475,20
run_1,35.09,5205,22
run_2,35.09,5390,25
run_3,35.09,5178,22
run_4,35.09,5524,21
run_5,35.09,5609,19
run_6,35.09,5136,23
run_7,35.09,5589,21
run_8,35.09,5365,23
run_9,35.09,5176,23
run_10,35.09,5475,20
run_1,35.21,5205,22
run_2,35.21,5390,25
run_3,35.21,5210,22
run_4,35.21,5524,21
run_5,35.21,5609,19
run_6,35.21,5136,23
run_7,35.21,5589,21
run_8,35.21,5365,23
run_9,35.21,5176,23
run_10,35.21,5475,20
run_1,35.43,5205,22
run_2,35.43,5390,25
run_3,35.43,5210,22
run_4,35.43,5524,21
run_5,35.43,5609,19
run_6,35.43,5136,23
run_7,35.43,5653,21
run_8,35.43,5365,23
run_9,35.43,5176,23
run_10,35.43,5475,20
run_1,35.6,5205,22
run_2,35.6,5390,25
run_3,35.6,5210,22
run_4,35.6,5524,21
run_5,35.6,5609,19
run_6,35.6,5184,23
run_7,35.6,5653,21
run_8,35.6,5365,23
run_9,35.6,5176,23
run_10,35.6,5475,20
run_1,35.77,5205,22
run_2,35.77,5390,25
run_3,35.77,5210,22
run_4,35.77,5524,21
run_5,35.77,5681,19
run_6,35.77,5184,23
run_7,35.77,5653,21
run_8,35.77,5365,23
run_9,35.77,5176,23
run_10,35.77,5475,20
run_1,35.9,5205,22
run_2,35.9,5422,25
run_3,35.9,5210,22
run_4,35.9,5524,21
run_5,35.9,5681,19
run_6,35.9,5184,23
run_7,35.9,5653,21
run_8,35.9,5365,23
run_9,35.9,5176,23
run_10,35.9,5475,20
run_1,35.91,5205,22
run_2,35.91,5422,25
run_3,35.91,5210,22
run_4,35.91,5560,21
run_5,35.91,5681,19
run_6,35.91,5184,23
run_7,35.91,5653,21
run_8,35.91,5365,23
run_9,35.91,5176,23
run_10,35.91,5475,20
run_1,36.11,5253,22
run_2,36.11,5422,25
run_3,36.11,5210,22
run_4,36.11,5560,21
run_5,36.11,5681,19
run_6,36.11,5184,23
run_7,36.11,5653,21
run_8,36.11,5365,23
run_9,36.11,5176,23
run_10,36.11,5475,20
run_1,36.17,5253,22
run_2,36.17,5422,25
run_3,36.17,5210,22
run_4,36.17,5560,21
run_5,36.17,5681,19
run_6,36.17,5184,23
run_7,36.17,5653,21
run_8,36.17,5365,23
run_9,36.17,5200,23
run_10,36.17,5475,20
run_1,36.25,5253,22
run_2,36.25,5422,25
run_3,36.25,5210,22
run_4,36.25,5560,21
run_5,36.25,5681,19
run_6,36.25,5184,23
run_7,36.25,5653,21
run_8,36.25,5365,23
run_9,36.25,5200,23
run_10,36.25,5515,20
run_1,36.38,5253,22
run_2,36.38,5422,25
run_3,36.38,5210,22
run_4,36.38,5560,21
run_5,36.38,5681,19
run_6,36.38,5184,23
run_7,36.38,5653,21
run_8,36.38,5401,23
run_9,36.38,5200,23
run_10,36.38,5515,20
run_1,36.58,5253,22
run_2,36.58,5422,25
run_3,36.58,5210,22
run_4,36.58,5560,21
run_5,36.58,5681,19
run_6,36.58,5184,23
run_7,36.58,5701,21
run_8,36.58,5401,23
run_9,36.58,5200,23
run_10,36.58,5515,20
run_1,36.64,5253,22
run_2,36.64,5422,25
run_3,36.64,5210,22
run_4,36.64,5560,21
run_5,36.64,5681,19
run_6,36.64,5212,23
run_7,36.64,5701,21
run_8,36.64,5401,23
run_9,36.64,5200,23
run_10,36.64,5515,20
run_1,36.96,5253,22
run_2,36.96,5422,25
run_3,36.96,5210,22
run_4,36.96,5560,21
run_5,36.96,5713,19
run_6,36.96,5212,23
run_7,36.96,5701,21
run_8,36.96,5401,23
run_9,36.96,5200,23
run_10,36.96,5515,20
run_1,36.97,5253,22
run_2,36.97,5422,25
run_3,36.97,5246,22
run_4,36.97,5560,21
run_5,36.97,5713,19
run_6,36.97,5212,23
run_7,36.97,5701,21
run_8,36.97,5401,23
run_9,36.97,5200,23
run_10,36.97,5515,20
run_1,37.22,5289,22
run_2,37.22,5422,25
run_3,37.22,5246,22
run_4,37.22,5560,21
run_5,37.22,5713,19
run_6,37.22,5212,23
run_7,37.22,5701,21
run_8,37.22,5401,23
run_9,37.22,5200,23
run_10,37.22,5515,20
run_1,37.28,5289,22
run_2,37.28,5422,25
run_3,37.28,5246,22
run_4,37.28,5560,21
run_5,37.28,5713,19
run_6,37.28,5212,23
run_7,37.28,5701,21
run_8,37.28,5401,23
run_9,37.28,5212,23
run_10,37.28,5515,20
run_1,37.4,5289,22
run_2,37.4,5422,25
run_3,37.4,5246,22
run_4,37.4,5560,21
run_5,37.4,5713,19
run_6,37.4,5212,23
run_7,37.4,5701,21
run_8,37.4,5401,23
run_9,37.4,5212,23
run_10,37.4,5547,20
run_1,37.59,5289,22
run_2,37.59,5422,25
run_3,37.59,5246,22
run_4,37.59,5560,21
run_5,37.59,5713,19
run_6,37.59,5212,23
run_7,37.59,5701,21
run_8,37.59,5449,23
run_9,37.59,5212,23
run_10,37.59,5547,20
run_1,37.63,5289,22
run_2,37.63,5422,25
run_3,37.63,5246,22
run_4,37.63,5592,21
run_5,37.63,5713,19
run_6,37.63,5212,23
run_7,37.63,5701,21
run_8,37.63,5449,23
run_9,37.63,5212,23
run_10,37.63,5547,20
run_1,37.66,5289,22
run_2,37.66,5422,25
run_3,37.66,5246,22
run_4,37.66,5592,21
run_5,37.66,5713,19
run_6,37.66,5240,23
run_7,37.66,5701,21
run_8,37.66,5449,23
run_9,37.66,5212,23
run_10,37.66,5547,20
run_1,37.74,5289,22
run_2,37.74,5438,25
run_3,37.74,5246,22
run_4,37.74,5592,21
run_5,37.74,5713,19
run_6,37.74,5240,23
run_7,37.74,5701,21
run_8,37.74,5449,23
run_9,37.74,5212,23
run_10,37.74,5547,20
run_1,37.83,5289,22
run_2,37.83,5438,25
run_3,37.83,5246,22
run_4,37.83,5592,21
run_5,37.83,5713,19
run_6,37.83,5240,23
run_7,37.83,5737,21
run_8,37.83,5449,23
run_9,37.83,5212,23
run_10,37.83,5547,20
run_1,38.17,5289,22
run_2,38.17,5438,25
run_3,38.17,5246,22
run_4,38.17,5592,21
run_5,38.17,5769,19
run_6,38.17,5240,23
run_7,38.17,5737,21
run_8,38.17,5449,23
run_9,38.17,5212,23
run_10,38.17,5547,20
run_1,38.45,5289,22
run_2,38.45,5438,25
run_3,38.45,5246,22
run_4,38.45,5592,21
run_5,38.45,5769,19
run_6,38.45,5240,23
run_7,38.45,5737,21
run_8,38.45,5449,23
run_9,38.45,5236,23
run_10,38.45,5547,20
run_1,38.52,5289,22
run_2,38.52,5438,25
run_3,38.52,5262,22
run_4,38.52,5592,21
run_5,38.52,5769,19
run_6,38.52,5240,23
run_7,38.52,5737,21
run_8,38.52,5449,23
run_9,38.52,5236,23
run_10,38.52,5547,20
run_1,38.55,5289,22
run_2,38.55,5438,25
run_3,38.55,5262,22
run_4,38.55,5592,21
run_5,38.55,5769,19
run_6,38.55,5240,23
run_7,38.55,5737,21
run_8,38.55,5449,23
run_9,38.55,5236,23
run_10,38.55,5571,20
run_1,38.61,5321,22
run_2,38.61,5438,25
run_3,38.61,5262,22
run_4,38.61,5592,21
run_5,38.61,5769,19
run_6,38.61,5240,23
run_7,38.61,5737,21
run_8,38.61,5449,23
run_9,38.61,5236,23
run_10,38.61,5571,20
run_1,38.62,5321,22
run_2,38.62,5438,25
run_3,38.62,5262,22
run_4,38.62,5592,21
run_5,38.62,5769,19
run_6,38.62,5272,23
run_7,38.62,5737,21
run_8,38.62,5449,23
run_9,38.62,5236,23
run_10,38.62,5571,20
run_1,38.92,5321,22
run_2,38.92,5438,25
run_3,38.92,5262,22
run_4,38.92,5592,21
run_5,38.92,5769,19
run_6,38.92,5272,23
run_7,38.92,5737,21
run_8,38.92,5473,23
run_9,38.92,5236,23
run_10,38.92,5571,20
run_1,38.93,5321,22
run_2,38.93,5438,25
run_3,38.93,5262,22
run_4,38.93,5592,21
run_5,38.93,5769,19
run_6,38.93,5272,23
run_7,38.93,5737,21
run_8,38.93,5473,23
run_9,38.93,5236,23
run_10,38.93,5571,20
run_1,39,5321,22
run_2,39,5438,25
run_3,39,5262,22
run_4,39,5592,21
run_5,39,5769,19
run_6,39,5272,23
run_7,39,5789,21
run_8,39,5473,23
run_9,39,5236,23
run_10,39,5571,20
run_1,39.35,5321,22
run_2,39.35,5438,25
run_3,39.35,5262,22
run_4,39.35,5592,21
run_5,39.35,5801,19
run_6,39.35,5272,23
run_7,39.35,5789,21
run_8,39.35,5473,23
run_9,39.35,5236,23
run_10,39.35,5571,20
run_1,39.54,5321,22
run_2,39.54,5438,25
run_3,39.54,5262,22
run_4,39.54,5592,21
run_5,39.54,5801,19
run_6,39.54,5272,23
run_7,39.54,5789,21
run_8,39.54,5473,23
run_9,39.54,5244,23
run_10,39.54,5571,20
run_1,39.64,5321,22
run_2,39.64,5438,25
run_3,39.64,5262,22
run_4,39.64,5592,21
run_5,39.64,5801,19
run_6,39.64,5312,23
run_7,39.64,5789,21
run_8,39.64,5473,23
run_9,39.64,5244,23
run_10,39.64,5571,20
run_1,39.77,5321,22
run_2,39.77,5438,25
run_3,39.77,5262,22
run_4,39.77,5592,21
run_5,39.77,5801,19
run_6,39.77,5312,23
run_7,39.77,5789,21
run_8,39.77,5473,23
run_9,39.77,5244,23
run_10,39.77,5635,20
run_1,39.84,5321,22
run_2,39.84,5438,25
run_3,39.84,5262,22
run_4,39.84,5692,21
run_5,39.84,5801,19
run_6,39.84,5312,23
run_7,39.84,5789,21
run_8,39.84,5473,23
run_9,39.84,5244,23
run_10,39.84,5635,20
run_1,39.92,5373,22
run_2,39.92,5438,25
run_3,39.92,5262,22
run_4,39.92,5692,21
run_5,39.92,5801,19
run_6,39.92,5312,23
run_7,39.92,5789,21
run_8,39.92,5473,23
run_9,39.92,5244,23
run_10,39.92,5635,20
run_1,39.98,5373,22
run_2,39.98,5438,25
run_3,39.98,5262,22
run_4,39.98,5692,21
run_5,39.98,5801,19
run_6,39.98,5312,23
run_7,39.98,5789,21
run_8,39.98,5473,23
run_9,39.98,5244,23
run_10,39.98,5635,20
run_1,40.09,5373,22
run_2,40.09,5438,25
run_3,40.09,5262,22
run_4,40.09,5692,21
run_5,40.09,5801,19
run_6,40.09,5312,23
run_7,40.09,5789,21
run_8,40.09,5505,23
run_9,40.09,5244,23
run_10,40.09,5635,20
run_1,40.26,5373,22
run_2,40.26,5438,25
run_3,40.26,5262,22
run_4,40.26,5692,21
run_5,40.26,5801,19
run_6,40.26,5312,23
run_7,40.26,5833,21
run_8,40.26,5505,23
run_9,40.26,5244,23
run_10,40.26,5635,20
run_1,40.47,5373,22
run_2,40.47,5438,25
run_3,40.47,5262,22
run_4,40.47,5692,21
run_5,40.47,5841,19
run_6,40.47,5312,23
run_7,40.47,5833,21
run_8,40.47,5505,23
run_9,40.47,5244,23
run_10,40.47,5635,20
run_1,40.63,5373,22
run_2,40.63,5438,25
run_3,40.63,5262,22
run_4,40.63,5692,21
run_5,40.63,5841,19
run_6,40.63,5344,23
run_7,40.63,5833,21
run_8,40.63,5505,23
run_9,40.63,5244,23
run_10,40.63,5635,20
run_1,40.76,5373,22
run_2,40.76,5438,25
run_3,40.76,5262,22
run_4,40.76,5692,21
run_5,40.76,5841,19
run_6,40.76,5344,23
run_7,40.76,5833,21
run_8,40.76,5505,23
run_9,40.76,5292,23
run_10,40.76,5635,20
run_1,40.96,5373,22
run_2,40.96,5438,25
run_3,40.96,5262,22
run_4,40.96,5692,21
run_5,40.96,5841,19
run_6,40.96,5344,23
run_7,40.96,5833,21
run_8,40.96,5505,23
run_9,40.96,5292,23
run_10,40.96,5675,20
run_1,40.99,5373,22
run_2,40.99,5438,25
run_3,40.99,5330,22
run_4,40.99,5692,21
run_5,40.99,5841,19
run_6,40.99,5344,23
run_7,40.99,5833,21
run_8,40.99,5505,23
run_9,40.99,5292,23
run_10,40.99,5675,20
run_1,41.02,5373,22
run_2,41.02,5438,25
run_3,41.02,5330,22
run_4,41.02,5736,21
run_5,41.02,5841,19
run_6,41.02,5344,23
run_7,41.02,5833,21
run_8,41.02,5505,23
run_9,41.02,5292,23
run_10,41.02,5675,20
run_1,41.27,5417,22
run_2,41.27,5438,25
run_3,41.27,5330,22
run_4,41.27,5736,21
run_5,41.27,5841,19
run_6,41.27,5344,23
run_7,41.27,5833,21
run_8,41.27,5505,23
run_9,41.27,5292,23
run_10,41.27,5675,20
run_1,41.31,5417,22
run_2,41.31,5438,25
run_3,41.31,5330,22
run_4,41.31,5736,21
run_5,41.31,5841,19
run_6,41.31,5344,23
run_7,41.31,5833,21
run_8,41.31,5541,23
run_9,41.31,5292,23
run_10,41.31,5675,20
run_1,41.35,5417,22
run_2,41.35,5446,25
run_3,41.35,5330,22
run_4,41.35,5736,21
run_5,41.35,5841,19
run_6,41.35,5344,23
run_7,41.35,5833,21
run_8,41.35,5541,23
run_9,41.35,5292,23
run_10,41.35,5675,20
run_1,41.39,5417,22
run_2,41.39,5446,25
run_3,41.39,5330,22
run_4,41.39,5736,21
run_5,41.39,5841,19
run_6,41.39,5344,23
run_7,41.39,5905,21
run_8,41.39,5541,23
run_9,41.39,5292,23
run_10,41.39,5675,20
run_1,41.57,5417,22
run_2,41.57,5446,25
run_3,41.57,5330,22
run_4,41.57,5736,21
run_5,41.57,5841,19
run_6,41.57,5368,23
run_7,41.57,5905,21
run_8,41.57,5541,23
run_9,41.57,5292,23
run_10,41.57,5675,20
run_1,41.62,5417,22
run_2,41.62,5446,25
run_3,41.62,5330,22
run_4,41.62,5736,21
run_5,41.62,5861,19
run_6,41.62,5368,23
run_7,41.62,5905,21
run_8,41.62,5541,23
run_9,41.62,5292,23
run_10,41.62,5675,20
run_1,42.03,5417,22
run_2,42.03,5446,25
run_3,42.03,5330,22
run_4,42.03,5736,21
run_5,42.03,5861,19
run_6,42.03,5368,23
run_7,42.03,5905,21
run_8,42.03,5541,23
run_9,42.03,5296,23
run_10,42.03,5675,20
run_1,42.17,5417,22
run_2,42.17,5446,25
run_3,42.17,5330,22
run_4,42.17,5764,21
run_5,42.17,5861,19
run_6,42.17,5368,23
run_7,42.17,5905,21
run_8,42.17,5541,23
run_9,42.17,5296,23
run_10,42.17,5675,20
run_1,42.22,5417,22
run_2,42.22,5446,25
run_3,42.22,5330,22
run_4,42.22,5764,21
run_5,42.22,5861,19
run_6,42.22,5368,23
run_7,42.22,5905,21
run_8,42.22,5541,23
run_9,42.22,5296,23
run_10,42.22,5707,20
run_1,42.51,5417,22
run_2,42.51,5446,25
run_3,42.51,5330,22
run_4,42.51,5764,21
run_5,42.51,5861,19
run_6,42.51,5368,23
run_7,42.51,5905,21
run_8,42.51,5585,23
run_9,42.51,5296,23
run_10,42.51,5707,20
run_1,42.52,5449,22
run_2,42.52,5446,25
run_3,42.52,5330,22
run_4,42.52,5764,21
run_5,42.52,5861,19
run_6,42.52,5368,23
run_7,42.52,5905,21
run_8,42.52,5585,23
run_9,42.52,5296,23
run_10,42.52,5707,20
run_1,42.55,5449,22
run_2,42.55,5446,25
run_3,42.55,5330,22
run_4,42.55,5764,21
run_5,42.55,5861,19
run_6,42.55,5416,23
run_7,42.55,5953,21
run_8,42.55,5585,23
run_9,42.55,5296,23
run_10,42.55,5707,20
run_1,42.71,5449,22
run_2,42.71,5450,25
run_3,42.71,5330,22
run_4,42.71,5764,21
run_5,42.71,5861,19
run_6,42.71,5416,23
run_7,42.71,5953,21
run_8,42.71,5585,23
run_9,42.71,5296,23
run_10,42.71,5707,20
run_1,43.02,5449,22
run_2,43.02,5450,25
run_3,43.02,5330,22
run_4,43.02,5764,21
run_5,43.02,5893,19
run_6,43.02,5416,23
run_7,43.02,5953,21
run_8,43.02,5585,23
run_9,43.02,5296,23
run_10,43.02,5707,20
run_1,43.2,5449,22
run_2,43.2,5450,25
run_3,43.2,5330,22
run_4,43.2,5764,21
run_5,43.2,5893,19
run_6,43.2,5416,23
run_7,43.2,5953,21
run_8,43.2,5585,23
run_9,43.2,5320,23
run_10,43.2,5707,20
run_1,43.21,5449,22
run_2,43.21,5450,25
run_3,43.21,5402,22
run_4,43.21,5764,21
run_5,43.21,5893,19
run_6,43.21,5416,23
run_7,43.21,5953,21
run_8,43.21,5585,23
run_9,43.21,5320,23
run_10,43.21,5707,20
run_1,43.38,5449,22
run_2,43.38,5450,25
run_3,43.38,5402,22
run_4,43.38,5764,21
run_5,43.38,5893,19
run_6,43.38,5416,23
run_7,43.38,5953,21
run_8,43.38,5585,23
run_9,43.38,5320,23
run_10,43.38,5735,20
run_1,43.42,5449,22
run_2,43.42,5450,25
run_3,43.42,5402,22
run_4,43.42,5800,21
run_5,43.42,5893,19
run_6,43.42,5416,23
run_7,43.42,5953,21
run_8,43.42,5585,23
run_9,43.42,5320,23
run_10,43.42,5735,20
run_1,43.59,5449,22
run_2,43.59,5450,25
run_3,43.59,5402,22
run_4,43.59,5800,21
run_5,43.59,5893,19
run_6,43.59,5472,23
run_7,43.59,5953,21
run_8,43.59,5585,23
run_9,43.59,5320,23
run_10,43.59,5735,20
run_1,43.67,5449,22
run_2,43.67,5450,25
run_3,43.67,5402,22
run_4,43.67,5800,21
run_5,43.67,5893,19
run_6,43.67,5472,23
run_7,43.67,5977,21
run_8,43.67,5585,23
run_9,43.67,5320,23
run_10,43.67,5735,20
run_1,43.73,5449,22
run_2,43.73,5450,25
run_3,43.73,5402,22
run_4,43.73,5800,21
run_5,43.73,5893,19
run_6,43.73,5472,23
run_7,43.73,5977,21
run_8,43.73,5585,23
run_9,43.73,5320,23
run_10,43.73,5735,20
run_1,43.77,5505,22
run_2,43.77,5450,25
run_3,43.77,5402,22
run_4,43.77,5800,21
run_5,43.77,5893,19
run_6,43.77,5472,23
run_7,43.77,5977,21
run_8,43.77,5585,23
run_9,43.77,5320,23
run_10,43.77,5735,20
run_1,43.86,5505,22
run_2,43.86,5450,25
run_3,43.86,5402,22
run_4,43.86,5800,21
run_5,43.86,5893,19
run_6,43.86,5472,23
run_7,43.86,5977,21
run_8,43.86,5625,23
run_9,43.86,5320,23
run_10,43.86,5735,20
run_1,44.47,5505,22
run_2,44.47,5450,25
run_3,44.47,5402,22
run_4,44.47,5800,21
run_5,44.47,5893,19
run_6,44.47,5472,23
run_7,44.47,5977,21
run_8,44.47,5625,23
run_9,44.47,5356,23
run_10,44.47,5735,20
run_1,44.53,5505,22
run_2,44.53,5450,25
run_3,44.53,5402,22
run_4,44.53,5800,21
run_5,44.53,5893,19
run_6,44.53,5472,23
run_7,44.53,5977,21
run_8,44.53,5625,23
run_9,44.53,5356,23
run_10,44.53,5763,20
run_1,44.57,5505,22
run_2,44.57,5450,25
run_3,44.57,5438,22
run_4,44.57,5800,21
run_5,44.57,5893,19
run_6,44.57,5472,23
run_7,44.57,5977,21
run_8,44.57,5625,23
run_9,44.57,5356,23
run_10,44.57,5763,20
run_1,44.58,5505,22
run_2,44.58,5450,25
run_3,44.58,5438,22
run_4,44.58,5832,21
run_5,44.58,5893,19
run_6,44.58,5472,23
run_7,44.58,5977,21
run_8,44.58,5625,23
run_9,44.58,5356,23
run_10,44.58,5763,20
run_1,44.69,5505,22
run_2,44.69,5450,25
run_3,44.69,5438,22
run_4,44.69,5832,21
run_5,44.69,5929,19
run_6,44.69,5524,23
run_7,44.69,5977,21
run_8,44.69,5625,23
run_9,44.69,5356,23
run_10,44.69,5763,20
run_1,44.71,5505,22
run_2,44.71,5450,25
run_3,44.71,5438,22
run_4,44.71,5832,21
run_5,44.71,5929,19
run_6,44.71,5524,23
run_7,44.71,5977,21
run_8,44.71,5625,23
run_9,44.71,5356,23
run_10,44.71,5763,20
run_1,44.88,5505,22
run_2,44.88,5450,25
run_3,44.88,5438,22
run_4,44.88,5832,21
run_5,44.88,5929,19
run_6,44.88,5524,23
run_7,44.88,6029,21
run_8,44.88,5625,23
run_9,44.88,5356,23
run_10,44.88,5763,20
run_1,45.02,5541,22
run_2,45.02,5450,25
run_3,45.02,5438,22
run_4,45.02,5832,21
run_5,45.02,5929,19
run_6,45.02,5524,23
run_7,45.02,6029,21
run_8,45.02,5625,23
run_9,45.02,5356,23
run_10,45.02,5763,20
run_1,45.04,5541,22
run_2,45.04,5450,25
run_3,45.04,5438,22
run_4,45.04,5832,21
run_5,45.04,5929,19
run_6,45.04,5524,23
run_7,45.04,6029,21
run_8,45.04,5657,23
run_9,45.04,5356,23
run_10,45.04,5763,20
run_1,45.66,5541,22
run_2,45.66,5450,25
run_3,45.66,5438,22
run_4,45.66,5832,21
run_5,45.66,5929,19
run_6,45.66,5524,23
run_7,45.66,6029,21
run_8,45.66,5657,23
run_9,45.66,5356,23
run_10,45.66,5791,20
run_1,45.73,5541,22
run_2,45.73,5450,25
run_3,45.73,5438,22
run_4,45.73,5832,21
run_5,45.73,5929,19
run_6,45.73,5588,23
run_7,45.73,6029,21
run_8,45.73,5657,23
run_9,45.73,5356,23
run_10,45.73,5791,20
run_1,45.74,5541,22
run_2,45.74,5450,25
run_3,45.74,5438,22
run_4,45.74,5832,21
run_5,45.74,5929,19
run_6,45.74,5588,23
run_7,45.74,6029,21
run_8,45.74,5657,23
run_9,45.74,5356,23
run_10,45.74,5791,20
run_1,45.75,5541,22
run_2,45.75,5450,25
run_3,45.75,5438,22
run_4,45.75,5860,21
run_5,45.75,5929,19
run_6,45.75,5588,23
run_7,45.75,6029,21
run_8,45.75,5657,23
run_9,45.75,5356,23
run_10,45.75,5791,20
run_1,45.78,5541,22
run_2,45.78,5450,25
run_3,45.78,5438,22
run_4,45.78,5860,21
run_5,45.78,5929,19
run_6,45.78,5588,23
run_7,45.78,6029,21
run_8,45.78,5657,23
run_9,45.78,5400,23
run_10,45.78,5791,20
run_1,45.85,5541,22
run_2,45.85,5450,25
run_3,45.85,5438,22
run_4,45.85,5860,21
run_5,45.85,5989,19
run_6,45.85,5588,23
run_7,45.85,6029,21
run_8,45.85,5657,23
run_9,45.85,5400,23
run_10,45.85,5791,20
run_1,46.05,5541,22
run_2,46.05,5450,25
run_3,46.05,5438,22
run_4,46.05,5860,21
run_5,46.05,5989,19
run_6,46.05,5588,23
run_7,46.05,6057,21
run_8,46.05,5657,23
run_9,46.05,5400,23
run_10,46.05,5791,20
run_1,46.14,5541,22
run_2,46.14,5450,25
run_3,46.14,5466,22
run_4,46.14,5860,21
run_5,46.14,5989,19
run_6,46.14,5588,23
run_7,46.14,6057,21
run_8,46.14,5657,23
run_9,46.14,5400,23
run_10,46.14,5791,20
run_1,46.2,5597,22
run_2,46.2,5450,25
run_3,46.2,5466,22
run_4,46.2,5860,21
run_5,46.2,5989,19
run_6,46.2,5588,23
run_7,46.2,6057,21
run_8,46.2,5657,23
run_9,46.2,5400,23
run_10,46.2,5791,20
run_1,46.28,5597,22
run_2,46.28,5450,25
run_3,46.28,5466,22
run_4,46.28,5860,21
run_5,46.28,5989,19
run_6,46.28,5588,23
run_7,46.28,6057,21
run_8,46.28,5685,23
run_9,46.28,5400,23
run_10,46.28,5791,20
run_1,46.75,5597,22
run_2,46.75,5450,25
run_3,46.75,5466,22
run_4,46.75,5860,21
run_5,46.75,5989,19
run_6,46.75,5588,23
run_7,46.75,6057,21
run_8,46.75,5685,23
run_9,46.75,5400,23
run_10,46.75,5791,20
run_1,46.78,5597,22
run_2,46.78,5450,25
run_3,46.78,5466,22
run_4,46.78,5860,21
run_5,46.78,5989,19
run_6,46.78,5588,23
run_7,46.78,6057,21
run_8,46.78,5685,23
run_9,46.78,5400,23
run_10,46.78,5831,20
run_1,46.86,5597,22
run_2,46.86,5450,25
run_3,46.86,5466,22
run_4,46.86,5892,21
run_5,46.86,5989,19
run_6,46.86,5588,23
run_7,46.86,6057,21
run_8,46.86,5685,23
run_9,46.86,5400,23
run_10,46.86,5831,20
run_1,46.92,5597,22
run_2,46.92,5450,25
run_3,46.92,5466,22
run_4,46.92,5892,21
run_5,46.92,6033,19
run_6,46.92,5588,23
run_7,46.92,6057,21
run_8,46.92,5685,23
run_9,46.92,5400,23
run_10,46.92,5831,20
run_1,46.94,5597,22
run_2,46.94,5450,25
run_3,46.94,5466,22
run_4,46.94,5892,21
run_5,46.94,6033,19
run_6,46.94,5632,23
run_7,46.94,6057,21
run_8,46.94,5685,23
run_9,46.94,5448,23
run_10,46.94,5831,20
run_1,47.23,5597,22
run_2,47.23,5450,25
run_3,47.23,5466,22
run_4,47.23,5892,21
run_5,47.23,6033,19
run_6,47.23,5632,23
run_7,47.23,6089,21
run_8,47.23,5685,23
run_9,47.23,5448,23
run_10,47.23,5831,20
run_1,47.4,5637,22
run_2,47.4,5450,25
run_3,47.4,5466,22
run_4,47.4,5892,21
run_5,47.4,6033,19
run_6,47.4,5632,23
run_7,47.4,6089,21
run_8,47.4,5685,23
run_9,47.4,5448,23
run_10,47.4,5831,20
run_1,47.47,5637,22
run_2,47.47,5450,25
run_3,47.47,5466,22
run_4,47.47,5892,21
run_5,47.47,6033,19
run_6,47.47,5632,23
run_7,47.47,6089,21
run_8,47.47,5721,23
run_9,47.47,5448,23
run_10,47.47,5831,20
run_1,47.51,5637,22
run_2,47.51,5450,25
run_3,47.51,5486,22
run_4,47.51,5892,21
run_5,47.51,6033,19
run_6,47.51,5632,23
run_7,47.51,6089,21
run_8,47.51,5721,23
run_9,47.51,5448,23
run_10,47.51,5831,20
run_1,47.88,5637,22
run_2,47.88,5454,25
run_3,47.88,5486,22
run_4,47.88,5892,21
run_5,47.88,6033,19
run_6,47.88,5632,23
run_7,47.88,6089,21
run_8,47.88,5721,23
run_9,47.88,5448,23
run_10,47.88,5831,20
run_1,47.93,5637,22
run_2,47.93,5454,25
run_3,47.93,5486,22
run_4,47.93,5892,21
run_5,47.93,6033,19
run_6,47.93,5632,23
run_7,47.93,6089,21
run_8,47.93,5721,23
run_9,47.93,5448,23
run_10,47.93,5867,20
run_1,47.97,5637,22
run_2,47.97,5454,25
run_3,47.97,5486,22
run_4,47.97,5892,21
run_5,47.97,6057,19
run_6,47.97,5632,23
run_7,47.97,6089,21
run_8,47.97,5721,23
run_9,47.97,5448,23
run_10,47.97,5867,20
run_1,47.98,5637,22
run_2,47.98,5454,25
run_3,47.98,5486,22
run_4,47.98,5932,21
run_5,47.98,6057,19
run_6,47.98,5632,23
run_7,47.98,6089,21
run_8,47.98,5721,23
run_9,47.98,5448,23
run_10,47.98,5867,20
run_1,48.03,5637,22
run_2,48.03,5454,25
run_3,48.03,5486,22
run_4,48.03,5932,21
run_5,48.03,6057,19
run_6,48.03,5676,23
run_7,48.03,6089,21
run_8,48.03,5721,23
run_9,48.03,5448,23
run_10,48.03,5867,20
run_1,48.1,5637,22
run_2,48.1,5454,25
run_3,48.1,5486,22
run_4,48.1,5932,21
run_5,48.1,6057,19
run_6,48.1,5676,23
run_7,48.1,6089,21
run_8,48.1,5721,23
run_9,48.1,5488,23
run_10,48.1,5867,20
run_1,48.49,5637,22
run_2,48.49,5454,25
run_3,48.49,5486,22
run_4,48.49,5932,21
run_5,48.49,6057,19
run_6,48.49,5676,23
run_7,48.49,6153,21
run_8,48.49,5721,23
run_9,48.49,5488,23
run_10,48.49,5867,20
run_1,48.5,5657,22
run_2,48.5,5454,25
run_3,48.5,5486,22
run_4,48.5,5932,21
run_5,48.5,6057,19
run_6,48.5,5676,23
run_7,48.5,6153,21
run_8,48.5,5721,23
run_9,48.5,5488,23
run_10,48.5,5867,20
run_1,48.64,5657,22
run_2,48.64,5454,25
run_3,48.64,5486,22
run_4,48.64,5932,21
run_5,48.64,6057,19
run_6,48.64,5676,23
run_7,48.64,6153,21
run_8,48.64,5769,23
run_9,48.64,5488,23
run_10,48.64,5867,20
run_1,48.98,5657,22
run_2,48.98,5462,25
run_3,48.98,5486,22
run_4,48.98,5932,21
run_5,48.98,6057,19
run_6,48.98,5676,23
run_7,48.98,6153,21
run_8,48.98,5769,23
run_9,48.98,5488,23
run_10,48.98,5867,20
run_1,49.03,5657,22
run_2,49.03,5462,25
run_3,49.03,5486,22
run_4,49.03,5932,21
run_5,49.03,6089,19
run_6,49.03,5676,23
run_7,49.03,6153,21
run_8,49.03,5769,23
run_9,49.03,5488,23
run_10,49.03,5867,20
run_1,49.06,5657,22
run_2,49.06,5462,25
run_3,49.06,5486,22
run_4,49.06,5932,21
run_5,49.06,6089,19
run_6,49.06,5676,23
run_7,49.06,6153,21
run_8,49.06,5769,23
run_9,49.06,5488,23
run_10,49.06,5907,20
run_1,49.15,5657,22
run_2,49.15,5462,25
run_3,49.15,5526,22
run_4,49.15,5932,21
run_5,49.15,6089,19
run_6,49.15,5676,23
run_7,49.15,6153,21
run_8,49.15,5769,23
run_9,49.15,5488,23
run_10,49.15,5907,20
run_1,49.18,5657,22
run_2,49.18,5462,25
run_3,49.18,5526,22
run_4,49.18,5932,21
run_5,49.18,6089,19
run_6,49.18,5724,23
run_7,49.18,6153,21
run_8,49.18,5769,23
run_9,49.18,5488,23
run_10,49.18,5907,20
run_1,49.24,5657,22
run_2,49.24,5462,25
run_3,49.24,5526,22
run_4,49.24,5932,21
run_5,49.24,6089,19
run_6,49.24,5724,23
run_7,49.24,6153,21
run_8,49.24,5769,23
run_9,49.24,5532,23
run_10,49.24,5907,20
run_1,49.31,5657,22
run_2,49.31,5462,25
run_3,49.31,5526,22
run_4,49.31,5988,21
run_5,49.31,6089,19
run_6,49.31,5724,23
run_7,49.31,6153,21
run_8,49.31,5769,23
run_9,49.31,5532,23
run_10,49.31,5907,20
run_1,49.62,5657,22
run_2,49.62,5462,25
run_3,49.62,5526,22
run_4,49.62,5988,21
run_5,49.62,6089,19
run_6,49.62,5724,23
run_7,49.62,6185,21
run_8,49.62,5769,23
run_9,49.62,5532,23
run_10,49.62,5907,20
run_1,49.7,5685,22
run_2,49.7,5462,25
run_3,49.7,5526,22
run_4,49.7,5988,21
run_5,49.7,6089,19
run_6,49.7,5724,23
run_7,49.7,6185,21
run_8,49.7,5769,23
run_9,49.7,5532,23
run_10,49.7,5907,20
run_1,49.79,5685,22
run_2,49.79,5462,25
run_3,49.79,5526,22
run_4,49.79,5988,21
run_5,49.79,6089,19
run_6,49.79,5724,23
run_7,49.79,6185,21
run_8,49.79,5809,23
run_9,49.79,5532,23
run_10,49.79,5907,20
run_1,49.98,5685,22
run_2,49.98,5474,25
run_3,49.98,5526,22
run_4,49.98,5988,21
run_5,49.98,6089,19
run_6,49.98,5724,23
run_7,49.98,6185,21
run_8,49.98,5809,23
run_9,49.98,5532,23
run_10,49.98,5907,20
run_1,50.05,5685,22
run_2,50.05,5474,25
run_3,50.05,5526,22
run_4,50.05,5988,21
run_5,50.05,6113,19
run_6,50.05,5724,23
run_7,50.05,6185,21
run_8,50.05,5809,23
run_9,50.05,5532,23
run_10,50.05,5907,20
run_1,50.22,5685,22
run_2,50.22,5474,25
run_3,50.22,5526,22
run_4,50.22,5988,21
run_5,50.22,6113,19
run_6,50.22,5724,23
run_7,50.22,6185,21
run_8,50.22,5809,23
run_9,50.22,5532,23
run_10,50.22,5967,20
run_1,50.32,5685,22
run_2,50.32,5474,25
run_3,50.32,5526,22
run_4,50.32,5988,21
run_5,50.32,6113,19
run_6,50.32,5764,23
run_7,50.32,6185,21
run_8,50.32,5809,23
run_9,50.32,5532,23
run_10,50.32,5967,20
run_1,50.42,5685,22
run_2,50.42,5474,25
run_3,50.42,5526,22
run_4,50.42,5988,21
run_5,50.42,6113,19
run_6,50.42,5764,23
run_7,50.42,6185,21
run_8,50.42,5809,23
run_9,50.42,5564,23
run_10,50.42,5967,20
run_1,50.45,5685,22
run_2,50.45,5474,25
run_3,50.45,5526,22
run_4,50.45,6028,21
run_5,50.45,6113,19
run_6,50.45,5764,23
run_7,50.45,6185,21
run_8,50.45,5809,23
run_9,50.45,5564,23
run_10,50.45,5967,20
run_1,50.79,5685,22
run_2,50.79,5474,25
run_3,50.79,5526,22
run_4,50.79,6028,21
run_5,50.79,6113,19
run_6,50.79,5764,23
run_7,50.79,6237,21
run_8,50.79,5809,23
run_9,50.79,5564,23
run_10,50.79,5967,20
run_1,50.95,5685,22
run_2,50.95,5474,25
run_3,50.95,5526,22
run_4,50.95,6028,21
run_5,50.95,6113,19
run_6,50.95,5764,23
run_7,50.95,6237,21
run_8,50.95,5837,23
run_9,50.95,5564,23
run_10,50.95,5967,20
run_1,50.97,5741,22
run_2,50.97,5474,25
run_3,50.97,5526,22
run_4,50.97,6028,21
run_5,50.97,6113,19
run_6,50.97,5764,23
run_7,50.97,6237,21
run_8,50.97,5837,23
run_9,50.97,5564,23
run_10,50.97,5967,20
run_1,51.06,5741,22
run_2,51.06,5474,25
run_3,51.06,5586,22
run_4,51.06,6028,21
run_5,51.06,6113,19
run_6,51.06,5764,23
run_7,51.06,6237,21
run_8,51.06,5837,23
run_9,51.06,5564,23
run_10,51.06,5967,20
run_1,51.08,5741,22
run_2,51.08,5474,25
run_3,51.08,5586,22
run_4,51.08,6028,21
run_5,51.08,6173,19
run_6,51.08,5764,23
run_7,51.08,6237,21
run_8,51.08,5837,23
run_9,51.08,5564,23
run_10,51.08,5967,20
run_1,51.22,5741,22
run_2,51.22,5494,25
run_3,51.22,5586,22
run_4,51.22,6028,21
run_5,51.22,6173,19
run_6,51.22,5764,23
run_7,51.22,6237,21
run_8,51.22,5837,23
run_9,51.22,5564,23
run_10,51.22,5967,20
run_1,51.39,5741,22
run_2,51.39,5494,25
run_3,51.39,5586,22
run_4,51.39,6028,21
run_5,51.39,6173,19
run_6,51.39,5808,23
run_7,51.39,6237,21
run_8,51.39,5837,23
run_9,51.39,5564,23
run_10,51.39,5967,20
run_1,51.45,5741,22
run_2,51.45,5494,25
run_3,51.45,5586,22
run_4,51.45,6028,21
run_5,51.45,6173,19
run_6,51.45,5808,23
run_7,51.45,6237,21
run_8,51.45,5837,23
run_9,51.45,5564,23
run_10,51.45,6035,20
run_1,51.54,5741,22
run_2,51.54,5494,25
run_3,51.54,5586,22
run_4,51.54,6076,21
run_5,51.54,6173,19
run_6,51.54,5808,23
run_7,51.54,6237,21
run_8,51.54,5837,23
run_9,51.54,5564,23
run_10,51.54,6035,20
run_1,51.58,5741,22
run_2,51.58,5494,25
run_3,51.58,5586,22
run_4,51.58,6076,21
run_5,51.58,6173,19
run_6,51.58,5808,23
run_7,51.58,6237,21
run_8,51.58,5837,23
run_9,51.58,5596,23
run_10,51.58,6035,20
run_1,51.94,5741,22
run_2,51.94,5494,25
run_3,51.94,5586,22
run_4,51.94,6076,21
run_5,51.94,6173,19
run_6,51.94,5808,23
run_7,51.94,6253,21
run_8,51.94,5837,23
run_9,51.94,5596,23
run_10,51.94,6035,20
run_1,52.1,5741,22
run_2,52.1,5494,25
run_3,52.1,5586,22
run_4,52.1,6076,21
run_5,52.1,6205,19
run_6,52.1,5808,23
run_7,52.1,6253,21
run_8,52.1,5837,23
run_9,52.1,5596,23
run_10,52.1,6035,20
run_1,52.14,5741,22
run_2,52.14,5494,25
run_3,52.14,5586,22
run_4,52.14,6076,21
run_5,52.14,6205,19
run_6,52.14,5808,23
run_7,52.14,6253,21
run_8,52.14,5893,23
run_9,52.14,5596,23
run_10,52.14,6035,20
run_1,52.29,5797,22
run_2,52.29,5494,25
run_3,52.29,5586,22
run_4,52.29,6076,21
run_5,52.29,6205,19
run_6,52.29,5808,23
run_7,52.29,6253,21
run_8,52.29,5893,23
run_9,52.29,5596,23
run_10,52.29,6035,20
run_1,52.35,5797,22
run_2,52.35,5514,25
run_3,52.35,5586,22
run_4,52.35,6076,21
run_5,52.35,6205,19
run_6,52.35,5808,23
run_7,52.35,6253,21
run_8,52.35,5893,23
run_9,52.35,5596,23
run_10,52.35,6035,20
run_1,52.41,5797,22
run_2,52.41,5514,25
run_3,52.41,5586,22
run_4,52.41,6076,21
run_5,52.41,6205,19
run_6,52.41,5860,23
run_7,52.41,6253,21
run_8,52.41,5893,23
run_9,52.41,5596,23
run_10,52.41,6035,20
run_1,52.56,5797,22
run_2,52.56,5514,25
run_3,52.56,5586,22
run_4,52.56,6096,21
run_5,52.56,6205,19
run_6,52.56,5860,23
run_7,52.56,6253,21
run_8,52.56,5893,23
run_9,52.56,5596,23
run_10,52.56,6035,20
run_1,52.78,5797,22
run_2,52.78,5514,25
run_3,52.78,5586,22
run_4,52.78,6096,21
run_5,52.78,6205,19
run_6,52.78,5860,23
run_7,52.78,6253,21
run_8,52.78,5893,23
run_9,52.78,5596,23
run_10,52.78,6063,20
run_1,52.93,5797,22
run_2,52.93,5514,25
run_3,52.93,5586,22
run_4,52.93,6096,21
run_5,52.93,6205,19
run_6,52.93,5860,23
run_7,52.93,6253,21
run_8,52.93,5893,23
run_9,52.93,5648,23
run_10,52.93,6063,20
run_1,52.96,5797,22
run_2,52.96,5514,25
run_3,52.96,5626,22
run_4,52.96,6096,21
run_5,52.96,6205,19
run_6,52.96,5860,23
run_7,52.96,6253,21
run_8,52.96,5893,23
run_9,52.96,5648,23
run_10,52.96,6063,20
run_1,53.12,5797,22
run_2,53.12,5514,25
run_3,53.12,5626,22
run_4,53.12,6096,21
run_5,53.12,6273,19
run_6,53.12,5860,23
run_7,53.12,6253,21
run_8,53.12,5893,23
run_9,53.12,5648,23
run_10,53.12,6063,20
run_1,53.29,5797,22
run_2,53.29,5514,25
run_3,53.29,5626,22
run_4,53.29,6096,21
run_5,53.29,6273,19
run_6,53.29,5860,23
run_7,53.29,6293,21
run_8,53.29,5893,23
run_9,53.29,5648,23
run_10,53.29,6063,20
run_1,53.41,5797,22
run_2,53.41,5514,25
run_3,53.41,5626,22
run_4,53.41,6096,21
run_5,53.41,6273,19
run_6,53.41,5860,23
run_7,53.41,6293,21
run_8,53.41,5933,23
run_9,53.41,5648,23
run_10,53.41,6063,20
run_1,53.43,5797,22
run_2,53.43,5514,25
run_3,53.43,5626,22
run_4,53.43,6096,21
run_5,53.43,6273,19
run_6,53.43,5924,23
run_7,53.43,6293,21
run_8,53.43,5933,23
run_9,53.43,5648,23
run_10,53.43,6063,20
run_1,53.44,5821,22
run_2,53.44,5514,25
run_3,53.44,5626,22
run_4,53.44,6096,21
run_5,53.44,6273,19
run_6,53.44,5924,23
run_7,53.44,6293,21
run_8,53.44,5933,23
run_9,53.44,5648,23
run_10,53.44,6063,20
run_1,53.47,5821,22
run_2,53.47,5530,25
run_3,53.47,5626,22
run_4,53.47,6096,21
run_5,53.47,6273,19
run_6,53.47,5924,23
run_7,53.47,6293,21
run_8,53.47,5933,23
run_9,53.47,5648,23
run_10,53.47,6063,20
run_1,53.73,5821,22
run_2,53.73,5530,25
run_3,53.73,5626,22
run_4,53.73,6128,21
run_5,53.73,6273,19
run_6,53.73,5924,23
run_7,53.73,6293,21
run_8,53.73,5933,23
run_9,53.73,5648,23
run_10,53.73,6063,20
run_1,54.03,5821,22
run_2,54.03,5530,25
run_3,54.03,5626,22
run_4,54.03,6128,21
run_5,54.03,6273,19
run_6,54.03,5924,23
run_7,54.03,6293,21
run_8,54.03,5933,23
run_9,54.03,5648,23
run_10,54.03,6103,20
run_1,54.12,5821,22
run_2,54.12,5530,25
run_3,54.12,5626,22
run_4,54.12,6128,21
run_5,54.12,6273,19
run_6,54.12,5924,23
run_7,54.12,6293,21
run_8,54.12,5933,23
run_9,54.12,5688,23
run_10,54.12,6103,20
run_1,54.15,5821,22
run_2,54.15,5530,25
run_3,54.15,5638,22
run_4,54.15,6128,21
run_5,54.15,6273,19
run_6,54.15,5924,23
run_7,54.15,6293,21
run_8,54.15,5933,23
run_9,54.15,5688,23
run_10,54.15,6103,20
run_1,54.2,5821,22
run_2,54.2,5530,25
run_3,54.2,5638,22
run_4,54.2,6128,21
run_5,54.2,6305,19
run_6,54.2,5924,23
run_7,54.2,6293,21
run_8,54.2,5933,23
run_9,54.2,5688,23
run_10,54.2,6103,20
run_1,54.43,5821,22
run_2,54.43,5530,25
run_3,54.43,5638,22
run_4,54.43,6128,21
run_5,54.43,6305,19
run_6,54.43,5924,23
run_7,54.43,6329,21
run_8,54.43,5933,23
run_9,54.43,5688,23
run_10,54.43,6103,20
run_1,54.53,5821,22
run_2,54.53,5530,25
run_3,54.53,5638,22
run_4,54.53,6128,21
run_5,54.53,6305,19
run_6,54.53,5984,23
run_7,54.53,6329,21
run_8,54.53,5933,23
run_9,54.53,5688,23
run_10,54.53,6103,20
run_1,54.67,5821,22
run_2,54.67,5530,25
run_3,54.67,5638,22
run_4,54.67,6128,21
run_5,54.67,6305,19
run_6,54.67,5984,23
run_7,54.67,6329,21
run_8,54.67,5981,23
run_9,54.67,5688,23
run_10,54.67,6103,20
run_1,54.72,5821,22
run_2,54.72,5570,25
run_3,54.72,5638,22
run_4,54.72,6128,21
run_5,54.72,6305,19
run_6,54.72,5984,23
run_7,54.72,6329,21
run_8,54.72,5981,23
run_9,54.72,5688,23
run_10,54.72,6103,20
run_1,54.74,5893,22
run_2,54.74,5570,25
run_3,54.74,5638,22
run_4,54.74,6128,21
run_5,54.74,6305,19
run_6,54.74,5984,23
run_7,54.74,6329,21
run_8,54.74,5981,23
run_9,54.74,5688,23
run_10,54.74,6103,20
run_1,54.8,5893,22
run_2,54.8,5570,25
run_3,54.8,5638,22
run_4,54.8,6176,21
run_5,54.8,6305,19
run_6,54.8,5984,23
run_7,54.8,6329,21
run_8,54.8,5981,23
run_9,54.8,5688,23
run_10,54.8,6103,20
run_1,55.18,5893,22
run_2,55.18,5570,25
run_3,55.18,5638,22
run_4,55.18,6176,21
run_5,55.18,6305,19
run_6,55.18,5984,23
run_7,55.18,6329,21
run_8,55.18,5981,23
run_9,55.18,5688,23
run_10,55.18,6147,20
run_1,55.3,5893,22
run_2,55.3,5570,25
run_3,55.3,5638,22
run_4,55.3,6176,21
run_5,55.3,6361,19
run_6,55.3,5984,23
run_7,55.3,6329,21
run_8,55.3,5981,23
run_9,55.3,5688,23
run_10,55.3,6147,20
run_1,55.42,5893,22
run_2,55.42,5570,25
run_3,55.42,5638,22
run_4,55.42,6176,21
run_5,55.42,6361,19
run_6,55.42,5984,23
run_7,55.42,6329,21
run_8,55.42,5981,23
run_9,55.42,5716,23
run_10,55.42,6147,20
run_1,55.55,5893,22
run_2,55.55,5570,25
run_3,55.55,5638,22
run_4,55.55,6176,21
run_5,55.55,6361,19
run_6,55.55,6028,23
run_7,55.55,6329,21
run_8,55.55,5981,23
run_9,55.55,5716,23
run_10,55.55,6147,20
run_1,55.56,5893,22
run_2,55.56,5570,25
run_3,55.56,5638,22
run_4,55.56,6176,21
run_5,55.56,6361,19
run_6,55.56,6028,23
run_7,55.56,6369,21
run_8,55.56,5981,23
run_9,55.56,5716,23
run_10,55.56,6147,20
run_1,55.73,5893,22
run_2,55.73,5570,25
run_3,55.73,5674,22
run_4,55.73,6176,21
run_5,55.73,6361,19
run_6,55.73,6028,23
run_7,55.73,6369,21
run_8,55.73,5981,23
run_9,55.73,5716,23
run_10,55.73,6147,20
run_1,55.82,5893,22
run_2,55.82,5570,25
run_3,55.82,5674,22
run_4,55.82,6176,21
run_5,55.82,6361,19
run_6,55.82,6028,23
run_7,55.82,6369,21
run_8,55.82,6041,23
run_9,55.82,5716,23
run_10,55.82,6147,20
run_1,55.91,5893,22
run_2,55.91,5570,25
run_3,55.91,5674,22
run_4,55.91,6256,21
run_5,55.91,6361,19
run_6,55.91,6028,23
run_7,55.91,6369,21
run_8,55.91,6041,23
run_9,55.91,5716,23
run_10,55.91,6147,20
run_1,55.92,5893,22
run_2,55.92,5606,25
run_3,55.92,5674,22
run_4,55.92,6256,21
run_5,55.92,6361,19
run_6,55.92,6028,23
run_7,55.92,6369,21
run_8,55.92,6041,23
run_9,55.92,5716,23
run_10,55.92,6147,20
run_1,55.97,5961,22
run_2,55.97,5606,25
run_3,55.97,5674,22
run_4,55.97,6256,21
run_5,55.97,6361,19
run_6,55.97,6028,23
run_7,55.97,6369,21
run_8,55.97,6041,23
run_9,55.97,5716,23
run_10,55.97,6147,20
run_1,56.32,5961,22
run_2,56.32,5606,25
run_3,56.32,5674,22
run_4,56.32,6256,21
run_5,56.32,6361,19
run_6,56.32,6028,23
run_7,56.32,6369,21
run_8,56.32,6041,23
run_9,56.32,5716,23
run_10,56.32,6187,20
run_1,56.33,5961,22
run_2,56.33,5606,25
run_3,56.33,5674,22
run_4,56.33,6256,21
run_5,56.33,6401,19
run_6,56.33,6028,23
run_7,56.33,6369,21
run_8,56.33,6041,23
run_9,56.33,5716,23
run_10,56.33,6187,20
run_1,56.58,5961,22
run_2,56.58,5606,25
run_3,56.58,5674,22
run_4,56.58,6256,21
run_5,56.58,6401,19
run_6,56.58,6080,23
run_7,56.58,6369,21
run_8,56.58,6041,23
run_9,56.58,5756,23
run_10,56.58,6187,20
run_1,56.68,5961,22
run_2,56.68,5606,25
run_3,56.68,5674,22
run_4,56.68,6256,21
run_5,56.68,6401,19
run_6,56.68,6080,23
run_7,56.68,6421,21
run_8,56.68,6041,23
run_9,56.68,5756,23
run_10,56.68,6187,20
run_1,57.14,5961,22
run_2,57.14,5606,25
run_3,57.14,5674,22
run_4,57.14,6292,21
run_5,57.14,6401,19
run_6,57.14,6080,23
run_7,57.14,6421,21
run_8,57.14,6041,23
run_9,57.14,5756,23
run_10,57.14,6187,20
run_1,57.16,6001,22
run_2,57.16,5606,25
run_3,57.16,5674,22
run_4,57.16,6292,21
run_5,57.16,6401,19
run_6,57.16,6080,23
run_7,57.16,6421,21
run_8,57.16,6041,23
run_9,57.16,5756,23
run_10,57.16,6187,20
run_1,57.23,6001,22
run_2,57.23,5634,25
run_3,57.23,5674,22
run_4,57.23,6292,21
run_5,57.23,6401,19
run_6,57.23,6080,23
run_7,57.23,6421,21
run_8,57.23,6041,23
run_9,57.23,5756,23
run_10,57.23,6187,20
run_1,57.25,6001,22
run_2,57.25,5634,25
run_3,57.25,5674,22
run_4,57.25,6292,21
run_5,57.25,6401,19
run_6,57.25,6080,23
run_7,57.25,6421,21
run_8,57.25,6101,23
run_9,57.25,5756,23
run_10,57.25,6187,20
run_1,57.33,6001,22
run_2,57.33,5634,25
run_3,57.33,5698,22
run_4,57.33,6292,21
run_5,57.33,6401,19
run_6,57.33,6080,23
run_7,57.33,6421,21
run_8,57.33,6101,23
run_9,57.33,5756,23
run_10,57.33,6187,20
run_1,57.35,6001,22
run_2,57.35,5634,25
run_3,57.35,5698,22
run_4,57.35,6292,21
run_5,57.35,6449,19
run_6,57.35,6080,23
run_7,57.35,6421,21
run_8,57.35,6101,23
run_9,57.35,5756,23
run_10,57.35,6187,20
run_1,57.5,6001,22
run_2,57.5,5634,25
run_3,57.5,5698,22
run_4,57.5,6292,21
run_5,57.5,6449,19
run_6,57.5,6080,23
run_7,57.5,6421,21
run_8,57.5,6101,23
run_9,57.5,5756,23
run_10,57.5,6239,20
run_1,57.58,6001,22
run_2,57.58,5634,25
run_3,57.58,5698,22
run_4,57.58,6292,21
run_5,57.58,6449,19
run_6,57.58,6112,23
run_7,57.58,6421,21
run_8,57.58,6101,23
run_9,57.58,5756,23
run_10,57.58,6239,20
run_1,57.83,6001,22
run_2,57.83,5634,25
run_3,57.83,5698,22
run_4,57.83,6292,21
run_5,57.83,6449,19
run_6,57.83,6112,23
run_7,57.83,6421,21
run_8,57.83,6101,23
run_9,57.83,5808,23
run_10,57.83,6239,20
run_1,57.85,6001,22
run_2,57.85,5634,25
run_3,57.85,5698,22
run_4,57.85,6292,21
run_5,57.85,6449,19
run_6,57.85,6112,23
run_7,57.85,6457,21
run_8,57.85,6101,23
run_9,57.85,5808,23
run_10,57.85,6239,20
run_1,58.27,6001,22
run_2,58.27,5634,25
run_3,58.27,5698,22
run_4,58.27,6320,21
run_5,58.27,6449,19
run_6,58.27,6112,23
run_7,58.27,6457,21
run_8,58.27,6101,23
run_9,58.27,5808,23
run_10,58.27,6239,20
run_1,58.36,6001,22
run_2,58.36,5634,25
run_3,58.36,5698,22
run_4,58.36,6320,21
run_5,58.36,6497,19
run_6,58.36,6112,23
run_7,58.36,6457,21
run_8,58.36,6101,23
run_9,58.36,5808,23
run_10,58.36,6239,20
run_1,58.42,6045,22
run_2,58.42,5634,25
run_3,58.42,5698,22
run_4,58.42,6320,21
run_5,58.42,6497,19
run_6,58.42,6112,23
run_7,58.42,6457,21
run_8,58.42,6141,23
run_9,58.42,5808,23
run_10,58.42,6239,20
run_1,58.56,6045,22
run_2,58.56,5634,25
run_3,58.56,5698,22
run_4,58.56,6320,21
run_5,58.56,6497,19
run_6,58.56,6156,23
run_7,58.56,6457,21
run_8,58.56,6141,23
run_9,58.56,5808,23
run_10,58.56,6239,20
run_1,58.58,6045,22
run_2,58.58,5658,25
run_3,58.58,5698,22
run_4,58.58,6320,21
run_5,58.58,6497,19
run_6,58.58,6156,23
run_7,58.58,6457,21
run_8,58.58,6141,23
run_9,58.58,5808,23
run_10,58.58,6239,20
run_1,58.66,6045,22
run_2,58.66,5658,25
run_3,58.66,5698,22
run_4,58.66,6320,21
run_5,58.66,6497,19
run_6,58.66,6156,23
run_7,58.66,6457,21
run_8,58.66,6141,23
run_9,58.66,5808,23
run_10,58.66,6307,20
run_1,58.78,6045,22
run_2,58.78,5658,25
run_3,58.78,5722,22
run_4,58.78,6320,21
run_5,58.78,6497,19
run_6,58.78,6156,23
run_7,58.78,6457,21
run_8,58.78,6141,23
run_9,58.78,5808,23
run_10,58.78,6307,20
run_1,59.14,6045,22
run_2,59.14,5658,25
run_3,59.14,5722,22
run_4,59.14,6320,21
run_5,59.14,6497,19
run_6,59.14,6156,23
run_7,59.14,6489,21
run_8,59.14,6141,23
run_9,59.14,5852,23
run_10,59.14,6307,20
run_1,59.42,6045,22
run_2,59.42,5658,25
run_3,59.42,5722,22
run_4,59.42,6368,21
run_5,59.42,6497,19
run_6,59.42,6156,23
run_7,59.42,6489,21
run_8,59.42,6141,23
run_9,59.42,5852,23
run_10,59.42,6307,20
run_1,59.43,6045,22
run_2,59.43,5658,25
run_3,59.43,5722,22
run_4,59.43,6368,21
run_5,59.43,6541,19
run_6,59.43,6156,23
run_7,59.43,6489,21
run_8,59.43,6141,23
run_9,59.43,5852,23
run_10,59.43,6307,20
run_1,59.59,6045,22
run_2,59.59,5658,25
run_3,59.59,5722,22
run_4,59.59,6368,21
run_5,59.59,6541,19
run_6,59.59,6156,23
run_7,59.59,6489,21
run_8,59.59,6185,23
run_9,59.59,5852,23
run_10,59.59,6307,20
run_1,59.62,6045,22
run_2,59.62,5658,25
run_3,59.62,5722,22
run_4,59.62,6368,21
run_5,59.62,6541,19
run_6,59.62,6208,23
run_7,59.62,6489,21
run_8,59.62,6185,23
run_9,59.62,5852,23
run_10,59.62,6307,20
run_1,59.76,6065,22
run_2,59.76,5658,25
run_3,59.76,5722,22
run_4,59.76,6368,21
run_5,59.76,6541,19
run_6,59.76,6208,23
run_7,59.76,6489,21
run_8,59.76,6185,23
run_9,59.76,5852,23
run_10,59.76,6307,20
run_1,59.89,6065,22
run_2,59.89,5658,25
run_3,59.89,5722,22
run_4,59.89,6368,21
run_5,59.89,6541,19
run_6,59.89,6208,23
run_7,59.89,6489,21
run_8,59.89,6185,23
run_9,59.89,5852,23
run_10,59.89,6359,20
run_1,60.11,6065,22
run_2,60.11,5658,25
run_3,60.11,5794,22
run_4,60.11,6368,21
run_5,60.11,6541,19
run_6,60.11,6208,23
run_7,60.11,6489,21
run_8,60.11,6185,23
run_9,60.11,5852,23
run_10,60.11,6359,20
run_1,60.23,6065,22
run_2,60.23,5682,25
run_3,60.23,5794,22
run_4,60.23,6368,21
run_5,60.23,6541,19
run_6,60.23,6208,23
run_7,60.23,6489,21
run_8,60.23,6185,23
run_9,60.23,5852,23
run_10,60.23,6359,20
run_1,60.31,6065,22
run_2,60.31,5682,25
run_3,60.31,5794,22
run_4,60.31,6368,21
run_5,60.31,6541,19
run_6,60.31,6208,23
run_7,60.31,6529,21
run_8,60.31,6185,23
run_9,60.31,5896,23
run_10,60.31,6359,20
run_1,60.56,6065,22
run_2,60.56,5682,25
run_3,60.56,5794,22
run_4,60.56,6368,21
run_5,60.56,6593,19
run_6,60.56,6208,23
run_7,60.56,6529,21
run_8,60.56,6185,23
run_9,60.56,5896,23
run_10,60.56,6359,20
run_1,60.67,6065,22
run_2,60.67,5682,25
run_3,60.67,5794,22
run_4,60.67,6416,21
run_5,60.67,6593,19
run_6,60.67,6208,23
run_7,60.67,6529,21
run_8,60.67,6185,23
run_9,60.67,5896,23
run_10,60.67,6359,20
run_1,60.72,6065,22
run_2,60.72,5682,25
run_3,60.72,5794,22
run_4,60.72,6416,21
run_5,60.72,6593,19
run_6,60.72,6268,23
run_7,60.72,6529,21
run_8,60.72,6185,23
run_9,60.72,5896,23
run_10,60.72,6359,20
run_1,60.81,6065,22
run_2,60.81,5682,25
run_3,60.81,5794,22
run_4,60.81,6416,21
run_5,60.81,6593,19
run_6,60.81,6268,23
run_7,60.81,6529,21
run_8,60.81,6225,23
run_9,60.81,5896,23
run_10,60.81,6359,20
run_1,61.07,6065,22
run_2,61.07,5682,25
run_3,61.07,5794,22
run_4,61.07,6416,21
run_5,61.07,6593,19
run_6,61.07,6268,23
run_7,61.07,6529,21
run_8,61.07,6225,23
run_9,61.07,5896,23
run_10,61.07,6403,20
run_1,61.28,6121,22
run_2,61.28,5682,25
run_3,61.28,5794,22
run_4,61.28,6416,21
run_5,61.28,6593,19
run_6,61.28,6268,23
run_7,61.28,6529,21
run_8,61.28,6225,23
run_9,61.28,5896,23
run_10,61.28,6403,20
run_1,61.4,6121,22
run_2,61.4,5682,25
run_3,61.4,5858,22
run_4,61.4,6416,21
run_5,61.4,6593,19
run_6,61.4,6268,23
run_7,61.4,6529,21
run_8,61.4,6225,23
run_9,61.4,5896,23
run_10,61.4,6403,20
run_1,61.47,6121,22
run_2,61.47,5682,25
run_3,61.47,5858,22
run_4,61.47,6416,21
run_5,61.47,6593,19
run_6,61.47,6268,23
run_7,61.47,6529,21
run_8,61.47,6225,23
run_9,61.47,5916,23
run_10,61.47,6403,20
run_1,61.49,6121,22
run_2,61.49,5682,25
run_3,61.49,5858,22
run_4,61.49,6416,21
run_5,61.49,6593,19
run_6,61.49,6268,23
run_7,61.49,6565,21
run_8,61.49,6225,23
run_9,61.49,5916,23
run_10,61.49,6403,20
run_1,61.61,6121,22
run_2,61.61,5682,25
run_3,61.61,5858,22
run_4,61.61,6416,21
run_5,61.61,6621,19
run_6,61.61,6268,23
run_7,61.61,6565,21
run_8,61.61,6225,23
run_9,61.61,5916,23
run_10,61.61,6403,20
run_1,61.62,6121,22
run_2,61.62,5706,25
run_3,61.62,5858,22
run_4,61.62,6416,21
run_5,61.62,6621,19
run_6,61.62,6268,23
run_7,61.62,6565,21
run_8,61.62,6225,23
run_9,61.62,5916,23
run_10,61.62,6403,20
run_1,61.77,6121,22
run_2,61.77,5706,25
run_3,61.77,5858,22
run_4,61.77,6416,21
run_5,61.77,6621,19
run_6,61.77,6320,23
run_7,61.77,6565,21
run_8,61.77,6225,23
run_9,61.77,5916,23
run_10,61.77,6403,20
run_1,61.94,6121,22
run_2,61.94,5706,25
run_3,61.94,5858,22
run_4,61.94,6472,21
run_5,61.94,6621,19
run_6,61.94,6320,23
run_7,61.94,6565,21
run_8,61.94,6225,23
run_9,61.94,5916,23
run_10,61.94,6403,20
run_1,62.05,6121,22
run_2,62.05,5706,25
run_3,62.05,5858,22
run_4,62.05,6472,21
run_5,62.05,6621,19
run_6,62.05,6320,23
run_7,62.05,6565,21
run_8,62.05,6253,23
run_9,62.05,5916,23
run_10,62.05,6403,20
run_1,62.35,6121,22
run_2,62.35,5706,25
run_3,62.35,5858,22
run_4,62.35,6472,21
run_5,62.35,6621,19
run_6,62.35,6320,23
run_7,62.35,6565,21
run_8,62.35,6253,23
run_9,62.35,5916,23
run_10,62.35,6455,20
run_1,62.63,6169,22
run_2,62.63,5706,25
run_3,62.63,5858,22
run_4,62.63,6472,21
run_5,62.63,6621,19
run_6,62.63,6320,23
run_7,62.63,6565,21
run_8,62.63,6253,23
run_9,62.63,5916,23
run_10,62.63,6455,20
run_1,62.69,6169,22
run_2,62.69,5706,25
run_3,62.69,5910,22
run_4,62.69,6472,21
run_5,62.69,6621,19
run_6,62.69,6320,23
run_7,62.69,6565,21
run_8,62.69,6253,23
run_9,62.69,5916,23
run_10,62.69,6455,20
run_1,62.72,6169,22
run_2,62.72,5706,25
run_3,62.72,5910,22
run_4,62.72,6472,21
run_5,62.72,6665,19
run_6,62.72,6320,23
run_7,62.72,6565,21
run_8,62.72,6253,23
run_9,62.72,5952,23
run_10,62.72,6455,20
run_1,62.73,6169,22
run_2,62.73,5706,25
run_3,62.73,5910,22
run_4,62.73,6472,21
run_5,62.73,6665,19
run_6,62.73,6320,23
run_7,62.73,6601,21
run_8,62.73,6253,23
run_9,62.73,5952,23
run_10,62.73,6455,20
run_1,62.76,6169,22
run_2,62.76,5706,25
run_3,62.76,5910,22
run_4,62.76,6472,21
run_5,62.76,6665,19
run_6,62.76,6328,23
run_7,62.76,6601,21
run_8,62.76,6253,23
run_9,62.76,5952,23
run_10,62.76,6455,20
run_1,62.96,6169,22
run_2,62.96,5738,25
run_3,62.96,5910,22
run_4,62.96,6472,21
run_5,62.96,6665,19
run_6,62.96,6328,23
run_7,62.96,6601,21
run_8,62.96,6253,23
run_9,62.96,5952,23
run_10,62.96,6455,20
run_1,63.01,6169,22
run_2,63.01,5738,25
run_3,63.01,5910,22
run_4,63.01,6520,21
run_5,63.01,6665,19
run_6,63.01,6328,23
run_7,63.01,6601,21
run_8,63.01,6253,23
run_9,63.01,5952,23
run_10,63.01,6455,20
run_1,63.27,6169,22
run_2,63.27,5738,25
run_3,63.27,5910,22
run_4,63.27,6520,21
run_5,63.27,6665,19
run_6,63.27,6328,23
run_7,63.27,6601,21
run_8,63.27,6273,23
run_9,63.27,5952,23
run_10,63.27,6455,20
run_1,63.65,6169,22
run_2,63.65,5738,25
run_3,63.65,5910,22
run_4,63.65,6520,21
run_5,63.65,6665,19
run_6,63.65,6328,23
run_7,63.65,6601,21
run_8,63.65,6273,23
run_9,63.65,5952,23
run_10,63.65,6487,20
run_1,63.71,6169,22
run_2,63.71,5738,25
run_3,63.71,5910,22
run_4,63.71,6520,21
run_5,63.71,6713,19
run_6,63.71,6328,23
run_7,63.71,6601,21
run_8,63.71,6273,23
run_9,63.71,5952,23
run_10,63.71,6487,20
run_1,63.72,6169,22
run_2,63.72,5738,25
run_3,63.72,5910,22
run_4,63.72,6520,21
run_5,63.72,6713,19
run_6,63.72,6364,23
run_7,63.72,6601,21
run_8,63.72,6273,23
run_9,63.72,5952,23
run_10,63.72,6487,20
run_1,63.83,6237,22
run_2,63.83,5738,25
run_3,63.83,5910,22
run_4,63.83,6520,21
run_5,63.83,6713,19
run_6,63.83,6364,23
run_7,63.83,6601,21
run_8,63.83,6273,23
run_9,63.83,5952,23
run_10,63.83,6487,20
run_1,63.89,6237,22
run_2,63.89,5738,25
run_3,63.89,5910,22
run_4,63.89,6520,21
run_5,63.89,6713,19
run_6,63.89,6364,23
run_7,63.89,6601,21
run_8,63.89,6273,23
run_9,63.89,5984,23
run_10,63.89,6487,20
run_1,63.9,6237,22
run_2,63.9,5738,25
run_3,63.9,5958,22
run_4,63.9,6520,21
run_5,63.9,6713,19
run_6,63.9,6364,23
run_7,63.9,6601,21
run_8,63.9,6273,23
run_9,63.9,5984,23
run_10,63.9,6487,20
run_1,63.92,6237,22
run_2,63.92,5738,25
run_3,63.92,5958,22
run_4,63.92,6520,21
run_5,63.92,6713,19
run_6,63.92,6364,23
run_7,63.92,6645,21
run_8,63.92,6273,23
run_9,63.92,5984,23
run_10,63.92,6487,20
run_1,64.21,6237,22
run_2,64.21,5738,25
run_3,64.21,5958,22
run_4,64.21,6572,21
run_5,64.21,6713,19
run_6,64.21,6364,23
run_7,64.21,6645,21
run_8,64.21,6273,23
run_9,64.21,5984,23
run_10,64.21,6487,20
run_1,64.37,6237,22
run_2,64.37,5758,25
run_3,64.37,5958,22
run_4,64.37,6572,21
run_5,64.37,6713,19
run_6,64.37,6364,23
run_7,64.37,6645,21
run_8,64.37,6273,23
run_9,64.37,5984,23
run_10,64.37,6487,20
run_1,64.55,6237,22
run_2,64.55,5758,25
run_3,64.55,5958,22
run_4,64.55,6572,21
run_5,64.55,6713,19
run_6,64.55,6364,23
run_7,64.55,6645,21
run_8,64.55,6317,23
run_9,64.55,5984,23
run_10,64.55,6487,20
run_1,64.71,6237,22
run_2,64.71,5758,25
run_3,64.71,5958,22
run_4,64.71,6572,21
run_5,64.71,6713,19
run_6,64.71,6408,23
run_7,64.71,6645,21
run_8,64.71,6317,23
run_9,64.71,5984,23
run_10,64.71,6487,20
run_1,64.76,6237,22
run_2,64.76,5758,25
run_3,64.76,5958,22
run_4,64.76,6572,21
run_5,64.76,6777,19
run_6,64.76,6408,23
run_7,64.76,6645,21
run_8,64.76,6317,23
run_9,64.76,5984,23
run_10,64.76,6487,20
run_1,64.79,6237,22
run_2,64.79,5758,25
run_3,64.79,5958,22
run_4,64.79,6572,21
run_5,64.79,6777,19
run_6,64.79,6408,23
run_7,64.79,6645,21
run_8,64.79,6317,23
run_9,64.79,5984,23
run_10,64.79,6543,20
run_1,65.11,6285,22
run_2,65.11,5758,25
run_3,65.11,5958,22
run_4,65.11,6572,21
run_5,65.11,6777,19
run_6,65.11,6408,23
run_7,65.11,6673,21
run_8,65.11,6317,23
run_9,65.11,5984,23
run_10,65.11,6543,20
run_1,65.12,6285,22
run_2,65.12,5758,25
run_3,65.12,5958,22
run_4,65.12,6572,21
run_5,65.12,6777,19
run_6,65.12,6408,23
run_7,65.12,6673,21
run_8,65.12,6317,23
run_9,65.12,6036,23
run_10,65.12,6543,20
run_1,65.18,6285,22
run_2,65.18,5758,25
run_3,65.18,6038,22
run_4,65.18,6572,21
run_5,65.18,6777,19
run_6,65.18,6408,23
run_7,65.18,6673,21
run_8,65.18,6317,23
run_9,65.18,6036,23
run_10,65.18,6543,20
run_1,65.3,6285,22
run_2,65.3,5758,25
run_3,65.3,6038,22
run_4,65.3,6616,21
run_5,65.3,6777,19
run_6,65.3,6408,23
run_7,65.3,6673,21
run_8,65.3,6317,23
run_9,65.3,6036,23
run_10,65.3,6543,20
run_1,65.59,6285,22
run_2,65.59,5786,25
run_3,65.59,6038,22
run_4,65.59,6616,21
run_5,65.59,6777,19
run_6,65.59,6408,23
run_7,65.59,6673,21
run_8,65.59,6317,23
run_9,65.59,6036,23
run_10,65.59,6543,20
run_1,65.68,6285,22
run_2,65.68,5786,25
run_3,65.68,6038,22
run_4,65.68,6616,21
run_5,65.68,6777,19
run_6,65.68,6408,23
run_7,65.68,6673,21
run_8,65.68,6349,23
run_9,65.68,6036,23
run_10,65.68,6543,20
run_1,65.76,6285,22
run_2,65.76,5786,25
run_3,65.76,6038,22
run_4,65.76,6616,21
run_5,65.76,6777,19
run_6,65.76,6452,23
run_7,65.76,6673,21
run_8,65.76,6349,23
run_9,65.76,6036,23
run_10,65.76,6543,20
run_1,65.9,6285,22
run_2,65.9,5786,25
run_3,65.9,6038,22
run_4,65.9,6616,21
run_5,65.9,6825,19
run_6,65.9,6452,23
run_7,65.9,6673,21
run_8,65.9,6349,23
run_9,65.9,6036,23
run_10,65.9,6543,20
run_1,65.94,6285,22
run_2,65.94,5786,25
run_3,65.94,6038,22
run_4,65.94,6616,21
run_5,65.94,6825,19
run_6,65.94,6452,23
run_7,65.94,6673,21
run_8,65.94,6349,23
run_9,65.94,6036,23
run_10,65.94,6591,20
run_1,66.31,6285,22
run_2,66.31,5786,25
run_3,66.31,6038,22
run_4,66.31,6616,21
run_5,66.31,6825,19
run_6,66.31,6452,23
run_7,66.31,6717,21
run_8,66.31,6349,23
run_9,66.31,6036,23
run_10,66.31,6591,20
run_1,66.33,6285,22
run_2,66.33,5786,25
run_3,66.33,6038,22
run_4,66.33,6616,21
run_5,66.33,6825,19
run_6,66.33,6452,23
run_7,66.33,6717,21
run_8,66.33,6349,23
run_9,66.33,6080,23
run_10,66.33,6591,20
run_1,66.43,6345,22
run_2,66.43,5786,25
run_3,66.43,6074,22
run_4,66.43,6616,21
run_5,66.43,6825,19
run_6,66.43,6452,23
run_7,66.43,6717,21
run_8,66.43,6349,23
run_9,66.43,6080,23
run_10,66.43,6591,20
run_1,66.47,6345,22
run_2,66.47,5786,25
run_3,66.47,6074,22
run_4,66.47,6664,21
run_5,66.47,6825,19
run_6,66.47,6452,23
run_7,66.47,6717,21
run_8,66.47,6349,23
run_9,66.47,6080,23
run_10,66.47,6591,20
run_1,66.78,6345,22
run_2,66.78,5786,25
run_3,66.78,6074,22
run_4,66.78,6664,21
run_5,66.78,6825,19
run_6,66.78,6484,23
run_7,66.78,6717,21
run_8,66.78,6349,23
run_9,66.78,6080,23
run_10,66.78,6591,20
run_1,66.9,6345,22
run_2,66.9,5786,25
run_3,66.9,6074,22
run_4,66.9,6664,21
run_5,66.9,6825,19
run_6,66.9,6484,23
run_7,66.9,6717,21
run_8,66.9,6401,23
run_9,66.9,6080,23
run_10,66.9,6591,20
run_1,67.01,6345,22
run_2,67.01,5830,25
run_3,67.01,6074,22
run_4,67.01,6664,21
run_5,67.01,6825,19
run_6,67.01,6484,23
run_7,67.01,6717,21
run_8,67.01,6401,23
run_9,67.01,6080,23
run_10,67.01,6591,20
run_1,67.07,6345,22
run_2,67.07,5830,25
run_3,67.07,6074,22
run_4,67.07,6664,21
run_5,67.07,6825,19
run_6,67.07,6484,23
run_7,67.07,6717,21
run_8,67.07,6401,23
run_9,67.07,6080,23
run_10,67.07,6623,20
run_1,67.25,6345,22
run_2,67.25,5830,25
run_3,67.25,6074,22
run_4,67.25,6664,21
run_5,67.25,6885,19
run_6,67.25,6484,23
run_7,67.25,6717,21
run_8,67.25,6401,23
run_9,67.25,6080,23
run_10,67.25,6623,20
run_1,67.49,6345,22
run_2,67.49,5830,25
run_3,67.49,6074,22
run_4,67.49,6664,21
run_5,67.49,6885,19
run_6,67.49,6484,23
run_7,67.49,6717,21
run_8,67.49,6401,23
run_9,67.49,6128,23
run_10,67.49,6623,20
run_1,67.5,6345,22
run_2,67.5,5830,25
run_3,67.5,6074,22
run_4,67.5,6664,21
run_5,67.5,6885,19
run_6,67.5,6484,23
run_7,67.5,6745,21
run_8,67.5,6401,23
run_9,67.5,6128,23
run_10,67.5,6623,20
run_1,67.68,6345,22
run_2,67.68,5830,25
run_3,67.68,6074,22
run_4,67.68,6716,21
run_5,67.68,6885,19
run_6,67.68,6484,23
run_7,67.68,6745,21
run_8,67.68,6401,23
run_9,67.68,6128,23
run_10,67.68,6623,20
run_1,67.75,6345,22
run_2,67.75,5830,25
run_3,67.75,6142,22
run_4,67.75,6716,21
run_5,67.75,6885,19
run_6,67.75,6484,23
run_7,67.75,6745,21
run_8,67.75,6401,23
run_9,67.75,6128,23
run_10,67.75,6623,20
run_1,67.76,6405,22
run_2,67.76,5830,25
run_3,67.76,6142,22
run_4,67.76,6716,21
run_5,67.76,6885,19
run_6,67.76,6484,23
run_7,67.76,6745,21
run_8,67.76,6401,23
run_9,67.76,6128,23
run_10,67.76,6623,20
run_1,67.77,6405,22
run_2,67.77,5830,25
run_3,67.77,6142,22
run_4,67.77,6716,21
run_5,67.77,6885,19
run_6,67.77,6540,23
run_7,67.77,6745,21
run_8,67.77,6401,23
run_9,67.77,6128,23
run_10,67.77,6623,20
run_1,68.25,6405,22
run_2,68.25,5830,25
run_3,68.25,6142,22
run_4,68.25,6716,21
run_5,68.25,6885,19
run_6,68.25,6540,23
run_7,68.25,6745,21
run_8,68.25,6401,23
run_9,68.25,6128,23
run_10,68.25,6663,20
run_1,68.37,6405,22
run_2,68.37,5854,25
run_3,68.37,6142,22
run_4,68.37,6716,21
run_5,68.37,6885,19
run_6,68.37,6540,23
run_7,68.37,6745,21
run_8,68.37,6401,23
run_9,68.37,6128,23
run_10,68.37,6663,20
run_1,68.4,6405,22
run_2,68.4,5854,25
run_3,68.4,6142,22
run_4,68.4,6716,21
run_5,68.4,6885,19
run_6,68.4,6540,23
run_7,68.4,6745,21
run_8,68.4,6449,23
run_9,68.4,6128,23
run_10,68.4,6663,20
run_1,68.6,6405,22
run_2,68.6,5854,25
run_3,68.6,6142,22
run_4,68.6,6716,21
run_5,68.6,6921,19
run_6,68.6,6540,23
run_7,68.6,6745,21
run_8,68.6,6449,23
run_9,68.6,6128,23
run_10,68.6,6663,20
run_1,68.63,6405,22
run_2,68.63,5854,25
run_3,68.63,6142,22
run_4,68.63,6716,21
run_5,68.63,6921,19
run_6,68.63,6540,23
run_7,68.63,6777,21
run_8,68.63,6449,23
run_9,68.63,6128,23
run_10,68.63,6663,20
run_1,68.7,6405,22
run_2,68.7,5854,25
run_3,68.7,6142,22
run_4,68.7,6716,21
run_5,68.7,6921,19
run_6,68.7,6540,23
run_7,68.7,6777,21
run_8,68.7,6449,23
run_9,68.7,6196,23
run_10,68.7,6663,20
run_1,68.83,6405,22
run_2,68.83,5854,25
run_3,68.83,6142,22
run_4,68.83,6716,21
run_5,68.83,6921,19
run_6,68.83,6584,23
run_7,68.83,6777,21
run_8,68.83,6449,23
run_9,68.83,6196,23
run_10,68.83,6663,20
run_1,68.86,6449,22
run_2,68.86,5854,25
run_3,68.86,6142,22
run_4,68.86,6716,21
run_5,68.86,6921,19
run_6,68.86,6584,23
run_7,68.86,6777,21
run_8,68.86,6449,23
run_9,68.86,6196,23
run_10,68.86,6663,20
run_1,68.89,6449,22
run_2,68.89,5854,25
run_3,68.89,6142,22
run_4,68.89,6776,21
run_5,68.89,6921,19
run_6,68.89,6584,23
run_7,68.89,6777,21
run_8,68.89,6449,23
run_9,68.89,6196,23
run_10,68.89,6663,20
run_1,68.99,6449,22
run_2,68.99,5854,25
run_3,68.99,6178,22
run_4,68.99,6776,21
run_5,68.99,6921,19
run_6,68.99,6584,23
run_7,68.99,6777,21
run_8,68.99,6449,23
run_9,68.99,6196,23
run_10,68.99,6663,20
run_1,69.49,6449,22
run_2,69.49,5854,25
run_3,69.49,6178,22
run_4,69.49,6776,21
run_5,69.49,6921,19
run_6,69.49,6584,23
run_7,69.49,6777,21
run_8,69.49,6449,23
run_9,69.49,6196,23
run_10,69.49,6707,20
run_1,69.65,6449,22
run_2,69.65,5854,25
run_3,69.65,6178,22
run_4,69.65,6776,21
run_5,69.65,6961,19
run_6,69.65,6584,23
run_7,69.65,6777,21
run_8,69.65,6449,23
run_9,69.65,6196,23
run_10,69.65,6707,20
run_1,69.7,6449,22
run_2,69.7,5854,25
run_3,69.7,6178,22
run_4,69.7,6776,21
run_5,69.7,6961,19
run_6,69.7,6584,23
run_7,69.7,6777,21
run_8,69.7,6521,23
run_9,69.7,6196,23
run_10,69.7,6707,20
run_1,69.86,6449,22
run_2,69.86,5910,25
run_3,69.86,6178,22
run_4,69.86,6776,21
run_5,69.86,6961,19
run_6,69.86,6584,23
run_7,69.86,6777,21
run_8,69.86,6521,23
run_9,69.86,6196,23
run_10,69.86,6707,20
run_1,69.88,6449,22
run_2,69.88,5910,25
run_3,69.88,6178,22
run_4,69.88,6776,21
run_5,69.88,6961,19
run_6,69.88,6656,23
run_7,69.88,6777,21
run_8,69.88,6521,23
run_9,69.88,6196,23
run_10,69.88,6707,20
run_1,69.91,6449,22
run_2,69.91,5910,25
run_3,69.91,6178,22
run_4,69.91,6776,21
run_5,69.91,6961,19
run_6,69.91,6656,23
run_7,69.91,6777,21
run_8,69.91,6521,23
run_9,69.91,6256,23
run_10,69.91,6707,20
run_1,70.06,6449,22
run_2,70.06,5910,25
run_3,70.06,6178,22
run_4,70.06,6812,21
run_5,70.06,6961,19
run_6,70.06,6656,23
run_7,70.06,6777,21
run_8,70.06,6521,23
run_9,70.06,6256,23
run_10,70.06,6707,20
run_1,70.07,6501,22
run_2,70.07,5910,25
run_3,70.07,6178,22
run_4,70.07,6812,21
run_5,70.07,6961,19
run_6,70.07,6656,23
run_7,70.07,6777,21
run_8,70.07,6521,23
run_9,70.07,6256,23
run_10,70.07,6707,20
run_1,70.1,6501,22
run_2,70.1,5910,25
run_3,70.1,6178,22
run_4,70.1,6812,21
run_5,70.1,6961,19
run_6,70.1,6656,23
run_7,70.1,6825,21
run_8,70.1,6521,23
run_9,70.1,6256,23
run_10,70.1,6707,20
run_1,70.24,6501,22
run_2,70.24,5910,25
run_3,70.24,6242,22
run_4,70.24,6812,21
run_5,70.24,6961,19
run_6,70.24,6656,23
run_7,70.24,6825,21
run_8,70.24,6521,23
run_9,70.24,6256,23
run_10,70.24,6707,20
run_1,70.68,6501,22
run_2,70.68,5910,25
run_3,70.68,6242,22
run_4,70.68,6812,21
run_5,70.68,6961,19
run_6,70.68,6656,23
run_7,70.68,6825,21
run_8,70.68,6521,23
run_9,70.68,6256,23
run_10,70.68,6763,20
run_1,70.69,6501,22
run_2,70.69,5910,25
run_3,70.69,6242,22
run_4,70.69,6812,21
run_5,70.69,6993,19
run_6,70.69,6656,23
run_7,70.69,6825,21
run_8,70.69,6521,23
run_9,70.69,6256,23
run_10,70.69,6763,20
run_1,70.9,6501,22
run_2,70.9,5910,25
run_3,70.9,6242,22
run_4,70.9,6812,21
run_5,70.9,6993,19
run_6,70.9,6656,23
run_7,70.9,6825,21
run_8,70.9,6557,23
run_9,70.9,6256,23
run_10,70.9,6763,20
run_1,70.93,6501,22
run_2,70.93,5910,25
run_3,70.93,6242,22
run_4,70.93,6812,21
run_5,70.93,6993,19
run_6,70.93,6708,23
run_7,70.93,6825,21
run_8,70.93,6557,23
run_9,70.93,6256,23
run_10,70.93,6763,20
run_1,71.03,6501,22
run_2,71.03,5910,25
run_3,71.03,6242,22
run_4,71.03,6812,21
run_5,71.03,6993,19
run_6,71.03,6708,23
run_7,71.03,6825,21
run_8,71.03,6557,23
run_9,71.03,6296,23
run_10,71.03,6763,20
run_1,71.16,6501,22
run_2,71.16,5938,25
run_3,71.16,6242,22
run_4,71.16,6812,21
run_5,71.16,6993,19
run_6,71.16,6708,23
run_7,71.16,6825,21
run_8,71.16,6557,23
run_9,71.16,6296,23
run_10,71.16,6763,20
run_1,71.23,6501,22
run_2,71.23,5938,25
run_3,71.23,6242,22
run_4,71.23,6868,21
run_5,71.23,6993,19
run_6,71.23,6708,23
run_7,71.23,6825,21
run_8,71.23,6557,23
run_9,71.23,6296,23
run_10,71.23,6763,20
run_1,71.25,6501,22
run_2,71.25,5938,25
run_3,71.25,6242,22
run_4,71.25,6868,21
run_5,71.25,6993,19
run_6,71.25,6708,23
run_7,71.25,6857,21
run_8,71.25,6557,23
run_9,71.25,6296,23
run_10,71.25,6763,20
run_1,71.37,6561,22
run_2,71.37,5938,25
run_3,71.37,6242,22
run_4,71.37,6868,21
run_5,71.37,6993,19
run_6,71.37,6708,23
run_7,71.37,6857,21
run_8,71.37,6557,23
run_9,71.37,6296,23
run_10,71.37,6763,20
run_1,71.46,6561,22
run_2,71.46,5938,25
run_3,71.46,6286,22
run_4,71.46,6868,21
run_5,71.46,6993,19
run_6,71.46,6708,23
run_7,71.46,6857,21
run_8,71.46,6557,23
run_9,71.46,6296,23
run_10,71.46,6763,20
run_1,71.77,6561,22
run_2,71.77,5938,25
run_3,71.77,6286,22
run_4,71.77,6868,21
run_5,71.77,7021,19
run_6,71.77,6708,23
run_7,71.77,6857,21
run_8,71.77,6557,23
run_9,71.77,6296,23
run_10,71.77,6763,20
run_1,71.99,6561,22
run_2,71.99,5938,25
run_3,71.99,6286,22
run_4,71.99,6868,21
run_5,71.99,7021,19
run_6,71.99,6744,23
run_7,71.99,6857,21
run_8,71.99,6557,23
run_9,71.99,6296,23
run_10,71.99,6763,20
run_1,72.04,6561,22
run_2,72.04,5938,25
run_3,72.04,6286,22
run_4,72.04,6868,21
run_5,72.04,7021,19
run_6,72.04,6744,23
run_7,72.04,6857,21
run_8,72.04,6557,23
run_9,72.04,6296,23
run_10,72.04,6823,20
run_1,72.22,6561,22
run_2,72.22,5938,25
run_3,72.22,6286,22
run_4,72.22,6868,21
run_5,72.22,7021,19
run_6,72.22,6744,23
run_7,72.22,6857,21
run_8,72.22,6593,23
run_9,72.22,6296,23
run_10,72.22,6823,20
run_1,72.33,6561,22
run_2,72.33,5938,25
run_3,72.33,6286,22
run_4,72.33,6868,21
run_5,72.33,7021,19
run_6,72.33,6744,23
run_7,72.33,6857,21
run_8,72.33,6593,23
run_9,72.33,6344,23
run_10,72.33,6823,20
run_1,72.35,6561,22
run_2,72.35,5938,25
run_3,72.35,6286,22
run_4,72.35,6936,21
run_5,72.35,7021,19
run_6,72.35,6744,23
run_7,72.35,6857,21
run_8,72.35,6593,23
run_9,72.35,6344,23
run_10,72.35,6823,20
run_1,72.47,6561,22
run_2,72.47,5938,25
run_3,72.47,6286,22
run_4,72.47,6936,21
run_5,72.47,7021,19
run_6,72.47,6744,23
run_7,72.47,6893,21
run_8,72.47,6593,23
run_9,72.47,6344,23
run_10,72.47,6823,20
run_1,72.49,6561,22
run_2,72.49,5978,25
run_3,72.49,6286,22
run_4,72.49,6936,21
run_5,72.49,7021,19
run_6,72.49,6744,23
run_7,72.49,6893,21
run_8,72.49,6593,23
run_9,72.49,6344,23
run_10,72.49,6823,20
run_1,72.57,6589,22
run_2,72.57,5978,25
run_3,72.57,6286,22
run_4,72.57,6936,21
run_5,72.57,7021,19
run_6,72.57,6744,23
run_7,72.57,6893,21
run_8,72.57,6593,23
run_9,72.57,6344,23
run_10,72.57,6823,20
run_1,72.82,6589,22
run_2,72.82,5978,25
run_3,72.82,6286,22
run_4,72.82,6936,21
run_5,72.82,7085,19
run_6,72.82,6744,23
run_7,72.82,6893,21
run_8,72.82,6593,23
run_9,72.82,6344,23
run_10,72.82,6823,20
run_1,72.9,6589,22
run_2,72.9,5978,25
run_3,72.9,6322,22
run_4,72.9,6936,21
run_5,72.9,7085,19
run_6,72.9,6744,23
run_7,72.9,6893,21
run_8,72.9,6593,23
run_9,72.9,6344,23
run_10,72.9,6823,20
run_1,73.02,6589,22
run_2,73.02,5978,25
run_3,73.02,6322,22
run_4,73.02,6936,21
run_5,73.02,7085,19
run_6,73.02,6792,23
run_7,73.02,6893,21
run_8,73.02,6593,23
run_9,73.02,6344,23
run_10,73.02,6823,20
run_1,73.21,6589,22
run_2,73.21,5978,25
run_3,73.21,6322,22
run_4,73.21,6936,21
run_5,73.21,7085,19
run_6,73.21,6792,23
run_7,73.21,6893,21
run_8,73.21,6593,23
run_9,73.21,6344,23
run_10,73.21,6867,20
run_1,73.46,6589,22
run_2,73.46,5978,25
run_3,73.46,6322,22
run_4,73.46,6984,21
run_5,73.46,7085,19
run_6,73.46,6792,23
run_7,73.46,6893,21
run_8,73.46,6593,23
run_9,73.46,6344,23
run_10,73.46,6867,20
run_1,73.51,6589,22
run_2,73.51,5978,25
run_3,73.51,6322,22
run_4,73.51,6984,21
run_5,73.51,7085,19
run_6,73.51,6792,23
run_7,73.51,6893,21
run_8,73.51,6669,23
run_9,73.51,6344,23
run_10,73.51,6867,20
run_1,73.55,6589,22
run_2,73.55,5978,25
run_3,73.55,6322,22
run_4,73.55,6984,21
run_5,73.55,7085,19
run_6,73.55,6792,23
run_7,73.55,6893,21
run_8,73.55,6669,23
run_9,73.55,6372,23
run_10,73.55,6867,20
run_1,73.59,6589,22
run_2,73.59,6030,25
run_3,73.59,6322,22
run_4,73.59,6984,21
run_5,73.59,7085,19
run_6,73.59,6792,23
run_7,73.59,6893,21
run_8,73.59,6669,23
run_9,73.59,6372,23
run_10,73.59,6867,20
run_1,73.7,6625,22
run_2,73.7,6030,25
run_3,73.7,6322,22
run_4,73.7,6984,21
run_5,73.7,7085,19
run_6,73.7,6792,23
run_7,73.7,6893,21
run_8,73.7,6669,23
run_9,73.7,6372,23
run_10,73.7,6867,20
run_1,73.8,6625,22
run_2,73.8,6030,25
run_3,73.8,6322,22
run_4,73.8,6984,21
run_5,73.8,7085,19
run_6,73.8,6792,23
run_7,73.8,6929,21
run_8,73.8,6669,23
run_9,73.8,6372,23
run_10,73.8,6867,20
run_1,73.83,6625,22
run_2,73.83,6030,25
run_3,73.83,6322,22
run_4,73.83,6984,21
run_5,73.83,7153,19
run_6,73.83,6792,23
run_7,73.83,6929,21
run_8,73.83,6669,23
run_9,73.83,6372,23
run_10,73.83,6867,20
run_1,74.1,6625,22
run_2,74.1,6030,25
run_3,74.1,6322,22
run_4,74.1,6984,21
run_5,74.1,7153,19
run_6,74.1,6832,23
run_7,74.1,6929,21
run_8,74.1,6669,23
run_9,74.1,6372,23
run_10,74.1,6867,20
run_1,74.24,6625,22
run_2,74.24,6030,25
run_3,74.24,6362,22
run_4,74.24,6984,21
run_5,74.24,7153,19
run_6,74.24,6832,23
run_7,74.24,6929,21
run_8,74.24,6669,23
run_9,74.24,6372,23
run_10,74.24,6867,20
run_1,74.49,6625,22
run_2,74.49,6030,25
run_3,74.49,6362,22
run_4,74.49,6984,21
run_5,74.49,7153,19
run_6,74.49,6832,23
run_7,74.49,6929,21
run_8,74.49,6669,23
run_9,74.49,6372,23
run_10,74.49,6919,20
run_1,74.57,6625,22
run_2,74.57,6030,25
run_3,74.57,6362,22
run_4,74.57,7044,21
run_5,74.57,7153,19
run_6,74.57,6832,23
run_7,74.57,6929,21
run_8,74.57,6669,23
run_9,74.57,6372,23
run_10,74.57,6919,20
run_1,74.71,6625,22
run_2,74.71,6070,25
run_3,74.71,6362,22
run_4,74.71,7044,21
run_5,74.71,7153,19
run_6,74.71,6832,23
run_7,74.71,6929,21
run_8,74.71,6669,23
run_9,74.71,6372,23
run_10,74.71,6919,20
run_1,74.78,6625,22
run_2,74.78,6070,25
run_3,74.78,6362,22
run_4,74.78,7044,21
run_5,74.78,7153,19
run_6,74.78,6832,23
run_7,74.78,6929,21
run_8,74.78,6669,23
run_9,74.78,6420,23
run_10,74.78,6919,20
run_1,74.81,6625,22
run_2,74.81,6070,25
run_3,74.81,6362,22
run_4,74.81,7044,21
run_5,74.81,7153,19
run_6,74.81,6832,23
run_7,74.81,6929,21
run_8,74.81,6721,23
run_9,74.81,6420,23
run_10,74.81,6919,20
run_1,74.84,6625,22
run_2,74.84,6070,25
run_3,74.84,6362,22
run_4,74.84,7044,21
run_5,74.84,7213,19
run_6,74.84,6832,23
run_7,74.84,6929,21
run_8,74.84,6721,23
run_9,74.84,6420,23
run_10,74.84,6919,20
run_1,74.87,6673,22
run_2,74.87,6070,25
run_3,74.87,6362,22
run_4,74.87,7044,21
run_5,74.87,7213,19
run_6,74.87,6832,23
run_7,74.87,6929,21
run_8,74.87,6721,23
run_9,74.87,6420,23
run_10,74.87,6919,20
run_1,74.99,6673,22
run_2,74.99,6070,25
run_3,74.99,6362,22
run_4,74.99,7044,21
run_5,74.99,7213,19
run_6,74.99,6832,23
run_7,74.99,6977,21
run_8,74.99,6721,23
run_9,74.99,6420,23
run_10,74.99,6919,20
run_1,75.17,6673,22
run_2,75.17,6070,25
run_3,75.17,6362,22
run_4,75.17,7044,21
run_5,75.17,7213,19
run_6,75.17,6868,23
run_7,75.17,6977,21
run_8,75.17,6721,23
run_9,75.17,6420,23
run_10,75.17,6919,20
run_1,75.48,6673,22
run_2,75.48,6070,25
run_3,75.48,6390,22
run_4,75.48,7044,21
run_5,75.48,7213,19
run_6,75.48,6868,23
run_7,75.48,6977,21
run_8,75.48,6721,23
run_9,75.48,6420,23
run_10,75.48,6919,20
run_1,75.75,6673,22
run_2,75.75,6070,25
run_3,75.75,6390,22
run_4,75.75,7044,21
run_5,75.75,7213,19
run_6,75.75,6868,23
run_7,75.75,6977,21
run_8,75.75,6721,23
run_9,75.75,6420,23
run_10,75.75,6971,20
run_1,75.76,6673,22
run_2,75.76,6098,25
run_3,75.76,6390,22
run_4,75.76,7084,21
run_5,75.76,7213,19
run_6,75.76,6868,23
run_7,75.76,6977,21
run_8,75.76,6721,23
run_9,75.76,6420,23
run_10,75.76,6971,20
run_1,75.97,6673,22
run_2,75.97,6098,25
run_3,75.97,6390,22
run_4,75.97,7084,21
run_5,75.97,7237,19
run_6,75.97,6868,23
run_7,75.97,6977,21
run_8,75.97,6777,23
run_9,75.97,6420,23
run_10,75.97,6971,20
run_1,76.13,6709,22
run_2,76.13,6098,25
run_3,76.13,6390,22
run_4,76.13,7084,21
run_5,76.13,7237,19
run_6,76.13,6868,23
run_7,76.13,6977,21
run_8,76.13,6777,23
run_9,76.13,6472,23
run_10,76.13,6971,20
run_1,76.18,6709,22
run_2,76.18,6098,25
run_3,76.18,6390,22
run_4,76.18,7084,21
run_5,76.18,7237,19
run_6,76.18,6912,23
run_7,76.18,6977,21
run_8,76.18,6777,23
run_9,76.18,6472,23
run_10,76.18,6971,20
run_1,76.23,6709,22
run_2,76.23,6098,25
run_3,76.23,6390,22
run_4,76.23,7084,21
run_5,76.23,7237,19
run_6,76.23,6912,23
run_7,76.23,7013,21
run_8,76.23,6777,23
run_9,76.23,6472,23
run_10,76.23,6971,20
run_1,76.79,6709,22
run_2,76.79,6134,25
run_3,76.79,6390,22
run_4,76.79,7084,21
run_5,76.79,7237,19
run_6,76.79,6912,23
run_7,76.79,7013,21
run_8,76.79,6777,23
run_9,76.79,6472,23
run_10,76.79,6971,20
run_1,76.89,6709,22
run_2,76.89,6134,25
run_3,76.89,6430,22
run_4,76.89,7084,21
run_5,76.89,7237,19
run_6,76.89,6912,23
run_7,76.89,7013,21
run_8,76.89,6777,23
run_9,76.89,6472,23
run_10,76.89,6971,20
run_1,76.95,6709,22
run_2,76.95,6134,25
run_3,76.95,6430,22
run_4,76.95,7084,21
run_5,76.95,7237,19
run_6,76.95,6912,23
run_7,76.95,7013,21
run_8,76.95,6777,23
run_9,76.95,6472,23
run_10,76.95,7027,20
run_1,77.09,6709,22
run_2,77.09,6134,25
run_3,77.09,6430,22
run_4,77.09,7116,21
run_5,77.09,7237,19
run_6,77.09,6912,23
run_7,77.09,7013,21
run_8,77.09,6777,23
run_9,77.09,6472,23
run_10,77.09,7027,20
run_1,77.14,6709,22
run_2,77.14,6134,25
run_3,77.14,6430,22
run_4,77.14,7116,21
run_5,77.14,7305,19
run_6,77.14,6912,23
run_7,77.14,7013,21
run_8,77.14,6777,23
run_9,77.14,6472,23
run_10,77.14,7027,20
run_1,77.2,6709,22
run_2,77.2,6134,25
run_3,77.2,6430,22
run_4,77.2,7116,21
run_5,77.2,7305,19
run_6,77.2,6968,23
run_7,77.2,7013,21
run_8,77.2,6777,23
run_9,77.2,6472,23
run_10,77.2,7027,20
run_1,77.33,6709,22
run_2,77.33,6134,25
run_3,77.33,6430,22
run_4,77.33,7116,21
run_5,77.33,7305,19
run_6,77.33,6968,23
run_7,77.33,7013,21
run_8,77.33,6825,23
run_9,77.33,6472,23
run_10,77.33,7027,20
run_1,77.37,6709,22
run_2,77.37,6134,25
run_3,77.37,6430,22
run_4,77.37,7116,21
run_5,77.37,7305,19
run_6,77.37,6968,23
run_7,77.37,7013,21
run_8,77.37,6825,23
run_9,77.37,6508,23
run_10,77.37,7027,20
run_1,77.39,6709,22
run_2,77.39,6134,25
run_3,77.39,6430,22
run_4,77.39,7116,21
run_5,77.39,7305,19
run_6,77.39,6968,23
run_7,77.39,7065,21
run_8,77.39,6825,23
run_9,77.39,6508,23
run_10,77.39,7027,20
run_1,77.52,6765,22
run_2,77.52,6134,25
run_3,77.52,6430,22
run_4,77.52,7116,21
run_5,77.52,7305,19
run_6,77.52,6968,23
run_7,77.52,7065,21
run_8,77.52,6825,23
run_9,77.52,6508,23
run_10,77.52,7027,20
run_1,77.96,6765,22
run_2,77.96,6178,25
run_3,77.96,6430,22
run_4,77.96,7116,21
run_5,77.96,7305,19
run_6,77.96,6968,23
run_7,77.96,7065,21
run_8,77.96,6825,23
run_9,77.96,6508,23
run_10,77.96,7027,20
run_1,78.17,6765,22
run_2,78.17,6178,25
run_3,78.17,6430,22
run_4,78.17,7116,21
run_5,78.17,7305,19
run_6,78.17,6968,23
run_7,78.17,7065,21
run_8,78.17,6825,23
run_9,78.17,6508,23
run_10,78.17,7071,20
run_1,78.22,6765,22
run_2,78.22,6178,25
run_3,78.22,6430,22
run_4,78.22,7116,21
run_5,78.22,7305,19
run_6,78.22,7008,23
run_7,78.22,7065,21
run_8,78.22,6825,23
run_9,78.22,6508,23
run_10,78.22,7071,20
run_1,78.26,6765,22
run_2,78.26,6178,25
run_3,78.26,6430,22
run_4,78.26,7164,21
run_5,78.26,7305,19
run_6,78.26,7008,23
run_7,78.26,7065,21
run_8,78.26,6825,23
run_9,78.26,6508,23
run_10,78.26,7071,20
run_1,78.27,6765,22
run_2,78.27,6178,25
run_3,78.27,6430,22
run_4,78.27,7164,21
run_5,78.27,7357,19
run_6,78.27,7008,23
run_7,78.27,7065,21
run_8,78.27,6825,23
run_9,78.27,6508,23
run_10,78.27,7071,20
run_1,78.4,6765,22
run_2,78.4,6178,25
run_3,78.4,6474,22
run_4,78.4,7164,21
run_5,78.4,7357,19
run_6,78.4,7008,23
run_7,78.4,7065,21
run_8,78.4,6825,23
run_9,78.4,6508,23
run_10,78.4,7071,20
run_1,78.54,6765,22
run_2,78.54,6178,25
run_3,78.54,6474,22
run_4,78.54,7164,21
run_5,78.54,7357,19
run_6,78.54,7008,23
run_7,78.54,7065,21
run_8,78.54,6825,23
run_9,78.54,6556,23
run_10,78.54,7071,20
run_1,78.56,6765,22
run_2,78.56,6178,25
run_3,78.56,6474,22
run_4,78.56,7164,21
run_5,78.56,7357,19
run_6,78.56,7008,23
run_7,78.56,7101,21
run_8,78.56,6825,23
run_9,78.56,6556,23
run_10,78.56,7071,20
run_1,78.7,6801,22
run_2,78.7,6178,25
run_3,78.7,6474,22
run_4,78.7,7164,21
run_5,78.7,7357,19
run_6,78.7,7008,23
run_7,78.7,7101,21
run_8,78.7,6825,23
run_9,78.7,6556,23
run_10,78.7,7071,20
run_1,78.73,6801,22
run_2,78.73,6178,25
run_3,78.73,6474,22
run_4,78.73,7164,21
run_5,78.73,7357,19
run_6,78.73,7008,23
run_7,78.73,7101,21
run_8,78.73,6877,23
run_9,78.73,6556,23
run_10,78.73,7071,20
run_1,79.19,6801,22
run_2,79.19,6226,25
run_3,79.19,6474,22
run_4,79.19,7164,21
run_5,79.19,7357,19
run_6,79.19,7008,23
run_7,79.19,7101,21
run_8,79.19,6877,23
run_9,79.19,6556,23
run_10,79.19,7071,20
run_1,79.23,6801,22
run_2,79.23,6226,25
run_3,79.23,6474,22
run_4,79.23,7164,21
run_5,79.23,7357,19
run_6,79.23,7044,23
run_7,79.23,7101,21
run_8,79.23,6877,23
run_9,79.23,6556,23
run_10,79.23,7071,20
run_1,79.33,6801,22
run_2,79.33,6226,25
run_3,79.33,6474,22
run_4,79.33,7164,21
run_5,79.33,7429,19
run_6,79.33,7044,23
run_7,79.33,7101,21
run_8,79.33,6877,23
run_9,79.33,6556,23
run_10,79.33,7071,20
run_1,79.41,6801,22
run_2,79.41,6226,25
run_3,79.41,6474,22
run_4,79.41,7204,21
run_5,79.41,7429,19
run_6,79.41,7044,23
run_7,79.41,7101,21
run_8,79.41,6877,23
run_9,79.41,6556,23
run_10,79.41,7071,20
run_1,79.71,6801,22
run_2,79.71,6226,25
run_3,79.71,6550,22
run_4,79.71,7204,21
run_5,79.71,7429,19
run_6,79.71,7044,23
run_7,79.71,7101,21
run_8,79.71,6877,23
run_9,79.71,6556,23
run_10,79.71,7071,20
run_1,79.74,6801,22
run_2,79.74,6226,25
run_3,79.74,6550,22
run_4,79.74,7204,21
run_5,79.74,7429,19
run_6,79.74,7044,23
run_7,79.74,7149,21
run_8,79.74,6877,23
run_9,79.74,6556,23
run_10,79.74,7119,20
run_1,79.78,6801,22
run_2,79.78,6226,25
run_3,79.78,6550,22
run_4,79.78,7204,21
run_5,79.78,7429,19
run_6,79.78,7044,23
run_7,79.78,7149,21
run_8,79.78,6877,23
run_9,79.78,6596,23
run_10,79.78,7119,20
run_1,80.06,6849,22
run_2,80.06,6226,25
run_3,80.06,6550,22
run_4,80.06,7204,21
run_5,80.06,7429,19
run_6,80.06,7044,23
run_7,80.06,7149,21
run_8,80.06,6877,23
run_9,80.06,6596,23
run_10,80.06,7119,20
run_1,80.08,6849,22
run_2,80.08,6226,25
run_3,80.08,6550,22
run_4,80.08,7204,21
run_5,80.08,7429,19
run_6,80.08,7044,23
run_7,80.08,7149,21
run_8,80.08,6945,23
run_9,80.08,6596,23
run_10,80.08,7119,20
run_1,80.21,6849,22
run_2,80.21,6226,25
run_3,80.21,6550,22
run_4,80.21,7204,21
run_5,80.21,7429,19
run_6,80.21,7092,23
run_7,80.21,7149,21
run_8,80.21,6945,23
run_9,80.21,6596,23
run_10,80.21,7119,20
run_1,80.39,6849,22
run_2,80.39,6226,25
run_3,80.39,6550,22
run_4,80.39,7204,21
run_5,80.39,7501,19
run_6,80.39,7092,23
run_7,80.39,7149,21
run_8,80.39,6945,23
run_9,80.39,6596,23
run_10,80.39,7119,20
run_1,80.48,6849,22
run_2,80.48,6226,25
run_3,80.48,6550,22
run_4,80.48,7248,21
run_5,80.48,7501,19
run_6,80.48,7092,23
run_7,80.48,7149,21
run_8,80.48,6945,23
run_9,80.48,6596,23
run_10,80.48,7119,20
run_1,80.67,6849,22
run_2,80.67,6286,25
run_3,80.67,6550,22
run_4,80.67,7248,21
run_5,80.67,7501,19
run_6,80.67,7092,23
run_7,80.67,7149,21
run_8,80.67,6945,23
run_9,80.67,6596,23
run_10,80.67,7119,20
run_1,80.98,6849,22
run_2,80.98,6286,25
run_3,80.98,6550,22
run_4,80.98,7248,21
run_5,80.98,7501,19
run_6,80.98,7092,23
run_7,80.98,7149,21
run_8,80.98,6945,23
run_9,80.98,6596,23
run_10,80.98,7167,20
run_1,81.01,6849,22
run_2,81.01,6286,25
run_3,81.01,6598,22
run_4,81.01,7248,21
run_5,81.01,7501,19
run_6,81.01,7092,23
run_7,81.01,7149,21
run_8,81.01,6945,23
run_9,81.01,6596,23
run_10,81.01,7167,20
run_1,81.02,6849,22
run_2,81.02,6286,25
run_3,81.02,6598,22
run_4,81.02,7248,21
run_5,81.02,7501,19
run_6,81.02,7092,23
run_7,81.02,7181,21
run_8,81.02,6945,23
run_9,81.02,6596,23
run_10,81.02,7167,20
run_1,81.04,6849,22
run_2,81.04,6286,25
run_3,81.04,6598,22
run_4,81.04,7248,21
run_5,81.04,7501,19
run_6,81.04,7092,23
run_7,81.04,7181,21
run_8,81.04,6945,23
run_9,81.04,6636,23
run_10,81.04,7167,20
run_1,81.24,6849,22
run_2,81.24,6286,25
run_3,81.24,6598,22
run_4,81.24,7248,21
run_5,81.24,7501,19
run_6,81.24,7136,23
run_7,81.24,7181,21
run_8,81.24,6945,23
run_9,81.24,6636,23
run_10,81.24,7167,20
run_1,81.41,6849,22
run_2,81.41,6286,25
run_3,81.41,6598,22
run_4,81.41,7248,21
run_5,81.41,7501,19
run_6,81.41,7136,23
run_7,81.41,7181,21
run_8,81.41,6973,23
run_9,81.41,6636,23
run_10,81.41,7167,20
run_1,81.48,6905,22
run_2,81.48,6286,25
run_3,81.48,6598,22
run_4,81.48,7248,21
run_5,81.48,7501,19
run_6,81.48,7136,23
run_7,81.48,7181,21
run_8,81.48,6973,23
run_9,81.48,6636,23
run_10,81.48,7167,20
run_1,81.49,6905,22
run_2,81.49,6286,25
run_3,81.49,6598,22
run_4,81.49,7248,21
run_5,81.49,7553,19
run_6,81.49,7136,23
run_7,81.49,7181,21
run_8,81.49,6973,23
run_9,81.49,6636,23
run_10,81.49,7167,20
run_1,81.66,6905,22
run_2,81.66,6286,25
run_3,81.66,6598,22
run_4,81.66,7288,21
run_5,81.66,7553,19
run_6,81.66,7136,23
run_7,81.66,7181,21
run_8,81.66,6973,23
run_9,81.66,6636,23
run_10,81.66,7167,20
run_1,81.81,6905,22
run_2,81.81,6318,25
run_3,81.81,6598,22
run_4,81.81,7288,21
run_5,81.81,7553,19
run_6,81.81,7136,23
run_7,81.81,7181,21
run_8,81.81,6973,23
run_9,81.81,6636,23
run_10,81.81,7167,20
run_1,82.2,6905,22
run_2,82.2,6318,25
run_3,82.2,6598,22
run_4,82.2,7288,21
run_5,82.2,7553,19
run_6,82.2,7136,23
run_7,82.2,7181,21
run_8,82.2,6973,23
run_9,82.2,6688,23
run_10,82.2,7167,20
run_1,82.23,6905,22
run_2,82.23,6318,25
run_3,82.23,6598,22
run_4,82.23,7288,21
run_5,82.23,7553,19
run_6,82.23,7136,23
run_7,82.23,7237,21
run_8,82.23,6973,23
run_9,82.23,6688,23
run_10,82.23,7167,20
run_1,82.32,6905,22
run_2,82.32,6318,25
run_3,82.32,6598,22
run_4,82.32,7288,21
run_5,82.32,7553,19
run_6,82.32,7136,23
run_7,82.32,7237,21
run_8,82.32,6973,23
run_9,82.32,6688,23
run_10,82.32,7187,20
run_1,82.36,6905,22
run_2,82.36,6318,25
run_3,82.36,6598,22
run_4,82.36,7288,21
run_5,82.36,7553,19
run_6,82.36,7164,23
run_7,82.36,7237,21
run_8,82.36,6973,23
run_9,82.36,6688,23
run_10,82.36,7187,20
run_1,82.48,6905,22
run_2,82.48,6318,25
run_3,82.48,6662,22
run_4,82.48,7288,21
run_5,82.48,7553,19
run_6,82.48,7164,23
run_7,82.48,7237,21
run_8,82.48,6973,23
run_9,82.48,6688,23
run_10,82.48,7187,20
run_1,82.58,6905,22
run_2,82.58,6318,25
run_3,82.58,6662,22
run_4,82.58,7288,21
run_5,82.58,7581,19
run_6,82.58,7164,23
run_7,82.58,7237,21
run_8,82.58,6973,23
run_9,82.58,6688,23
run_10,82.58,7187,20
run_1,82.7,6905,22
run_2,82.7,6318,25
run_3,82.7,6662,22
run_4,82.7,7288,21
run_5,82.7,7581,19
run_6,82.7,7164,23
run_7,82.7,7237,21
run_8,82.7,7033,23
run_9,82.7,6688,23
run_10,82.7,7187,20
run_1,82.73,6925,22
run_2,82.73,6318,25
run_3,82.73,6662,22
run_4,82.73,7288,21
run_5,82.73,7581,19
run_6,82.73,7164,23
run_7,82.73,7237,21
run_8,82.73,7033,23
run_9,82.73,6688,23
run_10,82.73,7187,20
run_1,83.03,6925,22
run_2,83.03,6338,25
run_3,83.03,6662,22
run_4,83.03,7288,21
run_5,83.03,7581,19
run_6,83.03,7164,23
run_7,83.03,7237,21
run_8,83.03,7033,23
run_9,83.03,6688,23
run_10,83.03,7187,20
run_1,83.15,6925,22
run_2,83.15,6338,25
run_3,83.15,6662,22
run_4,83.15,7332,21
run_5,83.15,7581,19
run_6,83.15,7164,23
run_7,83.15,7237,21
run_8,83.15,7033,23
run_9,83.15,6688,23
run_10,83.15,7187,20
run_1,83.35,6925,22
run_2,83.35,6338,25
run_3,83.35,6662,22
run_4,83.35,7332,21
run_5,83.35,7581,19
run_6,83.35,7208,23
run_7,83.35,7237,21
run_8,83.35,7033,23
run_9,83.35,6688,23
run_10,83.35,7187,20
run_1,83.36,6925,22
run_2,83.36,6338,25
run_3,83.36,6662,22
run_4,83.36,7332,21
run_5,83.36,7581,19
run_6,83.36,7208,23
run_7,83.36,7237,21
run_8,83.36,7033,23
run_9,83.36,6728,23
run_10,83.36,7187,20
run_1,83.44,6925,22
run_2,83.44,6338,25
run_3,83.44,6662,22
run_4,83.44,7332,21
run_5,83.44,7581,19
run_6,83.44,7208,23
run_7,83.44,7305,21
run_8,83.44,7033,23
run_9,83.44,6728,23
run_10,83.44,7187,20
run_1,83.56,6925,22
run_2,83.56,6338,25
run_3,83.56,6718,22
run_4,83.56,7332,21
run_5,83.56,7581,19
run_6,83.56,7208,23
run_7,83.56,7305,21
run_8,83.56,7033,23
run_9,83.56,6728,23
run_10,83.56,7187,20
run_1,83.64,6925,22
run_2,83.64,6338,25
run_3,83.64,6718,22
run_4,83.64,7332,21
run_5,83.64,7581,19
run_6,83.64,7208,23
run_7,83.64,7305,21
run_8,83.64,7033,23
run_9,83.64,6728,23
run_10,83.64,7243,20
run_1,83.66,6925,22
run_2,83.66,6338,25
run_3,83.66,6718,22
run_4,83.66,7332,21
run_5,83.66,7641,19
run_6,83.66,7208,23
run_7,83.66,7305,21
run_8,83.66,7033,23
run_9,83.66,6728,23
run_10,83.66,7243,20
run_1,83.93,6925,22
run_2,83.93,6338,25
run_3,83.93,6718,22
run_4,83.93,7332,21
run_5,83.93,7641,19
run_6,83.93,7208,23
run_7,83.93,7305,21
run_8,83.93,7049,23
run_9,83.93,6728,23
run_10,83.93,7243,20
run_1,84.02,6949,22
run_2,84.02,6338,25
run_3,84.02,6718,22
run_4,84.02,7332,21
run_5,84.02,7641,19
run_6,84.02,7208,23
run_7,84.02,7305,21
run_8,84.02,7049,23
run_9,84.02,6728,23
run_10,84.02,7243,20
run_1,84.22,6949,22
run_2,84.22,6390,25
run_3,84.22,6718,22
run_4,84.22,7332,21
run_5,84.22,7641,19
run_6,84.22,7208,23
run_7,84.22,7305,21
run_8,84.22,7049,23
run_9,84.22,6728,23
run_10,84.22,7243,20
run_1,84.4,6949,22
run_2,84.4,6390,25
run_3,84.4,6718,22
run_4,84.4,7392,21
run_5,84.4,7641,19
run_6,84.4,7208,23
run_7,84.4,7305,21
run_8,84.4,7049,23
run_9,84.4,6728,23
run_10,84.4,7243,20
run_1,84.44,6949,22
run_2,84.44,6390,25
run_3,84.44,6718,22
run_4,84.44,7392,21
run_5,84.44,7641,19
run_6,84.44,7244,23
run_7,84.44,7305,21
run_8,84.44,7049,23
run_9,84.44,6728,23
run_10,84.44,7243,20
run_1,84.59,6949,22
run_2,84.59,6390,25
run_3,84.59,6718,22
run_4,84.59,7392,21
run_5,84.59,7641,19
run_6,84.59,7244,23
run_7,84.59,7305,21
run_8,84.59,7049,23
run_9,84.59,6796,23
run_10,84.59,7243,20
run_1,84.62,6949,22
run_2,84.62,6390,25
run_3,84.62,6718,22
run_4,84.62,7392,21
run_5,84.62,7641,19
run_6,84.62,7244,23
run_7,84.62,7353,21
run_8,84.62,7049,23
run_9,84.62,6796,23
run_10,84.62,7243,20
run_1,84.68,6949,22
run_2,84.68,6390,25
run_3,84.68,6786,22
run_4,84.68,7392,21
run_5,84.68,7677,19
run_6,84.68,7244,23
run_7,84.68,7353,21
run_8,84.68,7049,23
run_9,84.68,6796,23
run_10,84.68,7243,20
run_1,85.11,6949,22
run_2,85.11,6390,25
run_3,85.11,6786,22
run_4,85.11,7392,21
run_5,85.11,7677,19
run_6,85.11,7244,23
run_7,85.11,7353,21
run_8,85.11,7049,23
run_9,85.11,6796,23
run_10,85.11,7287,20
run_1,85.12,6949,22
run_2,85.12,6390,25
run_3,85.12,6786,22
run_4,85.12,7392,21
run_5,85.12,7677,19
run_6,85.12,7244,23
run_7,85.12,7353,21
run_8,85.12,7101,23
run_9,85.12,6796,23
run_10,85.12,7287,20
run_1,85.31,6993,22
run_2,85.31,6390,25
run_3,85.31,6786,22
run_4,85.31,7392,21
run_5,85.31,7677,19
run_6,85.31,7244,23
run_7,85.31,7353,21
run_8,85.31,7101,23
run_9,85.31,6796,23
run_10,85.31,7287,20
run_1,85.39,6993,22
run_2,85.39,6426,25
run_3,85.39,6786,22
run_4,85.39,7392,21
run_5,85.39,7677,19
run_6,85.39,7244,23
run_7,85.39,7353,21
run_8,85.39,7101,23
run_9,85.39,6796,23
run_10,85.39,7287,20
run_1,85.56,6993,22
run_2,85.56,6426,25
run_3,85.56,6786,22
run_4,85.56,7444,21
run_5,85.56,7677,19
run_6,85.56,7244,23
run_7,85.56,7353,21
run_8,85.56,7101,23
run_9,85.56,6796,23
run_10,85.56,7287,20
run_1,85.67,6993,22
run_2,85.67,6426,25
run_3,85.67,6786,22
run_4,85.67,7444,21
run_5,85.67,7677,19
run_6,85.67,7284,23
run_7,85.67,7353,21
run_8,85.67,7101,23
run_9,85.67,6796,23
run_10,85.67,7287,20
run_1,85.69,6993,22
run_2,85.69,6426,25
run_3,85.69,6786,22
run_4,85.69,7444,21
run_5,85.69,7741,19
run_6,85.69,7284,23
run_7,85.69,7353,21
run_8,85.69,7101,23
run_9,85.69,6796,23
run_10,85.69,7287,20
run_1,85.76,6993,22
run_2,85.76,6426,25
run_3,85.76,6786,22
run_4,85.76,7444,21
run_5,85.76,7741,19
run_6,85.76,7284,23
run_7,85.76,7353,21
run_8,85.76,7101,23
run_9,85.76,6824,23
run_10,85.76,7287,20
run_1,85.78,6993,22
run_2,85.78,6426,25
run_3,85.78,6834,22
run_4,85.78,7444,21
run_5,85.78,7741,19
run_6,85.78,7284,23
run_7,85.78,7353,21
run_8,85.78,7101,23
run_9,85.78,6824,23
run_10,85.78,7287,20
run_1,85.89,6993,22
run_2,85.89,6426,25
run_3,85.89,6834,22
run_4,85.89,7444,21
run_5,85.89,7741,19
run_6,85.89,7284,23
run_7,85.89,7381,21
run_8,85.89,7101,23
run_9,85.89,6824,23
run_10,85.89,7287,20
run_1,86.36,6993,22
run_2,86.36,6426,25
run_3,86.36,6834,22
run_4,86.36,7444,21
run_5,86.36,7741,19
run_6,86.36,7284,23
run_7,86.36,7381,21
run_8,86.36,7125,23
run_9,86.36,6824,23
run_10,86.36,7287,20
run_1,86.37,6993,22
run_2,86.37,6426,25
run_3,86.37,6834,22
run_4,86.37,7444,21
run_5,86.37,7741,19
run_6,86.37,7284,23
run_7,86.37,7381,21
run_8,86.37,7125,23
run_9,86.37,6824,23
run_10,86.37,7347,20
run_1,86.51,6993,22
run_2,86.51,6470,25
run_3,86.51,6834,22
run_4,86.51,7444,21
run_5,86.51,7741,19
run_6,86.51,7284,23
run_7,86.51,7381,21
run_8,86.51,7125,23
run_9,86.51,6824,23
run_10,86.51,7347,20
run_1,86.54,7033,22
run_2,86.54,6470,25
run_3,86.54,6834,22
run_4,86.54,7444,21
run_5,86.54,7741,19
run_6,86.54,7284,23
run_7,86.54,7381,21
run_8,86.54,7125,23
run_9,86.54,6824,23
run_10,86.54,7347,20
run_1,86.8,7033,22
run_2,86.8,6470,25
run_3,86.8,6834,22
run_4,86.8,7444,21
run_5,86.8,7781,19
run_6,86.8,7284,23
run_7,86.8,7381,21
run_8,86.8,7125,23
run_9,86.8,6824,23
run_10,86.8,7347,20
run_1,86.84,7033,22
run_2,86.84,6470,25
run_3,86.84,6834,22
run_4,86.84,7444,21
run_5,86.84,7781,19
run_6,86.84,7340,23
run_7,86.84,7381,21
run_8,86.84,7125,23
run_9,86.84,6824,23
run_10,86.84,7347,20
run_1,86.87,7033,22
run_2,86.87,6470,25
run_3,86.87,6898,22
run_4,86.87,7444,21
run_5,86.87,7781,19
run_6,86.87,7340,23
run_7,86.87,7381,21
run_8,86.87,7125,23
run_9,86.87,6824,23
run_10,86.87,7347,20
run_1,86.96,7033,22
run_2,86.96,6470,25
run_3,86.96,6898,22
run_4,86.96,7500,21
run_5,86.96,7781,19
run_6,86.96,7340,23
run_7,86.96,7381,21
run_8,86.96,7125,23
run_9,86.96,6824,23
run_10,86.96,7347,20
run_1,86.98,7033,22
run_2,86.98,6470,25
run_3,86.98,6898,22
run_4,86.98,7500,21
run_5,86.98,7781,19
run_6,86.98,7340,23
run_7,86.98,7381,21
run_8,86.98,7125,23
run_9,86.98,6868,23
run_10,86.98,7347,20
run_1,87.06,7033,22
run_2,87.06,6470,25
run_3,87.06,6898,22
run_4,87.06,7500,21
run_5,87.06,7781,19
run_6,87.06,7340,23
run_7,87.06,7433,21
run_8,87.06,7125,23
run_9,87.06,6868,23
run_10,87.06,7347,20
run_1,87.52,7033,22
run_2,87.52,6470,25
run_3,87.52,6898,22
run_4,87.52,7500,21
run_5,87.52,7781,19
run_6,87.52,7340,23
run_7,87.52,7433,21
run_8,87.52,7145,23
run_9,87.52,6868,23
run_10,87.52,7347,20
run_1,87.56,7033,22
run_2,87.56,6522,25
run_3,87.56,6898,22
run_4,87.56,7500,21
run_5,87.56,7781,19
run_6,87.56,7340,23
run_7,87.56,7433,21
run_8,87.56,7145,23
run_9,87.56,6868,23
run_10,87.56,7347,20
run_1,87.81,7033,22
run_2,87.81,6522,25
run_3,87.81,6898,22
run_4,87.81,7500,21
run_5,87.81,7781,19
run_6,87.81,7380,23
run_7,87.81,7433,21
run_8,87.81,7145,23
run_9,87.81,6868,23
run_10,87.81,7347,20
run_1,87.87,7033,22
run_2,87.87,6522,25
run_3,87.87,6898,22
run_4,87.87,7500,21
run_5,87.87,7781,19
run_6,87.87,7380,23
run_7,87.87,7433,21
run_8,87.87,7145,23
run_9,87.87,6868,23
run_10,87.87,7399,20
run_1,87.89,7089,22
run_2,87.89,6522,25
run_3,87.89,6898,22
run_4,87.89,7500,21
run_5,87.89,7825,19
run_6,87.89,7380,23
run_7,87.89,7433,21
run_8,87.89,7145,23
run_9,87.89,6868,23
run_10,87.89,7399,20
run_1,87.99,7089,22
run_2,87.99,6522,25
run_3,87.99,6938,22
run_4,87.99,7500,21
run_5,87.99,7825,19
run_6,87.99,7380,23
run_7,87.99,7433,21
run_8,87.99,7145,23
run_9,87.99,6868,23
run_10,87.99,7399,20
run_1,88.16,7089,22
run_2,88.16,6522,25
run_3,88.16,6938,22
run_4,88.16,7500,21
run_5,88.16,7825,19
run_6,88.16,7380,23
run_7,88.16,7433,21
run_8,88.16,7145,23
run_9,88.16,6912,23
run_10,88.16,7399,20
run_1,88.24,7089,22
run_2,88.24,6522,25
run_3,88.24,6938,22
run_4,88.24,7500,21
run_5,88.24,7825,19
run_6,88.24,7380,23
run_7,88.24,7509,21
run_8,88.24,7145,23
run_9,88.24,6912,23
run_10,88.24,7399,20
run_1,88.45,7089,22
run_2,88.45,6522,25
run_3,88.45,6938,22
run_4,88.45,7532,21
run_5,88.45,7825,19
run_6,88.45,7380,23
run_7,88.45,7509,21
run_8,88.45,7145,23
run_9,88.45,6912,23
run_10,88.45,7399,20
run_1,88.63,7089,22
run_2,88.63,6546,25
run_3,88.63,6938,22
run_4,88.63,7532,21
run_5,88.63,7825,19
run_6,88.63,7380,23
run_7,88.63,7509,21
run_8,88.63,7145,23
run_9,88.63,6912,23
run_10,88.63,7399,20
run_1,88.72,7089,22
run_2,88.72,6546,25
run_3,88.72,6938,22
run_4,88.72,7532,21
run_5,88.72,7825,19
run_6,88.72,7380,23
run_7,88.72,7509,21
run_8,88.72,7173,23
run_9,88.72,6912,23
run_10,88.72,7399,20
run_1,88.78,7089,22
run_2,88.78,6546,25
run_3,88.78,6938,22
run_4,88.78,7532,21
run_5,88.78,7825,19
run_6,88.78,7404,23
run_7,88.78,7509,21
run_8,88.78,7173,23
run_9,88.78,6912,23
run_10,88.78,7399,20
run_1,89.01,7089,22
run_2,89.01,6546,25
run_3,89.01,6938,22
run_4,89.01,7532,21
run_5,89.01,7881,19
run_6,89.01,7404,23
run_7,89.01,7509,21
run_8,89.01,7173,23
run_9,89.01,6912,23
run_10,89.01,7399,20
run_1,89.13,7089,22
run_2,89.13,6546,25
run_3,89.13,6978,22
run_4,89.13,7532,21
run_5,89.13,7881,19
run_6,89.13,7404,23
run_7,89.13,7509,21
run_8,89.13,7173,23
run_9,89.13,6912,23
run_10,89.13,7399,20
run_1,89.2,7125,22
run_2,89.2,6546,25
run_3,89.2,6978,22
run_4,89.2,7532,21
run_5,89.2,7881,19
run_6,89.2,7404,23
run_7,89.2,7509,21
run_8,89.2,7173,23
run_9,89.2,6912,23
run_10,89.2,7447,20
run_1,89.34,7125,22
run_2,89.34,6546,25
run_3,89.34,6978,22
run_4,89.34,7532,21
run_5,89.34,7881,19
run_6,89.34,7404,23
run_7,89.34,7509,21
run_8,89.34,7173,23
run_9,89.34,6932,23
run_10,89.34,7447,20
run_1,89.41,7125,22
run_2,89.41,6546,25
run_3,89.41,6978,22
run_4,89.41,7532,21
run_5,89.41,7881,19
run_6,89.41,7404,23
run_7,89.41,7565,21
run_8,89.41,7173,23
run_9,89.41,6932,23
run_10,89.41,7447,20
run_1,89.6,7125,22
run_2,89.6,6546,25
run_3,89.6,6978,22
run_4,89.6,7552,21
run_5,89.6,7881,19
run_6,89.6,7404,23
run_7,89.6,7565,21
run_8,89.6,7173,23
run_9,89.6,6932,23
run_10,89.6,7447,20
run_1,89.9,7125,22
run_2,89.9,6546,25
run_3,89.9,6978,22
run_4,89.9,7552,21
run_5,89.9,7881,19
run_6,89.9,7440,23
run_7,89.9,7565,21
run_8,89.9,7173,23
run_9,89.9,6932,23
run_10,89.9,7447,20
run_1,90.01,7125,22
run_2,90.01,6546,25
run_3,90.01,6978,22
run_4,90.01,7552,21
run_5,90.01,7881,19
run_6,90.01,7440,23
run_7,90.01,7565,21
run_8,90.01,7205,23
run_9,90.01,6932,23
run_10,90.01,7447,20
run_1,90.02,7125,22
run_2,90.02,6586,25
run_3,90.02,6978,22
run_4,90.02,7552,21
run_5,90.02,7881,19
run_6,90.02,7440,23
run_7,90.02,7565,21
run_8,90.02,7205,23
run_9,90.02,6932,23
run_10,90.02,7447,20
run_1,90.04,7125,22
run_2,90.04,6586,25
run_3,90.04,6978,22
run_4,90.04,7552,21
run_5,90.04,7929,19
run_6,90.04,7440,23
run_7,90.04,7565,21
run_8,90.04,7205,23
run_9,90.04,6932,23
run_10,90.04,7447,20
run_1,90.36,7161,22
run_2,90.36,6586,25
run_3,90.36,6978,22
run_4,90.36,7552,21
run_5,90.36,7929,19
run_6,90.36,7440,23
run_7,90.36,7565,21
run_8,90.36,7205,23
run_9,90.36,6932,23
run_10,90.36,7447,20
run_1,90.39,7161,22
run_2,90.39,6586,25
run_3,90.39,7018,22
run_4,90.39,7552,21
run_5,90.39,7929,19
run_6,90.39,7440,23
run_7,90.39,7565,21
run_8,90.39,7205,23
run_9,90.39,6932,23
run_10,90.39,7447,20
run_1,90.45,7161,22
run_2,90.45,6586,25
run_3,90.45,7018,22
run_4,90.45,7552,21
run_5,90.45,7929,19
run_6,90.45,7440,23
run_7,90.45,7565,21
run_8,90.45,7205,23
run_9,90.45,6932,23
run_10,90.45,7491,20
run_1,90.58,7161,22
run_2,90.58,6586,25
run_3,90.58,7018,22
run_4,90.58,7552,21
run_5,90.58,7929,19
run_6,90.58,7440,23
run_7,90.58,7565,21
run_8,90.58,7205,23
run_9,90.58,6956,23
run_10,90.58,7491,20
run_1,90.59,7161,22
run_2,90.59,6586,25
run_3,90.59,7018,22
run_4,90.59,7552,21
run_5,90.59,7929,19
run_6,90.59,7440,23
run_7,90.59,7609,21
run_8,90.59,7205,23
run_9,90.59,6956,23
run_10,90.59,7491,20
run_1,90.89,7161,22
run_2,90.89,6586,25
run_3,90.89,7018,22
run_4,90.89,7628,21
run_5,90.89,7929,19
run_6,90.89,7440,23
run_7,90.89,7609,21
run_8,90.89,7205,23
run_9,90.89,6956,23
run_10,90.89,7491,20
run_1,90.92,7161,22
run_2,90.92,6586,25
run_3,90.92,7018,22
run_4,90.92,7628,21
run_5,90.92,7929,19
run_6,90.92,7496,23
run_7,90.92,7609,21
run_8,90.92,7205,23
run_9,90.92,6956,23
run_10,90.92,7491,20
run_1,91.03,7161,22
run_2,91.03,6626,25
run_3,91.03,7018,22
run_4,91.03,7628,21
run_5,91.03,7929,19
run_6,91.03,7496,23
run_7,91.03,7609,21
run_8,91.03,7205,23
run_9,91.03,6956,23
run_10,91.03,7491,20
run_1,91.1,7161,22
run_2,91.1,6626,25
run_3,91.1,7018,22
run_4,91.1,7628,21
run_5,91.1,7969,19
run_6,91.1,7496,23
run_7,91.1,7609,21
run_8,91.1,7205,23
run_9,91.1,6956,23
run_10,91.1,7491,20
run_1,91.23,7161,22
run_2,91.23,6626,25
run_3,91.23,7018,22
run_4,91.23,7628,21
run_5,91.23,7969,19
run_6,91.23,7496,23
run_7,91.23,7609,21
run_8,91.23,7281,23
run_9,91.23,6956,23
run_10,91.23,7491,20
run_1,91.55,7161,22
run_2,91.55,6626,25
run_3,91.55,7070,22
run_4,91.55,7628,21
run_5,91.55,7969,19
run_6,91.55,7496,23
run_7,91.55,7609,21
run_8,91.55,7281,23
run_9,91.55,6956,23
run_10,91.55,7491,20
run_1,91.7,7161,22
run_2,91.7,6626,25
run_3,91.7,7070,22
run_4,91.7,7628,21
run_5,91.7,7969,19
run_6,91.7,7496,23
run_7,91.7,7609,21
run_8,91.7,7281,23
run_9,91.7,6956,23
run_10,91.7,7543,20
run_1,91.74,7205,22
run_2,91.74,6626,25
run_3,91.74,7070,22
run_4,91.74,7628,21
run_5,91.74,7969,19
run_6,91.74,7496,23
run_7,91.74,7609,21
run_8,91.74,7281,23
run_9,91.74,6956,23
run_10,91.74,7543,20
run_1,91.78,7205,22
run_2,91.78,6626,25
run_3,91.78,7070,22
run_4,91.78,7628,21
run_5,91.78,7969,19
run_6,91.78,7496,23
run_7,91.78,7609,21
run_8,91.78,7281,23
run_9,91.78,7000,23
run_10,91.78,7543,20
run_1,91.88,7205,22
run_2,91.88,6626,25
run_3,91.88,7070,22
run_4,91.88,7628,21
run_5,91.88,7969,19
run_6,91.88,7496,23
run_7,91.88,7637,21
run_8,91.88,7281,23
run_9,91.88,7000,23
run_10,91.88,7543,20
run_1,91.97,7205,22
run_2,91.97,6626,25
run_3,91.97,7070,22
run_4,91.97,7628,21
run_5,91.97,7969,19
run_6,91.97,7536,23
run_7,91.97,7637,21
run_8,91.97,7281,23
run_9,91.97,7000,23
run_10,91.97,7543,20
run_1,92.1,7205,22
run_2,92.1,6626,25
run_3,92.1,7070,22
run_4,92.1,7628,21
run_5,92.1,8017,19
run_6,92.1,7536,23
run_7,92.1,7637,21
run_8,92.1,7281,23
run_9,92.1,7000,23
run_10,92.1,7543,20
run_1,92.18,7205,22
run_2,92.18,6626,25
run_3,92.18,7070,22
run_4,92.18,7668,21
run_5,92.18,8017,19
run_6,92.18,7536,23
run_7,92.18,7637,21
run_8,92.18,7281,23
run_9,92.18,7000,23
run_10,92.18,7543,20
run_1,92.28,7205,22
run_2,92.28,6682,25
run_3,92.28,7070,22
run_4,92.28,7668,21
run_5,92.28,8017,19
run_6,92.28,7536,23
run_7,92.28,7637,21
run_8,92.28,7281,23
run_9,92.28,7000,23
run_10,92.28,7543,20
run_1,92.52,7205,22
run_2,92.52,6682,25
run_3,92.52,7070,22
run_4,92.52,7668,21
run_5,92.52,8017,19
run_6,92.52,7536,23
run_7,92.52,7637,21
run_8,92.52,7305,23
run_9,92.52,7000,23
run_10,92.52,7543,20
run_1,92.66,7205,22
run_2,92.66,6682,25
run_3,92.66,7114,22
run_4,92.66,7668,21
run_5,92.66,8017,19
run_6,92.66,7536,23
run_7,92.66,7637,21
run_8,92.66,7305,23
run_9,92.66,7000,23
run_10,92.66,7543,20
run_1,92.94,7245,22
run_2,92.94,6682,25
run_3,92.94,7114,22
run_4,92.94,7668,21
run_5,92.94,8017,19
run_6,92.94,7536,23
run_7,92.94,7637,21
run_8,92.94,7305,23
run_9,92.94,7000,23
run_10,92.94,7543,20
run_1,92.95,7245,22
run_2,92.95,6682,25
run_3,92.95,7114,22
run_4,92.95,7668,21
run_5,92.95,8017,19
run_6,92.95,7536,23
run_7,92.95,7637,21
run_8,92.95,7305,23
run_9,92.95,7000,23
run_10,92.95,7587,20
run_1,93.09,7245,22
run_2,93.09,6682,25
run_3,93.09,7114,22
run_4,93.09,7668,21
run_5,93.09,8017,19
run_6,93.09,7536,23
run_7,93.09,7677,21
run_8,93.09,7305,23
run_9,93.09,7000,23
run_10,93.09,7587,20
run_1,93.1,7245,22
run_2,93.1,6682,25
run_3,93.1,7114,22
run_4,93.1,7668,21
run_5,93.1,8017,19
run_6,93.1,7536,23
run_7,93.1,7677,21
run_8,93.1,7305,23
run_9,93.1,7032,23
run_10,93.1,7587,20
run_1,93.11,7245,22
run_2,93.11,6682,25
run_3,93.11,7114,22
run_4,93.11,7668,21
run_5,93.11,8017,19
run_6,93.11,7584,23
run_7,93.11,7677,21
run_8,93.11,7305,23
run_9,93.11,7032,23
run_10,93.11,7587,20
run_1,93.16,7245,22
run_2,93.16,6682,25
run_3,93.16,7114,22
run_4,93.16,7668,21
run_5,93.16,8073,19
run_6,93.16,7584,23
run_7,93.16,7677,21
run_8,93.16,7305,23
run_9,93.16,7032,23
run_10,93.16,7587,20
run_1,93.35,7245,22
run_2,93.35,6682,25
run_3,93.35,7114,22
run_4,93.35,7708,21
run_5,93.35,8073,19
run_6,93.35,7584,23
run_7,93.35,7677,21
run_8,93.35,7305,23
run_9,93.35,7032,23
run_10,93.35,7587,20
run_1,93.53,7245,22
run_2,93.53,6706,25
run_3,93.53,7114,22
run_4,93.53,7708,21
run_5,93.53,8073,19
run_6,93.53,7584,23
run_7,93.53,7677,21
run_8,93.53,7305,23
run_9,93.53,7032,23
run_10,93.53,7587,20
run_1,93.68,7245,22
run_2,93.68,6706,25
run_3,93.68,7114,22
run_4,93.68,7708,21
run_5,93.68,8073,19
run_6,93.68,7584,23
run_7,93.68,7677,21
run_8,93.68,7341,23
run_9,93.68,7032,23
run_10,93.68,7587,20
run_1,93.76,7245,22
run_2,93.76,6706,25
run_3,93.76,7130,22
run_4,93.76,7708,21
run_5,93.76,8073,19
run_6,93.76,7584,23
run_7,93.76,7677,21
run_8,93.76,7341,23
run_9,93.76,7032,23
run_10,93.76,7587,20
run_1,94.14,7245,22
run_2,94.14,6706,25
run_3,94.14,7130,22
run_4,94.14,7708,21
run_5,94.14,8073,19
run_6,94.14,7620,23
run_7,94.14,7677,21
run_8,94.14,7341,23
run_9,94.14,7032,23
run_10,94.14,7587,20
run_1,94.15,7245,22
run_2,94.15,6706,25
run_3,94.15,7130,22
run_4,94.15,7708,21
run_5,94.15,8109,19
run_6,94.15,7620,23
run_7,94.15,7677,21
run_8,94.15,7341,23
run_9,94.15,7032,23
run_10,94.15,7587,20
run_1,94.17,7245,22
run_2,94.17,6706,25
run_3,94.17,7130,22
run_4,94.17,7708,21
run_5,94.17,8109,19
run_6,94.17,7620,23
run_7,94.17,7677,21
run_8,94.17,7341,23
run_9,94.17,7032,23
run_10,94.17,7643,20
run_1,94.28,7245,22
run_2,94.28,6706,25
run_3,94.28,7130,22
run_4,94.28,7708,21
run_5,94.28,8109,19
run_6,94.28,7620,23
run_7,94.28,7753,21
run_8,94.28,7341,23
run_9,94.28,7032,23
run_10,94.28,7643,20
run_1,94.38,7245,22
run_2,94.38,6706,25
run_3,94.38,7130,22
run_4,94.38,7708,21
run_5,94.38,8109,19
run_6,94.38,7620,23
run_7,94.38,7753,21
run_8,94.38,7341,23
run_9,94.38,7060,23
run_10,94.38,7643,20
run_1,94.49,7325,22
run_2,94.49,6706,25
run_3,94.49,7130,22
run_4,94.49,7708,21
run_5,94.49,8109,19
run_6,94.49,7620,23
run_7,94.49,7753,21
run_8,94.49,7341,23
run_9,94.49,7060,23
run_10,94.49,7643,20
run_1,94.53,7325,22
run_2,94.53,6706,25
run_3,94.53,7130,22
run_4,94.53,7740,21
run_5,94.53,8109,19
run_6,94.53,7620,23
run_7,94.53,7753,21
run_8,94.53,7341,23
run_9,94.53,7060,23
run_10,94.53,7643,20
run_1,94.97,7325,22
run_2,94.97,6706,25
run_3,94.97,7130,22
run_4,94.97,7740,21
run_5,94.97,8109,19
run_6,94.97,7620,23
run_7,94.97,7753,21
run_8,94.97,7397,23
run_9,94.97,7060,23
run_10,94.97,7643,20
run_1,95.01,7325,22
run_2,95.01,6706,25
run_3,95.01,7166,22
run_4,95.01,7740,21
run_5,95.01,8109,19
run_6,95.01,7620,23
run_7,95.01,7753,21
run_8,95.01,7397,23
run_9,95.01,7060,23
run_10,95.01,7643,20
run_1,95.08,7325,22
run_2,95.08,6750,25
run_3,95.08,7166,22
run_4,95.08,7740,21
run_5,95.08,8109,19
run_6,95.08,7620,23
run_7,95.08,7753,21
run_8,95.08,7397,23
run_9,95.08,7060,23
run_10,95.08,7643,20
run_1,95.16,7325,22
run_2,95.16,6750,25
run_3,95.16,7166,22
run_4,95.16,7740,21
run_5,95.16,8169,19
run_6,95.16,7620,23
run_7,95.16,7753,21
run_8,95.16,7397,23
run_9,95.16,7060,23
run_10,95.16,7643,20
run_1,95.19,7325,22
run_2,95.19,6750,25
run_3,95.19,7166,22
run_4,95.19,7740,21
run_5,95.19,8169,19
run_6,95.19,7668,23
run_7,95.19,7753,21
run_8,95.19,7397,23
run_9,95.19,7060,23
run_10,95.19,7643,20
run_1,95.47,7325,22
run_2,95.47,6750,25
run_3,95.47,7166,22
run_4,95.47,7740,21
run_5,95.47,8169,19
run_6,95.47,7668,23
run_7,95.47,7753,21
run_8,95.47,7397,23
run_9,95.47,7060,23
run_10,95.47,7671,20
run_1,95.58,7325,22
run_2,95.58,6750,25
run_3,95.58,7166,22
run_4,95.58,7740,21
run_5,95.58,8169,19
run_6,95.58,7668,23
run_7,95.58,7753,21
run_8,95.58,7397,23
run_9,95.58,7128,23
run_10,95.58,7671,20
run_1,95.65,7325,22
run_2,95.65,6750,25
run_3,95.65,7166,22
run_4,95.65,7740,21
run_5,95.65,8169,19
run_6,95.65,7668,23
run_7,95.65,7781,21
run_8,95.65,7397,23
run_9,95.65,7128,23
run_10,95.65,7671,20
run_1,95.66,7325,22
run_2,95.66,6750,25
run_3,95.66,7166,22
run_4,95.66,7784,21
run_5,95.66,8169,19
run_6,95.66,7668,23
run_7,95.66,7781,21
run_8,95.66,7397,23
run_9,95.66,7128,23
run_10,95.66,7671,20
run_1,95.75,7365,22
run_2,95.75,6750,25
run_3,95.75,7166,22
run_4,95.75,7784,21
run_5,95.75,8169,19
run_6,95.75,7668,23
run_7,95.75,7781,21
run_8,95.75,7397,23
run_9,95.75,7128,23
run_10,95.75,7671,20
run_1,96.13,7365,22
run_2,96.13,6790,25
run_3,96.13,7166,22
run_4,96.13,7784,21
run_5,96.13,8169,19
run_6,96.13,7668,23
run_7,96.13,7781,21
run_8,96.13,7397,23
run_9,96.13,7128,23
run_10,96.13,7671,20
run_1,96.17,7365,22
run_2,96.17,6790,25
run_3,96.17,7166,22
run_4,96.17,7784,21
run_5,96.17,8169,19
run_6,96.17,7668,23
run_7,96.17,7781,21
run_8,96.17,7465,23
run_9,96.17,7128,23
run_10,96.17,7671,20
run_1,96.2,7365,22
run_2,96.2,6790,25
run_3,96.2,7166,22
run_4,96.2,7784,21
run_5,96.2,8225,19
run_6,96.2,7668,23
run_7,96.2,7781,21
run_8,96.2,7465,23
run_9,96.2,7128,23
run_10,96.2,7671,20
run_1,96.21,7365,22
run_2,96.21,6790,25
run_3,96.21,7226,22
run_4,96.21,7784,21
run_5,96.21,8225,19
run_6,96.21,7668,23
run_7,96.21,7781,21
run_8,96.21,7465,23
run_9,96.21,7128,23
run_10,96.21,7671,20
run_1,96.31,7365,22
run_2,96.31,6790,25
run_3,96.31,7226,22
run_4,96.31,7784,21
run_5,96.31,8225,19
run_6,96.31,7708,23
run_7,96.31,7781,21
run_8,96.31,7465,23
run_9,96.31,7128,23
run_10,96.31,7671,20
run_1,96.66,7365,22
run_2,96.66,6790,25
run_3,96.66,7226,22
run_4,96.66,7784,21
run_5,96.66,8225,19
run_6,96.66,7708,23
run_7,96.66,7781,21
run_8,96.66,7465,23
run_9,96.66,7128,23
run_10,96.66,7715,20
run_1,96.8,7365,22
run_2,96.8,6790,25
run_3,96.8,7226,22
run_4,96.8,7828,21
run_5,96.8,8225,19
run_6,96.8,7708,23
run_7,96.8,7781,21
run_8,96.8,7465,23
run_9,96.8,7128,23
run_10,96.8,7715,20
run_1,96.83,7365,22
run_2,96.83,6790,25
run_3,96.83,7226,22
run_4,96.83,7828,21
run_5,96.83,8225,19
run_6,96.83,7708,23
run_7,96.83,7781,21
run_8,96.83,7465,23
run_9,96.83,7152,23
run_10,96.83,7715,20
run_1,97.01,7365,22
run_2,97.01,6790,25
run_3,97.01,7226,22
run_4,97.01,7828,21
run_5,97.01,8225,19
run_6,97.01,7708,23
run_7,97.01,7829,21
run_8,97.01,7465,23
run_9,97.01,7152,23
run_10,97.01,7715,20
run_1,97.07,7401,22
run_2,97.07,6790,25
run_3,97.07,7226,22
run_4,97.07,7828,21
run_5,97.07,8225,19
run_6,97.07,7708,23
run_7,97.07,7829,21
run_8,97.07,7465,23
run_9,97.07,7152,23
run_10,97.07,7715,20
run_1,97.3,7401,22
run_2,97.3,6790,25
run_3,97.3,7274,22
run_4,97.3,7828,21
run_5,97.3,8225,19
run_6,97.3,7708,23
run_7,97.3,7829,21
run_8,97.3,7465,23
run_9,97.3,7152,23
run_10,97.3,7715,20
run_1,97.33,7401,22
run_2,97.33,6814,25
run_3,97.33,7274,22
run_4,97.33,7828,21
run_5,97.33,8225,19
run_6,97.33,7708,23
run_7,97.33,7829,21
run_8,97.33,7465,23
run_9,97.33,7152,23
run_10,97.33,7715,20
run_1,97.35,7401,22
run_2,97.35,6814,25
run_3,97.35,7274,22
run_4,97.35,7828,21
run_5,97.35,8285,19
run_6,97.35,7708,23
run_7,97.35,7829,21
run_8,97.35,7465,23
run_9,97.35,7152,23
run_10,97.35,7715,20
run_1,97.4,7401,22
run_2,97.4,6814,25
run_3,97.4,7274,22
run_4,97.4,7828,21
run_5,97.4,8285,19
run_6,97.4,7760,23
run_7,97.4,7829,21
run_8,97.4,7465,23
run_9,97.4,7152,23
run_10,97.4,7715,20
run_1,97.48,7401,22
run_2,97.48,6814,25
run_3,97.48,7274,22
run_4,97.48,7828,21
run_5,97.48,8285,19
run_6,97.48,7760,23
run_7,97.48,7829,21
run_8,97.48,7493,23
run_9,97.48,7152,23
run_10,97.48,7715,20
run_1,97.93,7401,22
run_2,97.93,6814,25
run_3,97.93,7274,22
run_4,97.93,7856,21
run_5,97.93,8285,19
run_6,97.93,7760,23
run_7,97.93,7829,21
run_8,97.93,7493,23
run_9,97.93,7152,23
run_10,97.93,7715,20
run_1,97.98,7401,22
run_2,97.98,6814,25
run_3,97.98,7274,22
run_4,97.98,7856,21
run_5,97.98,8285,19
run_6,97.98,7760,23
run_7,97.98,7829,21
run_8,97.98,7493,23
run_9,97.98,7152,23
run_10,97.98,7755,20
run_1,98.11,7401,22
run_2,98.11,6814,25
run_3,98.11,7274,22
run_4,98.11,7856,21
run_5,98.11,8285,19
run_6,98.11,7760,23
run_7,98.11,7829,21
run_8,98.11,7493,23
run_9,98.11,7196,23
run_10,98.11,7755,20
run_1,98.24,7401,22
run_2,98.24,6814,25
run_3,98.24,7274,22
run_4,98.24,7856,21
run_5,98.24,8285,19
run_6,98.24,7760,23
run_7,98.24,7881,21
run_8,98.24,7493,23
run_9,98.24,7196,23
run_10,98.24,7755,20
run_1,98.39,7401,22
run_2,98.39,6814,25
run_3,98.39,7326,22
run_4,98.39,7856,21
run_5,98.39,8285,19
run_6,98.39,7760,23
run_7,98.39,7881,21
run_8,98.39,7493,23
run_9,98.39,7196,23
run_10,98.39,7755,20
run_1,98.4,7401,22
run_2,98.4,6814,25
run_3,98.4,7326,22
run_4,98.4,7856,21
run_5,98.4,8285,19
run_6,98.4,7808,23
run_7,98.4,7881,21
run_8,98.4,7493,23
run_9,98.4,7196,23
run_10,98.4,7755,20
run_1,98.43,7401,22
run_2,98.43,6814,25
run_3,98.43,7326,22
run_4,98.43,7856,21
run_5,98.43,8333,19
run_6,98.43,7808,23
run_7,98.43,7881,21
run_8,98.43,7493,23
run_9,98.43,7196,23
run_10,98.43,7755,20
run_1,98.56,7401,22
run_2,98.56,6870,25
run_3,98.56,7326,22
run_4,98.56,7856,21
run_5,98.56,8333,19
run_6,98.56,7808,23
run_7,98.56,7881,21
run_8,98.56,7493,23
run_9,98.56,7196,23
run_10,98.56,7755,20
run_1,98.63,7441,22
run_2,98.63,6870,25
run_3,98.63,7326,22
run_4,98.63,7856,21
run_5,98.63,8333,19
run_6,98.63,7808,23
run_7,98.63,7881,21
run_8,98.63,7493,23
run_9,98.63,7196,23
run_10,98.63,7755,20
run_1,98.77,7441,22
run_2,98.77,6870,25
run_3,98.77,7326,22
run_4,98.77,7856,21
run_5,98.77,8333,19
run_6,98.77,7808,23
run_7,98.77,7881,21
run_8,98.77,7541,23
run_9,98.77,7196,23
run_10,98.77,7755,20
run_1,99.2,7441,22
run_2,99.2,6870,25
run_3,99.2,7326,22
run_4,99.2,7856,21
run_5,99.2,8333,19
run_6,99.2,7808,23
run_7,99.2,7881,21
run_8,99.2,7541,23
run_9,99.2,7196,23
run_10,99.2,7807,20
run_1,99.29,7441,22
run_2,99.29,6870,25
run_3,99.29,7326,22
run_4,99.29,7856,21
run_5,99.29,8333,19
run_6,99.29,7808,23
run_7,99.29,7881,21
run_8,99.29,7541,23
run_9,99.29,7252,23
run_10,99.29,7807,20
run_1,99.34,7441,22
run_2,99.34,6870,25
run_3,99.34,7326,22
run_4,99.34,7920,21
run_5,99.34,8333,19
run_6,99.34,7808,23
run_7,99.34,7881,21
run_8,99.34,7541,23
run_9,99.34,7252,23
run_10,99.34,7807,20
run_1,99.39,7441,22
run_2,99.39,6870,25
run_3,99.39,7326,22
run_4,99.39,7920,21
run_5,99.39,8333,19
run_6,99.39,7860,23
run_7,99.39,7881,21
run_8,99.39,7541,23
run_9,99.39,7252,23
run_10,99.39,7807,20
run_1,99.45,7441,22
run_2,99.45,6870,25
run_3,99.45,7326,22
run_4,99.45,7920,21
run_5,99.45,8333,19
run_6,99.45,7860,23
run_7,99.45,7909,21
run_8,99.45,7541,23
run_9,99.45,7252,23
run_10,99.45,7807,20
run_1,99.46,7441,22
run_2,99.46,6870,25
run_3,99.46,7398,22
run_4,99.46,7920,21
run_5,99.46,8333,19
run_6,99.46,7860,23
run_7,99.46,7909,21
run_8,99.46,7541,23
run_9,99.46,7252,23
run_10,99.46,7807,20
run_1,99.49,7441,22
run_2,99.49,6870,25
run_3,99.49,7398,22
run_4,99.49,7920,21
run_5,99.49,8377,19
run_6,99.49,7860,23
run_7,99.49,7909,21
run_8,99.49,7541,23
run_9,99.49,7252,23
run_10,99.49,7807,20
run_1,99.78,7441,22
run_2,99.78,6926,25
run_3,99.78,7398,22
run_4,99.78,7920,21
run_5,99.78,8377,19
run_6,99.78,7860,23
run_7,99.78,7909,21
run_8,99.78,7541,23
run_9,99.78,7252,23
run_10,99.78,7807,20
run_1,100.02,7473,22
run_2,100.02,6926,25
run_3,100.02,7398,22
run_4,100.02,7920,21
run_5,100.02,8377,19
run_6,100.02,7860,23
run_7,100.02,7909,21
run_8,100.02,7541,23
run_9,100.02,7252,23
run_10,100.02,7807,20
run_1,100.08,7473,22
run_2,100.08,6926,25
run_3,100.08,7398,22
run_4,100.08,7920,21
run_5,100.08,8377,19
run_6,100.08,7860,23
run_7,100.08,7909,21
run_8,100.08,7593,23
run_9,100.08,7252,23
run_10,100.08,7807,20
run_1,100.42,7473,22
run_2,100.42,6926,25
run_3,100.42,7398,22
run_4,100.42,7920,21
run_5,100.42,8377,19
run_6,100.42,7860,23
run_7,100.42,7909,21
run_8,100.42,7593,23
run_9,100.42,7252,23
run_10,100.42,7863,20
run_1,100.43,7473,22
run_2,100.43,6926,25
run_3,100.43,7398,22
run_4,100.43,7920,21
run_5,100.43,8377,19
run_6,100.43,7860,23
run_7,100.43,7909,21
run_8,100.43,7593,23
run_9,100.43,7284,23
run_10,100.43,7863,20
run_1,100.47,7473,22
run_2,100.47,6926,25
run_3,100.47,7398,22
run_4,100.47,7920,21
run_5,100.47,8377,19
run_6,100.47,7908,23
run_7,100.47,7909,21
run_8,100.47,7593,23
run_9,100.47,7284,23
run_10,100.47,7863,20
run_1,100.5,7473,22
run_2,100.5,6926,25
run_3,100.5,7398,22
run_4,100.5,7920,21
run_5,100.5,8421,19
run_6,100.5,7908,23
run_7,100.5,7909,21
run_8,100.5,7593,23
run_9,100.5,7284,23
run_10,100.5,7863,20
run_1,100.51,7473,22
run_2,100.51,6926,25
run_3,100.51,7398,22
run_4,100.51,7960,21
run_5,100.51,8421,19
run_6,100.51,7908,23
run_7,100.51,7909,21
run_8,100.51,7593,23
run_9,100.51,7284,23
run_10,100.51,7863,20
run_1,100.62,7473,22
run_2,100.62,6926,25
run_3,100.62,7450,22
run_4,100.62,7960,21
run_5,100.62,8421,19
run_6,100.62,7908,23
run_7,100.62,7909,21
run_8,100.62,7593,23
run_9,100.62,7284,23
run_10,100.62,7863,20
run_1,100.63,7473,22
run_2,100.63,6926,25
run_3,100.63,7450,22
run_4,100.63,7960,21
run_5,100.63,8421,19
run_6,100.63,7908,23
run_7,100.63,7973,21
run_8,100.63,7593,23
run_9,100.63,7284,23
run_10,100.63,7863,20
run_1,101,7473,22
run_2,101,6970,25
run_3,101,7450,22
run_4,101,7960,21
run_5,101,8421,19
run_6,101,7908,23
run_7,101,7973,21
run_8,101,7593,23
run_9,101,7284,23
run_10,101,7863,20
run_1,101.25,7497,22
run_2,101.25,6970,25
run_3,101.25,7450,22
run_4,101.25,7960,21
run_5,101.25,8421,19
run_6,101.25,7908,23
run_7,101.25,7973,21
run_8,101.25,7593,23
run_9,101.25,7284,23
run_10,101.25,7863,20
run_1,101.48,7497,22
run_2,101.48,6970,25
run_3,101.48,7450,22
run_4,101.48,7960,21
run_5,101.48,8421,19
run_6,101.48,7908,23
run_7,101.48,7973,21
run_8,101.48,7661,23
run_9,101.48,7284,23
run_10,101.48,7863,20
run_1,101.5,7497,22
run_2,101.5,6970,25
run_3,101.5,7450,22
run_4,101.5,7960,21
run_5,101.5,8421,19
run_6,101.5,7960,23
run_7,101.5,7973,21
run_8,101.5,7661,23
run_9,101.5,7284,23
run_10,101.5,7863,20
run_1,101.53,7497,22
run_2,101.53,6970,25
run_3,101.53,7450,22
run_4,101.53,7960,21
run_5,101.53,8485,19
run_6,101.53,7960,23
run_7,101.53,7973,21
run_8,101.53,7661,23
run_9,101.53,7284,23
run_10,101.53,7863,20
run_1,101.65,7497,22
run_2,101.65,6970,25
run_3,101.65,7450,22
run_4,101.65,7960,21
run_5,101.65,8485,19
run_6,101.65,7960,23
run_7,101.65,7973,21
run_8,101.65,7661,23
run_9,101.65,7284,23
run_10,101.65,7907,20
run_1,101.69,7497,22
run_2,101.69,6970,25
run_3,101.69,7450,22
run_4,101.69,8000,21
run_5,101.69,8485,19
run_6,101.69,7960,23
run_7,101.69,7973,21
run_8,101.69,7661,23
run_9,101.69,7320,23
run_10,101.69,7907,20
run_1,101.77,7497,22
run_2,101.77,6970,25
run_3,101.77,7478,22
run_4,101.77,8000,21
run_5,101.77,8485,19
run_6,101.77,7960,23
run_7,101.77,7973,21
run_8,101.77,7661,23
run_9,101.77,7320,23
run_10,101.77,7907,20
run_1,101.89,7497,22
run_2,101.89,6970,25
run_3,101.89,7478,22
run_4,101.89,8000,21
run_5,101.89,8485,19
run_6,101.89,7960,23
run_7,101.89,8001,21
run_8,101.89,7661,23
run_9,101.89,7320,23
run_10,101.89,7907,20
run_1,102.12,7497,22
run_2,102.12,7010,25
run_3,102.12,7478,22
run_4,102.12,8000,21
run_5,102.12,8485,19
run_6,102.12,7960,23
run_7,102.12,8001,21
run_8,102.12,7661,23
run_9,102.12,7320,23
run_10,102.12,7907,20
run_1,102.56,7497,22
run_2,102.56,7010,25
run_3,102.56,7478,22
run_4,102.56,8000,21
run_5,102.56,8545,19
run_6,102.56,7960,23
run_7,102.56,8001,21
run_8,102.56,7661,23
run_9,102.56,7320,23
run_10,102.56,7907,20
run_1,102.62,7565,22
run_2,102.62,7010,25
run_3,102.62,7478,22
run_4,102.62,8000,21
run_5,102.62,8545,19
run_6,102.62,7960,23
run_7,102.62,8001,21
run_8,102.62,7661,23
run_9,102.62,7320,23
run_10,102.62,7907,20
run_1,102.72,7565,22
run_2,102.72,7010,25
run_3,102.72,7478,22
run_4,102.72,8000,21
run_5,102.72,8545,19
run_6,102.72,8020,23
run_7,102.72,8001,21
run_8,102.72,7661,23
run_9,102.72,7320,23
run_10,102.72,7907,20
run_1,102.82,7565,22
run_2,102.82,7010,25
run_3,102.82,7478,22
run_4,102.82,8000,21
run_5,102.82,8545,19
run_6,102.82,8020,23
run_7,102.82,8001,21
run_8,102.82,7701,23
run_9,102.82,7320,23
run_10,102.82,7907,20
run_1,102.83,7565,22
run_2,102.83,7010,25
run_3,102.83,7518,22
run_4,102.83,8000,21
run_5,102.83,8545,19
run_6,102.83,8020,23
run_7,102.83,8001,21
run_8,102.83,7701,23
run_9,102.83,7320,23
run_10,102.83,7907,20
run_1,102.85,7565,22
run_2,102.85,7010,25
run_3,102.85,7518,22
run_4,102.85,8000,21
run_5,102.85,8545,19
run_6,102.85,8020,23
run_7,102.85,8001,21
run_8,102.85,7701,23
run_9,102.85,7320,23
run_10,102.85,7943,20
run_1,102.89,7565,22
run_2,102.89,7010,25
run_3,102.89,7518,22
run_4,102.89,8000,21
run_5,102.89,8545,19
run_6,102.89,8020,23
run_7,102.89,8001,21
run_8,102.89,7701,23
run_9,102.89,7380,23
run_10,102.89,7943,20
run_1,103.01,7565,22
run_2,103.01,7010,25
run_3,103.01,7518,22
run_4,103.01,8064,21
run_5,103.01,8545,19
run_6,103.01,8020,23
run_7,103.01,8001,21
run_8,103.01,7701,23
run_9,103.01,7380,23
run_10,103.01,7943,20
run_1,103.04,7565,22
run_2,103.04,7010,25
run_3,103.04,7518,22
run_4,103.04,8064,21
run_5,103.04,8545,19
run_6,103.04,8020,23
run_7,103.04,8037,21
run_8,103.04,7701,23
run_9,103.04,7380,23
run_10,103.04,7943,20
run_1,103.33,7565,22
run_2,103.33,7042,25
run_3,103.33,7518,22
run_4,103.33,8064,21
run_5,103.33,8545,19
run_6,103.33,8020,23
run_7,103.33,8037,21
run_8,103.33,7701,23
run_9,103.33,7380,23
run_10,103.33,7943,20
run_1,103.54,7565,22
run_2,103.54,7042,25
run_3,103.54,7518,22
run_4,103.54,8064,21
run_5,103.54,8585,19
run_6,103.54,8020,23
run_7,103.54,8037,21
run_8,103.54,7701,23
run_9,103.54,7380,23
run_10,103.54,7943,20
run_1,103.83,7565,22
run_2,103.83,7042,25
run_3,103.83,7518,22
run_4,103.83,8064,21
run_5,103.83,8585,19
run_6,103.83,8052,23
run_7,103.83,8037,21
run_8,103.83,7701,23
run_9,103.83,7380,23
run_10,103.83,7943,20
run_1,103.91,7565,22
run_2,103.91,7042,25
run_3,103.91,7590,22
run_4,103.91,8064,21
run_5,103.91,8585,19
run_6,103.91,8052,23
run_7,103.91,8037,21
run_8,103.91,7701,23
run_9,103.91,7380,23
run_10,103.91,7943,20
run_1,104.02,7565,22
run_2,104.02,7042,25
run_3,104.02,7590,22
run_4,104.02,8064,21
run_5,104.02,8585,19
run_6,104.02,8052,23
run_7,104.02,8037,21
run_8,104.02,7701,23
run_9,104.02,7380,23
run_10,104.02,7999,20
run_1,104.05,7565,22
run_2,104.05,7042,25
run_3,104.05,7590,22
run_4,104.05,8064,21
run_5,104.05,8585,19
run_6,104.05,8052,23
run_7,104.05,8037,21
run_8,104.05,7701,23
run_9,104.05,7416,23
run_10,104.05,7999,20
run_1,104.08,7605,22
run_2,104.08,7042,25
run_3,104.08,7590,22
run_4,104.08,8064,21
run_5,104.08,8585,19
run_6,104.08,8052,23
run_7,104.08,8037,21
run_8,104.08,7701,23
run_9,104.08,7416,23
run_10,104.08,7999,20
run_1,104.14,7605,22
run_2,104.14,7042,25
run_3,104.14,7590,22
run_4,104.14,8064,21
run_5,104.14,8585,19
run_6,104.14,8052,23
run_7,104.14,8037,21
run_8,104.14,7745,23
run_9,104.14,7416,23
run_10,104.14,7999,20
run_1,104.2,7605,22
run_2,104.2,7042,25
run_3,104.2,7590,22
run_4,104.2,8104,21
run_5,104.2,8585,19
run_6,104.2,8052,23
run_7,104.2,8037,21
run_8,104.2,7745,23
run_9,104.2,7416,23
run_10,104.2,7999,20
run_1,104.24,7605,22
run_2,104.24,7042,25
run_3,104.24,7590,22
run_4,104.24,8104,21
run_5,104.24,8585,19
run_6,104.24,8052,23
run_7,104.24,8081,21
run_8,104.24,7745,23
run_9,104.24,7416,23
run_10,104.24,7999,20
run_1,104.57,7605,22
run_2,104.57,7042,25
run_3,104.57,7590,22
run_4,104.57,8104,21
run_5,104.57,8637,19
run_6,104.57,8052,23
run_7,104.57,8081,21
run_8,104.57,7745,23
run_9,104.57,7416,23
run_10,104.57,7999,20
run_1,104.95,7605,22
run_2,104.95,7078,25
run_3,104.95,7590,22
run_4,104.95,8104,21
run_5,104.95,8637,19
run_6,104.95,8052,23
run_7,104.95,8081,21
run_8,104.95,7745,23
run_9,104.95,7416,23
run_10,104.95,7999,20
run_1,104.96,7605,22
run_2,104.96,7078,25
run_3,104.96,7590,22
run_4,104.96,8104,21
run_5,104.96,8637,19
run_6,104.96,8080,23
run_7,104.96,8081,21
run_8,104.96,7745,23
run_9,104.96,7416,23
run_10,104.96,7999,20
run_1,104.97,7605,22
run_2,104.97,7078,25
run_3,104.97,7614,22
run_4,104.97,8104,21
run_5,104.97,8637,19
run_6,104.97,8080,23
run_7,104.97,8081,21
run_8,104.97,7745,23
run_9,104.97,7416,23
run_10,104.97,7999,20
run_1,105.23,7605,22
run_2,105.23,7078,25
run_3,105.23,7614,22
run_4,105.23,8104,21
run_5,105.23,8637,19
run_6,105.23,8080,23
run_7,105.23,8081,21
run_8,105.23,7745,23
run_9,105.23,7416,23
run_10,105.23,8039,20
run_1,105.28,7605,22
run_2,105.28,7078,25
run_3,105.28,7614,22
run_4,105.28,8104,21
run_5,105.28,8637,19
run_6,105.28,8080,23
run_7,105.28,8081,21
run_8,105.28,7745,23
run_9,105.28,7472,23
run_10,105.28,8039,20
run_1,105.34,7605,22
run_2,105.34,7078,25
run_3,105.34,7614,22
run_4,105.34,8152,21
run_5,105.34,8637,19
run_6,105.34,8080,23
run_7,105.34,8081,21
run_8,105.34,7745,23
run_9,105.34,7472,23
run_10,105.34,8039,20
run_1,105.36,7605,22
run_2,105.36,7078,25
run_3,105.36,7614,22
run_4,105.36,8152,21
run_5,105.36,8637,19
run_6,105.36,8080,23
run_7,105.36,8081,21
run_8,105.36,7813,23
run_9,105.36,7472,23
run_10,105.36,8039,20
run_1,105.42,7605,22
run_2,105.42,7078,25
run_3,105.42,7614,22
run_4,105.42,8152,21
run_5,105.42,8637,19
run_6,105.42,8080,23
run_7,105.42,8117,21
run_8,105.42,7813,23
run_9,105.42,7472,23
run_10,105.42,8039,20
run_1,105.48,7645,22
run_2,105.48,7078,25
run_3,105.48,7614,22
run_4,105.48,8152,21
run_5,105.48,8637,19
run_6,105.48,8080,23
run_7,105.48,8117,21
run_8,105.48,7813,23
run_9,105.48,7472,23
run_10,105.48,8039,20
run_1,105.58,7645,22
run_2,105.58,7078,25
run_3,105.58,7614,22
run_4,105.58,8152,21
run_5,105.58,8685,19
run_6,105.58,8080,23
run_7,105.58,8117,21
run_8,105.58,7813,23
run_9,105.58,7472,23
run_10,105.58,8039,20
run_1,106.14,7645,22
run_2,106.14,7078,25
run_3,106.14,7614,22
run_4,106.14,8152,21
run_5,106.14,8685,19
run_6,106.14,8156,23
run_7,106.14,8117,21
run_8,106.14,7813,23
run_9,106.14,7472,23
run_10,106.14,8039,20
run_1,106.16,7645,22
run_2,106.16,7130,25
run_3,106.16,7614,22
run_4,106.16,8152,21
run_5,106.16,8685,19
run_6,106.16,8156,23
run_7,106.16,8117,21
run_8,106.16,7813,23
run_9,106.16,7472,23
run_10,106.16,8039,20
run_1,106.17,7645,22
run_2,106.17,7130,25
run_3,106.17,7674,22
run_4,106.17,8152,21
run_5,106.17,8685,19
run_6,106.17,8156,23
run_7,106.17,8117,21
run_8,106.17,7813,23
run_9,106.17,7472,23
run_10,106.17,8039,20
run_1,106.48,7645,22
run_2,106.48,7130,25
run_3,106.48,7674,22
run_4,106.48,8152,21
run_5,106.48,8685,19
run_6,106.48,8156,23
run_7,106.48,8117,21
run_8,106.48,7813,23
run_9,106.48,7472,23
run_10,106.48,8087,20
run_1,106.54,7645,22
run_2,106.54,7130,25
run_3,106.54,7674,22
run_4,106.54,8152,21
run_5,106.54,8685,19
run_6,106.54,8156,23
run_7,106.54,8117,21
run_8,106.54,7813,23
run_9,106.54,7512,23
run_10,106.54,8087,20
run_1,106.57,7645,22
run_2,106.57,7130,25
run_3,106.57,7674,22
run_4,106.57,8152,21
run_5,106.57,8685,19
run_6,106.57,8156,23
run_7,106.57,8117,21
run_8,106.57,7849,23
run_9,106.57,7512,23
run_10,106.57,8087,20
run_1,106.58,7645,22
run_2,106.58,7130,25
run_3,106.58,7674,22
run_4,106.58,8224,21
run_5,106.58,8757,19
run_6,106.58,8156,23
run_7,106.58,8117,21
run_8,106.58,7849,23
run_9,106.58,7512,23
run_10,106.58,8087,20
run_1,106.6,7645,22
run_2,106.6,7130,25
run_3,106.6,7674,22
run_4,106.6,8224,21
run_5,106.6,8757,19
run_6,106.6,8156,23
run_7,106.6,8173,21
run_8,106.6,7849,23
run_9,106.6,7512,23
run_10,106.6,8087,20
run_1,106.9,7705,22
run_2,106.9,7130,25
run_3,106.9,7674,22
run_4,106.9,8224,21
run_5,106.9,8757,19
run_6,106.9,8156,23
run_7,106.9,8173,21
run_8,106.9,7849,23
run_9,106.9,7512,23
run_10,106.9,8087,20
run_1,107.22,7705,22
run_2,107.22,7130,25
run_3,107.22,7674,22
run_4,107.22,8224,21
run_5,107.22,8757,19
run_6,107.22,8200,23
run_7,107.22,8173,21
run_8,107.22,7849,23
run_9,107.22,7512,23
run_10,107.22,8087,20
run_1,107.25,7705,22
run_2,107.25,7166,25
run_3,107.25,7674,22
run_4,107.25,8224,21
run_5,107.25,8757,19
run_6,107.25,8200,23
run_7,107.25,8173,21
run_8,107.25,7849,23
run_9,107.25,7512,23
run_10,107.25,8087,20
run_1,107.33,7705,22
run_2,107.33,7166,25
run_3,107.33,7726,22
run_4,107.33,8224,21
run_5,107.33,8757,19
run_6,107.33,8200,23
run_7,107.33,8173,21
run_8,107.33,7849,23
run_9,107.33,7512,23
run_10,107.33,8087,20
run_1,107.67,7705,22
run_2,107.67,7166,25
run_3,107.67,7726,22
run_4,107.67,8224,21
run_5,107.67,8757,19
run_6,107.67,8200,23
run_7,107.67,8173,21
run_8,107.67,7849,23
run_9,107.67,7512,23
run_10,107.67,8151,20
run_1,107.69,7705,22
run_2,107.69,7166,25
run_3,107.69,7726,22
run_4,107.69,8224,21
run_5,107.69,8829,19
run_6,107.69,8200,23
run_7,107.69,8173,21
run_8,107.69,7849,23
run_9,107.69,7512,23
run_10,107.69,8151,20
run_1,107.72,7705,22
run_2,107.72,7166,25
run_3,107.72,7726,22
run_4,107.72,8280,21
run_5,107.72,8829,19
run_6,107.72,8200,23
run_7,107.72,8173,21
run_8,107.72,7849,23
run_9,107.72,7512,23
run_10,107.72,8151,20
run_1,107.76,7705,22
run_2,107.76,7166,25
run_3,107.76,7726,22
run_4,107.76,8280,21
run_5,107.76,8829,19
run_6,107.76,8200,23
run_7,107.76,8209,21
run_8,107.76,7849,23
run_9,107.76,7556,23
run_10,107.76,8151,20
run_1,107.8,7705,22
run_2,107.8,7166,25
run_3,107.8,7726,22
run_4,107.8,8280,21
run_5,107.8,8829,19
run_6,107.8,8200,23
run_7,107.8,8209,21
run_8,107.8,7901,23
run_9,107.8,7556,23
run_10,107.8,8151,20
run_1,108.09,7737,22
run_2,108.09,7166,25
run_3,108.09,7726,22
run_4,108.09,8280,21
run_5,108.09,8829,19
run_6,108.09,8200,23
run_7,108.09,8209,21
run_8,108.09,7901,23
run_9,108.09,7556,23
run_10,108.09,8151,20
run_1,108.28,7737,22
run_2,108.28,7166,25
run_3,108.28,7726,22
run_4,108.28,8280,21
run_5,108.28,8829,19
run_6,108.28,8260,23
run_7,108.28,8209,21
run_8,108.28,7901,23
run_9,108.28,7556,23
run_10,108.28,8151,20
run_1,108.37,7737,22
run_2,108.37,7202,25
run_3,108.37,7726,22
run_4,108.37,8280,21
run_5,108.37,8829,19
run_6,108.37,8260,23
run_7,108.37,8209,21
run_8,108.37,7901,23
run_9,108.37,7556,23
run_10,108.37,8151,20
run_1,108.52,7737,22
run_2,108.52,7202,25
run_3,108.52,7762,22
run_4,108.52,8280,21
run_5,108.52,8829,19
run_6,108.52,8260,23
run_7,108.52,8209,21
run_8,108.52,7901,23
run_9,108.52,7556,23
run_10,108.52,8151,20
run_1,108.82,7737,22
run_2,108.82,7202,25
run_3,108.82,7762,22
run_4,108.82,8280,21
run_5,108.82,8901,19
run_6,108.82,8260,23
run_7,108.82,8209,21
run_8,108.82,7901,23
run_9,108.82,7556,23
run_10,108.82,8151,20
run_1,108.84,7737,22
run_2,108.84,7202,25
run_3,108.84,7762,22
run_4,108.84,8332,21
run_5,108.84,8901,19
run_6,108.84,8260,23
run_7,108.84,8209,21
run_8,108.84,7901,23
run_9,108.84,7556,23
run_10,108.84,8151,20
run_1,108.96,7737,22
run_2,108.96,7202,25
run_3,108.96,7762,22
run_4,108.96,8332,21
run_5,108.96,8901,19
run_6,108.96,8260,23
run_7,108.96,8273,21
run_8,108.96,7901,23
run_9,108.96,7556,23
run_10,108.96,8151,20
run_1,109.02,7737,22
run_2,109.02,7202,25
run_3,109.02,7762,22
run_4,109.02,8332,21
run_5,109.02,8901,19
run_6,109.02,8260,23
run_7,109.02,8273,21
run_8,109.02,7941,23
run_9,109.02,7556,23
run_10,109.02,8183,20
run_1,109.09,7737,22
run_2,109.09,7202,25
run_3,109.09,7762,22
run_4,109.09,8332,21
run_5,109.09,8901,19
run_6,109.09,8260,23
run_7,109.09,8273,21
run_8,109.09,7941,23
run_9,109.09,7596,23
run_10,109.09,8183,20
run_1,109.29,7737,22
run_2,109.29,7202,25
run_3,109.29,7762,22
run_4,109.29,8332,21
run_5,109.29,8901,19
run_6,109.29,8296,23
run_7,109.29,8273,21
run_8,109.29,7941,23
run_9,109.29,7596,23
run_10,109.29,8183,20
run_1,109.45,7737,22
run_2,109.45,7238,25
run_3,109.45,7762,22
run_4,109.45,8332,21
run_5,109.45,8901,19
run_6,109.45,8296,23
run_7,109.45,8273,21
run_8,109.45,7941,23
run_9,109.45,7596,23
run_10,109.45,8183,20
run_1,109.58,7773,22
run_2,109.58,7238,25
run_3,109.58,7762,22
run_4,109.58,8332,21
run_5,109.58,8901,19
run_6,109.58,8296,23
run_7,109.58,8273,21
run_8,109.58,7941,23
run_9,109.58,7596,23
run_10,109.58,8183,20
run_1,109.62,7773,22
run_2,109.62,7238,25
run_3,109.62,7810,22
run_4,109.62,8332,21
run_5,109.62,8901,19
run_6,109.62,8296,23
run_7,109.62,8273,21
run_8,109.62,7941,23
run_9,109.62,7596,23
run_10,109.62,8183,20
run_1,109.91,7773,22
run_2,109.91,7238,25
run_3,109.91,7810,22
run_4,109.91,8332,21
run_5,109.91,8929,19
run_6,109.91,8296,23
run_7,109.91,8273,21
run_8,109.91,7941,23
run_9,109.91,7596,23
run_10,109.91,8183,20
run_1,110.03,7773,22
run_2,110.03,7238,25
run_3,110.03,7810,22
run_4,110.03,8388,21
run_5,110.03,8929,19
run_6,110.03,8296,23
run_7,110.03,8273,21
run_8,110.03,7941,23
run_9,110.03,7596,23
run_10,110.03,8183,20
run_1,110.13,7773,22
run_2,110.13,7238,25
run_3,110.13,7810,22
run_4,110.13,8388,21
run_5,110.13,8929,19
run_6,110.13,8296,23
run_7,110.13,8341,21
run_8,110.13,7941,23
run_9,110.13,7596,23
run_10,110.13,8183,20
run_1,110.2,7773,22
run_2,110.2,7238,25
run_3,110.2,7810,22
run_4,110.2,8388,21
run_5,110.2,8929,19
run_6,110.2,8296,23
run_7,110.2,8341,21
run_8,110.2,7941,23
run_9,110.2,7596,23
run_10,110.2,8235,20
run_1,110.3,7773,22
run_2,110.3,7238,25
run_3,110.3,7810,22
run_4,110.3,8388,21
run_5,110.3,8929,19
run_6,110.3,8296,23
run_7,110.3,8341,21
run_8,110.3,8001,23
run_9,110.3,7596,23
run_10,110.3,8235,20
run_1,110.31,7773,22
run_2,110.31,7238,25
run_3,110.31,7810,22
run_4,110.31,8388,21
run_5,110.31,8929,19
run_6,110.31,8360,23
run_7,110.31,8341,21
run_8,110.31,8001,23
run_9,110.31,7596,23
run_10,110.31,8235,20
run_1,110.48,7773,22
run_2,110.48,7238,25
run_3,110.48,7810,22
run_4,110.48,8388,21
run_5,110.48,8929,19
run_6,110.48,8360,23
run_7,110.48,8341,21
run_8,110.48,8001,23
run_9,110.48,7644,23
run_10,110.48,8235,20
run_1,110.5,7773,22
run_2,110.5,7326,25
run_3,110.5,7810,22
run_4,110.5,8388,21
run_5,110.5,8929,19
run_6,110.5,8360,23
run_7,110.5,8341,21
run_8,110.5,8001,23
run_9,110.5,7644,23
run_10,110.5,8235,20
run_1,110.69,7773,22
run_2,110.69,7326,25
run_3,110.69,7842,22
run_4,110.69,8388,21
run_5,110.69,8929,19
run_6,110.69,8360,23
run_7,110.69,8341,21
run_8,110.69,8001,23
run_9,110.69,7644,23
run_10,110.69,8235,20
run_1,110.78,7789,22
run_2,110.78,7326,25
run_3,110.78,7842,22
run_4,110.78,8388,21
run_5,110.78,8929,19
run_6,110.78,8360,23
run_7,110.78,8341,21
run_8,110.78,8001,23
run_9,110.78,7644,23
run_10,110.78,8235,20
run_1,110.89,7789,22
run_2,110.89,7326,25
run_3,110.89,7842,22
run_4,110.89,8388,21
run_5,110.89,8969,19
run_6,110.89,8360,23
run_7,110.89,8341,21
run_8,110.89,8001,23
run_9,110.89,7644,23
run_10,110.89,8235,20
run_1,111.18,7789,22
run_2,111.18,7326,25
run_3,111.18,7842,22
run_4,111.18,8436,21
run_5,111.18,8969,19
run_6,111.18,8360,23
run_7,111.18,8341,21
run_8,111.18,8001,23
run_9,111.18,7644,23
run_10,111.18,8235,20
run_1,111.35,7789,22
run_2,111.35,7326,25
run_3,111.35,7842,22
run_4,111.35,8436,21
run_5,111.35,8969,19
run_6,111.35,8360,23
run_7,111.35,8369,21
run_8,111.35,8001,23
run_9,111.35,7644,23
run_10,111.35,8235,20
run_1,111.37,7789,22
run_2,111.37,7326,25
run_3,111.37,7842,22
run_4,111.37,8436,21
run_5,111.37,8969,19
run_6,111.37,8388,23
run_7,111.37,8369,21
run_8,111.37,8001,23
run_9,111.37,7644,23
run_10,111.37,8235,20
run_1,111.4,7789,22
run_2,111.4,7326,25
run_3,111.4,7842,22
run_4,111.4,8436,21
run_5,111.4,8969,19
run_6,111.4,8388,23
run_7,111.4,8369,21
run_8,111.4,8001,23
run_9,111.4,7644,23
run_10,111.4,8283,20
run_1,111.56,7789,22
run_2,111.56,7386,25
run_3,111.56,7842,22
run_4,111.56,8436,21
run_5,111.56,8969,19
run_6,111.56,8388,23
run_7,111.56,8369,21
run_8,111.56,8001,23
run_9,111.56,7644,23
run_10,111.56,8283,20
run_1,111.61,7789,22
run_2,111.61,7386,25
run_3,111.61,7842,22
run_4,111.61,8436,21
run_5,111.61,8969,19
run_6,111.61,8388,23
run_7,111.61,8369,21
run_8,111.61,8057,23
run_9,111.61,7644,23
run_10,111.61,8283,20
run_1,111.69,7789,22
run_2,111.69,7386,25
run_3,111.69,7842,22
run_4,111.69,8436,21
run_5,111.69,8969,19
run_6,111.69,8388,23
run_7,111.69,8369,21
run_8,111.69,8057,23
run_9,111.69,7696,23
run_10,111.69,8283,20
run_1,111.81,7789,22
run_2,111.81,7386,25
run_3,111.81,7902,22
run_4,111.81,8436,21
run_5,111.81,8969,19
run_6,111.81,8388,23
run_7,111.81,8369,21
run_8,111.81,8057,23
run_9,111.81,7696,23
run_10,111.81,8283,20
run_1,111.86,7789,22
run_2,111.86,7386,25
run_3,111.86,7902,22
run_4,111.86,8436,21
run_5,111.86,9001,19
run_6,111.86,8388,23
run_7,111.86,8369,21
run_8,111.86,8057,23
run_9,111.86,7696,23
run_10,111.86,8283,20
run_1,111.96,7833,22
run_2,111.96,7386,25
run_3,111.96,7902,22
run_4,111.96,8436,21
run_5,111.96,9001,19
run_6,111.96,8388,23
run_7,111.96,8369,21
run_8,111.96,8057,23
run_9,111.96,7696,23
run_10,111.96,8283,20
run_1,112.32,7833,22
run_2,112.32,7386,25
run_3,112.32,7902,22
run_4,112.32,8508,21
run_5,112.32,9001,19
run_6,112.32,8388,23
run_7,112.32,8369,21
run_8,112.32,8057,23
run_9,112.32,7696,23
run_10,112.32,8283,20
run_1,112.41,7833,22
run_2,112.41,7386,25
run_3,112.41,7902,22
run_4,112.41,8508,21
run_5,112.41,9001,19
run_6,112.41,8448,23
run_7,112.41,8369,21
run_8,112.41,8057,23
run_9,112.41,7696,23
run_10,112.41,8283,20
run_1,112.56,7833,22
run_2,112.56,7386,25
run_3,112.56,7902,22
run_4,112.56,8508,21
run_5,112.56,9001,19
run_6,112.56,8448,23
run_7,112.56,8369,21
run_8,112.56,8057,23
run_9,112.56,7696,23
run_10,112.56,8339,20
run_1,112.63,7833,22
run_2,112.63,7386,25
run_3,112.63,7902,22
run_4,112.63,8508,21
run_5,112.63,9001,19
run_6,112.63,8448,23
run_7,112.63,8397,21
run_8,112.63,8057,23
run_9,112.63,7696,23
run_10,112.63,8339,20
run_1,112.65,7833,22
run_2,112.65,7434,25
run_3,112.65,7902,22
run_4,112.65,8508,21
run_5,112.65,9001,19
run_6,112.65,8448,23
run_7,112.65,8397,21
run_8,112.65,8057,23
run_9,112.65,7696,23
run_10,112.65,8339,20
run_1,112.8,7833,22
run_2,112.8,7434,25
run_3,112.8,7902,22
run_4,112.8,8508,21
run_5,112.8,9001,19
run_6,112.8,8448,23
run_7,112.8,8397,21
run_8,112.8,8117,23
run_9,112.8,7696,23
run_10,112.8,8339,20
run_1,112.91,7833,22
run_2,112.91,7434,25
run_3,112.91,7970,22
run_4,112.91,8508,21
run_5,112.91,9001,19
run_6,112.91,8448,23
run_7,112.91,8397,21
run_8,112.91,8117,23
run_9,112.91,7696,23
run_10,112.91,8339,20
run_1,112.93,7833,22
run_2,112.93,7434,25
run_3,112.93,7970,22
run_4,112.93,8508,21
run_5,112.93,9001,19
run_6,112.93,8448,23
run_7,112.93,8397,21
run_8,112.93,8117,23
run_9,112.93,7744,23
run_10,112.93,8339,20
run_1,113.02,7833,22
run_2,113.02,7434,25
run_3,113.02,7970,22
run_4,113.02,8508,21
run_5,113.02,9069,19
run_6,113.02,8448,23
run_7,113.02,8397,21
run_8,113.02,8117,23
run_9,113.02,7744,23
run_10,113.02,8339,20
run_1,113.29,7877,22
run_2,113.29,7434,25
run_3,113.29,7970,22
run_4,113.29,8508,21
run_5,113.29,9069,19
run_6,113.29,8448,23
run_7,113.29,8397,21
run_8,113.29,8117,23
run_9,113.29,7744,23
run_10,113.29,8339,20
run_1,113.46,7877,22
run_2,113.46,7434,25
run_3,113.46,7970,22
run_4,113.46,8508,21
run_5,113.46,9069,19
run_6,113.46,8496,23
run_7,113.46,8397,21
run_8,113.46,8117,23
run_9,113.46,7744,23
run_10,113.46,8339,20
run_1,113.47,7877,22
run_2,113.47,7434,25
run_3,113.47,7970,22
run_4,113.47,8560,21
run_5,113.47,9069,19
run_6,113.47,8496,23
run_7,113.47,8397,21
run_8,113.47,8117,23
run_9,113.47,7744,23
run_10,113.47,8339,20
run_1,113.78,7877,22
run_2,113.78,7434,25
run_3,113.78,7970,22
run_4,113.78,8560,21
run_5,113.78,9069,19
run_6,113.78,8496,23
run_7,113.78,8425,21
run_8,113.78,8117,23
run_9,113.78,7744,23
run_10,113.78,8339,20
run_1,113.81,7877,22
run_2,113.81,7494,25
run_3,113.81,7970,22
run_4,113.81,8560,21
run_5,113.81,9069,19
run_6,113.81,8496,23
run_7,113.81,8425,21
run_8,113.81,8117,23
run_9,113.81,7744,23
run_10,113.81,8339,20
run_1,113.85,7877,22
run_2,113.85,7494,25
run_3,113.85,7970,22
run_4,113.85,8560,21
run_5,113.85,9069,19
run_6,113.85,8496,23
run_7,113.85,8425,21
run_8,113.85,8117,23
run_9,113.85,7744,23
run_10,113.85,8379,20
run_1,114,7877,22
run_2,114,7494,25
run_3,114,8006,22
run_4,114,8560,21
run_5,114,9069,19
run_6,114,8496,23
run_7,114,8425,21
run_8,114,8117,23
run_9,114,7744,23
run_10,114,8379,20
run_1,114.06,7877,22
run_2,114.06,7494,25
run_3,114.06,8006,22
run_4,114.06,8560,21
run_5,114.06,9093,19
run_6,114.06,8496,23
run_7,114.06,8425,21
run_8,114.06,8117,23
run_9,114.06,7744,23
run_10,114.06,8379,20
run_1,114.08,7877,22
run_2,114.08,7494,25
run_3,114.08,8006,22
run_4,114.08,8560,21
run_5,114.08,9093,19
run_6,114.08,8496,23
run_7,114.08,8425,21
run_8,114.08,8169,23
run_9,114.08,7744,23
run_10,114.08,8379,20
run_1,114.15,7877,22
run_2,114.15,7494,25
run_3,114.15,8006,22
run_4,114.15,8560,21
run_5,114.15,9093,19
run_6,114.15,8496,23
run_7,114.15,8425,21
run_8,114.15,8169,23
run_9,114.15,7808,23
run_10,114.15,8379,20
run_1,114.57,7877,22
run_2,114.57,7494,25
run_3,114.57,8006,22
run_4,114.57,8600,21
run_5,114.57,9093,19
run_6,114.57,8496,23
run_7,114.57,8425,21
run_8,114.57,8169,23
run_9,114.57,7808,23
run_10,114.57,8379,20
run_1,114.6,7877,22
run_2,114.6,7494,25
run_3,114.6,8006,22
run_4,114.6,8600,21
run_5,114.6,9093,19
run_6,114.6,8556,23
run_7,114.6,8425,21
run_8,114.6,8169,23
run_9,114.6,7808,23
run_10,114.6,8379,20
run_1,114.92,7913,22
run_2,114.92,7494,25
run_3,114.92,8006,22
run_4,114.92,8600,21
run_5,114.92,9093,19
run_6,114.92,8556,23
run_7,114.92,8425,21
run_8,114.92,8169,23
run_9,114.92,7808,23
run_10,114.92,8379,20
run_1,114.93,7913,22
run_2,114.93,7538,25
run_3,114.93,8006,22
run_4,114.93,8600,21
run_5,114.93,9093,19
run_6,114.93,8556,23
run_7,114.93,8425,21
run_8,114.93,8169,23
run_9,114.93,7808,23
run_10,114.93,8379,20
run_1,114.98,7913,22
run_2,114.98,7538,25
run_3,114.98,8006,22
run_4,114.98,8600,21
run_5,114.98,9093,19
run_6,114.98,8556,23
run_7,114.98,8473,21
run_8,114.98,8169,23
run_9,114.98,7808,23
run_10,114.98,8379,20
run_1,115.04,7913,22
run_2,115.04,7538,25
run_3,115.04,8058,22
run_4,115.04,8600,21
run_5,115.04,9145,19
run_6,115.04,8556,23
run_7,115.04,8473,21
run_8,115.04,8169,23
run_9,115.04,7808,23
run_10,115.04,8431,20
run_1,115.34,7913,22
run_2,115.34,7538,25
run_3,115.34,8058,22
run_4,115.34,8600,21
run_5,115.34,9145,19
run_6,115.34,8556,23
run_7,115.34,8473,21
run_8,115.34,8193,23
run_9,115.34,7808,23
run_10,115.34,8431,20
run_1,115.42,7913,22
run_2,115.42,7538,25
run_3,115.42,8058,22
run_4,115.42,8600,21
run_5,115.42,9145,19
run_6,115.42,8556,23
run_7,115.42,8473,21
run_8,115.42,8193,23
run_9,115.42,7860,23
run_10,115.42,8431,20
run_1,115.63,7913,22
run_2,115.63,7538,25
run_3,115.63,8058,22
run_4,115.63,8600,21
run_5,115.63,9145,19
run_6,115.63,8616,23
run_7,115.63,8473,21
run_8,115.63,8193,23
run_9,115.63,7860,23
run_10,115.63,8431,20
run_1,115.79,7913,22
run_2,115.79,7538,25
run_3,115.79,8058,22
run_4,115.79,8632,21
run_5,115.79,9145,19
run_6,115.79,8616,23
run_7,115.79,8473,21
run_8,115.79,8193,23
run_9,115.79,7860,23
run_10,115.79,8431,20
run_1,116.03,7913,22
run_2,116.03,7594,25
run_3,116.03,8058,22
run_4,116.03,8632,21
run_5,116.03,9145,19
run_6,116.03,8616,23
run_7,116.03,8473,21
run_8,116.03,8193,23
run_9,116.03,7860,23
run_10,116.03,8431,20
run_1,116.07,7913,22
run_2,116.07,7594,25
run_3,116.07,8058,22
run_4,116.07,8632,21
run_5,116.07,9197,19
run_6,116.07,8616,23
run_7,116.07,8473,21
run_8,116.07,8193,23
run_9,116.07,7860,23
run_10,116.07,8431,20
run_1,116.11,7913,22
run_2,116.11,7594,25
run_3,116.11,8098,22
run_4,116.11,8632,21
run_5,116.11,9197,19
run_6,116.11,8616,23
run_7,116.11,8473,21
run_8,116.11,8193,23
run_9,116.11,7860,23
run_10,116.11,8431,20
run_1,116.18,7913,22
run_2,116.18,7594,25
run_3,116.18,8098,22
run_4,116.18,8632,21
run_5,116.18,9197,19
run_6,116.18,8616,23
run_7,116.18,8533,21
run_8,116.18,8193,23
run_9,116.18,7860,23
run_10,116.18,8431,20
run_1,116.34,7913,22
run_2,116.34,7594,25
run_3,116.34,8098,22
run_4,116.34,8632,21
run_5,116.34,9197,19
run_6,116.34,8616,23
run_7,116.34,8533,21
run_8,116.34,8193,23
run_9,116.34,7860,23
run_10,116.34,8499,20
run_1,116.43,7949,22
run_2,116.43,7594,25
run_3,116.43,8098,22
run_4,116.43,8632,21
run_5,116.43,9197,19
run_6,116.43,8616,23
run_7,116.43,8533,21
run_8,116.43,8193,23
run_9,116.43,7860,23
run_10,116.43,8499,20
run_1,116.6,7949,22
run_2,116.6,7594,25
run_3,116.6,8098,22
run_4,116.6,8632,21
run_5,116.6,9197,19
run_6,116.6,8616,23
run_7,116.6,8533,21
run_8,116.6,8193,23
run_9,116.6,7900,23
run_10,116.6,8499,20
run_1,116.65,7949,22
run_2,116.65,7594,25
run_3,116.65,8098,22
run_4,116.65,8632,21
run_5,116.65,9197,19
run_6,116.65,8616,23
run_7,116.65,8533,21
run_8,116.65,8229,23
run_9,116.65,7900,23
run_10,116.65,8499,20
run_1,116.73,7949,22
run_2,116.73,7594,25
run_3,116.73,8098,22
run_4,116.73,8632,21
run_5,116.73,9197,19
run_6,116.73,8668,23
run_7,116.73,8533,21
run_8,116.73,8229,23
run_9,116.73,7900,23
run_10,116.73,8499,20
run_1,116.96,7949,22
run_2,116.96,7594,25
run_3,116.96,8098,22
run_4,116.96,8680,21
run_5,116.96,9197,19
run_6,116.96,8668,23
run_7,116.96,8533,21
run_8,116.96,8229,23
run_9,116.96,7900,23
run_10,116.96,8499,20
run_1,117.08,7949,22
run_2,117.08,7638,25
run_3,117.08,8098,22
run_4,117.08,8680,21
run_5,117.08,9197,19
run_6,117.08,8668,23
run_7,117.08,8533,21
run_8,117.08,8229,23
run_9,117.08,7900,23
run_10,117.08,8499,20
run_1,117.1,7949,22
run_2,117.1,7638,25
run_3,117.1,8098,22
run_4,117.1,8680,21
run_5,117.1,9241,19
run_6,117.1,8668,23
run_7,117.1,8533,21
run_8,117.1,8229,23
run_9,117.1,7900,23
run_10,117.1,8499,20
run_1,117.34,7949,22
run_2,117.34,7638,25
run_3,117.34,8146,22
run_4,117.34,8680,21
run_5,117.34,9241,19
run_6,117.34,8668,23
run_7,117.34,8533,21
run_8,117.34,8229,23
run_9,117.34,7900,23
run_10,117.34,8499,20
run_1,117.5,7949,22
run_2,117.5,7638,25
run_3,117.5,8146,22
run_4,117.5,8680,21
run_5,117.5,9241,19
run_6,117.5,8668,23
run_7,117.5,8573,21
run_8,117.5,8229,23
run_9,117.5,7900,23
run_10,117.5,8499,20
run_1,117.51,7949,22
run_2,117.51,7638,25
run_3,117.51,8146,22
run_4,117.51,8680,21
run_5,117.51,9241,19
run_6,117.51,8668,23
run_7,117.51,8573,21
run_8,117.51,8229,23
run_9,117.51,7900,23
run_10,117.51,8555,20
run_1,117.63,8001,22
run_2,117.63,7638,25
run_3,117.63,8146,22
run_4,117.63,8680,21
run_5,117.63,9241,19
run_6,117.63,8668,23
run_7,117.63,8573,21
run_8,117.63,8229,23
run_9,117.63,7900,23
run_10,117.63,8555,20
run_1,117.71,8001,22
run_2,117.71,7638,25
run_3,117.71,8146,22
run_4,117.71,8680,21
run_5,117.71,9241,19
run_6,117.71,8704,23
run_7,117.71,8573,21
run_8,117.71,8229,23
run_9,117.71,7900,23
run_10,117.71,8555,20
run_1,117.76,8001,22
run_2,117.76,7638,25
run_3,117.76,8146,22
run_4,117.76,8680,21
run_5,117.76,9241,19
run_6,117.76,8704,23
run_7,117.76,8573,21
run_8,117.76,8229,23
run_9,117.76,7956,23
run_10,117.76,8555,20
run_1,117.99,8001,22
run_2,117.99,7638,25
run_3,117.99,8146,22
run_4,117.99,8680,21
run_5,117.99,9241,19
run_6,117.99,8704,23
run_7,117.99,8573,21
run_8,117.99,8277,23
run_9,117.99,7956,23
run_10,117.99,8555,20
run_1,118.12,8001,22
run_2,118.12,7638,25
run_3,118.12,8146,22
run_4,118.12,8768,21
run_5,118.12,9241,19
run_6,118.12,8704,23
run_7,118.12,8573,21
run_8,118.12,8277,23
run_9,118.12,7956,23
run_10,118.12,8555,20
run_1,118.13,8001,22
run_2,118.13,7674,25
run_3,118.13,8146,22
run_4,118.13,8768,21
run_5,118.13,9241,19
run_6,118.13,8704,23
run_7,118.13,8573,21
run_8,118.13,8277,23
run_9,118.13,7956,23
run_10,118.13,8555,20
run_1,118.17,8001,22
run_2,118.17,7674,25
run_3,118.17,8146,22
run_4,118.17,8768,21
run_5,118.17,9309,19
run_6,118.17,8704,23
run_7,118.17,8573,21
run_8,118.17,8277,23
run_9,118.17,7956,23
run_10,118.17,8555,20
run_1,118.62,8001,22
run_2,118.62,7674,25
run_3,118.62,8214,22
run_4,118.62,8768,21
run_5,118.62,9309,19
run_6,118.62,8704,23
run_7,118.62,8573,21
run_8,118.62,8277,23
run_9,118.62,7956,23
run_10,118.62,8555,20
run_1,118.7,8001,22
run_2,118.7,7674,25
run_3,118.7,8214,22
run_4,118.7,8768,21
run_5,118.7,9309,19
run_6,118.7,8704,23
run_7,118.7,8573,21
run_8,118.7,8277,23
run_9,118.7,7956,23
run_10,118.7,8603,20
run_1,118.73,8001,22
run_2,118.73,7674,25
run_3,118.73,8214,22
run_4,118.73,8768,21
run_5,118.73,9309,19
run_6,118.73,8780,23
run_7,118.73,8593,21
run_8,118.73,8277,23
run_9,118.73,7956,23
run_10,118.73,8603,20
run_1,118.98,8001,22
run_2,118.98,7674,25
run_3,118.98,8214,22
run_4,118.98,8768,21
run_5,118.98,9309,19
run_6,118.98,8780,23
run_7,118.98,8593,21
run_8,118.98,8277,23
run_9,118.98,8000,23
run_10,118.98,8603,20
run_1,119.18,8061,22
run_2,119.18,7674,25
run_3,119.18,8214,22
run_4,119.18,8768,21
run_5,119.18,9309,19
run_6,119.18,8780,23
run_7,119.18,8593,21
run_8,119.18,8277,23
run_9,119.18,8000,23
run_10,119.18,8603,20
run_1,119.23,8061,22
run_2,119.23,7726,25
run_3,119.23,8214,22
run_4,119.23,8768,21
run_5,119.23,9309,19
run_6,119.23,8780,23
run_7,119.23,8593,21
run_8,119.23,8305,23
run_9,119.23,8000,23
run_10,119.23,8603,20
run_1,119.27,8061,22
run_2,119.27,7726,25
run_3,119.27,8214,22
run_4,119.27,8768,21
run_5,119.27,9361,19
run_6,119.27,8780,23
run_7,119.27,8593,21
run_8,119.27,8305,23
run_9,119.27,8000,23
run_10,119.27,8603,20
run_1,119.34,8061,22
run_2,119.34,7726,25
run_3,119.34,8214,22
run_4,119.34,8812,21
run_5,119.34,9361,19
run_6,119.34,8780,23
run_7,119.34,8593,21
run_8,119.34,8305,23
run_9,119.34,8000,23
run_10,119.34,8603,20
run_1,119.68,8061,22
run_2,119.68,7726,25
run_3,119.68,8214,22
run_4,119.68,8812,21
run_5,119.68,9361,19
run_6,119.68,8808,23
run_7,119.68,8593,21
run_8,119.68,8305,23
run_9,119.68,8000,23
run_10,119.68,8603,20
run_1,119.79,8061,22
run_2,119.79,7726,25
run_3,119.79,8270,22
run_4,119.79,8812,21
run_5,119.79,9361,19
run_6,119.79,8808,23
run_7,119.79,8593,21
run_8,119.79,8305,23
run_9,119.79,8000,23
run_10,119.79,8603,20
run_1,119.91,8061,22
run_2,119.91,7726,25
run_3,119.91,8270,22
run_4,119.91,8812,21
run_5,119.91,9361,19
run_6,119.91,8808,23
run_7,119.91,8637,21
run_8,119.91,8305,23
run_9,119.91,8000,23
run_10,119.91,8603,20
run_1,119.92,8061,22
run_2,119.92,7726,25
run_3,119.92,8270,22
run_4,119.92,8812,21
run_5,119.92,9361,19
run_6,119.92,8808,23
run_7,119.92,8637,21
run_8,119.92,8305,23
run_9,119.92,8000,23
run_10,119.92,8643,20
run_1,120.24,8061,22
run_2,120.24,7726,25
run_3,120.24,8270,22
run_4,120.24,8812,21
run_5,120.24,9361,19
run_6,120.24,8808,23
run_7,120.24,8637,21
run_8,120.24,8305,23
run_9,120.24,8048,23
run_10,120.24,8643,20
run_1,120.27,8061,22
run_2,120.27,7726,25
run_3,120.27,8270,22
run_4,120.27,8812,21
run_5,120.27,9413,19
run_6,120.27,8808,23
run_7,120.27,8637,21
run_8,120.27,8305,23
run_9,120.27,8048,23
run_10,120.27,8643,20
run_1,120.36,8109,22
run_2,120.36,7726,25
run_3,120.36,8270,22
run_4,120.36,8812,21
run_5,120.36,9413,19
run_6,120.36,8808,23
run_7,120.36,8637,21
run_8,120.36,8305,23
run_9,120.36,8048,23
run_10,120.36,8643,20
run_1,120.37,8109,22
run_2,120.37,7786,25
run_3,120.37,8270,22
run_4,120.37,8812,21
run_5,120.37,9413,19
run_6,120.37,8808,23
run_7,120.37,8637,21
run_8,120.37,8305,23
run_9,120.37,8048,23
run_10,120.37,8643,20
run_1,120.45,8109,22
run_2,120.45,7786,25
run_3,120.45,8270,22
run_4,120.45,8880,21
run_5,120.45,9413,19
run_6,120.45,8808,23
run_7,120.45,8637,21
run_8,120.45,8305,23
run_9,120.45,8048,23
run_10,120.45,8643,20
run_1,120.56,8109,22
run_2,120.56,7786,25
run_3,120.56,8270,22
run_4,120.56,8880,21
run_5,120.56,9413,19
run_6,120.56,8808,23
run_7,120.56,8637,21
run_8,120.56,8345,23
run_9,120.56,8048,23
run_10,120.56,8643,20
run_1,120.7,8109,22
run_2,120.7,7786,25
run_3,120.7,8270,22
run_4,120.7,8880,21
run_5,120.7,9413,19
run_6,120.7,8880,23
run_7,120.7,8637,21
run_8,120.7,8345,23
run_9,120.7,8048,23
run_10,120.7,8643,20
run_1,120.9,8109,22
run_2,120.9,7786,25
run_3,120.9,8318,22
run_4,120.9,8880,21
run_5,120.9,9413,19
run_6,120.9,8880,23
run_7,120.9,8637,21
run_8,120.9,8345,23
run_9,120.9,8048,23
run_10,120.9,8643,20
run_1,121.07,8109,22
run_2,121.07,7786,25
run_3,121.07,8318,22
run_4,121.07,8880,21
run_5,121.07,9413,19
run_6,121.07,8880,23
run_7,121.07,8689,21
run_8,121.07,8345,23
run_9,121.07,8048,23
run_10,121.07,8643,20
run_1,121.08,8109,22
run_2,121.08,7786,25
run_3,121.08,8318,22
run_4,121.08,8880,21
run_5,121.08,9413,19
run_6,121.08,8880,23
run_7,121.08,8689,21
run_8,121.08,8345,23
run_9,121.08,8048,23
run_10,121.08,8703,20
run_1,121.28,8109,22
run_2,121.28,7786,25
run_3,121.28,8318,22
run_4,121.28,8880,21
run_5,121.28,9457,19
run_6,121.28,8880,23
run_7,121.28,8689,21
run_8,121.28,8345,23
run_9,121.28,8048,23
run_10,121.28,8703,20
run_1,121.4,8109,22
run_2,121.4,7786,25
run_3,121.4,8318,22
run_4,121.4,8880,21
run_5,121.4,9457,19
run_6,121.4,8880,23
run_7,121.4,8689,21
run_8,121.4,8345,23
run_9,121.4,8112,23
run_10,121.4,8703,20
run_1,121.48,8109,22
run_2,121.48,7838,25
run_3,121.48,8318,22
run_4,121.48,8880,21
run_5,121.48,9457,19
run_6,121.48,8880,23
run_7,121.48,8689,21
run_8,121.48,8345,23
run_9,121.48,8112,23
run_10,121.48,8703,20
run_1,121.54,8161,22
run_2,121.54,7838,25
run_3,121.54,8318,22
run_4,121.54,8880,21
run_5,121.54,9457,19
run_6,121.54,8880,23
run_7,121.54,8689,21
run_8,121.54,8345,23
run_9,121.54,8112,23
run_10,121.54,8703,20
run_1,121.74,8161,22
run_2,121.74,7838,25
run_3,121.74,8318,22
run_4,121.74,8940,21
run_5,121.74,9457,19
run_6,121.74,8880,23
run_7,121.74,8689,21
run_8,121.74,8345,23
run_9,121.74,8112,23
run_10,121.74,8703,20
run_1,121.77,8161,22
run_2,121.77,7838,25
run_3,121.77,8318,22
run_4,121.77,8940,21
run_5,121.77,9457,19
run_6,121.77,8916,23
run_7,121.77,8689,21
run_8,121.77,8345,23
run_9,121.77,8112,23
run_10,121.77,8703,20
run_1,122.01,8161,22
run_2,122.01,7838,25
run_3,122.01,8318,22
run_4,122.01,8940,21
run_5,122.01,9457,19
run_6,122.01,8916,23
run_7,122.01,8689,21
run_8,122.01,8421,23
run_9,122.01,8112,23
run_10,122.01,8703,20
run_1,122.04,8161,22
run_2,122.04,7838,25
run_3,122.04,8362,22
run_4,122.04,8940,21
run_5,122.04,9457,19
run_6,122.04,8916,23
run_7,122.04,8689,21
run_8,122.04,8421,23
run_9,122.04,8112,23
run_10,122.04,8703,20
run_1,122.22,8161,22
run_2,122.22,7838,25
run_3,122.22,8362,22
run_4,122.22,8940,21
run_5,122.22,9457,19
run_6,122.22,8916,23
run_7,122.22,8737,21
run_8,122.22,8421,23
run_9,122.22,8112,23
run_10,122.22,8703,20
run_1,122.28,8161,22
run_2,122.28,7838,25
run_3,122.28,8362,22
run_4,122.28,8940,21
run_5,122.28,9457,19
run_6,122.28,8916,23
run_7,122.28,8737,21
run_8,122.28,8421,23
run_9,122.28,8112,23
run_10,122.28,8763,20
run_1,122.29,8161,22
run_2,122.29,7838,25
run_3,122.29,8362,22
run_4,122.29,8940,21
run_5,122.29,9517,19
run_6,122.29,8916,23
run_7,122.29,8737,21
run_8,122.29,8421,23
run_9,122.29,8112,23
run_10,122.29,8763,20
run_1,122.62,8161,22
run_2,122.62,7838,25
run_3,122.62,8362,22
run_4,122.62,8940,21
run_5,122.62,9517,19
run_6,122.62,8916,23
run_7,122.62,8737,21
run_8,122.62,8421,23
run_9,122.62,8136,23
run_10,122.62,8763,20
run_1,122.68,8213,22
run_2,122.68,7838,25
run_3,122.68,8362,22
run_4,122.68,8940,21
run_5,122.68,9517,19
run_6,122.68,8916,23
run_7,122.68,8737,21
run_8,122.68,8421,23
run_9,122.68,8136,23
run_10,122.68,8763,20
run_1,122.73,8213,22
run_2,122.73,7838,25
run_3,122.73,8362,22
run_4,122.73,8940,21
run_5,122.73,9517,19
run_6,122.73,8964,23
run_7,122.73,8737,21
run_8,122.73,8421,23
run_9,122.73,8136,23
run_10,122.73,8763,20
run_1,122.75,8213,22
run_2,122.75,7886,25
run_3,122.75,8362,22
run_4,122.75,8940,21
run_5,122.75,9517,19
run_6,122.75,8964,23
run_7,122.75,8737,21
run_8,122.75,8421,23
run_9,122.75,8136,23
run_10,122.75,8763,20
run_1,122.84,8213,22
run_2,122.84,7886,25
run_3,122.84,8362,22
run_4,122.84,8972,21
run_5,122.84,9517,19
run_6,122.84,8964,23
run_7,122.84,8737,21
run_8,122.84,8421,23
run_9,122.84,8136,23
run_10,122.84,8763,20
run_1,123.27,8213,22
run_2,123.27,7886,25
run_3,123.27,8362,22
run_4,123.27,8972,21
run_5,123.27,9573,19
run_6,123.27,8964,23
run_7,123.27,8737,21
run_8,123.27,8421,23
run_9,123.27,8136,23
run_10,123.27,8763,20
run_1,123.29,8213,22
run_2,123.29,7886,25
run_3,123.29,8394,22
run_4,123.29,8972,21
run_5,123.29,9573,19
run_6,123.29,8964,23
run_7,123.29,8737,21
run_8,123.29,8497,23
run_9,123.29,8136,23
run_10,123.29,8763,20
run_1,123.46,8213,22
run_2,123.46,7886,25
run_3,123.46,8394,22
run_4,123.46,8972,21
run_5,123.46,9573,19
run_6,123.46,8964,23
run_7,123.46,8737,21
run_8,123.46,8497,23
run_9,123.46,8136,23
run_10,123.46,8847,20
run_1,123.51,8213,22
run_2,123.51,7886,25
run_3,123.51,8394,22
run_4,123.51,8972,21
run_5,123.51,9573,19
run_6,123.51,8964,23
run_7,123.51,8829,21
run_8,123.51,8497,23
run_9,123.51,8136,23
run_10,123.51,8847,20
run_1,123.73,8213,22
run_2,123.73,7886,25
run_3,123.73,8394,22
run_4,123.73,8972,21
run_5,123.73,9573,19
run_6,123.73,8964,23
run_7,123.73,8829,21
run_8,123.73,8497,23
run_9,123.73,8168,23
run_10,123.73,8847,20
run_1,123.75,8213,22
run_2,123.75,7886,25
run_3,123.75,8394,22
run_4,123.75,8972,21
run_5,123.75,9573,19
run_6,123.75,9040,23
run_7,123.75,8829,21
run_8,123.75,8497,23
run_9,123.75,8168,23
run_10,123.75,8847,20
run_1,123.9,8213,22
run_2,123.9,7934,25
run_3,123.9,8394,22
run_4,123.9,8972,21
run_5,123.9,9573,19
run_6,123.9,9040,23
run_7,123.9,8829,21
run_8,123.9,8497,23
run_9,123.9,8168,23
run_10,123.9,8847,20
run_1,124.08,8273,22
run_2,124.08,7934,25
run_3,124.08,8394,22
run_4,124.08,8972,21
run_5,124.08,9573,19
run_6,124.08,9040,23
run_7,124.08,8829,21
run_8,124.08,8497,23
run_9,124.08,8168,23
run_10,124.08,8847,20
run_1,124.09,8273,22
run_2,124.09,7934,25
run_3,124.09,8394,22
run_4,124.09,9020,21
run_5,124.09,9573,19
run_6,124.09,9040,23
run_7,124.09,8829,21
run_8,124.09,8497,23
run_9,124.09,8168,23
run_10,124.09,8847,20
run_1,124.27,8273,22
run_2,124.27,7934,25
run_3,124.27,8394,22
run_4,124.27,9020,21
run_5,124.27,9633,19
run_6,124.27,9040,23
run_7,124.27,8829,21
run_8,124.27,8497,23
run_9,124.27,8168,23
run_10,124.27,8847,20
run_1,124.42,8273,22
run_2,124.42,7934,25
run_3,124.42,8418,22
run_4,124.42,9020,21
run_5,124.42,9633,19
run_6,124.42,9040,23
run_7,124.42,8829,21
run_8,124.42,8497,23
run_9,124.42,8168,23
run_10,124.42,8847,20
run_1,124.55,8273,22
run_2,124.55,7934,25
run_3,124.55,8418,22
run_4,124.55,9020,21
run_5,124.55,9633,19
run_6,124.55,9040,23
run_7,124.55,8829,21
run_8,124.55,8533,23
run_9,124.55,8168,23
run_10,124.55,8847,20
run_1,124.68,8273,22
run_2,124.68,7934,25
run_3,124.68,8418,22
run_4,124.68,9020,21
run_5,124.68,9633,19
run_6,124.68,9040,23
run_7,124.68,8857,21
run_8,124.68,8533,23
run_9,124.68,8168,23
run_10,124.68,8847,20
run_1,124.84,8273,22
run_2,124.84,7934,25
run_3,124.84,8418,22
run_4,124.84,9020,21
run_5,124.84,9633,19
run_6,124.84,9040,23
run_7,124.84,8857,21
run_8,124.84,8533,23
run_9,124.84,8168,23
run_10,124.84,8875,20
run_1,124.93,8273,22
run_2,124.93,7986,25
run_3,124.93,8418,22
run_4,124.93,9020,21
run_5,124.93,9633,19
run_6,124.93,9040,23
run_7,124.93,8857,21
run_8,124.93,8533,23
run_9,124.93,8200,23
run_10,124.93,8875,20
run_1,124.97,8273,22
run_2,124.97,7986,25
run_3,124.97,8418,22
run_4,124.97,9020,21
run_5,124.97,9633,19
run_6,124.97,9080,23
run_7,124.97,8857,21
run_8,124.97,8533,23
run_9,124.97,8200,23
run_10,124.97,8875,20
run_1,125.24,8273,22
run_2,125.24,7986,25
run_3,125.24,8418,22
run_4,125.24,9064,21
run_5,125.24,9633,19
run_6,125.24,9080,23
run_7,125.24,8857,21
run_8,125.24,8533,23
run_9,125.24,8200,23
run_10,125.24,8875,20
run_1,125.28,8333,22
run_2,125.28,7986,25
run_3,125.28,8418,22
run_4,125.28,9064,21
run_5,125.28,9633,19
run_6,125.28,9080,23
run_7,125.28,8857,21
run_8,125.28,8533,23
run_9,125.28,8200,23
run_10,125.28,8875,20
run_1,125.32,8333,22
run_2,125.32,7986,25
run_3,125.32,8418,22
run_4,125.32,9064,21
run_5,125.32,9721,19
run_6,125.32,9080,23
run_7,125.32,8857,21
run_8,125.32,8533,23
run_9,125.32,8200,23
run_10,125.32,8875,20
run_1,125.49,8333,22
run_2,125.49,7986,25
run_3,125.49,8466,22
run_4,125.49,9064,21
run_5,125.49,9721,19
run_6,125.49,9080,23
run_7,125.49,8857,21
run_8,125.49,8533,23
run_9,125.49,8200,23
run_10,125.49,8875,20
run_1,125.71,8333,22
run_2,125.71,7986,25
run_3,125.71,8466,22
run_4,125.71,9064,21
run_5,125.71,9721,19
run_6,125.71,9080,23
run_7,125.71,8857,21
run_8,125.71,8577,23
run_9,125.71,8200,23
run_10,125.71,8875,20
run_1,125.86,8333,22
run_2,125.86,7986,25
run_3,125.86,8466,22
run_4,125.86,9064,21
run_5,125.86,9721,19
run_6,125.86,9080,23
run_7,125.86,8905,21
run_8,125.86,8577,23
run_9,125.86,8200,23
run_10,125.86,8875,20
run_1,126,8333,22
run_2,126,7986,25
run_3,126,8466,22
run_4,126,9064,21
run_5,126,9721,19
run_6,126,9136,23
run_7,126,8905,21
run_8,126,8577,23
run_9,126,8200,23
run_10,126,8875,20
run_1,126.03,8333,22
run_2,126.03,7986,25
run_3,126.03,8466,22
run_4,126.03,9064,21
run_5,126.03,9721,19
run_6,126.03,9136,23
run_7,126.03,8905,21
run_8,126.03,8577,23
run_9,126.03,8200,23
run_10,126.03,8935,20
run_1,126.07,8333,22
run_2,126.07,8014,25
run_3,126.07,8466,22
run_4,126.07,9064,21
run_5,126.07,9721,19
run_6,126.07,9136,23
run_7,126.07,8905,21
run_8,126.07,8577,23
run_9,126.07,8200,23
run_10,126.07,8935,20
run_1,126.12,8333,22
run_2,126.12,8014,25
run_3,126.12,8466,22
run_4,126.12,9064,21
run_5,126.12,9721,19
run_6,126.12,9136,23
run_7,126.12,8905,21
run_8,126.12,8577,23
run_9,126.12,8280,23
run_10,126.12,8935,20
run_1,126.34,8333,22
run_2,126.34,8014,25
run_3,126.34,8466,22
run_4,126.34,9108,21
run_5,126.34,9721,19
run_6,126.34,9136,23
run_7,126.34,8905,21
run_8,126.34,8577,23
run_9,126.34,8280,23
run_10,126.34,8935,20
run_1,126.36,8333,22
run_2,126.36,8014,25
run_3,126.36,8466,22
run_4,126.36,9108,21
run_5,126.36,9785,19
run_6,126.36,9136,23
run_7,126.36,8905,21
run_8,126.36,8577,23
run_9,126.36,8280,23
run_10,126.36,8935,20
run_1,126.61,8333,22
run_2,126.61,8014,25
run_3,126.61,8514,22
run_4,126.61,9108,21
run_5,126.61,9785,19
run_6,126.61,9136,23
run_7,126.61,8905,21
run_8,126.61,8577,23
run_9,126.61,8280,23
run_10,126.61,8935,20
run_1,126.72,8381,22
run_2,126.72,8014,25
run_3,126.72,8514,22
run_4,126.72,9108,21
run_5,126.72,9785,19
run_6,126.72,9136,23
run_7,126.72,8905,21
run_8,126.72,8577,23
run_9,126.72,8280,23
run_10,126.72,8935,20
run_1,126.97,8381,22
run_2,126.97,8014,25
run_3,126.97,8514,22
run_4,126.97,9108,21
run_5,126.97,9785,19
run_6,126.97,9136,23
run_7,126.97,8933,21
run_8,126.97,8653,23
run_9,126.97,8280,23
run_10,126.97,8935,20
run_1,127.09,8381,22
run_2,127.09,8014,25
run_3,127.09,8514,22
run_4,127.09,9108,21
run_5,127.09,9785,19
run_6,127.09,9172,23
run_7,127.09,8933,21
run_8,127.09,8653,23
run_9,127.09,8280,23
run_10,127.09,8935,20
run_1,127.12,8381,22
run_2,127.12,8062,25
run_3,127.12,8514,22
run_4,127.12,9108,21
run_5,127.12,9785,19
run_6,127.12,9172,23
run_7,127.12,8933,21
run_8,127.12,8653,23
run_9,127.12,8280,23
run_10,127.12,8935,20
run_1,127.28,8381,22
run_2,127.28,8062,25
run_3,127.28,8514,22
run_4,127.28,9108,21
run_5,127.28,9785,19
run_6,127.28,9172,23
run_7,127.28,8933,21
run_8,127.28,8653,23
run_9,127.28,8336,23
run_10,127.28,8935,20
run_1,127.33,8381,22
run_2,127.33,8062,25
run_3,127.33,8514,22
run_4,127.33,9108,21
run_5,127.33,9817,19
run_6,127.33,9172,23
run_7,127.33,8933,21
run_8,127.33,8653,23
run_9,127.33,8336,23
run_10,127.33,8935,20
run_1,127.34,8381,22
run_2,127.34,8062,25
run_3,127.34,8514,22
run_4,127.34,9108,21
run_5,127.34,9817,19
run_6,127.34,9172,23
run_7,127.34,8933,21
run_8,127.34,8653,23
run_9,127.34,8336,23
run_10,127.34,8987,20
run_1,127.44,8381,22
run_2,127.44,8062,25
run_3,127.44,8514,22
run_4,127.44,9144,21
run_5,127.44,9817,19
run_6,127.44,9172,23
run_7,127.44,8933,21
run_8,127.44,8653,23
run_9,127.44,8336,23
run_10,127.44,8987,20
run_1,127.81,8381,22
run_2,127.81,8062,25
run_3,127.81,8578,22
run_4,127.81,9144,21
run_5,127.81,9817,19
run_6,127.81,9172,23
run_7,127.81,8933,21
run_8,127.81,8653,23
run_9,127.81,8336,23
run_10,127.81,8987,20
run_1,128.02,8461,22
run_2,128.02,8062,25
run_3,128.02,8578,22
run_4,128.02,9144,21
run_5,128.02,9817,19
run_6,128.02,9172,23
run_7,128.02,8933,21
run_8,128.02,8653,23
run_9,128.02,8336,23
run_10,128.02,8987,20
run_1,128.06,8461,22
run_2,128.06,8062,25
run_3,128.06,8578,22
run_4,128.06,9144,21
run_5,128.06,9817,19
run_6,128.06,9224,23
run_7,128.06,8933,21
run_8,128.06,8653,23
run_9,128.06,8336,23
run_10,128.06,8987,20
run_1,128.15,8461,22
run_2,128.15,8090,25
run_3,128.15,8578,22
run_4,128.15,9144,21
run_5,128.15,9817,19
run_6,128.15,9224,23
run_7,128.15,8933,21
run_8,128.15,8653,23
run_9,128.15,8336,23
run_10,128.15,8987,20
run_1,128.21,8461,22
run_2,128.21,8090,25
run_3,128.21,8578,22
run_4,128.21,9144,21
run_5,128.21,9817,19
run_6,128.21,9224,23
run_7,128.21,8973,21
run_8,128.21,8653,23
run_9,128.21,8336,23
run_10,128.21,8987,20
run_1,128.25,8461,22
run_2,128.25,8090,25
run_3,128.25,8578,22
run_4,128.25,9144,21
run_5,128.25,9817,19
run_6,128.25,9224,23
run_7,128.25,8973,21
run_8,128.25,8717,23
run_9,128.25,8336,23
run_10,128.25,8987,20
run_1,128.32,8461,22
run_2,128.32,8090,25
run_3,128.32,8578,22
run_4,128.32,9144,21
run_5,128.32,9873,19
run_6,128.32,9224,23
run_7,128.32,8973,21
run_8,128.32,8717,23
run_9,128.32,8336,23
run_10,128.32,8987,20
run_1,128.45,8461,22
run_2,128.45,8090,25
run_3,128.45,8578,22
run_4,128.45,9144,21
run_5,128.45,9873,19
run_6,128.45,9224,23
run_7,128.45,8973,21
run_8,128.45,8717,23
run_9,128.45,8372,23
run_10,128.45,8987,20
run_1,128.54,8461,22
run_2,128.54,8090,25
run_3,128.54,8578,22
run_4,128.54,9144,21
run_5,128.54,9873,19
run_6,128.54,9224,23
run_7,128.54,8973,21
run_8,128.54,8717,23
run_9,128.54,8372,23
run_10,128.54,9047,20
run_1,128.62,8461,22
run_2,128.62,8090,25
run_3,128.62,8578,22
run_4,128.62,9172,21
run_5,128.62,9873,19
run_6,128.62,9224,23
run_7,128.62,8973,21
run_8,128.62,8717,23
run_9,128.62,8372,23
run_10,128.62,9047,20
run_1,128.88,8461,22
run_2,128.88,8090,25
run_3,128.88,8614,22
run_4,128.88,9172,21
run_5,128.88,9873,19
run_6,128.88,9224,23
run_7,128.88,8973,21
run_8,128.88,8717,23
run_9,128.88,8372,23
run_10,128.88,9047,20
run_1,129.06,8461,22
run_2,129.06,8090,25
run_3,129.06,8614,22
run_4,129.06,9172,21
run_5,129.06,9873,19
run_6,129.06,9260,23
run_7,129.06,8973,21
run_8,129.06,8717,23
run_9,129.06,8372,23
run_10,129.06,9047,20
run_1,129.3,8461,22
run_2,129.3,8146,25
run_3,129.3,8614,22
run_4,129.3,9172,21
run_5,129.3,9873,19
run_6,129.3,9260,23
run_7,129.3,8973,21
run_8,129.3,8717,23
run_9,129.3,8372,23
run_10,129.3,9047,20
run_1,129.33,8489,22
run_2,129.33,8146,25
run_3,129.33,8614,22
run_4,129.33,9172,21
run_5,129.33,9873,19
run_6,129.33,9260,23
run_7,129.33,8973,21
run_8,129.33,8717,23
run_9,129.33,8372,23
run_10,129.33,9047,20
run_1,129.37,8489,22
run_2,129.37,8146,25
run_3,129.37,8614,22
run_4,129.37,9172,21
run_5,129.37,9873,19
run_6,129.37,9260,23
run_7,129.37,9061,21
run_8,129.37,8717,23
run_9,129.37,8372,23
run_10,129.37,9047,20
run_1,129.42,8489,22
run_2,129.42,8146,25
run_3,129.42,8614,22
run_4,129.42,9172,21
run_5,129.42,9873,19
run_6,129.42,9260,23
run_7,129.42,9061,21
run_8,129.42,8749,23
run_9,129.42,8372,23
run_10,129.42,9047,20
run_1,129.43,8489,22
run_2,129.43,8146,25
run_3,129.43,8614,22
run_4,129.43,9172,21
run_5,129.43,9913,19
run_6,129.43,9260,23
run_7,129.43,9061,21
run_8,129.43,8749,23
run_9,129.43,8372,23
run_10,129.43,9047,20
run_1,129.62,8489,22
run_2,129.62,8146,25
run_3,129.62,8614,22
run_4,129.62,9172,21
run_5,129.62,9913,19
run_6,129.62,9260,23
run_7,129.62,9061,21
run_8,129.62,8749,23
run_9,129.62,8412,23
run_10,129.62,9047,20
run_1,129.72,8489,22
run_2,129.72,8146,25
run_3,129.72,8614,22
run_4,129.72,9224,21
run_5,129.72,9913,19
run_6,129.72,9260,23
run_7,129.72,9061,21
run_8,129.72,8749,23
run_9,129.72,8412,23
run_10,129.72,9047,20
run_1,129.79,8489,22
run_2,129.79,8146,25
run_3,129.79,8614,22
run_4,129.79,9224,21
run_5,129.79,9913,19
run_6,129.79,9260,23
run_7,129.79,9061,21
run_8,129.79,8749,23
run_9,129.79,8412,23
run_10,129.79,9095,20
run_1,130.05,8489,22
run_2,130.05,8146,25
run_3,130.05,8682,22
run_4,130.05,9224,21
run_5,130.05,9913,19
run_6,130.05,9260,23
run_7,130.05,9061,21
run_8,130.05,8749,23
run_9,130.05,8412,23
run_10,130.05,9095,20
run_1,130.12,8489,22
run_2,130.12,8146,25
run_3,130.12,8682,22
run_4,130.12,9224,21
run_5,130.12,9913,19
run_6,130.12,9320,23
run_7,130.12,9061,21
run_8,130.12,8749,23
run_9,130.12,8412,23
run_10,130.12,9095,20
run_1,130.47,8489,22
run_2,130.47,8146,25
run_3,130.47,8682,22
run_4,130.47,9224,21
run_5,130.47,9973,19
run_6,130.47,9320,23
run_7,130.47,9061,21
run_8,130.47,8749,23
run_9,130.47,8412,23
run_10,130.47,9095,20
run_1,130.5,8489,22
run_2,130.5,8190,25
run_3,130.5,8682,22
run_4,130.5,9224,21
run_5,130.5,9973,19
run_6,130.5,9320,23
run_7,130.5,9061,21
run_8,130.5,8749,23
run_9,130.5,8412,23
run_10,130.5,9095,20
run_1,130.57,8489,22
run_2,130.57,8190,25
run_3,130.57,8682,22
run_4,130.57,9224,21
run_5,130.57,9973,19
run_6,130.57,9320,23
run_7,130.57,9093,21
run_8,130.57,8749,23
run_9,130.57,8412,23
run_10,130.57,9095,20
run_1,130.58,8489,22
run_2,130.58,8190,25
run_3,130.58,8682,22
run_4,130.58,9224,21
run_5,130.58,9973,19
run_6,130.58,9320,23
run_7,130.58,9093,21
run_8,130.58,8789,23
run_9,130.58,8412,23
run_10,130.58,9095,20
run_1,130.65,8501,22
run_2,130.65,8190,25
run_3,130.65,8682,22
run_4,130.65,9224,21
run_5,130.65,9973,19
run_6,130.65,9320,23
run_7,130.65,9093,21
run_8,130.65,8789,23
run_9,130.65,8412,23
run_10,130.65,9095,20
run_1,130.81,8501,22
run_2,130.81,8190,25
run_3,130.81,8682,22
run_4,130.81,9260,21
run_5,130.81,9973,19
run_6,130.81,9320,23
run_7,130.81,9093,21
run_8,130.81,8789,23
run_9,130.81,8412,23
run_10,130.81,9095,20
run_1,130.87,8501,22
run_2,130.87,8190,25
run_3,130.87,8682,22
run_4,130.87,9260,21
run_5,130.87,9973,19
run_6,130.87,9320,23
run_7,130.87,9093,21
run_8,130.87,8789,23
run_9,130.87,8468,23
run_10,130.87,9095,20
run_1,130.96,8501,22
run_2,130.96,8190,25
run_3,130.96,8682,22
run_4,130.96,9260,21
run_5,130.96,9973,19
run_6,130.96,9320,23
run_7,130.96,9093,21
run_8,130.96,8789,23
run_9,130.96,8468,23
run_10,130.96,9127,20
run_1,131.14,8501,22
run_2,131.14,8190,25
run_3,131.14,8682,22
run_4,131.14,9260,21
run_5,131.14,9973,19
run_6,131.14,9348,23
run_7,131.14,9093,21
run_8,131.14,8789,23
run_9,131.14,8468,23
run_10,131.14,9127,20
run_1,131.19,8501,22
run_2,131.19,8190,25
run_3,131.19,8730,22
run_4,131.19,9260,21
run_5,131.19,9973,19
run_6,131.19,9348,23
run_7,131.19,9093,21
run_8,131.19,8789,23
run_9,131.19,8468,23
run_10,131.19,9127,20
run_1,131.45,8501,22
run_2,131.45,8190,25
run_3,131.45,8730,22
run_4,131.45,9260,21
run_5,131.45,10013,19
run_6,131.45,9348,23
run_7,131.45,9093,21
run_8,131.45,8789,23
run_9,131.45,8468,23
run_10,131.45,9127,20
run_1,131.75,8501,22
run_2,131.75,8190,25
run_3,131.75,8730,22
run_4,131.75,9260,21
run_5,131.75,10013,19
run_6,131.75,9348,23
run_7,131.75,9149,21
run_8,131.75,8789,23
run_9,131.75,8468,23
run_10,131.75,9127,20
run_1,131.76,8501,22
run_2,131.76,8258,25
run_3,131.76,8730,22
run_4,131.76,9260,21
run_5,131.76,10013,19
run_6,131.76,9348,23
run_7,131.76,9149,21
run_8,131.76,8789,23
run_9,131.76,8468,23
run_10,131.76,9127,20
run_1,131.81,8501,22
run_2,131.81,8258,25
run_3,131.81,8730,22
run_4,131.81,9260,21
run_5,131.81,10013,19
run_6,131.81,9348,23
run_7,131.81,9149,21
run_8,131.81,8837,23
run_9,131.81,8468,23
run_10,131.81,9127,20
run_1,131.94,8561,22
run_2,131.94,8258,25
run_3,131.94,8730,22
run_4,131.94,9260,21
run_5,131.94,10013,19
run_6,131.94,9348,23
run_7,131.94,9149,21
run_8,131.94,8837,23
run_9,131.94,8468,23
run_10,131.94,9127,20
run_1,132.01,8561,22
run_2,132.01,8258,25
run_3,132.01,8730,22
run_4,132.01,9260,21
run_5,132.01,10013,19
run_6,132.01,9348,23
run_7,132.01,9149,21
run_8,132.01,8837,23
run_9,132.01,8532,23
run_10,132.01,9127,20
run_1,132.04,8561,22
run_2,132.04,8258,25
run_3,132.04,8730,22
run_4,132.04,9316,21
run_5,132.04,10013,19
run_6,132.04,9348,23
run_7,132.04,9149,21
run_8,132.04,8837,23
run_9,132.04,8532,23
run_10,132.04,9127,20
run_1,132.18,8561,22
run_2,132.18,8258,25
run_3,132.18,8730,22
run_4,132.18,9316,21
run_5,132.18,10013,19
run_6,132.18,9364,23
run_7,132.18,9149,21
run_8,132.18,8837,23
run_9,132.18,8532,23
run_10,132.18,9127,20
run_1,132.24,8561,22
run_2,132.24,8258,25
run_3,132.24,8730,22
run_4,132.24,9316,21
run_5,132.24,10013,19
run_6,132.24,9364,23
run_7,132.24,9149,21
run_8,132.24,8837,23
run_9,132.24,8532,23
run_10,132.24,9179,20
run_1,132.35,8561,22
run_2,132.35,8258,25
run_3,132.35,8754,22
run_4,132.35,9316,21
run_5,132.35,10013,19
run_6,132.35,9364,23
run_7,132.35,9149,21
run_8,132.35,8837,23
run_9,132.35,8532,23
run_10,132.35,9179,20
run_1,132.51,8561,22
run_2,132.51,8258,25
run_3,132.51,8754,22
run_4,132.51,9316,21
run_5,132.51,10057,19
run_6,132.51,9364,23
run_7,132.51,9149,21
run_8,132.51,8837,23
run_9,132.51,8532,23
run_10,132.51,9179,20
run_1,132.85,8561,22
run_2,132.85,8294,25
run_3,132.85,8754,22
run_4,132.85,9316,21
run_5,132.85,10057,19
run_6,132.85,9364,23
run_7,132.85,9149,21
run_8,132.85,8837,23
run_9,132.85,8532,23
run_10,132.85,9179,20
run_1,132.94,8561,22
run_2,132.94,8294,25
run_3,132.94,8754,22
run_4,132.94,9316,21
run_5,132.94,10057,19
run_6,132.94,9364,23
run_7,132.94,9185,21
run_8,132.94,8837,23
run_9,132.94,8532,23
run_10,132.94,9179,20
run_1,133.15,8561,22
run_2,133.15,8294,25
run_3,133.15,8754,22
run_4,133.15,9376,21
run_5,133.15,10057,19
run_6,133.15,9364,23
run_7,133.15,9185,21
run_8,133.15,8837,23
run_9,133.15,8532,23
run_10,133.15,9179,20
run_1,133.16,8561,22
run_2,133.16,8294,25
run_3,133.16,8754,22
run_4,133.16,9376,21
run_5,133.16,10057,19
run_6,133.16,9364,23
run_7,133.16,9185,21
run_8,133.16,8885,23
run_9,133.16,8532,23
run_10,133.16,9179,20
run_1,133.17,8561,22
run_2,133.17,8294,25
run_3,133.17,8754,22
run_4,133.17,9376,21
run_5,133.17,10057,19
run_6,133.17,9364,23
run_7,133.17,9185,21
run_8,133.17,8885,23
run_9,133.17,8584,23
run_10,133.17,9179,20
run_1,133.18,8617,22
run_2,133.18,8294,25
run_3,133.18,8754,22
run_4,133.18,9376,21
run_5,133.18,10057,19
run_6,133.18,9364,23
run_7,133.18,9185,21
run_8,133.18,8885,23
run_9,133.18,8584,23
run_10,133.18,9179,20
run_1,133.2,8617,22
run_2,133.2,8294,25
run_3,133.2,8754,22
run_4,133.2,9376,21
run_5,133.2,10057,19
run_6,133.2,9412,23
run_7,133.2,9185,21
run_8,133.2,8885,23
run_9,133.2,8584,23
run_10,133.2,9179,20
run_1,133.45,8617,22
run_2,133.45,8294,25
run_3,133.45,8754,22
run_4,133.45,9376,21
run_5,133.45,10057,19
run_6,133.45,9412,23
run_7,133.45,9185,21
run_8,133.45,8885,23
run_9,133.45,8584,23
run_10,133.45,9219,20
run_1,133.53,8617,22
run_2,133.53,8294,25
run_3,133.53,8754,22
run_4,133.53,9376,21
run_5,133.53,10117,19
run_6,133.53,9412,23
run_7,133.53,9185,21
run_8,133.53,8885,23
run_9,133.53,8584,23
run_10,133.53,9219,20
run_1,133.57,8617,22
run_2,133.57,8294,25
run_3,133.57,8810,22
run_4,133.57,9376,21
run_5,133.57,10117,19
run_6,133.57,9412,23
run_7,133.57,9185,21
run_8,133.57,8885,23
run_9,133.57,8584,23
run_10,133.57,9219,20
run_1,134.01,8617,22
run_2,134.01,8354,25
run_3,134.01,8810,22
run_4,134.01,9376,21
run_5,134.01,10117,19
run_6,134.01,9412,23
run_7,134.01,9185,21
run_8,134.01,8885,23
run_9,134.01,8584,23
run_10,134.01,9219,20
run_1,134.29,8617,22
run_2,134.29,8354,25
run_3,134.29,8810,22
run_4,134.29,9404,21
run_5,134.29,10117,19
run_6,134.29,9412,23
run_7,134.29,9185,21
run_8,134.29,8885,23
run_9,134.29,8584,23
run_10,134.29,9219,20
run_1,134.3,8617,22
run_2,134.3,8354,25
run_3,134.3,8810,22
run_4,134.3,9404,21
run_5,134.3,10117,19
run_6,134.3,9412,23
run_7,134.3,9221,21
run_8,134.3,8885,23
run_9,134.3,8584,23
run_10,134.3,9219,20
run_1,134.31,8641,22
run_2,134.31,8354,25
run_3,134.31,8810,22
run_4,134.31,9404,21
run_5,134.31,10117,19
run_6,134.31,9412,23
run_7,134.31,9221,21
run_8,134.31,8885,23
run_9,134.31,8584,23
run_10,134.31,9219,20
run_1,134.38,8641,22
run_2,134.38,8354,25
run_3,134.38,8810,22
run_4,134.38,9404,21
run_5,134.38,10117,19
run_6,134.38,9412,23
run_7,134.38,9221,21
run_8,134.38,8885,23
run_9,134.38,8640,23
run_10,134.38,9219,20
run_1,134.4,8641,22
run_2,134.4,8354,25
run_3,134.4,8810,22
run_4,134.4,9404,21
run_5,134.4,10117,19
run_6,134.4,9476,23
run_7,134.4,9221,21
run_8,134.4,8885,23
run_9,134.4,8640,23
run_10,134.4,9219,20
run_1,134.49,8641,22
run_2,134.49,8354,25
run_3,134.49,8810,22
run_4,134.49,9404,21
run_5,134.49,10117,19
run_6,134.49,9476,23
run_7,134.49,9221,21
run_8,134.49,8929,23
run_9,134.49,8640,23
run_10,134.49,9219,20
run_1,134.5,8641,22
run_2,134.5,8354,25
run_3,134.5,8810,22
run_4,134.5,9404,21
run_5,134.5,10153,19
run_6,134.5,9476,23
run_7,134.5,9221,21
run_8,134.5,8929,23
run_9,134.5,8640,23
run_10,134.5,9219,20
run_1,134.64,8641,22
run_2,134.64,8354,25
run_3,134.64,8810,22
run_4,134.64,9404,21
run_5,134.64,10153,19
run_6,134.64,9476,23
run_7,134.64,9221,21
run_8,134.64,8929,23
run_9,134.64,8640,23
run_10,134.64,9283,20
run_1,134.69,8641,22
run_2,134.69,8354,25
run_3,134.69,8858,22
run_4,134.69,9404,21
run_5,134.69,10153,19
run_6,134.69,9476,23
run_7,134.69,9221,21
run_8,134.69,8929,23
run_9,134.69,8640,23
run_10,134.69,9283,20
run_1,135.16,8641,22
run_2,135.16,8422,25
run_3,135.16,8858,22
run_4,135.16,9404,21
run_5,135.16,10153,19
run_6,135.16,9476,23
run_7,135.16,9221,21
run_8,135.16,8929,23
run_9,135.16,8640,23
run_10,135.16,9283,20
run_1,135.33,8641,22
run_2,135.33,8422,25
run_3,135.33,8858,22
run_4,135.33,9436,21
run_5,135.33,10153,19
run_6,135.33,9476,23
run_7,135.33,9221,21
run_8,135.33,8929,23
run_9,135.33,8640,23
run_10,135.33,9283,20
run_1,135.46,8641,22
run_2,135.46,8422,25
run_3,135.46,8858,22
run_4,135.46,9436,21
run_5,135.46,10169,19
run_6,135.46,9476,23
run_7,135.46,9221,21
run_8,135.46,8929,23
run_9,135.46,8640,23
run_10,135.46,9283,20
run_1,135.48,8641,22
run_2,135.48,8422,25
run_3,135.48,8858,22
run_4,135.48,9436,21
run_5,135.48,10169,19
run_6,135.48,9476,23
run_7,135.48,9273,21
run_8,135.48,8929,23
run_9,135.48,8640,23
run_10,135.48,9283,20
run_1,135.52,8677,22
run_2,135.52,8422,25
run_3,135.52,8858,22
run_4,135.52,9436,21
run_5,135.52,10169,19
run_6,135.52,9476,23
run_7,135.52,9273,21
run_8,135.52,8929,23
run_9,135.52,8640,23
run_10,135.52,9283,20
run_1,135.53,8677,22
run_2,135.53,8422,25
run_3,135.53,8858,22
run_4,135.53,9436,21
run_5,135.53,10169,19
run_6,135.53,9476,23
run_7,135.53,9273,21
run_8,135.53,8929,23
run_9,135.53,8672,23
run_10,135.53,9283,20
run_1,135.69,8677,22
run_2,135.69,8422,25
run_3,135.69,8858,22
run_4,135.69,9436,21
run_5,135.69,10169,19
run_6,135.69,9476,23
run_7,135.69,9273,21
run_8,135.69,8981,23
run_9,135.69,8672,23
run_10,135.69,9283,20
run_1,135.76,8677,22
run_2,135.76,8422,25
run_3,135.76,8882,22
run_4,135.76,9436,21
run_5,135.76,10169,19
run_6,135.76,9476,23
run_7,135.76,9273,21
run_8,135.76,8981,23
run_9,135.76,8672,23
run_10,135.76,9283,20
run_1,135.78,8677,22
run_2,135.78,8422,25
run_3,135.78,8882,22
run_4,135.78,9436,21
run_5,135.78,10169,19
run_6,135.78,9476,23
run_7,135.78,9273,21
run_8,135.78,8981,23
run_9,135.78,8672,23
run_10,135.78,9323,20
run_1,135.81,8677,22
run_2,135.81,8422,25
run_3,135.81,8882,22
run_4,135.81,9436,21
run_5,135.81,10169,19
run_6,135.81,9536,23
run_7,135.81,9273,21
run_8,135.81,8981,23
run_9,135.81,8672,23
run_10,135.81,9323,20
run_1,136.29,8677,22
run_2,136.29,8470,25
run_3,136.29,8882,22
run_4,136.29,9436,21
run_5,136.29,10169,19
run_6,136.29,9536,23
run_7,136.29,9273,21
run_8,136.29,8981,23
run_9,136.29,8672,23
run_10,136.29,9323,20
run_1,136.43,8677,22
run_2,136.43,8470,25
run_3,136.43,8882,22
run_4,136.43,9476,21
run_5,136.43,10169,19
run_6,136.43,9536,23
run_7,136.43,9273,21
run_8,136.43,8981,23
run_9,136.43,8672,23
run_10,136.43,9323,20
run_1,136.47,8677,22
run_2,136.47,8470,25
run_3,136.47,8882,22
run_4,136.47,9476,21
run_5,136.47,10229,19
run_6,136.47,9536,23
run_7,136.47,9273,21
run_8,136.47,8981,23
run_9,136.47,8672,23
run_10,136.47,9323,20
run_1,136.7,8677,22
run_2,136.7,8470,25
run_3,136.7,8882,22
run_4,136.7,9476,21
run_5,136.7,10229,19
run_6,136.7,9536,23
run_7,136.7,9309,21
run_8,136.7,8981,23
run_9,136.7,8672,23
run_10,136.7,9323,20
run_1,136.72,8717,22
run_2,136.72,8470,25
run_3,136.72,8882,22
run_4,136.72,9476,21
run_5,136.72,10229,19
run_6,136.72,9536,23
run_7,136.72,9309,21
run_8,136.72,8981,23
run_9,136.72,8672,23
run_10,136.72,9323,20
run_1,136.74,8717,22
run_2,136.74,8470,25
run_3,136.74,8882,22
run_4,136.74,9476,21
run_5,136.74,10229,19
run_6,136.74,9536,23
run_7,136.74,9309,21
run_8,136.74,8981,23
run_9,136.74,8736,23
run_10,136.74,9323,20
run_1,136.91,8717,22
run_2,136.91,8470,25
run_3,136.91,8882,22
run_4,136.91,9476,21
run_5,136.91,10229,19
run_6,136.91,9536,23
run_7,136.91,9309,21
run_8,136.91,9025,23
run_9,136.91,8736,23
run_10,136.91,9323,20
run_1,136.94,8717,22
run_2,136.94,8470,25
run_3,136.94,8882,22
run_4,136.94,9476,21
run_5,136.94,10229,19
run_6,136.94,9536,23
run_7,136.94,9309,21
run_8,136.94,9025,23
run_9,136.94,8736,23
run_10,136.94,9379,20
run_1,136.96,8717,22
run_2,136.96,8470,25
run_3,136.96,8914,22
run_4,136.96,9476,21
run_5,136.96,10229,19
run_6,136.96,9536,23
run_7,136.96,9309,21
run_8,136.96,9025,23
run_9,136.96,8736,23
run_10,136.96,9379,20
run_1,136.97,8717,22
run_2,136.97,8470,25
run_3,136.97,8914,22
run_4,136.97,9476,21
run_5,136.97,10229,19
run_6,136.97,9596,23
run_7,136.97,9309,21
run_8,136.97,9025,23
run_9,136.97,8736,23
run_10,136.97,9379,20
run_1,137.33,8717,22
run_2,137.33,8522,25
run_3,137.33,8914,22
run_4,137.33,9476,21
run_5,137.33,10229,19
run_6,137.33,9596,23
run_7,137.33,9309,21
run_8,137.33,9025,23
run_9,137.33,8736,23
run_10,137.33,9379,20
run_1,137.61,8717,22
run_2,137.61,8522,25
run_3,137.61,8914,22
run_4,137.61,9532,21
run_5,137.61,10229,19
run_6,137.61,9596,23
run_7,137.61,9309,21
run_8,137.61,9025,23
run_9,137.61,8736,23
run_10,137.61,9379,20
run_1,137.71,8717,22
run_2,137.71,8522,25
run_3,137.71,8914,22
run_4,137.71,9532,21
run_5,137.71,10297,19
run_6,137.71,9596,23
run_7,137.71,9309,21
run_8,137.71,9025,23
run_9,137.71,8736,23
run_10,137.71,9379,20
run_1,137.88,8717,22
run_2,137.88,8522,25
run_3,137.88,8914,22
run_4,137.88,9532,21
run_5,137.88,10297,19
run_6,137.88,9596,23
run_7,137.88,9337,21
run_8,137.88,9025,23
run_9,137.88,8736,23
run_10,137.88,9379,20
run_1,137.93,8717,22
run_2,137.93,8522,25
run_3,137.93,8914,22
run_4,137.93,9532,21
run_5,137.93,10297,19
run_6,137.93,9596,23
run_7,137.93,9337,21
run_8,137.93,9025,23
run_9,137.93,8784,23
run_10,137.93,9379,20
run_1,138.06,8749,22
run_2,138.06,8522,25
run_3,138.06,8914,22
run_4,138.06,9532,21
run_5,138.06,10297,19
run_6,138.06,9596,23
run_7,138.06,9337,21
run_8,138.06,9025,23
run_9,138.06,8784,23
run_10,138.06,9379,20
run_1,138.11,8749,22
run_2,138.11,8522,25
run_3,138.11,8958,22
run_4,138.11,9532,21
run_5,138.11,10297,19
run_6,138.11,9596,23
run_7,138.11,9337,21
run_8,138.11,9025,23
run_9,138.11,8784,23
run_10,138.11,9379,20
run_1,138.17,8749,22
run_2,138.17,8522,25
run_3,138.17,8958,22
run_4,138.17,9532,21
run_5,138.17,10297,19
run_6,138.17,9596,23
run_7,138.17,9337,21
run_8,138.17,9065,23
run_9,138.17,8784,23
run_10,138.17,9379,20
run_1,138.19,8749,22
run_2,138.19,8522,25
run_3,138.19,8958,22
run_4,138.19,9532,21
run_5,138.19,10297,19
run_6,138.19,9632,23
run_7,138.19,9337,21
run_8,138.19,9065,23
run_9,138.19,8784,23
run_10,138.19,9435,20
run_1,138.42,8749,22
run_2,138.42,8578,25
run_3,138.42,8958,22
run_4,138.42,9532,21
run_5,138.42,10297,19
run_6,138.42,9632,23
run_7,138.42,9337,21
run_8,138.42,9065,23
run_9,138.42,8784,23
run_10,138.42,9435,20
run_1,138.74,8749,22
run_2,138.74,8578,25
run_3,138.74,8958,22
run_4,138.74,9532,21
run_5,138.74,10345,19
run_6,138.74,9632,23
run_7,138.74,9337,21
run_8,138.74,9065,23
run_9,138.74,8784,23
run_10,138.74,9435,20
run_1,138.79,8749,22
run_2,138.79,8578,25
run_3,138.79,8958,22
run_4,138.79,9568,21
run_5,138.79,10345,19
run_6,138.79,9632,23
run_7,138.79,9337,21
run_8,138.79,9065,23
run_9,138.79,8784,23
run_10,138.79,9435,20
run_1,139.04,8749,22
run_2,139.04,8578,25
run_3,139.04,8958,22
run_4,139.04,9568,21
run_5,139.04,10345,19
run_6,139.04,9632,23
run_7,139.04,9385,21
run_8,139.04,9065,23
run_9,139.04,8784,23
run_10,139.04,9435,20
run_1,139.06,8749,22
run_2,139.06,8578,25
run_3,139.06,8958,22
run_4,139.06,9568,21
run_5,139.06,10345,19
run_6,139.06,9632,23
run_7,139.06,9385,21
run_8,139.06,9065,23
run_9,139.06,8812,23
run_10,139.06,9435,20
run_1,139.18,8749,22
run_2,139.18,8578,25
run_3,139.18,9006,22
run_4,139.18,9568,21
run_5,139.18,10345,19
run_6,139.18,9632,23
run_7,139.18,9385,21
run_8,139.18,9065,23
run_9,139.18,8812,23
run_10,139.18,9435,20
run_1,139.34,8749,22
run_2,139.34,8578,25
run_3,139.34,9006,22
run_4,139.34,9568,21
run_5,139.34,10345,19
run_6,139.34,9680,23
run_7,139.34,9385,21
run_8,139.34,9065,23
run_9,139.34,8812,23
run_10,139.34,9435,20
run_1,139.39,8749,22
run_2,139.39,8578,25
run_3,139.39,9006,22
run_4,139.39,9568,21
run_5,139.39,10345,19
run_6,139.39,9680,23
run_7,139.39,9385,21
run_8,139.39,9065,23
run_9,139.39,8812,23
run_10,139.39,9467,20
run_1,139.49,8749,22
run_2,139.49,8578,25
run_3,139.49,9006,22
run_4,139.49,9568,21
run_5,139.49,10345,19
run_6,139.49,9680,23
run_7,139.49,9385,21
run_8,139.49,9105,23
run_9,139.49,8812,23
run_10,139.49,9467,20
run_1,139.51,8801,22
run_2,139.51,8578,25
run_3,139.51,9006,22
run_4,139.51,9568,21
run_5,139.51,10345,19
run_6,139.51,9680,23
run_7,139.51,9385,21
run_8,139.51,9105,23
run_9,139.51,8812,23
run_10,139.51,9467,20
run_1,139.56,8801,22
run_2,139.56,8618,25
run_3,139.56,9006,22
run_4,139.56,9568,21
run_5,139.56,10345,19
run_6,139.56,9680,23
run_7,139.56,9385,21
run_8,139.56,9105,23
run_9,139.56,8812,23
run_10,139.56,9467,20
run_1,139.75,8801,22
run_2,139.75,8618,25
run_3,139.75,9006,22
run_4,139.75,9568,21
run_5,139.75,10393,19
run_6,139.75,9680,23
run_7,139.75,9385,21
run_8,139.75,9105,23
run_9,139.75,8812,23
run_10,139.75,9467,20
run_1,139.95,8801,22
run_2,139.95,8618,25
run_3,139.95,9006,22
run_4,139.95,9612,21
run_5,139.95,10393,19
run_6,139.95,9680,23
run_7,139.95,9385,21
run_8,139.95,9105,23
run_9,139.95,8812,23
run_10,139.95,9467,20
run_1,140.25,8801,22
run_2,140.25,8618,25
run_3,140.25,9006,22
run_4,140.25,9612,21
run_5,140.25,10393,19
run_6,140.25,9680,23
run_7,140.25,9421,21
run_8,140.25,9105,23
run_9,140.25,8812,23
run_10,140.25,9467,20
run_1,140.27,8801,22
run_2,140.27,8618,25
run_3,140.27,9006,22
run_4,140.27,9612,21
run_5,140.27,10393,19
run_6,140.27,9680,23
run_7,140.27,9421,21
run_8,140.27,9105,23
run_9,140.27,8868,23
run_10,140.27,9467,20
run_1,140.29,8801,22
run_2,140.29,8618,25
run_3,140.29,9050,22
run_4,140.29,9612,21
run_5,140.29,10393,19
run_6,140.29,9680,23
run_7,140.29,9421,21
run_8,140.29,9105,23
run_9,140.29,8868,23
run_10,140.29,9467,20
run_1,140.48,8801,22
run_2,140.48,8618,25
run_3,140.48,9050,22
run_4,140.48,9612,21
run_5,140.48,10393,19
run_6,140.48,9712,23
run_7,140.48,9421,21
run_8,140.48,9105,23
run_9,140.48,8868,23
run_10,140.48,9467,20
run_1,140.56,8801,22
run_2,140.56,8618,25
run_3,140.56,9050,22
run_4,140.56,9612,21
run_5,140.56,10393,19
run_6,140.56,9712,23
run_7,140.56,9421,21
run_8,140.56,9105,23
run_9,140.56,8868,23
run_10,140.56,9507,20
run_1,140.68,8801,22
run_2,140.68,8618,25
run_3,140.68,9050,22
run_4,140.68,9612,21
run_5,140.68,10393,19
run_6,140.68,9712,23
run_7,140.68,9421,21
run_8,140.68,9145,23
run_9,140.68,8868,23
run_10,140.68,9507,20
run_1,140.81,8837,22
run_2,140.81,8618,25
run_3,140.81,9050,22
run_4,140.81,9612,21
run_5,140.81,10393,19
run_6,140.81,9712,23
run_7,140.81,9421,21
run_8,140.81,9145,23
run_9,140.81,8868,23
run_10,140.81,9507,20
run_1,140.82,8837,22
run_2,140.82,8674,25
run_3,140.82,9050,22
run_4,140.82,9612,21
run_5,140.82,10393,19
run_6,140.82,9712,23
run_7,140.82,9421,21
run_8,140.82,9145,23
run_9,140.82,8868,23
run_10,140.82,9507,20
run_1,140.85,8837,22
run_2,140.85,8674,25
run_3,140.85,9050,22
run_4,140.85,9612,21
run_5,140.85,10449,19
run_6,140.85,9712,23
run_7,140.85,9421,21
run_8,140.85,9145,23
run_9,140.85,8868,23
run_10,140.85,9507,20
run_1,141.1,8837,22
run_2,141.1,8674,25
run_3,141.1,9050,22
run_4,141.1,9656,21
run_5,141.1,10449,19
run_6,141.1,9712,23
run_7,141.1,9421,21
run_8,141.1,9145,23
run_9,141.1,8868,23
run_10,141.1,9507,20
run_1,141.38,8837,22
run_2,141.38,8674,25
run_3,141.38,9126,22
run_4,141.38,9656,21
run_5,141.38,10449,19
run_6,141.38,9712,23
run_7,141.38,9421,21
run_8,141.38,9145,23
run_9,141.38,8868,23
run_10,141.38,9507,20
run_1,141.42,8837,22
run_2,141.42,8674,25
run_3,141.42,9126,22
run_4,141.42,9656,21
run_5,141.42,10449,19
run_6,141.42,9712,23
run_7,141.42,9481,21
run_8,141.42,9145,23
run_9,141.42,8868,23
run_10,141.42,9507,20
run_1,141.47,8837,22
run_2,141.47,8674,25
run_3,141.47,9126,22
run_4,141.47,9656,21
run_5,141.47,10449,19
run_6,141.47,9712,23
run_7,141.47,9481,21
run_8,141.47,9145,23
run_9,141.47,8900,23
run_10,141.47,9507,20
run_1,141.58,8837,22
run_2,141.58,8674,25
run_3,141.58,9126,22
run_4,141.58,9656,21
run_5,141.58,10449,19
run_6,141.58,9756,23
run_7,141.58,9481,21
run_8,141.58,9145,23
run_9,141.58,8900,23
run_10,141.58,9507,20
run_1,141.87,8837,22
run_2,141.87,8674,25
run_3,141.87,9126,22
run_4,141.87,9656,21
run_5,141.87,10449,19
run_6,141.87,9756,23
run_7,141.87,9481,21
run_8,141.87,9145,23
run_9,141.87,8900,23
run_10,141.87,9575,20
run_1,141.96,8837,22
run_2,141.96,8674,25
run_3,141.96,9126,22
run_4,141.96,9656,21
run_5,141.96,10449,19
run_6,141.96,9756,23
run_7,141.96,9481,21
run_8,141.96,9197,23
run_9,141.96,8900,23
run_10,141.96,9575,20
run_1,142,8837,22
run_2,142,8746,25
run_3,142,9126,22
run_4,142,9656,21
run_5,142,10449,19
run_6,142,9756,23
run_7,142,9481,21
run_8,142,9197,23
run_9,142,8900,23
run_10,142,9575,20
run_1,142.02,8901,22
run_2,142.02,8746,25
run_3,142.02,9126,22
run_4,142.02,9656,21
run_5,142.02,10449,19
run_6,142.02,9756,23
run_7,142.02,9481,21
run_8,142.02,9197,23
run_9,142.02,8900,23
run_10,142.02,9575,20
run_1,142.08,8901,22
run_2,142.08,8746,25
run_3,142.08,9126,22
run_4,142.08,9656,21
run_5,142.08,10493,19
run_6,142.08,9756,23
run_7,142.08,9481,21
run_8,142.08,9197,23
run_9,142.08,8900,23
run_10,142.08,9575,20
run_1,142.29,8901,22
run_2,142.29,8746,25
run_3,142.29,9126,22
run_4,142.29,9700,21
run_5,142.29,10493,19
run_6,142.29,9756,23
run_7,142.29,9481,21
run_8,142.29,9197,23
run_9,142.29,8900,23
run_10,142.29,9575,20
run_1,142.49,8901,22
run_2,142.49,8746,25
run_3,142.49,9174,22
run_4,142.49,9700,21
run_5,142.49,10493,19
run_6,142.49,9756,23
run_7,142.49,9481,21
run_8,142.49,9197,23
run_9,142.49,8900,23
run_10,142.49,9575,20
run_1,142.64,8901,22
run_2,142.64,8746,25
run_3,142.64,9174,22
run_4,142.64,9700,21
run_5,142.64,10493,19
run_6,142.64,9756,23
run_7,142.64,9533,21
run_8,142.64,9197,23
run_9,142.64,8900,23
run_10,142.64,9575,20
run_1,142.65,8901,22
run_2,142.65,8746,25
run_3,142.65,9174,22
run_4,142.65,9700,21
run_5,142.65,10493,19
run_6,142.65,9796,23
run_7,142.65,9533,21
run_8,142.65,9197,23
run_9,142.65,8932,23
run_10,142.65,9575,20
run_1,143.01,8901,22
run_2,143.01,8746,25
run_3,143.01,9174,22
run_4,143.01,9700,21
run_5,143.01,10493,19
run_6,143.01,9796,23
run_7,143.01,9533,21
run_8,143.01,9197,23
run_9,143.01,8932,23
run_10,143.01,9639,20
run_1,143.19,8901,22
run_2,143.19,8746,25
run_3,143.19,9174,22
run_4,143.19,9700,21
run_5,143.19,10557,19
run_6,143.19,9796,23
run_7,143.19,9533,21
run_8,143.19,9197,23
run_9,143.19,8932,23
run_10,143.19,9639,20
run_1,143.2,8901,22
run_2,143.2,8798,25
run_3,143.2,9174,22
run_4,143.2,9700,21
run_5,143.2,10557,19
run_6,143.2,9796,23
run_7,143.2,9533,21
run_8,143.2,9197,23
run_9,143.2,8932,23
run_10,143.2,9639,20
run_1,143.21,8917,22
run_2,143.21,8798,25
run_3,143.21,9174,22
run_4,143.21,9700,21
run_5,143.21,10557,19
run_6,143.21,9796,23
run_7,143.21,9533,21
run_8,143.21,9197,23
run_9,143.21,8932,23
run_10,143.21,9639,20
run_1,143.48,8917,22
run_2,143.48,8798,25
run_3,143.48,9174,22
run_4,143.48,9740,21
run_5,143.48,10557,19
run_6,143.48,9796,23
run_7,143.48,9533,21
run_8,143.48,9197,23
run_9,143.48,8932,23
run_10,143.48,9639,20
run_1,143.55,8917,22
run_2,143.55,8798,25
run_3,143.55,9174,22
run_4,143.55,9740,21
run_5,143.55,10557,19
run_6,143.55,9796,23
run_7,143.55,9533,21
run_8,143.55,9245,23
run_9,143.55,8932,23
run_10,143.55,9639,20
run_1,143.66,8917,22
run_2,143.66,8798,25
run_3,143.66,9242,22
run_4,143.66,9740,21
run_5,143.66,10557,19
run_6,143.66,9796,23
run_7,143.66,9533,21
run_8,143.66,9245,23
run_9,143.66,8932,23
run_10,143.66,9639,20
run_1,143.7,8917,22
run_2,143.7,8798,25
run_3,143.7,9242,22
run_4,143.7,9740,21
run_5,143.7,10557,19
run_6,143.7,9864,23
run_7,143.7,9533,21
run_8,143.7,9245,23
run_9,143.7,8932,23
run_10,143.7,9639,20
run_1,143.78,8917,22
run_2,143.78,8798,25
run_3,143.78,9242,22
run_4,143.78,9740,21
run_5,143.78,10557,19
run_6,143.78,9864,23
run_7,143.78,9573,21
run_8,143.78,9245,23
run_9,143.78,8932,23
run_10,143.78,9639,20
run_1,143.82,8917,22
run_2,143.82,8798,25
run_3,143.82,9242,22
run_4,143.82,9740,21
run_5,143.82,10557,19
run_6,143.82,9864,23
run_7,143.82,9573,21
run_8,143.82,9245,23
run_9,143.82,8968,23
run_10,143.82,9639,20
run_1,144.21,8917,22
run_2,144.21,8798,25
run_3,144.21,9242,22
run_4,144.21,9740,21
run_5,144.21,10557,19
run_6,144.21,9864,23
run_7,144.21,9573,21
run_8,144.21,9245,23
run_9,144.21,8968,23
run_10,144.21,9691,20
run_1,144.24,8917,22
run_2,144.24,8798,25
run_3,144.24,9242,22
run_4,144.24,9740,21
run_5,144.24,10609,19
run_6,144.24,9864,23
run_7,144.24,9573,21
run_8,144.24,9245,23
run_9,144.24,8968,23
run_10,144.24,9691,20
run_1,144.29,8917,22
run_2,144.29,8854,25
run_3,144.29,9242,22
run_4,144.29,9740,21
run_5,144.29,10609,19
run_6,144.29,9864,23
run_7,144.29,9573,21
run_8,144.29,9245,23
run_9,144.29,8968,23
run_10,144.29,9691,20
run_1,144.48,8957,22
run_2,144.48,8854,25
run_3,144.48,9242,22
run_4,144.48,9740,21
run_5,144.48,10609,19
run_6,144.48,9864,23
run_7,144.48,9573,21
run_8,144.48,9245,23
run_9,144.48,8968,23
run_10,144.48,9691,20
run_1,144.56,8957,22
run_2,144.56,8854,25
run_3,144.56,9242,22
run_4,144.56,9812,21
run_5,144.56,10609,19
run_6,144.56,9864,23
run_7,144.56,9573,21
run_8,144.56,9245,23
run_9,144.56,8968,23
run_10,144.56,9691,20
run_1,144.74,8957,22
run_2,144.74,8854,25
run_3,144.74,9286,22
run_4,144.74,9812,21
run_5,144.74,10609,19
run_6,144.74,9864,23
run_7,144.74,9573,21
run_8,144.74,9245,23
run_9,144.74,8968,23
run_10,144.74,9691,20
run_1,144.76,8957,22
run_2,144.76,8854,25
run_3,144.76,9286,22
run_4,144.76,9812,21
run_5,144.76,10609,19
run_6,144.76,9864,23
run_7,144.76,9573,21
run_8,144.76,9297,23
run_9,144.76,8968,23
run_10,144.76,9691,20
run_1,144.87,8957,22
run_2,144.87,8854,25
run_3,144.87,9286,22
run_4,144.87,9812,21
run_5,144.87,10609,19
run_6,144.87,9900,23
run_7,144.87,9573,21
run_8,144.87,9297,23
run_9,144.87,8968,23
run_10,144.87,9691,20
run_1,144.97,8957,22
run_2,144.97,8854,25
run_3,144.97,9286,22
run_4,144.97,9812,21
run_5,144.97,10609,19
run_6,144.97,9900,23
run_7,144.97,9573,21
run_8,144.97,9297,23
run_9,144.97,9016,23
run_10,144.97,9691,20
run_1,145.03,8957,22
run_2,145.03,8854,25
run_3,145.03,9286,22
run_4,145.03,9812,21
run_5,145.03,10609,19
run_6,145.03,9900,23
run_7,145.03,9645,21
run_8,145.03,9297,23
run_9,145.03,9016,23
run_10,145.03,9691,20
run_1,145.25,8957,22
run_2,145.25,8854,25
run_3,145.25,9286,22
run_4,145.25,9812,21
run_5,145.25,10669,19
run_6,145.25,9900,23
run_7,145.25,9645,21
run_8,145.25,9297,23
run_9,145.25,9016,23
run_10,145.25,9691,20
run_1,145.27,8957,22
run_2,145.27,8890,25
run_3,145.27,9286,22
run_4,145.27,9812,21
run_5,145.27,10669,19
run_6,145.27,9900,23
run_7,145.27,9645,21
run_8,145.27,9297,23
run_9,145.27,9016,23
run_10,145.27,9691,20
run_1,145.35,8957,22
run_2,145.35,8890,25
run_3,145.35,9286,22
run_4,145.35,9812,21
run_5,145.35,10669,19
run_6,145.35,9900,23
run_7,145.35,9645,21
run_8,145.35,9297,23
run_9,145.35,9016,23
run_10,145.35,9727,20
run_1,145.69,9021,22
run_2,145.69,8890,25
run_3,145.69,9286,22
run_4,145.69,9812,21
run_5,145.69,10669,19
run_6,145.69,9900,23
run_7,145.69,9645,21
run_8,145.69,9297,23
run_9,145.69,9016,23
run_10,145.69,9727,20
run_1,145.85,9021,22
run_2,145.85,8890,25
run_3,145.85,9342,22
run_4,145.85,9812,21
run_5,145.85,10669,19
run_6,145.85,9900,23
run_7,145.85,9645,21
run_8,145.85,9297,23
run_9,145.85,9016,23
run_10,145.85,9727,20
run_1,145.88,9021,22
run_2,145.88,8890,25
run_3,145.88,9342,22
run_4,145.88,9872,21
run_5,145.88,10669,19
run_6,145.88,9900,23
run_7,145.88,9645,21
run_8,145.88,9297,23
run_9,145.88,9016,23
run_10,145.88,9727,20
run_1,145.92,9021,22
run_2,145.92,8890,25
run_3,145.92,9342,22
run_4,145.92,9872,21
run_5,145.92,10669,19
run_6,145.92,9952,23
run_7,145.92,9645,21
run_8,145.92,9297,23
run_9,145.92,9016,23
run_10,145.92,9727,20
run_1,146.06,9021,22
run_2,146.06,8890,25
run_3,146.06,9342,22
run_4,146.06,9872,21
run_5,146.06,10669,19
run_6,146.06,9952,23
run_7,146.06,9645,21
run_8,146.06,9329,23
run_9,146.06,9016,23
run_10,146.06,9727,20
run_1,146.11,9021,22
run_2,146.11,8890,25
run_3,146.11,9342,22
run_4,146.11,9872,21
run_5,146.11,10669,19
run_6,146.11,9952,23
run_7,146.11,9645,21
run_8,146.11,9329,23
run_9,146.11,9056,23
run_10,146.11,9727,20
run_1,146.21,9021,22
run_2,146.21,8890,25
run_3,146.21,9342,22
run_4,146.21,9872,21
run_5,146.21,10669,19
run_6,146.21,9952,23
run_7,146.21,9717,21
run_8,146.21,9329,23
run_9,146.21,9056,23
run_10,146.21,9727,20
run_1,146.23,9021,22
run_2,146.23,8890,25
run_3,146.23,9342,22
run_4,146.23,9872,21
run_5,146.23,10709,19
run_6,146.23,9952,23
run_7,146.23,9717,21
run_8,146.23,9329,23
run_9,146.23,9056,23
run_10,146.23,9727,20
run_1,146.46,9021,22
run_2,146.46,8934,25
run_3,146.46,9342,22
run_4,146.46,9872,21
run_5,146.46,10709,19
run_6,146.46,9952,23
run_7,146.46,9717,21
run_8,146.46,9329,23
run_9,146.46,9056,23
run_10,146.46,9727,20
run_1,146.47,9021,22
run_2,146.47,8934,25
run_3,146.47,9342,22
run_4,146.47,9872,21
run_5,146.47,10709,19
run_6,146.47,9952,23
run_7,146.47,9717,21
run_8,146.47,9329,23
run_9,146.47,9056,23
run_10,146.47,9787,20
run_1,146.93,9065,22
run_2,146.93,8934,25
run_3,146.93,9342,22
run_4,146.93,9872,21
run_5,146.93,10709,19
run_6,146.93,9952,23
run_7,146.93,9717,21
run_8,146.93,9329,23
run_9,146.93,9056,23
run_10,146.93,9787,20
run_1,146.98,9065,22
run_2,146.98,8934,25
run_3,146.98,9418,22
run_4,146.98,9872,21
run_5,146.98,10709,19
run_6,146.98,9952,23
run_7,146.98,9717,21
run_8,146.98,9329,23
run_9,146.98,9056,23
run_10,146.98,9787,20
run_1,147.16,9065,22
run_2,147.16,8934,25
run_3,147.16,9418,22
run_4,147.16,9872,21
run_5,147.16,10709,19
run_6,147.16,10024,23
run_7,147.16,9717,21
run_8,147.16,9329,23
run_9,147.16,9056,23
run_10,147.16,9787,20
run_1,147.22,9065,22
run_2,147.22,8934,25
run_3,147.22,9418,22
run_4,147.22,9916,21
run_5,147.22,10709,19
run_6,147.22,10024,23
run_7,147.22,9717,21
run_8,147.22,9329,23
run_9,147.22,9056,23
run_10,147.22,9787,20
run_1,147.24,9065,22
run_2,147.24,8934,25
run_3,147.24,9418,22
run_4,147.24,9916,21
run_5,147.24,10709,19
run_6,147.24,10024,23
run_7,147.24,9717,21
run_8,147.24,9377,23
run_9,147.24,9056,23
run_10,147.24,9787,20
run_1,147.27,9065,22
run_2,147.27,8934,25
run_3,147.27,9418,22
run_4,147.27,9916,21
run_5,147.27,10741,19
run_6,147.27,10024,23
run_7,147.27,9717,21
run_8,147.27,9377,23
run_9,147.27,9124,23
run_10,147.27,9787,20
run_1,147.38,9065,22
run_2,147.38,8934,25
run_3,147.38,9418,22
run_4,147.38,9916,21
run_5,147.38,10741,19
run_6,147.38,10024,23
run_7,147.38,9777,21
run_8,147.38,9377,23
run_9,147.38,9124,23
run_10,147.38,9787,20
run_1,147.62,9065,22
run_2,147.62,8934,25
run_3,147.62,9418,22
run_4,147.62,9916,21
run_5,147.62,10741,19
run_6,147.62,10024,23
run_7,147.62,9777,21
run_8,147.62,9377,23
run_9,147.62,9124,23
run_10,147.62,9823,20
run_1,147.64,9065,22
run_2,147.64,8982,25
run_3,147.64,9418,22
run_4,147.64,9916,21
run_5,147.64,10741,19
run_6,147.64,10024,23
run_7,147.64,9777,21
run_8,147.64,9377,23
run_9,147.64,9124,23
run_10,147.64,9823,20
run_1,148.1,9065,22
run_2,148.1,8982,25
run_3,148.1,9462,22
run_4,148.1,9916,21
run_5,148.1,10741,19
run_6,148.1,10024,23
run_7,148.1,9777,21
run_8,148.1,9377,23
run_9,148.1,9124,23
run_10,148.1,9823,20
run_1,148.25,9121,22
run_2,148.25,8982,25
run_3,148.25,9462,22
run_4,148.25,9916,21
run_5,148.25,10741,19
run_6,148.25,10024,23
run_7,148.25,9777,21
run_8,148.25,9377,23
run_9,148.25,9124,23
run_10,148.25,9823,20
run_1,148.27,9121,22
run_2,148.27,8982,25
run_3,148.27,9462,22
run_4,148.27,9916,21
run_5,148.27,10741,19
run_6,148.27,10056,23
run_7,148.27,9777,21
run_8,148.27,9377,23
run_9,148.27,9124,23
run_10,148.27,9823,20
run_1,148.28,9121,22
run_2,148.28,8982,25
run_3,148.28,9462,22
run_4,148.28,9916,21
run_5,148.28,10801,19
run_6,148.28,10056,23
run_7,148.28,9777,21
run_8,148.28,9377,23
run_9,148.28,9124,23
run_10,148.28,9823,20
run_1,148.39,9121,22
run_2,148.39,8982,25
run_3,148.39,9462,22
run_4,148.39,9916,21
run_5,148.39,10801,19
run_6,148.39,10056,23
run_7,148.39,9777,21
run_8,148.39,9377,23
run_9,148.39,9176,23
run_10,148.39,9823,20
run_1,148.43,9121,22
run_2,148.43,8982,25
run_3,148.43,9462,22
run_4,148.43,9916,21
run_5,148.43,10801,19
run_6,148.43,10056,23
run_7,148.43,9777,21
run_8,148.43,9421,23
run_9,148.43,9176,23
run_10,148.43,9823,20
run_1,148.5,9121,22
run_2,148.5,8982,25
run_3,148.5,9462,22
run_4,148.5,9948,21
run_5,148.5,10801,19
run_6,148.5,10056,23
run_7,148.5,9777,21
run_8,148.5,9421,23
run_9,148.5,9176,23
run_10,148.5,9823,20
run_1,148.56,9121,22
run_2,148.56,8982,25
run_3,148.56,9462,22
run_4,148.56,9948,21
run_5,148.56,10801,19
run_6,148.56,10056,23
run_7,148.56,9805,21
run_8,148.56,9421,23
run_9,148.56,9176,23
run_10,148.56,9823,20
run_1,148.87,9121,22
run_2,148.87,9030,25
run_3,148.87,9462,22
run_4,148.87,9948,21
run_5,148.87,10801,19
run_6,148.87,10056,23
run_7,148.87,9805,21
run_8,148.87,9421,23
run_9,148.87,9176,23
run_10,148.87,9823,20
run_1,148.92,9121,22
run_2,148.92,9030,25
run_3,148.92,9462,22
run_4,148.92,9948,21
run_5,148.92,10801,19
run_6,148.92,10056,23
run_7,148.92,9805,21
run_8,148.92,9421,23
run_9,148.92,9176,23
run_10,148.92,9883,20
run_1,149.15,9121,22
run_2,149.15,9030,25
run_3,149.15,9502,22
run_4,149.15,9948,21
run_5,149.15,10801,19
run_6,149.15,10056,23
run_7,149.15,9805,21
run_8,149.15,9421,23
run_9,149.15,9176,23
run_10,149.15,9883,20
run_1,149.33,9121,22
run_2,149.33,9030,25
run_3,149.33,9502,22
run_4,149.33,9948,21
run_5,149.33,10825,19
run_6,149.33,10056,23
run_7,149.33,9805,21
run_8,149.33,9421,23
run_9,149.33,9176,23
run_10,149.33,9883,20
run_1,149.38,9153,22
run_2,149.38,9030,25
run_3,149.38,9502,22
run_4,149.38,9948,21
run_5,149.38,10825,19
run_6,149.38,10056,23
run_7,149.38,9805,21
run_8,149.38,9421,23
run_9,149.38,9176,23
run_10,149.38,9883,20
run_1,149.46,9153,22
run_2,149.46,9030,25
run_3,149.46,9502,22
run_4,149.46,9948,21
run_5,149.46,10825,19
run_6,149.46,10124,23
run_7,149.46,9805,21
run_8,149.46,9421,23
run_9,149.46,9176,23
run_10,149.46,9883,20
run_1,149.54,9153,22
run_2,149.54,9030,25
run_3,149.54,9502,22
run_4,149.54,9948,21
run_5,149.54,10825,19
run_6,149.54,10124,23
run_7,149.54,9805,21
run_8,149.54,9421,23
run_9,149.54,9224,23
run_10,149.54,9883,20
run_1,149.63,9153,22
run_2,149.63,9030,25
run_3,149.63,9502,22
run_4,149.63,9948,21
run_5,149.63,10825,19
run_6,149.63,10124,23
run_7,149.63,9805,21
run_8,149.63,9461,23
run_9,149.63,9224,23
run_10,149.63,9883,20
run_1,149.8,9153,22
run_2,149.8,9030,25
run_3,149.8,9502,22
run_4,149.8,9988,21
run_5,149.8,10825,19
run_6,149.8,10124,23
run_7,149.8,9805,21
run_8,149.8,9461,23
run_9,149.8,9224,23
run_10,149.8,9883,20
run_1,149.89,9153,22
run_2,149.89,9030,25
run_3,149.89,9502,22
run_4,149.89,9988,21
run_5,149.89,10825,19
run_6,149.89,10124,23
run_7,149.89,9837,21
run_8,149.89,9461,23
run_9,149.89,9224,23
run_10,149.89,9883,20
run_1,150.06,9153,22
run_2,150.06,9030,25
run_3,150.06,9502,22
run_4,150.06,9988,21
run_5,150.06,10825,19
run_6,150.06,10124,23
run_7,150.06,9837,21
run_8,150.06,9461,23
run_9,150.06,9224,23
run_10,150.06,9927,20
run_1,150.31,9153,22
run_2,150.31,9074,25
run_3,150.31,9502,22
run_4,150.31,9988,21
run_5,150.31,10825,19
run_6,150.31,10124,23
run_7,150.31,9837,21
run_8,150.31,9461,23
run_9,150.31,9224,23
run_10,150.31,9927,20
run_1,150.34,9153,22
run_2,150.34,9074,25
run_3,150.34,9502,22
run_4,150.34,9988,21
run_5,150.34,10853,19
run_6,150.34,10124,23
run_7,150.34,9837,21
run_8,150.34,9461,23
run_9,150.34,9224,23
run_10,150.34,9927,20
run_1,150.49,9153,22
run_2,150.49,9074,25
run_3,150.49,9534,22
run_4,150.49,9988,21
run_5,150.49,10853,19
run_6,150.49,10124,23
run_7,150.49,9837,21
run_8,150.49,9461,23
run_9,150.49,9224,23
run_10,150.49,9927,20
run_1,150.59,9153,22
run_2,150.59,9074,25
run_3,150.59,9534,22
run_4,150.59,9988,21
run_5,150.59,10853,19
run_6,150.59,10168,23
run_7,150.59,9837,21
run_8,150.59,9461,23
run_9,150.59,9224,23
run_10,150.59,9927,20
run_1,150.75,9153,22
run_2,150.75,9074,25
run_3,150.75,9534,22
run_4,150.75,9988,21
run_5,150.75,10853,19
run_6,150.75,10168,23
run_7,150.75,9837,21
run_8,150.75,9461,23
run_9,150.75,9276,23
run_10,150.75,9927,20
run_1,150.87,9153,22
run_2,150.87,9074,25
run_3,150.87,9534,22
run_4,150.87,9988,21
run_5,150.87,10853,19
run_6,150.87,10168,23
run_7,150.87,9837,21
run_8,150.87,9501,23
run_9,150.87,9276,23
run_10,150.87,9927,20
run_1,151,9201,22
run_2,151,9074,25
run_3,151,9534,22
run_4,151,9988,21
run_5,151,10853,19
run_6,151,10168,23
run_7,151,9837,21
run_8,151,9501,23
run_9,151,9276,23
run_10,151,9927,20
run_1,151.04,9201,22
run_2,151.04,9074,25
run_3,151.04,9534,22
run_4,151.04,9988,21
run_5,151.04,10853,19
run_6,151.04,10168,23
run_7,151.04,9865,21
run_8,151.04,9501,23
run_9,151.04,9276,23
run_10,151.04,9927,20
run_1,151.07,9201,22
run_2,151.07,9074,25
run_3,151.07,9534,22
run_4,151.07,10044,21
run_5,151.07,10853,19
run_6,151.07,10168,23
run_7,151.07,9865,21
run_8,151.07,9501,23
run_9,151.07,9276,23
run_10,151.07,9927,20
run_1,151.26,9201,22
run_2,151.26,9074,25
run_3,151.26,9534,22
run_4,151.26,10044,21
run_5,151.26,10853,19
run_6,151.26,10168,23
run_7,151.26,9865,21
run_8,151.26,9501,23
run_9,151.26,9276,23
run_10,151.26,9971,20
run_1,151.4,9201,22
run_2,151.4,9074,25
run_3,151.4,9534,22
run_4,151.4,10044,21
run_5,151.4,10913,19
run_6,151.4,10168,23
run_7,151.4,9865,21
run_8,151.4,9501,23
run_9,151.4,9276,23
run_10,151.4,9971,20
run_1,151.49,9201,22
run_2,151.49,9134,25
run_3,151.49,9534,22
run_4,151.49,10044,21
run_5,151.49,10913,19
run_6,151.49,10168,23
run_7,151.49,9865,21
run_8,151.49,9501,23
run_9,151.49,9276,23
run_10,151.49,9971,20
run_1,151.66,9201,22
run_2,151.66,9134,25
run_3,151.66,9534,22
run_4,151.66,10044,21
run_5,151.66,10913,19
run_6,151.66,10232,23
run_7,151.66,9865,21
run_8,151.66,9501,23
run_9,151.66,9276,23
run_10,151.66,9971,20
run_1,151.76,9201,22
run_2,151.76,9134,25
run_3,151.76,9562,22
run_4,151.76,10044,21
run_5,151.76,10913,19
run_6,151.76,10232,23
run_7,151.76,9865,21
run_8,151.76,9501,23
run_9,151.76,9276,23
run_10,151.76,9971,20
run_1,152.01,9201,22
run_2,152.01,9134,25
run_3,152.01,9562,22
run_4,152.01,10044,21
run_5,152.01,10913,19
run_6,152.01,10232,23
run_7,152.01,9865,21
run_8,152.01,9501,23
run_9,152.01,9328,23
run_10,152.01,9971,20
run_1,152.11,9201,22
run_2,152.11,9134,25
run_3,152.11,9562,22
run_4,152.11,10044,21
run_5,152.11,10913,19
run_6,152.11,10232,23
run_7,152.11,9865,21
run_8,152.11,9537,23
run_9,152.11,9328,23
run_10,152.11,9971,20
run_1,152.21,9201,22
run_2,152.21,9134,25
run_3,152.21,9562,22
run_4,152.21,10044,21
run_5,152.21,10913,19
run_6,152.21,10232,23
run_7,152.21,9929,21
run_8,152.21,9537,23
run_9,152.21,9328,23
run_10,152.21,9971,20
run_1,152.32,9201,22
run_2,152.32,9134,25
run_3,152.32,9562,22
run_4,152.32,10112,21
run_5,152.32,10913,19
run_6,152.32,10232,23
run_7,152.32,9929,21
run_8,152.32,9537,23
run_9,152.32,9328,23
run_10,152.32,9971,20
run_1,152.38,9261,22
run_2,152.38,9134,25
run_3,152.38,9562,22
run_4,152.38,10112,21
run_5,152.38,10913,19
run_6,152.38,10232,23
run_7,152.38,9929,21
run_8,152.38,9537,23
run_9,152.38,9328,23
run_10,152.38,9971,20
run_1,152.41,9261,22
run_2,152.41,9134,25
run_3,152.41,9562,22
run_4,152.41,10112,21
run_5,152.41,10965,19
run_6,152.41,10232,23
run_7,152.41,9929,21
run_8,152.41,9537,23
run_9,152.41,9328,23
run_10,152.41,9971,20
run_1,152.45,9261,22
run_2,152.45,9134,25
run_3,152.45,9562,22
run_4,152.45,10112,21
run_5,152.45,10965,19
run_6,152.45,10232,23
run_7,152.45,9929,21
run_8,152.45,9537,23
run_9,152.45,9328,23
run_10,152.45,10043,20
run_1,152.77,9261,22
run_2,152.77,9134,25
run_3,152.77,9562,22
run_4,152.77,10112,21
run_5,152.77,10965,19
run_6,152.77,10264,23
run_7,152.77,9929,21
run_8,152.77,9537,23
run_9,152.77,9328,23
run_10,152.77,10043,20
run_1,152.82,9261,22
run_2,152.82,9190,25
run_3,152.82,9562,22
run_4,152.82,10112,21
run_5,152.82,10965,19
run_6,152.82,10264,23
run_7,152.82,9929,21
run_8,152.82,9537,23
run_9,152.82,9328,23
run_10,152.82,10043,20
run_1,152.88,9261,22
run_2,152.88,9190,25
run_3,152.88,9598,22
run_4,152.88,10112,21
run_5,152.88,10965,19
run_6,152.88,10264,23
run_7,152.88,9929,21
run_8,152.88,9537,23
run_9,152.88,9328,23
run_10,152.88,10043,20
run_1,153.18,9261,22
run_2,153.18,9190,25
run_3,153.18,9598,22
run_4,153.18,10112,21
run_5,153.18,10965,19
run_6,153.18,10264,23
run_7,153.18,9929,21
run_8,153.18,9537,23
run_9,153.18,9368,23
run_10,153.18,10043,20
run_1,153.39,9261,22
run_2,153.39,9190,25
run_3,153.39,9598,22
run_4,153.39,10112,21
run_5,153.39,10965,19
run_6,153.39,10264,23
run_7,153.39,9929,21
run_8,153.39,9597,23
run_9,153.39,9368,23
run_10,153.39,10043,20
run_1,153.44,9261,22
run_2,153.44,9190,25
run_3,153.44,9598,22
run_4,153.44,10112,21
run_5,153.44,11025,19
run_6,153.44,10264,23
run_7,153.44,9929,21
run_8,153.44,9597,23
run_9,153.44,9368,23
run_10,153.44,10043,20
run_1,153.46,9261,22
run_2,153.46,9190,25
run_3,153.46,9598,22
run_4,153.46,10112,21
run_5,153.46,11025,19
run_6,153.46,10264,23
run_7,153.46,9965,21
run_8,153.46,9597,23
run_9,153.46,9368,23
run_10,153.46,10043,20
run_1,153.63,9261,22
run_2,153.63,9190,25
run_3,153.63,9598,22
run_4,153.63,10112,21
run_5,153.63,11025,19
run_6,153.63,10264,23
run_7,153.63,9965,21
run_8,153.63,9597,23
run_9,153.63,9368,23
run_10,153.63,10091,20
run_1,153.66,9261,22
run_2,153.66,9190,25
run_3,153.66,9598,22
run_4,153.66,10164,21
run_5,153.66,11025,19
run_6,153.66,10264,23
run_7,153.66,9965,21
run_8,153.66,9597,23
run_9,153.66,9368,23
run_10,153.66,10091,20
run_1,153.73,9309,22
run_2,153.73,9190,25
run_3,153.73,9598,22
run_4,153.73,10164,21
run_5,153.73,11025,19
run_6,153.73,10264,23
run_7,153.73,9965,21
run_8,153.73,9597,23
run_9,153.73,9368,23
run_10,153.73,10091,20
run_1,153.98,9309,22
run_2,153.98,9190,25
run_3,153.98,9598,22
run_4,153.98,10164,21
run_5,153.98,11025,19
run_6,153.98,10320,23
run_7,153.98,9965,21
run_8,153.98,9597,23
run_9,153.98,9368,23
run_10,153.98,10091,20
run_1,153.99,9309,22
run_2,153.99,9190,25
run_3,153.99,9662,22
run_4,153.99,10164,21
run_5,153.99,11025,19
run_6,153.99,10320,23
run_7,153.99,9965,21
run_8,153.99,9597,23
run_9,153.99,9368,23
run_10,153.99,10091,20
run_1,154,9309,22
run_2,154,9226,25
run_3,154,9662,22
run_4,154,10164,21
run_5,154,11025,19
run_6,154,10320,23
run_7,154,9965,21
run_8,154,9597,23
run_9,154,9368,23
run_10,154,10091,20
run_1,154.39,9309,22
run_2,154.39,9226,25
run_3,154.39,9662,22
run_4,154.39,10164,21
run_5,154.39,11025,19
run_6,154.39,10320,23
run_7,154.39,9965,21
run_8,154.39,9597,23
run_9,154.39,9416,23
run_10,154.39,10091,20
run_1,154.41,9309,22
run_2,154.41,9226,25
run_3,154.41,9662,22
run_4,154.41,10164,21
run_5,154.41,11061,19
run_6,154.41,10320,23
run_7,154.41,9965,21
run_8,154.41,9597,23
run_9,154.41,9416,23
run_10,154.41,10091,20
run_1,154.61,9309,22
run_2,154.61,9226,25
run_3,154.61,9662,22
run_4,154.61,10164,21
run_5,154.61,11061,19
run_6,154.61,10320,23
run_7,154.61,9965,21
run_8,154.61,9641,23
run_9,154.61,9416,23
run_10,154.61,10091,20
run_1,154.67,9309,22
run_2,154.67,9226,25
run_3,154.67,9662,22
run_4,154.67,10164,21
run_5,154.67,11061,19
run_6,154.67,10320,23
run_7,154.67,10005,21
run_8,154.67,9641,23
run_9,154.67,9416,23
run_10,154.67,10091,20
run_1,154.74,9309,22
run_2,154.74,9226,25
run_3,154.74,9662,22
run_4,154.74,10164,21
run_5,154.74,11061,19
run_6,154.74,10320,23
run_7,154.74,10005,21
run_8,154.74,9641,23
run_9,154.74,9416,23
run_10,154.74,10143,20
run_1,154.86,9309,22
run_2,154.86,9226,25
run_3,154.86,9662,22
run_4,154.86,10216,21
run_5,154.86,11061,19
run_6,154.86,10320,23
run_7,154.86,10005,21
run_8,154.86,9641,23
run_9,154.86,9416,23
run_10,154.86,10143,20
run_1,154.99,9349,22
run_2,154.99,9226,25
run_3,154.99,9662,22
run_4,154.99,10216,21
run_5,154.99,11061,19
run_6,154.99,10320,23
run_7,154.99,10005,21
run_8,154.99,9641,23
run_9,154.99,9416,23
run_10,154.99,10143,20
run_1,155.24,9349,22
run_2,155.24,9226,25
run_3,155.24,9662,22
run_4,155.24,10216,21
run_5,155.24,11061,19
run_6,155.24,10364,23
run_7,155.24,10005,21
run_8,155.24,9641,23
run_9,155.24,9416,23
run_10,155.24,10143,20
run_1,155.28,9349,22
run_2,155.28,9226,25
run_3,155.28,9726,22
run_4,155.28,10216,21
run_5,155.28,11061,19
run_6,155.28,10364,23
run_7,155.28,10005,21
run_8,155.28,9641,23
run_9,155.28,9416,23
run_10,155.28,10143,20
run_1,155.32,9349,22
run_2,155.32,9274,25
run_3,155.32,9726,22
run_4,155.32,10216,21
run_5,155.32,11061,19
run_6,155.32,10364,23
run_7,155.32,10005,21
run_8,155.32,9641,23
run_9,155.32,9416,23
run_10,155.32,10143,20
run_1,155.44,9349,22
run_2,155.44,9274,25
run_3,155.44,9726,22
run_4,155.44,10216,21
run_5,155.44,11097,19
run_6,155.44,10364,23
run_7,155.44,10005,21
run_8,155.44,9641,23
run_9,155.44,9416,23
run_10,155.44,10143,20
run_1,155.57,9349,22
run_2,155.57,9274,25
run_3,155.57,9726,22
run_4,155.57,10216,21
run_5,155.57,11097,19
run_6,155.57,10364,23
run_7,155.57,10005,21
run_8,155.57,9641,23
run_9,155.57,9480,23
run_10,155.57,10143,20
run_1,155.81,9349,22
run_2,155.81,9274,25
run_3,155.81,9726,22
run_4,155.81,10216,21
run_5,155.81,11097,19
run_6,155.81,10364,23
run_7,155.81,10005,21
run_8,155.81,9693,23
run_9,155.81,9480,23
run_10,155.81,10143,20
run_1,155.93,9349,22
run_2,155.93,9274,25
run_3,155.93,9726,22
run_4,155.93,10216,21
run_5,155.93,11097,19
run_6,155.93,10364,23
run_7,155.93,10053,21
run_8,155.93,9693,23
run_9,155.93,9480,23
run_10,155.93,10207,20
run_1,156.03,9349,22
run_2,156.03,9274,25
run_3,156.03,9726,22
run_4,156.03,10268,21
run_5,156.03,11097,19
run_6,156.03,10364,23
run_7,156.03,10053,21
run_8,156.03,9693,23
run_9,156.03,9480,23
run_10,156.03,10207,20
run_1,156.28,9417,22
run_2,156.28,9274,25
run_3,156.28,9726,22
run_4,156.28,10268,21
run_5,156.28,11097,19
run_6,156.28,10364,23
run_7,156.28,10053,21
run_8,156.28,9693,23
run_9,156.28,9480,23
run_10,156.28,10207,20
run_1,156.38,9417,22
run_2,156.38,9274,25
run_3,156.38,9726,22
run_4,156.38,10268,21
run_5,156.38,11133,19
run_6,156.38,10364,23
run_7,156.38,10053,21
run_8,156.38,9693,23
run_9,156.38,9480,23
run_10,156.38,10207,20
run_1,156.42,9417,22
run_2,156.42,9274,25
run_3,156.42,9726,22
run_4,156.42,10268,21
run_5,156.42,11133,19
run_6,156.42,10424,23
run_7,156.42,10053,21
run_8,156.42,9693,23
run_9,156.42,9480,23
run_10,156.42,10207,20
run_1,156.43,9417,22
run_2,156.43,9330,25
run_3,156.43,9726,22
run_4,156.43,10268,21
run_5,156.43,11133,19
run_6,156.43,10424,23
run_7,156.43,10053,21
run_8,156.43,9693,23
run_9,156.43,9480,23
run_10,156.43,10207,20
run_1,156.55,9417,22
run_2,156.55,9330,25
run_3,156.55,9774,22
run_4,156.55,10268,21
run_5,156.55,11133,19
run_6,156.55,10424,23
run_7,156.55,10053,21
run_8,156.55,9693,23
run_9,156.55,9480,23
run_10,156.55,10207,20
run_1,156.72,9417,22
run_2,156.72,9330,25
run_3,156.72,9774,22
run_4,156.72,10268,21
run_5,156.72,11133,19
run_6,156.72,10424,23
run_7,156.72,10053,21
run_8,156.72,9693,23
run_9,156.72,9524,23
run_10,156.72,10207,20
run_1,157.07,9417,22
run_2,157.07,9330,25
run_3,157.07,9774,22
run_4,157.07,10268,21
run_5,157.07,11133,19
run_6,157.07,10424,23
run_7,157.07,10053,21
run_8,157.07,9753,23
run_9,157.07,9524,23
run_10,157.07,10207,20
run_1,157.08,9417,22
run_2,157.08,9330,25
run_3,157.08,9774,22
run_4,157.08,10268,21
run_5,157.08,11133,19
run_6,157.08,10424,23
run_7,157.08,10053,21
run_8,157.08,9753,23
run_9,157.08,9524,23
run_10,157.08,10239,20
run_1,157.2,9417,22
run_2,157.2,9330,25
run_3,157.2,9774,22
run_4,157.2,10316,21
run_5,157.2,11133,19
run_6,157.2,10424,23
run_7,157.2,10105,21
run_8,157.2,9753,23
run_9,157.2,9524,23
run_10,157.2,10239,20
run_1,157.5,9417,22
run_2,157.5,9330,25
run_3,157.5,9774,22
run_4,157.5,10316,21
run_5,157.5,11173,19
run_6,157.5,10424,23
run_7,157.5,10105,21
run_8,157.5,9753,23
run_9,157.5,9524,23
run_10,157.5,10239,20
run_1,157.58,9473,22
run_2,157.58,9330,25
run_3,157.58,9774,22
run_4,157.58,10316,21
run_5,157.58,11173,19
run_6,157.58,10424,23
run_7,157.58,10105,21
run_8,157.58,9753,23
run_9,157.58,9524,23
run_10,157.58,10239,20
run_1,157.69,9473,22
run_2,157.69,9330,25
run_3,157.69,9822,22
run_4,157.69,10316,21
run_5,157.69,11173,19
run_6,157.69,10424,23
run_7,157.69,10105,21
run_8,157.69,9753,23
run_9,157.69,9524,23
run_10,157.69,10239,20
run_1,157.75,9473,22
run_2,157.75,9358,25
run_3,157.75,9822,22
run_4,157.75,10316,21
run_5,157.75,11173,19
run_6,157.75,10424,23
run_7,157.75,10105,21
run_8,157.75,9753,23
run_9,157.75,9524,23
run_10,157.75,10239,20
run_1,157.99,9473,22
run_2,157.99,9358,25
run_3,157.99,9822,22
run_4,157.99,10316,21
run_5,157.99,11173,19
run_6,157.99,10424,23
run_7,157.99,10105,21
run_8,157.99,9753,23
run_9,157.99,9592,23
run_10,157.99,10239,20
run_1,158.24,9473,22
run_2,158.24,9358,25
run_3,158.24,9822,22
run_4,158.24,10316,21
run_5,158.24,11173,19
run_6,158.24,10464,23
run_7,158.24,10105,21
run_8,158.24,9753,23
run_9,158.24,9592,23
run_10,158.24,10239,20
run_1,158.27,9473,22
run_2,158.27,9358,25
run_3,158.27,9822,22
run_4,158.27,10316,21
run_5,158.27,11173,19
run_6,158.27,10464,23
run_7,158.27,10105,21
run_8,158.27,9753,23
run_9,158.27,9592,23
run_10,158.27,10271,20
run_1,158.29,9473,22
run_2,158.29,9358,25
run_3,158.29,9822,22
run_4,158.29,10316,21
run_5,158.29,11173,19
run_6,158.29,10464,23
run_7,158.29,10105,21
run_8,158.29,9797,23
run_9,158.29,9592,23
run_10,158.29,10271,20
run_1,158.37,9473,22
run_2,158.37,9358,25
run_3,158.37,9822,22
run_4,158.37,10316,21
run_5,158.37,11173,19
run_6,158.37,10464,23
run_7,158.37,10181,21
run_8,158.37,9797,23
run_9,158.37,9592,23
run_10,158.37,10271,20
run_1,158.43,9473,22
run_2,158.43,9358,25
run_3,158.43,9822,22
run_4,158.43,10360,21
run_5,158.43,11173,19
run_6,158.43,10464,23
run_7,158.43,10181,21
run_8,158.43,9797,23
run_9,158.43,9592,23
run_10,158.43,10271,20
run_1,158.58,9473,22
run_2,158.58,9358,25
run_3,158.58,9822,22
run_4,158.58,10360,21
run_5,158.58,11197,19
run_6,158.58,10464,23
run_7,158.58,10181,21
run_8,158.58,9797,23
run_9,158.58,9592,23
run_10,158.58,10271,20
run_1,158.88,9545,22
run_2,158.88,9358,25
run_3,158.88,9822,22
run_4,158.88,10360,21
run_5,158.88,11197,19
run_6,158.88,10464,23
run_7,158.88,10181,21
run_8,158.88,9797,23
run_9,158.88,9592,23
run_10,158.88,10271,20
run_1,158.98,9545,22
run_2,158.98,9410,25
run_3,158.98,9822,22
run_4,158.98,10360,21
run_5,158.98,11197,19
run_6,158.98,10464,23
run_7,158.98,10181,21
run_8,158.98,9797,23
run_9,158.98,9592,23
run_10,158.98,10271,20
run_1,159.03,9545,22
run_2,159.03,9410,25
run_3,159.03,9870,22
run_4,159.03,10360,21
run_5,159.03,11197,19
run_6,159.03,10464,23
run_7,159.03,10181,21
run_8,159.03,9797,23
run_9,159.03,9592,23
run_10,159.03,10271,20
run_1,159.17,9545,22
run_2,159.17,9410,25
run_3,159.17,9870,22
run_4,159.17,10360,21
run_5,159.17,11197,19
run_6,159.17,10464,23
run_7,159.17,10181,21
run_8,159.17,9797,23
run_9,159.17,9628,23
run_10,159.17,10271,20
run_1,159.47,9545,22
run_2,159.47,9410,25
run_3,159.47,9870,22
run_4,159.47,10360,21
run_5,159.47,11197,19
run_6,159.47,10464,23
run_7,159.47,10181,21
run_8,159.47,9845,23
run_9,159.47,9628,23
run_10,159.47,10271,20
run_1,159.53,9545,22
run_2,159.53,9410,25
run_3,159.53,9870,22
run_4,159.53,10360,21
run_5,159.53,11197,19
run_6,159.53,10512,23
run_7,159.53,10181,21
run_8,159.53,9845,23
run_9,159.53,9628,23
run_10,159.53,10271,20
run_1,159.57,9545,22
run_2,159.57,9410,25
run_3,159.57,9870,22
run_4,159.57,10360,21
run_5,159.57,11197,19
run_6,159.57,10512,23
run_7,159.57,10181,21
run_8,159.57,9845,23
run_9,159.57,9628,23
run_10,159.57,10299,20
run_1,159.59,9545,22
run_2,159.59,9410,25
run_3,159.59,9870,22
run_4,159.59,10360,21
run_5,159.59,11197,19
run_6,159.59,10512,23
run_7,159.59,10193,21
run_8,159.59,9845,23
run_9,159.59,9628,23
run_10,159.59,10299,20
run_1,159.62,9545,22
run_2,159.62,9410,25
run_3,159.62,9870,22
run_4,159.62,10388,21
run_5,159.62,11197,19
run_6,159.62,10512,23
run_7,159.62,10193,21
run_8,159.62,9845,23
run_9,159.62,9628,23
run_10,159.62,10299,20
run_1,159.63,9545,22
run_2,159.63,9410,25
run_3,159.63,9870,22
run_4,159.63,10388,21
run_5,159.63,11249,19
run_6,159.63,10512,23
run_7,159.63,10193,21
run_8,159.63,9845,23
run_9,159.63,9628,23
run_10,159.63,10299,20
run_1,160.13,9545,22
run_2,160.13,9442,25
run_3,160.13,9870,22
run_4,160.13,10388,21
run_5,160.13,11249,19
run_6,160.13,10512,23
run_7,160.13,10193,21
run_8,160.13,9845,23
run_9,160.13,9628,23
run_10,160.13,10299,20
run_1,160.21,9585,22
run_2,160.21,9442,25
run_3,160.21,9870,22
run_4,160.21,10388,21
run_5,160.21,11249,19
run_6,160.21,10512,23
run_7,160.21,10193,21
run_8,160.21,9845,23
run_9,160.21,9628,23
run_10,160.21,10299,20
run_1,160.39,9585,22
run_2,160.39,9442,25
run_3,160.39,9910,22
run_4,160.39,10388,21
run_5,160.39,11249,19
run_6,160.39,10512,23
run_7,160.39,10193,21
run_8,160.39,9845,23
run_9,160.39,9628,23
run_10,160.39,10299,20
run_1,160.41,9585,22
run_2,160.41,9442,25
run_3,160.41,9910,22
run_4,160.41,10388,21
run_5,160.41,11249,19
run_6,160.41,10512,23
run_7,160.41,10193,21
run_8,160.41,9845,23
run_9,160.41,9680,23
run_10,160.41,10299,20
run_1,160.64,9585,22
run_2,160.64,9442,25
run_3,160.64,9910,22
run_4,160.64,10388,21
run_5,160.64,11297,19
run_6,160.64,10512,23
run_7,160.64,10193,21
run_8,160.64,9845,23
run_9,160.64,9680,23
run_10,160.64,10299,20
run_1,160.66,9585,22
run_2,160.66,9442,25
run_3,160.66,9910,22
run_4,160.66,10388,21
run_5,160.66,11297,19
run_6,160.66,10512,23
run_7,160.66,10193,21
run_8,160.66,9877,23
run_9,160.66,9680,23
run_10,160.66,10299,20
run_1,160.71,9585,22
run_2,160.71,9442,25
run_3,160.71,9910,22
run_4,160.71,10388,21
run_5,160.71,11297,19
run_6,160.71,10512,23
run_7,160.71,10193,21
run_8,160.71,9877,23
run_9,160.71,9680,23
run_10,160.71,10355,20
run_1,160.75,9585,22
run_2,160.75,9442,25
run_3,160.75,9910,22
run_4,160.75,10448,21
run_5,160.75,11297,19
run_6,160.75,10512,23
run_7,160.75,10193,21
run_8,160.75,9877,23
run_9,160.75,9680,23
run_10,160.75,10355,20
run_1,160.86,9585,22
run_2,160.86,9442,25
run_3,160.86,9910,22
run_4,160.86,10448,21
run_5,160.86,11297,19
run_6,160.86,10512,23
run_7,160.86,10253,21
run_8,160.86,9877,23
run_9,160.86,9680,23
run_10,160.86,10355,20
run_1,161.05,9585,22
run_2,161.05,9442,25
run_3,161.05,9910,22
run_4,161.05,10448,21
run_5,161.05,11297,19
run_6,161.05,10564,23
run_7,161.05,10253,21
run_8,161.05,9877,23
run_9,161.05,9680,23
run_10,161.05,10355,20
run_1,161.34,9585,22
run_2,161.34,9474,25
run_3,161.34,9910,22
run_4,161.34,10448,21
run_5,161.34,11297,19
run_6,161.34,10564,23
run_7,161.34,10253,21
run_8,161.34,9877,23
run_9,161.34,9680,23
run_10,161.34,10355,20
run_1,161.36,9629,22
run_2,161.36,9474,25
run_3,161.36,9910,22
run_4,161.36,10448,21
run_5,161.36,11297,19
run_6,161.36,10564,23
run_7,161.36,10253,21
run_8,161.36,9877,23
run_9,161.36,9680,23
run_10,161.36,10355,20
run_1,161.71,9629,22
run_2,161.71,9474,25
run_3,161.71,9910,22
run_4,161.71,10448,21
run_5,161.71,11333,19
run_6,161.71,10564,23
run_7,161.71,10253,21
run_8,161.71,9877,23
run_9,161.71,9680,23
run_10,161.71,10355,20
run_1,161.74,9629,22
run_2,161.74,9474,25
run_3,161.74,9910,22
run_4,161.74,10448,21
run_5,161.74,11333,19
run_6,161.74,10564,23
run_7,161.74,10253,21
run_8,161.74,9877,23
run_9,161.74,9752,23
run_10,161.74,10355,20
run_1,161.89,9629,22
run_2,161.89,9474,25
run_3,161.89,9910,22
run_4,161.89,10448,21
run_5,161.89,11333,19
run_6,161.89,10564,23
run_7,161.89,10253,21
run_8,161.89,9917,23
run_9,161.89,9752,23
run_10,161.89,10355,20
run_1,161.95,9629,22
run_2,161.95,9474,25
run_3,161.95,9910,22
run_4,161.95,10448,21
run_5,161.95,11333,19
run_6,161.95,10564,23
run_7,161.95,10253,21
run_8,161.95,9917,23
run_9,161.95,9752,23
run_10,161.95,10415,20
run_1,162.13,9629,22
run_2,162.13,9474,25
run_3,162.13,9910,22
run_4,162.13,10448,21
run_5,162.13,11333,19
run_6,162.13,10564,23
run_7,162.13,10281,21
run_8,162.13,9917,23
run_9,162.13,9752,23
run_10,162.13,10415,20
run_1,162.18,9629,22
run_2,162.18,9474,25
run_3,162.18,9910,22
run_4,162.18,10512,21
run_5,162.18,11333,19
run_6,162.18,10564,23
run_7,162.18,10281,21
run_8,162.18,9917,23
run_9,162.18,9752,23
run_10,162.18,10415,20
run_1,162.45,9629,22
run_2,162.45,9474,25
run_3,162.45,9910,22
run_4,162.45,10512,21
run_5,162.45,11333,19
run_6,162.45,10624,23
run_7,162.45,10281,21
run_8,162.45,9917,23
run_9,162.45,9752,23
run_10,162.45,10415,20
run_1,162.49,9629,22
run_2,162.49,9474,25
run_3,162.49,9982,22
run_4,162.49,10512,21
run_5,162.49,11333,19
run_6,162.49,10624,23
run_7,162.49,10281,21
run_8,162.49,9917,23
run_9,162.49,9752,23
run_10,162.49,10415,20
run_1,162.52,9673,22
run_2,162.52,9474,25
run_3,162.52,9982,22
run_4,162.52,10512,21
run_5,162.52,11333,19
run_6,162.52,10624,23
run_7,162.52,10281,21
run_8,162.52,9917,23
run_9,162.52,9752,23
run_10,162.52,10415,20
run_1,162.69,9673,22
run_2,162.69,9494,25
run_3,162.69,9982,22
run_4,162.69,10512,21
run_5,162.69,11333,19
run_6,162.69,10624,23
run_7,162.69,10281,21
run_8,162.69,9917,23
run_9,162.69,9752,23
run_10,162.69,10415,20
run_1,162.75,9673,22
run_2,162.75,9494,25
run_3,162.75,9982,22
run_4,162.75,10512,21
run_5,162.75,11393,19
run_6,162.75,10624,23
run_7,162.75,10281,21
run_8,162.75,9917,23
run_9,162.75,9752,23
run_10,162.75,10415,20
run_1,162.94,9673,22
run_2,162.94,9494,25
run_3,162.94,9982,22
run_4,162.94,10512,21
run_5,162.94,11393,19
run_6,162.94,10624,23
run_7,162.94,10281,21
run_8,162.94,9917,23
run_9,162.94,9808,23
run_10,162.94,10415,20
run_1,163.05,9673,22
run_2,163.05,9494,25
run_3,163.05,9982,22
run_4,163.05,10512,21
run_5,163.05,11393,19
run_6,163.05,10624,23
run_7,163.05,10281,21
run_8,163.05,9965,23
run_9,163.05,9808,23
run_10,163.05,10415,20
run_1,163.06,9673,22
run_2,163.06,9494,25
run_3,163.06,9982,22
run_4,163.06,10512,21
run_5,163.06,11393,19
run_6,163.06,10624,23
run_7,163.06,10281,21
run_8,163.06,9965,23
run_9,163.06,9808,23
run_10,163.06,10455,20
run_1,163.34,9673,22
run_2,163.34,9494,25
run_3,163.34,9982,22
run_4,163.34,10512,21
run_5,163.34,11393,19
run_6,163.34,10624,23
run_7,163.34,10309,21
run_8,163.34,9965,23
run_9,163.34,9808,23
run_10,163.34,10455,20
run_1,163.51,9673,22
run_2,163.51,9494,25
run_3,163.51,9982,22
run_4,163.51,10564,21
run_5,163.51,11393,19
run_6,163.51,10624,23
run_7,163.51,10309,21
run_8,163.51,9965,23
run_9,163.51,9808,23
run_10,163.51,10455,20
run_1,163.69,9673,22
run_2,163.69,9494,25
run_3,163.69,9982,22
run_4,163.69,10564,21
run_5,163.69,11393,19
run_6,163.69,10668,23
run_7,163.69,10309,21
run_8,163.69,9965,23
run_9,163.69,9808,23
run_10,163.69,10455,20
run_1,163.74,9705,22
run_2,163.74,9494,25
run_3,163.74,9982,22
run_4,163.74,10564,21
run_5,163.74,11393,19
run_6,163.74,10668,23
run_7,163.74,10309,21
run_8,163.74,9965,23
run_9,163.74,9808,23
run_10,163.74,10455,20
run_1,163.75,9705,22
run_2,163.75,9494,25
run_3,163.75,9982,22
run_4,163.75,10564,21
run_5,163.75,11457,19
run_6,163.75,10668,23
run_7,163.75,10309,21
run_8,163.75,9965,23
run_9,163.75,9808,23
run_10,163.75,10455,20
run_1,163.84,9705,22
run_2,163.84,9494,25
run_3,163.84,10026,22
run_4,163.84,10564,21
run_5,163.84,11457,19
run_6,163.84,10668,23
run_7,163.84,10309,21
run_8,163.84,9965,23
run_9,163.84,9808,23
run_10,163.84,10455,20
run_1,163.94,9705,22
run_2,163.94,9542,25
run_3,163.94,10026,22
run_4,163.94,10564,21
run_5,163.94,11457,19
run_6,163.94,10668,23
run_7,163.94,10309,21
run_8,163.94,9965,23
run_9,163.94,9808,23
run_10,163.94,10455,20
run_1,164.1,9705,22
run_2,164.1,9542,25
run_3,164.1,10026,22
run_4,164.1,10564,21
run_5,164.1,11457,19
run_6,164.1,10668,23
run_7,164.1,10309,21
run_8,164.1,9965,23
run_9,164.1,9860,23
run_10,164.1,10455,20
run_1,164.2,9705,22
run_2,164.2,9542,25
run_3,164.2,10026,22
run_4,164.2,10564,21
run_5,164.2,11457,19
run_6,164.2,10668,23
run_7,164.2,10309,21
run_8,164.2,9965,23
run_9,164.2,9860,23
run_10,164.2,10471,20
run_1,164.37,9705,22
run_2,164.37,9542,25
run_3,164.37,10026,22
run_4,164.37,10564,21
run_5,164.37,11457,19
run_6,164.37,10668,23
run_7,164.37,10309,21
run_8,164.37,10037,23
run_9,164.37,9860,23
run_10,164.37,10471,20
run_1,164.55,9705,22
run_2,164.55,9542,25
run_3,164.55,10026,22
run_4,164.55,10564,21
run_5,164.55,11457,19
run_6,164.55,10668,23
run_7,164.55,10353,21
run_8,164.55,10037,23
run_9,164.55,9860,23
run_10,164.55,10471,20
run_1,164.72,9705,22
run_2,164.72,9542,25
run_3,164.72,10026,22
run_4,164.72,10564,21
run_5,164.72,11501,19
run_6,164.72,10668,23
run_7,164.72,10353,21
run_8,164.72,10037,23
run_9,164.72,9860,23
run_10,164.72,10471,20
run_1,164.87,9705,22
run_2,164.87,9542,25
run_3,164.87,10026,22
run_4,164.87,10624,21
run_5,164.87,11501,19
run_6,164.87,10668,23
run_7,164.87,10353,21
run_8,164.87,10037,23
run_9,164.87,9860,23
run_10,164.87,10471,20
run_1,164.95,9749,22
run_2,164.95,9542,25
run_3,164.95,10026,22
run_4,164.95,10624,21
run_5,164.95,11501,19
run_6,164.95,10668,23
run_7,164.95,10353,21
run_8,164.95,10037,23
run_9,164.95,9860,23
run_10,164.95,10471,20
run_1,164.97,9749,22
run_2,164.97,9542,25
run_3,164.97,10026,22
run_4,164.97,10624,21
run_5,164.97,11501,19
run_6,164.97,10712,23
run_7,164.97,10353,21
run_8,164.97,10037,23
run_9,164.97,9860,23
run_10,164.97,10471,20
run_1,165.07,9749,22
run_2,165.07,9582,25
run_3,165.07,10026,22
run_4,165.07,10624,21
run_5,165.07,11501,19
run_6,165.07,10712,23
run_7,165.07,10353,21
run_8,165.07,10037,23
run_9,165.07,9860,23
run_10,165.07,10471,20
run_1,165.19,9749,22
run_2,165.19,9582,25
run_3,165.19,10078,22
run_4,165.19,10624,21
run_5,165.19,11501,19
run_6,165.19,10712,23
run_7,165.19,10353,21
run_8,165.19,10037,23
run_9,165.19,9860,23
run_10,165.19,10471,20
run_1,165.28,9749,22
run_2,165.28,9582,25
run_3,165.28,10078,22
run_4,165.28,10624,21
run_5,165.28,11501,19
run_6,165.28,10712,23
run_7,165.28,10353,21
run_8,165.28,10037,23
run_9,165.28,9904,23
run_10,165.28,10471,20
run_1,165.36,9749,22
run_2,165.36,9582,25
run_3,165.36,10078,22
run_4,165.36,10624,21
run_5,165.36,11501,19
run_6,165.36,10712,23
run_7,165.36,10353,21
run_8,165.36,10037,23
run_9,165.36,9904,23
run_10,165.36,10511,20
run_1,165.55,9749,22
run_2,165.55,9582,25
run_3,165.55,10078,22
run_4,165.55,10624,21
run_5,165.55,11501,19
run_6,165.55,10712,23
run_7,165.55,10353,21
run_8,165.55,10069,23
run_9,165.55,9904,23
run_10,165.55,10511,20
run_1,165.73,9749,22
run_2,165.73,9582,25
run_3,165.73,10078,22
run_4,165.73,10624,21
run_5,165.73,11561,19
run_6,165.73,10712,23
run_7,165.73,10353,21
run_8,165.73,10069,23
run_9,165.73,9904,23
run_10,165.73,10511,20
run_1,165.95,9749,22
run_2,165.95,9582,25
run_3,165.95,10078,22
run_4,165.95,10624,21
run_5,165.95,11561,19
run_6,165.95,10712,23
run_7,165.95,10405,21
run_8,165.95,10069,23
run_9,165.95,9904,23
run_10,165.95,10511,20
run_1,166.12,9749,22
run_2,166.12,9582,25
run_3,166.12,10078,22
run_4,166.12,10624,21
run_5,166.12,11561,19
run_6,166.12,10760,23
run_7,166.12,10405,21
run_8,166.12,10069,23
run_9,166.12,9904,23
run_10,166.12,10511,20
run_1,166.15,9781,22
run_2,166.15,9582,25
run_3,166.15,10078,22
run_4,166.15,10664,21
run_5,166.15,11561,19
run_6,166.15,10760,23
run_7,166.15,10405,21
run_8,166.15,10069,23
run_9,166.15,9904,23
run_10,166.15,10511,20
run_1,166.35,9781,22
run_2,166.35,9630,25
run_3,166.35,10078,22
run_4,166.35,10664,21
run_5,166.35,11561,19
run_6,166.35,10760,23
run_7,166.35,10405,21
run_8,166.35,10069,23
run_9,166.35,9904,23
run_10,166.35,10511,20
run_1,166.38,9781,22
run_2,166.38,9630,25
run_3,166.38,10114,22
run_4,166.38,10664,21
run_5,166.38,11561,19
run_6,166.38,10760,23
run_7,166.38,10405,21
run_8,166.38,10069,23
run_9,166.38,9904,23
run_10,166.38,10511,20
run_1,166.5,9781,22
run_2,166.5,9630,25
run_3,166.5,10114,22
run_4,166.5,10664,21
run_5,166.5,11561,19
run_6,166.5,10760,23
run_7,166.5,10405,21
run_8,166.5,10069,23
run_9,166.5,9968,23
run_10,166.5,10511,20
run_1,166.52,9781,22
run_2,166.52,9630,25
run_3,166.52,10114,22
run_4,166.52,10664,21
run_5,166.52,11561,19
run_6,166.52,10760,23
run_7,166.52,10405,21
run_8,166.52,10069,23
run_9,166.52,9968,23
run_10,166.52,10567,20
run_1,166.72,9781,22
run_2,166.72,9630,25
run_3,166.72,10114,22
run_4,166.72,10664,21
run_5,166.72,11609,19
run_6,166.72,10760,23
run_7,166.72,10405,21
run_8,166.72,10069,23
run_9,166.72,9968,23
run_10,166.72,10567,20
run_1,166.75,9781,22
run_2,166.75,9630,25
run_3,166.75,10114,22
run_4,166.75,10664,21
run_5,166.75,11609,19
run_6,166.75,10760,23
run_7,166.75,10405,21
run_8,166.75,10105,23
run_9,166.75,9968,23
run_10,166.75,10567,20
run_1,167.14,9781,22
run_2,167.14,9630,25
run_3,167.14,10114,22
run_4,167.14,10664,21
run_5,167.14,11609,19
run_6,167.14,10760,23
run_7,167.14,10441,21
run_8,167.14,10105,23
run_9,167.14,9968,23
run_10,167.14,10567,20
run_1,167.34,9821,22
run_2,167.34,9630,25
run_3,167.34,10114,22
run_4,167.34,10664,21
run_5,167.34,11609,19
run_6,167.34,10804,23
run_7,167.34,10441,21
run_8,167.34,10105,23
run_9,167.34,9968,23
run_10,167.34,10567,20
run_1,167.43,9821,22
run_2,167.43,9686,25
run_3,167.43,10114,22
run_4,167.43,10664,21
run_5,167.43,11609,19
run_6,167.43,10804,23
run_7,167.43,10441,21
run_8,167.43,10105,23
run_9,167.43,9968,23
run_10,167.43,10567,20
run_1,167.44,9821,22
run_2,167.44,9686,25
run_3,167.44,10114,22
run_4,167.44,10716,21
run_5,167.44,11609,19
run_6,167.44,10804,23
run_7,167.44,10441,21
run_8,167.44,10105,23
run_9,167.44,9968,23
run_10,167.44,10567,20
run_1,167.63,9821,22
run_2,167.63,9686,25
run_3,167.63,10114,22
run_4,167.63,10716,21
run_5,167.63,11609,19
run_6,167.63,10804,23
run_7,167.63,10441,21
run_8,167.63,10105,23
run_9,167.63,9968,23
run_10,167.63,10627,20
run_1,167.66,9821,22
run_2,167.66,9686,25
run_3,167.66,10114,22
run_4,167.66,10716,21
run_5,167.66,11609,19
run_6,167.66,10804,23
run_7,167.66,10441,21
run_8,167.66,10105,23
run_9,167.66,10004,23
run_10,167.66,10627,20
run_1,167.69,9821,22
run_2,167.69,9686,25
run_3,167.69,10162,22
run_4,167.69,10716,21
run_5,167.69,11609,19
run_6,167.69,10804,23
run_7,167.69,10441,21
run_8,167.69,10105,23
run_9,167.69,10004,23
run_10,167.69,10627,20
run_1,167.78,9821,22
run_2,167.78,9686,25
run_3,167.78,10162,22
run_4,167.78,10716,21
run_5,167.78,11661,19
run_6,167.78,10804,23
run_7,167.78,10441,21
run_8,167.78,10105,23
run_9,167.78,10004,23
run_10,167.78,10627,20
run_1,167.92,9821,22
run_2,167.92,9686,25
run_3,167.92,10162,22
run_4,167.92,10716,21
run_5,167.92,11661,19
run_6,167.92,10804,23
run_7,167.92,10441,21
run_8,167.92,10145,23
run_9,167.92,10004,23
run_10,167.92,10627,20
run_1,168.3,9821,22
run_2,168.3,9686,25
run_3,168.3,10162,22
run_4,168.3,10716,21
run_5,168.3,11661,19
run_6,168.3,10804,23
run_7,168.3,10481,21
run_8,168.3,10145,23
run_9,168.3,10004,23
run_10,168.3,10627,20
run_1,168.5,9881,22
run_2,168.5,9686,25
run_3,168.5,10162,22
run_4,168.5,10716,21
run_5,168.5,11661,19
run_6,168.5,10804,23
run_7,168.5,10481,21
run_8,168.5,10145,23
run_9,168.5,10004,23
run_10,168.5,10627,20
run_1,168.65,9881,22
run_2,168.65,9686,25
run_3,168.65,10162,22
run_4,168.65,10716,21
run_5,168.65,11661,19
run_6,168.65,10860,23
run_7,168.65,10481,21
run_8,168.65,10145,23
run_9,168.65,10004,23
run_10,168.65,10627,20
run_1,168.73,9881,22
run_2,168.73,9730,25
run_3,168.73,10162,22
run_4,168.73,10716,21
run_5,168.73,11661,19
run_6,168.73,10860,23
run_7,168.73,10481,21
run_8,168.73,10145,23
run_9,168.73,10004,23
run_10,168.73,10627,20
run_1,168.77,9881,22
run_2,168.77,9730,25
run_3,168.77,10162,22
run_4,168.77,10716,21
run_5,168.77,11721,19
run_6,168.77,10860,23
run_7,168.77,10481,21
run_8,168.77,10145,23
run_9,168.77,10004,23
run_10,168.77,10627,20
run_1,168.78,9881,22
run_2,168.78,9730,25
run_3,168.78,10162,22
run_4,168.78,10784,21
run_5,168.78,11721,19
run_6,168.78,10860,23
run_7,168.78,10481,21
run_8,168.78,10145,23
run_9,168.78,10004,23
run_10,168.78,10627,20
run_1,168.79,9881,22
run_2,168.79,9730,25
run_3,168.79,10162,22
run_4,168.79,10784,21
run_5,168.79,11721,19
run_6,168.79,10860,23
run_7,168.79,10481,21
run_8,168.79,10145,23
run_9,168.79,10004,23
run_10,168.79,10675,20
run_1,168.82,9881,22
run_2,168.82,9730,25
run_3,168.82,10162,22
run_4,168.82,10784,21
run_5,168.82,11721,19
run_6,168.82,10860,23
run_7,168.82,10481,21
run_8,168.82,10145,23
run_9,168.82,10040,23
run_10,168.82,10675,20
run_1,168.9,9881,22
run_2,168.9,9730,25
run_3,168.9,10190,22
run_4,168.9,10784,21
run_5,168.9,11721,19
run_6,168.9,10860,23
run_7,168.9,10481,21
run_8,168.9,10145,23
run_9,168.9,10040,23
run_10,168.9,10675,20
run_1,169.05,9881,22
run_2,169.05,9730,25
run_3,169.05,10190,22
run_4,169.05,10784,21
run_5,169.05,11721,19
run_6,169.05,10860,23
run_7,169.05,10481,21
run_8,169.05,10197,23
run_9,169.05,10040,23
run_10,169.05,10675,20
run_1,169.53,9881,22
run_2,169.53,9730,25
run_3,169.53,10190,22
run_4,169.53,10784,21
run_5,169.53,11721,19
run_6,169.53,10860,23
run_7,169.53,10561,21
run_8,169.53,10197,23
run_9,169.53,10040,23
run_10,169.53,10675,20
run_1,169.75,9881,22
run_2,169.75,9782,25
run_3,169.75,10190,22
run_4,169.75,10784,21
run_5,169.75,11721,19
run_6,169.75,10860,23
run_7,169.75,10561,21
run_8,169.75,10197,23
run_9,169.75,10040,23
run_10,169.75,10675,20
run_1,169.8,9881,22
run_2,169.8,9782,25
run_3,169.8,10190,22
run_4,169.8,10784,21
run_5,169.8,11773,19
run_6,169.8,10860,23
run_7,169.8,10561,21
run_8,169.8,10197,23
run_9,169.8,10040,23
run_10,169.8,10675,20
run_1,169.89,9929,22
run_2,169.89,9782,25
run_3,169.89,10190,22
run_4,169.89,10784,21
run_5,169.89,11773,19
run_6,169.89,10896,23
run_7,169.89,10561,21
run_8,169.89,10197,23
run_9,169.89,10040,23
run_10,169.89,10675,20
run_1,169.95,9929,22
run_2,169.95,9782,25
run_3,169.95,10190,22
run_4,169.95,10836,21
run_5,169.95,11773,19
run_6,169.95,10896,23
run_7,169.95,10561,21
run_8,169.95,10197,23
run_9,169.95,10040,23
run_10,169.95,10675,20
run_1,170.02,9929,22
run_2,170.02,9782,25
run_3,170.02,10190,22
run_4,170.02,10836,21
run_5,170.02,11773,19
run_6,170.02,10896,23
run_7,170.02,10561,21
run_8,170.02,10197,23
run_9,170.02,10080,23
run_10,170.02,10675,20
run_1,170.17,9929,22
run_2,170.17,9782,25
run_3,170.17,10246,22
run_4,170.17,10836,21
run_5,170.17,11773,19
run_6,170.17,10896,23
run_7,170.17,10561,21
run_8,170.17,10197,23
run_9,170.17,10080,23
run_10,170.17,10675,20
run_1,170.33,9929,22
run_2,170.33,9782,25
run_3,170.33,10246,22
run_4,170.33,10836,21
run_5,170.33,11773,19
run_6,170.33,10896,23
run_7,170.33,10561,21
run_8,170.33,10233,23
run_9,170.33,10080,23
run_10,170.33,10675,20
run_1,170.42,9929,22
run_2,170.42,9782,25
run_3,170.42,10246,22
run_4,170.42,10836,21
run_5,170.42,11773,19
run_6,170.42,10896,23
run_7,170.42,10561,21
run_8,170.42,10233,23
run_9,170.42,10080,23
run_10,170.42,10731,20
run_1,170.75,9929,22
run_2,170.75,9782,25
run_3,170.75,10246,22
run_4,170.75,10836,21
run_5,170.75,11773,19
run_6,170.75,10896,23
run_7,170.75,10609,21
run_8,170.75,10233,23
run_9,170.75,10080,23
run_10,170.75,10731,20
run_1,170.78,9929,22
run_2,170.78,9782,25
run_3,170.78,10246,22
run_4,170.78,10836,21
run_5,170.78,11817,19
run_6,170.78,10896,23
run_7,170.78,10609,21
run_8,170.78,10233,23
run_9,170.78,10080,23
run_10,170.78,10731,20
run_1,170.86,9929,22
run_2,170.86,9842,25
run_3,170.86,10246,22
run_4,170.86,10836,21
run_5,170.86,11817,19
run_6,170.86,10896,23
run_7,170.86,10609,21
run_8,170.86,10233,23
run_9,170.86,10080,23
run_10,170.86,10731,20
run_1,171.06,9989,22
run_2,171.06,9842,25
run_3,171.06,10246,22
run_4,171.06,10836,21
run_5,171.06,11817,19
run_6,171.06,10896,23
run_7,171.06,10609,21
run_8,171.06,10233,23
run_9,171.06,10080,23
run_10,171.06,10731,20
run_1,171.17,9989,22
run_2,171.17,9842,25
run_3,171.17,10246,22
run_4,171.17,10876,21
run_5,171.17,11817,19
run_6,171.17,10896,23
run_7,171.17,10609,21
run_8,171.17,10233,23
run_9,171.17,10080,23
run_10,171.17,10731,20
run_1,171.21,9989,22
run_2,171.21,9842,25
run_3,171.21,10246,22
run_4,171.21,10876,21
run_5,171.21,11817,19
run_6,171.21,10896,23
run_7,171.21,10609,21
run_8,171.21,10233,23
run_9,171.21,10144,23
run_10,171.21,10731,20
run_1,171.23,9989,22
run_2,171.23,9842,25
run_3,171.23,10246,22
run_4,171.23,10876,21
run_5,171.23,11817,19
run_6,171.23,10980,23
run_7,171.23,10609,21
run_8,171.23,10233,23
run_9,171.23,10144,23
run_10,171.23,10731,20
run_1,171.33,9989,22
run_2,171.33,9842,25
run_3,171.33,10318,22
run_4,171.33,10876,21
run_5,171.33,11817,19
run_6,171.33,10980,23
run_7,171.33,10609,21
run_8,171.33,10233,23
run_9,171.33,10144,23
run_10,171.33,10731,20
run_1,171.54,9989,22
run_2,171.54,9842,25
run_3,171.54,10318,22
run_4,171.54,10876,21
run_5,171.54,11817,19
run_6,171.54,10980,23
run_7,171.54,10609,21
run_8,171.54,10317,23
run_9,171.54,10144,23
run_10,171.54,10731,20
run_1,171.59,9989,22
run_2,171.59,9842,25
run_3,171.59,10318,22
run_4,171.59,10876,21
run_5,171.59,11817,19
run_6,171.59,10980,23
run_7,171.59,10609,21
run_8,171.59,10317,23
run_9,171.59,10144,23
run_10,171.59,10791,20
run_1,171.78,9989,22
run_2,171.78,9842,25
run_3,171.78,10318,22
run_4,171.78,10876,21
run_5,171.78,11889,19
run_6,171.78,10980,23
run_7,171.78,10609,21
run_8,171.78,10317,23
run_9,171.78,10144,23
run_10,171.78,10791,20
run_1,172.05,9989,22
run_2,172.05,9890,25
run_3,172.05,10318,22
run_4,172.05,10876,21
run_5,172.05,11889,19
run_6,172.05,10980,23
run_7,172.05,10609,21
run_8,172.05,10317,23
run_9,172.05,10144,23
run_10,172.05,10791,20
run_1,172.06,9989,22
run_2,172.06,9890,25
run_3,172.06,10318,22
run_4,172.06,10876,21
run_5,172.06,11889,19
run_6,172.06,10980,23
run_7,172.06,10677,21
run_8,172.06,10317,23
run_9,172.06,10144,23
run_10,172.06,10791,20
run_1,172.36,10029,22
run_2,172.36,9890,25
run_3,172.36,10318,22
run_4,172.36,10876,21
run_5,172.36,11889,19
run_6,172.36,10980,23
run_7,172.36,10677,21
run_8,172.36,10317,23
run_9,172.36,10144,23
run_10,172.36,10791,20
run_1,172.4,10029,22
run_2,172.4,9890,25
run_3,172.4,10318,22
run_4,172.4,10876,21
run_5,172.4,11889,19
run_6,172.4,11020,23
run_7,172.4,10677,21
run_8,172.4,10317,23
run_9,172.4,10144,23
run_10,172.4,10791,20
run_1,172.42,10029,22
run_2,172.42,9890,25
run_3,172.42,10318,22
run_4,172.42,10876,21
run_5,172.42,11889,19
run_6,172.42,11020,23
run_7,172.42,10677,21
run_8,172.42,10317,23
run_9,172.42,10192,23
run_10,172.42,10791,20
run_1,172.53,10029,22
run_2,172.53,9890,25
run_3,172.53,10318,22
run_4,172.53,10932,21
run_5,172.53,11889,19
run_6,172.53,11020,23
run_7,172.53,10677,21
run_8,172.53,10317,23
run_9,172.53,10192,23
run_10,172.53,10791,20
run_1,172.59,10029,22
run_2,172.59,9890,25
run_3,172.59,10390,22
run_4,172.59,10932,21
run_5,172.59,11889,19
run_6,172.59,11020,23
run_7,172.59,10677,21
run_8,172.59,10317,23
run_9,172.59,10192,23
run_10,172.59,10791,20
run_1,172.73,10029,22
run_2,172.73,9890,25
run_3,172.73,10390,22
run_4,172.73,10932,21
run_5,172.73,11889,19
run_6,172.73,11020,23
run_7,172.73,10677,21
run_8,172.73,10369,23
run_9,172.73,10192,23
run_10,172.73,10791,20
run_1,172.84,10029,22
run_2,172.84,9890,25
run_3,172.84,10390,22
run_4,172.84,10932,21
run_5,172.84,11921,19
run_6,172.84,11020,23
run_7,172.84,10677,21
run_8,172.84,10369,23
run_9,172.84,10192,23
run_10,172.84,10819,20
run_1,173.2,10029,22
run_2,173.2,9938,25
run_3,173.2,10390,22
run_4,173.2,10932,21
run_5,173.2,11921,19
run_6,173.2,11020,23
run_7,173.2,10677,21
run_8,173.2,10369,23
run_9,173.2,10192,23
run_10,173.2,10819,20
run_1,173.3,10029,22
run_2,173.3,9938,25
run_3,173.3,10390,22
run_4,173.3,10932,21
run_5,173.3,11921,19
run_6,173.3,11020,23
run_7,173.3,10725,21
run_8,173.3,10369,23
run_9,173.3,10192,23
run_10,173.3,10819,20
run_1,173.53,10029,22
run_2,173.53,9938,25
run_3,173.53,10390,22
run_4,173.53,10932,21
run_5,173.53,11921,19
run_6,173.53,11080,23
run_7,173.53,10725,21
run_8,173.53,10369,23
run_9,173.53,10192,23
run_10,173.53,10819,20
run_1,173.61,10029,22
run_2,173.61,9938,25
run_3,173.61,10390,22
run_4,173.61,10932,21
run_5,173.61,11921,19
run_6,173.61,11080,23
run_7,173.61,10725,21
run_8,173.61,10369,23
run_9,173.61,10212,23
run_10,173.61,10819,20
run_1,173.74,10057,22
run_2,173.74,9938,25
run_3,173.74,10390,22
run_4,173.74,10932,21
run_5,173.74,11921,19
run_6,173.74,11080,23
run_7,173.74,10725,21
run_8,173.74,10369,23
run_9,173.74,10212,23
run_10,173.74,10819,20
run_1,173.76,10057,22
run_2,173.76,9938,25
run_3,173.76,10438,22
run_4,173.76,10932,21
run_5,173.76,11921,19
run_6,173.76,11080,23
run_7,173.76,10725,21
run_8,173.76,10369,23
run_9,173.76,10212,23
run_10,173.76,10819,20
run_1,173.83,10057,22
run_2,173.83,9938,25
run_3,173.83,10438,22
run_4,173.83,10932,21
run_5,173.83,11973,19
run_6,173.83,11080,23
run_7,173.83,10725,21
run_8,173.83,10369,23
run_9,173.83,10212,23
run_10,173.83,10819,20
run_1,173.95,10057,22
run_2,173.95,9938,25
run_3,173.95,10438,22
run_4,173.95,10968,21
run_5,173.95,11973,19
run_6,173.95,11080,23
run_7,173.95,10725,21
run_8,173.95,10369,23
run_9,173.95,10212,23
run_10,173.95,10819,20
run_1,173.97,10057,22
run_2,173.97,9938,25
run_3,173.97,10438,22
run_4,173.97,10968,21
run_5,173.97,11973,19
run_6,173.97,11080,23
run_7,173.97,10725,21
run_8,173.97,10413,23
run_9,173.97,10212,23
run_10,173.97,10819,20
run_1,174.01,10057,22
run_2,174.01,9938,25
run_3,174.01,10438,22
run_4,174.01,10968,21
run_5,174.01,11973,19
run_6,174.01,11080,23
run_7,174.01,10725,21
run_8,174.01,10413,23
run_9,174.01,10212,23
run_10,174.01,10871,20
run_1,174.34,10057,22
run_2,174.34,9966,25
run_3,174.34,10438,22
run_4,174.34,10968,21
run_5,174.34,11973,19
run_6,174.34,11080,23
run_7,174.34,10725,21
run_8,174.34,10413,23
run_9,174.34,10212,23
run_10,174.34,10871,20
run_1,174.52,10057,22
run_2,174.52,9966,25
run_3,174.52,10438,22
run_4,174.52,10968,21
run_5,174.52,11973,19
run_6,174.52,11080,23
run_7,174.52,10773,21
run_8,174.52,10413,23
run_9,174.52,10212,23
run_10,174.52,10871,20
run_1,174.7,10057,22
run_2,174.7,9966,25
run_3,174.7,10438,22
run_4,174.7,10968,21
run_5,174.7,11973,19
run_6,174.7,11144,23
run_7,174.7,10773,21
run_8,174.7,10413,23
run_9,174.7,10212,23
run_10,174.7,10871,20
run_1,174.82,10057,22
run_2,174.82,9966,25
run_3,174.82,10438,22
run_4,174.82,10968,21
run_5,174.82,12029,19
run_6,174.82,11144,23
run_7,174.82,10773,21
run_8,174.82,10413,23
run_9,174.82,10212,23
run_10,174.82,10871,20
run_1,174.83,10057,22
run_2,174.83,9966,25
run_3,174.83,10438,22
run_4,174.83,10968,21
run_5,174.83,12029,19
run_6,174.83,11144,23
run_7,174.83,10773,21
run_8,174.83,10413,23
run_9,174.83,10264,23
run_10,174.83,10871,20
run_1,174.86,10057,22
run_2,174.86,9966,25
run_3,174.86,10462,22
run_4,174.86,10968,21
run_5,174.86,12029,19
run_6,174.86,11144,23
run_7,174.86,10773,21
run_8,174.86,10413,23
run_9,174.86,10264,23
run_10,174.86,10871,20
run_1,175.06,10101,22
run_2,175.06,9966,25
run_3,175.06,10462,22
run_4,175.06,10968,21
run_5,175.06,12029,19
run_6,175.06,11144,23
run_7,175.06,10773,21
run_8,175.06,10413,23
run_9,175.06,10264,23
run_10,175.06,10871,20
run_1,175.21,10101,22
run_2,175.21,9966,25
run_3,175.21,10462,22
run_4,175.21,10968,21
run_5,175.21,12029,19
run_6,175.21,11144,23
run_7,175.21,10773,21
run_8,175.21,10441,23
run_9,175.21,10264,23
run_10,175.21,10911,20
run_1,175.54,10101,22
run_2,175.54,9966,25
run_3,175.54,10462,22
run_4,175.54,11024,21
run_5,175.54,12029,19
run_6,175.54,11144,23
run_7,175.54,10773,21
run_8,175.54,10441,23
run_9,175.54,10264,23
run_10,175.54,10911,20
run_1,175.59,10101,22
run_2,175.59,10022,25
run_3,175.59,10462,22
run_4,175.59,11024,21
run_5,175.59,12029,19
run_6,175.59,11144,23
run_7,175.59,10773,21
run_8,175.59,10441,23
run_9,175.59,10264,23
run_10,175.59,10911,20
run_1,175.76,10101,22
run_2,175.76,10022,25
run_3,175.76,10462,22
run_4,175.76,11024,21
run_5,175.76,12029,19
run_6,175.76,11144,23
run_7,175.76,10821,21
run_8,175.76,10441,23
run_9,175.76,10264,23
run_10,175.76,10911,20
run_1,175.82,10101,22
run_2,175.82,10022,25
run_3,175.82,10462,22
run_4,175.82,11024,21
run_5,175.82,12049,19
run_6,175.82,11144,23
run_7,175.82,10821,21
run_8,175.82,10441,23
run_9,175.82,10264,23
run_10,175.82,10911,20
run_1,175.97,10101,22
run_2,175.97,10022,25
run_3,175.97,10462,22
run_4,175.97,11024,21
run_5,175.97,12049,19
run_6,175.97,11180,23
run_7,175.97,10821,21
run_8,175.97,10441,23
run_9,175.97,10264,23
run_10,175.97,10911,20
run_1,176.02,10101,22
run_2,176.02,10022,25
run_3,176.02,10462,22
run_4,176.02,11024,21
run_5,176.02,12049,19
run_6,176.02,11180,23
run_7,176.02,10821,21
run_8,176.02,10441,23
run_9,176.02,10292,23
run_10,176.02,10911,20
run_1,176.09,10101,22
run_2,176.09,10022,25
run_3,176.09,10514,22
run_4,176.09,11024,21
run_5,176.09,12049,19
run_6,176.09,11180,23
run_7,176.09,10821,21
run_8,176.09,10441,23
run_9,176.09,10292,23
run_10,176.09,10911,20
run_1,176.39,10101,22
run_2,176.39,10022,25
run_3,176.39,10514,22
run_4,176.39,11024,21
run_5,176.39,12049,19
run_6,176.39,11180,23
run_7,176.39,10821,21
run_8,176.39,10441,23
run_9,176.39,10292,23
run_10,176.39,10951,20
run_1,176.4,10141,22
run_2,176.4,10022,25
run_3,176.4,10514,22
run_4,176.4,11024,21
run_5,176.4,12049,19
run_6,176.4,11180,23
run_7,176.4,10821,21
run_8,176.4,10441,23
run_9,176.4,10292,23
run_10,176.4,10951,20
run_1,176.46,10141,22
run_2,176.46,10022,25
run_3,176.46,10514,22
run_4,176.46,11024,21
run_5,176.46,12049,19
run_6,176.46,11180,23
run_7,176.46,10821,21
run_8,176.46,10489,23
run_9,176.46,10292,23
run_10,176.46,10951,20
run_1,176.6,10141,22
run_2,176.6,10066,25
run_3,176.6,10514,22
run_4,176.6,11024,21
run_5,176.6,12049,19
run_6,176.6,11180,23
run_7,176.6,10821,21
run_8,176.6,10489,23
run_9,176.6,10292,23
run_10,176.6,10951,20
run_1,176.81,10141,22
run_2,176.81,10066,25
run_3,176.81,10514,22
run_4,176.81,11068,21
run_5,176.81,12049,19
run_6,176.81,11180,23
run_7,176.81,10821,21
run_8,176.81,10489,23
run_9,176.81,10292,23
run_10,176.81,10951,20
run_1,176.85,10141,22
run_2,176.85,10066,25
run_3,176.85,10514,22
run_4,176.85,11068,21
run_5,176.85,12085,19
run_6,176.85,11180,23
run_7,176.85,10821,21
run_8,176.85,10489,23
run_9,176.85,10292,23
run_10,176.85,10951,20
run_1,177.06,10141,22
run_2,177.06,10066,25
run_3,177.06,10514,22
run_4,177.06,11068,21
run_5,177.06,12085,19
run_6,177.06,11180,23
run_7,177.06,10861,21
run_8,177.06,10489,23
run_9,177.06,10292,23
run_10,177.06,10951,20
run_1,177.18,10141,22
run_2,177.18,10066,25
run_3,177.18,10514,22
run_4,177.18,11068,21
run_5,177.18,12085,19
run_6,177.18,11208,23
run_7,177.18,10861,21
run_8,177.18,10489,23
run_9,177.18,10292,23
run_10,177.18,10951,20
run_1,177.22,10141,22
run_2,177.22,10066,25
run_3,177.22,10514,22
run_4,177.22,11068,21
run_5,177.22,12085,19
run_6,177.22,11208,23
run_7,177.22,10861,21
run_8,177.22,10489,23
run_9,177.22,10344,23
run_10,177.22,10951,20
run_1,177.35,10141,22
run_2,177.35,10066,25
run_3,177.35,10578,22
run_4,177.35,11068,21
run_5,177.35,12085,19
run_6,177.35,11208,23
run_7,177.35,10861,21
run_8,177.35,10489,23
run_9,177.35,10344,23
run_10,177.35,10951,20
run_1,177.56,10173,22
run_2,177.56,10066,25
run_3,177.56,10578,22
run_4,177.56,11068,21
run_5,177.56,12085,19
run_6,177.56,11208,23
run_7,177.56,10861,21
run_8,177.56,10489,23
run_9,177.56,10344,23
run_10,177.56,10951,20
run_1,177.65,10173,22
run_2,177.65,10066,25
run_3,177.65,10578,22
run_4,177.65,11068,21
run_5,177.65,12085,19
run_6,177.65,11208,23
run_7,177.65,10861,21
run_8,177.65,10489,23
run_9,177.65,10344,23
run_10,177.65,11011,20
run_1,177.68,10173,22
run_2,177.68,10098,25
run_3,177.68,10578,22
run_4,177.68,11068,21
run_5,177.68,12085,19
run_6,177.68,11208,23
run_7,177.68,10861,21
run_8,177.68,10489,23
run_9,177.68,10344,23
run_10,177.68,11011,20
run_1,177.83,10173,22
run_2,177.83,10098,25
run_3,177.83,10578,22
run_4,177.83,11068,21
run_5,177.83,12117,19
run_6,177.83,11208,23
run_7,177.83,10861,21
run_8,177.83,10489,23
run_9,177.83,10344,23
run_10,177.83,11011,20
run_1,177.84,10173,22
run_2,177.84,10098,25
run_3,177.84,10578,22
run_4,177.84,11068,21
run_5,177.84,12117,19
run_6,177.84,11208,23
run_7,177.84,10861,21
run_8,177.84,10537,23
run_9,177.84,10344,23
run_10,177.84,11011,20
run_1,178.19,10173,22
run_2,178.19,10098,25
run_3,178.19,10578,22
run_4,178.19,11096,21
run_5,178.19,12117,19
run_6,178.19,11208,23
run_7,178.19,10861,21
run_8,178.19,10537,23
run_9,178.19,10344,23
run_10,178.19,11011,20
run_1,178.3,10173,22
run_2,178.3,10098,25
run_3,178.3,10578,22
run_4,178.3,11096,21
run_5,178.3,12117,19
run_6,178.3,11248,23
run_7,178.3,10861,21
run_8,178.3,10537,23
run_9,178.3,10344,23
run_10,178.3,11011,20
run_1,178.31,10173,22
run_2,178.31,10098,25
run_3,178.31,10578,22
run_4,178.31,11096,21
run_5,178.31,12117,19
run_6,178.31,11248,23
run_7,178.31,10901,21
run_8,178.31,10537,23
run_9,178.31,10344,23
run_10,178.31,11011,20
run_1,178.43,10173,22
run_2,178.43,10098,25
run_3,178.43,10578,22
run_4,178.43,11096,21
run_5,178.43,12117,19
run_6,178.43,11248,23
run_7,178.43,10901,21
run_8,178.43,10537,23
run_9,178.43,10396,23
run_10,178.43,11011,20
run_1,178.6,10173,22
run_2,178.6,10098,25
run_3,178.6,10606,22
run_4,178.6,11096,21
run_5,178.6,12117,19
run_6,178.6,11248,23
run_7,178.6,10901,21
run_8,178.6,10537,23
run_9,178.6,10396,23
run_10,178.6,11011,20
run_1,178.8,10205,22
run_2,178.8,10098,25
run_3,178.8,10606,22
run_4,178.8,11096,21
run_5,178.8,12117,19
run_6,178.8,11248,23
run_7,178.8,10901,21
run_8,178.8,10537,23
run_9,178.8,10396,23
run_10,178.8,11011,20
run_1,178.84,10205,22
run_2,178.84,10098,25
run_3,178.84,10606,22
run_4,178.84,11096,21
run_5,178.84,12169,19
run_6,178.84,11248,23
run_7,178.84,10901,21
run_8,178.84,10537,23
run_9,178.84,10396,23
run_10,178.84,11011,20
run_1,178.88,10205,22
run_2,178.88,10182,25
run_3,178.88,10606,22
run_4,178.88,11096,21
run_5,178.88,12169,19
run_6,178.88,11248,23
run_7,178.88,10901,21
run_8,178.88,10537,23
run_9,178.88,10396,23
run_10,178.88,11011,20
run_1,178.97,10205,22
run_2,178.97,10182,25
run_3,178.97,10606,22
run_4,178.97,11096,21
run_5,178.97,12169,19
run_6,178.97,11248,23
run_7,178.97,10901,21
run_8,178.97,10537,23
run_9,178.97,10396,23
run_10,178.97,11079,20
run_1,179.14,10205,22
run_2,179.14,10182,25
run_3,179.14,10606,22
run_4,179.14,11096,21
run_5,179.14,12169,19
run_6,179.14,11248,23
run_7,179.14,10901,21
run_8,179.14,10593,23
run_9,179.14,10396,23
run_10,179.14,11079,20
run_1,179.5,10205,22
run_2,179.5,10182,25
run_3,179.5,10606,22
run_4,179.5,11096,21
run_5,179.5,12169,19
run_6,179.5,11248,23
run_7,179.5,10941,21
run_8,179.5,10593,23
run_9,179.5,10396,23
run_10,179.5,11079,20
run_1,179.61,10205,22
run_2,179.61,10182,25
run_3,179.61,10606,22
run_4,179.61,11096,21
run_5,179.61,12169,19
run_6,179.61,11248,23
run_7,179.61,10941,21
run_8,179.61,10593,23
run_9,179.61,10456,23
run_10,179.61,11079,20
run_1,179.62,10205,22
run_2,179.62,10182,25
run_3,179.62,10606,22
run_4,179.62,11148,21
run_5,179.62,12169,19
run_6,179.62,11248,23
run_7,179.62,10941,21
run_8,179.62,10593,23
run_9,179.62,10456,23
run_10,179.62,11079,20
run_1,179.68,10205,22
run_2,179.68,10182,25
run_3,179.68,10606,22
run_4,179.68,11148,21
run_5,179.68,12169,19
run_6,179.68,11300,23
run_7,179.68,10941,21
run_8,179.68,10593,23
run_9,179.68,10456,23
run_10,179.68,11079,20
run_1,179.89,10205,22
run_2,179.89,10182,25
run_3,179.89,10658,22
run_4,179.89,11148,21
run_5,179.89,12221,19
run_6,179.89,11300,23
run_7,179.89,10941,21
run_8,179.89,10593,23
run_9,179.89,10456,23
run_10,179.89,11079,20
run_1,179.98,10245,22
run_2,179.98,10182,25
run_3,179.98,10658,22
run_4,179.98,11148,21
run_5,179.98,12221,19
run_6,179.98,11300,23
run_7,179.98,10941,21
run_8,179.98,10593,23
run_9,179.98,10456,23
run_10,179.98,11079,20
run_1,180.21,10245,22
run_2,180.21,10210,25
run_3,180.21,10658,22
run_4,180.21,11148,21
run_5,180.21,12221,19
run_6,180.21,11300,23
run_7,180.21,10941,21
run_8,180.21,10593,23
run_9,180.21,10456,23
run_10,180.21,11079,20
run_1,180.22,10245,22
run_2,180.22,10210,25
run_3,180.22,10658,22
run_4,180.22,11148,21
run_5,180.22,12221,19
run_6,180.22,11300,23
run_7,180.22,10941,21
run_8,180.22,10593,23
run_9,180.22,10456,23
run_10,180.22,11155,20
run_1,180.34,10245,22
run_2,180.34,10210,25
run_3,180.34,10658,22
run_4,180.34,11148,21
run_5,180.34,12221,19
run_6,180.34,11300,23
run_7,180.34,10941,21
run_8,180.34,10621,23
run_9,180.34,10456,23
run_10,180.34,11155,20
run_1,180.68,10245,22
run_2,180.68,10210,25
run_3,180.68,10658,22
run_4,180.68,11148,21
run_5,180.68,12221,19
run_6,180.68,11300,23
run_7,180.68,10993,21
run_8,180.68,10621,23
run_9,180.68,10456,23
run_10,180.68,11155,20
run_1,180.83,10245,22
run_2,180.83,10210,25
run_3,180.83,10658,22
run_4,180.83,11148,21
run_5,180.83,12221,19
run_6,180.83,11300,23
run_7,180.83,10993,21
run_8,180.83,10621,23
run_9,180.83,10516,23
run_10,180.83,11155,20
run_1,180.84,10245,22
run_2,180.84,10210,25
run_3,180.84,10658,22
run_4,180.84,11184,21
run_5,180.84,12221,19
run_6,180.84,11300,23
run_7,180.84,10993,21
run_8,180.84,10621,23
run_9,180.84,10516,23
run_10,180.84,11155,20
run_1,180.9,10245,22
run_2,180.9,10210,25
run_3,180.9,10658,22
run_4,180.9,11184,21
run_5,180.9,12253,19
run_6,180.9,11356,23
run_7,180.9,10993,21
run_8,180.9,10621,23
run_9,180.9,10516,23
run_10,180.9,11155,20
run_1,181.03,10245,22
run_2,181.03,10210,25
run_3,181.03,10690,22
run_4,181.03,11184,21
run_5,181.03,12253,19
run_6,181.03,11356,23
run_7,181.03,10993,21
run_8,181.03,10621,23
run_9,181.03,10516,23
run_10,181.03,11155,20
run_1,181.33,10301,22
run_2,181.33,10210,25
run_3,181.33,10690,22
run_4,181.33,11184,21
run_5,181.33,12253,19
run_6,181.33,11356,23
run_7,181.33,10993,21
run_8,181.33,10621,23
run_9,181.33,10516,23
run_10,181.33,11155,20
run_1,181.4,10301,22
run_2,181.4,10274,25
run_3,181.4,10690,22
run_4,181.4,11184,21
run_5,181.4,12253,19
run_6,181.4,11356,23
run_7,181.4,10993,21
run_8,181.4,10621,23
run_9,181.4,10516,23
run_10,181.4,11155,20
run_1,181.42,10301,22
run_2,181.42,10274,25
run_3,181.42,10690,22
run_4,181.42,11184,21
run_5,181.42,12253,19
run_6,181.42,11356,23
run_7,181.42,10993,21
run_8,181.42,10621,23
run_9,181.42,10516,23
run_10,181.42,11187,20
run_1,181.66,10301,22
run_2,181.66,10274,25
run_3,181.66,10690,22
run_4,181.66,11184,21
run_5,181.66,12253,19
run_6,181.66,11356,23
run_7,181.66,10993,21
run_8,181.66,10681,23
run_9,181.66,10516,23
run_10,181.66,11187,20
run_1,181.86,10301,22
run_2,181.86,10274,25
run_3,181.86,10690,22
run_4,181.86,11184,21
run_5,181.86,12253,19
run_6,181.86,11356,23
run_7,181.86,11037,21
run_8,181.86,10681,23
run_9,181.86,10516,23
run_10,181.86,11187,20
run_1,181.94,10301,22
run_2,181.94,10274,25
run_3,181.94,10690,22
run_4,181.94,11184,21
run_5,181.94,12313,19
run_6,181.94,11356,23
run_7,181.94,11037,21
run_8,181.94,10681,23
run_9,181.94,10516,23
run_10,181.94,11187,20
run_1,181.98,10301,22
run_2,181.98,10274,25
run_3,181.98,10690,22
run_4,181.98,11240,21
run_5,181.98,12313,19
run_6,181.98,11356,23
run_7,181.98,11037,21
run_8,181.98,10681,23
run_9,181.98,10516,23
run_10,181.98,11187,20
run_1,182.05,10301,22
run_2,182.05,10274,25
run_3,182.05,10690,22
run_4,182.05,11240,21
run_5,182.05,12313,19
run_6,182.05,11412,23
run_7,182.05,11037,21
run_8,182.05,10681,23
run_9,182.05,10516,23
run_10,182.05,11187,20
run_1,182.06,10301,22
run_2,182.06,10274,25
run_3,182.06,10690,22
run_4,182.06,11240,21
run_5,182.06,12313,19
run_6,182.06,11412,23
run_7,182.06,11037,21
run_8,182.06,10681,23
run_9,182.06,10552,23
run_10,182.06,11187,20
run_1,182.21,10301,22
run_2,182.21,10274,25
run_3,182.21,10738,22
run_4,182.21,11240,21
run_5,182.21,12313,19
run_6,182.21,11412,23
run_7,182.21,11037,21
run_8,182.21,10681,23
run_9,182.21,10552,23
run_10,182.21,11187,20
run_1,182.48,10345,22
run_2,182.48,10274,25
run_3,182.48,10738,22
run_4,182.48,11240,21
run_5,182.48,12313,19
run_6,182.48,11412,23
run_7,182.48,11037,21
run_8,182.48,10681,23
run_9,182.48,10552,23
run_10,182.48,11187,20
run_1,182.52,10345,22
run_2,182.52,10338,25
run_3,182.52,10738,22
run_4,182.52,11240,21
run_5,182.52,12313,19
run_6,182.52,11412,23
run_7,182.52,11037,21
run_8,182.52,10681,23
run_9,182.52,10552,23
run_10,182.52,11187,20
run_1,182.58,10345,22
run_2,182.58,10338,25
run_3,182.58,10738,22
run_4,182.58,11240,21
run_5,182.58,12313,19
run_6,182.58,11412,23
run_7,182.58,11037,21
run_8,182.58,10681,23
run_9,182.58,10552,23
run_10,182.58,11239,20
run_1,182.97,10345,22
run_2,182.97,10338,25
run_3,182.97,10738,22
run_4,182.97,11240,21
run_5,182.97,12313,19
run_6,182.97,11412,23
run_7,182.97,11037,21
run_8,182.97,10741,23
run_9,182.97,10552,23
run_10,182.97,11239,20
run_1,183.01,10345,22
run_2,183.01,10338,25
run_3,183.01,10738,22
run_4,183.01,11240,21
run_5,183.01,12361,19
run_6,183.01,11412,23
run_7,183.01,11037,21
run_8,183.01,10741,23
run_9,183.01,10552,23
run_10,183.01,11239,20
run_1,183.03,10345,22
run_2,183.03,10338,25
run_3,183.03,10738,22
run_4,183.03,11240,21
run_5,183.03,12361,19
run_6,183.03,11412,23
run_7,183.03,11097,21
run_8,183.03,10741,23
run_9,183.03,10552,23
run_10,183.03,11239,20
run_1,183.29,10345,22
run_2,183.29,10338,25
run_3,183.29,10738,22
run_4,183.29,11316,21
run_5,183.29,12361,19
run_6,183.29,11448,23
run_7,183.29,11097,21
run_8,183.29,10741,23
run_9,183.29,10552,23
run_10,183.29,11239,20
run_1,183.32,10345,22
run_2,183.32,10338,25
run_3,183.32,10770,22
run_4,183.32,11316,21
run_5,183.32,12361,19
run_6,183.32,11448,23
run_7,183.32,11097,21
run_8,183.32,10741,23
run_9,183.32,10552,23
run_10,183.32,11239,20
run_1,183.34,10345,22
run_2,183.34,10338,25
run_3,183.34,10770,22
run_4,183.34,11316,21
run_5,183.34,12361,19
run_6,183.34,11448,23
run_7,183.34,11097,21
run_8,183.34,10741,23
run_9,183.34,10628,23
run_10,183.34,11239,20
run_1,183.66,10393,22
run_2,183.66,10338,25
run_3,183.66,10770,22
run_4,183.66,11316,21
run_5,183.66,12361,19
run_6,183.66,11448,23
run_7,183.66,11097,21
run_8,183.66,10741,23
run_9,183.66,10628,23
run_10,183.66,11239,20
run_1,183.76,10393,22
run_2,183.76,10338,25
run_3,183.76,10770,22
run_4,183.76,11316,21
run_5,183.76,12361,19
run_6,183.76,11448,23
run_7,183.76,11097,21
run_8,183.76,10741,23
run_9,183.76,10628,23
run_10,183.76,11303,20
run_1,183.87,10393,22
run_2,183.87,10402,25
run_3,183.87,10770,22
run_4,183.87,11316,21
run_5,183.87,12361,19
run_6,183.87,11448,23
run_7,183.87,11097,21
run_8,183.87,10741,23
run_9,183.87,10628,23
run_10,183.87,11303,20
run_1,183.99,10393,22
run_2,183.99,10402,25
run_3,183.99,10770,22
run_4,183.99,11316,21
run_5,183.99,12405,19
run_6,183.99,11448,23
run_7,183.99,11097,21
run_8,183.99,10741,23
run_9,183.99,10628,23
run_10,183.99,11303,20
run_1,184.27,10393,22
run_2,184.27,10402,25
run_3,184.27,10770,22
run_4,184.27,11316,21
run_5,184.27,12405,19
run_6,184.27,11448,23
run_7,184.27,11141,21
run_8,184.27,10741,23
run_9,184.27,10628,23
run_10,184.27,11303,20
run_1,184.44,10393,22
run_2,184.44,10402,25
run_3,184.44,10830,22
run_4,184.44,11316,21
run_5,184.44,12405,19
run_6,184.44,11448,23
run_7,184.44,11141,21
run_8,184.44,10741,23
run_9,184.44,10628,23
run_10,184.44,11303,20
run_1,184.5,10393,22
run_2,184.5,10402,25
run_3,184.5,10830,22
run_4,184.5,11316,21
run_5,184.5,12405,19
run_6,184.5,11448,23
run_7,184.5,11141,21
run_8,184.5,10781,23
run_9,184.5,10668,23
run_10,184.5,11303,20
run_1,184.52,10393,22
run_2,184.52,10402,25
run_3,184.52,10830,22
run_4,184.52,11316,21
run_5,184.52,12405,19
run_6,184.52,11496,23
run_7,184.52,11141,21
run_8,184.52,10781,23
run_9,184.52,10668,23
run_10,184.52,11303,20
run_1,184.66,10393,22
run_2,184.66,10402,25
run_3,184.66,10830,22
run_4,184.66,11364,21
run_5,184.66,12405,19
run_6,184.66,11496,23
run_7,184.66,11141,21
run_8,184.66,10781,23
run_9,184.66,10668,23
run_10,184.66,11303,20
run_1,184.87,10425,22
run_2,184.87,10402,25
run_3,184.87,10830,22
run_4,184.87,11364,21
run_5,184.87,12405,19
run_6,184.87,11496,23
run_7,184.87,11141,21
run_8,184.87,10781,23
run_9,184.87,10668,23
run_10,184.87,11303,20
run_1,184.94,10425,22
run_2,184.94,10402,25
run_3,184.94,10830,22
run_4,184.94,11364,21
run_5,184.94,12405,19
run_6,184.94,11496,23
run_7,184.94,11141,21
run_8,184.94,10781,23
run_9,184.94,10668,23
run_10,184.94,11375,20
run_1,185.01,10425,22
run_2,185.01,10402,25
run_3,185.01,10830,22
run_4,185.01,11364,21
run_5,185.01,12445,19
run_6,185.01,11496,23
run_7,185.01,11141,21
run_8,185.01,10781,23
run_9,185.01,10668,23
run_10,185.01,11375,20
run_1,185.22,10425,22
run_2,185.22,10474,25
run_3,185.22,10830,22
run_4,185.22,11364,21
run_5,185.22,12445,19
run_6,185.22,11496,23
run_7,185.22,11141,21
run_8,185.22,10781,23
run_9,185.22,10668,23
run_10,185.22,11375,20
run_1,185.51,10425,22
run_2,185.51,10474,25
run_3,185.51,10830,22
run_4,185.51,11364,21
run_5,185.51,12445,19
run_6,185.51,11496,23
run_7,185.51,11165,21
run_8,185.51,10781,23
run_9,185.51,10668,23
run_10,185.51,11375,20
run_1,185.65,10425,22
run_2,185.65,10474,25
run_3,185.65,10830,22
run_4,185.65,11364,21
run_5,185.65,12445,19
run_6,185.65,11496,23
run_7,185.65,11165,21
run_8,185.65,10781,23
run_9,185.65,10704,23
run_10,185.65,11375,20
run_1,185.69,10425,22
run_2,185.69,10474,25
run_3,185.69,10886,22
run_4,185.69,11364,21
run_5,185.69,12445,19
run_6,185.69,11496,23
run_7,185.69,11165,21
run_8,185.69,10781,23
run_9,185.69,10704,23
run_10,185.69,11375,20
run_1,185.74,10425,22
run_2,185.74,10474,25
run_3,185.74,10886,22
run_4,185.74,11364,21
run_5,185.74,12445,19
run_6,185.74,11560,23
run_7,185.74,11165,21
run_8,185.74,10781,23
run_9,185.74,10704,23
run_10,185.74,11375,20
run_1,185.8,10425,22
run_2,185.8,10474,25
run_3,185.8,10886,22
run_4,185.8,11364,21
run_5,185.8,12445,19
run_6,185.8,11560,23
run_7,185.8,11165,21
run_8,185.8,10841,23
run_9,185.8,10704,23
run_10,185.8,11375,20
run_1,185.99,10425,22
run_2,185.99,10474,25
run_3,185.99,10886,22
run_4,185.99,11364,21
run_5,185.99,12485,19
run_6,185.99,11560,23
run_7,185.99,11165,21
run_8,185.99,10841,23
run_9,185.99,10704,23
run_10,185.99,11375,20
run_1,186.06,10469,22
run_2,186.06,10474,25
run_3,186.06,10886,22
run_4,186.06,11364,21
run_5,186.06,12485,19
run_6,186.06,11560,23
run_7,186.06,11165,21
run_8,186.06,10841,23
run_9,186.06,10704,23
run_10,186.06,11375,20
run_1,186.11,10469,22
run_2,186.11,10474,25
run_3,186.11,10886,22
run_4,186.11,11364,21
run_5,186.11,12485,19
run_6,186.11,11560,23
run_7,186.11,11165,21
run_8,186.11,10841,23
run_9,186.11,10704,23
run_10,186.11,11435,20
run_1,186.33,10469,22
run_2,186.33,10510,25
run_3,186.33,10886,22
run_4,186.33,11364,21
run_5,186.33,12485,19
run_6,186.33,11560,23
run_7,186.33,11165,21
run_8,186.33,10841,23
run_9,186.33,10704,23
run_10,186.33,11435,20
run_1,186.39,10469,22
run_2,186.39,10510,25
run_3,186.39,10886,22
run_4,186.39,11404,21
run_5,186.39,12485,19
run_6,186.39,11560,23
run_7,186.39,11165,21
run_8,186.39,10841,23
run_9,186.39,10704,23
run_10,186.39,11435,20
run_1,186.8,10469,22
run_2,186.8,10510,25
run_3,186.8,10886,22
run_4,186.8,11404,21
run_5,186.8,12485,19
run_6,186.8,11560,23
run_7,186.8,11165,21
run_8,186.8,10841,23
run_9,186.8,10736,23
run_10,186.8,11435,20
run_1,186.91,10469,22
run_2,186.91,10510,25
run_3,186.91,10886,22
run_4,186.91,11404,21
run_5,186.91,12485,19
run_6,186.91,11560,23
run_7,186.91,11229,21
run_8,186.91,10841,23
run_9,186.91,10736,23
run_10,186.91,11435,20
run_1,186.94,10469,22
run_2,186.94,10510,25
run_3,186.94,10886,22
run_4,186.94,11404,21
run_5,186.94,12485,19
run_6,186.94,11620,23
run_7,186.94,11229,21
run_8,186.94,10841,23
run_9,186.94,10736,23
run_10,186.94,11435,20
run_1,186.95,10469,22
run_2,186.95,10510,25
run_3,186.95,10886,22
run_4,186.95,11404,21
run_5,186.95,12485,19
run_6,186.95,11620,23
run_7,186.95,11229,21
run_8,186.95,10897,23
run_9,186.95,10736,23
run_10,186.95,11435,20
run_1,186.96,10469,22
run_2,186.96,10510,25
run_3,186.96,10946,22
run_4,186.96,11404,21
run_5,186.96,12485,19
run_6,186.96,11620,23
run_7,186.96,11229,21
run_8,186.96,10897,23
run_9,186.96,10736,23
run_10,186.96,11435,20
run_1,187.05,10469,22
run_2,187.05,10510,25
run_3,187.05,10946,22
run_4,187.05,11404,21
run_5,187.05,12549,19
run_6,187.05,11620,23
run_7,187.05,11229,21
run_8,187.05,10897,23
run_9,187.05,10736,23
run_10,187.05,11435,20
run_1,187.26,10501,22
run_2,187.26,10510,25
run_3,187.26,10946,22
run_4,187.26,11404,21
run_5,187.26,12549,19
run_6,187.26,11620,23
run_7,187.26,11229,21
run_8,187.26,10897,23
run_9,187.26,10736,23
run_10,187.26,11435,20
run_1,187.43,10501,22
run_2,187.43,10566,25
run_3,187.43,10946,22
run_4,187.43,11404,21
run_5,187.43,12549,19
run_6,187.43,11620,23
run_7,187.43,11229,21
run_8,187.43,10897,23
run_9,187.43,10736,23
run_10,187.43,11435,20
run_1,187.47,10501,22
run_2,187.47,10566,25
run_3,187.47,10946,22
run_4,187.47,11404,21
run_5,187.47,12549,19
run_6,187.47,11620,23
run_7,187.47,11229,21
run_8,187.47,10897,23
run_9,187.47,10736,23
run_10,187.47,11495,20
run_1,187.59,10501,22
run_2,187.59,10566,25
run_3,187.59,10946,22
run_4,187.59,11444,21
run_5,187.59,12549,19
run_6,187.59,11620,23
run_7,187.59,11229,21
run_8,187.59,10897,23
run_9,187.59,10736,23
run_10,187.59,11495,20
run_1,187.95,10501,22
run_2,187.95,10566,25
run_3,187.95,10946,22
run_4,187.95,11444,21
run_5,187.95,12549,19
run_6,187.95,11620,23
run_7,187.95,11229,21
run_8,187.95,10897,23
run_9,187.95,10756,23
run_10,187.95,11495,20
run_1,188.06,10501,22
run_2,188.06,10566,25
run_3,188.06,10946,22
run_4,188.06,11444,21
run_5,188.06,12593,19
run_6,188.06,11620,23
run_7,188.06,11229,21
run_8,188.06,10897,23
run_9,188.06,10756,23
run_10,188.06,11495,20
run_1,188.11,10501,22
run_2,188.11,10566,25
run_3,188.11,11014,22
run_4,188.11,11444,21
run_5,188.11,12593,19
run_6,188.11,11620,23
run_7,188.11,11229,21
run_8,188.11,10957,23
run_9,188.11,10756,23
run_10,188.11,11495,20
run_1,188.13,10501,22
run_2,188.13,10566,25
run_3,188.13,11014,22
run_4,188.13,11444,21
run_5,188.13,12593,19
run_6,188.13,11680,23
run_7,188.13,11229,21
run_8,188.13,10957,23
run_9,188.13,10756,23
run_10,188.13,11495,20
run_1,188.22,10501,22
run_2,188.22,10566,25
run_3,188.22,11014,22
run_4,188.22,11444,21
run_5,188.22,12593,19
run_6,188.22,11680,23
run_7,188.22,11305,21
run_8,188.22,10957,23
run_9,188.22,10756,23
run_10,188.22,11495,20
run_1,188.51,10549,22
run_2,188.51,10566,25
run_3,188.51,11014,22
run_4,188.51,11444,21
run_5,188.51,12593,19
run_6,188.51,11680,23
run_7,188.51,11305,21
run_8,188.51,10957,23
run_9,188.51,10756,23
run_10,188.51,11495,20
run_1,188.66,10549,22
run_2,188.66,10566,25
run_3,188.66,11014,22
run_4,188.66,11444,21
run_5,188.66,12593,19
run_6,188.66,11680,23
run_7,188.66,11305,21
run_8,188.66,10957,23
run_9,188.66,10756,23
run_10,188.66,11547,20
run_1,188.71,10549,22
run_2,188.71,10602,25
run_3,188.71,11014,22
run_4,188.71,11444,21
run_5,188.71,12593,19
run_6,188.71,11680,23
run_7,188.71,11305,21
run_8,188.71,10957,23
run_9,188.71,10756,23
run_10,188.71,11547,20
run_1,188.86,10549,22
run_2,188.86,10602,25
run_3,188.86,11014,22
run_4,188.86,11504,21
run_5,188.86,12593,19
run_6,188.86,11680,23
run_7,188.86,11305,21
run_8,188.86,10957,23
run_9,188.86,10756,23
run_10,188.86,11547,20
run_1,189.02,10549,22
run_2,189.02,10602,25
run_3,189.02,11014,22
run_4,189.02,11504,21
run_5,189.02,12637,19
run_6,189.02,11680,23
run_7,189.02,11305,21
run_8,189.02,10957,23
run_9,189.02,10756,23
run_10,189.02,11547,20
run_1,189.08,10549,22
run_2,189.08,10602,25
run_3,189.08,11014,22
run_4,189.08,11504,21
run_5,189.08,12637,19
run_6,189.08,11680,23
run_7,189.08,11305,21
run_8,189.08,10957,23
run_9,189.08,10804,23
run_10,189.08,11547,20
run_1,189.31,10549,22
run_2,189.31,10602,25
run_3,189.31,11014,22
run_4,189.31,11504,21
run_5,189.31,12637,19
run_6,189.31,11680,23
run_7,189.31,11305,21
run_8,189.31,11005,23
run_9,189.31,10804,23
run_10,189.31,11547,20
run_1,189.34,10549,22
run_2,189.34,10602,25
run_3,189.34,11082,22
run_4,189.34,11504,21
run_5,189.34,12637,19
run_6,189.34,11680,23
run_7,189.34,11305,21
run_8,189.34,11005,23
run_9,189.34,10804,23
run_10,189.34,11547,20
run_1,189.41,10549,22
run_2,189.41,10602,25
run_3,189.41,11082,22
run_4,189.41,11504,21
run_5,189.41,12637,19
run_6,189.41,11736,23
run_7,189.41,11305,21
run_8,189.41,11005,23
run_9,189.41,10804,23
run_10,189.41,11547,20
run_1,189.48,10549,22
run_2,189.48,10602,25
run_3,189.48,11082,22
run_4,189.48,11504,21
run_5,189.48,12637,19
run_6,189.48,11736,23
run_7,189.48,11349,21
run_8,189.48,11005,23
run_9,189.48,10804,23
run_10,189.48,11547,20
run_1,189.7,10613,22
run_2,189.7,10602,25
run_3,189.7,11082,22
run_4,189.7,11504,21
run_5,189.7,12637,19
run_6,189.7,11736,23
run_7,189.7,11349,21
run_8,189.7,11005,23
run_9,189.7,10804,23
run_10,189.7,11547,20
run_1,189.97,10613,22
run_2,189.97,10602,25
run_3,189.97,11082,22
run_4,189.97,11504,21
run_5,189.97,12637,19
run_6,189.97,11736,23
run_7,189.97,11349,21
run_8,189.97,11005,23
run_9,189.97,10804,23
run_10,189.97,11591,20
run_1,190.02,10613,22
run_2,190.02,10602,25
run_3,190.02,11082,22
run_4,190.02,11504,21
run_5,190.02,12693,19
run_6,190.02,11736,23
run_7,190.02,11349,21
run_8,190.02,11005,23
run_9,190.02,10804,23
run_10,190.02,11591,20
run_1,190.08,10613,22
run_2,190.08,10602,25
run_3,190.08,11082,22
run_4,190.08,11536,21
run_5,190.08,12693,19
run_6,190.08,11736,23
run_7,190.08,11349,21
run_8,190.08,11005,23
run_9,190.08,10804,23
run_10,190.08,11591,20
run_1,190.29,10613,22
run_2,190.29,10602,25
run_3,190.29,11082,22
run_4,190.29,11536,21
run_5,190.29,12693,19
run_6,190.29,11736,23
run_7,190.29,11349,21
run_8,190.29,11005,23
run_9,190.29,10852,23
run_10,190.29,11591,20
run_1,190.38,10613,22
run_2,190.38,10634,25
run_3,190.38,11082,22
run_4,190.38,11536,21
run_5,190.38,12693,19
run_6,190.38,11736,23
run_7,190.38,11349,21
run_8,190.38,11005,23
run_9,190.38,10852,23
run_10,190.38,11591,20
run_1,190.51,10613,22
run_2,190.51,10634,25
run_3,190.51,11082,22
run_4,190.51,11536,21
run_5,190.51,12693,19
run_6,190.51,11736,23
run_7,190.51,11349,21
run_8,190.51,11053,23
run_9,190.51,10852,23
run_10,190.51,11591,20
run_1,190.54,10613,22
run_2,190.54,10634,25
run_3,190.54,11082,22
run_4,190.54,11536,21
run_5,190.54,12693,19
run_6,190.54,11792,23
run_7,190.54,11349,21
run_8,190.54,11053,23
run_9,190.54,10852,23
run_10,190.54,11591,20
run_1,190.65,10613,22
run_2,190.65,10634,25
run_3,190.65,11130,22
run_4,190.65,11536,21
run_5,190.65,12693,19
run_6,190.65,11792,23
run_7,190.65,11349,21
run_8,190.65,11053,23
run_9,190.65,10852,23
run_10,190.65,11591,20
run_1,190.76,10613,22
run_2,190.76,10634,25
run_3,190.76,11130,22
run_4,190.76,11536,21
run_5,190.76,12693,19
run_6,190.76,11792,23
run_7,190.76,11385,21
run_8,190.76,11053,23
run_9,190.76,10852,23
run_10,190.76,11591,20
run_1,190.93,10649,22
run_2,190.93,10634,25
run_3,190.93,11130,22
run_4,190.93,11536,21
run_5,190.93,12693,19
run_6,190.93,11792,23
run_7,190.93,11385,21
run_8,190.93,11053,23
run_9,190.93,10852,23
run_10,190.93,11591,20
run_1,191.06,10649,22
run_2,191.06,10634,25
run_3,191.06,11130,22
run_4,191.06,11536,21
run_5,191.06,12729,19
run_6,191.06,11792,23
run_7,191.06,11385,21
run_8,191.06,11053,23
run_9,191.06,10852,23
run_10,191.06,11591,20
run_1,191.23,10649,22
run_2,191.23,10634,25
run_3,191.23,11130,22
run_4,191.23,11536,21
run_5,191.23,12729,19
run_6,191.23,11792,23
run_7,191.23,11385,21
run_8,191.23,11053,23
run_9,191.23,10852,23
run_10,191.23,11647,20
run_1,191.29,10649,22
run_2,191.29,10634,25
run_3,191.29,11130,22
run_4,191.29,11572,21
run_5,191.29,12729,19
run_6,191.29,11792,23
run_7,191.29,11385,21
run_8,191.29,11053,23
run_9,191.29,10852,23
run_10,191.29,11647,20
run_1,191.49,10649,22
run_2,191.49,10634,25
run_3,191.49,11130,22
run_4,191.49,11572,21
run_5,191.49,12729,19
run_6,191.49,11792,23
run_7,191.49,11385,21
run_8,191.49,11053,23
run_9,191.49,10888,23
run_10,191.49,11647,20
run_1,191.64,10649,22
run_2,191.64,10634,25
run_3,191.64,11130,22
run_4,191.64,11572,21
run_5,191.64,12729,19
run_6,191.64,11852,23
run_7,191.64,11385,21
run_8,191.64,11053,23
run_9,191.64,10888,23
run_10,191.64,11647,20
run_1,191.77,10649,22
run_2,191.77,10634,25
run_3,191.77,11130,22
run_4,191.77,11572,21
run_5,191.77,12729,19
run_6,191.77,11852,23
run_7,191.77,11385,21
run_8,191.77,11089,23
run_9,191.77,10888,23
run_10,191.77,11647,20
run_1,191.85,10649,22
run_2,191.85,10634,25
run_3,191.85,11162,22
run_4,191.85,11572,21
run_5,191.85,12729,19
run_6,191.85,11852,23
run_7,191.85,11385,21
run_8,191.85,11089,23
run_9,191.85,10888,23
run_10,191.85,11647,20
run_1,192.05,10649,22
run_2,192.05,10682,25
run_3,192.05,11162,22
run_4,192.05,11572,21
run_5,192.05,12745,19
run_6,192.05,11852,23
run_7,192.05,11385,21
run_8,192.05,11089,23
run_9,192.05,10888,23
run_10,192.05,11647,20
run_1,192.18,10649,22
run_2,192.18,10682,25
run_3,192.18,11162,22
run_4,192.18,11572,21
run_5,192.18,12745,19
run_6,192.18,11852,23
run_7,192.18,11417,21
run_8,192.18,11089,23
run_9,192.18,10888,23
run_10,192.18,11647,20
run_1,192.2,10689,22
run_2,192.2,10682,25
run_3,192.2,11162,22
run_4,192.2,11572,21
run_5,192.2,12745,19
run_6,192.2,11852,23
run_7,192.2,11417,21
run_8,192.2,11089,23
run_9,192.2,10888,23
run_10,192.2,11647,20
run_1,192.49,10689,22
run_2,192.49,10682,25
run_3,192.49,11162,22
run_4,192.49,11572,21
run_5,192.49,12745,19
run_6,192.49,11852,23
run_7,192.49,11417,21
run_8,192.49,11089,23
run_9,192.49,10888,23
run_10,192.49,11687,20
run_1,192.6,10689,22
run_2,192.6,10682,25
run_3,192.6,11162,22
run_4,192.6,11628,21
run_5,192.6,12745,19
run_6,192.6,11852,23
run_7,192.6,11417,21
run_8,192.6,11089,23
run_9,192.6,10888,23
run_10,192.6,11687,20
run_1,192.75,10689,22
run_2,192.75,10682,25
run_3,192.75,11162,22
run_4,192.75,11628,21
run_5,192.75,12745,19
run_6,192.75,11852,23
run_7,192.75,11417,21
run_8,192.75,11089,23
run_9,192.75,10928,23
run_10,192.75,11687,20
run_1,192.78,10689,22
run_2,192.78,10682,25
run_3,192.78,11162,22
run_4,192.78,11628,21
run_5,192.78,12745,19
run_6,192.78,11928,23
run_7,192.78,11417,21
run_8,192.78,11089,23
run_9,192.78,10928,23
run_10,192.78,11687,20
run_1,193.05,10689,22
run_2,193.05,10682,25
run_3,193.05,11162,22
run_4,193.05,11628,21
run_5,193.05,12745,19
run_6,193.05,11928,23
run_7,193.05,11417,21
run_8,193.05,11125,23
run_9,193.05,10928,23
run_10,193.05,11687,20
run_1,193.07,10689,22
run_2,193.07,10682,25
run_3,193.07,11226,22
run_4,193.07,11628,21
run_5,193.07,12745,19
run_6,193.07,11928,23
run_7,193.07,11417,21
run_8,193.07,11125,23
run_9,193.07,10928,23
run_10,193.07,11687,20
run_1,193.22,10689,22
run_2,193.22,10682,25
run_3,193.22,11226,22
run_4,193.22,11628,21
run_5,193.22,12805,19
run_6,193.22,11928,23
run_7,193.22,11417,21
run_8,193.22,11125,23
run_9,193.22,10928,23
run_10,193.22,11687,20
run_1,193.36,10689,22
run_2,193.36,10734,25
run_3,193.36,11226,22
run_4,193.36,11628,21
run_5,193.36,12805,19
run_6,193.36,11928,23
run_7,193.36,11417,21
run_8,193.36,11125,23
run_9,193.36,10928,23
run_10,193.36,11687,20
run_1,193.48,10765,22
run_2,193.48,10734,25
run_3,193.48,11226,22
run_4,193.48,11628,21
run_5,193.48,12805,19
run_6,193.48,11928,23
run_7,193.48,11417,21
run_8,193.48,11125,23
run_9,193.48,10928,23
run_10,193.48,11687,20
run_1,193.65,10765,22
run_2,193.65,10734,25
run_3,193.65,11226,22
run_4,193.65,11628,21
run_5,193.65,12805,19
run_6,193.65,11928,23
run_7,193.65,11417,21
run_8,193.65,11125,23
run_9,193.65,10928,23
run_10,193.65,11727,20
run_1,193.77,10765,22
run_2,193.77,10734,25
run_3,193.77,11226,22
run_4,193.77,11628,21
run_5,193.77,12805,19
run_6,193.77,11928,23
run_7,193.77,11461,21
run_8,193.77,11125,23
run_9,193.77,10928,23
run_10,193.77,11727,20
run_1,193.78,10765,22
run_2,193.78,10734,25
run_3,193.78,11226,22
run_4,193.78,11672,21
run_5,193.78,12805,19
run_6,193.78,11928,23
run_7,193.78,11461,21
run_8,193.78,11125,23
run_9,193.78,10928,23
run_10,193.78,11727,20
run_1,193.93,10765,22
run_2,193.93,10734,25
run_3,193.93,11226,22
run_4,193.93,11672,21
run_5,193.93,12805,19
run_6,193.93,11956,23
run_7,193.93,11461,21
run_8,193.93,11125,23
run_9,193.93,10928,23
run_10,193.93,11727,20
run_1,194.09,10765,22
run_2,194.09,10734,25
run_3,194.09,11226,22
run_4,194.09,11672,21
run_5,194.09,12805,19
run_6,194.09,11956,23
run_7,194.09,11461,21
run_8,194.09,11125,23
run_9,194.09,10976,23
run_10,194.09,11727,20
run_1,194.22,10765,22
run_2,194.22,10734,25
run_3,194.22,11226,22
run_4,194.22,11672,21
run_5,194.22,12829,19
run_6,194.22,11956,23
run_7,194.22,11461,21
run_8,194.22,11125,23
run_9,194.22,10976,23
run_10,194.22,11727,20
run_1,194.25,10765,22
run_2,194.25,10734,25
run_3,194.25,11274,22
run_4,194.25,11672,21
run_5,194.25,12829,19
run_6,194.25,11956,23
run_7,194.25,11461,21
run_8,194.25,11125,23
run_9,194.25,10976,23
run_10,194.25,11727,20
run_1,194.35,10765,22
run_2,194.35,10734,25
run_3,194.35,11274,22
run_4,194.35,11672,21
run_5,194.35,12829,19
run_6,194.35,11956,23
run_7,194.35,11461,21
run_8,194.35,11165,23
run_9,194.35,10976,23
run_10,194.35,11727,20
run_1,194.64,10765,22
run_2,194.64,10786,25
run_3,194.64,11274,22
run_4,194.64,11672,21
run_5,194.64,12829,19
run_6,194.64,11956,23
run_7,194.64,11461,21
run_8,194.64,11165,23
run_9,194.64,10976,23
run_10,194.64,11727,20
run_1,194.85,10765,22
run_2,194.85,10786,25
run_3,194.85,11274,22
run_4,194.85,11672,21
run_5,194.85,12829,19
run_6,194.85,11956,23
run_7,194.85,11461,21
run_8,194.85,11165,23
run_9,194.85,10976,23
run_10,194.85,11759,20
run_1,194.95,10809,22
run_2,194.95,10786,25
run_3,194.95,11274,22
run_4,194.95,11672,21
run_5,194.95,12829,19
run_6,194.95,11956,23
run_7,194.95,11461,21
run_8,194.95,11165,23
run_9,194.95,10976,23
run_10,194.95,11759,20
run_1,195.1,10809,22
run_2,195.1,10786,25
run_3,195.1,11274,22
run_4,195.1,11672,21
run_5,195.1,12829,19
run_6,195.1,11956,23
run_7,195.1,11529,21
run_8,195.1,11165,23
run_9,195.1,10976,23
run_10,195.1,11759,20
run_1,195.15,10809,22
run_2,195.15,10786,25
run_3,195.15,11274,22
run_4,195.15,11672,21
run_5,195.15,12829,19
run_6,195.15,11992,23
run_7,195.15,11529,21
run_8,195.15,11165,23
run_9,195.15,10976,23
run_10,195.15,11759,20
run_1,195.22,10809,22
run_2,195.22,10786,25
run_3,195.22,11274,22
run_4,195.22,11672,21
run_5,195.22,12893,19
run_6,195.22,11992,23
run_7,195.22,11529,21
run_8,195.22,11165,23
run_9,195.22,10976,23
run_10,195.22,11759,20
run_1,195.27,10809,22
run_2,195.27,10786,25
run_3,195.27,11274,22
run_4,195.27,11724,21
run_5,195.27,12893,19
run_6,195.27,11992,23
run_7,195.27,11529,21
run_8,195.27,11165,23
run_9,195.27,11052,23
run_10,195.27,11759,20
run_1,195.31,10809,22
run_2,195.31,10786,25
run_3,195.31,11306,22
run_4,195.31,11724,21
run_5,195.31,12893,19
run_6,195.31,11992,23
run_7,195.31,11529,21
run_8,195.31,11165,23
run_9,195.31,11052,23
run_10,195.31,11759,20
run_1,195.59,10809,22
run_2,195.59,10786,25
run_3,195.59,11306,22
run_4,195.59,11724,21
run_5,195.59,12893,19
run_6,195.59,11992,23
run_7,195.59,11529,21
run_8,195.59,11209,23
run_9,195.59,11052,23
run_10,195.59,11759,20
run_1,196.06,10809,22
run_2,196.06,10850,25
run_3,196.06,11306,22
run_4,196.06,11724,21
run_5,196.06,12893,19
run_6,196.06,11992,23
run_7,196.06,11529,21
run_8,196.06,11209,23
run_9,196.06,11052,23
run_10,196.06,11759,20
run_1,196.09,10809,22
run_2,196.09,10850,25
run_3,196.09,11306,22
run_4,196.09,11724,21
run_5,196.09,12893,19
run_6,196.09,11992,23
run_7,196.09,11529,21
run_8,196.09,11209,23
run_9,196.09,11052,23
run_10,196.09,11815,20
run_1,196.14,10833,22
run_2,196.14,10850,25
run_3,196.14,11306,22
run_4,196.14,11724,21
run_5,196.14,12893,19
run_6,196.14,11992,23
run_7,196.14,11529,21
run_8,196.14,11209,23
run_9,196.14,11052,23
run_10,196.14,11815,20
run_1,196.21,10833,22
run_2,196.21,10850,25
run_3,196.21,11306,22
run_4,196.21,11724,21
run_5,196.21,12961,19
run_6,196.21,11992,23
run_7,196.21,11529,21
run_8,196.21,11209,23
run_9,196.21,11052,23
run_10,196.21,11815,20
run_1,196.46,10833,22
run_2,196.46,10850,25
run_3,196.46,11306,22
run_4,196.46,11724,21
run_5,196.46,12961,19
run_6,196.46,11992,23
run_7,196.46,11561,21
run_8,196.46,11209,23
run_9,196.46,11088,23
run_10,196.46,11815,20
run_1,196.47,10833,22
run_2,196.47,10850,25
run_3,196.47,11354,22
run_4,196.47,11724,21
run_5,196.47,12961,19
run_6,196.47,11992,23
run_7,196.47,11561,21
run_8,196.47,11209,23
run_9,196.47,11088,23
run_10,196.47,11815,20
run_1,196.48,10833,22
run_2,196.48,10850,25
run_3,196.48,11354,22
run_4,196.48,11756,21
run_5,196.48,12961,19
run_6,196.48,11992,23
run_7,196.48,11561,21
run_8,196.48,11209,23
run_9,196.48,11088,23
run_10,196.48,11815,20
run_1,196.5,10833,22
run_2,196.5,10850,25
run_3,196.5,11354,22
run_4,196.5,11756,21
run_5,196.5,12961,19
run_6,196.5,12040,23
run_7,196.5,11561,21
run_8,196.5,11209,23
run_9,196.5,11088,23
run_10,196.5,11815,20
run_1,196.86,10833,22
run_2,196.86,10850,25
run_3,196.86,11354,22
run_4,196.86,11756,21
run_5,196.86,12961,19
run_6,196.86,12040,23
run_7,196.86,11561,21
run_8,196.86,11233,23
run_9,196.86,11088,23
run_10,196.86,11815,20
run_1,197.2,10833,22
run_2,197.2,10850,25
run_3,197.2,11354,22
run_4,197.2,11756,21
run_5,197.2,12989,19
run_6,197.2,12040,23
run_7,197.2,11561,21
run_8,197.2,11233,23
run_9,197.2,11088,23
run_10,197.2,11815,20
run_1,197.27,10833,22
run_2,197.27,10850,25
run_3,197.27,11354,22
run_4,197.27,11756,21
run_5,197.27,12989,19
run_6,197.27,12040,23
run_7,197.27,11561,21
run_8,197.27,11233,23
run_9,197.27,11088,23
run_10,197.27,11871,20
run_1,197.35,10885,22
run_2,197.35,10850,25
run_3,197.35,11354,22
run_4,197.35,11756,21
run_5,197.35,12989,19
run_6,197.35,12040,23
run_7,197.35,11561,21
run_8,197.35,11233,23
run_9,197.35,11088,23
run_10,197.35,11871,20
run_1,197.42,10885,22
run_2,197.42,10902,25
run_3,197.42,11354,22
run_4,197.42,11756,21
run_5,197.42,12989,19
run_6,197.42,12040,23
run_7,197.42,11561,21
run_8,197.42,11233,23
run_9,197.42,11088,23
run_10,197.42,11871,20
run_1,197.64,10885,22
run_2,197.64,10902,25
run_3,197.64,11354,22
run_4,197.64,11808,21
run_5,197.64,12989,19
run_6,197.64,12040,23
run_7,197.64,11561,21
run_8,197.64,11233,23
run_9,197.64,11088,23
run_10,197.64,11871,20
run_1,197.67,10885,22
run_2,197.67,10902,25
run_3,197.67,11390,22
run_4,197.67,11808,21
run_5,197.67,12989,19
run_6,197.67,12040,23
run_7,197.67,11561,21
run_8,197.67,11233,23
run_9,197.67,11088,23
run_10,197.67,11871,20
run_1,197.7,10885,22
run_2,197.7,10902,25
run_3,197.7,11390,22
run_4,197.7,11808,21
run_5,197.7,12989,19
run_6,197.7,12040,23
run_7,197.7,11561,21
run_8,197.7,11233,23
run_9,197.7,11108,23
run_10,197.7,11871,20
run_1,197.73,10885,22
run_2,197.73,10902,25
run_3,197.73,11390,22
run_4,197.73,11808,21
run_5,197.73,12989,19
run_6,197.73,12100,23
run_7,197.73,11561,21
run_8,197.73,11233,23
run_9,197.73,11108,23
run_10,197.73,11871,20
run_1,197.8,10885,22
run_2,197.8,10902,25
run_3,197.8,11390,22
run_4,197.8,11808,21
run_5,197.8,12989,19
run_6,197.8,12100,23
run_7,197.8,11613,21
run_8,197.8,11233,23
run_9,197.8,11108,23
run_10,197.8,11871,20
run_1,198.11,10885,22
run_2,198.11,10902,25
run_3,198.11,11390,22
run_4,198.11,11808,21
run_5,198.11,12989,19
run_6,198.11,12100,23
run_7,198.11,11613,21
run_8,198.11,11301,23
run_9,198.11,11108,23
run_10,198.11,11871,20
run_1,198.3,10885,22
run_2,198.3,10902,25
run_3,198.3,11390,22
run_4,198.3,11808,21
run_5,198.3,13033,19
run_6,198.3,12100,23
run_7,198.3,11613,21
run_8,198.3,11301,23
run_9,198.3,11108,23
run_10,198.3,11871,20
run_1,198.48,10885,22
run_2,198.48,10902,25
run_3,198.48,11390,22
run_4,198.48,11808,21
run_5,198.48,13033,19
run_6,198.48,12100,23
run_7,198.48,11613,21
run_8,198.48,11301,23
run_9,198.48,11108,23
run_10,198.48,11923,20
run_1,198.58,10885,22
run_2,198.58,10922,25
run_3,198.58,11390,22
run_4,198.58,11808,21
run_5,198.58,13033,19
run_6,198.58,12100,23
run_7,198.58,11613,21
run_8,198.58,11301,23
run_9,198.58,11108,23
run_10,198.58,11923,20
run_1,198.66,10937,22
run_2,198.66,10922,25
run_3,198.66,11390,22
run_4,198.66,11808,21
run_5,198.66,13033,19
run_6,198.66,12100,23
run_7,198.66,11613,21
run_8,198.66,11301,23
run_9,198.66,11108,23
run_10,198.66,11923,20
run_1,198.84,10937,22
run_2,198.84,10922,25
run_3,198.84,11410,22
run_4,198.84,11844,21
run_5,198.84,13033,19
run_6,198.84,12100,23
run_7,198.84,11613,21
run_8,198.84,11301,23
run_9,198.84,11108,23
run_10,198.84,11923,20
run_1,198.9,10937,22
run_2,198.9,10922,25
run_3,198.9,11410,22
run_4,198.9,11844,21
run_5,198.9,13033,19
run_6,198.9,12100,23
run_7,198.9,11613,21
run_8,198.9,11301,23
run_9,198.9,11132,23
run_10,198.9,11923,20
run_1,198.91,10937,22
run_2,198.91,10922,25
run_3,198.91,11410,22
run_4,198.91,11844,21
run_5,198.91,13033,19
run_6,198.91,12140,23
run_7,198.91,11613,21
run_8,198.91,11301,23
run_9,198.91,11132,23
run_10,198.91,11923,20
run_1,199.04,10937,22
run_2,199.04,10922,25
run_3,199.04,11410,22
run_4,199.04,11844,21
run_5,199.04,13033,19
run_6,199.04,12140,23
run_7,199.04,11645,21
run_8,199.04,11301,23
run_9,199.04,11132,23
run_10,199.04,11923,20
run_1,199.31,10937,22
run_2,199.31,10922,25
run_3,199.31,11410,22
run_4,199.31,11844,21
run_5,199.31,13065,19
run_6,199.31,12140,23
run_7,199.31,11645,21
run_8,199.31,11301,23
run_9,199.31,11132,23
run_10,199.31,11923,20
run_1,199.42,10937,22
run_2,199.42,10922,25
run_3,199.42,11410,22
run_4,199.42,11844,21
run_5,199.42,13065,19
run_6,199.42,12140,23
run_7,199.42,11645,21
run_8,199.42,11337,23
run_9,199.42,11132,23
run_10,199.42,11923,20
run_1,199.72,10937,22
run_2,199.72,10950,25
run_3,199.72,11410,22
run_4,199.72,11844,21
run_5,199.72,13065,19
run_6,199.72,12140,23
run_7,199.72,11645,21
run_8,199.72,11337,23
run_9,199.72,11132,23
run_10,199.72,11923,20
run_1,199.89,10985,22
run_2,199.89,10950,25
run_3,199.89,11410,22
run_4,199.89,11844,21
run_5,199.89,13065,19
run_6,199.89,12140,23
run_7,199.89,11645,21
run_8,199.89,11337,23
run_9,199.89,11132,23
run_10,199.89,11959,20
run_1,200.04,10985,22
run_2,200.04,10950,25
run_3,200.04,11458,22
run_4,200.04,11844,21
run_5,200.04,13065,19
run_6,200.04,12140,23
run_7,200.04,11645,21
run_8,200.04,11337,23
run_9,200.04,11132,23
run_10,200.04,11959,20
run_1,200.09,10985,22
run_2,200.09,10950,25
run_3,200.09,11458,22
run_4,200.09,11888,21
run_5,200.09,13065,19
run_6,200.09,12140,23
run_7,200.09,11645,21
run_8,200.09,11337,23
run_9,200.09,11132,23
run_10,200.09,11959,20
run_1,200.13,10985,22
run_2,200.13,10950,25
run_3,200.13,11458,22
run_4,200.13,11888,21
run_5,200.13,13065,19
run_6,200.13,12140,23
run_7,200.13,11645,21
run_8,200.13,11337,23
run_9,200.13,11208,23
run_10,200.13,11959,20
run_1,200.21,10985,22
run_2,200.21,10950,25
run_3,200.21,11458,22
run_4,200.21,11888,21
run_5,200.21,13065,19
run_6,200.21,12168,23
run_7,200.21,11645,21
run_8,200.21,11337,23
run_9,200.21,11208,23
run_10,200.21,11959,20
run_1,200.29,10985,22
run_2,200.29,10950,25
run_3,200.29,11458,22
run_4,200.29,11888,21
run_5,200.29,13065,19
run_6,200.29,12168,23
run_7,200.29,11693,21
run_8,200.29,11337,23
run_9,200.29,11208,23
run_10,200.29,11959,20
run_1,200.33,10985,22
run_2,200.33,10950,25
run_3,200.33,11458,22
run_4,200.33,11888,21
run_5,200.33,13109,19
run_6,200.33,12168,23
run_7,200.33,11693,21
run_8,200.33,11337,23
run_9,200.33,11208,23
run_10,200.33,11959,20
run_1,200.65,10985,22
run_2,200.65,10950,25
run_3,200.65,11458,22
run_4,200.65,11888,21
run_5,200.65,13109,19
run_6,200.65,12168,23
run_7,200.65,11693,21
run_8,200.65,11373,23
run_9,200.65,11208,23
run_10,200.65,11959,20
run_1,200.82,10985,22
run_2,200.82,10990,25
run_3,200.82,11458,22
run_4,200.82,11888,21
run_5,200.82,13109,19
run_6,200.82,12168,23
run_7,200.82,11693,21
run_8,200.82,11373,23
run_9,200.82,11208,23
run_10,200.82,11959,20
run_1,201.18,11025,22
run_2,201.18,10990,25
run_3,201.18,11458,22
run_4,201.18,11888,21
run_5,201.18,13109,19
run_6,201.18,12168,23
run_7,201.18,11693,21
run_8,201.18,11373,23
run_9,201.18,11208,23
run_10,201.18,11959,20
run_1,201.31,11025,22
run_2,201.31,10990,25
run_3,201.31,11498,22
run_4,201.31,11888,21
run_5,201.31,13109,19
run_6,201.31,12168,23
run_7,201.31,11693,21
run_8,201.31,11373,23
run_9,201.31,11208,23
run_10,201.31,11959,20
run_1,201.33,11025,22
run_2,201.33,10990,25
run_3,201.33,11498,22
run_4,201.33,11888,21
run_5,201.33,13109,19
run_6,201.33,12168,23
run_7,201.33,11693,21
run_8,201.33,11373,23
run_9,201.33,11260,23
run_10,201.33,11959,20
run_1,201.34,11025,22
run_2,201.34,10990,25
run_3,201.34,11498,22
run_4,201.34,11888,21
run_5,201.34,13109,19
run_6,201.34,12216,23
run_7,201.34,11693,21
run_8,201.34,11373,23
run_9,201.34,11260,23
run_10,201.34,11959,20
run_1,201.43,11025,22
run_2,201.43,10990,25
run_3,201.43,11498,22
run_4,201.43,11888,21
run_5,201.43,13173,19
run_6,201.43,12216,23
run_7,201.43,11693,21
run_8,201.43,11373,23
run_9,201.43,11260,23
run_10,201.43,11959,20
run_1,201.44,11025,22
run_2,201.44,10990,25
run_3,201.44,11498,22
run_4,201.44,11888,21
run_5,201.44,13173,19
run_6,201.44,12216,23
run_7,201.44,11693,21
run_8,201.44,11373,23
run_9,201.44,11260,23
run_10,201.44,12007,20
run_1,201.5,11025,22
run_2,201.5,10990,25
run_3,201.5,11498,22
run_4,201.5,11940,21
run_5,201.5,13173,19
run_6,201.5,12216,23
run_7,201.5,11693,21
run_8,201.5,11373,23
run_9,201.5,11260,23
run_10,201.5,12007,20
run_1,201.55,11025,22
run_2,201.55,10990,25
run_3,201.55,11498,22
run_4,201.55,11940,21
run_5,201.55,13173,19
run_6,201.55,12216,23
run_7,201.55,11745,21
run_8,201.55,11373,23
run_9,201.55,11260,23
run_10,201.55,12007,20
run_1,201.92,11025,22
run_2,201.92,11058,25
run_3,201.92,11498,22
run_4,201.92,11940,21
run_5,201.92,13173,19
run_6,201.92,12216,23
run_7,201.92,11745,21
run_8,201.92,11373,23
run_9,201.92,11260,23
run_10,201.92,12007,20
run_1,202.04,11025,22
run_2,202.04,11058,25
run_3,202.04,11498,22
run_4,202.04,11940,21
run_5,202.04,13173,19
run_6,202.04,12216,23
run_7,202.04,11745,21
run_8,202.04,11433,23
run_9,202.04,11260,23
run_10,202.04,12007,20
run_1,202.41,11077,22
run_2,202.41,11058,25
run_3,202.41,11498,22
run_4,202.41,11940,21
run_5,202.41,13173,19
run_6,202.41,12216,23
run_7,202.41,11745,21
run_8,202.41,11433,23
run_9,202.41,11260,23
run_10,202.41,12007,20
run_1,202.45,11077,22
run_2,202.45,11058,25
run_3,202.45,11546,22
run_4,202.45,11940,21
run_5,202.45,13173,19
run_6,202.45,12216,23
run_7,202.45,11745,21
run_8,202.45,11433,23
run_9,202.45,11260,23
run_10,202.45,12007,20
run_1,202.49,11077,22
run_2,202.49,11058,25
run_3,202.49,11546,22
run_4,202.49,11940,21
run_5,202.49,13173,19
run_6,202.49,12216,23
run_7,202.49,11745,21
run_8,202.49,11433,23
run_9,202.49,11308,23
run_10,202.49,12007,20
run_1,202.57,11077,22
run_2,202.57,11058,25
run_3,202.57,11546,22
run_4,202.57,11940,21
run_5,202.57,13173,19
run_6,202.57,12264,23
run_7,202.57,11745,21
run_8,202.57,11433,23
run_9,202.57,11308,23
run_10,202.57,12007,20
run_1,202.59,11077,22
run_2,202.59,11058,25
run_3,202.59,11546,22
run_4,202.59,11940,21
run_5,202.59,13209,19
run_6,202.59,12264,23
run_7,202.59,11745,21
run_8,202.59,11433,23
run_9,202.59,11308,23
run_10,202.59,12007,20
run_1,202.88,11077,22
run_2,202.88,11058,25
run_3,202.88,11546,22
run_4,202.88,11940,21
run_5,202.88,13209,19
run_6,202.88,12264,23
run_7,202.88,11805,21
run_8,202.88,11433,23
run_9,202.88,11308,23
run_10,202.88,12007,20
run_1,202.96,11077,22
run_2,202.96,11058,25
run_3,202.96,11546,22
run_4,202.96,11940,21
run_5,202.96,13209,19
run_6,202.96,12264,23
run_7,202.96,11805,21
run_8,202.96,11433,23
run_9,202.96,11308,23
run_10,202.96,12047,20
run_1,203.14,11077,22
run_2,203.14,11110,25
run_3,203.14,11546,22
run_4,203.14,11940,21
run_5,203.14,13209,19
run_6,203.14,12264,23
run_7,203.14,11805,21
run_8,203.14,11433,23
run_9,203.14,11308,23
run_10,203.14,12047,20
run_1,203.21,11077,22
run_2,203.21,11110,25
run_3,203.21,11546,22
run_4,203.21,11976,21
run_5,203.21,13209,19
run_6,203.21,12264,23
run_7,203.21,11805,21
run_8,203.21,11433,23
run_9,203.21,11308,23
run_10,203.21,12047,20
run_1,203.34,11077,22
run_2,203.34,11110,25
run_3,203.34,11546,22
run_4,203.34,11976,21
run_5,203.34,13209,19
run_6,203.34,12264,23
run_7,203.34,11805,21
run_8,203.34,11481,23
run_9,203.34,11308,23
run_10,203.34,12047,20
run_1,203.6,11077,22
run_2,203.6,11110,25
run_3,203.6,11594,22
run_4,203.6,11976,21
run_5,203.6,13209,19
run_6,203.6,12264,23
run_7,203.6,11805,21
run_8,203.6,11481,23
run_9,203.6,11308,23
run_10,203.6,12047,20
run_1,203.64,11121,22
run_2,203.64,11110,25
run_3,203.64,11594,22
run_4,203.64,11976,21
run_5,203.64,13209,19
run_6,203.64,12264,23
run_7,203.64,11805,21
run_8,203.64,11481,23
run_9,203.64,11308,23
run_10,203.64,12047,20
run_1,203.66,11121,22
run_2,203.66,11110,25
run_3,203.66,11594,22
run_4,203.66,11976,21
run_5,203.66,13209,19
run_6,203.66,12264,23
run_7,203.66,11805,21
run_8,203.66,11481,23
run_9,203.66,11368,23
run_10,203.66,12047,20
run_1,203.78,11121,22
run_2,203.78,11110,25
run_3,203.78,11594,22
run_4,203.78,11976,21
run_5,203.78,13245,19
run_6,203.78,12300,23
run_7,203.78,11805,21
run_8,203.78,11481,23
run_9,203.78,11368,23
run_10,203.78,12047,20
run_1,204.14,11121,22
run_2,204.14,11110,25
run_3,204.14,11594,22
run_4,204.14,11976,21
run_5,204.14,13245,19
run_6,204.14,12300,23
run_7,204.14,11853,21
run_8,204.14,11481,23
run_9,204.14,11368,23
run_10,204.14,12047,20
run_1,204.32,11121,22
run_2,204.32,11110,25
run_3,204.32,11594,22
run_4,204.32,11976,21
run_5,204.32,13245,19
run_6,204.32,12300,23
run_7,204.32,11853,21
run_8,204.32,11481,23
run_9,204.32,11368,23
run_10,204.32,12103,20
run_1,204.35,11121,22
run_2,204.35,11178,25
run_3,204.35,11594,22
run_4,204.35,11976,21
run_5,204.35,13245,19
run_6,204.35,12300,23
run_7,204.35,11853,21
run_8,204.35,11481,23
run_9,204.35,11368,23
run_10,204.35,12103,20
run_1,204.53,11121,22
run_2,204.53,11178,25
run_3,204.53,11594,22
run_4,204.53,12044,21
run_5,204.53,13245,19
run_6,204.53,12300,23
run_7,204.53,11853,21
run_8,204.53,11481,23
run_9,204.53,11368,23
run_10,204.53,12103,20
run_1,204.6,11121,22
run_2,204.6,11178,25
run_3,204.6,11594,22
run_4,204.6,12044,21
run_5,204.6,13245,19
run_6,204.6,12300,23
run_7,204.6,11853,21
run_8,204.6,11521,23
run_9,204.6,11368,23
run_10,204.6,12103,20
run_1,204.74,11121,22
run_2,204.74,11178,25
run_3,204.74,11662,22
run_4,204.74,12044,21
run_5,204.74,13245,19
run_6,204.74,12300,23
run_7,204.74,11853,21
run_8,204.74,11521,23
run_9,204.74,11368,23
run_10,204.74,12103,20
run_1,204.83,11121,22
run_2,204.83,11178,25
run_3,204.83,11662,22
run_4,204.83,12044,21
run_5,204.83,13297,19
run_6,204.83,12300,23
run_7,204.83,11853,21
run_8,204.83,11521,23
run_9,204.83,11368,23
run_10,204.83,12103,20
run_1,204.94,11177,22
run_2,204.94,11178,25
run_3,204.94,11662,22
run_4,204.94,12044,21
run_5,204.94,13297,19
run_6,204.94,12300,23
run_7,204.94,11853,21
run_8,204.94,11521,23
run_9,204.94,11396,23
run_10,204.94,12103,20
run_1,204.97,11177,22
run_2,204.97,11178,25
run_3,204.97,11662,22
run_4,204.97,12044,21
run_5,204.97,13297,19
run_6,204.97,12348,23
run_7,204.97,11853,21
run_8,204.97,11521,23
run_9,204.97,11396,23
run_10,204.97,12103,20
run_1,205.33,11177,22
run_2,205.33,11178,25
run_3,205.33,11662,22
run_4,205.33,12044,21
run_5,205.33,13297,19
run_6,205.33,12348,23
run_7,205.33,11901,21
run_8,205.33,11521,23
run_9,205.33,11396,23
run_10,205.33,12103,20
run_1,205.49,11177,22
run_2,205.49,11218,25
run_3,205.49,11662,22
run_4,205.49,12044,21
run_5,205.49,13297,19
run_6,205.49,12348,23
run_7,205.49,11901,21
run_8,205.49,11521,23
run_9,205.49,11396,23
run_10,205.49,12103,20
run_1,205.72,11177,22
run_2,205.72,11218,25
run_3,205.72,11662,22
run_4,205.72,12044,21
run_5,205.72,13297,19
run_6,205.72,12348,23
run_7,205.72,11901,21
run_8,205.72,11521,23
run_9,205.72,11396,23
run_10,205.72,12131,20
run_1,205.77,11177,22
run_2,205.77,11218,25
run_3,205.77,11662,22
run_4,205.77,12080,21
run_5,205.77,13297,19
run_6,205.77,12348,23
run_7,205.77,11901,21
run_8,205.77,11521,23
run_9,205.77,11396,23
run_10,205.77,12131,20
run_1,205.8,11177,22
run_2,205.8,11218,25
run_3,205.8,11662,22
run_4,205.8,12080,21
run_5,205.8,13297,19
run_6,205.8,12348,23
run_7,205.8,11901,21
run_8,205.8,11585,23
run_9,205.8,11396,23
run_10,205.8,12131,20
run_1,205.82,11177,22
run_2,205.82,11218,25
run_3,205.82,11662,22
run_4,205.82,12080,21
run_5,205.82,13333,19
run_6,205.82,12348,23
run_7,205.82,11901,21
run_8,205.82,11585,23
run_9,205.82,11396,23
run_10,205.82,12131,20
run_1,205.92,11177,22
run_2,205.92,11218,25
run_3,205.92,11722,22
run_4,205.92,12080,21
run_5,205.92,13333,19
run_6,205.92,12348,23
run_7,205.92,11901,21
run_8,205.92,11585,23
run_9,205.92,11396,23
run_10,205.92,12131,20
run_1,206.1,11177,22
run_2,206.1,11218,25
run_3,206.1,11722,22
run_4,206.1,12080,21
run_5,206.1,13333,19
run_6,206.1,12348,23
run_7,206.1,11901,21
run_8,206.1,11585,23
run_9,206.1,11428,23
run_10,206.1,12131,20
run_1,206.12,11177,22
run_2,206.12,11218,25
run_3,206.12,11722,22
run_4,206.12,12080,21
run_5,206.12,13333,19
run_6,206.12,12380,23
run_7,206.12,11901,21
run_8,206.12,11585,23
run_9,206.12,11428,23
run_10,206.12,12131,20
run_1,206.17,11257,22
run_2,206.17,11218,25
run_3,206.17,11722,22
run_4,206.17,12080,21
run_5,206.17,13333,19
run_6,206.17,12380,23
run_7,206.17,11901,21
run_8,206.17,11585,23
run_9,206.17,11428,23
run_10,206.17,12131,20
run_1,206.52,11257,22
run_2,206.52,11218,25
run_3,206.52,11722,22
run_4,206.52,12080,21
run_5,206.52,13333,19
run_6,206.52,12380,23
run_7,206.52,11949,21
run_8,206.52,11585,23
run_9,206.52,11428,23
run_10,206.52,12131,20
run_1,206.68,11257,22
run_2,206.68,11234,25
run_3,206.68,11722,22
run_4,206.68,12080,21
run_5,206.68,13333,19
run_6,206.68,12380,23
run_7,206.68,11949,21
run_8,206.68,11585,23
run_9,206.68,11428,23
run_10,206.68,12131,20
run_1,206.86,11257,22
run_2,206.86,11234,25
run_3,206.86,11722,22
run_4,206.86,12080,21
run_5,206.86,13357,19
run_6,206.86,12380,23
run_7,206.86,11949,21
run_8,206.86,11585,23
run_9,206.86,11428,23
run_10,206.86,12131,20
run_1,207.04,11257,22
run_2,207.04,11234,25
run_3,207.04,11722,22
run_4,207.04,12080,21
run_5,207.04,13357,19
run_6,207.04,12380,23
run_7,207.04,11949,21
run_8,207.04,11605,23
run_9,207.04,11428,23
run_10,207.04,12131,20
run_1,207.09,11257,22
run_2,207.09,11234,25
run_3,207.09,11758,22
run_4,207.09,12080,21
run_5,207.09,13357,19
run_6,207.09,12380,23
run_7,207.09,11949,21
run_8,207.09,11605,23
run_9,207.09,11428,23
run_10,207.09,12131,20
run_1,207.14,11257,22
run_2,207.14,11234,25
run_3,207.14,11758,22
run_4,207.14,12116,21
run_5,207.14,13357,19
run_6,207.14,12380,23
run_7,207.14,11949,21
run_8,207.14,11605,23
run_9,207.14,11428,23
run_10,207.14,12131,20
run_1,207.23,11257,22
run_2,207.23,11234,25
run_3,207.23,11758,22
run_4,207.23,12116,21
run_5,207.23,13357,19
run_6,207.23,12380,23
run_7,207.23,11949,21
run_8,207.23,11605,23
run_9,207.23,11480,23
run_10,207.23,12131,20
run_1,207.3,11257,22
run_2,207.3,11234,25
run_3,207.3,11758,22
run_4,207.3,12116,21
run_5,207.3,13357,19
run_6,207.3,12448,23
run_7,207.3,11949,21
run_8,207.3,11605,23
run_9,207.3,11480,23
run_10,207.3,12131,20
run_1,207.34,11257,22
run_2,207.34,11234,25
run_3,207.34,11758,22
run_4,207.34,12116,21
run_5,207.34,13357,19
run_6,207.34,12448,23
run_7,207.34,11949,21
run_8,207.34,11605,23
run_9,207.34,11480,23
run_10,207.34,12187,20
run_1,207.37,11309,22
run_2,207.37,11234,25
run_3,207.37,11758,22
run_4,207.37,12116,21
run_5,207.37,13357,19
run_6,207.37,12448,23
run_7,207.37,11949,21
run_8,207.37,11605,23
run_9,207.37,11480,23
run_10,207.37,12187,20
run_1,207.74,11309,22
run_2,207.74,11234,25
run_3,207.74,11758,22
run_4,207.74,12116,21
run_5,207.74,13357,19
run_6,207.74,12448,23
run_7,207.74,11997,21
run_8,207.74,11605,23
run_9,207.74,11480,23
run_10,207.74,12187,20
run_1,207.79,11309,22
run_2,207.79,11278,25
run_3,207.79,11758,22
run_4,207.79,12116,21
run_5,207.79,13357,19
run_6,207.79,12448,23
run_7,207.79,11997,21
run_8,207.79,11605,23
run_9,207.79,11480,23
run_10,207.79,12187,20
run_1,208.06,11309,22
run_2,208.06,11278,25
run_3,208.06,11758,22
run_4,208.06,12116,21
run_5,208.06,13381,19
run_6,208.06,12448,23
run_7,208.06,11997,21
run_8,208.06,11605,23
run_9,208.06,11480,23
run_10,208.06,12187,20
run_1,208.27,11309,22
run_2,208.27,11278,25
run_3,208.27,11758,22
run_4,208.27,12116,21
run_5,208.27,13381,19
run_6,208.27,12448,23
run_7,208.27,11997,21
run_8,208.27,11669,23
run_9,208.27,11480,23
run_10,208.27,12187,20
run_1,208.33,11309,22
run_2,208.33,11278,25
run_3,208.33,11794,22
run_4,208.33,12116,21
run_5,208.33,13381,19
run_6,208.33,12448,23
run_7,208.33,11997,21
run_8,208.33,11669,23
run_9,208.33,11480,23
run_10,208.33,12187,20
run_1,208.39,11309,22
run_2,208.39,11278,25
run_3,208.39,11794,22
run_4,208.39,12116,21
run_5,208.39,13381,19
run_6,208.39,12448,23
run_7,208.39,11997,21
run_8,208.39,11669,23
run_9,208.39,11524,23
run_10,208.39,12187,20
run_1,208.44,11309,22
run_2,208.44,11278,25
run_3,208.44,11794,22
run_4,208.44,12116,21
run_5,208.44,13381,19
run_6,208.44,12500,23
run_7,208.44,11997,21
run_8,208.44,11669,23
run_9,208.44,11524,23
run_10,208.44,12187,20
run_1,208.45,11309,22
run_2,208.45,11278,25
run_3,208.45,11794,22
run_4,208.45,12156,21
run_5,208.45,13381,19
run_6,208.45,12500,23
run_7,208.45,11997,21
run_8,208.45,11669,23
run_9,208.45,11524,23
run_10,208.45,12187,20
run_1,208.6,11353,22
run_2,208.6,11278,25
run_3,208.6,11794,22
run_4,208.6,12156,21
run_5,208.6,13381,19
run_6,208.6,12500,23
run_7,208.6,11997,21
run_8,208.6,11669,23
run_9,208.6,11524,23
run_10,208.6,12187,20
run_1,208.75,11353,22
run_2,208.75,11278,25
run_3,208.75,11794,22
run_4,208.75,12156,21
run_5,208.75,13381,19
run_6,208.75,12500,23
run_7,208.75,11997,21
run_8,208.75,11669,23
run_9,208.75,11524,23
run_10,208.75,12239,20
run_1,208.94,11353,22
run_2,208.94,11334,25
run_3,208.94,11794,22
run_4,208.94,12156,21
run_5,208.94,13381,19
run_6,208.94,12500,23
run_7,208.94,11997,21
run_8,208.94,11669,23
run_9,208.94,11524,23
run_10,208.94,12239,20
run_1,209.05,11353,22
run_2,209.05,11334,25
run_3,209.05,11794,22
run_4,209.05,12156,21
run_5,209.05,13417,19
run_6,209.05,12500,23
run_7,209.05,11997,21
run_8,209.05,11669,23
run_9,209.05,11524,23
run_10,209.05,12239,20
run_1,209.14,11353,22
run_2,209.14,11334,25
run_3,209.14,11794,22
run_4,209.14,12156,21
run_5,209.14,13417,19
run_6,209.14,12500,23
run_7,209.14,12037,21
run_8,209.14,11669,23
run_9,209.14,11524,23
run_10,209.14,12239,20
run_1,209.45,11353,22
run_2,209.45,11334,25
run_3,209.45,11794,22
run_4,209.45,12156,21
run_5,209.45,13417,19
run_6,209.45,12500,23
run_7,209.45,12037,21
run_8,209.45,11717,23
run_9,209.45,11524,23
run_10,209.45,12239,20
run_1,209.46,11353,22
run_2,209.46,11334,25
run_3,209.46,11854,22
run_4,209.46,12156,21
run_5,209.46,13417,19
run_6,209.46,12500,23
run_7,209.46,12037,21
run_8,209.46,11717,23
run_9,209.46,11524,23
run_10,209.46,12239,20
run_1,209.55,11353,22
run_2,209.55,11334,25
run_3,209.55,11854,22
run_4,209.55,12156,21
run_5,209.55,13417,19
run_6,209.55,12544,23
run_7,209.55,12037,21
run_8,209.55,11717,23
run_9,209.55,11524,23
run_10,209.55,12239,20
run_1,209.56,11353,22
run_2,209.56,11334,25
run_3,209.56,11854,22
run_4,209.56,12156,21
run_5,209.56,13417,19
run_6,209.56,12544,23
run_7,209.56,12037,21
run_8,209.56,11717,23
run_9,209.56,11576,23
run_10,209.56,12239,20
run_1,209.79,11353,22
run_2,209.79,11334,25
run_3,209.79,11854,22
run_4,209.79,12192,21
run_5,209.79,13417,19
run_6,209.79,12544,23
run_7,209.79,12037,21
run_8,209.79,11717,23
run_9,209.79,11576,23
run_10,209.79,12239,20
run_1,209.85,11385,22
run_2,209.85,11334,25
run_3,209.85,11854,22
run_4,209.85,12192,21
run_5,209.85,13417,19
run_6,209.85,12544,23
run_7,209.85,12037,21
run_8,209.85,11717,23
run_9,209.85,11576,23
run_10,209.85,12239,20
run_1,209.94,11385,22
run_2,209.94,11334,25
run_3,209.94,11854,22
run_4,209.94,12192,21
run_5,209.94,13417,19
run_6,209.94,12544,23
run_7,209.94,12037,21
run_8,209.94,11717,23
run_9,209.94,11576,23
run_10,209.94,12271,20
run_1,210.06,11385,22
run_2,210.06,11374,25
run_3,210.06,11854,22
run_4,210.06,12192,21
run_5,210.06,13417,19
run_6,210.06,12544,23
run_7,210.06,12037,21
run_8,210.06,11717,23
run_9,210.06,11576,23
run_10,210.06,12271,20
run_1,210.17,11385,22
run_2,210.17,11374,25
run_3,210.17,11854,22
run_4,210.17,12192,21
run_5,210.17,13485,19
run_6,210.17,12544,23
run_7,210.17,12037,21
run_8,210.17,11717,23
run_9,210.17,11576,23
run_10,210.17,12271,20
run_1,210.47,11385,22
run_2,210.47,11374,25
run_3,210.47,11854,22
run_4,210.47,12192,21
run_5,210.47,13485,19
run_6,210.47,12544,23
run_7,210.47,12097,21
run_8,210.47,11717,23
run_9,210.47,11576,23
run_10,210.47,12271,20
run_1,210.59,11385,22
run_2,210.59,11374,25
run_3,210.59,11906,22
run_4,210.59,12192,21
run_5,210.59,13485,19
run_6,210.59,12544,23
run_7,210.59,12097,21
run_8,210.59,11717,23
run_9,210.59,11576,23
run_10,210.59,12271,20
run_1,210.72,11385,22
run_2,210.72,11374,25
run_3,210.72,11906,22
run_4,210.72,12192,21
run_5,210.72,13485,19
run_6,210.72,12544,23
run_7,210.72,12097,21
run_8,210.72,11717,23
run_9,210.72,11592,23
run_10,210.72,12271,20
run_1,210.8,11385,22
run_2,210.8,11374,25
run_3,210.8,11906,22
run_4,210.8,12192,21
run_5,210.8,13485,19
run_6,210.8,12544,23
run_7,210.8,12097,21
run_8,210.8,11773,23
run_9,210.8,11592,23
run_10,210.8,12271,20
run_1,210.85,11385,22
run_2,210.85,11374,25
run_3,210.85,11906,22
run_4,210.85,12192,21
run_5,210.85,13485,19
run_6,210.85,12596,23
run_7,210.85,12097,21
run_8,210.85,11773,23
run_9,210.85,11592,23
run_10,210.85,12271,20
run_1,210.92,11385,22
run_2,210.92,11374,25
run_3,210.92,11906,22
run_4,210.92,12240,21
run_5,210.92,13485,19
run_6,210.92,12596,23
run_7,210.92,12097,21
run_8,210.92,11773,23
run_9,210.92,11592,23
run_10,210.92,12271,20
run_1,210.99,11449,22
run_2,210.99,11374,25
run_3,210.99,11906,22
run_4,210.99,12240,21
run_5,210.99,13485,19
run_6,210.99,12596,23
run_7,210.99,12097,21
run_8,210.99,11773,23
run_9,210.99,11592,23
run_10,210.99,12271,20
run_1,211.07,11449,22
run_2,211.07,11374,25
run_3,211.07,11906,22
run_4,211.07,12240,21
run_5,211.07,13485,19
run_6,211.07,12596,23
run_7,211.07,12097,21
run_8,211.07,11773,23
run_9,211.07,11592,23
run_10,211.07,12311,20
run_1,211.2,11449,22
run_2,211.2,11422,25
run_3,211.2,11906,22
run_4,211.2,12240,21
run_5,211.2,13529,19
run_6,211.2,12596,23
run_7,211.2,12097,21
run_8,211.2,11773,23
run_9,211.2,11592,23
run_10,211.2,12311,20
run_1,211.68,11449,22
run_2,211.68,11422,25
run_3,211.68,11954,22
run_4,211.68,12240,21
run_5,211.68,13529,19
run_6,211.68,12596,23
run_7,211.68,12097,21
run_8,211.68,11773,23
run_9,211.68,11592,23
run_10,211.68,12311,20
run_1,211.75,11449,22
run_2,211.75,11422,25
run_3,211.75,11954,22
run_4,211.75,12240,21
run_5,211.75,13529,19
run_6,211.75,12596,23
run_7,211.75,12157,21
run_8,211.75,11773,23
run_9,211.75,11592,23
run_10,211.75,12311,20
run_1,211.92,11449,22
run_2,211.92,11422,25
run_3,211.92,11954,22
run_4,211.92,12240,21
run_5,211.92,13529,19
run_6,211.92,12596,23
run_7,211.92,12157,21
run_8,211.92,11773,23
run_9,211.92,11640,23
run_10,211.92,12311,20
run_1,212.01,11449,22
run_2,212.01,11422,25
run_3,212.01,11954,22
run_4,212.01,12240,21
run_5,212.01,13529,19
run_6,212.01,12672,23
run_7,212.01,12157,21
run_8,212.01,11773,23
run_9,212.01,11640,23
run_10,212.01,12311,20
run_1,212.08,11449,22
run_2,212.08,11422,25
run_3,212.08,11954,22
run_4,212.08,12304,21
run_5,212.08,13529,19
run_6,212.08,12672,23
run_7,212.08,12157,21
run_8,212.08,11773,23
run_9,212.08,11640,23
run_10,212.08,12311,20
run_1,212.1,11449,22
run_2,212.1,11422,25
run_3,212.1,11954,22
run_4,212.1,12304,21
run_5,212.1,13529,19
run_6,212.1,12672,23
run_7,212.1,12157,21
run_8,212.1,11841,23
run_9,212.1,11640,23
run_10,212.1,12311,20
run_1,212.19,11473,22
run_2,212.19,11422,25
run_3,212.19,11954,22
run_4,212.19,12304,21
run_5,212.19,13529,19
run_6,212.19,12672,23
run_7,212.19,12157,21
run_8,212.19,11841,23
run_9,212.19,11640,23
run_10,212.19,12311,20
run_1,212.29,11473,22
run_2,212.29,11422,25
run_3,212.29,11954,22
run_4,212.29,12304,21
run_5,212.29,13569,19
run_6,212.29,12672,23
run_7,212.29,12157,21
run_8,212.29,11841,23
run_9,212.29,11640,23
run_10,212.29,12311,20
run_1,212.33,11473,22
run_2,212.33,11458,25
run_3,212.33,11954,22
run_4,212.33,12304,21
run_5,212.33,13569,19
run_6,212.33,12672,23
run_7,212.33,12157,21
run_8,212.33,11841,23
run_9,212.33,11640,23
run_10,212.33,12311,20
run_1,212.34,11473,22
run_2,212.34,11458,25
run_3,212.34,11954,22
run_4,212.34,12304,21
run_5,212.34,13569,19
run_6,212.34,12672,23
run_7,212.34,12157,21
run_8,212.34,11841,23
run_9,212.34,11640,23
run_10,212.34,12347,20
run_1,212.76,11473,22
run_2,212.76,11458,25
run_3,212.76,11998,22
run_4,212.76,12304,21
run_5,212.76,13569,19
run_6,212.76,12672,23
run_7,212.76,12157,21
run_8,212.76,11841,23
run_9,212.76,11640,23
run_10,212.76,12347,20
run_1,213.1,11473,22
run_2,213.1,11458,25
run_3,213.1,11998,22
run_4,213.1,12304,21
run_5,213.1,13569,19
run_6,213.1,12672,23
run_7,213.1,12157,21
run_8,213.1,11841,23
run_9,213.1,11668,23
run_10,213.1,12347,20
run_1,213.16,11473,22
run_2,213.16,11458,25
run_3,213.16,11998,22
run_4,213.16,12304,21
run_5,213.16,13569,19
run_6,213.16,12672,23
run_7,213.16,12217,21
run_8,213.16,11841,23
run_9,213.16,11668,23
run_10,213.16,12347,20
run_1,213.27,11473,22
run_2,213.27,11458,25
run_3,213.27,11998,22
run_4,213.27,12304,21
run_5,213.27,13569,19
run_6,213.27,12712,23
run_7,213.27,12217,21
run_8,213.27,11841,23
run_9,213.27,11668,23
run_10,213.27,12347,20
run_1,213.3,11473,22
run_2,213.3,11458,25
run_3,213.3,11998,22
run_4,213.3,12304,21
run_5,213.3,13569,19
run_6,213.3,12712,23
run_7,213.3,12217,21
run_8,213.3,11885,23
run_9,213.3,11668,23
run_10,213.3,12347,20
run_1,213.38,11473,22
run_2,213.38,11458,25
run_3,213.38,11998,22
run_4,213.38,12352,21
run_5,213.38,13569,19
run_6,213.38,12712,23
run_7,213.38,12217,21
run_8,213.38,11885,23
run_9,213.38,11668,23
run_10,213.38,12347,20
run_1,213.41,11473,22
run_2,213.41,11458,25
run_3,213.41,11998,22
run_4,213.41,12352,21
run_5,213.41,13633,19
run_6,213.41,12712,23
run_7,213.41,12217,21
run_8,213.41,11885,23
run_9,213.41,11668,23
run_10,213.41,12347,20
run_1,213.45,11473,22
run_2,213.45,11458,25
run_3,213.45,11998,22
run_4,213.45,12352,21
run_5,213.45,13633,19
run_6,213.45,12712,23
run_7,213.45,12217,21
run_8,213.45,11885,23
run_9,213.45,11668,23
run_10,213.45,12379,20
run_1,213.5,11513,22
run_2,213.5,11458,25
run_3,213.5,11998,22
run_4,213.5,12352,21
run_5,213.5,13633,19
run_6,213.5,12712,23
run_7,213.5,12217,21
run_8,213.5,11885,23
run_9,213.5,11668,23
run_10,213.5,12379,20
run_1,213.74,11513,22
run_2,213.74,11506,25
run_3,213.74,11998,22
run_4,213.74,12352,21
run_5,213.74,13633,19
run_6,213.74,12712,23
run_7,213.74,12217,21
run_8,213.74,11885,23
run_9,213.74,11668,23
run_10,213.74,12379,20
run_1,213.98,11513,22
run_2,213.98,11506,25
run_3,213.98,12054,22
run_4,213.98,12352,21
run_5,213.98,13633,19
run_6,213.98,12712,23
run_7,213.98,12217,21
run_8,213.98,11885,23
run_9,213.98,11668,23
run_10,213.98,12379,20
run_1,214.29,11513,22
run_2,214.29,11506,25
run_3,214.29,12054,22
run_4,214.29,12352,21
run_5,214.29,13633,19
run_6,214.29,12712,23
run_7,214.29,12217,21
run_8,214.29,11885,23
run_9,214.29,11724,23
run_10,214.29,12379,20
run_1,214.42,11513,22
run_2,214.42,11506,25
run_3,214.42,12054,22
run_4,214.42,12352,21
run_5,214.42,13633,19
run_6,214.42,12752,23
run_7,214.42,12217,21
run_8,214.42,11885,23
run_9,214.42,11724,23
run_10,214.42,12379,20
run_1,214.44,11513,22
run_2,214.44,11506,25
run_3,214.44,12054,22
run_4,214.44,12352,21
run_5,214.44,13633,19
run_6,214.44,12752,23
run_7,214.44,12245,21
run_8,214.44,11885,23
run_9,214.44,11724,23
run_10,214.44,12379,20
run_1,214.51,11513,22
run_2,214.51,11506,25
run_3,214.51,12054,22
run_4,214.51,12352,21
run_5,214.51,13633,19
run_6,214.51,12752,23
run_7,214.51,12245,21
run_8,214.51,11885,23
run_9,214.51,11724,23
run_10,214.51,12415,20
run_1,214.52,11513,22
run_2,214.52,11506,25
run_3,214.52,12054,22
run_4,214.52,12352,21
run_5,214.52,13685,19
run_6,214.52,12752,23
run_7,214.52,12245,21
run_8,214.52,11885,23
run_9,214.52,11724,23
run_10,214.52,12415,20
run_1,214.55,11513,22
run_2,214.55,11506,25
run_3,214.55,12054,22
run_4,214.55,12352,21
run_5,214.55,13685,19
run_6,214.55,12752,23
run_7,214.55,12245,21
run_8,214.55,11937,23
run_9,214.55,11724,23
run_10,214.55,12415,20
run_1,214.67,11561,22
run_2,214.67,11506,25
run_3,214.67,12054,22
run_4,214.67,12352,21
run_5,214.67,13685,19
run_6,214.67,12752,23
run_7,214.67,12245,21
run_8,214.67,11937,23
run_9,214.67,11724,23
run_10,214.67,12415,20
run_1,214.68,11561,22
run_2,214.68,11506,25
run_3,214.68,12054,22
run_4,214.68,12404,21
run_5,214.68,13685,19
run_6,214.68,12752,23
run_7,214.68,12245,21
run_8,214.68,11937,23
run_9,214.68,11724,23
run_10,214.68,12415,20
run_1,215.1,11561,22
run_2,215.1,11562,25
run_3,215.1,12054,22
run_4,215.1,12404,21
run_5,215.1,13685,19
run_6,215.1,12752,23
run_7,215.1,12245,21
run_8,215.1,11937,23
run_9,215.1,11724,23
run_10,215.1,12415,20
run_1,215.15,11561,22
run_2,215.15,11562,25
run_3,215.15,12086,22
run_4,215.15,12404,21
run_5,215.15,13685,19
run_6,215.15,12752,23
run_7,215.15,12245,21
run_8,215.15,11937,23
run_9,215.15,11724,23
run_10,215.15,12415,20
run_1,215.55,11561,22
run_2,215.55,11562,25
run_3,215.55,12086,22
run_4,215.55,12404,21
run_5,215.55,13685,19
run_6,215.55,12752,23
run_7,215.55,12245,21
run_8,215.55,11937,23
run_9,215.55,11764,23
run_10,215.55,12415,20
run_1,215.57,11561,22
run_2,215.57,11562,25
run_3,215.57,12086,22
run_4,215.57,12404,21
run_5,215.57,13685,19
run_6,215.57,12784,23
run_7,215.57,12245,21
run_8,215.57,11937,23
run_9,215.57,11764,23
run_10,215.57,12415,20
run_1,215.62,11561,22
run_2,215.62,11562,25
run_3,215.62,12086,22
run_4,215.62,12404,21
run_5,215.62,13733,19
run_6,215.62,12784,23
run_7,215.62,12245,21
run_8,215.62,11937,23
run_9,215.62,11764,23
run_10,215.62,12415,20
run_1,215.67,11561,22
run_2,215.67,11562,25
run_3,215.67,12086,22
run_4,215.67,12404,21
run_5,215.67,13733,19
run_6,215.67,12784,23
run_7,215.67,12245,21
run_8,215.67,11937,23
run_9,215.67,11764,23
run_10,215.67,12475,20
run_1,215.69,11561,22
run_2,215.69,11562,25
run_3,215.69,12086,22
run_4,215.69,12404,21
run_5,215.69,13733,19
run_6,215.69,12784,23
run_7,215.69,12261,21
run_8,215.69,11937,23
run_9,215.69,11764,23
run_10,215.69,12475,20
run_1,215.81,11561,22
run_2,215.81,11562,25
run_3,215.81,12086,22
run_4,215.81,12444,21
run_5,215.81,13733,19
run_6,215.81,12784,23
run_7,215.81,12261,21
run_8,215.81,11937,23
run_9,215.81,11764,23
run_10,215.81,12475,20
run_1,215.95,11561,22
run_2,215.95,11562,25
run_3,215.95,12086,22
run_4,215.95,12444,21
run_5,215.95,13733,19
run_6,215.95,12784,23
run_7,215.95,12261,21
run_8,215.95,12013,23
run_9,215.95,11764,23
run_10,215.95,12475,20
run_1,216.01,11637,22
run_2,216.01,11562,25
run_3,216.01,12086,22
run_4,216.01,12444,21
run_5,216.01,13733,19
run_6,216.01,12784,23
run_7,216.01,12261,21
run_8,216.01,12013,23
run_9,216.01,11764,23
run_10,216.01,12475,20
run_1,216.29,11637,22
run_2,216.29,11614,25
run_3,216.29,12130,22
run_4,216.29,12444,21
run_5,216.29,13733,19
run_6,216.29,12784,23
run_7,216.29,12261,21
run_8,216.29,12013,23
run_9,216.29,11764,23
run_10,216.29,12475,20
run_1,216.63,11637,22
run_2,216.63,11614,25
run_3,216.63,12130,22
run_4,216.63,12444,21
run_5,216.63,13761,19
run_6,216.63,12784,23
run_7,216.63,12261,21
run_8,216.63,12013,23
run_9,216.63,11764,23
run_10,216.63,12475,20
run_1,216.78,11637,22
run_2,216.78,11614,25
run_3,216.78,12130,22
run_4,216.78,12444,21
run_5,216.78,13761,19
run_6,216.78,12784,23
run_7,216.78,12261,21
run_8,216.78,12013,23
run_9,216.78,11800,23
run_10,216.78,12475,20
run_1,216.79,11637,22
run_2,216.79,11614,25
run_3,216.79,12130,22
run_4,216.79,12444,21
run_5,216.79,13761,19
run_6,216.79,12784,23
run_7,216.79,12261,21
run_8,216.79,12013,23
run_9,216.79,11800,23
run_10,216.79,12531,20
run_1,216.82,11637,22
run_2,216.82,11614,25
run_3,216.82,12130,22
run_4,216.82,12444,21
run_5,216.82,13761,19
run_6,216.82,12836,23
run_7,216.82,12261,21
run_8,216.82,12013,23
run_9,216.82,11800,23
run_10,216.82,12531,20
run_1,216.94,11637,22
run_2,216.94,11614,25
run_3,216.94,12130,22
run_4,216.94,12444,21
run_5,216.94,13761,19
run_6,216.94,12836,23
run_7,216.94,12297,21
run_8,216.94,12013,23
run_9,216.94,11800,23
run_10,216.94,12531,20
run_1,217.18,11677,22
run_2,217.18,11614,25
run_3,217.18,12130,22
run_4,217.18,12444,21
run_5,217.18,13761,19
run_6,217.18,12836,23
run_7,217.18,12297,21
run_8,217.18,12013,23
run_9,217.18,11800,23
run_10,217.18,12531,20
run_1,217.19,11677,22
run_2,217.19,11614,25
run_3,217.19,12130,22
run_4,217.19,12444,21
run_5,217.19,13761,19
run_6,217.19,12836,23
run_7,217.19,12297,21
run_8,217.19,12061,23
run_9,217.19,11800,23
run_10,217.19,12531,20
run_1,217.2,11677,22
run_2,217.2,11614,25
run_3,217.2,12130,22
run_4,217.2,12508,21
run_5,217.2,13761,19
run_6,217.2,12836,23
run_7,217.2,12297,21
run_8,217.2,12061,23
run_9,217.2,11800,23
run_10,217.2,12531,20
run_1,217.43,11677,22
run_2,217.43,11642,25
run_3,217.43,12130,22
run_4,217.43,12508,21
run_5,217.43,13761,19
run_6,217.43,12836,23
run_7,217.43,12297,21
run_8,217.43,12061,23
run_9,217.43,11800,23
run_10,217.43,12531,20
run_1,217.51,11677,22
run_2,217.51,11642,25
run_3,217.51,12194,22
run_4,217.51,12508,21
run_5,217.51,13761,19
run_6,217.51,12836,23
run_7,217.51,12297,21
run_8,217.51,12061,23
run_9,217.51,11800,23
run_10,217.51,12531,20
run_1,217.76,11677,22
run_2,217.76,11642,25
run_3,217.76,12194,22
run_4,217.76,12508,21
run_5,217.76,13821,19
run_6,217.76,12836,23
run_7,217.76,12297,21
run_8,217.76,12061,23
run_9,217.76,11800,23
run_10,217.76,12531,20
run_1,217.84,11677,22
run_2,217.84,11642,25
run_3,217.84,12194,22
run_4,217.84,12508,21
run_5,217.84,13821,19
run_6,217.84,12836,23
run_7,217.84,12297,21
run_8,217.84,12061,23
run_9,217.84,11800,23
run_10,217.84,12567,20
run_1,218.01,11677,22
run_2,218.01,11642,25
run_3,218.01,12194,22
run_4,218.01,12508,21
run_5,218.01,13821,19
run_6,218.01,12872,23
run_7,218.01,12297,21
run_8,218.01,12061,23
run_9,218.01,11800,23
run_10,218.01,12567,20
run_1,218.07,11677,22
run_2,218.07,11642,25
run_3,218.07,12194,22
run_4,218.07,12508,21
run_5,218.07,13821,19
run_6,218.07,12872,23
run_7,218.07,12297,21
run_8,218.07,12061,23
run_9,218.07,11832,23
run_10,218.07,12567,20
run_1,218.19,11677,22
run_2,218.19,11642,25
run_3,218.19,12194,22
run_4,218.19,12508,21
run_5,218.19,13821,19
run_6,218.19,12872,23
run_7,218.19,12365,21
run_8,218.19,12061,23
run_9,218.19,11832,23
run_10,218.19,12567,20
run_1,218.31,11717,22
run_2,218.31,11642,25
run_3,218.31,12194,22
run_4,218.31,12508,21
run_5,218.31,13821,19
run_6,218.31,12872,23
run_7,218.31,12365,21
run_8,218.31,12061,23
run_9,218.31,11832,23
run_10,218.31,12567,20
run_1,218.33,11717,22
run_2,218.33,11642,25
run_3,218.33,12194,22
run_4,218.33,12508,21
run_5,218.33,13821,19
run_6,218.33,12872,23
run_7,218.33,12365,21
run_8,218.33,12085,23
run_9,218.33,11832,23
run_10,218.33,12567,20
run_1,218.41,11717,22
run_2,218.41,11642,25
run_3,218.41,12194,22
run_4,218.41,12584,21
run_5,218.41,13821,19
run_6,218.41,12872,23
run_7,218.41,12365,21
run_8,218.41,12085,23
run_9,218.41,11832,23
run_10,218.41,12567,20
run_1,218.54,11717,22
run_2,218.54,11666,25
run_3,218.54,12194,22
run_4,218.54,12584,21
run_5,218.54,13821,19
run_6,218.54,12872,23
run_7,218.54,12365,21
run_8,218.54,12085,23
run_9,218.54,11832,23
run_10,218.54,12567,20
run_1,218.77,11717,22
run_2,218.77,11666,25
run_3,218.77,12258,22
run_4,218.77,12584,21
run_5,218.77,13821,19
run_6,218.77,12872,23
run_7,218.77,12365,21
run_8,218.77,12085,23
run_9,218.77,11832,23
run_10,218.77,12567,20
run_1,218.78,11717,22
run_2,218.78,11666,25
run_3,218.78,12258,22
run_4,218.78,12584,21
run_5,218.78,13865,19
run_6,218.78,12872,23
run_7,218.78,12365,21
run_8,218.78,12085,23
run_9,218.78,11832,23
run_10,218.78,12567,20
run_1,218.98,11717,22
run_2,218.98,11666,25
run_3,218.98,12258,22
run_4,218.98,12584,21
run_5,218.98,13865,19
run_6,218.98,12872,23
run_7,218.98,12365,21
run_8,218.98,12085,23
run_9,218.98,11832,23
run_10,218.98,12607,20
run_1,219.23,11717,22
run_2,219.23,11666,25
run_3,219.23,12258,22
run_4,219.23,12584,21
run_5,219.23,13865,19
run_6,219.23,12900,23
run_7,219.23,12365,21
run_8,219.23,12085,23
run_9,219.23,11832,23
run_10,219.23,12607,20
run_1,219.25,11717,22
run_2,219.25,11666,25
run_3,219.25,12258,22
run_4,219.25,12584,21
run_5,219.25,13865,19
run_6,219.25,12900,23
run_7,219.25,12365,21
run_8,219.25,12085,23
run_9,219.25,11868,23
run_10,219.25,12607,20
run_1,219.54,11717,22
run_2,219.54,11666,25
run_3,219.54,12258,22
run_4,219.54,12584,21
run_5,219.54,13865,19
run_6,219.54,12900,23
run_7,219.54,12365,21
run_8,219.54,12141,23
run_9,219.54,11868,23
run_10,219.54,12607,20
run_1,219.59,11717,22
run_2,219.59,11738,25
run_3,219.59,12258,22
run_4,219.59,12584,21
run_5,219.59,13865,19
run_6,219.59,12900,23
run_7,219.59,12365,21
run_8,219.59,12141,23
run_9,219.59,11868,23
run_10,219.59,12607,20
run_1,219.61,11773,22
run_2,219.61,11738,25
run_3,219.61,12258,22
run_4,219.61,12584,21
run_5,219.61,13865,19
run_6,219.61,12900,23
run_7,219.61,12397,21
run_8,219.61,12141,23
run_9,219.61,11868,23
run_10,219.61,12607,20
run_1,219.83,11773,22
run_2,219.83,11738,25
run_3,219.83,12258,22
run_4,219.83,12584,21
run_5,219.83,13925,19
run_6,219.83,12900,23
run_7,219.83,12397,21
run_8,219.83,12141,23
run_9,219.83,11868,23
run_10,219.83,12607,20
run_1,219.92,11773,22
run_2,219.92,11738,25
run_3,219.92,12302,22
run_4,219.92,12584,21
run_5,219.92,13925,19
run_6,219.92,12900,23
run_7,219.92,12397,21
run_8,219.92,12141,23
run_9,219.92,11868,23
run_10,219.92,12607,20
run_1,220.01,11773,22
run_2,220.01,11738,25
run_3,220.01,12302,22
run_4,220.01,12660,21
run_5,220.01,13925,19
run_6,220.01,12900,23
run_7,220.01,12397,21
run_8,220.01,12141,23
run_9,220.01,11868,23
run_10,220.01,12607,20
run_1,220.07,11773,22
run_2,220.07,11738,25
run_3,220.07,12302,22
run_4,220.07,12660,21
run_5,220.07,13925,19
run_6,220.07,12900,23
run_7,220.07,12397,21
run_8,220.07,12141,23
run_9,220.07,11868,23
run_10,220.07,12651,20
run_1,220.41,11773,22
run_2,220.41,11738,25
run_3,220.41,12302,22
run_4,220.41,12660,21
run_5,220.41,13925,19
run_6,220.41,12932,23
run_7,220.41,12397,21
run_8,220.41,12141,23
run_9,220.41,11868,23
run_10,220.41,12651,20
run_1,220.55,11773,22
run_2,220.55,11738,25
run_3,220.55,12302,22
run_4,220.55,12660,21
run_5,220.55,13925,19
run_6,220.55,12932,23
run_7,220.55,12397,21
run_8,220.55,12141,23
run_9,220.55,11920,23
run_10,220.55,12651,20
run_1,220.68,11773,22
run_2,220.68,11738,25
run_3,220.68,12302,22
run_4,220.68,12660,21
run_5,220.68,13925,19
run_6,220.68,12932,23
run_7,220.68,12397,21
run_8,220.68,12181,23
run_9,220.68,11920,23
run_10,220.68,12651,20
run_1,220.74,11773,22
run_2,220.74,11814,25
run_3,220.74,12302,22
run_4,220.74,12660,21
run_5,220.74,13925,19
run_6,220.74,12932,23
run_7,220.74,12397,21
run_8,220.74,12181,23
run_9,220.74,11920,23
run_10,220.74,12651,20
run_1,220.79,11773,22
run_2,220.79,11814,25
run_3,220.79,12302,22
run_4,220.79,12660,21
run_5,220.79,13957,19
run_6,220.79,12932,23
run_7,220.79,12397,21
run_8,220.79,12181,23
run_9,220.79,11920,23
run_10,220.79,12651,20
run_1,220.82,11829,22
run_2,220.82,11814,25
run_3,220.82,12302,22
run_4,220.82,12660,21
run_5,220.82,13957,19
run_6,220.82,12932,23
run_7,220.82,12397,21
run_8,220.82,12181,23
run_9,220.82,11920,23
run_10,220.82,12651,20
run_1,220.86,11829,22
run_2,220.86,11814,25
run_3,220.86,12302,22
run_4,220.86,12660,21
run_5,220.86,13957,19
run_6,220.86,12932,23
run_7,220.86,12437,21
run_8,220.86,12181,23
run_9,220.86,11920,23
run_10,220.86,12651,20
run_1,221.14,11829,22
run_2,221.14,11814,25
run_3,221.14,12362,22
run_4,221.14,12660,21
run_5,221.14,13957,19
run_6,221.14,12932,23
run_7,221.14,12437,21
run_8,221.14,12181,23
run_9,221.14,11920,23
run_10,221.14,12651,20
run_1,221.18,11829,22
run_2,221.18,11814,25
run_3,221.18,12362,22
run_4,221.18,12660,21
run_5,221.18,13957,19
run_6,221.18,12932,23
run_7,221.18,12437,21
run_8,221.18,12181,23
run_9,221.18,11920,23
run_10,221.18,12671,20
run_1,221.31,11829,22
run_2,221.31,11814,25
run_3,221.31,12362,22
run_4,221.31,12684,21
run_5,221.31,13957,19
run_6,221.31,12932,23
run_7,221.31,12437,21
run_8,221.31,12181,23
run_9,221.31,11920,23
run_10,221.31,12671,20
run_1,221.69,11829,22
run_2,221.69,11814,25
run_3,221.69,12362,22
run_4,221.69,12684,21
run_5,221.69,13957,19
run_6,221.69,13020,23
run_7,221.69,12437,21
run_8,221.69,12181,23
run_9,221.69,11920,23
run_10,221.69,12671,20
run_1,221.78,11829,22
run_2,221.78,11814,25
run_3,221.78,12362,22
run_4,221.78,12684,21
run_5,221.78,14025,19
run_6,221.78,13020,23
run_7,221.78,12437,21
run_8,221.78,12181,23
run_9,221.78,11920,23
run_10,221.78,12671,20
run_1,221.82,11829,22
run_2,221.82,11814,25
run_3,221.82,12362,22
run_4,221.82,12684,21
run_5,221.82,14025,19
run_6,221.82,13020,23
run_7,221.82,12437,21
run_8,221.82,12181,23
run_9,221.82,11972,23
run_10,221.82,12671,20
run_1,221.91,11829,22
run_2,221.91,11814,25
run_3,221.91,12362,22
run_4,221.91,12684,21
run_5,221.91,14025,19
run_6,221.91,13020,23
run_7,221.91,12437,21
run_8,221.91,12225,23
run_9,221.91,11972,23
run_10,221.91,12671,20
run_1,222,11861,22
run_2,222,11814,25
run_3,222,12362,22
run_4,222,12684,21
run_5,222,14025,19
run_6,222,13020,23
run_7,222,12437,21
run_8,222,12225,23
run_9,222,11972,23
run_10,222,12671,20
run_1,222.03,11861,22
run_2,222.03,11870,25
run_3,222.03,12362,22
run_4,222.03,12684,21
run_5,222.03,14025,19
run_6,222.03,13020,23
run_7,222.03,12437,21
run_8,222.03,12225,23
run_9,222.03,11972,23
run_10,222.03,12671,20
run_1,222.09,11861,22
run_2,222.09,11870,25
run_3,222.09,12362,22
run_4,222.09,12684,21
run_5,222.09,14025,19
run_6,222.09,13020,23
run_7,222.09,12473,21
run_8,222.09,12225,23
run_9,222.09,11972,23
run_10,222.09,12671,20
run_1,222.27,11861,22
run_2,222.27,11870,25
run_3,222.27,12362,22
run_4,222.27,12684,21
run_5,222.27,14025,19
run_6,222.27,13020,23
run_7,222.27,12473,21
run_8,222.27,12225,23
run_9,222.27,11972,23
run_10,222.27,12707,20
run_1,222.29,11861,22
run_2,222.29,11870,25
run_3,222.29,12422,22
run_4,222.29,12684,21
run_5,222.29,14025,19
run_6,222.29,13020,23
run_7,222.29,12473,21
run_8,222.29,12225,23
run_9,222.29,11972,23
run_10,222.29,12707,20
run_1,222.44,11861,22
run_2,222.44,11870,25
run_3,222.44,12422,22
run_4,222.44,12716,21
run_5,222.44,14025,19
run_6,222.44,13020,23
run_7,222.44,12473,21
run_8,222.44,12225,23
run_9,222.44,11972,23
run_10,222.44,12707,20
run_1,222.86,11861,22
run_2,222.86,11870,25
run_3,222.86,12422,22
run_4,222.86,12716,21
run_5,222.86,14093,19
run_6,222.86,13080,23
run_7,222.86,12473,21
run_8,222.86,12225,23
run_9,222.86,11972,23
run_10,222.86,12707,20
run_1,223.01,11861,22
run_2,223.01,11870,25
run_3,223.01,12422,22
run_4,223.01,12716,21
run_5,223.01,14093,19
run_6,223.01,13080,23
run_7,223.01,12473,21
run_8,223.01,12225,23
run_9,223.01,12012,23
run_10,223.01,12707,20
run_1,223.22,11861,22
run_2,223.22,11870,25
run_3,223.22,12422,22
run_4,223.22,12716,21
run_5,223.22,14093,19
run_6,223.22,13080,23
run_7,223.22,12473,21
run_8,223.22,12249,23
run_9,223.22,12012,23
run_10,223.22,12707,20
run_1,223.27,11861,22
run_2,223.27,11870,25
run_3,223.27,12422,22
run_4,223.27,12716,21
run_5,223.27,14093,19
run_6,223.27,13080,23
run_7,223.27,12513,21
run_8,223.27,12249,23
run_9,223.27,12012,23
run_10,223.27,12707,20
run_1,223.29,11861,22
run_2,223.29,11946,25
run_3,223.29,12422,22
run_4,223.29,12716,21
run_5,223.29,14093,19
run_6,223.29,13080,23
run_7,223.29,12513,21
run_8,223.29,12249,23
run_9,223.29,12012,23
run_10,223.29,12707,20
run_1,223.37,11861,22
run_2,223.37,11946,25
run_3,223.37,12422,22
run_4,223.37,12716,21
run_5,223.37,14093,19
run_6,223.37,13080,23
run_7,223.37,12513,21
run_8,223.37,12249,23
run_9,223.37,12012,23
run_10,223.37,12747,20
run_1,223.39,11861,22
run_2,223.39,11946,25
run_3,223.39,12454,22
run_4,223.39,12716,21
run_5,223.39,14093,19
run_6,223.39,13080,23
run_7,223.39,12513,21
run_8,223.39,12249,23
run_9,223.39,12012,23
run_10,223.39,12747,20
run_1,223.49,11901,22
run_2,223.49,11946,25
run_3,223.49,12454,22
run_4,223.49,12716,21
run_5,223.49,14093,19
run_6,223.49,13080,23
run_7,223.49,12513,21
run_8,223.49,12249,23
run_9,223.49,12012,23
run_10,223.49,12747,20
run_1,223.63,11901,22
run_2,223.63,11946,25
run_3,223.63,12454,22
run_4,223.63,12768,21
run_5,223.63,14093,19
run_6,223.63,13080,23
run_7,223.63,12513,21
run_8,223.63,12249,23
run_9,223.63,12012,23
run_10,223.63,12747,20
run_1,223.87,11901,22
run_2,223.87,11946,25
run_3,223.87,12454,22
run_4,223.87,12768,21
run_5,223.87,14149,19
run_6,223.87,13080,23
run_7,223.87,12513,21
run_8,223.87,12249,23
run_9,223.87,12012,23
run_10,223.87,12747,20
run_1,224.01,11901,22
run_2,224.01,11946,25
run_3,224.01,12454,22
run_4,224.01,12768,21
run_5,224.01,14149,19
run_6,224.01,13112,23
run_7,224.01,12513,21
run_8,224.01,12249,23
run_9,224.01,12012,23
run_10,224.01,12747,20
run_1,224.18,11901,22
run_2,224.18,11946,25
run_3,224.18,12454,22
run_4,224.18,12768,21
run_5,224.18,14149,19
run_6,224.18,13112,23
run_7,224.18,12513,21
run_8,224.18,12249,23
run_9,224.18,12056,23
run_10,224.18,12747,20
run_1,224.48,11901,22
run_2,224.48,11978,25
run_3,224.48,12454,22
run_4,224.48,12768,21
run_5,224.48,14149,19
run_6,224.48,13112,23
run_7,224.48,12513,21
run_8,224.48,12301,23
run_9,224.48,12056,23
run_10,224.48,12747,20
run_1,224.52,11901,22
run_2,224.52,11978,25
run_3,224.52,12454,22
run_4,224.52,12768,21
run_5,224.52,14149,19
run_6,224.52,13112,23
run_7,224.52,12549,21
run_8,224.52,12301,23
run_9,224.52,12056,23
run_10,224.52,12747,20
run_1,224.73,11901,22
run_2,224.73,11978,25
run_3,224.73,12526,22
run_4,224.73,12768,21
run_5,224.73,14149,19
run_6,224.73,13112,23
run_7,224.73,12549,21
run_8,224.73,12301,23
run_9,224.73,12056,23
run_10,224.73,12747,20
run_1,224.78,11961,22
run_2,224.78,11978,25
run_3,224.78,12526,22
run_4,224.78,12768,21
run_5,224.78,14149,19
run_6,224.78,13112,23
run_7,224.78,12549,21
run_8,224.78,12301,23
run_9,224.78,12056,23
run_10,224.78,12747,20
run_1,224.8,11961,22
run_2,224.8,11978,25
run_3,224.8,12526,22
run_4,224.8,12768,21
run_5,224.8,14149,19
run_6,224.8,13112,23
run_7,224.8,12549,21
run_8,224.8,12301,23
run_9,224.8,12056,23
run_10,224.8,12795,20
run_1,224.83,11961,22
run_2,224.83,11978,25
run_3,224.83,12526,22
run_4,224.83,12788,21
run_5,224.83,14149,19
run_6,224.83,13112,23
run_7,224.83,12549,21
run_8,224.83,12301,23
run_9,224.83,12056,23
run_10,224.83,12795,20
run_1,224.96,11961,22
run_2,224.96,11978,25
run_3,224.96,12526,22
run_4,224.96,12788,21
run_5,224.96,14189,19
run_6,224.96,13112,23
run_7,224.96,12549,21
run_8,224.96,12301,23
run_9,224.96,12056,23
run_10,224.96,12795,20
run_1,225.21,11961,22
run_2,225.21,11978,25
run_3,225.21,12526,22
run_4,225.21,12788,21
run_5,225.21,14189,19
run_6,225.21,13156,23
run_7,225.21,12549,21
run_8,225.21,12301,23
run_9,225.21,12056,23
run_10,225.21,12795,20
run_1,225.36,11961,22
run_2,225.36,11978,25
run_3,225.36,12526,22
run_4,225.36,12788,21
run_5,225.36,14189,19
run_6,225.36,13156,23
run_7,225.36,12549,21
run_8,225.36,12301,23
run_9,225.36,12108,23
run_10,225.36,12795,20
run_1,225.66,11961,22
run_2,225.66,11978,25
run_3,225.66,12526,22
run_4,225.66,12788,21
run_5,225.66,14189,19
run_6,225.66,13156,23
run_7,225.66,12549,21
run_8,225.66,12337,23
run_9,225.66,12108,23
run_10,225.66,12795,20
run_1,225.73,11961,22
run_2,225.73,12018,25
run_3,225.73,12526,22
run_4,225.73,12788,21
run_5,225.73,14189,19
run_6,225.73,13156,23
run_7,225.73,12549,21
run_8,225.73,12337,23
run_9,225.73,12108,23
run_10,225.73,12795,20
run_1,225.74,11961,22
run_2,225.74,12018,25
run_3,225.74,12526,22
run_4,225.74,12788,21
run_5,225.74,14189,19
run_6,225.74,13156,23
run_7,225.74,12573,21
run_8,225.74,12337,23
run_9,225.74,12108,23
run_10,225.74,12795,20
run_1,225.92,11961,22
run_2,225.92,12018,25
run_3,225.92,12526,22
run_4,225.92,12788,21
run_5,225.92,14189,19
run_6,225.92,13156,23
run_7,225.92,12573,21
run_8,225.92,12337,23
run_9,225.92,12108,23
run_10,225.92,12827,20
run_1,225.99,11993,22
run_2,225.99,12018,25
run_3,225.99,12526,22
run_4,225.99,12788,21
run_5,225.99,14189,19
run_6,225.99,13156,23
run_7,225.99,12573,21
run_8,225.99,12337,23
run_9,225.99,12108,23
run_10,225.99,12827,20
run_1,226.05,11993,22
run_2,226.05,12018,25
run_3,226.05,12526,22
run_4,226.05,12788,21
run_5,226.05,14233,19
run_6,226.05,13156,23
run_7,226.05,12573,21
run_8,226.05,12337,23
run_9,226.05,12108,23
run_10,226.05,12827,20
run_1,226.14,11993,22
run_2,226.14,12018,25
run_3,226.14,12570,22
run_4,226.14,12788,21
run_5,226.14,14233,19
run_6,226.14,13156,23
run_7,226.14,12573,21
run_8,226.14,12337,23
run_9,226.14,12108,23
run_10,226.14,12827,20
run_1,226.37,11993,22
run_2,226.37,12018,25
run_3,226.37,12570,22
run_4,226.37,12828,21
run_5,226.37,14233,19
run_6,226.37,13156,23
run_7,226.37,12573,21
run_8,226.37,12337,23
run_9,226.37,12108,23
run_10,226.37,12827,20
run_1,226.4,11993,22
run_2,226.4,12018,25
run_3,226.4,12570,22
run_4,226.4,12828,21
run_5,226.4,14233,19
run_6,226.4,13212,23
run_7,226.4,12573,21
run_8,226.4,12337,23
run_9,226.4,12108,23
run_10,226.4,12827,20
run_1,226.6,11993,22
run_2,226.6,12018,25
run_3,226.6,12570,22
run_4,226.6,12828,21
run_5,226.6,14233,19
run_6,226.6,13212,23
run_7,226.6,12573,21
run_8,226.6,12337,23
run_9,226.6,12164,23
run_10,226.6,12827,20
run_1,226.81,11993,22
run_2,226.81,12070,25
run_3,226.81,12570,22
run_4,226.81,12828,21
run_5,226.81,14233,19
run_6,226.81,13212,23
run_7,226.81,12573,21
run_8,226.81,12337,23
run_9,226.81,12164,23
run_10,226.81,12827,20
run_1,226.89,11993,22
run_2,226.89,12070,25
run_3,226.89,12570,22
run_4,226.89,12828,21
run_5,226.89,14233,19
run_6,226.89,13212,23
run_7,226.89,12573,21
run_8,226.89,12385,23
run_9,226.89,12164,23
run_10,226.89,12827,20
run_1,226.93,11993,22
run_2,226.93,12070,25
run_3,226.93,12570,22
run_4,226.93,12828,21
run_5,226.93,14233,19
run_6,226.93,13212,23
run_7,226.93,12605,21
run_8,226.93,12385,23
run_9,226.93,12164,23
run_10,226.93,12827,20
run_1,227,11993,22
run_2,227,12070,25
run_3,227,12570,22
run_4,227,12828,21
run_5,227,14233,19
run_6,227,13212,23
run_7,227,12605,21
run_8,227,12385,23
run_9,227,12164,23
run_10,227,12879,20
run_1,227.11,11993,22
run_2,227.11,12070,25
run_3,227.11,12570,22
run_4,227.11,12828,21
run_5,227.11,14289,19
run_6,227.11,13212,23
run_7,227.11,12605,21
run_8,227.11,12385,23
run_9,227.11,12164,23
run_10,227.11,12879,20
run_1,227.18,12049,22
run_2,227.18,12070,25
run_3,227.18,12570,22
run_4,227.18,12828,21
run_5,227.18,14289,19
run_6,227.18,13212,23
run_7,227.18,12605,21
run_8,227.18,12385,23
run_9,227.18,12164,23
run_10,227.18,12879,20
run_1,227.44,12049,22
run_2,227.44,12070,25
run_3,227.44,12606,22
run_4,227.44,12828,21
run_5,227.44,14289,19
run_6,227.44,13212,23
run_7,227.44,12605,21
run_8,227.44,12385,23
run_9,227.44,12164,23
run_10,227.44,12879,20
run_1,227.58,12049,22
run_2,227.58,12070,25
run_3,227.58,12606,22
run_4,227.58,12828,21
run_5,227.58,14289,19
run_6,227.58,13264,23
run_7,227.58,12605,21
run_8,227.58,12385,23
run_9,227.58,12164,23
run_10,227.58,12879,20
run_1,227.73,12049,22
run_2,227.73,12070,25
run_3,227.73,12606,22
run_4,227.73,12860,21
run_5,227.73,14289,19
run_6,227.73,13264,23
run_7,227.73,12605,21
run_8,227.73,12385,23
run_9,227.73,12164,23
run_10,227.73,12879,20
run_1,227.76,12049,22
run_2,227.76,12070,25
run_3,227.76,12606,22
run_4,227.76,12860,21
run_5,227.76,14289,19
run_6,227.76,13264,23
run_7,227.76,12605,21
run_8,227.76,12385,23
run_9,227.76,12196,23
run_10,227.76,12879,20
run_1,227.95,12049,22
run_2,227.95,12130,25
run_3,227.95,12606,22
run_4,227.95,12860,21
run_5,227.95,14289,19
run_6,227.95,13264,23
run_7,227.95,12605,21
run_8,227.95,12385,23
run_9,227.95,12196,23
run_10,227.95,12879,20
run_1,228.1,12049,22
run_2,228.1,12130,25
run_3,228.1,12606,22
run_4,228.1,12860,21
run_5,228.1,14289,19
run_6,228.1,13264,23
run_7,228.1,12653,21
run_8,228.1,12385,23
run_9,228.1,12196,23
run_10,228.1,12879,20
run_1,228.15,12049,22
run_2,228.15,12130,25
run_3,228.15,12606,22
run_4,228.15,12860,21
run_5,228.15,14353,19
run_6,228.15,13264,23
run_7,228.15,12653,21
run_8,228.15,12385,23
run_9,228.15,12196,23
run_10,228.15,12879,20
run_1,228.18,12049,22
run_2,228.18,12130,25
run_3,228.18,12606,22
run_4,228.18,12860,21
run_5,228.18,14353,19
run_6,228.18,13264,23
run_7,228.18,12653,21
run_8,228.18,12385,23
run_9,228.18,12196,23
run_10,228.18,12939,20
run_1,228.35,12049,22
run_2,228.35,12130,25
run_3,228.35,12606,22
run_4,228.35,12860,21
run_5,228.35,14353,19
run_6,228.35,13264,23
run_7,228.35,12653,21
run_8,228.35,12437,23
run_9,228.35,12196,23
run_10,228.35,12939,20
run_1,228.42,12101,22
run_2,228.42,12130,25
run_3,228.42,12606,22
run_4,228.42,12860,21
run_5,228.42,14353,19
run_6,228.42,13264,23
run_7,228.42,12653,21
run_8,228.42,12437,23
run_9,228.42,12196,23
run_10,228.42,12939,20
run_1,228.57,12101,22
run_2,228.57,12130,25
run_3,228.57,12646,22
run_4,228.57,12860,21
run_5,228.57,14353,19
run_6,228.57,13264,23
run_7,228.57,12653,21
run_8,228.57,12437,23
run_9,228.57,12196,23
run_10,228.57,12939,20
run_1,228.88,12101,22
run_2,228.88,12130,25
run_3,228.88,12646,22
run_4,228.88,12860,21
run_5,228.88,14353,19
run_6,228.88,13292,23
run_7,228.88,12653,21
run_8,228.88,12437,23
run_9,228.88,12196,23
run_10,228.88,12939,20
run_1,228.96,12101,22
run_2,228.96,12130,25
run_3,228.96,12646,22
run_4,228.96,12860,21
run_5,228.96,14353,19
run_6,228.96,13292,23
run_7,228.96,12653,21
run_8,228.96,12437,23
run_9,228.96,12232,23
run_10,228.96,12939,20
run_1,228.99,12101,22
run_2,228.99,12130,25
run_3,228.99,12646,22
run_4,228.99,12916,21
run_5,228.99,14353,19
run_6,228.99,13292,23
run_7,228.99,12653,21
run_8,228.99,12437,23
run_9,228.99,12232,23
run_10,228.99,12939,20
run_1,229.03,12101,22
run_2,229.03,12174,25
run_3,229.03,12646,22
run_4,229.03,12916,21
run_5,229.03,14353,19
run_6,229.03,13292,23
run_7,229.03,12653,21
run_8,229.03,12437,23
run_9,229.03,12232,23
run_10,229.03,12939,20
run_1,229.18,12101,22
run_2,229.18,12174,25
run_3,229.18,12646,22
run_4,229.18,12916,21
run_5,229.18,14433,19
run_6,229.18,13292,23
run_7,229.18,12653,21
run_8,229.18,12437,23
run_9,229.18,12232,23
run_10,229.18,12939,20
run_1,229.26,12101,22
run_2,229.26,12174,25
run_3,229.26,12646,22
run_4,229.26,12916,21
run_5,229.26,14433,19
run_6,229.26,13292,23
run_7,229.26,12689,21
run_8,229.26,12437,23
run_9,229.26,12232,23
run_10,229.26,12939,20
run_1,229.27,12101,22
run_2,229.27,12174,25
run_3,229.27,12646,22
run_4,229.27,12916,21
run_5,229.27,14433,19
run_6,229.27,13292,23
run_7,229.27,12689,21
run_8,229.27,12437,23
run_9,229.27,12232,23
run_10,229.27,12967,20
run_1,229.54,12101,22
run_2,229.54,12174,25
run_3,229.54,12646,22
run_4,229.54,12916,21
run_5,229.54,14433,19
run_6,229.54,13292,23
run_7,229.54,12689,21
run_8,229.54,12465,23
run_9,229.54,12232,23
run_10,229.54,12967,20
run_1,229.62,12137,22
run_2,229.62,12174,25
run_3,229.62,12646,22
run_4,229.62,12916,21
run_5,229.62,14433,19
run_6,229.62,13292,23
run_7,229.62,12689,21
run_8,229.62,12465,23
run_9,229.62,12232,23
run_10,229.62,12967,20
run_1,230.12,12137,22
run_2,230.12,12174,25
run_3,230.12,12646,22
run_4,230.12,12916,21
run_5,230.12,14433,19
run_6,230.12,13328,23
run_7,230.12,12689,21
run_8,230.12,12465,23
run_9,230.12,12232,23
run_10,230.12,12967,20
run_1,230.13,12137,22
run_2,230.13,12174,25
run_3,230.13,12686,22
run_4,230.13,12916,21
run_5,230.13,14433,19
run_6,230.13,13328,23
run_7,230.13,12689,21
run_8,230.13,12465,23
run_9,230.13,12232,23
run_10,230.13,12967,20
run_1,230.19,12137,22
run_2,230.19,12174,25
run_3,230.19,12686,22
run_4,230.19,12916,21
run_5,230.19,14433,19
run_6,230.19,13328,23
run_7,230.19,12689,21
run_8,230.19,12465,23
run_9,230.19,12268,23
run_10,230.19,12967,20
run_1,230.2,12137,22
run_2,230.2,12174,25
run_3,230.2,12686,22
run_4,230.2,12916,21
run_5,230.2,14477,19
run_6,230.2,13328,23
run_7,230.2,12689,21
run_8,230.2,12465,23
run_9,230.2,12268,23
run_10,230.2,12967,20
run_1,230.21,12137,22
run_2,230.21,12218,25
run_3,230.21,12686,22
run_4,230.21,12916,21
run_5,230.21,14477,19
run_6,230.21,13328,23
run_7,230.21,12689,21
run_8,230.21,12465,23
run_9,230.21,12268,23
run_10,230.21,12967,20
run_1,230.28,12137,22
run_2,230.28,12218,25
run_3,230.28,12686,22
run_4,230.28,12992,21
run_5,230.28,14477,19
run_6,230.28,13328,23
run_7,230.28,12689,21
run_8,230.28,12465,23
run_9,230.28,12268,23
run_10,230.28,12967,20
run_1,230.3,12137,22
run_2,230.3,12218,25
run_3,230.3,12686,22
run_4,230.3,12992,21
run_5,230.3,14477,19
run_6,230.3,13328,23
run_7,230.3,12689,21
run_8,230.3,12465,23
run_9,230.3,12268,23
run_10,230.3,13015,20
run_1,230.52,12137,22
run_2,230.52,12218,25
run_3,230.52,12686,22
run_4,230.52,12992,21
run_5,230.52,14477,19
run_6,230.52,13328,23
run_7,230.52,12733,21
run_8,230.52,12465,23
run_9,230.52,12268,23
run_10,230.52,13015,20
run_1,230.71,12137,22
run_2,230.71,12218,25
run_3,230.71,12686,22
run_4,230.71,12992,21
run_5,230.71,14477,19
run_6,230.71,13328,23
run_7,230.71,12733,21
run_8,230.71,12485,23
run_9,230.71,12268,23
run_10,230.71,13015,20
run_1,230.8,12193,22
run_2,230.8,12218,25
run_3,230.8,12686,22
run_4,230.8,12992,21
run_5,230.8,14477,19
run_6,230.8,13328,23
run_7,230.8,12733,21
run_8,230.8,12485,23
run_9,230.8,12268,23
run_10,230.8,13015,20
run_1,231.21,12193,22
run_2,231.21,12218,25
run_3,231.21,12686,22
run_4,231.21,12992,21
run_5,231.21,14561,19
run_6,231.21,13328,23
run_7,231.21,12733,21
run_8,231.21,12485,23
run_9,231.21,12268,23
run_10,231.21,13015,20
run_1,231.29,12193,22
run_2,231.29,12218,25
run_3,231.29,12686,22
run_4,231.29,12992,21
run_5,231.29,14561,19
run_6,231.29,13380,23
run_7,231.29,12733,21
run_8,231.29,12485,23
run_9,231.29,12268,23
run_10,231.29,13015,20
run_1,231.31,12193,22
run_2,231.31,12218,25
run_3,231.31,12686,22
run_4,231.31,12992,21
run_5,231.31,14561,19
run_6,231.31,13380,23
run_7,231.31,12733,21
run_8,231.31,12485,23
run_9,231.31,12268,23
run_10,231.31,13047,20
run_1,231.35,12193,22
run_2,231.35,12218,25
run_3,231.35,12686,22
run_4,231.35,12992,21
run_5,231.35,14561,19
run_6,231.35,13380,23
run_7,231.35,12733,21
run_8,231.35,12485,23
run_9,231.35,12312,23
run_10,231.35,13047,20
run_1,231.43,12193,22
run_2,231.43,12218,25
run_3,231.43,12742,22
run_4,231.43,12992,21
run_5,231.43,14561,19
run_6,231.43,13380,23
run_7,231.43,12733,21
run_8,231.43,12485,23
run_9,231.43,12312,23
run_10,231.43,13047,20
run_1,231.54,12193,22
run_2,231.54,12218,25
run_3,231.54,12742,22
run_4,231.54,13032,21
run_5,231.54,14561,19
run_6,231.54,13380,23
run_7,231.54,12733,21
run_8,231.54,12485,23
run_9,231.54,12312,23
run_10,231.54,13047,20
run_1,231.65,12193,22
run_2,231.65,12234,25
run_3,231.65,12742,22
run_4,231.65,13032,21
run_5,231.65,14561,19
run_6,231.65,13380,23
run_7,231.65,12733,21
run_8,231.65,12485,23
run_9,231.65,12312,23
run_10,231.65,13047,20
run_1,231.7,12193,22
run_2,231.7,12234,25
run_3,231.7,12742,22
run_4,231.7,13032,21
run_5,231.7,14561,19
run_6,231.7,13380,23
run_7,231.7,12785,21
run_8,231.7,12485,23
run_9,231.7,12312,23
run_10,231.7,13047,20
run_1,231.96,12193,22
run_2,231.96,12234,25
run_3,231.96,12742,22
run_4,231.96,13032,21
run_5,231.96,14561,19
run_6,231.96,13380,23
run_7,231.96,12785,21
run_8,231.96,12529,23
run_9,231.96,12312,23
run_10,231.96,13047,20
run_1,232.02,12253,22
run_2,232.02,12234,25
run_3,232.02,12742,22
run_4,232.02,13032,21
run_5,232.02,14561,19
run_6,232.02,13380,23
run_7,232.02,12785,21
run_8,232.02,12529,23
run_9,232.02,12312,23
run_10,232.02,13047,20
run_1,232.3,12253,22
run_2,232.3,12234,25
run_3,232.3,12742,22
run_4,232.3,13032,21
run_5,232.3,14613,19
run_6,232.3,13380,23
run_7,232.3,12785,21
run_8,232.3,12529,23
run_9,232.3,12312,23
run_10,232.3,13047,20
run_1,232.45,12253,22
run_2,232.45,12234,25
run_3,232.45,12742,22
run_4,232.45,13032,21
run_5,232.45,14613,19
run_6,232.45,13380,23
run_7,232.45,12785,21
run_8,232.45,12529,23
run_9,232.45,12312,23
run_10,232.45,13095,20
run_1,232.57,12253,22
run_2,232.57,12234,25
run_3,232.57,12742,22
run_4,232.57,13032,21
run_5,232.57,14613,19
run_6,232.57,13420,23
run_7,232.57,12785,21
run_8,232.57,12529,23
run_9,232.57,12312,23
run_10,232.57,13095,20
run_1,232.58,12253,22
run_2,232.58,12234,25
run_3,232.58,12742,22
run_4,232.58,13032,21
run_5,232.58,14613,19
run_6,232.58,13420,23
run_7,232.58,12785,21
run_8,232.58,12529,23
run_9,232.58,12348,23
run_10,232.58,13095,20
run_1,232.62,12253,22
run_2,232.62,12234,25
run_3,232.62,12786,22
run_4,232.62,13032,21
run_5,232.62,14613,19
run_6,232.62,13420,23
run_7,232.62,12785,21
run_8,232.62,12529,23
run_9,232.62,12348,23
run_10,232.62,13095,20
run_1,232.76,12253,22
run_2,232.76,12234,25
run_3,232.76,12786,22
run_4,232.76,13084,21
run_5,232.76,14613,19
run_6,232.76,13420,23
run_7,232.76,12785,21
run_8,232.76,12529,23
run_9,232.76,12348,23
run_10,232.76,13095,20
run_1,232.86,12253,22
run_2,232.86,12310,25
run_3,232.86,12786,22
run_4,232.86,13084,21
run_5,232.86,14613,19
run_6,232.86,13420,23
run_7,232.86,12785,21
run_8,232.86,12529,23
run_9,232.86,12348,23
run_10,232.86,13095,20
run_1,232.93,12253,22
run_2,232.93,12310,25
run_3,232.93,12786,22
run_4,232.93,13084,21
run_5,232.93,14613,19
run_6,232.93,13420,23
run_7,232.93,12837,21
run_8,232.93,12529,23
run_9,232.93,12348,23
run_10,232.93,13095,20
run_1,233.26,12285,22
run_2,233.26,12310,25
run_3,233.26,12786,22
run_4,233.26,13084,21
run_5,233.26,14613,19
run_6,233.26,13420,23
run_7,233.26,12837,21
run_8,233.26,12529,23
run_9,233.26,12348,23
run_10,233.26,13095,20
run_1,233.37,12285,22
run_2,233.37,12310,25
run_3,233.37,12786,22
run_4,233.37,13084,21
run_5,233.37,14653,19
run_6,233.37,13420,23
run_7,233.37,12837,21
run_8,233.37,12529,23
run_9,233.37,12348,23
run_10,233.37,13095,20
run_1,233.39,12285,22
run_2,233.39,12310,25
run_3,233.39,12786,22
run_4,233.39,13084,21
run_5,233.39,14653,19
run_6,233.39,13420,23
run_7,233.39,12837,21
run_8,233.39,12569,23
run_9,233.39,12348,23
run_10,233.39,13095,20
run_1,233.73,12285,22
run_2,233.73,12310,25
run_3,233.73,12786,22
run_4,233.73,13084,21
run_5,233.73,14653,19
run_6,233.73,13464,23
run_7,233.73,12837,21
run_8,233.73,12569,23
run_9,233.73,12348,23
run_10,233.73,13095,20
run_1,233.79,12285,22
run_2,233.79,12310,25
run_3,233.79,12838,22
run_4,233.79,13084,21
run_5,233.79,14653,19
run_6,233.79,13464,23
run_7,233.79,12837,21
run_8,233.79,12569,23
run_9,233.79,12360,23
run_10,233.79,13095,20
run_1,233.95,12285,22
run_2,233.95,12358,25
run_3,233.95,12838,22
run_4,233.95,13084,21
run_5,233.95,14653,19
run_6,233.95,13464,23
run_7,233.95,12837,21
run_8,233.95,12569,23
run_9,233.95,12360,23
run_10,233.95,13095,20
run_1,234.06,12285,22
run_2,234.06,12358,25
run_3,234.06,12838,22
run_4,234.06,13084,21
run_5,234.06,14653,19
run_6,234.06,13464,23
run_7,234.06,12889,21
run_8,234.06,12569,23
run_9,234.06,12360,23
run_10,234.06,13095,20
run_1,234.08,12285,22
run_2,234.08,12358,25
run_3,234.08,12838,22
run_4,234.08,13084,21
run_5,234.08,14653,19
run_6,234.08,13464,23
run_7,234.08,12889,21
run_8,234.08,12569,23
run_9,234.08,12360,23
run_10,234.08,13139,20
run_1,234.23,12285,22
run_2,234.23,12358,25
run_3,234.23,12838,22
run_4,234.23,13120,21
run_5,234.23,14653,19
run_6,234.23,13464,23
run_7,234.23,12889,21
run_8,234.23,12569,23
run_9,234.23,12360,23
run_10,234.23,13139,20
run_1,234.46,12285,22
run_2,234.46,12358,25
run_3,234.46,12838,22
run_4,234.46,13120,21
run_5,234.46,14689,19
run_6,234.46,13464,23
run_7,234.46,12889,21
run_8,234.46,12569,23
run_9,234.46,12360,23
run_10,234.46,13139,20
run_1,234.6,12285,22
run_2,234.6,12358,25
run_3,234.6,12838,22
run_4,234.6,13120,21
run_5,234.6,14689,19
run_6,234.6,13464,23
run_7,234.6,12889,21
run_8,234.6,12589,23
run_9,234.6,12360,23
run_10,234.6,13139,20
run_1,234.71,12321,22
run_2,234.71,12358,25
run_3,234.71,12838,22
run_4,234.71,13120,21
run_5,234.71,14689,19
run_6,234.71,13464,23
run_7,234.71,12889,21
run_8,234.71,12589,23
run_9,234.71,12360,23
run_10,234.71,13139,20
run_1,234.88,12321,22
run_2,234.88,12358,25
run_3,234.88,12906,22
run_4,234.88,13120,21
run_5,234.88,14689,19
run_6,234.88,13464,23
run_7,234.88,12889,21
run_8,234.88,12589,23
run_9,234.88,12360,23
run_10,234.88,13139,20
run_1,234.94,12321,22
run_2,234.94,12358,25
run_3,234.94,12906,22
run_4,234.94,13120,21
run_5,234.94,14689,19
run_6,234.94,13516,23
run_7,234.94,12889,21
run_8,234.94,12589,23
run_9,234.94,12360,23
run_10,234.94,13139,20
run_1,234.98,12321,22
run_2,234.98,12358,25
run_3,234.98,12906,22
run_4,234.98,13120,21
run_5,234.98,14689,19
run_6,234.98,13516,23
run_7,234.98,12889,21
run_8,234.98,12589,23
run_9,234.98,12408,23
run_10,234.98,13139,20
run_1,235.05,12321,22
run_2,235.05,12406,25
run_3,235.05,12906,22
run_4,235.05,13120,21
run_5,235.05,14689,19
run_6,235.05,13516,23
run_7,235.05,12889,21
run_8,235.05,12589,23
run_9,235.05,12408,23
run_10,235.05,13139,20
run_1,235.26,12321,22
run_2,235.26,12406,25
run_3,235.26,12906,22
run_4,235.26,13120,21
run_5,235.26,14689,19
run_6,235.26,13516,23
run_7,235.26,12889,21
run_8,235.26,12589,23
run_9,235.26,12408,23
run_10,235.26,13183,20
run_1,235.27,12321,22
run_2,235.27,12406,25
run_3,235.27,12906,22
run_4,235.27,13120,21
run_5,235.27,14689,19
run_6,235.27,13516,23
run_7,235.27,12937,21
run_8,235.27,12589,23
run_9,235.27,12408,23
run_10,235.27,13183,20
run_1,235.51,12321,22
run_2,235.51,12406,25
run_3,235.51,12906,22
run_4,235.51,13120,21
run_5,235.51,14741,19
run_6,235.51,13516,23
run_7,235.51,12937,21
run_8,235.51,12589,23
run_9,235.51,12408,23
run_10,235.51,13183,20
run_1,235.78,12321,22
run_2,235.78,12406,25
run_3,235.78,12906,22
run_4,235.78,13120,21
run_5,235.78,14741,19
run_6,235.78,13516,23
run_7,235.78,12937,21
run_8,235.78,12637,23
run_9,235.78,12408,23
run_10,235.78,13183,20
run_1,235.99,12377,22
run_2,235.99,12406,25
run_3,235.99,12906,22
run_4,235.99,13120,21
run_5,235.99,14741,19
run_6,235.99,13516,23
run_7,235.99,12937,21
run_8,235.99,12637,23
run_9,235.99,12408,23
run_10,235.99,13183,20
run_1,236.01,12377,22
run_2,236.01,12406,25
run_3,236.01,12906,22
run_4,236.01,13168,21
run_5,236.01,14741,19
run_6,236.01,13516,23
run_7,236.01,12937,21
run_8,236.01,12637,23
run_9,236.01,12408,23
run_10,236.01,13183,20
run_1,236.02,12377,22
run_2,236.02,12442,25
run_3,236.02,12906,22
run_4,236.02,13168,21
run_5,236.02,14741,19
run_6,236.02,13516,23
run_7,236.02,12937,21
run_8,236.02,12637,23
run_9,236.02,12408,23
run_10,236.02,13183,20
run_1,236.13,12377,22
run_2,236.13,12442,25
run_3,236.13,12938,22
run_4,236.13,13168,21
run_5,236.13,14741,19
run_6,236.13,13556,23
run_7,236.13,12937,21
run_8,236.13,12637,23
run_9,236.13,12408,23
run_10,236.13,13183,20
run_1,236.19,12377,22
run_2,236.19,12442,25
run_3,236.19,12938,22
run_4,236.19,13168,21
run_5,236.19,14741,19
run_6,236.19,13556,23
run_7,236.19,12937,21
run_8,236.19,12637,23
run_9,236.19,12448,23
run_10,236.19,13183,20
run_1,236.44,12377,22
run_2,236.44,12442,25
run_3,236.44,12938,22
run_4,236.44,13168,21
run_5,236.44,14741,19
run_6,236.44,13556,23
run_7,236.44,12993,21
run_8,236.44,12637,23
run_9,236.44,12448,23
run_10,236.44,13183,20
run_1,236.52,12377,22
run_2,236.52,12442,25
run_3,236.52,12938,22
run_4,236.52,13168,21
run_5,236.52,14741,19
run_6,236.52,13556,23
run_7,236.52,12993,21
run_8,236.52,12637,23
run_9,236.52,12448,23
run_10,236.52,13227,20
run_1,236.69,12377,22
run_2,236.69,12442,25
run_3,236.69,12938,22
run_4,236.69,13168,21
run_5,236.69,14785,19
run_6,236.69,13556,23
run_7,236.69,12993,21
run_8,236.69,12637,23
run_9,236.69,12448,23
run_10,236.69,13227,20
run_1,236.99,12377,22
run_2,236.99,12442,25
run_3,236.99,12938,22
run_4,236.99,13168,21
run_5,236.99,14785,19
run_6,236.99,13556,23
run_7,236.99,12993,21
run_8,236.99,12677,23
run_9,236.99,12448,23
run_10,236.99,13227,20
run_1,237.07,12377,22
run_2,237.07,12490,25
run_3,237.07,12938,22
run_4,237.07,13168,21
run_5,237.07,14785,19
run_6,237.07,13556,23
run_7,237.07,12993,21
run_8,237.07,12677,23
run_9,237.07,12448,23
run_10,237.07,13227,20
run_1,237.23,12429,22
run_2,237.23,12490,25
run_3,237.23,12938,22
run_4,237.23,13168,21
run_5,237.23,14785,19
run_6,237.23,13556,23
run_7,237.23,12993,21
run_8,237.23,12677,23
run_9,237.23,12448,23
run_10,237.23,13227,20
run_1,237.32,12429,22
run_2,237.32,12490,25
run_3,237.32,13002,22
run_4,237.32,13168,21
run_5,237.32,14785,19
run_6,237.32,13556,23
run_7,237.32,12993,21
run_8,237.32,12677,23
run_9,237.32,12448,23
run_10,237.32,13227,20
run_1,237.34,12429,22
run_2,237.34,12490,25
run_3,237.34,13002,22
run_4,237.34,13168,21
run_5,237.34,14785,19
run_6,237.34,13620,23
run_7,237.34,12993,21
run_8,237.34,12677,23
run_9,237.34,12448,23
run_10,237.34,13227,20
run_1,237.46,12429,22
run_2,237.46,12490,25
run_3,237.46,13002,22
run_4,237.46,13168,21
run_5,237.46,14785,19
run_6,237.46,13620,23
run_7,237.46,12993,21
run_8,237.46,12677,23
run_9,237.46,12500,23
run_10,237.46,13227,20
run_1,237.55,12429,22
run_2,237.55,12490,25
run_3,237.55,13002,22
run_4,237.55,13184,21
run_5,237.55,14785,19
run_6,237.55,13620,23
run_7,237.55,12993,21
run_8,237.55,12677,23
run_9,237.55,12500,23
run_10,237.55,13227,20
run_1,237.69,12429,22
run_2,237.69,12490,25
run_3,237.69,13002,22
run_4,237.69,13184,21
run_5,237.69,14785,19
run_6,237.69,13620,23
run_7,237.69,13049,21
run_8,237.69,12677,23
run_9,237.69,12500,23
run_10,237.69,13227,20
run_1,237.93,12429,22
run_2,237.93,12490,25
run_3,237.93,13002,22
run_4,237.93,13184,21
run_5,237.93,14785,19
run_6,237.93,13620,23
run_7,237.93,13049,21
run_8,237.93,12677,23
run_9,237.93,12500,23
run_10,237.93,13259,20
run_1,238.05,12429,22
run_2,238.05,12490,25
run_3,238.05,13002,22
run_4,238.05,13184,21
run_5,238.05,14805,19
run_6,238.05,13620,23
run_7,238.05,13049,21
run_8,238.05,12677,23
run_9,238.05,12500,23
run_10,238.05,13259,20
run_1,238.11,12429,22
run_2,238.11,12514,25
run_3,238.11,13002,22
run_4,238.11,13184,21
run_5,238.11,14805,19
run_6,238.11,13620,23
run_7,238.11,13049,21
run_8,238.11,12677,23
run_9,238.11,12500,23
run_10,238.11,13259,20
run_1,238.24,12429,22
run_2,238.24,12514,25
run_3,238.24,13002,22
run_4,238.24,13184,21
run_5,238.24,14805,19
run_6,238.24,13620,23
run_7,238.24,13049,21
run_8,238.24,12717,23
run_9,238.24,12500,23
run_10,238.24,13259,20
run_1,238.51,12505,22
run_2,238.51,12514,25
run_3,238.51,13002,22
run_4,238.51,13184,21
run_5,238.51,14805,19
run_6,238.51,13620,23
run_7,238.51,13049,21
run_8,238.51,12717,23
run_9,238.51,12500,23
run_10,238.51,13259,20
run_1,238.54,12505,22
run_2,238.54,12514,25
run_3,238.54,13002,22
run_4,238.54,13184,21
run_5,238.54,14805,19
run_6,238.54,13640,23
run_7,238.54,13049,21
run_8,238.54,12717,23
run_9,238.54,12500,23
run_10,238.54,13259,20
run_1,238.62,12505,22
run_2,238.62,12514,25
run_3,238.62,13002,22
run_4,238.62,13184,21
run_5,238.62,14805,19
run_6,238.62,13640,23
run_7,238.62,13049,21
run_8,238.62,12717,23
run_9,238.62,12540,23
run_10,238.62,13259,20
run_1,238.82,12505,22
run_2,238.82,12514,25
run_3,238.82,13054,22
run_4,238.82,13184,21
run_5,238.82,14805,19
run_6,238.82,13640,23
run_7,238.82,13049,21
run_8,238.82,12717,23
run_9,238.82,12540,23
run_10,238.82,13259,20
run_1,238.85,12505,22
run_2,238.85,12514,25
run_3,238.85,13054,22
run_4,238.85,13244,21
run_5,238.85,14805,19
run_6,238.85,13640,23
run_7,238.85,13049,21
run_8,238.85,12717,23
run_9,238.85,12540,23
run_10,238.85,13259,20
run_1,238.91,12505,22
run_2,238.91,12514,25
run_3,238.91,13054,22
run_4,238.91,13244,21
run_5,238.91,14805,19
run_6,238.91,13640,23
run_7,238.91,13089,21
run_8,238.91,12717,23
run_9,238.91,12540,23
run_10,238.91,13259,20
run_1,239.1,12505,22
run_2,239.1,12514,25
run_3,239.1,13054,22
run_4,239.1,13244,21
run_5,239.1,14805,19
run_6,239.1,13640,23
run_7,239.1,13089,21
run_8,239.1,12717,23
run_9,239.1,12540,23
run_10,239.1,13299,20
run_1,239.19,12505,22
run_2,239.19,12570,25
run_3,239.19,13054,22
run_4,239.19,13244,21
run_5,239.19,14805,19
run_6,239.19,13640,23
run_7,239.19,13089,21
run_8,239.19,12717,23
run_9,239.19,12540,23
run_10,239.19,13299,20
run_1,239.25,12505,22
run_2,239.25,12570,25
run_3,239.25,13054,22
run_4,239.25,13244,21
run_5,239.25,14833,19
run_6,239.25,13640,23
run_7,239.25,13089,21
run_8,239.25,12717,23
run_9,239.25,12540,23
run_10,239.25,13299,20
run_1,239.53,12505,22
run_2,239.53,12570,25
run_3,239.53,13054,22
run_4,239.53,13244,21
run_5,239.53,14833,19
run_6,239.53,13640,23
run_7,239.53,13089,21
run_8,239.53,12765,23
run_9,239.53,12540,23
run_10,239.53,13299,20
run_1,239.79,12505,22
run_2,239.79,12570,25
run_3,239.79,13054,22
run_4,239.79,13244,21
run_5,239.79,14833,19
run_6,239.79,13640,23
run_7,239.79,13089,21
run_8,239.79,12765,23
run_9,239.79,12580,23
run_10,239.79,13299,20
run_1,239.8,12505,22
run_2,239.8,12570,25
run_3,239.8,13054,22
run_4,239.8,13244,21
run_5,239.8,14833,19
run_6,239.8,13704,23
run_7,239.8,13089,21
run_8,239.8,12765,23
run_9,239.8,12580,23
run_10,239.8,13299,20
run_1,239.94,12505,22
run_2,239.94,12570,25
run_3,239.94,13054,22
run_4,239.94,13284,21
run_5,239.94,14833,19
run_6,239.94,13704,23
run_7,239.94,13089,21
run_8,239.94,12765,23
run_9,239.94,12580,23
run_10,239.94,13299,20
run_1,240.11,12541,22
run_2,240.11,12570,25
run_3,240.11,13054,22
run_4,240.11,13284,21
run_5,240.11,14833,19
run_6,240.11,13704,23
run_7,240.11,13149,21
run_8,240.11,12765,23
run_9,240.11,12580,23
run_10,240.11,13299,20
run_1,240.24,12541,22
run_2,240.24,12570,25
run_3,240.24,13102,22
run_4,240.24,13284,21
run_5,240.24,14833,19
run_6,240.24,13704,23
run_7,240.24,13149,21
run_8,240.24,12765,23
run_9,240.24,12580,23
run_10,240.24,13299,20
run_1,240.25,12541,22
run_2,240.25,12630,25
run_3,240.25,13102,22
run_4,240.25,13284,21
run_5,240.25,14833,19
run_6,240.25,13704,23
run_7,240.25,13149,21
run_8,240.25,12765,23
run_9,240.25,12580,23
run_10,240.25,13299,20
run_1,240.26,12541,22
run_2,240.26,12630,25
run_3,240.26,13102,22
run_4,240.26,13284,21
run_5,240.26,14861,19
run_6,240.26,13704,23
run_7,240.26,13149,21
run_8,240.26,12765,23
run_9,240.26,12580,23
run_10,240.26,13299,20
run_1,240.3,12541,22
run_2,240.3,12630,25
run_3,240.3,13102,22
run_4,240.3,13284,21
run_5,240.3,14861,19
run_6,240.3,13704,23
run_7,240.3,13149,21
run_8,240.3,12765,23
run_9,240.3,12580,23
run_10,240.3,13335,20
run_1,240.92,12541,22
run_2,240.92,12630,25
run_3,240.92,13102,22
run_4,240.92,13284,21
run_5,240.92,14861,19
run_6,240.92,13704,23
run_7,240.92,13149,21
run_8,240.92,12841,23
run_9,240.92,12580,23
run_10,240.92,13335,20
run_1,240.95,12541,22
run_2,240.95,12630,25
run_3,240.95,13102,22
run_4,240.95,13284,21
run_5,240.95,14861,19
run_6,240.95,13752,23
run_7,240.95,13149,21
run_8,240.95,12841,23
run_9,240.95,12580,23
run_10,240.95,13335,20
run_1,240.98,12541,22
run_2,240.98,12630,25
run_3,240.98,13102,22
run_4,240.98,13328,21
run_5,240.98,14861,19
run_6,240.98,13752,23
run_7,240.98,13149,21
run_8,240.98,12841,23
run_9,240.98,12580,23
run_10,240.98,13335,20
run_1,241.21,12541,22
run_2,241.21,12630,25
run_3,241.21,13102,22
run_4,241.21,13328,21
run_5,241.21,14861,19
run_6,241.21,13752,23
run_7,241.21,13149,21
run_8,241.21,12841,23
run_9,241.21,12652,23
run_10,241.21,13335,20
run_1,241.3,12541,22
run_2,241.3,12630,25
run_3,241.3,13102,22
run_4,241.3,13328,21
run_5,241.3,14933,19
run_6,241.3,13752,23
run_7,241.3,13149,21
run_8,241.3,12841,23
run_9,241.3,12652,23
run_10,241.3,13335,20
run_1,241.32,12541,22
run_2,241.32,12630,25
run_3,241.32,13134,22
run_4,241.32,13328,21
run_5,241.32,14933,19
run_6,241.32,13752,23
run_7,241.32,13169,21
run_8,241.32,12841,23
run_9,241.32,12652,23
run_10,241.32,13335,20
run_1,241.36,12541,22
run_2,241.36,12710,25
run_3,241.36,13134,22
run_4,241.36,13328,21
run_5,241.36,14933,19
run_6,241.36,13752,23
run_7,241.36,13169,21
run_8,241.36,12841,23
run_9,241.36,12652,23
run_10,241.36,13335,20
run_1,241.37,12541,22
run_2,241.37,12710,25
run_3,241.37,13134,22
run_4,241.37,13328,21
run_5,241.37,14933,19
run_6,241.37,13752,23
run_7,241.37,13169,21
run_8,241.37,12841,23
run_9,241.37,12652,23
run_10,241.37,13395,20
run_1,241.45,12601,22
run_2,241.45,12710,25
run_3,241.45,13134,22
run_4,241.45,13328,21
run_5,241.45,14933,19
run_6,241.45,13752,23
run_7,241.45,13169,21
run_8,241.45,12841,23
run_9,241.45,12652,23
run_10,241.45,13395,20
run_1,242.1,12601,22
run_2,242.1,12710,25
run_3,242.1,13134,22
run_4,242.1,13328,21
run_5,242.1,14933,19
run_6,242.1,13800,23
run_7,242.1,13169,21
run_8,242.1,12841,23
run_9,242.1,12652,23
run_10,242.1,13395,20
run_1,242.21,12601,22
run_2,242.21,12710,25
run_3,242.21,13134,22
run_4,242.21,13424,21
run_5,242.21,14933,19
run_6,242.21,13800,23
run_7,242.21,13169,21
run_8,242.21,12841,23
run_9,242.21,12652,23
run_10,242.21,13395,20
run_1,242.24,12601,22
run_2,242.24,12710,25
run_3,242.24,13134,22
run_4,242.24,13424,21
run_5,242.24,14933,19
run_6,242.24,13800,23
run_7,242.24,13169,21
run_8,242.24,12921,23
run_9,242.24,12652,23
run_10,242.24,13395,20
run_1,242.41,12601,22
run_2,242.41,12710,25
run_3,242.41,13134,22
run_4,242.41,13424,21
run_5,242.41,14933,19
run_6,242.41,13800,23
run_7,242.41,13169,21
run_8,242.41,12921,23
run_9,242.41,12708,23
run_10,242.41,13395,20
run_1,242.42,12601,22
run_2,242.42,12710,25
run_3,242.42,13134,22
run_4,242.42,13424,21
run_5,242.42,14985,19
run_6,242.42,13800,23
run_7,242.42,13169,21
run_8,242.42,12921,23
run_9,242.42,12708,23
run_10,242.42,13395,20
run_1,242.44,12601,22
run_2,242.44,12710,25
run_3,242.44,13158,22
run_4,242.44,13424,21
run_5,242.44,14985,19
run_6,242.44,13800,23
run_7,242.44,13169,21
run_8,242.44,12921,23
run_9,242.44,12708,23
run_10,242.44,13395,20
run_1,242.47,12601,22
run_2,242.47,12786,25
run_3,242.47,13158,22
run_4,242.47,13424,21
run_5,242.47,14985,19
run_6,242.47,13800,23
run_7,242.47,13169,21
run_8,242.47,12921,23
run_9,242.47,12708,23
run_10,242.47,13395,20
run_1,242.51,12601,22
run_2,242.51,12786,25
run_3,242.51,13158,22
run_4,242.51,13424,21
run_5,242.51,14985,19
run_6,242.51,13800,23
run_7,242.51,13169,21
run_8,242.51,12921,23
run_9,242.51,12708,23
run_10,242.51,13431,20
run_1,242.6,12601,22
run_2,242.6,12786,25
run_3,242.6,13158,22
run_4,242.6,13424,21
run_5,242.6,14985,19
run_6,242.6,13800,23
run_7,242.6,13229,21
run_8,242.6,12921,23
run_9,242.6,12708,23
run_10,242.6,13431,20
run_1,242.97,12657,22
run_2,242.97,12786,25
run_3,242.97,13158,22
run_4,242.97,13424,21
run_5,242.97,14985,19
run_6,242.97,13800,23
run_7,242.97,13229,21
run_8,242.97,12921,23
run_9,242.97,12708,23
run_10,242.97,13431,20
run_1,243.36,12657,22
run_2,243.36,12786,25
run_3,243.36,13158,22
run_4,243.36,13440,21
run_5,243.36,14985,19
run_6,243.36,13800,23
run_7,243.36,13229,21
run_8,243.36,12921,23
run_9,243.36,12708,23
run_10,243.36,13431,20
run_1,243.4,12657,22
run_2,243.4,12786,25
run_3,243.4,13158,22
run_4,243.4,13440,21
run_5,243.4,14985,19
run_6,243.4,13864,23
run_7,243.4,13229,21
run_8,243.4,12921,23
run_9,243.4,12708,23
run_10,243.4,13431,20
run_1,243.53,12657,22
run_2,243.53,12786,25
run_3,243.53,13158,22
run_4,243.53,13440,21
run_5,243.53,15061,19
run_6,243.53,13864,23
run_7,243.53,13229,21
run_8,243.53,12921,23
run_9,243.53,12708,23
run_10,243.53,13431,20
run_1,243.6,12657,22
run_2,243.6,12786,25
run_3,243.6,13158,22
run_4,243.6,13440,21
run_5,243.6,15061,19
run_6,243.6,13864,23
run_7,243.6,13229,21
run_8,243.6,12969,23
run_9,243.6,12772,23
run_10,243.6,13431,20
run_1,243.64,12657,22
run_2,243.64,12786,25
run_3,243.64,13158,22
run_4,243.64,13440,21
run_5,243.64,15061,19
run_6,243.64,13864,23
run_7,243.64,13229,21
run_8,243.64,12969,23
run_9,243.64,12772,23
run_10,243.64,13495,20
run_1,243.66,12657,22
run_2,243.66,12786,25
run_3,243.66,13226,22
run_4,243.66,13440,21
run_5,243.66,15061,19
run_6,243.66,13864,23
run_7,243.66,13229,21
run_8,243.66,12969,23
run_9,243.66,12772,23
run_10,243.66,13495,20
run_1,243.85,12657,22
run_2,243.85,12786,25
run_3,243.85,13226,22
run_4,243.85,13440,21
run_5,243.85,15061,19
run_6,243.85,13864,23
run_7,243.85,13277,21
run_8,243.85,12969,23
run_9,243.85,12772,23
run_10,243.85,13495,20
run_1,243.98,12657,22
run_2,243.98,12834,25
run_3,243.98,13226,22
run_4,243.98,13440,21
run_5,243.98,15061,19
run_6,243.98,13864,23
run_7,243.98,13277,21
run_8,243.98,12969,23
run_9,243.98,12772,23
run_10,243.98,13495,20
run_1,244.56,12701,22
run_2,244.56,12834,25
run_3,244.56,13226,22
run_4,244.56,13440,21
run_5,244.56,15125,19
run_6,244.56,13864,23
run_7,244.56,13277,21
run_8,244.56,12969,23
run_9,244.56,12772,23
run_10,244.56,13495,20
run_1,244.61,12701,22
run_2,244.61,12834,25
run_3,244.61,13226,22
run_4,244.61,13524,21
run_5,244.61,15125,19
run_6,244.61,13864,23
run_7,244.61,13277,21
run_8,244.61,12969,23
run_9,244.61,12772,23
run_10,244.61,13495,20
run_1,244.77,12701,22
run_2,244.77,12834,25
run_3,244.77,13226,22
run_4,244.77,13524,21
run_5,244.77,15125,19
run_6,244.77,13912,23
run_7,244.77,13277,21
run_8,244.77,12969,23
run_9,244.77,12772,23
run_10,244.77,13495,20
run_1,244.79,12701,22
run_2,244.79,12834,25
run_3,244.79,13226,22
run_4,244.79,13524,21
run_5,244.79,15125,19
run_6,244.79,13912,23
run_7,244.79,13277,21
run_8,244.79,12969,23
run_9,244.79,12796,23
run_10,244.79,13495,20
run_1,244.88,12701,22
run_2,244.88,12834,25
run_3,244.88,13290,22
run_4,244.88,13524,21
run_5,244.88,15125,19
run_6,244.88,13912,23
run_7,244.88,13277,21
run_8,244.88,12969,23
run_9,244.88,12796,23
run_10,244.88,13495,20
run_1,244.93,12701,22
run_2,244.93,12834,25
run_3,244.93,13290,22
run_4,244.93,13524,21
run_5,244.93,15125,19
run_6,244.93,13912,23
run_7,244.93,13277,21
run_8,244.93,13013,23
run_9,244.93,12796,23
run_10,244.93,13495,20
run_1,244.95,12701,22
run_2,244.95,12834,25
run_3,244.95,13290,22
run_4,244.95,13524,21
run_5,244.95,15125,19
run_6,244.95,13912,23
run_7,244.95,13277,21
run_8,244.95,13013,23
run_9,244.95,12796,23
run_10,244.95,13543,20
run_1,245.09,12701,22
run_2,245.09,12834,25
run_3,245.09,13290,22
run_4,245.09,13524,21
run_5,245.09,15125,19
run_6,245.09,13912,23
run_7,245.09,13325,21
run_8,245.09,13013,23
run_9,245.09,12796,23
run_10,245.09,13543,20
run_1,245.18,12701,22
run_2,245.18,12894,25
run_3,245.18,13290,22
run_4,245.18,13524,21
run_5,245.18,15125,19
run_6,245.18,13912,23
run_7,245.18,13325,21
run_8,245.18,13013,23
run_9,245.18,12796,23
run_10,245.18,13543,20
run_1,245.6,12701,22
run_2,245.6,12894,25
run_3,245.6,13290,22
run_4,245.6,13524,21
run_5,245.6,15185,19
run_6,245.6,13912,23
run_7,245.6,13325,21
run_8,245.6,13013,23
run_9,245.6,12796,23
run_10,245.6,13543,20
run_1,245.61,12701,22
run_2,245.61,12894,25
run_3,245.61,13290,22
run_4,245.61,13568,21
run_5,245.61,15185,19
run_6,245.61,13912,23
run_7,245.61,13325,21
run_8,245.61,13013,23
run_9,245.61,12796,23
run_10,245.61,13543,20
run_1,245.93,12733,22
run_2,245.93,12894,25
run_3,245.93,13290,22
run_4,245.93,13568,21
run_5,245.93,15185,19
run_6,245.93,13912,23
run_7,245.93,13325,21
run_8,245.93,13013,23
run_9,245.93,12796,23
run_10,245.93,13543,20
run_1,245.99,12733,22
run_2,245.99,12894,25
run_3,245.99,13290,22
run_4,245.99,13568,21
run_5,245.99,15185,19
run_6,245.99,13912,23
run_7,245.99,13325,21
run_8,245.99,13013,23
run_9,245.99,12868,23
run_10,245.99,13543,20
run_1,246.04,12733,22
run_2,246.04,12894,25
run_3,246.04,13290,22
run_4,246.04,13568,21
run_5,246.04,15185,19
run_6,246.04,13912,23
run_7,246.04,13325,21
run_8,246.04,13013,23
run_9,246.04,12868,23
run_10,246.04,13603,20
run_1,246.07,12733,22
run_2,246.07,12894,25
run_3,246.07,13290,22
run_4,246.07,13568,21
run_5,246.07,15185,19
run_6,246.07,13964,23
run_7,246.07,13325,21
run_8,246.07,13013,23
run_9,246.07,12868,23
run_10,246.07,13603,20
run_1,246.09,12733,22
run_2,246.09,12894,25
run_3,246.09,13290,22
run_4,246.09,13568,21
run_5,246.09,15185,19
run_6,246.09,13964,23
run_7,246.09,13325,21
run_8,246.09,13053,23
run_9,246.09,12868,23
run_10,246.09,13603,20
run_1,246.2,12733,22
run_2,246.2,12894,25
run_3,246.2,13310,22
run_4,246.2,13568,21
run_5,246.2,15185,19
run_6,246.2,13964,23
run_7,246.2,13325,21
run_8,246.2,13053,23
run_9,246.2,12868,23
run_10,246.2,13603,20
run_1,246.26,12733,22
run_2,246.26,12894,25
run_3,246.26,13310,22
run_4,246.26,13568,21
run_5,246.26,15185,19
run_6,246.26,13964,23
run_7,246.26,13385,21
run_8,246.26,13053,23
run_9,246.26,12868,23
run_10,246.26,13603,20
run_1,246.31,12733,22
run_2,246.31,12926,25
run_3,246.31,13310,22
run_4,246.31,13568,21
run_5,246.31,15185,19
run_6,246.31,13964,23
run_7,246.31,13385,21
run_8,246.31,13053,23
run_9,246.31,12868,23
run_10,246.31,13603,20
run_1,246.65,12733,22
run_2,246.65,12926,25
run_3,246.65,13310,22
run_4,246.65,13568,21
run_5,246.65,15221,19
run_6,246.65,13964,23
run_7,246.65,13385,21
run_8,246.65,13053,23
run_9,246.65,12868,23
run_10,246.65,13603,20
run_1,246.78,12733,22
run_2,246.78,12926,25
run_3,246.78,13310,22
run_4,246.78,13636,21
run_5,246.78,15221,19
run_6,246.78,13964,23
run_7,246.78,13385,21
run_8,246.78,13053,23
run_9,246.78,12868,23
run_10,246.78,13603,20
run_1,247.17,12733,22
run_2,247.17,12926,25
run_3,247.17,13310,22
run_4,247.17,13636,21
run_5,247.17,15221,19
run_6,247.17,13964,23
run_7,247.17,13385,21
run_8,247.17,13053,23
run_9,247.17,12868,23
run_10,247.17,13675,20
run_1,247.28,12733,22
run_2,247.28,12926,25
run_3,247.28,13310,22
run_4,247.28,13636,21
run_5,247.28,15221,19
run_6,247.28,13964,23
run_7,247.28,13385,21
run_8,247.28,13101,23
run_9,247.28,12924,23
run_10,247.28,13675,20
run_1,247.35,12733,22
run_2,247.35,12926,25
run_3,247.35,13342,22
run_4,247.35,13636,21
run_5,247.35,15221,19
run_6,247.35,13964,23
run_7,247.35,13385,21
run_8,247.35,13101,23
run_9,247.35,12924,23
run_10,247.35,13675,20
run_1,247.37,12733,22
run_2,247.37,12926,25
run_3,247.37,13342,22
run_4,247.37,13636,21
run_5,247.37,15221,19
run_6,247.37,14024,23
run_7,247.37,13385,21
run_8,247.37,13101,23
run_9,247.37,12924,23
run_10,247.37,13675,20
run_1,247.38,12785,22
run_2,247.38,12958,25
run_3,247.38,13342,22
run_4,247.38,13636,21
run_5,247.38,15221,19
run_6,247.38,14024,23
run_7,247.38,13385,21
run_8,247.38,13101,23
run_9,247.38,12924,23
run_10,247.38,13675,20
run_1,247.45,12785,22
run_2,247.45,12958,25
run_3,247.45,13342,22
run_4,247.45,13636,21
run_5,247.45,15221,19
run_6,247.45,14024,23
run_7,247.45,13433,21
run_8,247.45,13101,23
run_9,247.45,12924,23
run_10,247.45,13675,20
run_1,247.78,12785,22
run_2,247.78,12958,25
run_3,247.78,13342,22
run_4,247.78,13636,21
run_5,247.78,15277,19
run_6,247.78,14024,23
run_7,247.78,13433,21
run_8,247.78,13101,23
run_9,247.78,12924,23
run_10,247.78,13675,20
run_1,247.84,12785,22
run_2,247.84,12958,25
run_3,247.84,13342,22
run_4,247.84,13684,21
run_5,247.84,15277,19
run_6,247.84,14024,23
run_7,247.84,13433,21
run_8,247.84,13101,23
run_9,247.84,12924,23
run_10,247.84,13675,20
run_1,248.32,12785,22
run_2,248.32,12958,25
run_3,248.32,13342,22
run_4,248.32,13684,21
run_5,248.32,15277,19
run_6,248.32,14024,23
run_7,248.32,13433,21
run_8,248.32,13101,23
run_9,248.32,12924,23
run_10,248.32,13703,20
run_1,248.47,12785,22
run_2,248.47,12958,25
run_3,248.47,13342,22
run_4,248.47,13684,21
run_5,248.47,15277,19
run_6,248.47,14024,23
run_7,248.47,13433,21
run_8,248.47,13173,23
run_9,248.47,12924,23
run_10,248.47,13703,20
run_1,248.51,12785,22
run_2,248.51,12958,25
run_3,248.51,13342,22
run_4,248.51,13684,21
run_5,248.51,15277,19
run_6,248.51,14024,23
run_7,248.51,13433,21
run_8,248.51,13173,23
run_9,248.51,12980,23
run_10,248.51,13703,20
run_1,248.53,12785,22
run_2,248.53,12958,25
run_3,248.53,13342,22
run_4,248.53,13684,21
run_5,248.53,15277,19
run_6,248.53,14056,23
run_7,248.53,13433,21
run_8,248.53,13173,23
run_9,248.53,12980,23
run_10,248.53,13703,20
run_1,248.56,12785,22
run_2,248.56,12994,25
run_3,248.56,13342,22
run_4,248.56,13684,21
run_5,248.56,15277,19
run_6,248.56,14056,23
run_7,248.56,13433,21
run_8,248.56,13173,23
run_9,248.56,12980,23
run_10,248.56,13703,20
run_1,248.6,12785,22
run_2,248.6,12994,25
run_3,248.6,13386,22
run_4,248.6,13684,21
run_5,248.6,15277,19
run_6,248.6,14056,23
run_7,248.6,13433,21
run_8,248.6,13173,23
run_9,248.6,12980,23
run_10,248.6,13703,20
run_1,248.66,12785,22
run_2,248.66,12994,25
run_3,248.66,13386,22
run_4,248.66,13684,21
run_5,248.66,15277,19
run_6,248.66,14056,23
run_7,248.66,13505,21
run_8,248.66,13173,23
run_9,248.66,12980,23
run_10,248.66,13703,20
run_1,248.77,12785,22
run_2,248.77,12994,25
run_3,248.77,13386,22
run_4,248.77,13684,21
run_5,248.77,15329,19
run_6,248.77,14056,23
run_7,248.77,13505,21
run_8,248.77,13173,23
run_9,248.77,12980,23
run_10,248.77,13703,20
run_1,248.81,12853,22
run_2,248.81,12994,25
run_3,248.81,13386,22
run_4,248.81,13684,21
run_5,248.81,15329,19
run_6,248.81,14056,23
run_7,248.81,13505,21
run_8,248.81,13173,23
run_9,248.81,12980,23
run_10,248.81,13703,20
run_1,248.87,12853,22
run_2,248.87,12994,25
run_3,248.87,13386,22
run_4,248.87,13744,21
run_5,248.87,15329,19
run_6,248.87,14056,23
run_7,248.87,13505,21
run_8,248.87,13173,23
run_9,248.87,12980,23
run_10,248.87,13703,20
run_1,249.45,12853,22
run_2,249.45,12994,25
run_3,249.45,13386,22
run_4,249.45,13744,21
run_5,249.45,15329,19
run_6,249.45,14056,23
run_7,249.45,13505,21
run_8,249.45,13173,23
run_9,249.45,12980,23
run_10,249.45,13759,20
run_1,249.68,12853,22
run_2,249.68,12994,25
run_3,249.68,13386,22
run_4,249.68,13744,21
run_5,249.68,15329,19
run_6,249.68,14120,23
run_7,249.68,13505,21
run_8,249.68,13173,23
run_9,249.68,12980,23
run_10,249.68,13759,20
run_1,249.75,12853,22
run_2,249.75,13026,25
run_3,249.75,13386,22
run_4,249.75,13744,21
run_5,249.75,15329,19
run_6,249.75,14120,23
run_7,249.75,13505,21
run_8,249.75,13173,23
run_9,249.75,12980,23
run_10,249.75,13759,20
run_1,249.76,12853,22
run_2,249.76,13026,25
run_3,249.76,13386,22
run_4,249.76,13744,21
run_5,249.76,15329,19
run_6,249.76,14120,23
run_7,249.76,13505,21
run_8,249.76,13173,23
run_9,249.76,13024,23
run_10,249.76,13759,20
run_1,249.81,12853,22
run_2,249.81,13026,25
run_3,249.81,13386,22
run_4,249.81,13744,21
run_5,249.81,15377,19
run_6,249.81,14120,23
run_7,249.81,13505,21
run_8,249.81,13173,23
run_9,249.81,13024,23
run_10,249.81,13759,20
run_1,249.82,12853,22
run_2,249.82,13026,25
run_3,249.82,13386,22
run_4,249.82,13744,21
run_5,249.82,15377,19
run_6,249.82,14120,23
run_7,249.82,13505,21
run_8,249.82,13233,23
run_9,249.82,13024,23
run_10,249.82,13759,20
run_1,249.84,12853,22
run_2,249.84,13026,25
run_3,249.84,13386,22
run_4,249.84,13744,21
run_5,249.84,15377,19
run_6,249.84,14120,23
run_7,249.84,13565,21
run_8,249.84,13233,23
run_9,249.84,13024,23
run_10,249.84,13759,20
run_1,250.05,12853,22
run_2,250.05,13026,25
run_3,250.05,13438,22
run_4,250.05,13744,21
run_5,250.05,15377,19
run_6,250.05,14120,23
run_7,250.05,13565,21
run_8,250.05,13233,23
run_9,250.05,13024,23
run_10,250.05,13759,20
run_1,250.17,12853,22
run_2,250.17,13026,25
run_3,250.17,13438,22
run_4,250.17,13788,21
run_5,250.17,15377,19
run_6,250.17,14120,23
run_7,250.17,13565,21
run_8,250.17,13233,23
run_9,250.17,13024,23
run_10,250.17,13759,20
run_1,250.41,12913,22
run_2,250.41,13026,25
run_3,250.41,13438,22
run_4,250.41,13788,21
run_5,250.41,15377,19
run_6,250.41,14120,23
run_7,250.41,13565,21
run_8,250.41,13233,23
run_9,250.41,13024,23
run_10,250.41,13759,20
run_1,250.69,12913,22
run_2,250.69,13026,25
run_3,250.69,13438,22
run_4,250.69,13788,21
run_5,250.69,15377,19
run_6,250.69,14120,23
run_7,250.69,13565,21
run_8,250.69,13233,23
run_9,250.69,13024,23
run_10,250.69,13807,20
run_1,250.82,12913,22
run_2,250.82,13026,25
run_3,250.82,13438,22
run_4,250.82,13788,21
run_5,250.82,15413,19
run_6,250.82,14120,23
run_7,250.82,13565,21
run_8,250.82,13233,23
run_9,250.82,13024,23
run_10,250.82,13807,20
run_1,250.87,12913,22
run_2,250.87,13026,25
run_3,250.87,13438,22
run_4,250.87,13788,21
run_5,250.87,15413,19
run_6,250.87,14168,23
run_7,250.87,13565,21
run_8,250.87,13233,23
run_9,250.87,13024,23
run_10,250.87,13807,20
run_1,250.9,12913,22
run_2,250.9,13082,25
run_3,250.9,13438,22
run_4,250.9,13788,21
run_5,250.9,15413,19
run_6,250.9,14168,23
run_7,250.9,13565,21
run_8,250.9,13233,23
run_9,250.9,13024,23
run_10,250.9,13807,20
run_1,250.95,12913,22
run_2,250.95,13082,25
run_3,250.95,13438,22
run_4,250.95,13788,21
run_5,250.95,15413,19
run_6,250.95,14168,23
run_7,250.95,13565,21
run_8,250.95,13265,23
run_9,250.95,13024,23
run_10,250.95,13807,20
run_1,251,12913,22
run_2,251,13082,25
run_3,251,13438,22
run_4,251,13788,21
run_5,251,15413,19
run_6,251,14168,23
run_7,251,13565,21
run_8,251,13265,23
run_9,251,13060,23
run_10,251,13807,20
run_1,251.05,12913,22
run_2,251.05,13082,25
run_3,251.05,13438,22
run_4,251.05,13788,21
run_5,251.05,15413,19
run_6,251.05,14168,23
run_7,251.05,13613,21
run_8,251.05,13265,23
run_9,251.05,13060,23
run_10,251.05,13807,20
run_1,251.27,12913,22
run_2,251.27,13082,25
run_3,251.27,13438,22
run_4,251.27,13828,21
run_5,251.27,15413,19
run_6,251.27,14168,23
run_7,251.27,13613,21
run_8,251.27,13265,23
run_9,251.27,13060,23
run_10,251.27,13807,20
run_1,251.42,12913,22
run_2,251.42,13082,25
run_3,251.42,13510,22
run_4,251.42,13828,21
run_5,251.42,15413,19
run_6,251.42,14168,23
run_7,251.42,13613,21
run_8,251.42,13265,23
run_9,251.42,13060,23
run_10,251.42,13807,20
run_1,251.77,12945,22
run_2,251.77,13082,25
run_3,251.77,13510,22
run_4,251.77,13828,21
run_5,251.77,15413,19
run_6,251.77,14168,23
run_7,251.77,13613,21
run_8,251.77,13265,23
run_9,251.77,13060,23
run_10,251.77,13807,20
run_1,251.84,12945,22
run_2,251.84,13082,25
run_3,251.84,13510,22
run_4,251.84,13828,21
run_5,251.84,15469,19
run_6,251.84,14168,23
run_7,251.84,13613,21
run_8,251.84,13265,23
run_9,251.84,13060,23
run_10,251.84,13807,20
run_1,251.94,12945,22
run_2,251.94,13082,25
run_3,251.94,13510,22
run_4,251.94,13828,21
run_5,251.94,15469,19
run_6,251.94,14168,23
run_7,251.94,13613,21
run_8,251.94,13265,23
run_9,251.94,13060,23
run_10,251.94,13867,20
run_1,252.01,12945,22
run_2,252.01,13082,25
run_3,252.01,13510,22
run_4,252.01,13828,21
run_5,252.01,15469,19
run_6,252.01,14216,23
run_7,252.01,13613,21
run_8,252.01,13265,23
run_9,252.01,13060,23
run_10,252.01,13867,20
run_1,252.16,12945,22
run_2,252.16,13082,25
run_3,252.16,13510,22
run_4,252.16,13828,21
run_5,252.16,15469,19
run_6,252.16,14216,23
run_7,252.16,13613,21
run_8,252.16,13329,23
run_9,252.16,13060,23
run_10,252.16,13867,20
run_1,252.2,12945,22
run_2,252.2,13138,25
run_3,252.2,13510,22
run_4,252.2,13828,21
run_5,252.2,15469,19
run_6,252.2,14216,23
run_7,252.2,13613,21
run_8,252.2,13329,23
run_9,252.2,13120,23
run_10,252.2,13867,20
run_1,252.28,12945,22
run_2,252.28,13138,25
run_3,252.28,13510,22
run_4,252.28,13884,21
run_5,252.28,15469,19
run_6,252.28,14216,23
run_7,252.28,13613,21
run_8,252.28,13329,23
run_9,252.28,13120,23
run_10,252.28,13867,20
run_1,252.31,12945,22
run_2,252.31,13138,25
run_3,252.31,13510,22
run_4,252.31,13884,21
run_5,252.31,15469,19
run_6,252.31,14216,23
run_7,252.31,13657,21
run_8,252.31,13329,23
run_9,252.31,13120,23
run_10,252.31,13867,20
run_1,252.69,12945,22
run_2,252.69,13138,25
run_3,252.69,13554,22
run_4,252.69,13884,21
run_5,252.69,15469,19
run_6,252.69,14216,23
run_7,252.69,13657,21
run_8,252.69,13329,23
run_9,252.69,13120,23
run_10,252.69,13867,20
run_1,252.85,12945,22
run_2,252.85,13138,25
run_3,252.85,13554,22
run_4,252.85,13884,21
run_5,252.85,15525,19
run_6,252.85,14216,23
run_7,252.85,13657,21
run_8,252.85,13329,23
run_9,252.85,13120,23
run_10,252.85,13867,20
run_1,253.04,12945,22
run_2,253.04,13138,25
run_3,253.04,13554,22
run_4,253.04,13884,21
run_5,253.04,15525,19
run_6,253.04,14216,23
run_7,253.04,13657,21
run_8,253.04,13329,23
run_9,253.04,13120,23
run_10,253.04,13907,20
run_1,253.09,12997,22
run_2,253.09,13138,25
run_3,253.09,13554,22
run_4,253.09,13884,21
run_5,253.09,15525,19
run_6,253.09,14216,23
run_7,253.09,13657,21
run_8,253.09,13329,23
run_9,253.09,13120,23
run_10,253.09,13907,20
run_1,253.32,12997,22
run_2,253.32,13138,25
run_3,253.32,13554,22
run_4,253.32,13884,21
run_5,253.32,15525,19
run_6,253.32,14256,23
run_7,253.32,13657,21
run_8,253.32,13329,23
run_9,253.32,13120,23
run_10,253.32,13907,20
run_1,253.33,12997,22
run_2,253.33,13210,25
run_3,253.33,13554,22
run_4,253.33,13884,21
run_5,253.33,15525,19
run_6,253.33,14256,23
run_7,253.33,13657,21
run_8,253.33,13329,23
run_9,253.33,13120,23
run_10,253.33,13907,20
run_1,253.34,12997,22
run_2,253.34,13210,25
run_3,253.34,13554,22
run_4,253.34,13908,21
run_5,253.34,15525,19
run_6,253.34,14256,23
run_7,253.34,13657,21
run_8,253.34,13329,23
run_9,253.34,13120,23
run_10,253.34,13907,20
run_1,253.47,12997,22
run_2,253.47,13210,25
run_3,253.47,13554,22
run_4,253.47,13908,21
run_5,253.47,15525,19
run_6,253.47,14256,23
run_7,253.47,13657,21
run_8,253.47,13329,23
run_9,253.47,13184,23
run_10,253.47,13907,20
run_1,253.5,12997,22
run_2,253.5,13210,25
run_3,253.5,13554,22
run_4,253.5,13908,21
run_5,253.5,15525,19
run_6,253.5,14256,23
run_7,253.5,13657,21
run_8,253.5,13357,23
run_9,253.5,13184,23
run_10,253.5,13907,20
run_1,253.69,12997,22
run_2,253.69,13210,25
run_3,253.69,13554,22
run_4,253.69,13908,21
run_5,253.69,15525,19
run_6,253.69,14256,23
run_7,253.69,13729,21
run_8,253.69,13357,23
run_9,253.69,13184,23
run_10,253.69,13907,20
run_1,253.86,12997,22
run_2,253.86,13210,25
run_3,253.86,13554,22
run_4,253.86,13908,21
run_5,253.86,15569,19
run_6,253.86,14256,23
run_7,253.86,13729,21
run_8,253.86,13357,23
run_9,253.86,13184,23
run_10,253.86,13907,20
run_1,253.89,12997,22
run_2,253.89,13210,25
run_3,253.89,13622,22
run_4,253.89,13908,21
run_5,253.89,15569,19
run_6,253.89,14256,23
run_7,253.89,13729,21
run_8,253.89,13357,23
run_9,253.89,13184,23
run_10,253.89,13907,20
run_1,254.25,12997,22
run_2,254.25,13210,25
run_3,254.25,13622,22
run_4,254.25,13908,21
run_5,254.25,15569,19
run_6,254.25,14256,23
run_7,254.25,13729,21
run_8,254.25,13357,23
run_9,254.25,13184,23
run_10,254.25,13943,20
run_1,254.48,13037,22
run_2,254.48,13210,25
run_3,254.48,13622,22
run_4,254.48,13908,21
run_5,254.48,15569,19
run_6,254.48,14256,23
run_7,254.48,13729,21
run_8,254.48,13357,23
run_9,254.48,13184,23
run_10,254.48,13943,20
run_1,254.51,13037,22
run_2,254.51,13210,25
run_3,254.51,13622,22
run_4,254.51,13952,21
run_5,254.51,15569,19
run_6,254.51,14256,23
run_7,254.51,13729,21
run_8,254.51,13357,23
run_9,254.51,13184,23
run_10,254.51,13943,20
run_1,254.56,13037,22
run_2,254.56,13234,25
run_3,254.56,13622,22
run_4,254.56,13952,21
run_5,254.56,15569,19
run_6,254.56,14256,23
run_7,254.56,13729,21
run_8,254.56,13357,23
run_9,254.56,13184,23
run_10,254.56,13943,20
run_1,254.57,13037,22
run_2,254.57,13234,25
run_3,254.57,13622,22
run_4,254.57,13952,21
run_5,254.57,15569,19
run_6,254.57,14296,23
run_7,254.57,13729,21
run_8,254.57,13357,23
run_9,254.57,13184,23
run_10,254.57,13943,20
run_1,254.71,13037,22
run_2,254.71,13234,25
run_3,254.71,13622,22
run_4,254.71,13952,21
run_5,254.71,15569,19
run_6,254.71,14296,23
run_7,254.71,13729,21
run_8,254.71,13393,23
run_9,254.71,13184,23
run_10,254.71,13943,20
run_1,254.83,13037,22
run_2,254.83,13234,25
run_3,254.83,13622,22
run_4,254.83,13952,21
run_5,254.83,15569,19
run_6,254.83,14296,23
run_7,254.83,13729,21
run_8,254.83,13393,23
run_9,254.83,13240,23
run_10,254.83,13943,20
run_1,254.87,13037,22
run_2,254.87,13234,25
run_3,254.87,13622,22
run_4,254.87,13952,21
run_5,254.87,15613,19
run_6,254.87,14296,23
run_7,254.87,13729,21
run_8,254.87,13393,23
run_9,254.87,13240,23
run_10,254.87,13943,20
run_1,254.92,13037,22
run_2,254.92,13234,25
run_3,254.92,13622,22
run_4,254.92,13952,21
run_5,254.92,15613,19
run_6,254.92,14296,23
run_7,254.92,13797,21
run_8,254.92,13393,23
run_9,254.92,13240,23
run_10,254.92,13943,20
run_1,255.02,13037,22
run_2,255.02,13234,25
run_3,255.02,13650,22
run_4,255.02,13952,21
run_5,255.02,15613,19
run_6,255.02,14296,23
run_7,255.02,13797,21
run_8,255.02,13393,23
run_9,255.02,13240,23
run_10,255.02,13943,20
run_1,255.56,13037,22
run_2,255.56,13234,25
run_3,255.56,13650,22
run_4,255.56,13952,21
run_5,255.56,15613,19
run_6,255.56,14296,23
run_7,255.56,13797,21
run_8,255.56,13393,23
run_9,255.56,13240,23
run_10,255.56,13979,20
run_1,255.61,13037,22
run_2,255.61,13286,25
run_3,255.61,13650,22
run_4,255.61,13952,21
run_5,255.61,15613,19
run_6,255.61,14296,23
run_7,255.61,13797,21
run_8,255.61,13393,23
run_9,255.61,13240,23
run_10,255.61,13979,20
run_1,255.65,13037,22
run_2,255.65,13286,25
run_3,255.65,13650,22
run_4,255.65,13984,21
run_5,255.65,15613,19
run_6,255.65,14296,23
run_7,255.65,13797,21
run_8,255.65,13393,23
run_9,255.65,13240,23
run_10,255.65,13979,20
run_1,255.76,13037,22
run_2,255.76,13286,25
run_3,255.76,13650,22
run_4,255.76,13984,21
run_5,255.76,15613,19
run_6,255.76,14348,23
run_7,255.76,13797,21
run_8,255.76,13393,23
run_9,255.76,13240,23
run_10,255.76,13979,20
run_1,255.77,13101,22
run_2,255.77,13286,25
run_3,255.77,13650,22
run_4,255.77,13984,21
run_5,255.77,15613,19
run_6,255.77,14348,23
run_7,255.77,13797,21
run_8,255.77,13393,23
run_9,255.77,13240,23
run_10,255.77,13979,20
run_1,255.88,13101,22
run_2,255.88,13286,25
run_3,255.88,13650,22
run_4,255.88,13984,21
run_5,255.88,15657,19
run_6,255.88,14348,23
run_7,255.88,13797,21
run_8,255.88,13393,23
run_9,255.88,13240,23
run_10,255.88,13979,20
run_1,255.96,13101,22
run_2,255.96,13286,25
run_3,255.96,13650,22
run_4,255.96,13984,21
run_5,255.96,15657,19
run_6,255.96,14348,23
run_7,255.96,13797,21
run_8,255.96,13453,23
run_9,255.96,13240,23
run_10,255.96,13979,20
run_1,256.07,13101,22
run_2,256.07,13286,25
run_3,256.07,13650,22
run_4,256.07,13984,21
run_5,256.07,15657,19
run_6,256.07,14348,23
run_7,256.07,13797,21
run_8,256.07,13453,23
run_9,256.07,13304,23
run_10,256.07,13979,20
run_1,256.17,13101,22
run_2,256.17,13286,25
run_3,256.17,13650,22
run_4,256.17,13984,21
run_5,256.17,15657,19
run_6,256.17,14348,23
run_7,256.17,13849,21
run_8,256.17,13453,23
run_9,256.17,13304,23
run_10,256.17,13979,20
run_1,256.25,13101,22
run_2,256.25,13286,25
run_3,256.25,13702,22
run_4,256.25,13984,21
run_5,256.25,15657,19
run_6,256.25,14348,23
run_7,256.25,13849,21
run_8,256.25,13453,23
run_9,256.25,13304,23
run_10,256.25,13979,20
run_1,256.68,13101,22
run_2,256.68,13286,25
run_3,256.68,13702,22
run_4,256.68,13984,21
run_5,256.68,15657,19
run_6,256.68,14348,23
run_7,256.68,13849,21
run_8,256.68,13453,23
run_9,256.68,13304,23
run_10,256.68,14007,20
run_1,256.71,13101,22
run_2,256.71,13334,25
run_3,256.71,13702,22
run_4,256.71,13984,21
run_5,256.71,15657,19
run_6,256.71,14348,23
run_7,256.71,13849,21
run_8,256.71,13453,23
run_9,256.71,13304,23
run_10,256.71,14007,20
run_1,256.72,13101,22
run_2,256.72,13334,25
run_3,256.72,13702,22
run_4,256.72,14032,21
run_5,256.72,15657,19
run_6,256.72,14348,23
run_7,256.72,13849,21
run_8,256.72,13453,23
run_9,256.72,13304,23
run_10,256.72,14007,20
run_1,256.96,13101,22
run_2,256.96,13334,25
run_3,256.96,13702,22
run_4,256.96,14032,21
run_5,256.96,15657,19
run_6,256.96,14404,23
run_7,256.96,13849,21
run_8,256.96,13453,23
run_9,256.96,13304,23
run_10,256.96,14007,20
run_1,257.02,13101,22
run_2,257.02,13334,25
run_3,257.02,13702,22
run_4,257.02,14032,21
run_5,257.02,15697,19
run_6,257.02,14404,23
run_7,257.02,13849,21
run_8,257.02,13453,23
run_9,257.02,13304,23
run_10,257.02,14007,20
run_1,257.11,13141,22
run_2,257.11,13334,25
run_3,257.11,13702,22
run_4,257.11,14032,21
run_5,257.11,15697,19
run_6,257.11,14404,23
run_7,257.11,13849,21
run_8,257.11,13453,23
run_9,257.11,13304,23
run_10,257.11,14007,20
run_1,257.27,13141,22
run_2,257.27,13334,25
run_3,257.27,13702,22
run_4,257.27,14032,21
run_5,257.27,15697,19
run_6,257.27,14404,23
run_7,257.27,13849,21
run_8,257.27,13493,23
run_9,257.27,13364,23
run_10,257.27,14007,20
run_1,257.36,13141,22
run_2,257.36,13334,25
run_3,257.36,13702,22
run_4,257.36,14032,21
run_5,257.36,15697,19
run_6,257.36,14404,23
run_7,257.36,13901,21
run_8,257.36,13493,23
run_9,257.36,13364,23
run_10,257.36,14007,20
run_1,257.54,13141,22
run_2,257.54,13334,25
run_3,257.54,13750,22
run_4,257.54,14032,21
run_5,257.54,15697,19
run_6,257.54,14404,23
run_7,257.54,13901,21
run_8,257.54,13493,23
run_9,257.54,13364,23
run_10,257.54,14007,20
run_1,257.75,13141,22
run_2,257.75,13374,25
run_3,257.75,13750,22
run_4,257.75,14032,21
run_5,257.75,15697,19
run_6,257.75,14404,23
run_7,257.75,13901,21
run_8,257.75,13493,23
run_9,257.75,13364,23
run_10,257.75,14007,20
run_1,257.84,13141,22
run_2,257.84,13374,25
run_3,257.84,13750,22
run_4,257.84,14088,21
run_5,257.84,15697,19
run_6,257.84,14404,23
run_7,257.84,13901,21
run_8,257.84,13493,23
run_9,257.84,13364,23
run_10,257.84,14007,20
run_1,257.98,13141,22
run_2,257.98,13374,25
run_3,257.98,13750,22
run_4,257.98,14088,21
run_5,257.98,15697,19
run_6,257.98,14404,23
run_7,257.98,13901,21
run_8,257.98,13493,23
run_9,257.98,13364,23
run_10,257.98,14043,20
run_1,258.13,13141,22
run_2,258.13,13374,25
run_3,258.13,13750,22
run_4,258.13,14088,21
run_5,258.13,15733,19
run_6,258.13,14464,23
run_7,258.13,13901,21
run_8,258.13,13493,23
run_9,258.13,13364,23
run_10,258.13,14043,20
run_1,258.36,13193,22
run_2,258.36,13374,25
run_3,258.36,13750,22
run_4,258.36,14088,21
run_5,258.36,15733,19
run_6,258.36,14464,23
run_7,258.36,13901,21
run_8,258.36,13493,23
run_9,258.36,13364,23
run_10,258.36,14043,20
run_1,258.43,13193,22
run_2,258.43,13374,25
run_3,258.43,13750,22
run_4,258.43,14088,21
run_5,258.43,15733,19
run_6,258.43,14464,23
run_7,258.43,13901,21
run_8,258.43,13525,23
run_9,258.43,13364,23
run_10,258.43,14043,20
run_1,258.54,13193,22
run_2,258.54,13374,25
run_3,258.54,13750,22
run_4,258.54,14088,21
run_5,258.54,15733,19
run_6,258.54,14464,23
run_7,258.54,13901,21
run_8,258.54,13525,23
run_9,258.54,13424,23
run_10,258.54,14043,20
run_1,258.58,13193,22
run_2,258.58,13374,25
run_3,258.58,13750,22
run_4,258.58,14088,21
run_5,258.58,15733,19
run_6,258.58,14464,23
run_7,258.58,13969,21
run_8,258.58,13525,23
run_9,258.58,13424,23
run_10,258.58,14043,20
run_1,258.79,13193,22
run_2,258.79,13374,25
run_3,258.79,13786,22
run_4,258.79,14088,21
run_5,258.79,15733,19
run_6,258.79,14464,23
run_7,258.79,13969,21
run_8,258.79,13525,23
run_9,258.79,13424,23
run_10,258.79,14043,20
run_1,258.81,13193,22
run_2,258.81,13450,25
run_3,258.81,13786,22
run_4,258.81,14088,21
run_5,258.81,15733,19
run_6,258.81,14464,23
run_7,258.81,13969,21
run_8,258.81,13525,23
run_9,258.81,13424,23
run_10,258.81,14043,20
run_1,259.07,13193,22
run_2,259.07,13450,25
run_3,259.07,13786,22
run_4,259.07,14140,21
run_5,259.07,15733,19
run_6,259.07,14464,23
run_7,259.07,13969,21
run_8,259.07,13525,23
run_9,259.07,13424,23
run_10,259.07,14043,20
run_1,259.15,13193,22
run_2,259.15,13450,25
run_3,259.15,13786,22
run_4,259.15,14140,21
run_5,259.15,15781,19
run_6,259.15,14464,23
run_7,259.15,13969,21
run_8,259.15,13525,23
run_9,259.15,13424,23
run_10,259.15,14043,20
run_1,259.26,13193,22
run_2,259.26,13450,25
run_3,259.26,13786,22
run_4,259.26,14140,21
run_5,259.26,15781,19
run_6,259.26,14464,23
run_7,259.26,13969,21
run_8,259.26,13525,23
run_9,259.26,13424,23
run_10,259.26,14075,20
run_1,259.33,13193,22
run_2,259.33,13450,25
run_3,259.33,13786,22
run_4,259.33,14140,21
run_5,259.33,15781,19
run_6,259.33,14544,23
run_7,259.33,13969,21
run_8,259.33,13525,23
run_9,259.33,13424,23
run_10,259.33,14075,20
run_1,259.62,13193,22
run_2,259.62,13450,25
run_3,259.62,13786,22
run_4,259.62,14140,21
run_5,259.62,15781,19
run_6,259.62,14544,23
run_7,259.62,13969,21
run_8,259.62,13585,23
run_9,259.62,13424,23
run_10,259.62,14075,20
run_1,259.73,13193,22
run_2,259.73,13450,25
run_3,259.73,13786,22
run_4,259.73,14140,21
run_5,259.73,15781,19
run_6,259.73,14544,23
run_7,259.73,13969,21
run_8,259.73,13585,23
run_9,259.73,13480,23
run_10,259.73,14075,20
run_1,259.81,13193,22
run_2,259.81,13450,25
run_3,259.81,13786,22
run_4,259.81,14140,21
run_5,259.81,15781,19
run_6,259.81,14544,23
run_7,259.81,14037,21
run_8,259.81,13585,23
run_9,259.81,13480,23
run_10,259.81,14075,20
run_1,260,13193,22
run_2,260,13490,25
run_3,260,13786,22
run_4,260,14140,21
run_5,260,15781,19
run_6,260,14544,23
run_7,260,14037,21
run_8,260,13585,23
run_9,260,13480,23
run_10,260,14075,20
run_1,260.01,13261,22
run_2,260.01,13490,25
run_3,260.01,13786,22
run_4,260.01,14140,21
run_5,260.01,15781,19
run_6,260.01,14544,23
run_7,260.01,14037,21
run_8,260.01,13585,23
run_9,260.01,13480,23
run_10,260.01,14075,20
run_1,260.12,13261,22
run_2,260.12,13490,25
run_3,260.12,13814,22
run_4,260.12,14140,21
run_5,260.12,15781,19
run_6,260.12,14544,23
run_7,260.12,14037,21
run_8,260.12,13585,23
run_9,260.12,13480,23
run_10,260.12,14075,20
run_1,260.2,13261,22
run_2,260.2,13490,25
run_3,260.2,13814,22
run_4,260.2,14140,21
run_5,260.2,15813,19
run_6,260.2,14544,23
run_7,260.2,14037,21
run_8,260.2,13585,23
run_9,260.2,13480,23
run_10,260.2,14075,20
run_1,260.3,13261,22
run_2,260.3,13490,25
run_3,260.3,13814,22
run_4,260.3,14192,21
run_5,260.3,15813,19
run_6,260.3,14544,23
run_7,260.3,14037,21
run_8,260.3,13585,23
run_9,260.3,13480,23
run_10,260.3,14075,20
run_1,260.35,13261,22
run_2,260.35,13490,25
run_3,260.35,13814,22
run_4,260.35,14192,21
run_5,260.35,15813,19
run_6,260.35,14544,23
run_7,260.35,14037,21
run_8,260.35,13585,23
run_9,260.35,13480,23
run_10,260.35,14119,20
run_1,260.5,13261,22
run_2,260.5,13490,25
run_3,260.5,13814,22
run_4,260.5,14192,21
run_5,260.5,15813,19
run_6,260.5,14580,23
run_7,260.5,14037,21
run_8,260.5,13585,23
run_9,260.5,13480,23
run_10,260.5,14119,20
run_1,260.9,13261,22
run_2,260.9,13490,25
run_3,260.9,13814,22
run_4,260.9,14192,21
run_5,260.9,15813,19
run_6,260.9,14580,23
run_7,260.9,14037,21
run_8,260.9,13661,23
run_9,260.9,13480,23
run_10,260.9,14119,20
run_1,260.93,13261,22
run_2,260.93,13490,25
run_3,260.93,13814,22
run_4,260.93,14192,21
run_5,260.93,15813,19
run_6,260.93,14580,23
run_7,260.93,14037,21
run_8,260.93,13661,23
run_9,260.93,13532,23
run_10,260.93,14119,20
run_1,261,13261,22
run_2,261,13490,25
run_3,261,13814,22
run_4,261,14192,21
run_5,261,15813,19
run_6,261,14580,23
run_7,261,14093,21
run_8,261,13661,23
run_9,261,13532,23
run_10,261,14119,20
run_1,261.2,13261,22
run_2,261.2,13546,25
run_3,261.2,13814,22
run_4,261.2,14192,21
run_5,261.2,15813,19
run_6,261.2,14580,23
run_7,261.2,14093,21
run_8,261.2,13661,23
run_9,261.2,13532,23
run_10,261.2,14119,20
run_1,261.21,13261,22
run_2,261.21,13546,25
run_3,261.21,13814,22
run_4,261.21,14192,21
run_5,261.21,15869,19
run_6,261.21,14580,23
run_7,261.21,14093,21
run_8,261.21,13661,23
run_9,261.21,13532,23
run_10,261.21,14119,20
run_1,261.43,13261,22
run_2,261.43,13546,25
run_3,261.43,13846,22
run_4,261.43,14252,21
run_5,261.43,15869,19
run_6,261.43,14580,23
run_7,261.43,14093,21
run_8,261.43,13661,23
run_9,261.43,13532,23
run_10,261.43,14119,20
run_1,261.45,13261,22
run_2,261.45,13546,25
run_3,261.45,13846,22
run_4,261.45,14252,21
run_5,261.45,15869,19
run_6,261.45,14580,23
run_7,261.45,14093,21
run_8,261.45,13661,23
run_9,261.45,13532,23
run_10,261.45,14199,20
run_1,261.51,13309,22
run_2,261.51,13546,25
run_3,261.51,13846,22
run_4,261.51,14252,21
run_5,261.51,15869,19
run_6,261.51,14580,23
run_7,261.51,14093,21
run_8,261.51,13661,23
run_9,261.51,13532,23
run_10,261.51,14199,20
run_1,261.75,13309,22
run_2,261.75,13546,25
run_3,261.75,13846,22
run_4,261.75,14252,21
run_5,261.75,15869,19
run_6,261.75,14616,23
run_7,261.75,14093,21
run_8,261.75,13661,23
run_9,261.75,13532,23
run_10,261.75,14199,20
run_1,262.09,13309,22
run_2,262.09,13546,25
run_3,262.09,13846,22
run_4,262.09,14252,21
run_5,262.09,15869,19
run_6,262.09,14616,23
run_7,262.09,14093,21
run_8,262.09,13709,23
run_9,262.09,13532,23
run_10,262.09,14199,20
run_1,262.11,13309,22
run_2,262.11,13546,25
run_3,262.11,13846,22
run_4,262.11,14252,21
run_5,262.11,15869,19
run_6,262.11,14616,23
run_7,262.11,14093,21
run_8,262.11,13709,23
run_9,262.11,13592,23
run_10,262.11,14199,20
run_1,262.19,13309,22
run_2,262.19,13546,25
run_3,262.19,13846,22
run_4,262.19,14252,21
run_5,262.19,15901,19
run_6,262.19,14616,23
run_7,262.19,14093,21
run_8,262.19,13709,23
run_9,262.19,13592,23
run_10,262.19,14199,20
run_1,262.25,13309,22
run_2,262.25,13546,25
run_3,262.25,13846,22
run_4,262.25,14252,21
run_5,262.25,15901,19
run_6,262.25,14616,23
run_7,262.25,14149,21
run_8,262.25,13709,23
run_9,262.25,13592,23
run_10,262.25,14199,20
run_1,262.28,13309,22
run_2,262.28,13590,25
run_3,262.28,13846,22
run_4,262.28,14252,21
run_5,262.28,15901,19
run_6,262.28,14616,23
run_7,262.28,14149,21
run_8,262.28,13709,23
run_9,262.28,13592,23
run_10,262.28,14199,20
run_1,262.49,13309,22
run_2,262.49,13590,25
run_3,262.49,13846,22
run_4,262.49,14252,21
run_5,262.49,15901,19
run_6,262.49,14616,23
run_7,262.49,14149,21
run_8,262.49,13709,23
run_9,262.49,13592,23
run_10,262.49,14251,20
run_1,262.56,13309,22
run_2,262.56,13590,25
run_3,262.56,13846,22
run_4,262.56,14304,21
run_5,262.56,15901,19
run_6,262.56,14616,23
run_7,262.56,14149,21
run_8,262.56,13709,23
run_9,262.56,13592,23
run_10,262.56,14251,20
run_1,262.62,13309,22
run_2,262.62,13590,25
run_3,262.62,13906,22
run_4,262.62,14304,21
run_5,262.62,15901,19
run_6,262.62,14616,23
run_7,262.62,14149,21
run_8,262.62,13709,23
run_9,262.62,13592,23
run_10,262.62,14251,20
run_1,262.74,13369,22
run_2,262.74,13590,25
run_3,262.74,13906,22
run_4,262.74,14304,21
run_5,262.74,15901,19
run_6,262.74,14616,23
run_7,262.74,14149,21
run_8,262.74,13709,23
run_9,262.74,13592,23
run_10,262.74,14251,20
run_1,262.92,13369,22
run_2,262.92,13590,25
run_3,262.92,13906,22
run_4,262.92,14304,21
run_5,262.92,15901,19
run_6,262.92,14692,23
run_7,262.92,14149,21
run_8,262.92,13709,23
run_9,262.92,13592,23
run_10,262.92,14251,20
run_1,263.27,13369,22
run_2,263.27,13590,25
run_3,263.27,13906,22
run_4,263.27,14304,21
run_5,263.27,15933,19
run_6,263.27,14692,23
run_7,263.27,14149,21
run_8,263.27,13709,23
run_9,263.27,13592,23
run_10,263.27,14251,20
run_1,263.33,13369,22
run_2,263.33,13626,25
run_3,263.33,13906,22
run_4,263.33,14304,21
run_5,263.33,15933,19
run_6,263.33,14692,23
run_7,263.33,14149,21
run_8,263.33,13709,23
run_9,263.33,13648,23
run_10,263.33,14251,20
run_1,263.4,13369,22
run_2,263.4,13626,25
run_3,263.4,13906,22
run_4,263.4,14304,21
run_5,263.4,15933,19
run_6,263.4,14692,23
run_7,263.4,14149,21
run_8,263.4,13769,23
run_9,263.4,13648,23
run_10,263.4,14251,20
run_1,263.5,13369,22
run_2,263.5,13626,25
run_3,263.5,13906,22
run_4,263.5,14304,21
run_5,263.5,15933,19
run_6,263.5,14692,23
run_7,263.5,14221,21
run_8,263.5,13769,23
run_9,263.5,13648,23
run_10,263.5,14251,20
run_1,263.56,13369,22
run_2,263.56,13626,25
run_3,263.56,13906,22
run_4,263.56,14304,21
run_5,263.56,15933,19
run_6,263.56,14692,23
run_7,263.56,14221,21
run_8,263.56,13769,23
run_9,263.56,13648,23
run_10,263.56,14315,20
run_1,263.7,13369,22
run_2,263.7,13626,25
run_3,263.7,13946,22
run_4,263.7,14304,21
run_5,263.7,15933,19
run_6,263.7,14692,23
run_7,263.7,14221,21
run_8,263.7,13769,23
run_9,263.7,13648,23
run_10,263.7,14315,20
run_1,263.77,13369,22
run_2,263.77,13626,25
run_3,263.77,13946,22
run_4,263.77,14356,21
run_5,263.77,15933,19
run_6,263.77,14692,23
run_7,263.77,14221,21
run_8,263.77,13769,23
run_9,263.77,13648,23
run_10,263.77,14315,20
run_1,264.23,13369,22
run_2,264.23,13626,25
run_3,264.23,13946,22
run_4,264.23,14356,21
run_5,264.23,15933,19
run_6,264.23,14752,23
run_7,264.23,14221,21
run_8,264.23,13769,23
run_9,264.23,13648,23
run_10,264.23,14315,20
run_1,264.26,13369,22
run_2,264.26,13626,25
run_3,264.26,13946,22
run_4,264.26,14356,21
run_5,264.26,15981,19
run_6,264.26,14752,23
run_7,264.26,14221,21
run_8,264.26,13769,23
run_9,264.26,13648,23
run_10,264.26,14315,20
run_1,264.27,13389,22
run_2,264.27,13626,25
run_3,264.27,13946,22
run_4,264.27,14356,21
run_5,264.27,15981,19
run_6,264.27,14752,23
run_7,264.27,14221,21
run_8,264.27,13769,23
run_9,264.27,13648,23
run_10,264.27,14315,20
run_1,264.5,13389,22
run_2,264.5,13686,25
run_3,264.5,13946,22
run_4,264.5,14356,21
run_5,264.5,15981,19
run_6,264.5,14752,23
run_7,264.5,14221,21
run_8,264.5,13769,23
run_9,264.5,13648,23
run_10,264.5,14315,20
run_1,264.61,13389,22
run_2,264.61,13686,25
run_3,264.61,13946,22
run_4,264.61,14356,21
run_5,264.61,15981,19
run_6,264.61,14752,23
run_7,264.61,14221,21
run_8,264.61,13821,23
run_9,264.61,13648,23
run_10,264.61,14315,20
run_1,264.62,13389,22
run_2,264.62,13686,25
run_3,264.62,13946,22
run_4,264.62,14356,21
run_5,264.62,15981,19
run_6,264.62,14752,23
run_7,264.62,14221,21
run_8,264.62,13821,23
run_9,264.62,13688,23
run_10,264.62,14315,20
run_1,264.73,13389,22
run_2,264.73,13686,25
run_3,264.73,13946,22
run_4,264.73,14356,21
run_5,264.73,15981,19
run_6,264.73,14752,23
run_7,264.73,14221,21
run_8,264.73,13821,23
run_9,264.73,13688,23
run_10,264.73,14359,20
run_1,264.79,13389,22
run_2,264.79,13686,25
run_3,264.79,13946,22
run_4,264.79,14356,21
run_5,264.79,15981,19
run_6,264.79,14752,23
run_7,264.79,14297,21
run_8,264.79,13821,23
run_9,264.79,13688,23
run_10,264.79,14359,20
run_1,264.85,13389,22
run_2,264.85,13686,25
run_3,264.85,13994,22
run_4,264.85,14356,21
run_5,264.85,15981,19
run_6,264.85,14752,23
run_7,264.85,14297,21
run_8,264.85,13821,23
run_9,264.85,13688,23
run_10,264.85,14359,20
run_1,265,13389,22
run_2,265,13686,25
run_3,265,13994,22
run_4,265,14392,21
run_5,265,15981,19
run_6,265,14752,23
run_7,265,14297,21
run_8,265,13821,23
run_9,265,13688,23
run_10,265,14359,20
run_1,265.29,13389,22
run_2,265.29,13686,25
run_3,265.29,13994,22
run_4,265.29,14392,21
run_5,265.29,16029,19
run_6,265.29,14752,23
run_7,265.29,14297,21
run_8,265.29,13821,23
run_9,265.29,13688,23
run_10,265.29,14359,20
run_1,265.38,13389,22
run_2,265.38,13686,25
run_3,265.38,13994,22
run_4,265.38,14392,21
run_5,265.38,16029,19
run_6,265.38,14792,23
run_7,265.38,14297,21
run_8,265.38,13821,23
run_9,265.38,13688,23
run_10,265.38,14359,20
run_1,265.53,13389,22
run_2,265.53,13750,25
run_3,265.53,13994,22
run_4,265.53,14392,21
run_5,265.53,16029,19
run_6,265.53,14792,23
run_7,265.53,14297,21
run_8,265.53,13821,23
run_9,265.53,13688,23
run_10,265.53,14359,20
run_1,265.72,13441,22
run_2,265.72,13750,25
run_3,265.72,13994,22
run_4,265.72,14392,21
run_5,265.72,16029,19
run_6,265.72,14792,23
run_7,265.72,14297,21
run_8,265.72,13821,23
run_9,265.72,13688,23
run_10,265.72,14359,20
run_1,265.8,13441,22
run_2,265.8,13750,25
run_3,265.8,13994,22
run_4,265.8,14392,21
run_5,265.8,16029,19
run_6,265.8,14792,23
run_7,265.8,14297,21
run_8,265.8,13841,23
run_9,265.8,13688,23
run_10,265.8,14359,20
run_1,265.84,13441,22
run_2,265.84,13750,25
run_3,265.84,13994,22
run_4,265.84,14392,21
run_5,265.84,16029,19
run_6,265.84,14792,23
run_7,265.84,14297,21
run_8,265.84,13841,23
run_9,265.84,13744,23
run_10,265.84,14359,20
run_1,265.99,13441,22
run_2,265.99,13750,25
run_3,265.99,14042,22
run_4,265.99,14392,21
run_5,265.99,16029,19
run_6,265.99,14792,23
run_7,265.99,14297,21
run_8,265.99,13841,23
run_9,265.99,13744,23
run_10,265.99,14359,20
run_1,266.07,13441,22
run_2,266.07,13750,25
run_3,266.07,14042,22
run_4,266.07,14392,21
run_5,266.07,16029,19
run_6,266.07,14792,23
run_7,266.07,14297,21
run_8,266.07,13841,23
run_9,266.07,13744,23
run_10,266.07,14383,20
run_1,266.15,13441,22
run_2,266.15,13750,25
run_3,266.15,14042,22
run_4,266.15,14440,21
run_5,266.15,16029,19
run_6,266.15,14792,23
run_7,266.15,14297,21
run_8,266.15,13841,23
run_9,266.15,13744,23
run_10,266.15,14383,20
run_1,266.18,13441,22
run_2,266.18,13750,25
run_3,266.18,14042,22
run_4,266.18,14440,21
run_5,266.18,16029,19
run_6,266.18,14792,23
run_7,266.18,14345,21
run_8,266.18,13841,23
run_9,266.18,13744,23
run_10,266.18,14383,20
run_1,266.31,13441,22
run_2,266.31,13750,25
run_3,266.31,14042,22
run_4,266.31,14440,21
run_5,266.31,16065,19
run_6,266.31,14792,23
run_7,266.31,14345,21
run_8,266.31,13841,23
run_9,266.31,13744,23
run_10,266.31,14383,20
run_1,266.55,13441,22
run_2,266.55,13750,25
run_3,266.55,14042,22
run_4,266.55,14440,21
run_5,266.55,16065,19
run_6,266.55,14852,23
run_7,266.55,14345,21
run_8,266.55,13841,23
run_9,266.55,13744,23
run_10,266.55,14383,20
run_1,266.69,13441,22
run_2,266.69,13826,25
run_3,266.69,14042,22
run_4,266.69,14440,21
run_5,266.69,16065,19
run_6,266.69,14852,23
run_7,266.69,14345,21
run_8,266.69,13841,23
run_9,266.69,13744,23
run_10,266.69,14383,20
run_1,267.04,13441,22
run_2,267.04,13826,25
run_3,267.04,14042,22
run_4,267.04,14440,21
run_5,267.04,16065,19
run_6,267.04,14852,23
run_7,267.04,14345,21
run_8,267.04,13841,23
run_9,267.04,13804,23
run_10,267.04,14383,20
run_1,267.08,13441,22
run_2,267.08,13826,25
run_3,267.08,14042,22
run_4,267.08,14440,21
run_5,267.08,16065,19
run_6,267.08,14852,23
run_7,267.08,14345,21
run_8,267.08,13901,23
run_9,267.08,13804,23
run_10,267.08,14383,20
run_1,267.11,13473,22
run_2,267.11,13826,25
run_3,267.11,14042,22
run_4,267.11,14440,21
run_5,267.11,16065,19
run_6,267.11,14852,23
run_7,267.11,14345,21
run_8,267.11,13901,23
run_9,267.11,13804,23
run_10,267.11,14383,20
run_1,267.19,13473,22
run_2,267.19,13826,25
run_3,267.19,14042,22
run_4,267.19,14484,21
run_5,267.19,16065,19
run_6,267.19,14852,23
run_7,267.19,14345,21
run_8,267.19,13901,23
run_9,267.19,13804,23
run_10,267.19,14383,20
run_1,267.24,13473,22
run_2,267.24,13826,25
run_3,267.24,14090,22
run_4,267.24,14484,21
run_5,267.24,16065,19
run_6,267.24,14852,23
run_7,267.24,14345,21
run_8,267.24,13901,23
run_9,267.24,13804,23
run_10,267.24,14383,20
run_1,267.25,13473,22
run_2,267.25,13826,25
run_3,267.25,14090,22
run_4,267.25,14484,21
run_5,267.25,16065,19
run_6,267.25,14852,23
run_7,267.25,14345,21
run_8,267.25,13901,23
run_9,267.25,13804,23
run_10,267.25,14423,20
run_1,267.43,13473,22
run_2,267.43,13826,25
run_3,267.43,14090,22
run_4,267.43,14484,21
run_5,267.43,16065,19
run_6,267.43,14852,23
run_7,267.43,14401,21
run_8,267.43,13901,23
run_9,267.43,13804,23
run_10,267.43,14423,20
run_1,267.5,13473,22
run_2,267.5,13826,25
run_3,267.5,14090,22
run_4,267.5,14484,21
run_5,267.5,16117,19
run_6,267.5,14852,23
run_7,267.5,14401,21
run_8,267.5,13901,23
run_9,267.5,13804,23
run_10,267.5,14423,20
run_1,267.71,13473,22
run_2,267.71,13826,25
run_3,267.71,14090,22
run_4,267.71,14484,21
run_5,267.71,16117,19
run_6,267.71,14896,23
run_7,267.71,14401,21
run_8,267.71,13901,23
run_9,267.71,13804,23
run_10,267.71,14423,20
run_1,267.72,13473,22
run_2,267.72,13858,25
run_3,267.72,14090,22
run_4,267.72,14484,21
run_5,267.72,16117,19
run_6,267.72,14896,23
run_7,267.72,14401,21
run_8,267.72,13901,23
run_9,267.72,13804,23
run_10,267.72,14423,20
run_1,268.23,13473,22
run_2,268.23,13858,25
run_3,268.23,14090,22
run_4,268.23,14504,21
run_5,268.23,16117,19
run_6,268.23,14896,23
run_7,268.23,14401,21
run_8,268.23,13901,23
run_9,268.23,13804,23
run_10,268.23,14423,20
run_1,268.31,13473,22
run_2,268.31,13858,25
run_3,268.31,14090,22
run_4,268.31,14504,21
run_5,268.31,16117,19
run_6,268.31,14896,23
run_7,268.31,14401,21
run_8,268.31,13957,23
run_9,268.31,13804,23
run_10,268.31,14423,20
run_1,268.36,13473,22
run_2,268.36,13858,25
run_3,268.36,14090,22
run_4,268.36,14504,21
run_5,268.36,16117,19
run_6,268.36,14896,23
run_7,268.36,14401,21
run_8,268.36,13957,23
run_9,268.36,13844,23
run_10,268.36,14423,20
run_1,268.37,13473,22
run_2,268.37,13858,25
run_3,268.37,14090,22
run_4,268.37,14504,21
run_5,268.37,16117,19
run_6,268.37,14896,23
run_7,268.37,14401,21
run_8,268.37,13957,23
run_9,268.37,13844,23
run_10,268.37,14459,20
run_1,268.41,13525,22
run_2,268.41,13858,25
run_3,268.41,14090,22
run_4,268.41,14504,21
run_5,268.41,16117,19
run_6,268.41,14896,23
run_7,268.41,14401,21
run_8,268.41,13957,23
run_9,268.41,13844,23
run_10,268.41,14459,20
run_1,268.46,13525,22
run_2,268.46,13858,25
run_3,268.46,14122,22
run_4,268.46,14504,21
run_5,268.46,16117,19
run_6,268.46,14896,23
run_7,268.46,14401,21
run_8,268.46,13957,23
run_9,268.46,13844,23
run_10,268.46,14459,20
run_1,268.66,13525,22
run_2,268.66,13858,25
run_3,268.66,14122,22
run_4,268.66,14504,21
run_5,268.66,16193,19
run_6,268.66,14896,23
run_7,268.66,14401,21
run_8,268.66,13957,23
run_9,268.66,13844,23
run_10,268.66,14459,20
run_1,268.72,13525,22
run_2,268.72,13858,25
run_3,268.72,14122,22
run_4,268.72,14504,21
run_5,268.72,16193,19
run_6,268.72,14896,23
run_7,268.72,14453,21
run_8,268.72,13957,23
run_9,268.72,13844,23
run_10,268.72,14459,20
run_1,268.87,13525,22
run_2,268.87,13910,25
run_3,268.87,14122,22
run_4,268.87,14504,21
run_5,268.87,16193,19
run_6,268.87,14940,23
run_7,268.87,14453,21
run_8,268.87,13957,23
run_9,268.87,13844,23
run_10,268.87,14459,20
run_1,269.47,13525,22
run_2,269.47,13910,25
run_3,269.47,14122,22
run_4,269.47,14504,21
run_5,269.47,16193,19
run_6,269.47,14940,23
run_7,269.47,14453,21
run_8,269.47,13957,23
run_9,269.47,13844,23
run_10,269.47,14507,20
run_1,269.5,13525,22
run_2,269.5,13910,25
run_3,269.5,14122,22
run_4,269.5,14504,21
run_5,269.5,16193,19
run_6,269.5,14940,23
run_7,269.5,14453,21
run_8,269.5,13977,23
run_9,269.5,13844,23
run_10,269.5,14507,20
run_1,269.55,13525,22
run_2,269.55,13910,25
run_3,269.55,14122,22
run_4,269.55,14504,21
run_5,269.55,16193,19
run_6,269.55,14940,23
run_7,269.55,14453,21
run_8,269.55,13977,23
run_9,269.55,13880,23
run_10,269.55,14507,20
run_1,269.65,13525,22
run_2,269.65,13910,25
run_3,269.65,14122,22
run_4,269.65,14548,21
run_5,269.65,16193,19
run_6,269.65,14940,23
run_7,269.65,14453,21
run_8,269.65,13977,23
run_9,269.65,13880,23
run_10,269.65,14507,20
run_1,269.66,13525,22
run_2,269.66,13910,25
run_3,269.66,14122,22
run_4,269.66,14548,21
run_5,269.66,16245,19
run_6,269.66,14940,23
run_7,269.66,14453,21
run_8,269.66,13977,23
run_9,269.66,13880,23
run_10,269.66,14507,20
run_1,269.72,13525,22
run_2,269.72,13910,25
run_3,269.72,14174,22
run_4,269.72,14548,21
run_5,269.72,16245,19
run_6,269.72,14940,23
run_7,269.72,14453,21
run_8,269.72,13977,23
run_9,269.72,13880,23
run_10,269.72,14507,20
run_1,269.76,13573,22
run_2,269.76,13910,25
run_3,269.76,14174,22
run_4,269.76,14548,21
run_5,269.76,16245,19
run_6,269.76,14940,23
run_7,269.76,14453,21
run_8,269.76,13977,23
run_9,269.76,13880,23
run_10,269.76,14507,20
run_1,269.97,13573,22
run_2,269.97,13910,25
run_3,269.97,14174,22
run_4,269.97,14548,21
run_5,269.97,16245,19
run_6,269.97,14940,23
run_7,269.97,14497,21
run_8,269.97,13977,23
run_9,269.97,13880,23
run_10,269.97,14507,20
run_1,270.06,13573,22
run_2,270.06,13910,25
run_3,270.06,14174,22
run_4,270.06,14548,21
run_5,270.06,16245,19
run_6,270.06,15008,23
run_7,270.06,14497,21
run_8,270.06,13977,23
run_9,270.06,13880,23
run_10,270.06,14507,20
run_1,270.21,13573,22
run_2,270.21,13946,25
run_3,270.21,14174,22
run_4,270.21,14548,21
run_5,270.21,16245,19
run_6,270.21,15008,23
run_7,270.21,14497,21
run_8,270.21,13977,23
run_9,270.21,13880,23
run_10,270.21,14507,20
run_1,270.5,13573,22
run_2,270.5,13946,25
run_3,270.5,14174,22
run_4,270.5,14548,21
run_5,270.5,16245,19
run_6,270.5,15008,23
run_7,270.5,14497,21
run_8,270.5,13977,23
run_9,270.5,13880,23
run_10,270.5,14567,20
run_1,270.67,13573,22
run_2,270.67,13946,25
run_3,270.67,14174,22
run_4,270.67,14548,21
run_5,270.67,16289,19
run_6,270.67,15008,23
run_7,270.67,14497,21
run_8,270.67,13977,23
run_9,270.67,13880,23
run_10,270.67,14567,20
run_1,270.7,13573,22
run_2,270.7,13946,25
run_3,270.7,14174,22
run_4,270.7,14548,21
run_5,270.7,16289,19
run_6,270.7,15008,23
run_7,270.7,14497,21
run_8,270.7,13997,23
run_9,270.7,13880,23
run_10,270.7,14567,20
run_1,270.71,13573,22
run_2,270.71,13946,25
run_3,270.71,14174,22
run_4,270.71,14548,21
run_5,270.71,16289,19
run_6,270.71,15008,23
run_7,270.71,14497,21
run_8,270.71,13997,23
run_9,270.71,13900,23
run_10,270.71,14567,20
run_1,270.78,13573,22
run_2,270.78,13946,25
run_3,270.78,14174,22
run_4,270.78,14584,21
run_5,270.78,16289,19
run_6,270.78,15008,23
run_7,270.78,14497,21
run_8,270.78,13997,23
run_9,270.78,13900,23
run_10,270.78,14567,20
run_1,271.11,13621,22
run_2,271.11,13946,25
run_3,271.11,14174,22
run_4,271.11,14584,21
run_5,271.11,16289,19
run_6,271.11,15008,23
run_7,271.11,14497,21
run_8,271.11,13997,23
run_9,271.11,13900,23
run_10,271.11,14567,20
run_1,271.23,13621,22
run_2,271.23,13946,25
run_3,271.23,14174,22
run_4,271.23,14584,21
run_5,271.23,16289,19
run_6,271.23,15032,23
run_7,271.23,14497,21
run_8,271.23,13997,23
run_9,271.23,13900,23
run_10,271.23,14567,20
run_1,271.24,13621,22
run_2,271.24,13946,25
run_3,271.24,14174,22
run_4,271.24,14584,21
run_5,271.24,16289,19
run_6,271.24,15032,23
run_7,271.24,14533,21
run_8,271.24,13997,23
run_9,271.24,13900,23
run_10,271.24,14567,20
run_1,271.49,13621,22
run_2,271.49,13946,25
run_3,271.49,14226,22
run_4,271.49,14584,21
run_5,271.49,16289,19
run_6,271.49,15032,23
run_7,271.49,14533,21
run_8,271.49,13997,23
run_9,271.49,13900,23
run_10,271.49,14567,20
run_1,271.57,13621,22
run_2,271.57,13994,25
run_3,271.57,14226,22
run_4,271.57,14584,21
run_5,271.57,16289,19
run_6,271.57,15032,23
run_7,271.57,14533,21
run_8,271.57,13997,23
run_9,271.57,13900,23
run_10,271.57,14567,20
run_1,271.63,13621,22
run_2,271.63,13994,25
run_3,271.63,14226,22
run_4,271.63,14584,21
run_5,271.63,16289,19
run_6,271.63,15032,23
run_7,271.63,14533,21
run_8,271.63,13997,23
run_9,271.63,13900,23
run_10,271.63,14651,20
run_1,271.67,13621,22
run_2,271.67,13994,25
run_3,271.67,14226,22
run_4,271.67,14584,21
run_5,271.67,16321,19
run_6,271.67,15032,23
run_7,271.67,14533,21
run_8,271.67,13997,23
run_9,271.67,13900,23
run_10,271.67,14651,20
run_1,271.84,13621,22
run_2,271.84,13994,25
run_3,271.84,14226,22
run_4,271.84,14584,21
run_5,271.84,16321,19
run_6,271.84,15032,23
run_7,271.84,14533,21
run_8,271.84,13997,23
run_9,271.84,13952,23
run_10,271.84,14651,20
run_1,271.86,13621,22
run_2,271.86,13994,25
run_3,271.86,14226,22
run_4,271.86,14620,21
run_5,271.86,16321,19
run_6,271.86,15032,23
run_7,271.86,14533,21
run_8,271.86,13997,23
run_9,271.86,13952,23
run_10,271.86,14651,20
run_1,272.03,13621,22
run_2,272.03,13994,25
run_3,272.03,14226,22
run_4,272.03,14620,21
run_5,272.03,16321,19
run_6,272.03,15032,23
run_7,272.03,14533,21
run_8,272.03,14037,23
run_9,272.03,13952,23
run_10,272.03,14651,20
run_1,272.41,13621,22
run_2,272.41,13994,25
run_3,272.41,14226,22
run_4,272.41,14620,21
run_5,272.41,16321,19
run_6,272.41,15080,23
run_7,272.41,14533,21
run_8,272.41,14037,23
run_9,272.41,13952,23
run_10,272.41,14651,20
run_1,272.45,13669,22
run_2,272.45,13994,25
run_3,272.45,14226,22
run_4,272.45,14620,21
run_5,272.45,16321,19
run_6,272.45,15080,23
run_7,272.45,14533,21
run_8,272.45,14037,23
run_9,272.45,13952,23
run_10,272.45,14651,20
run_1,272.63,13669,22
run_2,272.63,13994,25
run_3,272.63,14226,22
run_4,272.63,14620,21
run_5,272.63,16321,19
run_6,272.63,15080,23
run_7,272.63,14533,21
run_8,272.63,14037,23
run_9,272.63,13952,23
run_10,272.63,14711,20
run_1,272.67,13669,22
run_2,272.67,13994,25
run_3,272.67,14226,22
run_4,272.67,14620,21
run_5,272.67,16369,19
run_6,272.67,15080,23
run_7,272.67,14533,21
run_8,272.67,14037,23
run_9,272.67,13952,23
run_10,272.67,14711,20
run_1,272.72,13669,22
run_2,272.72,13994,25
run_3,272.72,14226,22
run_4,272.72,14620,21
run_5,272.72,16369,19
run_6,272.72,15080,23
run_7,272.72,14589,21
run_8,272.72,14037,23
run_9,272.72,13952,23
run_10,272.72,14711,20
run_1,272.89,13669,22
run_2,272.89,13994,25
run_3,272.89,14226,22
run_4,272.89,14652,21
run_5,272.89,16369,19
run_6,272.89,15080,23
run_7,272.89,14589,21
run_8,272.89,14037,23
run_9,272.89,13952,23
run_10,272.89,14711,20
run_1,273.01,13669,22
run_2,273.01,13994,25
run_3,273.01,14238,22
run_4,273.01,14652,21
run_5,273.01,16369,19
run_6,273.01,15080,23
run_7,273.01,14589,21
run_8,273.01,14037,23
run_9,273.01,13952,23
run_10,273.01,14711,20
run_1,273.07,13669,22
run_2,273.07,13994,25
run_3,273.07,14238,22
run_4,273.07,14652,21
run_5,273.07,16369,19
run_6,273.07,15080,23
run_7,273.07,14589,21
run_8,273.07,14037,23
run_9,273.07,14000,23
run_10,273.07,14711,20
run_1,273.25,13669,22
run_2,273.25,14042,25
run_3,273.25,14238,22
run_4,273.25,14652,21
run_5,273.25,16369,19
run_6,273.25,15080,23
run_7,273.25,14589,21
run_8,273.25,14037,23
run_9,273.25,14000,23
run_10,273.25,14711,20
run_1,273.28,13669,22
run_2,273.28,14042,25
run_3,273.28,14238,22
run_4,273.28,14652,21
run_5,273.28,16369,19
run_6,273.28,15080,23
run_7,273.28,14589,21
run_8,273.28,14105,23
run_9,273.28,14000,23
run_10,273.28,14711,20
run_1,273.59,13669,22
run_2,273.59,14042,25
run_3,273.59,14238,22
run_4,273.59,14652,21
run_5,273.59,16369,19
run_6,273.59,15144,23
run_7,273.59,14589,21
run_8,273.59,14105,23
run_9,273.59,14000,23
run_10,273.59,14711,20
run_1,273.67,13669,22
run_2,273.67,14042,25
run_3,273.67,14238,22
run_4,273.67,14652,21
run_5,273.67,16409,19
run_6,273.67,15144,23
run_7,273.67,14589,21
run_8,273.67,14105,23
run_9,273.67,14000,23
run_10,273.67,14711,20
run_1,273.73,13669,22
run_2,273.73,14042,25
run_3,273.73,14238,22
run_4,273.73,14652,21
run_5,273.73,16409,19
run_6,273.73,15144,23
run_7,273.73,14589,21
run_8,273.73,14105,23
run_9,273.73,14000,23
run_10,273.73,14743,20
run_1,273.85,13713,22
run_2,273.85,14042,25
run_3,273.85,14238,22
run_4,273.85,14652,21
run_5,273.85,16409,19
run_6,273.85,15144,23
run_7,273.85,14589,21
run_8,273.85,14105,23
run_9,273.85,14000,23
run_10,273.85,14743,20
run_1,273.94,13713,22
run_2,273.94,14042,25
run_3,273.94,14238,22
run_4,273.94,14704,21
run_5,273.94,16409,19
run_6,273.94,15144,23
run_7,273.94,14589,21
run_8,273.94,14105,23
run_9,273.94,14000,23
run_10,273.94,14743,20
run_1,274.01,13713,22
run_2,274.01,14042,25
run_3,274.01,14238,22
run_4,274.01,14704,21
run_5,274.01,16409,19
run_6,274.01,15144,23
run_7,274.01,14629,21
run_8,274.01,14105,23
run_9,274.01,14000,23
run_10,274.01,14743,20
run_1,274.2,13713,22
run_2,274.2,14042,25
run_3,274.2,14294,22
run_4,274.2,14704,21
run_5,274.2,16409,19
run_6,274.2,15144,23
run_7,274.2,14629,21
run_8,274.2,14105,23
run_9,274.2,14000,23
run_10,274.2,14743,20
run_1,274.35,13713,22
run_2,274.35,14042,25
run_3,274.35,14294,22
run_4,274.35,14704,21
run_5,274.35,16409,19
run_6,274.35,15144,23
run_7,274.35,14629,21
run_8,274.35,14105,23
run_9,274.35,14056,23
run_10,274.35,14743,20
run_1,274.5,13713,22
run_2,274.5,14042,25
run_3,274.5,14294,22
run_4,274.5,14704,21
run_5,274.5,16409,19
run_6,274.5,15144,23
run_7,274.5,14629,21
run_8,274.5,14153,23
run_9,274.5,14056,23
run_10,274.5,14743,20
run_1,274.57,13713,22
run_2,274.57,14094,25
run_3,274.57,14294,22
run_4,274.57,14704,21
run_5,274.57,16409,19
run_6,274.57,15144,23
run_7,274.57,14629,21
run_8,274.57,14153,23
run_9,274.57,14056,23
run_10,274.57,14743,20
run_1,274.86,13713,22
run_2,274.86,14094,25
run_3,274.86,14294,22
run_4,274.86,14704,21
run_5,274.86,16449,19
run_6,274.86,15144,23
run_7,274.86,14629,21
run_8,274.86,14153,23
run_9,274.86,14056,23
run_10,274.86,14743,20
run_1,274.91,13713,22
run_2,274.91,14094,25
run_3,274.91,14294,22
run_4,274.91,14704,21
run_5,274.91,16449,19
run_6,274.91,15144,23
run_7,274.91,14629,21
run_8,274.91,14153,23
run_9,274.91,14056,23
run_10,274.91,14787,20
run_1,274.92,13713,22
run_2,274.92,14094,25
run_3,274.92,14294,22
run_4,274.92,14704,21
run_5,274.92,16449,19
run_6,274.92,15216,23
run_7,274.92,14629,21
run_8,274.92,14153,23
run_9,274.92,14056,23
run_10,274.92,14787,20
run_1,274.98,13713,22
run_2,274.98,14094,25
run_3,274.98,14294,22
run_4,274.98,14748,21
run_5,274.98,16449,19
run_6,274.98,15216,23
run_7,274.98,14629,21
run_8,274.98,14153,23
run_9,274.98,14056,23
run_10,274.98,14787,20
run_1,275.29,13713,22
run_2,275.29,14094,25
run_3,275.29,14294,22
run_4,275.29,14748,21
run_5,275.29,16449,19
run_6,275.29,15216,23
run_7,275.29,14661,21
run_8,275.29,14153,23
run_9,275.29,14056,23
run_10,275.29,14787,20
run_1,275.34,13753,22
run_2,275.34,14094,25
run_3,275.34,14294,22
run_4,275.34,14748,21
run_5,275.34,16449,19
run_6,275.34,15216,23
run_7,275.34,14661,21
run_8,275.34,14153,23
run_9,275.34,14056,23
run_10,275.34,14787,20
run_1,275.43,13753,22
run_2,275.43,14094,25
run_3,275.43,14338,22
run_4,275.43,14748,21
run_5,275.43,16449,19
run_6,275.43,15216,23
run_7,275.43,14661,21
run_8,275.43,14153,23
run_9,275.43,14056,23
run_10,275.43,14787,20
run_1,275.52,13753,22
run_2,275.52,14094,25
run_3,275.52,14338,22
run_4,275.52,14748,21
run_5,275.52,16449,19
run_6,275.52,15216,23
run_7,275.52,14661,21
run_8,275.52,14153,23
run_9,275.52,14104,23
run_10,275.52,14787,20
run_1,275.72,13753,22
run_2,275.72,14094,25
run_3,275.72,14338,22
run_4,275.72,14748,21
run_5,275.72,16449,19
run_6,275.72,15216,23
run_7,275.72,14661,21
run_8,275.72,14181,23
run_9,275.72,14104,23
run_10,275.72,14787,20
run_1,275.77,13753,22
run_2,275.77,14114,25
run_3,275.77,14338,22
run_4,275.77,14748,21
run_5,275.77,16449,19
run_6,275.77,15216,23
run_7,275.77,14661,21
run_8,275.77,14181,23
run_9,275.77,14104,23
run_10,275.77,14787,20
run_1,275.91,13753,22
run_2,275.91,14114,25
run_3,275.91,14338,22
run_4,275.91,14748,21
run_5,275.91,16449,19
run_6,275.91,15216,23
run_7,275.91,14661,21
run_8,275.91,14181,23
run_9,275.91,14104,23
run_10,275.91,14827,20
run_1,276,13753,22
run_2,276,14114,25
run_3,276,14338,22
run_4,276,14748,21
run_5,276,16521,19
run_6,276,15216,23
run_7,276,14661,21
run_8,276,14181,23
run_9,276,14104,23
run_10,276,14827,20
run_1,276.05,13753,22
run_2,276.05,14114,25
run_3,276.05,14338,22
run_4,276.05,14796,21
run_5,276.05,16521,19
run_6,276.05,15216,23
run_7,276.05,14661,21
run_8,276.05,14181,23
run_9,276.05,14104,23
run_10,276.05,14827,20
run_1,276.1,13753,22
run_2,276.1,14114,25
run_3,276.1,14338,22
run_4,276.1,14796,21
run_5,276.1,16521,19
run_6,276.1,15252,23
run_7,276.1,14661,21
run_8,276.1,14181,23
run_9,276.1,14104,23
run_10,276.1,14827,20
run_1,276.66,13753,22
run_2,276.66,14114,25
run_3,276.66,14382,22
run_4,276.66,14796,21
run_5,276.66,16521,19
run_6,276.66,15252,23
run_7,276.66,14701,21
run_8,276.66,14181,23
run_9,276.66,14104,23
run_10,276.66,14827,20
run_1,276.73,13797,22
run_2,276.73,14114,25
run_3,276.73,14382,22
run_4,276.73,14796,21
run_5,276.73,16521,19
run_6,276.73,15252,23
run_7,276.73,14701,21
run_8,276.73,14181,23
run_9,276.73,14104,23
run_10,276.73,14827,20
run_1,276.74,13797,22
run_2,276.74,14114,25
run_3,276.74,14382,22
run_4,276.74,14796,21
run_5,276.74,16521,19
run_6,276.74,15252,23
run_7,276.74,14701,21
run_8,276.74,14181,23
run_9,276.74,14140,23
run_10,276.74,14827,20
run_1,276.87,13797,22
run_2,276.87,14114,25
run_3,276.87,14382,22
run_4,276.87,14796,21
run_5,276.87,16521,19
run_6,276.87,15252,23
run_7,276.87,14701,21
run_8,276.87,14217,23
run_9,276.87,14140,23
run_10,276.87,14827,20
run_1,276.92,13797,22
run_2,276.92,14150,25
run_3,276.92,14382,22
run_4,276.92,14796,21
run_5,276.92,16521,19
run_6,276.92,15252,23
run_7,276.92,14701,21
run_8,276.92,14217,23
run_9,276.92,14140,23
run_10,276.92,14827,20
run_1,277.01,13797,22
run_2,277.01,14150,25
run_3,277.01,14382,22
run_4,277.01,14796,21
run_5,277.01,16521,19
run_6,277.01,15252,23
run_7,277.01,14701,21
run_8,277.01,14217,23
run_9,277.01,14140,23
run_10,277.01,14867,20
run_1,277.07,13797,22
run_2,277.07,14150,25
run_3,277.07,14382,22
run_4,277.07,14852,21
run_5,277.07,16521,19
run_6,277.07,15252,23
run_7,277.07,14701,21
run_8,277.07,14217,23
run_9,277.07,14140,23
run_10,277.07,14867,20
run_1,277.16,13797,22
run_2,277.16,14150,25
run_3,277.16,14382,22
run_4,277.16,14852,21
run_5,277.16,16569,19
run_6,277.16,15252,23
run_7,277.16,14701,21
run_8,277.16,14217,23
run_9,277.16,14140,23
run_10,277.16,14867,20
run_1,277.34,13797,22
run_2,277.34,14150,25
run_3,277.34,14382,22
run_4,277.34,14852,21
run_5,277.34,16569,19
run_6,277.34,15292,23
run_7,277.34,14701,21
run_8,277.34,14217,23
run_9,277.34,14140,23
run_10,277.34,14867,20
run_1,277.86,13797,22
run_2,277.86,14150,25
run_3,277.86,14434,22
run_4,277.86,14852,21
run_5,277.86,16569,19
run_6,277.86,15292,23
run_7,277.86,14701,21
run_8,277.86,14217,23
run_9,277.86,14140,23
run_10,277.86,14867,20
run_1,277.9,13797,22
run_2,277.9,14150,25
run_3,277.9,14434,22
run_4,277.9,14852,21
run_5,277.9,16569,19
run_6,277.9,15292,23
run_7,277.9,14749,21
run_8,277.9,14217,23
run_9,277.9,14140,23
run_10,277.9,14867,20
run_1,277.93,13797,22
run_2,277.93,14150,25
run_3,277.93,14434,22
run_4,277.93,14852,21
run_5,277.93,16569,19
run_6,277.93,15292,23
run_7,277.93,14749,21
run_8,277.93,14217,23
run_9,277.93,14188,23
run_10,277.93,14867,20
run_1,278.04,13797,22
run_2,278.04,14150,25
run_3,278.04,14434,22
run_4,278.04,14852,21
run_5,278.04,16569,19
run_6,278.04,15292,23
run_7,278.04,14749,21
run_8,278.04,14217,23
run_9,278.04,14188,23
run_10,278.04,14907,20
run_1,278.05,13821,22
run_2,278.05,14150,25
run_3,278.05,14434,22
run_4,278.05,14852,21
run_5,278.05,16569,19
run_6,278.05,15292,23
run_7,278.05,14749,21
run_8,278.05,14217,23
run_9,278.05,14188,23
run_10,278.05,14907,20
run_1,278.06,13821,22
run_2,278.06,14150,25
run_3,278.06,14434,22
run_4,278.06,14852,21
run_5,278.06,16569,19
run_6,278.06,15292,23
run_7,278.06,14749,21
run_8,278.06,14257,23
run_9,278.06,14188,23
run_10,278.06,14907,20
run_1,278.09,13821,22
run_2,278.09,14174,25
run_3,278.09,14434,22
run_4,278.09,14852,21
run_5,278.09,16569,19
run_6,278.09,15292,23
run_7,278.09,14749,21
run_8,278.09,14257,23
run_9,278.09,14188,23
run_10,278.09,14907,20
run_1,278.18,13821,22
run_2,278.18,14174,25
run_3,278.18,14434,22
run_4,278.18,14900,21
run_5,278.18,16569,19
run_6,278.18,15292,23
run_7,278.18,14749,21
run_8,278.18,14257,23
run_9,278.18,14188,23
run_10,278.18,14907,20
run_1,278.2,13821,22
run_2,278.2,14174,25
run_3,278.2,14434,22
run_4,278.2,14900,21
run_5,278.2,16609,19
run_6,278.2,15292,23
run_7,278.2,14749,21
run_8,278.2,14257,23
run_9,278.2,14188,23
run_10,278.2,14907,20
run_1,278.51,13821,22
run_2,278.51,14174,25
run_3,278.51,14434,22
run_4,278.51,14900,21
run_5,278.51,16609,19
run_6,278.51,15328,23
run_7,278.51,14749,21
run_8,278.51,14257,23
run_9,278.51,14188,23
run_10,278.51,14907,20
run_1,279.04,13821,22
run_2,279.04,14174,25
run_3,279.04,14474,22
run_4,279.04,14900,21
run_5,279.04,16609,19
run_6,279.04,15328,23
run_7,279.04,14749,21
run_8,279.04,14257,23
run_9,279.04,14188,23
run_10,279.04,14907,20
run_1,279.11,13821,22
run_2,279.11,14174,25
run_3,279.11,14474,22
run_4,279.11,14900,21
run_5,279.11,16609,19
run_6,279.11,15328,23
run_7,279.11,14805,21
run_8,279.11,14257,23
run_9,279.11,14188,23
run_10,279.11,14907,20
run_1,279.21,13821,22
run_2,279.21,14250,25
run_3,279.21,14474,22
run_4,279.21,14900,21
run_5,279.21,16609,19
run_6,279.21,15328,23
run_7,279.21,14805,21
run_8,279.21,14257,23
run_9,279.21,14188,23
run_10,279.21,14907,20
run_1,279.22,13821,22
run_2,279.22,14250,25
run_3,279.22,14474,22
run_4,279.22,14900,21
run_5,279.22,16609,19
run_6,279.22,15328,23
run_7,279.22,14805,21
run_8,279.22,14321,23
run_9,279.22,14188,23
run_10,279.22,14907,20
run_1,279.24,13821,22
run_2,279.24,14250,25
run_3,279.24,14474,22
run_4,279.24,14900,21
run_5,279.24,16609,19
run_6,279.24,15328,23
run_7,279.24,14805,21
run_8,279.24,14321,23
run_9,279.24,14240,23
run_10,279.24,14907,20
run_1,279.26,13821,22
run_2,279.26,14250,25
run_3,279.26,14474,22
run_4,279.26,14900,21
run_5,279.26,16609,19
run_6,279.26,15328,23
run_7,279.26,14805,21
run_8,279.26,14321,23
run_9,279.26,14240,23
run_10,279.26,14955,20
run_1,279.27,13821,22
run_2,279.27,14250,25
run_3,279.27,14474,22
run_4,279.27,14948,21
run_5,279.27,16609,19
run_6,279.27,15328,23
run_7,279.27,14805,21
run_8,279.27,14321,23
run_9,279.27,14240,23
run_10,279.27,14955,20
run_1,279.33,13821,22
run_2,279.33,14250,25
run_3,279.33,14474,22
run_4,279.33,14948,21
run_5,279.33,16657,19
run_6,279.33,15328,23
run_7,279.33,14805,21
run_8,279.33,14321,23
run_9,279.33,14240,23
run_10,279.33,14955,20
run_1,279.4,13869,22
run_2,279.4,14250,25
run_3,279.4,14474,22
run_4,279.4,14948,21
run_5,279.4,16657,19
run_6,279.4,15328,23
run_7,279.4,14805,21
run_8,279.4,14321,23
run_9,279.4,14240,23
run_10,279.4,14955,20
run_1,279.64,13869,22
run_2,279.64,14250,25
run_3,279.64,14474,22
run_4,279.64,14948,21
run_5,279.64,16657,19
run_6,279.64,15360,23
run_7,279.64,14805,21
run_8,279.64,14321,23
run_9,279.64,14240,23
run_10,279.64,14955,20
run_1,280.25,13869,22
run_2,280.25,14250,25
run_3,280.25,14518,22
run_4,280.25,14948,21
run_5,280.25,16657,19
run_6,280.25,15360,23
run_7,280.25,14805,21
run_8,280.25,14321,23
run_9,280.25,14240,23
run_10,280.25,14955,20
run_1,280.31,13869,22
run_2,280.31,14262,25
run_3,280.31,14518,22
run_4,280.31,14984,21
run_5,280.31,16657,19
run_6,280.31,15360,23
run_7,280.31,14805,21
run_8,280.31,14321,23
run_9,280.31,14240,23
run_10,280.31,14955,20
run_1,280.34,13869,22
run_2,280.34,14262,25
run_3,280.34,14518,22
run_4,280.34,14984,21
run_5,280.34,16657,19
run_6,280.34,15360,23
run_7,280.34,14857,21
run_8,280.34,14321,23
run_9,280.34,14240,23
run_10,280.34,14955,20
run_1,280.4,13869,22
run_2,280.4,14262,25
run_3,280.4,14518,22
run_4,280.4,14984,21
run_5,280.4,16709,19
run_6,280.4,15360,23
run_7,280.4,14857,21
run_8,280.4,14377,23
run_9,280.4,14240,23
run_10,280.4,14955,20
run_1,280.44,13869,22
run_2,280.44,14262,25
run_3,280.44,14518,22
run_4,280.44,14984,21
run_5,280.44,16709,19
run_6,280.44,15360,23
run_7,280.44,14857,21
run_8,280.44,14377,23
run_9,280.44,14288,23
run_10,280.44,14955,20
run_1,280.57,13869,22
run_2,280.57,14262,25
run_3,280.57,14518,22
run_4,280.57,14984,21
run_5,280.57,16709,19
run_6,280.57,15360,23
run_7,280.57,14857,21
run_8,280.57,14377,23
run_9,280.57,14288,23
run_10,280.57,15011,20
run_1,280.8,13869,22
run_2,280.8,14262,25
run_3,280.8,14518,22
run_4,280.8,14984,21
run_5,280.8,16709,19
run_6,280.8,15392,23
run_7,280.8,14857,21
run_8,280.8,14377,23
run_9,280.8,14288,23
run_10,280.8,15011,20
run_1,280.82,13889,22
run_2,280.82,14262,25
run_3,280.82,14518,22
run_4,280.82,14984,21
run_5,280.82,16709,19
run_6,280.82,15392,23
run_7,280.82,14857,21
run_8,280.82,14377,23
run_9,280.82,14288,23
run_10,280.82,15011,20
run_1,281.38,13889,22
run_2,281.38,14262,25
run_3,281.38,14518,22
run_4,281.38,14984,21
run_5,281.38,16749,19
run_6,281.38,15392,23
run_7,281.38,14857,21
run_8,281.38,14377,23
run_9,281.38,14288,23
run_10,281.38,15011,20
run_1,281.39,13889,22
run_2,281.39,14294,25
run_3,281.39,14518,22
run_4,281.39,14984,21
run_5,281.39,16749,19
run_6,281.39,15392,23
run_7,281.39,14857,21
run_8,281.39,14377,23
run_9,281.39,14288,23
run_10,281.39,15011,20
run_1,281.45,13889,22
run_2,281.45,14294,25
run_3,281.45,14554,22
run_4,281.45,14984,21
run_5,281.45,16749,19
run_6,281.45,15392,23
run_7,281.45,14857,21
run_8,281.45,14377,23
run_9,281.45,14288,23
run_10,281.45,15011,20
run_1,281.49,13889,22
run_2,281.49,14294,25
run_3,281.49,14554,22
run_4,281.49,15048,21
run_5,281.49,16749,19
run_6,281.49,15392,23
run_7,281.49,14857,21
run_8,281.49,14377,23
run_9,281.49,14288,23
run_10,281.49,15011,20
run_1,281.53,13889,22
run_2,281.53,14294,25
run_3,281.53,14554,22
run_4,281.53,15048,21
run_5,281.53,16749,19
run_6,281.53,15392,23
run_7,281.53,14913,21
run_8,281.53,14377,23
run_9,281.53,14288,23
run_10,281.53,15011,20
run_1,281.63,13889,22
run_2,281.63,14294,25
run_3,281.63,14554,22
run_4,281.63,15048,21
run_5,281.63,16749,19
run_6,281.63,15392,23
run_7,281.63,14913,21
run_8,281.63,14377,23
run_9,281.63,14336,23
run_10,281.63,15011,20
run_1,281.7,13889,22
run_2,281.7,14294,25
run_3,281.7,14554,22
run_4,281.7,15048,21
run_5,281.7,16749,19
run_6,281.7,15392,23
run_7,281.7,14913,21
run_8,281.7,14425,23
run_9,281.7,14336,23
run_10,281.7,15011,20
run_1,281.83,13889,22
run_2,281.83,14294,25
run_3,281.83,14554,22
run_4,281.83,15048,21
run_5,281.83,16749,19
run_6,281.83,15392,23
run_7,281.83,14913,21
run_8,281.83,14425,23
run_9,281.83,14336,23
run_10,281.83,15035,20
run_1,281.96,13889,22
run_2,281.96,14294,25
run_3,281.96,14554,22
run_4,281.96,15048,21
run_5,281.96,16749,19
run_6,281.96,15460,23
run_7,281.96,14913,21
run_8,281.96,14425,23
run_9,281.96,14336,23
run_10,281.96,15035,20
run_1,282.17,13937,22
run_2,282.17,14294,25
run_3,282.17,14554,22
run_4,282.17,15048,21
run_5,282.17,16749,19
run_6,282.17,15460,23
run_7,282.17,14913,21
run_8,282.17,14425,23
run_9,282.17,14336,23
run_10,282.17,15035,20
run_1,282.43,13937,22
run_2,282.43,14294,25
run_3,282.43,14554,22
run_4,282.43,15048,21
run_5,282.43,16813,19
run_6,282.43,15460,23
run_7,282.43,14913,21
run_8,282.43,14425,23
run_9,282.43,14336,23
run_10,282.43,15035,20
run_1,282.61,13937,22
run_2,282.61,14346,25
run_3,282.61,14554,22
run_4,282.61,15048,21
run_5,282.61,16813,19
run_6,282.61,15460,23
run_7,282.61,14913,21
run_8,282.61,14425,23
run_9,282.61,14336,23
run_10,282.61,15035,20
run_1,282.67,13937,22
run_2,282.67,14346,25
run_3,282.67,14554,22
run_4,282.67,15104,21
run_5,282.67,16813,19
run_6,282.67,15460,23
run_7,282.67,14913,21
run_8,282.67,14425,23
run_9,282.67,14336,23
run_10,282.67,15035,20
run_1,282.73,13937,22
run_2,282.73,14346,25
run_3,282.73,14590,22
run_4,282.73,15104,21
run_5,282.73,16813,19
run_6,282.73,15460,23
run_7,282.73,14913,21
run_8,282.73,14425,23
run_9,282.73,14336,23
run_10,282.73,15035,20
run_1,282.81,13937,22
run_2,282.81,14346,25
run_3,282.81,14590,22
run_4,282.81,15104,21
run_5,282.81,16813,19
run_6,282.81,15460,23
run_7,282.81,14913,21
run_8,282.81,14425,23
run_9,282.81,14400,23
run_10,282.81,15035,20
run_1,282.83,13937,22
run_2,282.83,14346,25
run_3,282.83,14590,22
run_4,282.83,15104,21
run_5,282.83,16813,19
run_6,282.83,15460,23
run_7,282.83,14965,21
run_8,282.83,14425,23
run_9,282.83,14400,23
run_10,282.83,15035,20
run_1,282.84,13937,22
run_2,282.84,14346,25
run_3,282.84,14590,22
run_4,282.84,15104,21
run_5,282.84,16813,19
run_6,282.84,15460,23
run_7,282.84,14965,21
run_8,282.84,14425,23
run_9,282.84,14400,23
run_10,282.84,15075,20
run_1,282.86,13937,22
run_2,282.86,14346,25
run_3,282.86,14590,22
run_4,282.86,15104,21
run_5,282.86,16813,19
run_6,282.86,15460,23
run_7,282.86,14965,21
run_8,282.86,14465,23
run_9,282.86,14400,23
run_10,282.86,15075,20
run_1,283.1,13937,22
run_2,283.1,14346,25
run_3,283.1,14590,22
run_4,283.1,15104,21
run_5,283.1,16813,19
run_6,283.1,15496,23
run_7,283.1,14965,21
run_8,283.1,14465,23
run_9,283.1,14400,23
run_10,283.1,15075,20
run_1,283.44,13937,22
run_2,283.44,14346,25
run_3,283.44,14590,22
run_4,283.44,15104,21
run_5,283.44,16865,19
run_6,283.44,15496,23
run_7,283.44,14965,21
run_8,283.44,14465,23
run_9,283.44,14400,23
run_10,283.44,15075,20
run_1,283.64,13977,22
run_2,283.64,14346,25
run_3,283.64,14590,22
run_4,283.64,15104,21
run_5,283.64,16865,19
run_6,283.64,15496,23
run_7,283.64,14965,21
run_8,283.64,14465,23
run_9,283.64,14400,23
run_10,283.64,15075,20
run_1,283.71,13977,22
run_2,283.71,14410,25
run_3,283.71,14590,22
run_4,283.71,15104,21
run_5,283.71,16865,19
run_6,283.71,15496,23
run_7,283.71,14965,21
run_8,283.71,14465,23
run_9,283.71,14400,23
run_10,283.71,15075,20
run_1,283.72,13977,22
run_2,283.72,14410,25
run_3,283.72,14590,22
run_4,283.72,15132,21
run_5,283.72,16865,19
run_6,283.72,15496,23
run_7,283.72,14965,21
run_8,283.72,14465,23
run_9,283.72,14400,23
run_10,283.72,15075,20
run_1,283.83,13977,22
run_2,283.83,14410,25
run_3,283.83,14614,22
run_4,283.83,15132,21
run_5,283.83,16865,19
run_6,283.83,15496,23
run_7,283.83,14965,21
run_8,283.83,14465,23
run_9,283.83,14400,23
run_10,283.83,15075,20
run_1,283.87,13977,22
run_2,283.87,14410,25
run_3,283.87,14614,22
run_4,283.87,15132,21
run_5,283.87,16865,19
run_6,283.87,15496,23
run_7,283.87,14965,21
run_8,283.87,14465,23
run_9,283.87,14400,23
run_10,283.87,15111,20
run_1,283.96,13977,22
run_2,283.96,14410,25
run_3,283.96,14614,22
run_4,283.96,15132,21
run_5,283.96,16865,19
run_6,283.96,15496,23
run_7,283.96,14965,21
run_8,283.96,14465,23
run_9,283.96,14420,23
run_10,283.96,15111,20
run_1,284.07,13977,22
run_2,284.07,14410,25
run_3,284.07,14614,22
run_4,284.07,15132,21
run_5,284.07,16865,19
run_6,284.07,15496,23
run_7,284.07,14965,21
run_8,284.07,14509,23
run_9,284.07,14420,23
run_10,284.07,15111,20
run_1,284.18,13977,22
run_2,284.18,14410,25
run_3,284.18,14614,22
run_4,284.18,15132,21
run_5,284.18,16865,19
run_6,284.18,15496,23
run_7,284.18,15017,21
run_8,284.18,14509,23
run_9,284.18,14420,23
run_10,284.18,15111,20
run_1,284.24,13977,22
run_2,284.24,14410,25
run_3,284.24,14614,22
run_4,284.24,15132,21
run_5,284.24,16865,19
run_6,284.24,15540,23
run_7,284.24,15017,21
run_8,284.24,14509,23
run_9,284.24,14420,23
run_10,284.24,15111,20
run_1,284.49,13977,22
run_2,284.49,14410,25
run_3,284.49,14614,22
run_4,284.49,15132,21
run_5,284.49,16925,19
run_6,284.49,15540,23
run_7,284.49,15017,21
run_8,284.49,14509,23
run_9,284.49,14420,23
run_10,284.49,15111,20
run_1,284.79,13977,22
run_2,284.79,14454,25
run_3,284.79,14614,22
run_4,284.79,15132,21
run_5,284.79,16925,19
run_6,284.79,15540,23
run_7,284.79,15017,21
run_8,284.79,14509,23
run_9,284.79,14420,23
run_10,284.79,15111,20
run_1,284.89,13977,22
run_2,284.89,14454,25
run_3,284.89,14614,22
run_4,284.89,15212,21
run_5,284.89,16925,19
run_6,284.89,15540,23
run_7,284.89,15017,21
run_8,284.89,14509,23
run_9,284.89,14420,23
run_10,284.89,15111,20
run_1,284.9,13977,22
run_2,284.9,14454,25
run_3,284.9,14614,22
run_4,284.9,15212,21
run_5,284.9,16925,19
run_6,284.9,15540,23
run_7,284.9,15017,21
run_8,284.9,14509,23
run_9,284.9,14420,23
run_10,284.9,15143,20
run_1,284.98,13977,22
run_2,284.98,14454,25
run_3,284.98,14690,22
run_4,284.98,15212,21
run_5,284.98,16925,19
run_6,284.98,15540,23
run_7,284.98,15017,21
run_8,284.98,14509,23
run_9,284.98,14420,23
run_10,284.98,15143,20
run_1,285.15,14017,22
run_2,285.15,14454,25
run_3,285.15,14690,22
run_4,285.15,15212,21
run_5,285.15,16925,19
run_6,285.15,15540,23
run_7,285.15,15017,21
run_8,285.15,14509,23
run_9,285.15,14420,23
run_10,285.15,15143,20
run_1,285.21,14017,22
run_2,285.21,14454,25
run_3,285.21,14690,22
run_4,285.21,15212,21
run_5,285.21,16925,19
run_6,285.21,15540,23
run_7,285.21,15017,21
run_8,285.21,14509,23
run_9,285.21,14480,23
run_10,285.21,15143,20
run_1,285.26,14017,22
run_2,285.26,14454,25
run_3,285.26,14690,22
run_4,285.26,15212,21
run_5,285.26,16925,19
run_6,285.26,15540,23
run_7,285.26,15017,21
run_8,285.26,14541,23
run_9,285.26,14480,23
run_10,285.26,15143,20
run_1,285.43,14017,22
run_2,285.43,14454,25
run_3,285.43,14690,22
run_4,285.43,15212,21
run_5,285.43,16925,19
run_6,285.43,15540,23
run_7,285.43,15049,21
run_8,285.43,14541,23
run_9,285.43,14480,23
run_10,285.43,15143,20
run_1,285.48,14017,22
run_2,285.48,14454,25
run_3,285.48,14690,22
run_4,285.48,15212,21
run_5,285.48,16965,19
run_6,285.48,15540,23
run_7,285.48,15049,21
run_8,285.48,14541,23
run_9,285.48,14480,23
run_10,285.48,15143,20
run_1,285.9,14017,22
run_2,285.9,14454,25
run_3,285.9,14690,22
run_4,285.9,15212,21
run_5,285.9,16965,19
run_6,285.9,15592,23
run_7,285.9,15049,21
run_8,285.9,14541,23
run_9,285.9,14480,23
run_10,285.9,15143,20
run_1,285.94,14017,22
run_2,285.94,14454,25
run_3,285.94,14690,22
run_4,285.94,15212,21
run_5,285.94,16965,19
run_6,285.94,15592,23
run_7,285.94,15049,21
run_8,285.94,14541,23
run_9,285.94,14480,23
run_10,285.94,15167,20
run_1,285.98,14017,22
run_2,285.98,14454,25
run_3,285.98,14690,22
run_4,285.98,15236,21
run_5,285.98,16965,19
run_6,285.98,15592,23
run_7,285.98,15049,21
run_8,285.98,14541,23
run_9,285.98,14480,23
run_10,285.98,15167,20
run_1,286.04,14017,22
run_2,286.04,14466,25
run_3,286.04,14690,22
run_4,286.04,15236,21
run_5,286.04,16965,19
run_6,286.04,15592,23
run_7,286.04,15049,21
run_8,286.04,14541,23
run_9,286.04,14480,23
run_10,286.04,15167,20
run_1,286.19,14017,22
run_2,286.19,14466,25
run_3,286.19,14726,22
run_4,286.19,15236,21
run_5,286.19,16965,19
run_6,286.19,15592,23
run_7,286.19,15049,21
run_8,286.19,14541,23
run_9,286.19,14480,23
run_10,286.19,15167,20
run_1,286.4,14017,22
run_2,286.4,14466,25
run_3,286.4,14726,22
run_4,286.4,15236,21
run_5,286.4,16965,19
run_6,286.4,15592,23
run_7,286.4,15049,21
run_8,286.4,14541,23
run_9,286.4,14524,23
run_10,286.4,15167,20
run_1,286.47,14017,22
run_2,286.47,14466,25
run_3,286.47,14726,22
run_4,286.47,15236,21
run_5,286.47,16965,19
run_6,286.47,15592,23
run_7,286.47,15049,21
run_8,286.47,14581,23
run_9,286.47,14524,23
run_10,286.47,15167,20
run_1,286.51,14017,22
run_2,286.51,14466,25
run_3,286.51,14726,22
run_4,286.51,15236,21
run_5,286.51,17017,19
run_6,286.51,15592,23
run_7,286.51,15049,21
run_8,286.51,14581,23
run_9,286.51,14524,23
run_10,286.51,15167,20
run_1,286.73,14017,22
run_2,286.73,14466,25
run_3,286.73,14726,22
run_4,286.73,15236,21
run_5,286.73,17017,19
run_6,286.73,15592,23
run_7,286.73,15097,21
run_8,286.73,14581,23
run_9,286.73,14524,23
run_10,286.73,15167,20
run_1,286.79,14069,22
run_2,286.79,14466,25
run_3,286.79,14726,22
run_4,286.79,15236,21
run_5,286.79,17017,19
run_6,286.79,15592,23
run_7,286.79,15097,21
run_8,286.79,14581,23
run_9,286.79,14524,23
run_10,286.79,15167,20
run_1,286.97,14069,22
run_2,286.97,14466,25
run_3,286.97,14726,22
run_4,286.97,15236,21
run_5,286.97,17017,19
run_6,286.97,15592,23
run_7,286.97,15097,21
run_8,286.97,14581,23
run_9,286.97,14524,23
run_10,286.97,15219,20
run_1,287,14069,22
run_2,287,14466,25
run_3,287,14726,22
run_4,287,15264,21
run_5,287,17017,19
run_6,287,15592,23
run_7,287,15097,21
run_8,287,14581,23
run_9,287,14524,23
run_10,287,15219,20
run_1,287.09,14069,22
run_2,287.09,14506,25
run_3,287.09,14726,22
run_4,287.09,15264,21
run_5,287.09,17017,19
run_6,287.09,15592,23
run_7,287.09,15097,21
run_8,287.09,14581,23
run_9,287.09,14524,23
run_10,287.09,15219,20
run_1,287.19,14069,22
run_2,287.19,14506,25
run_3,287.19,14726,22
run_4,287.19,15264,21
run_5,287.19,17017,19
run_6,287.19,15660,23
run_7,287.19,15097,21
run_8,287.19,14581,23
run_9,287.19,14524,23
run_10,287.19,15219,20
run_1,287.32,14069,22
run_2,287.32,14506,25
run_3,287.32,14758,22
run_4,287.32,15264,21
run_5,287.32,17017,19
run_6,287.32,15660,23
run_7,287.32,15097,21
run_8,287.32,14581,23
run_9,287.32,14524,23
run_10,287.32,15219,20
run_1,287.56,14069,22
run_2,287.56,14506,25
run_3,287.56,14758,22
run_4,287.56,15264,21
run_5,287.56,17057,19
run_6,287.56,15660,23
run_7,287.56,15097,21
run_8,287.56,14581,23
run_9,287.56,14524,23
run_10,287.56,15219,20
run_1,287.57,14069,22
run_2,287.57,14506,25
run_3,287.57,14758,22
run_4,287.57,15264,21
run_5,287.57,17057,19
run_6,287.57,15660,23
run_7,287.57,15097,21
run_8,287.57,14581,23
run_9,287.57,14600,23
run_10,287.57,15219,20
run_1,287.63,14069,22
run_2,287.63,14506,25
run_3,287.63,14758,22
run_4,287.63,15264,21
run_5,287.63,17057,19
run_6,287.63,15660,23
run_7,287.63,15097,21
run_8,287.63,14629,23
run_9,287.63,14600,23
run_10,287.63,15219,20
run_1,287.98,14069,22
run_2,287.98,14506,25
run_3,287.98,14758,22
run_4,287.98,15264,21
run_5,287.98,17057,19
run_6,287.98,15660,23
run_7,287.98,15149,21
run_8,287.98,14629,23
run_9,287.98,14600,23
run_10,287.98,15219,20
run_1,288.06,14069,22
run_2,288.06,14506,25
run_3,288.06,14758,22
run_4,288.06,15264,21
run_5,288.06,17057,19
run_6,288.06,15660,23
run_7,288.06,15149,21
run_8,288.06,14629,23
run_9,288.06,14600,23
run_10,288.06,15275,20
run_1,288.08,14069,22
run_2,288.08,14506,25
run_3,288.08,14758,22
run_4,288.08,15304,21
run_5,288.08,17057,19
run_6,288.08,15660,23
run_7,288.08,15149,21
run_8,288.08,14629,23
run_9,288.08,14600,23
run_10,288.08,15275,20
run_1,288.17,14069,22
run_2,288.17,14542,25
run_3,288.17,14758,22
run_4,288.17,15304,21
run_5,288.17,17057,19
run_6,288.17,15660,23
run_7,288.17,15149,21
run_8,288.17,14629,23
run_9,288.17,14600,23
run_10,288.17,15275,20
run_1,288.38,14069,22
run_2,288.38,14542,25
run_3,288.38,14758,22
run_4,288.38,15304,21
run_5,288.38,17057,19
run_6,288.38,15728,23
run_7,288.38,15149,21
run_8,288.38,14629,23
run_9,288.38,14600,23
run_10,288.38,15275,20
run_1,288.43,14069,22
run_2,288.43,14542,25
run_3,288.43,14810,22
run_4,288.43,15304,21
run_5,288.43,17057,19
run_6,288.43,15728,23
run_7,288.43,15149,21
run_8,288.43,14629,23
run_9,288.43,14600,23
run_10,288.43,15275,20
run_1,288.49,14117,22
run_2,288.49,14542,25
run_3,288.49,14810,22
run_4,288.49,15304,21
run_5,288.49,17057,19
run_6,288.49,15728,23
run_7,288.49,15149,21
run_8,288.49,14629,23
run_9,288.49,14600,23
run_10,288.49,15275,20
run_1,288.61,14117,22
run_2,288.61,14542,25
run_3,288.61,14810,22
run_4,288.61,15304,21
run_5,288.61,17097,19
run_6,288.61,15728,23
run_7,288.61,15149,21
run_8,288.61,14629,23
run_9,288.61,14600,23
run_10,288.61,15275,20
run_1,288.77,14117,22
run_2,288.77,14542,25
run_3,288.77,14810,22
run_4,288.77,15304,21
run_5,288.77,17097,19
run_6,288.77,15728,23
run_7,288.77,15149,21
run_8,288.77,14629,23
run_9,288.77,14656,23
run_10,288.77,15275,20
run_1,288.79,14117,22
run_2,288.79,14542,25
run_3,288.79,14810,22
run_4,288.79,15304,21
run_5,288.79,17097,19
run_6,288.79,15728,23
run_7,288.79,15149,21
run_8,288.79,14669,23
run_9,288.79,14656,23
run_10,288.79,15275,20
run_1,289.08,14117,22
run_2,289.08,14542,25
run_3,289.08,14810,22
run_4,289.08,15304,21
run_5,289.08,17097,19
run_6,289.08,15728,23
run_7,289.08,15149,21
run_8,289.08,14669,23
run_9,289.08,14656,23
run_10,289.08,15331,20
run_1,289.19,14117,22
run_2,289.19,14542,25
run_3,289.19,14810,22
run_4,289.19,15304,21
run_5,289.19,17097,19
run_6,289.19,15728,23
run_7,289.19,15173,21
run_8,289.19,14669,23
run_9,289.19,14656,23
run_10,289.19,15331,20
run_1,289.21,14117,22
run_2,289.21,14562,25
run_3,289.21,14810,22
run_4,289.21,15304,21
run_5,289.21,17097,19
run_6,289.21,15728,23
run_7,289.21,15173,21
run_8,289.21,14669,23
run_9,289.21,14656,23
run_10,289.21,15331,20
run_1,289.31,14117,22
run_2,289.31,14562,25
run_3,289.31,14810,22
run_4,289.31,15356,21
run_5,289.31,17097,19
run_6,289.31,15728,23
run_7,289.31,15173,21
run_8,289.31,14669,23
run_9,289.31,14656,23
run_10,289.31,15331,20
run_1,289.58,14117,22
run_2,289.58,14562,25
run_3,289.58,14898,22
run_4,289.58,15356,21
run_5,289.58,17097,19
run_6,289.58,15728,23
run_7,289.58,15173,21
run_8,289.58,14669,23
run_9,289.58,14656,23
run_10,289.58,15331,20
run_1,289.6,14117,22
run_2,289.6,14562,25
run_3,289.6,14898,22
run_4,289.6,15356,21
run_5,289.6,17097,19
run_6,289.6,15776,23
run_7,289.6,15173,21
run_8,289.6,14669,23
run_9,289.6,14656,23
run_10,289.6,15331,20
run_1,289.73,14117,22
run_2,289.73,14562,25
run_3,289.73,14898,22
run_4,289.73,15356,21
run_5,289.73,17157,19
run_6,289.73,15776,23
run_7,289.73,15173,21
run_8,289.73,14669,23
run_9,289.73,14656,23
run_10,289.73,15331,20
run_1,289.93,14117,22
run_2,289.93,14562,25
run_3,289.93,14898,22
run_4,289.93,15356,21
run_5,289.93,17157,19
run_6,289.93,15776,23
run_7,289.93,15173,21
run_8,289.93,14701,23
run_9,289.93,14656,23
run_10,289.93,15331,20
run_1,290.06,14117,22
run_2,290.06,14562,25
run_3,290.06,14898,22
run_4,290.06,15356,21
run_5,290.06,17157,19
run_6,290.06,15776,23
run_7,290.06,15173,21
run_8,290.06,14701,23
run_9,290.06,14724,23
run_10,290.06,15331,20
run_1,290.09,14165,22
run_2,290.09,14562,25
run_3,290.09,14898,22
run_4,290.09,15356,21
run_5,290.09,17157,19
run_6,290.09,15776,23
run_7,290.09,15173,21
run_8,290.09,14701,23
run_9,290.09,14724,23
run_10,290.09,15331,20
run_1,290.12,14165,22
run_2,290.12,14562,25
run_3,290.12,14898,22
run_4,290.12,15356,21
run_5,290.12,17157,19
run_6,290.12,15776,23
run_7,290.12,15173,21
run_8,290.12,14701,23
run_9,290.12,14724,23
run_10,290.12,15371,20
run_1,290.45,14165,22
run_2,290.45,14562,25
run_3,290.45,14898,22
run_4,290.45,15356,21
run_5,290.45,17157,19
run_6,290.45,15776,23
run_7,290.45,15249,21
run_8,290.45,14701,23
run_9,290.45,14724,23
run_10,290.45,15371,20
run_1,290.54,14165,22
run_2,290.54,14618,25
run_3,290.54,14898,22
run_4,290.54,15356,21
run_5,290.54,17157,19
run_6,290.54,15776,23
run_7,290.54,15249,21
run_8,290.54,14701,23
run_9,290.54,14724,23
run_10,290.54,15371,20
run_1,290.7,14165,22
run_2,290.7,14618,25
run_3,290.7,14898,22
run_4,290.7,15356,21
run_5,290.7,17213,19
run_6,290.7,15776,23
run_7,290.7,15249,21
run_8,290.7,14701,23
run_9,290.7,14724,23
run_10,290.7,15371,20
run_1,290.71,14165,22
run_2,290.71,14618,25
run_3,290.71,14946,22
run_4,290.71,15356,21
run_5,290.71,17213,19
run_6,290.71,15776,23
run_7,290.71,15249,21
run_8,290.71,14701,23
run_9,290.71,14724,23
run_10,290.71,15371,20
run_1,290.88,14165,22
run_2,290.88,14618,25
run_3,290.88,14946,22
run_4,290.88,15356,21
run_5,290.88,17213,19
run_6,290.88,15848,23
run_7,290.88,15249,21
run_8,290.88,14701,23
run_9,290.88,14724,23
run_10,290.88,15371,20
run_1,291.08,14165,22
run_2,291.08,14618,25
run_3,291.08,14946,22
run_4,291.08,15392,21
run_5,291.08,17213,19
run_6,291.08,15848,23
run_7,291.08,15249,21
run_8,291.08,14701,23
run_9,291.08,14724,23
run_10,291.08,15371,20
run_1,291.12,14165,22
run_2,291.12,14618,25
run_3,291.12,14946,22
run_4,291.12,15392,21
run_5,291.12,17213,19
run_6,291.12,15848,23
run_7,291.12,15249,21
run_8,291.12,14741,23
run_9,291.12,14724,23
run_10,291.12,15371,20
run_1,291.14,14165,22
run_2,291.14,14618,25
run_3,291.14,14946,22
run_4,291.14,15392,21
run_5,291.14,17213,19
run_6,291.14,15848,23
run_7,291.14,15249,21
run_8,291.14,14741,23
run_9,291.14,14724,23
run_10,291.14,15435,20
run_1,291.24,14165,22
run_2,291.24,14618,25
run_3,291.24,14946,22
run_4,291.24,15392,21
run_5,291.24,17213,19
run_6,291.24,15848,23
run_7,291.24,15249,21
run_8,291.24,14741,23
run_9,291.24,14764,23
run_10,291.24,15435,20
run_1,291.44,14209,22
run_2,291.44,14618,25
run_3,291.44,14946,22
run_4,291.44,15392,21
run_5,291.44,17213,19
run_6,291.44,15848,23
run_7,291.44,15249,21
run_8,291.44,14741,23
run_9,291.44,14764,23
run_10,291.44,15435,20
run_1,291.67,14209,22
run_2,291.67,14618,25
run_3,291.67,14946,22
run_4,291.67,15392,21
run_5,291.67,17213,19
run_6,291.67,15848,23
run_7,291.67,15281,21
run_8,291.67,14741,23
run_9,291.67,14764,23
run_10,291.67,15435,20
run_1,291.69,14209,22
run_2,291.69,14618,25
run_3,291.69,14946,22
run_4,291.69,15392,21
run_5,291.69,17297,19
run_6,291.69,15848,23
run_7,291.69,15281,21
run_8,291.69,14741,23
run_9,291.69,14764,23
run_10,291.69,15435,20
run_1,291.9,14209,22
run_2,291.9,14618,25
run_3,291.9,14990,22
run_4,291.9,15392,21
run_5,291.9,17297,19
run_6,291.9,15848,23
run_7,291.9,15281,21
run_8,291.9,14741,23
run_9,291.9,14764,23
run_10,291.9,15435,20
run_1,292.03,14209,22
run_2,292.03,14618,25
run_3,292.03,14990,22
run_4,292.03,15392,21
run_5,292.03,17297,19
run_6,292.03,15880,23
run_7,292.03,15281,21
run_8,292.03,14741,23
run_9,292.03,14764,23
run_10,292.03,15435,20
run_1,292.2,14209,22
run_2,292.2,14618,25
run_3,292.2,14990,22
run_4,292.2,15392,21
run_5,292.2,17297,19
run_6,292.2,15880,23
run_7,292.2,15281,21
run_8,292.2,14741,23
run_9,292.2,14764,23
run_10,292.2,15479,20
run_1,292.22,14209,22
run_2,292.22,14642,25
run_3,292.22,14990,22
run_4,292.22,15392,21
run_5,292.22,17297,19
run_6,292.22,15880,23
run_7,292.22,15281,21
run_8,292.22,14741,23
run_9,292.22,14764,23
run_10,292.22,15479,20
run_1,292.36,14209,22
run_2,292.36,14642,25
run_3,292.36,14990,22
run_4,292.36,15452,21
run_5,292.36,17297,19
run_6,292.36,15880,23
run_7,292.36,15281,21
run_8,292.36,14741,23
run_9,292.36,14764,23
run_10,292.36,15479,20
run_1,292.42,14209,22
run_2,292.42,14642,25
run_3,292.42,14990,22
run_4,292.42,15452,21
run_5,292.42,17297,19
run_6,292.42,15880,23
run_7,292.42,15281,21
run_8,292.42,14797,23
run_9,292.42,14812,23
run_10,292.42,15479,20
run_1,292.71,14209,22
run_2,292.71,14642,25
run_3,292.71,14990,22
run_4,292.71,15452,21
run_5,292.71,17333,19
run_6,292.71,15880,23
run_7,292.71,15281,21
run_8,292.71,14797,23
run_9,292.71,14812,23
run_10,292.71,15479,20
run_1,292.75,14257,22
run_2,292.75,14642,25
run_3,292.75,14990,22
run_4,292.75,15452,21
run_5,292.75,17333,19
run_6,292.75,15880,23
run_7,292.75,15281,21
run_8,292.75,14797,23
run_9,292.75,14812,23
run_10,292.75,15479,20
run_1,292.91,14257,22
run_2,292.91,14642,25
run_3,292.91,14990,22
run_4,292.91,15452,21
run_5,292.91,17333,19
run_6,292.91,15880,23
run_7,292.91,15313,21
run_8,292.91,14797,23
run_9,292.91,14812,23
run_10,292.91,15479,20
run_1,293.14,14257,22
run_2,293.14,14642,25
run_3,293.14,15042,22
run_4,293.14,15452,21
run_5,293.14,17333,19
run_6,293.14,15880,23
run_7,293.14,15313,21
run_8,293.14,14797,23
run_9,293.14,14812,23
run_10,293.14,15479,20
run_1,293.22,14257,22
run_2,293.22,14642,25
run_3,293.22,15042,22
run_4,293.22,15452,21
run_5,293.22,17333,19
run_6,293.22,15944,23
run_7,293.22,15313,21
run_8,293.22,14797,23
run_9,293.22,14812,23
run_10,293.22,15539,20
run_1,293.54,14257,22
run_2,293.54,14714,25
run_3,293.54,15042,22
run_4,293.54,15452,21
run_5,293.54,17333,19
run_6,293.54,15944,23
run_7,293.54,15313,21
run_8,293.54,14797,23
run_9,293.54,14812,23
run_10,293.54,15539,20
run_1,293.61,14257,22
run_2,293.61,14714,25
run_3,293.61,15042,22
run_4,293.61,15452,21
run_5,293.61,17333,19
run_6,293.61,15944,23
run_7,293.61,15313,21
run_8,293.61,14881,23
run_9,293.61,14812,23
run_10,293.61,15539,20
run_1,293.63,14257,22
run_2,293.63,14714,25
run_3,293.63,15042,22
run_4,293.63,15452,21
run_5,293.63,17333,19
run_6,293.63,15944,23
run_7,293.63,15313,21
run_8,293.63,14881,23
run_9,293.63,14884,23
run_10,293.63,15539,20
run_1,293.87,14257,22
run_2,293.87,14714,25
run_3,293.87,15042,22
run_4,293.87,15452,21
run_5,293.87,17385,19
run_6,293.87,15944,23
run_7,293.87,15313,21
run_8,293.87,14881,23
run_9,293.87,14884,23
run_10,293.87,15539,20
run_1,293.88,14257,22
run_2,293.88,14714,25
run_3,293.88,15042,22
run_4,293.88,15524,21
run_5,293.88,17385,19
run_6,293.88,15944,23
run_7,293.88,15313,21
run_8,293.88,14881,23
run_9,293.88,14884,23
run_10,293.88,15539,20
run_1,294.02,14273,22
run_2,294.02,14714,25
run_3,294.02,15042,22
run_4,294.02,15524,21
run_5,294.02,17385,19
run_6,294.02,15944,23
run_7,294.02,15313,21
run_8,294.02,14881,23
run_9,294.02,14884,23
run_10,294.02,15539,20
run_1,294.29,14273,22
run_2,294.29,14714,25
run_3,294.29,15042,22
run_4,294.29,15524,21
run_5,294.29,17385,19
run_6,294.29,15944,23
run_7,294.29,15313,21
run_8,294.29,14881,23
run_9,294.29,14884,23
run_10,294.29,15603,20
run_1,294.33,14273,22
run_2,294.33,14714,25
run_3,294.33,15094,22
run_4,294.33,15524,21
run_5,294.33,17385,19
run_6,294.33,15944,23
run_7,294.33,15313,21
run_8,294.33,14881,23
run_9,294.33,14884,23
run_10,294.33,15603,20
run_1,294.34,14273,22
run_2,294.34,14714,25
run_3,294.34,15094,22
run_4,294.34,15524,21
run_5,294.34,17385,19
run_6,294.34,15944,23
run_7,294.34,15341,21
run_8,294.34,14881,23
run_9,294.34,14884,23
run_10,294.34,15603,20
run_1,294.41,14273,22
run_2,294.41,14714,25
run_3,294.41,15094,22
run_4,294.41,15524,21
run_5,294.41,17385,19
run_6,294.41,15980,23
run_7,294.41,15341,21
run_8,294.41,14881,23
run_9,294.41,14884,23
run_10,294.41,15603,20
run_1,294.83,14273,22
run_2,294.83,14714,25
run_3,294.83,15094,22
run_4,294.83,15524,21
run_5,294.83,17385,19
run_6,294.83,15980,23
run_7,294.83,15341,21
run_8,294.83,14881,23
run_9,294.83,14928,23
run_10,294.83,15603,20
run_1,294.85,14273,22
run_2,294.85,14714,25
run_3,294.85,15094,22
run_4,294.85,15524,21
run_5,294.85,17385,19
run_6,294.85,15980,23
run_7,294.85,15341,21
run_8,294.85,14957,23
run_9,294.85,14928,23
run_10,294.85,15603,20
run_1,294.94,14273,22
run_2,294.94,14714,25
run_3,294.94,15094,22
run_4,294.94,15524,21
run_5,294.94,17437,19
run_6,294.94,15980,23
run_7,294.94,15341,21
run_8,294.94,14957,23
run_9,294.94,14928,23
run_10,294.94,15603,20
run_1,295.04,14273,22
run_2,295.04,14782,25
run_3,295.04,15094,22
run_4,295.04,15524,21
run_5,295.04,17437,19
run_6,295.04,15980,23
run_7,295.04,15341,21
run_8,295.04,14957,23
run_9,295.04,14928,23
run_10,295.04,15603,20
run_1,295.25,14273,22
run_2,295.25,14782,25
run_3,295.25,15094,22
run_4,295.25,15560,21
run_5,295.25,17437,19
run_6,295.25,15980,23
run_7,295.25,15341,21
run_8,295.25,14957,23
run_9,295.25,14928,23
run_10,295.25,15603,20
run_1,295.42,14273,22
run_2,295.42,14782,25
run_3,295.42,15094,22
run_4,295.42,15560,21
run_5,295.42,17437,19
run_6,295.42,15980,23
run_7,295.42,15341,21
run_8,295.42,14957,23
run_9,295.42,14928,23
run_10,295.42,15655,20
run_1,295.47,14273,22
run_2,295.47,14782,25
run_3,295.47,15138,22
run_4,295.47,15560,21
run_5,295.47,17437,19
run_6,295.47,15980,23
run_7,295.47,15341,21
run_8,295.47,14957,23
run_9,295.47,14928,23
run_10,295.47,15655,20
run_1,295.58,14325,22
run_2,295.58,14782,25
run_3,295.58,15138,22
run_4,295.58,15560,21
run_5,295.58,17437,19
run_6,295.58,15980,23
run_7,295.58,15341,21
run_8,295.58,14957,23
run_9,295.58,14928,23
run_10,295.58,15655,20
run_1,295.59,14325,22
run_2,295.59,14782,25
run_3,295.59,15138,22
run_4,295.59,15560,21
run_5,295.59,17437,19
run_6,295.59,16012,23
run_7,295.59,15341,21
run_8,295.59,14957,23
run_9,295.59,14928,23
run_10,295.59,15655,20
run_1,295.61,14325,22
run_2,295.61,14782,25
run_3,295.61,15138,22
run_4,295.61,15560,21
run_5,295.61,17437,19
run_6,295.61,16012,23
run_7,295.61,15377,21
run_8,295.61,14957,23
run_9,295.61,14928,23
run_10,295.61,15655,20
run_1,295.94,14325,22
run_2,295.94,14782,25
run_3,295.94,15138,22
run_4,295.94,15560,21
run_5,295.94,17485,19
run_6,295.94,16012,23
run_7,295.94,15377,21
run_8,295.94,14957,23
run_9,295.94,14928,23
run_10,295.94,15655,20
run_1,296.01,14325,22
run_2,296.01,14782,25
run_3,296.01,15138,22
run_4,296.01,15560,21
run_5,296.01,17485,19
run_6,296.01,16012,23
run_7,296.01,15377,21
run_8,296.01,15009,23
run_9,296.01,14928,23
run_10,296.01,15655,20
run_1,296.09,14325,22
run_2,296.09,14782,25
run_3,296.09,15138,22
run_4,296.09,15560,21
run_5,296.09,17485,19
run_6,296.09,16012,23
run_7,296.09,15377,21
run_8,296.09,15009,23
run_9,296.09,14988,23
run_10,296.09,15655,20
run_1,296.4,14325,22
run_2,296.4,14806,25
run_3,296.4,15138,22
run_4,296.4,15560,21
run_5,296.4,17485,19
run_6,296.4,16012,23
run_7,296.4,15377,21
run_8,296.4,15009,23
run_9,296.4,14988,23
run_10,296.4,15655,20
run_1,296.49,14325,22
run_2,296.49,14806,25
run_3,296.49,15138,22
run_4,296.49,15560,21
run_5,296.49,17485,19
run_6,296.49,16012,23
run_7,296.49,15377,21
run_8,296.49,15009,23
run_9,296.49,14988,23
run_10,296.49,15691,20
run_1,296.55,14325,22
run_2,296.55,14806,25
run_3,296.55,15162,22
run_4,296.55,15600,21
run_5,296.55,17485,19
run_6,296.55,16012,23
run_7,296.55,15377,21
run_8,296.55,15009,23
run_9,296.55,14988,23
run_10,296.55,15691,20
run_1,296.81,14325,22
run_2,296.81,14806,25
run_3,296.81,15162,22
run_4,296.81,15600,21
run_5,296.81,17485,19
run_6,296.81,16012,23
run_7,296.81,15457,21
run_8,296.81,15009,23
run_9,296.81,14988,23
run_10,296.81,15691,20
run_1,296.9,14393,22
run_2,296.9,14806,25
run_3,296.9,15162,22
run_4,296.9,15600,21
run_5,296.9,17485,19
run_6,296.9,16012,23
run_7,296.9,15457,21
run_8,296.9,15009,23
run_9,296.9,14988,23
run_10,296.9,15691,20
run_1,296.91,14393,22
run_2,296.91,14806,25
run_3,296.91,15162,22
run_4,296.91,15600,21
run_5,296.91,17485,19
run_6,296.91,16060,23
run_7,296.91,15457,21
run_8,296.91,15009,23
run_9,296.91,14988,23
run_10,296.91,15691,20
run_1,297,14393,22
run_2,297,14806,25
run_3,297,15162,22
run_4,297,15600,21
run_5,297,17517,19
run_6,297,16060,23
run_7,297,15457,21
run_8,297,15009,23
run_9,297,14988,23
run_10,297,15691,20
run_1,297.22,14393,22
run_2,297.22,14806,25
run_3,297.22,15162,22
run_4,297.22,15600,21
run_5,297.22,17517,19
run_6,297.22,16060,23
run_7,297.22,15457,21
run_8,297.22,15073,23
run_9,297.22,14988,23
run_10,297.22,15691,20
run_1,297.24,14393,22
run_2,297.24,14806,25
run_3,297.24,15162,22
run_4,297.24,15600,21
run_5,297.24,17517,19
run_6,297.24,16060,23
run_7,297.24,15457,21
run_8,297.24,15073,23
run_9,297.24,15016,23
run_10,297.24,15691,20
run_1,297.6,14393,22
run_2,297.6,14806,25
run_3,297.6,15162,22
run_4,297.6,15600,21
run_5,297.6,17517,19
run_6,297.6,16060,23
run_7,297.6,15457,21
run_8,297.6,15073,23
run_9,297.6,15016,23
run_10,297.6,15739,20
run_1,297.63,14393,22
run_2,297.63,14842,25
run_3,297.63,15162,22
run_4,297.63,15600,21
run_5,297.63,17517,19
run_6,297.63,16060,23
run_7,297.63,15457,21
run_8,297.63,15073,23
run_9,297.63,15016,23
run_10,297.63,15739,20
run_1,297.71,14393,22
run_2,297.71,14842,25
run_3,297.71,15226,22
run_4,297.71,15600,21
run_5,297.71,17517,19
run_6,297.71,16060,23
run_7,297.71,15457,21
run_8,297.71,15073,23
run_9,297.71,15016,23
run_10,297.71,15739,20
run_1,297.82,14393,22
run_2,297.82,14842,25
run_3,297.82,15226,22
run_4,297.82,15640,21
run_5,297.82,17517,19
run_6,297.82,16060,23
run_7,297.82,15457,21
run_8,297.82,15073,23
run_9,297.82,15016,23
run_10,297.82,15739,20
run_1,297.96,14393,22
run_2,297.96,14842,25
run_3,297.96,15226,22
run_4,297.96,15640,21
run_5,297.96,17517,19
run_6,297.96,16060,23
run_7,297.96,15513,21
run_8,297.96,15073,23
run_9,297.96,15016,23
run_10,297.96,15739,20
run_1,298.02,14393,22
run_2,298.02,14842,25
run_3,298.02,15226,22
run_4,298.02,15640,21
run_5,298.02,17573,19
run_6,298.02,16060,23
run_7,298.02,15513,21
run_8,298.02,15073,23
run_9,298.02,15016,23
run_10,298.02,15739,20
run_1,298.06,14393,22
run_2,298.06,14842,25
run_3,298.06,15226,22
run_4,298.06,15640,21
run_5,298.06,17573,19
run_6,298.06,16136,23
run_7,298.06,15513,21
run_8,298.06,15073,23
run_9,298.06,15016,23
run_10,298.06,15739,20
run_1,298.21,14461,22
run_2,298.21,14842,25
run_3,298.21,15226,22
run_4,298.21,15640,21
run_5,298.21,17573,19
run_6,298.21,16136,23
run_7,298.21,15513,21
run_8,298.21,15073,23
run_9,298.21,15016,23
run_10,298.21,15739,20
run_1,298.42,14461,22
run_2,298.42,14842,25
run_3,298.42,15226,22
run_4,298.42,15640,21
run_5,298.42,17573,19
run_6,298.42,16136,23
run_7,298.42,15513,21
run_8,298.42,15073,23
run_9,298.42,15044,23
run_10,298.42,15739,20
run_1,298.52,14461,22
run_2,298.52,14842,25
run_3,298.52,15226,22
run_4,298.52,15640,21
run_5,298.52,17573,19
run_6,298.52,16136,23
run_7,298.52,15513,21
run_8,298.52,15129,23
run_9,298.52,15044,23
run_10,298.52,15739,20
run_1,298.81,14461,22
run_2,298.81,14842,25
run_3,298.81,15274,22
run_4,298.81,15640,21
run_5,298.81,17573,19
run_6,298.81,16136,23
run_7,298.81,15513,21
run_8,298.81,15129,23
run_9,298.81,15044,23
run_10,298.81,15739,20
run_1,298.88,14461,22
run_2,298.88,14842,25
run_3,298.88,15274,22
run_4,298.88,15640,21
run_5,298.88,17573,19
run_6,298.88,16136,23
run_7,298.88,15513,21
run_8,298.88,15129,23
run_9,298.88,15044,23
run_10,298.88,15783,20
run_1,299.08,14461,22
run_2,299.08,14842,25
run_3,299.08,15274,22
run_4,299.08,15692,21
run_5,299.08,17573,19
run_6,299.08,16136,23
run_7,299.08,15513,21
run_8,299.08,15129,23
run_9,299.08,15044,23
run_10,299.08,15783,20
run_1,299.18,14461,22
run_2,299.18,14894,25
run_3,299.18,15274,22
run_4,299.18,15692,21
run_5,299.18,17573,19
run_6,299.18,16136,23
run_7,299.18,15513,21
run_8,299.18,15129,23
run_9,299.18,15044,23
run_10,299.18,15783,20
run_1,299.19,14461,22
run_2,299.19,14894,25
run_3,299.19,15274,22
run_4,299.19,15692,21
run_5,299.19,17609,19
run_6,299.19,16184,23
run_7,299.19,15553,21
run_8,299.19,15129,23
run_9,299.19,15044,23
run_10,299.19,15783,20
run_1,299.59,14461,22
run_2,299.59,14894,25
run_3,299.59,15274,22
run_4,299.59,15692,21
run_5,299.59,17609,19
run_6,299.59,16184,23
run_7,299.59,15553,21
run_8,299.59,15129,23
run_9,299.59,15096,23
run_10,299.59,15783,20
run_1,299.67,14533,22
run_2,299.67,14894,25
run_3,299.67,15274,22
run_4,299.67,15692,21
run_5,299.67,17609,19
run_6,299.67,16184,23
run_7,299.67,15553,21
run_8,299.67,15129,23
run_9,299.67,15096,23
run_10,299.67,15783,20
run_1,299.75,14533,22
run_2,299.75,14894,25
run_3,299.75,15274,22
run_4,299.75,15692,21
run_5,299.75,17609,19
run_6,299.75,16184,23
run_7,299.75,15553,21
run_8,299.75,15177,23
run_9,299.75,15096,23
run_10,299.75,15783,20
run_1,299.93,14533,22
run_2,299.93,14894,25
run_3,299.93,15274,22
run_4,299.93,15692,21
run_5,299.93,17609,19
run_6,299.93,16184,23
run_7,299.93,15553,21
run_8,299.93,15177,23
run_9,299.93,15096,23
run_10,299.93,15839,20
run_1,300,14541,22
run_2,300,14894,25
run_3,300,15338,22
run_4,300,15736,21
run_5,300,17609,19
run_6,300,16224,23
run_7,300,15553,21
run_8,300,15177,23
run_9,300,15096,23
run_10,300,15839,20
run_1,300.01,14541,22
run_2,300.01,14894,25
run_3,300.01,15338,22
run_4,300.01,15736,21
run_5,300.01,17653,19
run_6,300.01,16224,23
run_7,300.01,15577,21
run_8,300.01,15181,23
run_9,300.01,15124,23
run_10,300.01,15839,20
run_1,300.13,14541,22
run_2,300.13,14922,25
run_3,300.13,15338,22
run_4,300.13,15736,21
run_5,300.13,17653,19
run_6,300.13,16224,23
run_7,300.13,15577,21
run_8,300.13,15181,23
run_9,300.13,15124,23
run_10,300.13,15839,20
