timestamp,runs,unique_features,corpus_size,interval_runs,interval_features,interval_seconds,contributing_entries,contribution_percentage,longest_stagnation_runs,longest_stagnation_seconds,current_stagnation_runs,current_stagnation_seconds,avg_seed_age,active_seeds,dead_seeds,dead_selection_percentage,contribution_rate,corpus_rejected_duplicates,corpus_admitted_relaxed
1.09,503,4929,24,503,4929,1.09,4,16.67,141,0.3,140,0.31,,,,,,0,0
2.03,1005,5239,24,502,310,0.94,1,4.17,296,0.56,135,0.22,,,,,,0,0
2.96,1509,5248,24,504,9,0.93,2,8.33,296,0.56,125,0.22,,,,,,0,0
3.92,2009,5259,24,500,11,0.96,2,8.33,296,0.56,365,0.7,,,,,,0,0
4.91,2509,5259,24,500,0,0.99,0,0,296,0.56,865,1.69,,,,,,0,0
5.9,3010,5263,24,501,4,0.99,1,4.17,1081,2.1,285,0.58,,,,,,0,0
6.9,3511,5267,24,501,4,1,1,4.17,1081,2.1,405,0.83,,,,,,0,0
7.93,4012,5271,24,501,4,1.02,1,4.17,1081,2.1,115,0.24,,,,,,0,0
8.98,4512,5271,24,500,0,1.06,0,0,1081,2.1,615,1.3,,,,,,0,0
9.94,5012,5271,24,500,0,0.96,0,0,1081,2.1,1115,2.26,,,,,,0,0
11.06,5513,5275,24,501,4,1.12,1,4.17,1261,2.57,355,0.81,,,,,,0,0
12.11,6013,5279,24,500,4,1.05,1,4.17,1261,2.57,325,0.7,,,,,,0,0
13.1,6516,5303,24,503,24,0.99,1,4.17,1261,2.57,25,0.04,,,,,,0,0
14.11,7020,5311,24,504,8,1.01,1,4.17,1261,2.57,5,0.02,,,,,,0,0
15.23,7520,5311,24,500,0,1.12,0,0,1261,2.57,505,1.13,,,,,,0,0
16.31,8023,5315,24,503,4,1.09,1,4.17,1261,2.57,55,0.13,,,,,,0,0
17.48,8525,5323,24,502,8,1.17,1,4.17,1261,2.57,230,0.52,,,,,,0,0
18.66,9029,5339,24,504,16,1.17,2,8.33,1261,2.57,285,0.68,,,,,,0,0
19.77,9532,5347,24,503,8,1.11,1,4.17,1261,2.57,240,0.5,,,,,,0,0
20.89,10032,5359,24,500,12,1.13,1,4.17,1261,2.57,95,0.2,,,,,,0,0
22.04,10533,5363,24,501,4,1.15,1,4.17,1261,2.57,345,0.81,,,,,,0,0
23.18,11033,5379,24,500,16,1.13,1,4.17,1261,2.57,15,0.03,,,,,,0,0
24.28,11537,5387,24,504,8,1.1,1,4.17,1261,2.57,80,0.19,,,,,,0,0
25.53,12038,5411,24,501,24,1.25,1,4.17,1261,2.57,10,0.03,,,,,,0,0
26.66,12540,5419,24,502,8,1.13,2,8.33,1261,2.57,220,0.49,,,,,,0,0
27.76,13043,5427,24,503,8,1.11,2,8.33,1261,2.57,35,0.07,,,,,,0,0
28.94,13546,5439,24,503,12,1.18,1,4.17,1261,2.57,195,0.47,,,,,,0,0
30.02,14046,5463,24,500,24,1.08,1,4.17,1261,2.57,195,0.39,,,,,,0,0
31.14,14550,5475,24,504,12,1.12,1,4.17,1261,2.57,110,0.25,,,,,,0,0
32.31,15054,5487,24,504,12,1.17,1,4.17,1261,2.57,60,0.12,,,,,,0,0
33.24,15557,5499,24,503,12,0.93,1,4.17,1261,2.57,160,0.28,,,,,,0,0
34.41,16057,5515,24,500,16,1.17,1,4.17,1261,2.57,360,0.83,,,,,,0,0
35.55,16560,5527,24,503,12,1.14,1,4.17,1261,2.57,340,0.77,,,,,,0,0
36.79,17061,5555,24,501,28,1.25,1,4.17,1261,2.57,20,0.04,,,,,,0,0
37.91,17565,5591,24,504,36,1.11,1,4.17,1261,2.57,5,0.01,,,,,,0,0
39.05,18065,5591,24,500,0,1.14,0,0,1261,2.57,505,1.15,,,,,,0,0
40.18,18567,5611,24,502,20,1.13,1,4.17,1261,2.57,235,0.49,,,,,,0,0
41.28,19070,5627,24,503,16,1.1,1,4.17,1261,2.57,100,0.21,,,,,,0,0
42.42,19570,5643,24,500,16,1.15,1,4.17,1261,2.57,330,0.77,,,,,,0,0
43.58,20071,5655,24,501,12,1.15,1,4.17,1261,2.57,55,0.13,,,,,,0,0
44.71,20572,5659,24,501,4,1.14,1,4.17,1261,2.57,415,0.93,,,,,,0,0
45.74,21074,5667,24,502,8,1.03,1,4.17,1261,2.57,330,0.71,,,,,,0,0
46.88,21574,5687,24,500,20,1.14,1,4.17,1261,2.57,220,0.54,,,,,,0,0
48,22076,5695,24,502,8,1.13,1,4.17,1261,2.57,165,0.39,,,,,,0,0
49.13,22577,5707,24,501,12,1.12,1,4.17,1261,2.57,45,0.11,,,,,,0,0
50.27,23078,5731,24,501,24,1.15,1,4.17,1261,2.57,130,0.3,,,,,,0,0
51.47,23582,5747,24,504,16,1.19,1,4.17,1261,2.57,65,0.14,,,,,,0,0
52.56,24084,5751,24,502,4,1.1,1,4.17,1261,2.57,60,0.15,,,,,,0,0
53.68,24585,5783,24,501,32,1.12,1,4.17,1261,2.57,125,0.26,,,,,,0,0
54.78,25089,5795,24,504,12,1.1,1,4.17,1261,2.57,35,0.07,,,,,,0,0
55.97,25591,5815,24,502,20,1.19,1,4.17,1261,2.57,85,0.21,,,,,,0,0
57.03,26093,5835,24,502,20,1.06,1,4.17,1261,2.57,85,0.19,,,,,,0,0
58.08,26596,5847,24,503,12,1.05,1,4.17,1261,2.57,100,0.2,,,,,,0,0
59.2,27098,5859,24,502,12,1.11,1,4.17,1261,2.57,50,0.11,,,,,,0,0
60.35,27598,5871,24,500,12,1.15,1,4.17,1261,2.57,10,0.03,,,,,,0,0
61.52,28099,5903,24,501,32,1.17,1,4.17,1261,2.57,10,0.02,,,,,,0,0
62.61,28599,5919,24,500,16,1.09,1,4.17,1261,2.57,175,0.4,,,,,,0,0
63.68,29102,5931,24,503,12,1.07,1,4.17,1261,2.57,35,0.07,,,,,,0,0
64.82,29603,5955,24,501,24,1.13,1,4.17,1261,2.57,30,0.06,,,,,,0,0
65.88,30106,5967,24,503,12,1.07,1,4.17,1261,2.57,20,0.04,,,,,,0,0
67,30609,5991,24,503,24,1.11,1,4.17,1261,2.57,165,0.37,,,,,,0,0
68.18,31111,6011,24,502,20,1.18,1,4.17,1261,2.57,245,0.59,,,,,,0,0
69.35,31613,6043,24,502,32,1.17,1,4.17,1261,2.57,200,0.43,,,,,,0,0
70.42,32113,6075,24,500,32,1.08,1,4.17,1261,2.57,35,0.08,,,,,,0,0
71.57,32615,6083,24,502,8,1.15,1,4.17,1261,2.57,115,0.28,,,,,,0,0
72.84,33118,6091,24,503,8,1.27,1,4.17,1261,2.57,85,0.19,,,,,,0,0
74.21,33620,6099,24,502,8,1.37,1,4.17,1261,2.57,190,0.52,,,,,,0,0
75.46,34122,6119,24,502,20,1.25,1,4.17,1261,2.57,90,0.22,,,,,,0,0
76.59,34625,6155,24,503,36,1.12,1,4.17,1261,2.57,40,0.1,,,,,,0,0
77.76,35126,6163,24,501,8,1.17,2,8.33,1261,2.57,205,0.49,,,,,,0,0
79,35627,6183,24,501,20,1.24,1,4.17,1261,2.57,55,0.15,,,,,,0,0
80.31,36128,6211,24,501,28,1.31,1,4.17,1261,2.57,10,0.03,,,,,,0,0
81.51,36629,6239,24,501,28,1.2,1,4.17,1261,2.57,35,0.08,,,,,,0,0
82.6,37131,6255,24,502,16,1.1,1,4.17,1261,2.57,85,0.19,,,,,,0,0
83.84,37635,6287,24,504,32,1.24,1,4.17,1261,2.57,30,0.09,,,,,,0,0
85.05,38138,6303,24,503,16,1.21,1,4.17,1261,2.57,40,0.1,,,,,,0,0
86.27,38639,6327,24,501,24,1.22,1,4.17,1261,2.57,20,0.05,,,,,,0,0
87.41,39139,6355,24,500,28,1.14,1,4.17,1261,2.57,10,0.02,,,,,,0,0
88.64,39640,6387,24,501,32,1.23,1,4.17,1261,2.57,160,0.38,,,,,,0,0
89.7,40141,6403,24,501,16,1.06,1,4.17,1261,2.57,170,0.38,,,,,,0,0
90.82,40644,6423,24,503,20,1.12,2,8.33,1261,2.57,135,0.26,,,,,,0,0
91.81,41148,6439,24,504,16,0.99,1,4.17,1261,2.57,130,0.25,,,,,,0,0
92.82,41648,6459,24,500,20,1.01,1,4.17,1261,2.57,425,0.84,,,,,,0,0
93.92,42150,6487,24,502,28,1.11,1,4.17,1261,2.57,10,0.02,,,,,,0,0
95.16,42654,6519,24,504,32,1.24,1,4.17,1261,2.57,70,0.15,,,,,,0,0
96.18,43154,6543,24,500,24,1.02,1,4.17,1261,2.57,0,0,,,,,,0,0
97.25,43658,6571,24,504,28,1.06,1,4.17,1261,2.57,45,0.1,,,,,,0,0
98.28,44161,6599,24,503,28,1.04,1,4.17,1261,2.57,30,0.05,,,,,,0,0
99.36,44665,6615,24,504,16,1.08,1,4.17,1261,2.57,100,0.19,,,,,,0,0
100.43,45165,6627,24,500,12,1.07,1,4.17,1261,2.57,25,0.06,,,,,,0,0
101.61,45668,6659,24,503,32,1.18,1,4.17,1261,2.57,165,0.38,,,,,,0,0
102.77,46170,6683,24,502,24,1.16,1,4.17,1261,2.57,120,0.25,,,,,,0,0
103.96,46674,6727,24,504,44,1.19,1,4.17,1261,2.57,10,0.02,,,,,,0,0
105.04,47178,6751,24,504,24,1.08,1,4.17,1261,2.57,190,0.38,,,,,,0,0
106.17,47678,6787,24,500,36,1.13,1,4.17,1261,2.57,10,0.02,,,,,,0,0
107.4,48178,6811,24,500,24,1.23,1,4.17,1261,2.57,215,0.49,,,,,,0,0
108.48,48681,6823,24,503,12,1.09,1,4.17,1261,2.57,130,0.26,,,,,,0,0
109.6,49181,6835,24,500,12,1.11,1,4.17,1261,2.57,310,0.71,,,,,,0,0
110.79,49684,6847,24,503,12,1.19,1,4.17,1261,2.57,295,0.72,,,,,,0,0
111.99,50184,6875,24,500,28,1.2,1,4.17,1261,2.57,10,0.03,,,,,,0,0
113.2,50687,6887,24,503,12,1.21,1,4.17,1261,2.57,50,0.11,,,,,,0,0
114.27,51190,6895,24,503,8,1.07,1,4.17,1261,2.57,410,0.89,,,,,,0,0
115.36,51691,6931,24,501,36,1.09,1,4.17,1261,2.57,5,0.01,,,,,,0,0
116.75,52195,6951,24,504,20,1.39,1,4.17,1261,2.57,30,0.09,,,,,,0,0
118.09,52698,6967,24,503,16,1.33,1,4.17,1261,2.57,45,0.1,,,,,,0,0
119.25,53201,6991,24,503,24,1.16,1,4.17,1261,2.57,150,0.32,,,,,,0,0
120.31,53701,7023,24,500,32,1.07,1,4.17,1261,2.57,50,0.1,,,,,,0,0
121.49,54205,7035,24,504,12,1.18,1,4.17,1261,2.57,295,0.71,,,,,,0,0
122.54,54707,7043,24,502,8,1.05,1,4.17,1261,2.57,285,0.56,,,,,,0,0
123.64,55210,7059,24,503,16,1.09,1,4.17,1261,2.57,25,0.07,,,,,,0,0
124.72,55714,7095,24,504,36,1.08,1,4.17,1261,2.57,15,0.04,,,,,,0,0
125.93,56215,7115,24,501,20,1.22,1,4.17,1261,2.57,90,0.21,,,,,,0,0
127.13,56716,7155,24,501,40,1.19,1,4.17,1261,2.57,170,0.39,,,,,,0,0
128.33,57219,7175,24,503,20,1.2,1,4.17,1261,2.57,35,0.07,,,,,,0,0
129.53,57723,7211,24,504,36,1.2,1,4.17,1261,2.57,5,0.01,,,,,,0,0
130.69,58224,7231,24,501,20,1.16,1,4.17,1261,2.57,95,0.2,,,,,,0,0
131.89,58725,7255,24,501,24,1.2,1,4.17,1261,2.57,155,0.34,,,,,,0,0
133.02,59227,7271,24,502,16,1.14,1,4.17,1261,2.57,75,0.16,,,,,,0,0
134.15,59729,7299,24,502,28,1.12,1,4.17,1261,2.57,90,0.2,,,,,,0,0
135.33,60229,7319,24,500,20,1.18,2,8.33,1261,2.57,185,0.46,,,,,,0,0
136.57,60729,7335,24,500,16,1.24,1,4.17,1261,2.57,5,0.01,,,,,,0,0
137.75,61232,7351,24,503,16,1.18,1,4.17,1261,2.57,20,0.06,,,,,,0,0
139.03,61735,7375,24,503,24,1.28,1,4.17,1261,2.57,90,0.2,,,,,,0,0
140.21,62239,7391,24,504,16,1.18,1,4.17,1261,2.57,40,0.09,,,,,,0,0
141.34,62743,7411,24,504,20,1.13,1,4.17,1261,2.57,235,0.53,,,,,,0,0
142.5,63244,7431,24,501,20,1.16,1,4.17,1261,2.57,95,0.23,,,,,,0,0
143.74,63748,7455,24,504,24,1.24,1,4.17,1261,2.57,135,0.35,,,,,,0,0
145,64250,7479,24,502,24,1.26,1,4.17,1261,2.57,35,0.1,,,,,,0,0
146.18,64753,7491,24,503,12,1.18,1,4.17,1261,2.57,50,0.11,,,,,,0,0
147.35,65254,7515,24,501,24,1.17,1,4.17,1261,2.57,65,0.16,,,,,,0,0
148.5,65756,7535,24,502,20,1.15,1,4.17,1261,2.57,265,0.64,,,,,,0,0
149.73,66258,7575,24,502,40,1.23,1,4.17,1261,2.57,35,0.1,,,,,,0,0
150.85,66760,7591,24,502,16,1.12,1,4.17,1261,2.57,135,0.32,,,,,,0,0
151.94,67263,7599,24,503,8,1.09,1,4.17,1261,2.57,5,0.01,,,,,,0,0
153.77,67763,7611,24,500,12,1.82,1,4.17,1261,2.57,280,1.31,,,,,,0,0
154.95,68263,7635,24,500,24,1.19,1,4.17,1261,2.57,70,0.17,,,,,,0,0
156.06,68764,7639,24,501,4,1.11,1,4.17,1261,2.57,70,0.14,,,,,,0,0
157.17,69265,7643,24,501,4,1.11,1,4.17,1261,2.57,340,0.8,,,,,,0,0
158.24,69765,7663,24,500,20,1.07,1,4.17,1261,2.57,80,0.18,,,,,,0,0
159.33,70267,7695,24,502,32,1.09,1,4.17,1261,2.57,10,0.03,,,,,,0,0
160.42,70771,7715,24,504,20,1.09,1,4.17,1261,2.57,100,0.22,,,,,,0,0
161.7,71271,7735,24,500,20,1.28,1,4.17,1261,2.57,275,0.63,,,,,,0,0
162.92,71772,7751,24,501,16,1.22,1,4.17,1261,2.57,45,0.09,,,,,,0,0
164.03,72276,7771,24,504,20,1.11,1,4.17,1261,2.57,190,0.43,,,,,,0,0
165.23,72780,7819,24,504,48,1.2,1,4.17,1261,2.57,10,0.02,,,,,,0,0
167.54,73280,7863,24,500,44,2.32,1,4.17,1261,2.57,50,0.13,,,,,,0,0
168.7,73781,7887,24,501,24,1.16,1,4.17,1261,2.57,105,0.25,,,,,,0,0
169.88,74281,7923,24,500,36,1.18,1,4.17,1261,2.57,35,0.07,,,,,,0,0
170.99,74781,7943,24,500,20,1.11,1,4.17,1261,2.57,45,0.11,,,,,,0,0
172.1,75284,7959,24,503,16,1.11,1,4.17,1261,2.57,60,0.12,,,,,,0,0
173.32,75787,7991,24,503,32,1.22,1,4.17,1261,2.57,5,0.01,,,,,,0,0
174.41,76289,8015,24,502,24,1.09,1,4.17,1261,2.57,20,0.05,,,,,,0,0
175.58,76792,8039,24,503,24,1.17,1,4.17,1261,2.57,25,0.06,,,,,,0,0
176.76,77294,8059,24,502,20,1.18,1,4.17,1261,2.57,25,0.06,,,,,,0,0
177.96,77796,8067,24,502,8,1.2,1,4.17,1261,2.57,125,0.31,,,,,,0,0
179.18,78296,8095,24,500,28,1.22,1,4.17,1261,2.57,35,0.09,,,,,,0,0
180.3,78800,8115,24,504,20,1.12,1,4.17,1261,2.57,290,0.62,,,,,,0,0
181.44,79303,8159,24,503,44,1.14,1,4.17,1261,2.57,15,0.03,,,,,,0,0
182.93,79807,8179,24,504,20,1.49,1,4.17,1261,2.57,20,0.05,,,,,,0,0
184.19,80310,8207,24,503,28,1.27,1,4.17,1261,2.57,130,0.3,,,,,,0,0
185.38,80814,8239,24,504,32,1.19,1,4.17,1261,2.57,15,0.04,,,,,,0,0
186.55,81318,8247,24,504,8,1.17,1,4.17,1261,2.57,65,0.16,,,,,,0,0
187.68,81822,8275,24,504,28,1.13,1,4.17,1261,2.57,0,0,,,,,,0,0
188.83,82325,8311,24,503,36,1.15,1,4.17,1261,2.57,115,0.25,,,,,,0,0
189.97,82825,8331,24,500,20,1.14,1,4.17,1261,2.57,0,0,,,,,,0,0
191.08,83328,8367,24,503,36,1.11,1,4.17,1261,2.57,10,0.03,,,,,,0,0
192.28,83832,8399,24,504,32,1.2,1,4.17,1261,2.57,60,0.14,,,,,,0,0
193.61,84336,8415,24,504,16,1.33,1,4.17,1261,2.57,155,0.37,,,,,,0,0
194.74,84837,8435,24,501,20,1.13,1,4.17,1261,2.57,15,0.04,,,,,,0,0
195.89,85341,8455,24,504,20,1.16,1,4.17,1261,2.57,15,0.03,,,,,,0,0
197.23,85844,8475,24,503,20,1.34,1,4.17,1261,2.57,25,0.06,,,,,,0,0
198.41,86348,8487,24,504,12,1.18,1,4.17,1261,2.57,255,0.58,,,,,,0,0
199.77,86848,8503,24,500,16,1.35,1,4.17,1261,2.57,35,0.09,,,,,,0,0
201.1,87349,8527,24,501,24,1.33,1,4.17,1261,2.57,190,0.44,,,,,,0,0
202.19,87851,8547,24,502,20,1.09,1,4.17,1261,2.57,20,0.04,,,,,,0,0
203.33,88352,8571,24,501,24,1.13,1,4.17,1261,2.57,40,0.09,,,,,,0,0
204.53,88852,8611,24,500,40,1.21,1,4.17,1261,2.57,35,0.09,,,,,,0,0
205.72,89352,8623,24,500,12,1.19,1,4.17,1261,2.57,195,0.43,,,,,,0,0
206.87,89852,8659,24,500,36,1.15,1,4.17,1261,2.57,30,0.06,,,,,,0,0
208.08,90354,8683,24,502,24,1.22,1,4.17,1261,2.57,5,0.01,,,,,,0,0
209.23,90857,8707,24,503,24,1.15,1,4.17,1261,2.57,15,0.02,,,,,,0,0
210.4,91357,8735,24,500,28,1.16,2,8.33,1261,2.57,5,0.01,,,,,,0,0
211.52,91861,8751,24,504,16,1.12,1,4.17,1261,2.57,120,0.24,,,,,,0,0
212.6,92364,8771,24,503,20,1.08,1,4.17,1261,2.57,25,0.06,,,,,,0,0
213.82,92864,8783,24,500,12,1.22,1,4.17,1261,2.57,45,0.09,,,,,,0,0
214.91,93365,8807,24,501,24,1.09,1,4.17,1261,2.57,85,0.18,,,,,,0,0
216.02,93867,8835,24,502,28,1.1,1,4.17,1261,2.57,25,0.06,,,,,,0,0
217.21,94369,8847,24,502,12,1.19,1,4.17,1261,2.57,60,0.14,,,,,,0,0
218.41,94870,8867,24,501,20,1.2,1,4.17,1261,2.57,60,0.13,,,,,,0,0
219.67,95374,8903,24,504,36,1.26,1,4.17,1261,2.57,185,0.44,,,,,,0,0
220.9,95874,8911,24,500,8,1.23,1,4.17,1261,2.57,205,0.53,,,,,,0,0
222.07,96376,8939,24,502,28,1.17,1,4.17,1261,2.57,70,0.17,,,,,,0,0
223.27,96880,8947,24,504,8,1.2,1,4.17,1261,2.57,255,0.57,,,,,,0,0
224.51,97383,8979,24,503,32,1.24,1,4.17,1261,2.57,10,0.02,,,,,,0,0
225.79,97883,8995,24,500,16,1.28,1,4.17,1261,2.57,50,0.12,,,,,,0,0
226.95,98385,9027,24,502,32,1.17,1,4.17,1261,2.57,35,0.08,,,,,,0,0
228.13,98888,9079,24,503,52,1.17,1,4.17,1261,2.57,35,0.07,,,,,,0,0
229.25,99389,9083,24,501,4,1.13,1,4.17,1261,2.57,160,0.38,,,,,,0,0
230.42,99890,9111,24,501,28,1.17,1,4.17,1261,2.57,55,0.14,,,,,,0,0
231.64,100394,9123,24,504,12,1.22,1,4.17,1261,2.57,210,0.55,,,,,,0,0
232.8,100896,9147,24,502,24,1.16,1,4.17,1261,2.57,15,0.04,,,,,,0,0
233.9,101398,9167,24,502,20,1.09,1,4.17,1261,2.57,140,0.26,,,,,,0,0
235.09,101902,9183,24,504,16,1.19,1,4.17,1261,2.57,10,0.02,,,,,,0,0
236.34,102405,9219,24,503,36,1.25,1,4.17,1261,2.57,35,0.09,,,,,,0,0
237.53,102905,9243,24,500,24,1.19,1,4.17,1261,2.57,55,0.14,,,,,,0,0
238.7,103408,9263,24,503,20,1.17,1,4.17,1261,2.57,165,0.37,,,,,,0,0
239.93,103910,9279,24,502,16,1.23,1,4.17,1261,2.57,5,0.01,,,,,,0,0
241.11,104410,9291,24,500,12,1.18,1,4.17,1261,2.57,115,0.26,,,,,,0,0
242.65,104911,9315,24,501,24,1.53,1,4.17,1261,2.57,55,0.11,,,,,,0,0
243.77,105414,9347,24,503,32,1.12,1,4.17,1261,2.57,55,0.17,,,,,,0,0
244.9,105918,9359,24,504,12,1.13,1,4.17,1261,2.57,55,0.12,,,,,,0,0
246.13,106421,9383,24,503,24,1.23,1,4.17,1261,2.57,5,0.01,,,,,,0,0
247.31,106924,9419,24,503,36,1.19,1,4.17,1261,2.57,10,0.03,,,,,,0,0
248.42,107425,9439,24,501,20,1.1,1,4.17,1261,2.57,30,0.07,,,,,,0,0
249.66,107925,9451,24,500,12,1.24,1,4.17,1261,2.57,375,0.93,,,,,,0,0
250.81,108427,9483,24,502,32,1.16,1,4.17,1261,2.57,15,0.03,,,,,,0,0
252.05,108930,9495,24,503,12,1.24,1,4.17,1261,2.57,65,0.16,,,,,,0,0
253.23,109432,9519,24,502,24,1.18,1,4.17,1261,2.57,15,0.03,,,,,,0,0
254.29,109935,9543,24,503,24,1.06,1,4.17,1261,2.57,50,0.12,,,,,,0,0
255.43,110437,9563,24,502,20,1.14,1,4.17,1261,2.57,145,0.33,,,,,,0,0
256.71,110937,9563,24,500,0,1.28,0,0,1261,2.57,645,1.61,,,,,,0,0
257.8,111439,9591,24,502,28,1.09,1,4.17,1261,2.57,40,0.09,,,,,,0,0
259.04,111943,9607,24,504,16,1.24,1,4.17,1261,2.57,35,0.08,,,,,,0,0
260.25,112444,9631,24,501,24,1.2,1,4.17,1261,2.57,90,0.22,,,,,,0,0
261.45,112947,9659,24,503,28,1.2,1,4.17,1261,2.57,20,0.04,,,,,,0,0
262.57,113447,9687,24,500,28,1.12,1,4.17,1261,2.57,25,0.06,,,,,,0,0
263.8,113951,9707,24,504,20,1.23,1,4.17,1261,2.57,240,0.56,,,,,,0,0
264.88,114453,9731,24,502,24,1.07,1,4.17,1261,2.57,40,0.09,,,,,,0,0
265.89,114955,9747,24,502,16,1.01,1,4.17,1261,2.57,360,0.75,,,,,,0,0
267.08,115459,9767,24,504,20,1.2,1,4.17,1261,2.57,100,0.22,,,,,,0,0
268.21,115960,9807,24,501,40,1.12,1,4.17,1261,2.57,20,0.04,,,,,,0,0
269.39,116460,9823,24,500,16,1.19,1,4.17,1261,2.57,125,0.26,,,,,,0,0
270.69,116962,9843,24,502,20,1.3,1,4.17,1261,2.57,10,0.03,,,,,,0,0
271.88,117463,9875,24,501,32,1.19,1,4.17,1261,2.57,70,0.15,,,,,,0,0
272.97,117964,9887,24,501,12,1.09,1,4.17,1261,2.57,10,0.02,,,,,,0,0
274.62,118464,9915,24,500,28,1.65,1,4.17,1261,2.57,65,0.15,,,,,,0,0
275.81,118967,9939,24,503,24,1.19,1,4.17,1261,2.57,220,0.51,,,,,,0,0
276.98,119468,9943,24,501,4,1.17,1,4.17,1261,2.57,185,0.42,,,,,,0,0
278.57,119970,9975,24,502,32,1.59,1,4.17,1261,2.57,10,0.03,,,,,,0,0
279.72,120473,9979,24,503,4,1.15,1,4.17,1261,2.57,350,0.77,,,,,,0,0
280.97,120973,9995,24,500,16,1.26,1,4.17,1261,2.57,45,0.11,,,,,,0,0
282.21,121477,10043,24,504,48,1.23,1,4.17,1261,2.57,60,0.12,,,,,,0,0
283.5,121978,10075,24,501,32,1.29,1,4.17,1261,2.57,0,0,,,,,,0,0
284.79,122481,10087,24,503,12,1.29,1,4.17,1261,2.57,25,0.06,,,,,,0,0
285.97,122985,10111,24,504,24,1.18,1,4.17,1261,2.57,30,0.08,,,,,,0,0
287.15,123489,10159,24,504,48,1.18,1,4.17,1261,2.57,30,0.07,,,,,,0,0
288.4,123990,10179,24,501,20,1.25,1,4.17,1261,2.57,15,0.04,,,,,,0,0
289.68,124491,10195,24,501,16,1.28,1,4.17,1261,2.57,30,0.09,,,,,,0,0
290.92,124992,10211,24,501,16,1.23,1,4.17,1261,2.57,180,0.42,,,,,,0,0
291.98,125492,10243,24,500,32,1.07,1,4.17,1261,2.57,15,0.03,,,,,,0,0
293.08,125993,10283,24,501,40,1.1,1,4.17,1261,2.57,50,0.13,,,,,,0,0
294.22,126493,10303,24,500,20,1.14,1,4.17,1261,2.57,120,0.27,,,,,,0,0
295.35,126996,10335,24,503,32,1.13,1,4.17,1261,2.57,80,0.18,,,,,,0,0
296.58,127500,10363,24,504,28,1.23,1,4.17,1261,2.57,80,0.19,,,,,,0,0
297.73,128003,10371,24,503,8,1.15,1,4.17,1261,2.57,365,0.84,,,,,,0,0
298.91,128503,10395,24,500,24,1.18,1,4.17,1261,2.57,0,0,,,,,,0,0
300.05,129007,10407,24,504,12,1.14,1,4.17,1261,2.57,70,0.15,,,,,,0,0
301.29,129510,10435,24,503,28,1.24,1,4.17,1261,2.57,25,0.05,,,,,,0,0
302.34,130013,10467,24,503,32,1.05,1,4.17,1261,2.57,105,0.22,,,,,,0,0
303.54,130517,10495,24,504,28,1.2,1,4.17,1261,2.57,35,0.09,,,,,,0,0
304.65,131017,10531,24,500,36,1.11,1,4.17,1261,2.57,85,0.19,,,,,,0,0
305.78,131518,10547,24,501,16,1.13,1,4.17,1261,2.57,15,0.03,,,,,,0,0
306.84,132019,10567,24,501,20,1.06,1,4.17,1261,2.57,85,0.15,,,,,,0,0
308.23,132520,10571,24,501,4,1.39,1,4.17,1261,2.57,255,0.64,,,,,,0,0
309.46,133022,10587,24,502,16,1.23,1,4.17,1261,2.57,300,0.67,,,,,,0,0
310.62,133525,10607,24,503,20,1.16,1,4.17,1261,2.57,10,0.02,,,,,,0,0
311.91,134029,10639,24,504,32,1.29,1,4.17,1261,2.57,15,0.03,,,,,,0,0
313.04,134533,10671,24,504,32,1.13,1,4.17,1261,2.57,25,0.06,,,,,,0,0
314.21,135035,10707,24,502,36,1.17,1,4.17,1261,2.57,110,0.25,,,,,,0,0
315.4,135539,10715,24,504,8,1.19,1,4.17,1261,2.57,310,0.7,,,,,,0,0
316.6,136042,10743,24,503,28,1.2,1,4.17,1261,2.57,35,0.1,,,,,,0,0
317.84,136542,10771,24,500,28,1.24,1,4.17,1261,2.57,5,0.02,,,,,,0,0
319.17,137046,10783,24,504,12,1.34,1,4.17,1261,2.57,95,0.22,,,,,,0,0
320.42,137549,10799,24,503,16,1.24,1,4.17,1261,2.57,50,0.13,,,,,,0,0
321.72,138049,10815,24,500,16,1.3,1,4.17,1261,2.57,15,0.03,,,,,,0,0
323.02,138549,10843,24,500,28,1.3,1,4.17,1261,2.57,0,0,,,,,,0,0
324.4,139053,10875,24,504,32,1.38,1,4.17,1261,2.57,5,0.01,,,,,,0,0
325.6,139553,10899,24,500,24,1.19,1,4.17,1261,2.57,155,0.36,,,,,,0,0
326.82,140056,10931,24,503,32,1.22,1,4.17,1261,2.57,85,0.18,,,,,,0,0
328.02,140558,10939,24,502,8,1.2,1,4.17,1261,2.57,70,0.15,,,,,,0,0
329.11,141059,10943,24,501,4,1.1,1,4.17,1261,2.57,280,0.63,,,,,,0,0
330.23,141560,10975,24,501,32,1.12,1,4.17,1261,2.57,155,0.32,,,,,,0,0
331.52,142064,10999,24,504,24,1.28,1,4.17,1261,2.57,125,0.32,,,,,,0,0
332.67,142566,11023,24,502,24,1.15,1,4.17,1261,2.57,170,0.38,,,,,,0,0
333.82,143068,11031,24,502,8,1.15,1,4.17,1261,2.57,20,0.06,,,,,,0,0
335.59,143570,11063,24,502,32,1.76,1,4.17,1261,2.57,210,0.5,,,,,,0,0
336.65,144074,11075,24,504,12,1.06,1,4.17,1261,2.57,190,0.4,,,,,,0,0
337.95,144575,11087,24,501,12,1.3,1,4.17,1261,2.57,220,0.69,,,,,,0,0
339.16,145077,11103,24,502,16,1.22,1,4.17,1261,2.57,75,0.19,,,,,,0,0
340.34,145578,11119,24,501,16,1.18,1,4.17,1261,2.57,10,0.03,,,,,,0,0
341.51,146079,11147,24,501,28,1.17,1,4.17,1261,2.57,105,0.25,,,,,,0,0
342.77,146579,11167,24,500,20,1.26,1,4.17,1261,2.57,55,0.12,,,,,,0,0
343.89,147080,11195,24,501,28,1.12,1,4.17,1261,2.57,45,0.1,,,,,,0,0
345.17,147580,11211,24,500,16,1.28,1,4.17,1261,2.57,35,0.08,,,,,,0,0
346.46,148082,11231,24,502,20,1.29,1,4.17,1261,2.57,45,0.1,,,,,,0,0
347.54,148585,11251,24,503,20,1.08,1,4.17,1261,2.57,15,0.04,,,,,,0,0
348.74,149087,11283,24,502,32,1.2,1,4.17,1261,2.57,70,0.17,,,,,,0,0
349.9,149587,11303,24,500,20,1.16,1,4.17,1261,2.57,20,0.05,,,,,,0,0
350.99,150087,11339,24,500,36,1.09,1,4.17,1261,2.57,60,0.13,,,,,,0,0
352.17,150590,11363,24,503,24,1.17,1,4.17,1261,2.57,185,0.4,,,,,,0,0
353.33,151092,11383,24,502,20,1.16,1,4.17,1261,2.57,155,0.35,,,,,,0,0
354.51,151596,11399,24,504,16,1.18,1,4.17,1261,2.57,45,0.17,,,,,,0,0
355.88,152096,11427,24,500,28,1.37,1,4.17,1261,2.57,0,0,,,,,,0,0
357.02,152597,11463,24,501,36,1.14,1,4.17,1261,2.57,30,0.06,,,,,,0,0
358.23,153100,11475,24,503,12,1.21,1,4.17,1261,2.57,5,0.01,,,,,,0,0
359.49,153602,11499,24,502,24,1.26,1,4.17,1261,2.57,45,0.11,,,,,,0,0
360.72,154106,11523,24,504,24,1.23,1,4.17,1261,2.57,130,0.33,,,,,,0,0
361.91,154606,11535,24,500,12,1.19,1,4.17,1261,2.57,95,0.21,,,,,,0,0
362.95,155109,11563,24,503,28,1.04,1,4.17,1261,2.57,115,0.24,,,,,,0,0
364.1,155613,11591,24,504,28,1.15,1,4.17,1261,2.57,50,0.1,,,,,,0,0
365.24,156115,11615,24,502,24,1.14,1,4.17,1261,2.57,30,0.08,,,,,,0,0
366.64,156616,11635,24,501,20,1.4,1,4.17,1261,2.57,10,0.02,,,,,,0,0
367.79,157116,11655,24,500,20,1.15,1,4.17,1261,2.57,20,0.06,,,,,,0,0
369.06,157617,11675,24,501,20,1.27,1,4.17,1261,2.57,220,0.54,,,,,,0,0
370.24,158119,11695,24,502,20,1.18,1,4.17,1261,2.57,85,0.21,,,,,,0,0
371.3,158623,11739,24,504,44,1.06,1,4.17,1261,2.57,30,0.06,,,,,,0,0
372.39,159126,11759,24,503,20,1.09,1,4.17,1261,2.57,80,0.17,,,,,,0,0
373.44,159629,11775,24,503,16,1.05,1,4.17,1261,2.57,175,0.36,,,,,,0,0
374.62,160131,11783,24,502,8,1.18,1,4.17,1261,2.57,240,0.59,,,,,,0,0
375.92,160632,11795,24,501,12,1.3,1,4.17,1261,2.57,65,0.18,,,,,,0,0
377.44,161136,11831,24,504,36,1.52,1,4.17,1261,2.57,75,0.17,,,,,,0,0
378.94,161638,11851,24,502,20,1.49,1,4.17,1261,2.57,105,0.35,,,,,,0,0
380.21,162141,11875,24,503,24,1.27,1,4.17,1261,2.57,120,0.36,,,,,,0,0
381.38,162643,11903,24,502,28,1.17,1,4.17,1261,2.57,60,0.17,,,,,,0,0
382.63,163146,11935,24,503,32,1.26,1,4.17,1261,2.57,5,0.02,,,,,,0,0
383.99,163649,11955,24,503,20,1.36,1,4.17,1261,2.57,200,0.55,,,,,,0,0
385.34,164151,11963,24,502,8,1.35,1,4.17,1261,2.57,240,0.63,,,,,,0,0
386.5,164652,11979,24,501,16,1.16,1,4.17,1261,2.57,180,0.41,,,,,,0,0
387.66,165155,12007,24,503,28,1.16,1,4.17,1261,2.57,95,0.23,,,,,,0,0
388.98,165655,12027,24,500,20,1.32,1,4.17,1261,2.57,85,0.26,,,,,,0,0
390.72,166158,12039,24,503,12,1.74,1,4.17,1261,2.57,185,0.41,,,,,,0,0
391.93,166660,12059,24,502,20,1.21,1,4.17,1261,2.57,100,0.29,,,,,,0,0
393.12,167160,12103,24,500,44,1.18,1,4.17,1261,2.57,30,0.09,,,,,,0,0
394.33,167662,12147,24,502,44,1.22,1,4.17,1261,2.57,60,0.14,,,,,,0,0
395.5,168163,12171,24,501,24,1.17,1,4.17,1261,2.57,20,0.04,,,,,,0,0
396.68,168663,12203,24,500,32,1.17,1,4.17,1261,2.57,85,0.21,,,,,,0,0
397.86,169166,12215,24,503,12,1.19,1,4.17,1261,2.57,125,0.29,,,,,,0,0
399.06,169670,12231,24,504,16,1.19,1,4.17,1261,2.57,20,0.06,,,,,,0,0
400.25,170170,12267,24,500,36,1.19,1,4.17,1261,2.57,15,0.04,,,,,,0,0
401.57,170670,12303,24,500,36,1.32,1,4.17,1261,2.57,40,0.1,,,,,,0,0
402.7,171170,12327,24,500,24,1.14,1,4.17,1261,2.57,230,0.51,,,,,,0,0
403.99,171673,12343,24,503,16,1.29,1,4.17,1261,2.57,50,0.15,,,,,,0,0
405.17,172177,12367,24,504,24,1.17,1,4.17,1261,2.57,5,0.01,,,,,,0,0
406.35,172678,12391,24,501,24,1.18,1,4.17,1261,2.57,80,0.2,,,,,,0,0
407.56,173180,12419,24,502,28,1.21,1,4.17,1261,2.57,55,0.13,,,,,,0,0
408.68,173681,12451,24,501,32,1.12,1,4.17,1261,2.57,30,0.09,,,,,,0,0
409.8,174182,12463,24,501,12,1.13,1,4.17,1261,2.57,145,0.32,,,,,,0,0
410.97,174685,12487,24,503,24,1.16,1,4.17,1261,2.57,30,0.06,,,,,,0,0
412.19,175189,12515,24,504,28,1.22,1,4.17,1261,2.57,50,0.11,,,,,,0,0
413.33,175689,12527,24,500,12,1.15,1,4.17,1261,2.57,330,0.75,,,,,,0,0
415.21,176190,12563,24,501,36,1.87,1,4.17,1261,2.57,105,0.27,,,,,,0,0
416.34,176693,12587,24,503,24,1.14,1,4.17,1261,2.57,170,0.39,,,,,,0,0
417.44,177196,12631,24,503,44,1.1,1,4.17,1261,2.57,40,0.09,,,,,,0,0
418.56,177699,12635,24,503,4,1.12,1,4.17,1261,2.57,500,1.11,,,,,,0,0
419.72,178201,12659,24,502,24,1.16,1,4.17,1261,2.57,5,0.01,,,,,,0,0
420.82,178705,12667,24,504,8,1.1,1,4.17,1261,2.57,285,0.65,,,,,,0,0
421.83,179206,12671,24,501,4,1,1,4.17,1261,2.57,380,0.76,,,,,,0,0
422.97,179710,12679,24,504,8,1.14,1,4.17,1261,2.57,20,0.03,,,,,,0,0
424.07,180210,12727,24,500,48,1.1,1,4.17,1261,2.57,20,0.03,,,,,,0,0
425.23,180714,12751,24,504,24,1.17,2,8.33,1261,2.57,25,0.06,,,,,,0,0
426.49,181215,12787,24,501,36,1.25,1,4.17,1261,2.57,25,0.06,,,,,,0,0
427.62,181718,12799,24,503,12,1.14,1,4.17,1261,2.57,20,0.06,,,,,,0,0
428.81,182222,12831,24,504,32,1.19,1,4.17,1261,2.57,35,0.09,,,,,,0,0
430.02,182724,12855,24,502,24,1.2,1,4.17,1261,2.57,75,0.18,,,,,,0,0
431.26,183228,12871,24,504,16,1.24,1,4.17,1261,2.57,75,0.19,,,,,,0,0
432.47,183728,12883,24,500,12,1.21,1,4.17,1261,2.57,15,0.05,,,,,,0,0
433.74,184228,12923,24,500,40,1.27,1,4.17,1261,2.57,35,0.09,,,,,,0,0
434.99,184732,12955,24,504,32,1.25,1,4.17,1261,2.57,55,0.11,,,,,,0,0
436.1,185232,12979,24,500,24,1.11,1,4.17,1261,2.57,45,0.1,,,,,,0,0
437.26,185736,13007,24,504,28,1.16,1,4.17,1261,2.57,105,0.23,,,,,,0,0
438.57,186237,13035,24,501,28,1.31,1,4.17,1261,2.57,10,0.03,,,,,,0,0
439.8,186740,13047,24,503,12,1.22,1,4.17,1261,2.57,55,0.12,,,,,,0,0
441.04,187243,13075,24,503,28,1.24,1,4.17,1261,2.57,195,0.48,,,,,,0,0
442.25,187745,13099,24,502,24,1.21,1,4.17,1261,2.57,165,0.41,,,,,,0,0
443.53,188245,13115,24,500,16,1.28,1,4.17,1261,2.57,85,0.2,,,,,,0,0
444.72,188749,13127,24,504,12,1.19,1,4.17,1261,2.57,30,0.07,,,,,,0,0
445.96,189250,13167,24,501,40,1.24,1,4.17,1261,2.57,90,0.22,,,,,,0,0
447.25,189751,13191,24,501,24,1.3,1,4.17,1261,2.57,145,0.32,,,,,,0,0
448.46,190255,13211,24,504,20,1.2,1,4.17,1261,2.57,80,0.2,,,,,,0,0
449.59,190756,13227,24,501,16,1.13,1,4.17,1261,2.57,60,0.13,,,,,,0,0
450.82,191260,13259,24,504,32,1.24,1,4.17,1261,2.57,85,0.22,,,,,,0,0
452.03,191761,13275,24,501,16,1.2,1,4.17,1261,2.57,115,0.26,,,,,,0,0
453.23,192261,13311,24,500,36,1.2,1,4.17,1261,2.57,55,0.11,,,,,,0,0
454.5,192761,13339,24,500,28,1.27,1,4.17,1261,2.57,140,0.38,,,,,,0,0
455.75,193264,13363,24,503,24,1.25,1,4.17,1261,2.57,75,0.17,,,,,,0,0
457.01,193767,13367,24,503,4,1.26,1,4.17,1261,2.57,270,0.67,,,,,,0,0
458.18,194267,13387,24,500,20,1.17,1,4.17,1261,2.57,25,0.06,,,,,,0,0
459.36,194768,13407,24,501,20,1.17,1,4.17,1261,2.57,180,0.43,,,,,,0,0
460.59,195269,13435,24,501,28,1.24,1,4.17,1261,2.57,35,0.1,,,,,,0,0
461.83,195770,13479,24,501,44,1.24,1,4.17,1261,2.57,75,0.16,,,,,,0,0
463.03,196273,13519,24,503,40,1.19,1,4.17,1261,2.57,35,0.08,,,,,,0,0
464.25,196773,13543,24,500,24,1.22,1,4.17,1261,2.57,70,0.18,,,,,,0,0
465.45,197277,13567,24,504,24,1.2,1,4.17,1261,2.57,205,0.49,,,,,,0,0
466.66,197780,13599,24,503,32,1.21,1,4.17,1261,2.57,20,0.05,,,,,,0,0
468.11,198282,13619,24,502,20,1.46,1,4.17,1261,2.57,130,0.34,,,,,,0,0
469.26,198783,13631,24,501,12,1.15,1,4.17,1261,2.57,35,0.07,,,,,,0,0
470.27,199284,13643,24,501,12,1,1,4.17,1261,2.57,20,0.04,,,,,,0,0
471.39,199784,13667,24,500,24,1.12,1,4.17,1261,2.57,85,0.2,,,,,,0,0
472.69,200288,13687,24,504,20,1.3,1,4.17,1261,2.57,195,0.54,,,,,,0,0
473.91,200791,13707,24,503,20,1.22,1,4.17,1261,2.57,30,0.08,,,,,,0,0
475.11,201295,13723,24,504,16,1.2,1,4.17,1261,2.57,5,0.01,,,,,,0,0
476.26,201798,13755,24,503,32,1.15,1,4.17,1261,2.57,10,0.03,,,,,,0,0
477.48,202299,13787,24,501,32,1.23,1,4.17,1261,2.57,50,0.13,,,,,,0,0
478.65,202800,13807,24,501,20,1.16,1,4.17,1261,2.57,185,0.45,,,,,,0,0
480.21,203301,13843,24,501,36,1.57,1,4.17,1261,2.57,130,0.3,,,,,,0,0
481.34,203803,13863,24,502,20,1.13,1,4.17,1261,2.57,25,0.05,,,,,,0,0
482.4,204306,13879,24,503,16,1.06,1,4.17,1261,2.57,195,0.39,,,,,,0,0
483.53,204807,13895,24,501,16,1.13,1,4.17,1261,2.57,245,0.52,,,,,,0,0
484.7,205309,13935,24,502,40,1.17,1,4.17,1261,2.57,20,0.05,,,,,,0,0
485.8,205812,13967,24,503,32,1.1,1,4.17,1261,2.57,60,0.14,,,,,,0,0
487.07,206314,13987,24,502,20,1.27,1,4.17,1261,2.57,5,0.02,,,,,,0,0
488.41,206814,13999,24,500,12,1.34,1,4.17,1261,2.57,160,0.47,,,,,,0,0
489.64,207314,14047,24,500,48,1.23,1,4.17,1261,2.57,35,0.11,,,,,,0,0
491.07,207818,14067,24,504,20,1.43,1,4.17,1261,2.57,100,0.22,,,,,,0,0
492.23,208322,14099,24,504,32,1.16,1,4.17,1261,2.57,30,0.07,,,,,,0,0
493.39,208822,14131,24,500,32,1.16,1,4.17,1261,2.57,70,0.17,,,,,,0,0
494.61,209325,14143,24,503,12,1.22,1,4.17,1261,2.57,85,0.22,,,,,,0,0
495.73,209825,14163,24,500,20,1.12,1,4.17,1261,2.57,25,0.05,,,,,,0,0
496.92,210328,14187,24,503,24,1.19,1,4.17,1261,2.57,50,0.12,,,,,,0,0
498.13,210832,14207,24,504,20,1.21,1,4.17,1261,2.57,20,0.05,,,,,,0,0
499.33,211333,14231,24,501,24,1.2,1,4.17,1261,2.57,230,0.54,,,,,,0,0
500.52,211836,14243,24,503,12,1.19,1,4.17,1261,2.57,270,0.6,,,,,,0,0
501.7,212338,14259,24,502,16,1.19,1,4.17,1261,2.57,80,0.18,,,,,,0,0
502.84,212838,14299,24,500,40,1.14,1,4.17,1261,2.57,25,0.05,,,,,,0,0
503.96,213341,14335,24,503,36,1.12,1,4.17,1261,2.57,15,0.03,,,,,,0,0
505.25,213842,14363,24,501,28,1.29,1,4.17,1261,2.57,205,0.49,,,,,,0,0
506.39,214342,14391,24,500,28,1.14,1,4.17,1261,2.57,50,0.11,,,,,,0,0
507.6,214845,14403,24,503,12,1.21,1,4.17,1261,2.57,180,0.41,,,,,,0,0
508.83,215347,14419,24,502,16,1.23,1,4.17,1261,2.57,170,0.46,,,,,,0,0
510,215850,14427,24,503,8,1.17,1,4.17,1261,2.57,25,0.06,,,,,,0,0
511.29,216353,14467,24,503,40,1.3,1,4.17,1261,2.57,10,0.02,,,,,,0,0
512.48,216856,14503,24,503,36,1.19,1,4.17,1261,2.57,110,0.26,,,,,,0,0
513.69,217358,14531,24,502,28,1.21,1,4.17,1261,2.57,20,0.04,,,,,,0,0
514.86,217861,14543,24,503,12,1.17,1,4.17,1261,2.57,180,0.43,,,,,,0,0
516.06,218364,14563,24,503,20,1.19,1,4.17,1261,2.57,20,0.04,,,,,,0,0
517.28,218866,14587,24,502,24,1.23,1,4.17,1261,2.57,25,0.05,,,,,,0,0
518.51,219370,14603,24,504,16,1.22,1,4.17,1261,2.57,50,0.12,,,,,,0,0
519.79,219870,14643,24,500,40,1.28,1,4.17,1261,2.57,95,0.25,,,,,,0,0
521.07,220373,14667,24,503,24,1.28,1,4.17,1261,2.57,20,0.04,,,,,,0,0
522.49,220875,14687,24,502,20,1.42,1,4.17,1261,2.57,15,0.04,,,,,,0,0
524.19,221375,14707,24,500,20,1.7,1,4.17,1261,2.57,50,0.15,,,,,,0,0
525.38,221879,14719,24,504,12,1.2,1,4.17,1261,2.57,10,0.02,,,,,,0,0
526.66,222380,14739,24,501,20,1.28,1,4.17,1261,2.57,5,0.01,,,,,,0,0
527.84,222884,14751,24,504,12,1.18,1,4.17,1261,2.57,235,0.53,,,,,,0,0
529.03,223386,14783,24,502,32,1.19,1,4.17,1261,2.57,5,0.01,,,,,,0,0
530.24,223886,14811,24,500,28,1.21,1,4.17,1261,2.57,35,0.07,,,,,,0,0
531.51,224389,14827,24,503,16,1.27,1,4.17,1261,2.57,40,0.09,,,,,,0,0
532.79,224889,14851,24,500,24,1.29,1,4.17,1261,2.57,60,0.2,,,,,,0,0
534.16,225392,14871,24,503,20,1.37,1,4.17,1261,2.57,15,0.04,,,,,,0,0
535.3,225896,14899,24,504,28,1.14,1,4.17,1261,2.57,70,0.16,,,,,,0,0
536.49,226397,14919,24,501,20,1.19,1,4.17,1261,2.57,125,0.3,,,,,,0,0
537.71,226899,14935,24,502,16,1.22,1,4.17,1261,2.57,60,0.18,,,,,,0,0
538.91,227402,14959,24,503,24,1.2,1,4.17,1261,2.57,130,0.3,,,,,,0,0
540.14,227906,14991,24,504,32,1.23,1,4.17,1261,2.57,70,0.18,,,,,,0,0
541.39,228410,15007,24,504,16,1.25,1,4.17,1261,2.57,155,0.37,,,,,,0,0
542.54,228913,15035,24,503,28,1.15,1,4.17,1261,2.57,75,0.16,,,,,,0,0
543.7,229417,15051,24,504,16,1.16,1,4.17,1261,2.57,55,0.13,,,,,,0,0
544.95,229917,15087,24,500,36,1.25,1,4.17,1261,2.57,70,0.18,,,,,,0,0
546.5,230419,15111,24,502,24,1.54,1,4.17,1261,2.57,10,0.03,,,,,,0,0
547.67,230922,15131,24,503,20,1.18,1,4.17,1261,2.57,10,0.02,,,,,,0,0
549,231424,15151,24,502,20,1.33,1,4.17,1261,2.57,5,0.01,,,,,,0,0
550.09,231928,15171,24,504,20,1.08,1,4.17,1261,2.57,10,0.02,,,,,,0,0
551.29,232431,15203,24,503,32,1.2,1,4.17,1261,2.57,5,0.02,,,,,,0,0
552.48,232933,15219,24,502,16,1.19,1,4.17,1261,2.57,100,0.23,,,,,,0,0
553.7,233434,15239,24,501,20,1.22,1,4.17,1261,2.57,20,0.05,,,,,,0,0
554.95,233936,15275,24,502,36,1.25,1,4.17,1261,2.57,25,0.06,,,,,,0,0
556.11,234436,15311,24,500,36,1.16,1,4.17,1261,2.57,80,0.18,,,,,,0,0
557.34,234937,15331,24,501,20,1.22,1,4.17,1261,2.57,40,0.11,,,,,,0,0
558.87,235440,15355,24,503,24,1.53,1,4.17,1261,2.57,20,0.07,,,,,,0,0
560,235943,15375,24,503,20,1.13,1,4.17,1261,2.57,270,0.62,,,,,,0,0
561.23,236447,15387,24,504,12,1.23,1,4.17,1261,2.57,175,0.44,,,,,,0,0
563.25,236950,15399,24,503,12,2.02,1,4.17,1261,2.57,175,0.4,,,,,,0,0
564.52,237451,15423,24,501,24,1.28,1,4.17,1261,2.57,65,0.16,,,,,,0,0
565.7,237951,15439,24,500,16,1.18,1,4.17,1261,2.57,70,0.17,,,,,,0,0
566.87,238454,15451,24,503,12,1.17,1,4.17,1261,2.57,280,0.66,,,,,,0,0
568.05,238954,15475,24,500,24,1.18,1,4.17,1261,2.57,60,0.15,,,,,,0,0
569.12,239456,15503,24,502,28,1.07,1,4.17,1261,2.57,105,0.19,,,,,,0,0
570.3,239956,15519,24,500,16,1.18,1,4.17,1261,2.57,70,0.17,,,,,,0,0
571.59,240460,15551,24,504,32,1.29,1,4.17,1261,2.57,75,0.18,,,,,,0,0
572.87,240960,15579,24,500,28,1.27,1,4.17,1261,2.57,5,0.01,,,,,,0,0
574.1,241464,15599,24,504,20,1.23,1,4.17,1261,2.57,130,0.33,,,,,,0,0
575.3,241966,15623,24,502,24,1.21,1,4.17,1261,2.57,15,0.04,,,,,,0,0
576.62,242469,15655,24,503,32,1.31,1,4.17,1261,2.57,20,0.04,,,,,,0,0
577.94,242972,15679,24,503,24,1.32,1,4.17,1261,2.57,60,0.16,,,,,,0,0
579.24,243472,15691,24,500,12,1.3,1,4.17,1261,2.57,150,0.4,,,,,,0,0
580.42,243973,15695,24,501,4,1.18,1,4.17,1261,2.57,350,0.84,,,,,,0,0
581.6,244476,15707,24,503,12,1.19,1,4.17,1261,2.57,115,0.27,,,,,,0,0
582.81,244980,15723,24,504,16,1.2,1,4.17,1261,2.57,35,0.08,,,,,,0,0
584.07,245483,15747,24,503,24,1.26,1,4.17,1261,2.57,80,0.19,,,,,,0,0
585.25,245983,15771,24,500,24,1.19,1,4.17,1261,2.57,95,0.24,,,,,,0,0
586.46,246483,15799,24,500,28,1.21,1,4.17,1261,2.57,70,0.17,,,,,,0,0
587.55,246986,15819,24,503,20,1.08,1,4.17,1261,2.57,5,0.01,,,,,,0,0
588.69,247487,15855,24,501,36,1.14,1,4.17,1261,2.57,5,0.01,,,,,,0,0
589.88,247991,15887,24,504,32,1.19,1,4.17,1261,2.57,45,0.11,,,,,,0,0
591.02,248493,15919,24,502,32,1.15,1,4.17,1261,2.57,10,0.02,,,,,,0,0
592.2,248997,15935,24,504,16,1.18,1,4.17,1261,2.57,45,0.11,,,,,,0,0
593.41,249498,15979,24,501,44,1.21,1,4.17,1261,2.57,35,0.07,,,,,,0,0
594.59,250000,15999,24,502,20,1.18,1,4.17,1261,2.57,150,0.34,,,,,,0,0
595.69,250504,16031,24,504,32,1.1,1,4.17,1261,2.57,40,0.08,,,,,,0,0
596.9,251005,16051,24,501,20,1.22,1,4.17,1261,2.57,60,0.17,,,,,,0,0
598.08,251505,16087,24,500,36,1.18,1,4.17,1261,2.57,5,0.01,,,,,,0,0
599.23,252005,16127,24,500,40,1.15,1,4.17,1261,2.57,15,0.03,,,,,,0,0
600.46,252506,16167,24,501,40,1.23,1,4.17,1261,2.57,20,0.05,,,,,,0,0
602.12,253010,16199,24,504,32,1.67,1,4.17,1261,2.57,110,0.23,,,,,,0,0
603.31,253513,16219,24,503,20,1.18,1,4.17,1261,2.57,30,0.08,,,,,,0,0
604.61,254015,16239,24,502,20,1.3,1,4.17,1261,2.57,110,0.24,,,,,,0,0
605.76,254518,16279,24,503,40,1.15,1,4.17,1261,2.57,10,0.03,,,,,,0,0
606.98,255019,16311,24,501,32,1.22,1,4.17,1261,2.57,100,0.26,,,,,,0,0
608.2,255519,16347,24,500,36,1.22,1,4.17,1261,2.57,70,0.18,,,,,,0,0
609.32,256020,16367,24,501,20,1.12,1,4.17,1261,2.57,30,0.06,,,,,,0,0
610.56,256524,16407,24,504,40,1.24,1,4.17,1261,2.57,10,0.03,,,,,,0,0
611.85,257028,16435,24,504,28,1.29,1,4.17,1261,2.57,170,0.4,,,,,,0,0
613.07,257528,16491,24,500,56,1.22,1,4.17,1261,2.57,60,0.12,,,,,,0,0
614.26,258032,16511,24,504,20,1.18,1,4.17,1261,2.57,40,0.09,,,,,,0,0
615.48,258534,16539,24,502,28,1.23,1,4.17,1261,2.57,20,0.05,,,,,,0,0
616.67,259035,16559,24,501,20,1.19,1,4.17,1261,2.57,15,0.03,,,,,,0,0
618.35,259535,16579,24,500,20,1.68,1,4.17,1261,2.57,80,0.18,,,,,,0,0
619.5,260036,16599,24,501,20,1.15,1,4.17,1261,2.57,60,0.14,,,,,,0,0
620.68,260539,16627,24,503,28,1.17,1,4.17,1261,2.57,15,0.03,,,,,,0,0
621.76,261041,16647,24,502,20,1.08,1,4.17,1261,2.57,50,0.11,,,,,,0,0
622.97,261542,16679,24,501,32,1.21,1,4.17,1261,2.57,55,0.13,,,,,,0,0
624.17,262043,16707,24,501,28,1.21,1,4.17,1261,2.57,40,0.1,,,,,,0,0
625.34,262546,16731,24,503,24,1.17,1,4.17,1261,2.57,35,0.08,,,,,,0,0
626.64,263048,16759,24,502,28,1.3,1,4.17,1261,2.57,20,0.05,,,,,,0,0
627.86,263549,16767,24,501,8,1.23,1,4.17,1261,2.57,130,0.33,,,,,,0,0
629.09,264049,16783,24,500,16,1.22,1,4.17,1261,2.57,15,0.04,,,,,,0,0
630.32,264549,16799,24,500,16,1.23,1,4.17,1261,2.57,250,0.59,,,,,,0,0
631.52,265051,16819,24,502,20,1.2,1,4.17,1261,2.57,100,0.23,,,,,,0,0
632.61,265555,16851,24,504,32,1.09,1,4.17,1261,2.57,120,0.27,,,,,,0,0
634.06,266058,16883,24,503,32,1.45,1,4.17,1261,2.57,130,0.28,,,,,,0,0
635.33,266561,16891,24,503,8,1.27,1,4.17,1261,2.57,75,0.18,,,,,,0,0
636.41,267062,16903,24,501,12,1.08,1,4.17,1261,2.57,5,0.01,,,,,,0,0
637.66,267564,16923,24,502,20,1.25,1,4.17,1261,2.57,65,0.17,,,,,,0,0
638.86,268066,16955,24,502,32,1.2,1,4.17,1261,2.57,40,0.09,,,,,,0,0
640.03,268568,16971,24,502,16,1.17,1,4.17,1261,2.57,90,0.2,,,,,,0,0
641.31,269068,16987,24,500,16,1.27,1,4.17,1261,2.57,150,0.37,,,,,,0,0
642.49,269572,17011,24,504,24,1.18,1,4.17,1261,2.57,200,0.44,,,,,,0,0
643.62,270075,17039,24,503,28,1.14,1,4.17,1261,2.57,20,0.04,,,,,,0,0
644.79,270578,17055,24,503,16,1.16,1,4.17,1261,2.57,5,0.01,,,,,,0,0
645.82,271081,17083,24,503,28,1.03,1,4.17,1261,2.57,55,0.12,,,,,,0,0
646.82,271582,17099,24,501,16,1,1,4.17,1261,2.57,15,0.03,,,,,,0,0
647.91,272085,17115,24,503,16,1.09,1,4.17,1261,2.57,120,0.27,,,,,,0,0
649.02,272586,17143,24,501,28,1.11,1,4.17,1261,2.57,10,0.03,,,,,,0,0
650.23,273086,17171,24,500,28,1.21,1,4.17,1261,2.57,25,0.06,,,,,,0,0
651.36,273586,17183,24,500,12,1.13,1,4.17,1261,2.57,20,0.04,,,,,,0,0
652.51,274088,17211,24,502,28,1.15,1,4.17,1261,2.57,30,0.08,,,,,,0,0
653.7,274589,17215,24,501,4,1.19,1,4.17,1261,2.57,410,0.97,,,,,,0,0
654.87,275091,17243,24,502,28,1.17,1,4.17,1261,2.57,55,0.14,,,,,,0,0
656.1,275591,17263,24,500,20,1.23,1,4.17,1261,2.57,40,0.1,,,,,,0,0
657.27,276091,17279,24,500,16,1.17,1,4.17,1261,2.57,275,0.65,,,,,,0,0
658.61,276595,17299,24,504,20,1.35,1,4.17,1261,2.57,40,0.12,,,,,,0,0
659.9,277096,17331,24,501,32,1.29,1,4.17,1261,2.57,85,0.2,,,,,,0,0
661.19,277598,17351,24,502,20,1.29,1,4.17,1261,2.57,105,0.27,,,,,,0,0
662.27,278102,17363,24,504,12,1.08,1,4.17,1261,2.57,60,0.12,,,,,,0,0
663.65,278603,17399,24,501,36,1.38,1,4.17,1261,2.57,10,0.02,,,,,,0,0
665.01,279103,17423,24,500,24,1.36,1,4.17,1261,2.57,40,0.15,,,,,,0,0
666.09,279605,17455,24,502,32,1.08,1,4.17,1261,2.57,125,0.28,,,,,,0,0
667.34,280105,17471,24,500,16,1.25,1,4.17,1261,2.57,105,0.25,,,,,,0,0
668.6,280606,17499,24,501,28,1.26,1,4.17,1261,2.57,30,0.09,,,,,,0,0
669.95,281110,17515,24,504,16,1.35,1,4.17,1261,2.57,35,0.1,,,,,,0,0
671.27,281611,17555,24,501,40,1.32,1,4.17,1261,2.57,5,0.01,,,,,,0,0
672.77,282115,17583,24,504,28,1.5,1,4.17,1261,2.57,10,0.03,,,,,,0,0
674.01,282616,17611,24,501,28,1.23,1,4.17,1261,2.57,10,0.03,,,,,,0,0
675.33,283118,17643,24,502,32,1.33,1,4.17,1261,2.57,155,0.41,,,,,,0,0
676.6,283620,17651,24,502,8,1.27,1,4.17,1261,2.57,150,0.37,,,,,,0,0
677.82,284121,17695,24,501,44,1.22,1,4.17,1261,2.57,110,0.29,,,,,,0,0
679.26,284623,17731,24,502,36,1.44,1,4.17,1261,2.57,90,0.22,,,,,,0,0
680.96,285127,17763,24,504,32,1.7,1,4.17,1261,2.57,135,0.41,,,,,,0,0
682.18,285630,17799,24,503,36,1.22,1,4.17,1261,2.57,20,0.09,,,,,,0,0
683.52,286130,17815,24,500,16,1.34,1,4.17,1261,2.57,270,0.7,,,,,,0,0
684.99,286631,17855,24,501,40,1.47,1,4.17,1261,2.57,15,0.04,,,,,,0,0
686.4,287134,17883,24,503,28,1.41,1,4.17,1261,2.57,30,0.09,,,,,,0,0
687.9,287635,17923,24,501,40,1.51,1,4.17,1261,2.57,20,0.07,,,,,,0,0
689.29,288138,17947,24,503,24,1.39,1,4.17,1261,2.57,50,0.15,,,,,,0,0
690.5,288640,17975,24,502,28,1.21,1,4.17,1261,2.57,50,0.12,,,,,,0,0
691.83,289143,18003,24,503,28,1.32,1,4.17,1261,2.57,50,0.13,,,,,,0,0
693.36,289647,18043,24,504,40,1.53,1,4.17,1261,2.57,65,0.16,,,,,,0,0
694.59,290149,18051,24,502,8,1.24,1,4.17,1261,2.57,90,0.22,,,,,,0,0
695.85,290650,18067,24,501,16,1.26,1,4.17,1261,2.57,65,0.17,,,,,,0,0
697.15,291151,18087,24,501,20,1.3,1,4.17,1261,2.57,5,0.01,,,,,,0,0
698.33,291654,18123,24,503,36,1.18,1,4.17,1261,2.57,30,0.07,,,,,,0,0
699.49,292158,18147,24,504,24,1.16,1,4.17,1261,2.57,50,0.11,,,,,,0,0
700.69,292660,18163,24,502,16,1.2,1,4.17,1261,2.57,80,0.19,,,,,,0,0
701.9,293163,18183,24,503,20,1.2,1,4.17,1261,2.57,110,0.24,,,,,,0,0
703.3,293663,18211,24,500,28,1.4,1,4.17,1261,2.57,25,0.12,,,,,,0,0
704.7,294167,18239,24,504,28,1.39,1,4.17,1261,2.57,25,0.06,,,,,,0,0
706.04,294668,18263,24,501,24,1.34,1,4.17,1261,2.57,135,0.33,,,,,,0,0
707.26,295168,18275,24,500,12,1.23,1,4.17,1261,2.57,85,0.18,,,,,,0,0
708.35,295668,18303,24,500,28,1.09,1,4.17,1261,2.57,45,0.11,,,,,,0,0
709.62,296169,18327,24,501,24,1.27,1,4.17,1261,2.57,250,0.61,,,,,,0,0
710.84,296672,18351,24,503,24,1.22,1,4.17,1261,2.57,105,0.27,,,,,,0,0
711.94,297172,18371,24,500,20,1.1,1,4.17,1261,2.57,290,0.57,,,,,,0,0
713.47,297675,18399,24,503,28,1.53,1,4.17,1261,2.57,10,0.03,,,,,,0,0
714.91,298175,18435,24,500,36,1.44,1,4.17,1261,2.57,10,0.03,,,,,,0,0
716.29,298679,18479,24,504,44,1.38,1,4.17,1261,2.57,50,0.11,,,,,,0,0
717.54,299183,18495,24,504,16,1.25,1,4.17,1261,2.57,40,0.11,,,,,,0,0
718.83,299683,18523,24,500,28,1.3,1,4.17,1261,2.57,130,0.29,,,,,,0,0
720.15,300186,18547,24,503,24,1.32,1,4.17,1261,2.57,65,0.14,,,,,,0,0
721.41,300687,18571,24,501,24,1.26,1,4.17,1261,2.57,110,0.24,,,,,,0,0
722.58,301189,18579,24,502,8,1.17,1,4.17,1261,2.57,205,0.49,,,,,,0,0
723.97,301692,18627,24,503,48,1.39,1,4.17,1261,2.57,10,0.04,,,,,,0,0
725.32,302195,18643,24,503,16,1.36,1,4.17,1261,2.57,45,0.1,,,,,,0,0
726.54,302696,18667,24,501,24,1.22,1,4.17,1261,2.57,25,0.06,,,,,,0,0
727.71,303198,18683,24,502,16,1.17,1,4.17,1261,2.57,65,0.16,,,,,,0,0
729.6,303699,18711,24,501,28,1.89,1,4.17,1261,2.57,50,0.13,,,,,,0,0
731.01,304201,18739,24,502,28,1.41,1,4.17,1261,2.57,25,0.06,,,,,,0,0
732.27,304702,18771,24,501,32,1.26,1,4.17,1261,2.57,60,0.13,,,,,,0,0
733.48,305204,18787,24,502,16,1.21,1,4.17,1261,2.57,250,0.64,,,,,,0,0
735.02,305706,18815,24,502,28,1.54,1,4.17,1261,2.57,105,0.27,,,,,,0,0
736.25,306209,18851,24,503,36,1.23,1,4.17,1261,2.57,10,0.03,,,,,,0,0
737.5,306709,18863,24,500,12,1.25,1,4.17,1261,2.57,215,0.55,,,,,,0,0
738.9,307213,18891,24,504,28,1.4,1,4.17,1261,2.57,10,0.03,,,,,,0,0
740.28,307717,18895,24,504,4,1.38,1,4.17,1261,2.57,235,0.57,,,,,,0,0
741.59,308218,18927,24,501,32,1.3,1,4.17,1261,2.57,80,0.18,,,,,,0,0
742.89,308722,18955,24,504,28,1.3,1,4.17,1261,2.57,100,0.24,,,,,,0,0
744.01,309222,18975,24,500,20,1.13,1,4.17,1261,2.57,5,0.01,,,,,,0,0
745.21,309726,19007,24,504,32,1.2,1,4.17,1261,2.57,125,0.3,,,,,,0,0
746.51,310228,19027,24,502,20,1.3,1,4.17,1261,2.57,175,0.45,,,,,,0,0
747.74,310730,19059,24,502,32,1.23,1,4.17,1261,2.57,15,0.03,,,,,,0,0
748.97,311234,19091,24,504,32,1.22,1,4.17,1261,2.57,30,0.06,,,,,,0,0
750.31,311737,19115,24,503,24,1.35,1,4.17,1261,2.57,30,0.08,,,,,,0,0
751.7,312241,19127,24,504,12,1.39,1,4.17,1261,2.57,100,0.24,,,,,,0,0
752.94,312745,19151,24,504,24,1.24,1,4.17,1261,2.57,75,0.16,,,,,,0,0
754.21,313246,19171,24,501,20,1.27,1,4.17,1261,2.57,95,0.23,,,,,,0,0
755.49,313748,19191,24,502,20,1.28,1,4.17,1261,2.57,10,0.02,,,,,,0,0
756.87,314249,19207,24,501,16,1.38,1,4.17,1261,2.57,170,0.39,,,,,,0,0
758.13,314751,19247,24,502,40,1.26,1,4.17,1261,2.57,70,0.14,,,,,,0,0
759.45,315254,19267,24,503,20,1.32,1,4.17,1261,2.57,165,0.42,,,,,,0,0
760.97,315756,19291,24,502,24,1.52,1,4.17,1261,2.57,115,0.29,,,,,,0,0
762.27,316259,19315,24,503,24,1.3,1,4.17,1261,2.57,25,0.06,,,,,,0,0
763.53,316763,19347,24,504,32,1.26,1,4.17,1261,2.57,10,0.02,,,,,,0,0
764.68,317264,19371,24,501,24,1.16,1,4.17,1261,2.57,65,0.15,,,,,,0,0
766.2,317766,19391,24,502,20,1.52,1,4.17,1261,2.57,245,0.88,,,,,,0,0
767.47,318269,19415,24,503,24,1.27,1,4.17,1261,2.57,40,0.1,,,,,,0,0
768.66,318771,19423,24,502,8,1.19,1,4.17,1261,2.57,160,0.38,,,,,,0,0
770.02,319274,19451,24,503,28,1.35,1,4.17,1261,2.57,45,0.13,,,,,,0,0
771.24,319774,19467,24,500,16,1.22,1,4.17,1261,2.57,25,0.05,,,,,,0,0
772.34,320277,19495,24,503,28,1.1,1,4.17,1261,2.57,25,0.08,,,,,,0,0
773.56,320777,19527,24,500,32,1.22,1,4.17,1261,2.57,105,0.29,,,,,,0,0
774.68,321281,19547,24,504,20,1.12,2,8.33,1261,2.57,75,0.17,,,,,,0,0
775.92,321785,19583,24,504,36,1.24,1,4.17,1261,2.57,15,0.04,,,,,,0,0
777.29,322289,19599,24,504,16,1.37,1,4.17,1261,2.57,60,0.15,,,,,,0,0
778.32,322792,19611,24,503,12,1.04,1,4.17,1261,2.57,135,0.27,,,,,,0,0
779.54,323294,19647,24,502,36,1.22,1,4.17,1261,2.57,80,0.22,,,,,,0,0
780.87,323796,19675,24,502,28,1.33,1,4.17,1261,2.57,135,0.34,,,,,,0,0
782.06,324297,19687,24,501,12,1.19,1,4.17,1261,2.57,165,0.37,,,,,,0,0
783.38,324799,19711,24,502,24,1.32,1,4.17,1261,2.57,25,0.07,,,,,,0,0
784.61,325299,19739,24,500,28,1.23,1,4.17,1261,2.57,10,0.02,,,,,,0,0
785.75,325802,19751,24,503,12,1.14,1,4.17,1261,2.57,125,0.29,,,,,,0,0
787.04,326304,19783,24,502,32,1.3,1,4.17,1261,2.57,30,0.08,,,,,,0,0
788.34,326807,19811,24,503,28,1.3,1,4.17,1261,2.57,0,0,,,,,,0,0
789.56,327310,19839,24,503,28,1.21,1,4.17,1261,2.57,65,0.14,,,,,,0,0
790.68,327811,19863,24,501,24,1.12,1,4.17,1261,2.57,50,0.11,,,,,,0,0
791.78,328312,19895,24,501,32,1.1,1,4.17,1261,2.57,130,0.34,,,,,,0,0
793.19,328813,19923,24,501,28,1.42,1,4.17,1261,2.57,160,0.39,,,,,,0,0
794.57,329314,19971,24,501,48,1.38,1,4.17,1261,2.57,135,0.34,,,,,,0,0
795.88,329816,19991,24,502,20,1.31,1,4.17,1261,2.57,35,0.11,,,,,,0,0
797.12,330320,20003,24,504,12,1.24,1,4.17,1261,2.57,215,0.56,,,,,,0,0
798.66,330820,20039,24,500,36,1.54,1,4.17,1261,2.57,30,0.09,,,,,,0,0
800.01,331323,20067,24,503,28,1.35,1,4.17,1261,2.57,125,0.35,,,,,,0,0
801.32,331826,20087,24,503,20,1.31,1,4.17,1261,2.57,35,0.08,,,,,,0,0
802.53,332328,20107,24,502,20,1.21,1,4.17,1261,2.57,75,0.18,,,,,,0,0
803.93,332832,20119,24,504,12,1.41,1,4.17,1261,2.57,5,0.02,,,,,,0,0
805.24,333334,20139,24,502,20,1.31,1,4.17,1261,2.57,0,0,,,,,,0,0
806.54,333838,20171,24,504,32,1.3,1,4.17,1261,2.57,145,0.33,,,,,,0,0
808.28,334341,20199,24,503,28,1.73,1,4.17,1261,2.57,80,0.21,,,,,,0,0
809.54,334842,20231,24,501,32,1.26,1,4.17,1261,2.57,20,0.05,,,,,,0,0
810.77,335342,20251,24,500,20,1.23,1,4.17,1261,2.57,220,0.56,,,,,,0,0
812.13,335846,20291,24,504,40,1.36,1,4.17,1261,2.57,60,0.16,,,,,,0,0
813.4,336347,20315,24,501,24,1.27,1,4.17,1261,2.57,25,0.06,,,,,,0,0
814.65,336850,20335,24,503,20,1.26,1,4.17,1261,2.57,35,0.09,,,,,,0,0
816.14,337354,20359,24,504,24,1.48,1,4.17,1261,2.57,10,0.03,,,,,,0,0
817.74,337858,20395,24,504,36,1.6,1,4.17,1261,2.57,15,0.04,,,,,,0,0
819.15,338360,20427,24,502,32,1.41,1,4.17,1261,2.57,40,0.09,,,,,,0,0
820.46,338861,20443,24,501,16,1.31,1,4.17,1261,2.57,75,0.22,,,,,,0,0
821.76,339362,20499,24,501,56,1.3,1,4.17,1261,2.57,100,0.25,,,,,,0,0
823.06,339862,20519,24,500,20,1.29,1,4.17,1261,2.57,245,0.65,,,,,,0,0
824.65,340362,20535,24,500,16,1.59,1,4.17,1261,2.57,15,0.04,,,,,,0,0
825.93,340864,20567,24,502,32,1.28,1,4.17,1261,2.57,115,0.3,,,,,,0,0
827.22,341367,20595,24,503,28,1.29,1,4.17,1261,2.57,60,0.16,,,,,,0,0
828.79,341870,20631,24,503,36,1.57,1,4.17,1261,2.57,20,0.05,,,,,,0,0
830.16,342372,20655,24,502,24,1.37,1,4.17,1261,2.57,20,0.04,,,,,,0,0
831.43,342873,20679,24,501,24,1.27,1,4.17,1261,2.57,60,0.14,,,,,,0,0
832.83,343377,20695,24,504,16,1.4,1,4.17,1261,2.57,20,0.06,,,,,,0,0
834.36,343880,20711,24,503,16,1.53,1,4.17,1261,2.57,280,0.94,,,,,,0,0
835.57,344381,20751,24,501,40,1.21,1,4.17,1261,2.57,10,0.03,,,,,,0,0
836.7,344884,20791,24,503,40,1.14,1,4.17,1261,2.57,50,0.11,,,,,,0,0
838.04,345386,20811,24,502,20,1.34,2,8.33,1261,2.57,25,0.06,,,,,,0,0
839.09,345890,20847,24,504,36,1.05,1,4.17,1261,2.57,45,0.09,,,,,,0,0
840.41,346394,20875,24,504,28,1.31,1,4.17,1261,2.57,15,0.04,,,,,,0,0
841.68,346897,20919,24,503,44,1.27,1,4.17,1261,2.57,35,0.09,,,,,,0,0
842.99,347398,20947,24,501,28,1.31,1,4.17,1261,2.57,90,0.2,,,,,,0,0
844.17,347901,20963,24,503,16,1.17,1,4.17,1261,2.57,65,0.14,,,,,,0,0
845.31,348401,20983,24,500,20,1.14,1,4.17,1261,2.57,75,0.15,,,,,,0,0
846.78,348902,21015,24,501,32,1.47,1,4.17,1261,2.57,30,0.07,,,,,,0,0
848,349404,21043,24,502,28,1.22,1,4.17,1261,2.57,20,0.04,,,,,,0,0
849.3,349906,21079,24,502,36,1.3,1,4.17,1261,2.57,30,0.09,,,,,,0,0
850.79,350407,21123,24,501,44,1.49,1,4.17,1261,2.57,0,0,,,,,,0,0
852.24,350907,21143,24,500,20,1.44,1,4.17,1261,2.57,50,0.14,,,,,,0,0
853.52,351408,21171,24,501,28,1.28,1,4.17,1261,2.57,20,0.05,,,,,,0,0
854.82,351911,21183,24,503,12,1.3,1,4.17,1261,2.57,10,0.02,,,,,,0,0
856.08,352414,21203,24,503,20,1.26,1,4.17,1261,2.57,165,0.39,,,,,,0,0
857.32,352914,21223,24,500,20,1.24,1,4.17,1261,2.57,25,0.06,,,,,,0,0
858.64,353418,21247,24,504,24,1.32,1,4.17,1261,2.57,90,0.26,,,,,,0,0
859.85,353921,21275,24,503,28,1.21,1,4.17,1261,2.57,145,0.35,,,,,,0,0
861.15,354421,21303,24,500,28,1.3,1,4.17,1261,2.57,205,0.58,,,,,,0,0
862.79,354924,21315,24,503,12,1.65,1,4.17,1261,2.57,175,0.47,,,,,,0,0
864.05,355424,21347,24,500,32,1.26,1,4.17,1261,2.57,55,0.13,,,,,,0,0
865.35,355928,21363,24,504,16,1.3,1,4.17,1261,2.57,230,0.6,,,,,,0,0
866.67,356429,21383,24,501,20,1.31,1,4.17,1261,2.57,175,0.45,,,,,,0,0
867.86,356931,21411,24,502,28,1.19,1,4.17,1261,2.57,70,0.17,,,,,,0,0
869.16,357435,21427,24,504,16,1.3,1,4.17,1261,2.57,25,0.08,,,,,,0,0
870.65,357937,21435,24,502,8,1.49,1,4.17,1261,2.57,60,0.14,,,,,,0,0
871.85,358441,21463,24,504,28,1.2,1,4.17,1261,2.57,100,0.23,,,,,,0,0
873.24,358944,21483,24,503,20,1.39,1,4.17,1261,2.57,25,0.05,,,,,,0,0
874.87,359446,21487,24,502,4,1.63,1,4.17,1261,2.57,310,0.81,,,,,,0,0
876.2,359947,21511,24,501,24,1.33,1,4.17,1261,2.57,85,0.28,,,,,,0,0
877.63,360447,21531,24,500,20,1.44,1,4.17,1261,2.57,55,0.15,,,,,,0,0
878.85,360949,21555,24,502,24,1.22,1,4.17,1261,2.57,60,0.12,,,,,,0,0
880.18,361450,21575,24,501,20,1.33,1,4.17,1261,2.57,120,0.37,,,,,,0,0
881.43,361952,21591,24,502,16,1.24,1,4.17,1261,2.57,345,0.84,,,,,,0,0
882.86,362454,21615,24,502,24,1.43,1,4.17,1261,2.57,35,0.08,,,,,,0,0
883.96,362956,21643,24,502,28,1.11,1,4.17,1261,2.57,5,0.01,,,,,,0,0
885.25,363459,21675,24,503,32,1.29,1,4.17,1261,2.57,75,0.19,,,,,,0,0
887.16,363960,21711,24,501,36,1.91,1,4.17,1261,2.57,85,0.18,,,,,,0,0
888.52,364462,21739,24,502,28,1.36,1,4.17,1261,2.57,105,0.38,,,,,,0,0
889.73,364965,21751,24,503,12,1.21,1,4.17,1261,2.57,45,0.1,,,,,,0,0
890.96,365469,21783,24,504,32,1.24,1,4.17,1261,2.57,10,0.03,,,,,,0,0
892.24,365971,21803,24,502,20,1.28,1,4.17,1261,2.57,190,0.51,,,,,,0,0
893.54,366474,21831,24,503,28,1.3,1,4.17,1261,2.57,20,0.06,,,,,,0,0
894.94,366976,21859,24,502,28,1.4,1,4.17,1261,2.57,35,0.08,,,,,,0,0
896.37,367480,21895,24,504,36,1.43,1,4.17,1261,2.57,105,0.26,,,,,,0,0
897.72,367981,21931,24,501,36,1.35,1,4.17,1261,2.57,65,0.19,,,,,,0,0
899.04,368481,21955,24,500,24,1.32,1,4.17,1261,2.57,25,0.05,,,,,,0,0
900.16,368984,21975,24,503,20,1.12,1,4.17,1261,2.57,50,0.09,,,,,,0,0
901.51,369486,22007,24,502,32,1.35,1,4.17,1261,2.57,65,0.17,,,,,,0,0
902.86,369988,22031,24,502,24,1.35,1,4.17,1261,2.57,60,0.17,,,,,,0,0
904.15,370489,22051,24,501,20,1.29,1,4.17,1261,2.57,60,0.15,,,,,,0,0
905.26,370992,22067,24,503,16,1.11,1,4.17,1261,2.57,190,0.46,,,,,,0,0
906.39,371493,22099,24,501,32,1.13,1,4.17,1261,2.57,65,0.16,,,,,,0,0
907.74,371994,22111,24,501,12,1.35,1,4.17,1261,2.57,125,0.39,,,,,,0,0
908.96,372495,22115,24,501,4,1.21,1,4.17,1261,2.57,380,0.92,,,,,,0,0
910.4,372995,22135,24,500,20,1.44,1,4.17,1261,2.57,175,0.52,,,,,,0,0
911.62,373497,22155,24,502,20,1.23,1,4.17,1261,2.57,50,0.13,,,,,,0,0
912.88,374001,22175,24,504,20,1.26,1,4.17,1261,2.57,110,0.24,,,,,,0,0
914.14,374502,22179,24,501,4,1.26,1,4.17,1261,2.57,150,0.36,,,,,,0,0
915.51,375002,22207,24,500,28,1.37,1,4.17,1261,2.57,50,0.11,,,,,,0,0
916.71,375505,22239,24,503,32,1.2,1,4.17,1261,2.57,10,0.03,,,,,,0,0
918.26,376006,22259,24,501,20,1.55,1,4.17,1261,2.57,110,0.55,,,,,,0,0
919.63,376506,22279,24,500,20,1.36,1,4.17,1261,2.57,25,0.09,,,,,,0,0
921.19,377010,22307,24,504,28,1.56,1,4.17,1261,2.57,175,0.58,,,,,,0,0
922.49,377512,22327,24,502,20,1.3,1,4.17,1261,2.57,215,0.59,,,,,,0,0
923.78,378014,22379,24,502,52,1.3,1,4.17,1261,2.57,10,0.02,,,,,,0,0
925.21,378516,22391,24,502,12,1.43,1,4.17,1261,2.57,5,0.02,,,,,,0,0
926.55,379018,22419,24,502,28,1.34,1,4.17,1261,2.57,15,0.05,,,,,,0,0
927.83,379520,22435,24,502,16,1.28,1,4.17,1261,2.57,65,0.14,,,,,,0,0
929.11,380020,22475,24,500,40,1.28,1,4.17,1261,2.57,10,0.02,,,,,,0,0
930.39,380524,22503,24,504,28,1.28,1,4.17,1261,2.57,55,0.13,,,,,,0,0
932.03,381025,22527,24,501,24,1.64,1,4.17,1261,2.57,75,0.17,,,,,,0,0
933.33,381528,22535,24,503,8,1.3,1,4.17,1261,2.57,305,0.72,,,,,,0,0
934.7,382030,22551,24,502,16,1.37,1,4.17,1261,2.57,50,0.16,,,,,,0,0
936.06,382530,22579,24,500,28,1.37,1,4.17,1261,2.57,145,0.38,,,,,,0,0
937.36,383032,22603,24,502,24,1.3,1,4.17,1261,2.57,140,0.33,,,,,,0,0
938.64,383533,22627,24,501,24,1.28,1,4.17,1261,2.57,15,0.04,,,,,,0,0
939.82,384036,22643,24,503,16,1.18,1,4.17,1261,2.57,95,0.23,,,,,,0,0
941.06,384536,22675,24,500,32,1.24,1,4.17,1261,2.57,90,0.3,,,,,,0,0
942.57,385037,22707,24,501,32,1.51,1,4.17,1261,2.57,45,0.11,,,,,,0,0
944.07,385541,22739,24,504,32,1.49,1,4.17,1261,2.57,60,0.19,,,,,,0,0
945.58,386043,22779,24,502,40,1.51,1,4.17,1261,2.57,40,0.15,,,,,,0,0
946.96,386544,22803,24,501,24,1.38,1,4.17,1261,2.57,40,0.11,,,,,,0,0
948.28,387045,22851,24,501,48,1.32,1,4.17,1261,2.57,70,0.19,,,,,,0,0
949.68,387549,22887,24,504,36,1.4,1,4.17,1261,2.57,50,0.11,,,,,,0,0
950.93,388052,22911,24,503,24,1.25,1,4.17,1261,2.57,30,0.06,,,,,,0,0
952.13,388556,22935,24,504,24,1.2,1,4.17,1261,2.57,60,0.13,,,,,,0,0
953.33,389057,22955,24,501,20,1.2,1,4.17,1261,2.57,55,0.13,,,,,,0,0
954.69,389557,22991,24,500,36,1.35,1,4.17,1261,2.57,120,0.3,,,,,,0,0
955.97,390060,23011,24,503,20,1.28,1,4.17,1261,2.57,45,0.1,,,,,,0,0
957.28,390561,23039,24,501,28,1.31,1,4.17,1261,2.57,65,0.14,,,,,,0,0
958.57,391064,23067,24,503,28,1.29,1,4.17,1261,2.57,15,0.03,,,,,,0,0
959.81,391568,23095,24,504,28,1.24,1,4.17,1261,2.57,25,0.06,,,,,,0,0
960.94,392070,23103,24,502,8,1.14,1,4.17,1261,2.57,105,0.22,,,,,,0,0
962.1,392571,23127,24,501,24,1.15,1,4.17,1261,2.57,125,0.25,,,,,,0,0
963.55,393072,23171,24,501,44,1.46,1,4.17,1261,2.57,35,0.1,,,,,,0,0
964.81,393573,23187,24,501,16,1.26,1,4.17,1261,2.57,130,0.33,,,,,,0,0
966.1,394074,23207,24,501,20,1.29,1,4.17,1261,2.57,45,0.1,,,,,,0,0
967.33,394578,23231,24,504,24,1.22,1,4.17,1261,2.57,250,0.54,,,,,,0,0
968.64,395081,23267,24,503,36,1.31,1,4.17,1261,2.57,5,0.02,,,,,,0,0
970.01,395582,23287,24,501,20,1.37,1,4.17,1261,2.57,95,0.34,,,,,,0,0
971.26,396085,23319,24,503,32,1.25,1,4.17,1261,2.57,5,0.01,,,,,,0,0
972.45,396585,23355,24,500,36,1.19,1,4.17,1261,2.57,0,0,,,,,,0,0
973.72,397088,23367,24,503,12,1.27,1,4.17,1261,2.57,190,0.5,,,,,,0,0
975.08,397589,23387,24,501,20,1.35,1,4.17,1261,2.57,0,0,,,,,,0,0
976.48,398090,23407,24,501,20,1.4,1,4.17,1261,2.57,235,0.76,,,,,,0,0
977.89,398592,23451,24,502,44,1.42,1,4.17,1261,2.57,175,0.49,,,,,,0,0
979.32,399094,23475,24,502,24,1.43,1,4.17,1261,2.57,10,0.03,,,,,,0,0
980.64,399595,23495,24,501,20,1.32,1,4.17,1261,2.57,150,0.37,,,,,,0,0
981.97,400096,23519,24,501,24,1.33,1,4.17,1261,2.57,120,0.29,,,,,,0,0
983.33,400600,23555,24,504,36,1.35,1,4.17,1261,2.57,20,0.06,,,,,,0,0
984.63,401104,23583,24,504,28,1.3,1,4.17,1261,2.57,135,0.35,,,,,,0,0
986.06,401608,23591,24,504,8,1.43,1,4.17,1261,2.57,225,0.63,,,,,,0,0
987.73,402110,23631,24,502,40,1.67,1,4.17,1261,2.57,40,0.07,,,,,,0,0
989.11,402614,23655,24,504,24,1.37,1,4.17,1261,2.57,175,0.47,,,,,,0,0
990.31,403117,23687,24,503,32,1.2,1,4.17,1261,2.57,45,0.11,,,,,,0,0
991.6,403621,23731,24,504,44,1.29,1,4.17,1261,2.57,10,0.03,,,,,,0,0
993.03,404125,23759,24,504,28,1.43,1,4.17,1261,2.57,10,0.03,,,,,,0,0
994.42,404629,23787,24,504,28,1.39,1,4.17,1261,2.57,70,0.19,,,,,,0,0
995.68,405132,23815,24,503,28,1.26,1,4.17,1261,2.57,70,0.2,,,,,,0,0
996.99,405632,23843,24,500,28,1.31,1,4.17,1261,2.57,10,0.03,,,,,,0,0
998.23,406133,23871,24,501,28,1.24,1,4.17,1261,2.57,30,0.1,,,,,,0,0
999.75,406634,23887,24,501,16,1.52,1,4.17,1261,2.57,25,0.07,,,,,,0,0
1001.08,407137,23899,24,503,12,1.33,1,4.17,1261,2.57,180,0.46,,,,,,0,0
1002.23,407638,23931,24,501,32,1.14,1,4.17,1261,2.57,5,0.02,,,,,,0,0
1003.59,408140,23951,24,502,20,1.37,1,4.17,1261,2.57,35,0.1,,,,,,0,0
1005.08,408643,23983,24,503,32,1.48,1,4.17,1261,2.57,185,0.43,,,,,,0,0
1006.38,409147,24007,24,504,24,1.3,1,4.17,1261,2.57,45,0.15,,,,,,0,0
1007.71,409647,24027,24,500,20,1.34,1,4.17,1261,2.57,270,0.72,,,,,,0,0
1009.03,410147,24055,24,500,28,1.31,1,4.17,1261,2.57,110,0.27,,,,,,0,0
1010.25,410647,24095,24,500,40,1.22,1,4.17,1261,2.57,120,0.3,,,,,,0,0
1011.76,411151,24111,24,504,16,1.51,1,4.17,1261,2.57,215,0.54,,,,,,0,0
1013.1,411651,24127,24,500,16,1.34,1,4.17,1261,2.57,40,0.1,,,,,,0,0
1014.38,412151,24155,24,500,28,1.28,1,4.17,1261,2.57,30,0.12,,,,,,0,0
1015.73,412653,24183,24,502,28,1.35,1,4.17,1261,2.57,110,0.3,,,,,,0,0
1016.9,413154,24199,24,501,16,1.17,1,4.17,1261,2.57,250,0.58,,,,,,0,0
1018.13,413657,24219,24,503,20,1.23,1,4.17,1261,2.57,20,0.06,,,,,,0,0
1019.36,414161,24247,24,504,28,1.23,1,4.17,1261,2.57,15,0.03,,,,,,0,0
1020.74,414665,24287,24,504,40,1.39,1,4.17,1261,2.57,5,0.02,,,,,,0,0
1022.13,415167,24311,24,502,24,1.39,1,4.17,1261,2.57,210,0.59,,,,,,0,0
1023.44,415671,24339,24,504,28,1.31,1,4.17,1261,2.57,155,0.44,,,,,,0,0
1024.88,416175,24371,24,504,32,1.44,1,4.17,1261,2.57,130,0.32,,,,,,0,0
1026.13,416675,24383,24,500,12,1.25,1,4.17,1261,2.57,175,0.46,,,,,,0,0
1027.53,417176,24407,24,501,24,1.4,1,4.17,1261,2.57,125,0.32,,,,,,0,0
1028.76,417678,24431,24,502,24,1.23,1,4.17,1261,2.57,100,0.25,,,,,,0,0
1030.1,418182,24443,24,504,12,1.34,1,4.17,1261,2.57,95,0.22,,,,,,0,0
1031.41,418682,24451,24,500,8,1.31,1,4.17,1261,2.57,55,0.16,,,,,,0,0
1032.77,419185,24483,24,503,32,1.36,1,4.17,1261,2.57,215,0.55,,,,,,0,0
1034.36,419688,24511,24,503,28,1.59,1,4.17,1261,2.57,50,0.15,,,,,,0,0
1035.97,420192,24535,24,504,24,1.6,1,4.17,1261,2.57,20,0.05,,,,,,0,0
1037.35,420693,24555,24,501,20,1.38,1,4.17,1261,2.57,220,0.64,,,,,,0,0
1038.65,421195,24571,24,502,16,1.3,1,4.17,1261,2.57,85,0.25,,,,,,0,0
1039.95,421698,24583,24,503,12,1.3,1,4.17,1261,2.57,160,0.45,,,,,,0,0
1041.44,422200,24619,24,502,36,1.49,1,4.17,1261,2.57,75,0.17,,,,,,0,0
1042.79,422702,24639,24,502,20,1.35,1,4.17,1261,2.57,165,0.46,,,,,,0,0
1044.29,423202,24671,24,500,32,1.5,1,4.17,1261,2.57,95,0.22,,,,,,0,0
1045.67,423706,24687,24,504,16,1.38,1,4.17,1261,2.57,25,0.07,,,,,,0,0
1047.66,424209,24715,24,503,28,1.99,1,4.17,1261,2.57,35,0.1,,,,,,0,0
1049.25,424713,24719,24,504,4,1.59,1,4.17,1261,2.57,360,1.13,,,,,,0,0
1050.43,425214,24739,24,501,20,1.18,1,4.17,1261,2.57,45,0.09,,,,,,0,0
1051.78,425717,24763,24,503,24,1.36,1,4.17,1261,2.57,50,0.19,,,,,,0,0
1053.1,426219,24787,24,502,24,1.31,1,4.17,1261,2.57,5,0.01,,,,,,0,0
1054.46,426720,24815,24,501,28,1.36,1,4.17,1261,2.57,45,0.13,,,,,,0,0
1055.72,427223,24843,24,503,28,1.26,1,4.17,1261,2.57,0,0,,,,,,0,0
1057.17,427726,24867,24,503,24,1.45,1,4.17,1261,2.57,115,0.35,,,,,,0,0
1058.88,428229,24879,24,503,12,1.71,1,4.17,1261,2.57,215,0.76,,,,,,0,0
1060.27,428733,24895,24,504,16,1.4,1,4.17,1261,2.57,145,0.39,,,,,,0,0
1061.93,429236,24943,24,503,48,1.66,1,4.17,1261,2.57,30,0.08,,,,,,0,0
1063.2,429736,24963,24,500,20,1.26,1,4.17,1261,2.57,135,0.3,,,,,,0,0
1064.58,430239,24979,24,503,16,1.39,1,4.17,1261,2.57,245,0.67,,,,,,0,0
1065.82,430743,24995,24,504,16,1.23,1,4.17,1261,2.57,145,0.37,,,,,,0,0
1067.33,431247,25019,24,504,24,1.51,1,4.17,1261,2.57,270,0.84,,,,,,0,0
1068.67,431750,25047,24,503,28,1.34,1,4.17,1261,2.57,155,0.44,,,,,,0,0
1070.07,432251,25067,24,501,20,1.4,1,4.17,1261,2.57,115,0.27,,,,,,0,0
1071.38,432753,25083,24,502,16,1.3,1,4.17,1261,2.57,55,0.12,,,,,,0,0
1072.64,433253,25103,24,500,20,1.26,1,4.17,1261,2.57,5,0.02,,,,,,0,0
1073.85,433757,25135,24,504,32,1.21,1,4.17,1261,2.57,5,0.02,,,,,,0,0
1075.2,434259,25155,24,502,20,1.35,1,4.17,1261,2.57,125,0.36,,,,,,0,0
1076.52,434760,25187,24,501,32,1.32,1,4.17,1261,2.57,95,0.26,,,,,,0,0
1077.76,435261,25191,24,501,4,1.24,1,4.17,1261,2.57,330,0.78,,,,,,0,0
1078.95,435763,25199,24,502,8,1.19,1,4.17,1261,2.57,415,0.98,,,,,,0,0
1080.21,436266,25227,24,503,28,1.26,1,4.17,1261,2.57,35,0.11,,,,,,0,0
1081.55,436770,25255,24,504,28,1.34,1,4.17,1261,2.57,25,0.06,,,,,,0,0
1083.55,437274,25267,24,504,12,2.01,1,4.17,1261,2.57,5,0.02,,,,,,0,0
1084.9,437775,25291,24,501,24,1.34,1,4.17,1261,2.57,245,0.63,,,,,,0,0
1086.13,438276,25323,24,501,32,1.23,1,4.17,1261,2.57,30,0.08,,,,,,0,0
1087.52,438776,25359,24,500,36,1.39,1,4.17,1261,2.57,5,0.01,,,,,,0,0
1088.8,439276,25371,24,500,12,1.28,1,4.17,1261,2.57,30,0.07,,,,,,0,0
1090.01,439780,25399,24,504,28,1.21,1,4.17,1261,2.57,185,0.48,,,,,,0,0
1091.27,440283,25411,24,503,12,1.26,1,4.17,1261,2.57,105,0.25,,,,,,0,0
1092.8,440786,25455,24,503,44,1.53,1,4.17,1261,2.57,25,0.06,,,,,,0,0
1093.98,441286,25479,24,500,24,1.18,1,4.17,1261,2.57,25,0.06,,,,,,0,0
1095.57,441790,25507,24,504,28,1.59,1,4.17,1261,2.57,10,0.02,,,,,,0,0
1096.83,442293,25539,24,503,32,1.26,1,4.17,1261,2.57,5,0.01,,,,,,0,0
1097.99,442796,25567,24,503,28,1.16,1,4.17,1261,2.57,35,0.09,,,,,,0,0
1099.22,443296,25587,24,500,20,1.23,1,4.17,1261,2.57,30,0.07,,,,,,0,0
1100.88,443798,25611,24,502,24,1.66,1,4.17,1261,2.57,45,0.4,,,,,,0,0
1102.47,444301,25643,24,503,32,1.6,1,4.17,1261,2.57,65,0.17,,,,,,0,0
1103.82,444801,25663,24,500,20,1.35,1,4.17,1261,2.57,35,0.1,,,,,,0,0
1105.24,445302,25687,24,501,24,1.41,1,4.17,1261,2.57,65,0.17,,,,,,0,0
1106.58,445803,25715,24,501,28,1.35,1,4.17,1261,2.57,100,0.31,,,,,,0,0
1108.13,446307,25731,24,504,16,1.55,1,4.17,1261,2.57,65,0.17,,,,,,0,0
1109.33,446807,25743,24,500,12,1.2,1,4.17,1261,2.57,60,0.16,,,,,,0,0
1110.62,447308,25759,24,501,16,1.29,1,4.17,1261,2.57,350,0.94,,,,,,0,0
1111.86,447809,25787,24,501,28,1.24,1,4.17,1261,2.57,20,0.05,,,,,,0,0
1112.99,448312,25819,24,503,32,1.13,1,4.17,1261,2.57,70,0.14,,,,,,0,0
1114.47,448813,25839,24,501,20,1.49,1,4.17,1261,2.57,205,0.57,,,,,,0,0
1115.76,449317,25863,24,504,24,1.28,1,4.17,1261,2.57,75,0.17,,,,,,0,0
1117.12,449819,25883,24,502,20,1.37,1,4.17,1261,2.57,45,0.14,,,,,,0,0
1118.36,450319,25903,24,500,20,1.24,1,4.17,1261,2.57,15,0.04,,,,,,0,0
1119.62,450819,25935,24,500,32,1.25,1,4.17,1261,2.57,35,0.09,,,,,,0,0
1120.92,451323,25967,24,504,32,1.3,1,4.17,1261,2.57,40,0.1,,,,,,0,0
1122.29,451825,25991,24,502,24,1.37,1,4.17,1261,2.57,70,0.19,,,,,,0,0
1123.74,452328,26011,24,503,20,1.45,1,4.17,1261,2.57,60,0.13,,,,,,0,0
1125.15,452832,26047,24,504,36,1.41,1,4.17,1261,2.57,15,0.04,,,,,,0,0
1126.54,453332,26075,24,500,28,1.39,1,4.17,1261,2.57,180,0.42,,,,,,0,0
1127.87,453832,26091,24,500,16,1.34,1,4.17,1261,2.57,40,0.13,,,,,,0,0
1129.1,454335,26099,24,503,8,1.22,1,4.17,1261,2.57,10,0.03,,,,,,0,0
1130.37,454838,26111,24,503,12,1.27,1,4.17,1261,2.57,120,0.25,,,,,,0,0
1131.7,455339,26135,24,501,24,1.33,1,4.17,1261,2.57,60,0.27,,,,,,0,0
1133.04,455840,26163,24,501,28,1.34,1,4.17,1261,2.57,30,0.08,,,,,,0,0
1134.17,456343,26199,24,503,36,1.13,1,4.17,1261,2.57,20,0.05,,,,,,0,0
1135.41,456847,26231,24,504,32,1.24,1,4.17,1261,2.57,5,0.01,,,,,,0,0
1136.74,457347,26247,24,500,16,1.33,1,4.17,1261,2.57,30,0.08,,,,,,0,0
1138.44,457849,26287,24,502,40,1.7,1,4.17,1261,2.57,180,0.59,,,,,,0,0
1139.67,458349,26303,24,500,16,1.23,1,4.17,1261,2.57,175,0.42,,,,,,0,0
1140.94,458852,26319,24,503,16,1.27,1,4.17,1261,2.57,165,0.43,,,,,,0,0
1142.15,459356,26343,24,504,24,1.21,1,4.17,1261,2.57,110,0.22,,,,,,0,0
1143.3,459859,26367,24,503,24,1.16,1,4.17,1261,2.57,115,0.26,,,,,,0,0
1144.62,460360,26387,24,501,20,1.32,1,4.17,1261,2.57,10,0.02,,,,,,0,0
1145.98,460863,26403,24,503,16,1.35,1,4.17,1261,2.57,40,0.09,,,,,,0,0
1147.29,461366,26431,24,503,28,1.31,1,4.17,1261,2.57,10,0.03,,,,,,0,0
1148.61,461870,26467,24,504,36,1.33,1,4.17,1261,2.57,15,0.04,,,,,,0,0
1150.21,462370,26487,24,500,20,1.6,1,4.17,1261,2.57,60,0.13,,,,,,0,0
1151.49,462871,26519,24,501,32,1.27,1,4.17,1261,2.57,130,0.31,,,,,,0,0
1152.82,463371,26547,24,500,28,1.34,1,4.17,1261,2.57,30,0.07,,,,,,0,0
1154.09,463874,26579,24,503,32,1.26,1,4.17,1261,2.57,5,0.01,,,,,,0,0
1155.27,464377,26607,24,503,28,1.19,1,4.17,1261,2.57,40,0.11,,,,,,0,0
1156.77,464881,26635,24,504,28,1.49,1,4.17,1261,2.57,15,0.03,,,,,,0,0
1158,465385,26667,24,504,32,1.23,1,4.17,1261,2.57,30,0.09,,,,,,0,0
1159.59,465889,26711,24,504,44,1.59,1,4.17,1261,2.57,30,0.1,,,,,,0,0
1160.99,466392,26743,24,503,32,1.4,1,4.17,1261,2.57,15,0.05,,,,,,0,0
1162.61,466892,26763,24,500,20,1.61,1,4.17,1261,2.57,145,0.42,,,,,,0,0
1163.95,467396,26779,24,504,16,1.34,1,4.17,1261,2.57,155,0.43,,,,,,0,0
1165.3,467897,26811,24,501,32,1.35,1,4.17,1261,2.57,20,0.05,,,,,,0,0
1166.63,468397,26831,24,500,20,1.33,1,4.17,1261,2.57,155,0.36,,,,,,0,0
1167.93,468899,26851,24,502,20,1.29,1,4.17,1261,2.57,50,0.13,,,,,,0,0
1169.15,469399,26867,24,500,16,1.22,1,4.17,1261,2.57,60,0.15,,,,,,0,0
1170.71,469902,26883,24,503,16,1.56,1,4.17,1261,2.57,250,0.78,,,,,,0,0
1172.06,470402,26895,24,500,12,1.35,1,4.17,1261,2.57,205,0.5,,,,,,0,0
1173.23,470905,26915,24,503,20,1.17,1,4.17,1261,2.57,40,0.08,,,,,,0,0
1174.55,471406,26939,24,501,24,1.32,1,4.17,1261,2.57,125,0.38,,,,,,0,0
1175.79,471907,26943,24,501,4,1.25,1,4.17,1261,2.57,305,0.8,,,,,,0,0
1177.1,472408,26963,24,501,20,1.31,1,4.17,1261,2.57,30,0.07,,,,,,0,0
1178.47,472911,26991,24,503,28,1.37,1,4.17,1261,2.57,5,0.01,,,,,,0,0
1179.74,473413,27015,24,502,24,1.28,1,4.17,1261,2.57,50,0.12,,,,,,0,0
1181.11,473915,27035,24,502,20,1.37,1,4.17,1261,2.57,65,0.22,,,,,,0,0
1182.51,474415,27059,24,500,24,1.4,1,4.17,1261,2.57,170,0.4,,,,,,0,0
1183.69,474919,27091,24,504,32,1.18,1,4.17,1261,2.57,10,0.02,,,,,,0,0
1185.13,475422,27127,24,503,36,1.44,1,4.17,1261,2.57,30,0.07,,,,,,0,0
1186.38,475925,27151,24,503,24,1.25,1,4.17,1261,2.57,10,0.02,,,,,,0,0
1187.59,476425,27151,24,500,0,1.21,0,0,1261,2.57,510,1.23,,,,,,0,0
1189.08,476926,27179,24,501,28,1.49,1,4.17,1261,2.57,25,0.07,,,,,,0,0
1.47,503,5064,24,503,5064,1.47,2,8.33,321,1.01,150,0.3,,,,,,0,0
2.53,1004,5065,24,501,1,1.06,1,4.17,591,1.24,60,0.12,,,,,,0,0
3.58,1504,5065,24,500,0,1.06,0,0,591,1.24,560,1.17,,,,,,0,0
4.6,2005,5196,24,501,131,1.01,1,4.17,951,1.95,110,0.24,,,,,,0,0
5.53,2505,5196,24,500,0,0.93,0,0,951,1.95,610,1.17,,,,,,0,0
6.5,3007,5225,24,502,29,0.97,1,4.17,1067,2.04,45,0.1,,,,,,0,0
7.4,3508,5244,24,501,19,0.9,1,4.17,1067,2.04,205,0.37,,,,,,0,0
8.39,4010,5260,24,502,16,0.99,1,4.17,1067,2.04,110,0.24,,,,,,0,0
9.47,4512,5268,24,502,8,1.08,1,4.17,1067,2.04,70,0.14,,,,,,0,0
10.48,5014,5276,24,502,8,1,1,4.17,1067,2.04,315,0.64,,,,,,0,0
11.51,5518,5280,24,504,4,1.04,1,4.17,1067,2.04,395,0.81,,,,,,0,0
12.69,6021,5292,24,503,12,1.18,1,4.17,1067,2.04,95,0.23,,,,,,0,0
13.9,6523,5300,24,502,8,1.21,1,4.17,1067,2.04,25,0.07,,,,,,0,0
15.06,7026,5308,24,503,8,1.16,1,4.17,1067,2.04,215,0.43,,,,,,0,0
16.11,7527,5312,24,501,4,1.05,1,4.17,1067,2.04,355,0.76,,,,,,0,0
17.22,8027,5328,24,500,16,1.11,1,4.17,1067,2.04,105,0.24,,,,,,0,0
18.3,8529,5336,24,502,8,1.08,1,4.17,1067,2.04,60,0.12,,,,,,0,0
19.37,9031,5344,24,502,8,1.07,1,4.17,1067,2.04,100,0.22,,,,,,0,0
20.45,9534,5352,24,503,8,1.08,1,4.17,1067,2.04,50,0.11,,,,,,0,0
21.53,10035,5356,24,501,4,1.08,1,4.17,1067,2.04,335,0.73,,,,,,0,0
22.68,10536,5364,24,501,8,1.15,1,4.17,1067,2.04,210,0.49,,,,,,0,0
23.81,11039,5392,24,503,28,1.14,2,8.33,1067,2.04,120,0.27,,,,,,0,0
24.92,11540,5412,24,501,20,1.1,1,4.17,1067,2.04,50,0.11,,,,,,0,0
25.93,12044,5428,24,504,16,1.01,1,4.17,1067,2.04,10,0.02,,,,,,0,0
27.04,12547,5440,24,503,12,1.11,1,4.17,1067,2.04,255,0.58,,,,,,0,0
28.24,13050,5448,24,503,8,1.2,1,4.17,1067,2.04,195,0.45,,,,,,0,0
29.38,13553,5472,24,503,24,1.15,1,4.17,1067,2.04,90,0.19,,,,,,0,0
30.62,14054,5476,24,501,4,1.23,1,4.17,1067,2.04,200,0.45,,,,,,0,0
31.73,14558,5488,24,504,12,1.11,1,4.17,1067,2.04,60,0.12,,,,,,0,0
32.84,15062,5500,24,504,12,1.11,1,4.17,1067,2.04,150,0.34,,,,,,0,0
34.11,15563,5508,24,501,8,1.27,1,4.17,1067,2.04,155,0.43,,,,,,0,0
35.19,16066,5516,24,503,8,1.08,1,4.17,1067,2.04,50,0.14,,,,,,0,0
36.39,16570,5528,24,504,12,1.21,1,4.17,1067,2.04,100,0.25,,,,,,0,0
37.6,17074,5540,24,504,12,1.2,1,4.17,1067,2.04,20,0.05,,,,,,0,0
38.85,17578,5584,24,504,44,1.25,1,4.17,1067,2.04,45,0.12,,,,,,0,0
39.92,18082,5604,24,504,20,1.08,1,4.17,1067,2.04,85,0.17,,,,,,0,0
41,18584,5616,24,502,12,1.07,1,4.17,1067,2.04,75,0.16,,,,,,0,0
42.26,19085,5632,24,501,16,1.26,1,4.17,1067,2.04,15,0.03,,,,,,0,0
43.39,19587,5652,24,502,20,1.13,1,4.17,1067,2.04,115,0.28,,,,,,0,0
44.59,20090,5676,24,503,24,1.2,1,4.17,1067,2.04,15,0.03,,,,,,0,0
45.69,20593,5700,24,503,24,1.1,1,4.17,1067,2.04,25,0.05,,,,,,0,0
46.8,21093,5720,24,500,20,1.11,1,4.17,1067,2.04,60,0.15,,,,,,0,0
48.01,21595,5728,24,502,8,1.22,1,4.17,1067,2.04,180,0.46,,,,,,0,0
49.1,22095,5744,24,500,16,1.09,1,4.17,1067,2.04,30,0.07,,,,,,0,0
50.35,22597,5772,24,502,28,1.25,1,4.17,1067,2.04,20,0.06,,,,,,0,0
51.54,23101,5796,24,504,24,1.19,1,4.17,1067,2.04,125,0.29,,,,,,0,0
52.66,23604,5808,24,503,12,1.12,1,4.17,1067,2.04,120,0.26,,,,,,0,0
53.76,24104,5824,24,500,16,1.11,1,4.17,1067,2.04,30,0.07,,,,,,0,0
54.86,24606,5836,24,502,12,1.1,1,4.17,1067,2.04,65,0.15,,,,,,0,0
56.12,25110,5848,24,504,12,1.26,1,4.17,1067,2.04,15,0.03,,,,,,0,0
57.29,25612,5872,24,502,24,1.17,1,4.17,1067,2.04,80,0.19,,,,,,0,0
58.4,26113,5904,24,501,32,1.11,1,4.17,1067,2.04,35,0.08,,,,,,0,0
59.53,26617,5920,24,504,16,1.13,1,4.17,1067,2.04,95,0.23,,,,,,0,0
60.68,27118,5932,24,501,12,1.15,1,4.17,1067,2.04,20,0.04,,,,,,0,0
61.8,27618,5972,24,500,40,1.12,1,4.17,1067,2.04,20,0.04,,,,,,0,0
62.98,28118,6004,24,500,32,1.18,1,4.17,1067,2.04,40,0.12,,,,,,0,0
64.2,28619,6024,24,501,20,1.22,1,4.17,1067,2.04,10,0.02,,,,,,0,0
65.42,29122,6052,24,503,28,1.22,1,4.17,1067,2.04,40,0.1,,,,,,0,0
66.48,29622,6068,24,500,16,1.06,1,4.17,1067,2.04,35,0.09,,,,,,0,0
67.6,30125,6092,24,503,24,1.13,2,8.33,1067,2.04,15,0.04,,,,,,0,0
68.88,30625,6108,24,500,16,1.28,1,4.17,1067,2.04,80,0.21,,,,,,0,0
70.09,31128,6120,24,503,12,1.21,1,4.17,1067,2.04,15,0.04,,,,,,0,0
71.26,31631,6156,24,503,36,1.16,1,4.17,1067,2.04,25,0.06,,,,,,0,0
72.38,32133,6204,24,502,48,1.12,1,4.17,1067,2.04,0,0,,,,,,0,0
73.56,32636,6220,24,503,16,1.18,1,4.17,1067,2.04,125,0.29,,,,,,0,0
74.73,33138,6240,24,502,20,1.17,1,4.17,1067,2.04,40,0.12,,,,,,0,0
75.86,33638,6280,24,500,40,1.14,1,4.17,1067,2.04,200,0.45,,,,,,0,0
76.91,34138,6300,24,500,20,1.05,1,4.17,1067,2.04,0,0,,,,,,0,0
78.14,34641,6312,24,503,12,1.23,1,4.17,1067,2.04,170,0.39,,,,,,0,0
79.29,35141,6332,24,500,20,1.14,1,4.17,1067,2.04,235,0.58,,,,,,0,0
80.48,35645,6364,24,504,32,1.2,1,4.17,1067,2.04,165,0.36,,,,,,0,0
81.56,36147,6392,24,502,28,1.08,1,4.17,1067,2.04,105,0.24,,,,,,0,0
82.68,36651,6408,24,504,16,1.12,1,4.17,1067,2.04,140,0.34,,,,,,0,0
83.97,37154,6432,24,503,24,1.29,1,4.17,1067,2.04,65,0.16,,,,,,0,0
85.18,37657,6444,24,503,12,1.22,1,4.17,1067,2.04,50,0.12,,,,,,0,0
86.44,38159,6480,24,502,36,1.25,1,4.17,1067,2.04,70,0.16,,,,,,0,0
87.59,38660,6508,24,501,28,1.15,1,4.17,1067,2.04,20,0.05,,,,,,0,0
88.86,39163,6536,24,503,28,1.27,1,4.17,1067,2.04,35,0.1,,,,,,0,0
90.1,39665,6540,24,502,4,1.24,1,4.17,1067,2.04,105,0.29,,,,,,0,0
91.29,40165,6556,24,500,16,1.19,1,4.17,1067,2.04,25,0.06,,,,,,0,0
92.49,40666,6592,24,501,36,1.2,1,4.17,1067,2.04,115,0.27,,,,,,0,0
93.66,41169,6616,24,503,24,1.17,1,4.17,1067,2.04,20,0.05,,,,,,0,0
94.98,41669,6632,24,500,16,1.33,1,4.17,1067,2.04,105,0.3,,,,,,0,0
96.44,42169,6648,24,500,16,1.46,1,4.17,1067,2.04,100,0.27,,,,,,0,0
97.66,42669,6664,24,500,16,1.22,1,4.17,1067,2.04,145,0.37,,,,,,0,0
98.85,43169,6696,24,500,32,1.19,1,4.17,1067,2.04,70,0.16,,,,,,0,0
99.97,43671,6724,24,502,28,1.12,1,4.17,1067,2.04,35,0.1,,,,,,0,0
101.12,44174,6748,24,503,24,1.14,1,4.17,1067,2.04,5,0.02,,,,,,0,0
102.23,44674,6772,24,500,24,1.11,1,4.17,1067,2.04,15,0.03,,,,,,0,0
103.37,45177,6796,24,503,24,1.14,1,4.17,1067,2.04,20,0.04,,,,,,0,0
104.46,45681,6804,24,504,8,1.09,1,4.17,1067,2.04,175,0.36,,,,,,0,0
105.56,46182,6824,24,501,20,1.1,1,4.17,1067,2.04,175,0.38,,,,,,0,0
106.7,46684,6848,24,502,24,1.14,1,4.17,1067,2.04,40,0.09,,,,,,0,0
107.7,47188,6880,24,504,32,0.99,1,4.17,1067,2.04,90,0.17,,,,,,0,0
108.79,47691,6908,24,503,28,1.09,1,4.17,1067,2.04,80,0.18,,,,,,0,0
109.96,48192,6940,24,501,32,1.17,1,4.17,1067,2.04,100,0.25,,,,,,0,0
111.17,48694,6960,24,502,20,1.22,1,4.17,1067,2.04,30,0.08,,,,,,0,0
112.49,49196,6984,24,502,24,1.31,1,4.17,1067,2.04,5,0.01,,,,,,0,0
113.66,49699,7008,24,503,24,1.17,1,4.17,1067,2.04,130,0.29,,,,,,0,0
114.79,50200,7024,24,501,16,1.13,1,4.17,1067,2.04,0,0,,,,,,0,0
116,50700,7068,24,500,44,1.21,1,4.17,1067,2.04,20,0.04,,,,,,0,0
117.23,51203,7096,24,503,28,1.22,1,4.17,1067,2.04,175,0.4,,,,,,0,0
118.37,51707,7124,24,504,28,1.14,1,4.17,1067,2.04,100,0.26,,,,,,0,0
119.71,52208,7144,24,501,20,1.33,1,4.17,1067,2.04,55,0.14,,,,,,0,0
120.95,52711,7164,24,503,20,1.25,1,4.17,1067,2.04,10,0.03,,,,,,0,0
122.07,53213,7200,24,502,36,1.12,1,4.17,1067,2.04,110,0.26,,,,,,0,0
123.2,53717,7216,24,504,16,1.12,1,4.17,1067,2.04,45,0.11,,,,,,0,0
124.38,54219,7244,24,502,28,1.18,1,4.17,1067,2.04,90,0.2,,,,,,0,0
125.48,54722,7272,24,503,28,1.1,1,4.17,1067,2.04,100,0.25,,,,,,0,0
126.69,55222,7308,24,500,36,1.21,1,4.17,1067,2.04,0,0,,,,,,0,0
127.76,55725,7320,24,503,12,1.07,1,4.17,1067,2.04,110,0.25,,,,,,0,0
128.96,56227,7352,24,502,32,1.2,1,4.17,1067,2.04,45,0.1,,,,,,0,0
130.13,56729,7388,24,502,36,1.18,1,4.17,1067,2.04,95,0.2,,,,,,0,0
131.3,57233,7416,24,504,28,1.16,1,4.17,1067,2.04,70,0.17,,,,,,0,0
132.56,57735,7424,24,502,8,1.26,1,4.17,1067,2.04,215,0.57,,,,,,0,0
133.75,58235,7440,24,500,16,1.19,1,4.17,1067,2.04,95,0.22,,,,,,0,0
134.94,58737,7468,24,502,28,1.19,1,4.17,1067,2.04,200,0.51,,,,,,0,0
136.17,59238,7484,24,501,16,1.23,1,4.17,1067,2.04,100,0.24,,,,,,0,0
137.42,59738,7508,24,500,24,1.24,1,4.17,1067,2.04,180,0.42,,,,,,0,0
138.58,60240,7524,24,502,16,1.16,1,4.17,1067,2.04,240,0.53,,,,,,0,0
139.72,60742,7548,24,502,24,1.14,1,4.17,1067,2.04,160,0.37,,,,,,0,0
140.97,61244,7580,24,502,32,1.26,1,4.17,1067,2.04,65,0.16,,,,,,0,0
142.18,61746,7608,24,502,28,1.2,1,4.17,1067,2.04,125,0.31,,,,,,0,0
143.36,62247,7620,24,501,12,1.18,1,4.17,1067,2.04,260,0.58,,,,,,0,0
144.52,62751,7636,24,504,16,1.16,1,4.17,1067,2.04,155,0.38,,,,,,0,0
145.7,63255,7664,24,504,28,1.18,1,4.17,1067,2.04,60,0.14,,,,,,0,0
146.88,63757,7684,24,502,20,1.18,1,4.17,1067,2.04,20,0.05,,,,,,0,0
148.09,64257,7712,24,500,28,1.21,1,4.17,1067,2.04,15,0.05,,,,,,0,0
149.32,64757,7728,24,500,16,1.23,1,4.17,1067,2.04,40,0.12,,,,,,0,0
150.53,65258,7748,24,501,20,1.21,1,4.17,1067,2.04,185,0.45,,,,,,0,0
151.69,65759,7764,24,501,16,1.16,1,4.17,1067,2.04,20,0.07,,,,,,0,0
153.06,66262,7784,24,503,20,1.37,1,4.17,1067,2.04,90,0.24,,,,,,0,0
154.48,66764,7812,24,502,28,1.41,1,4.17,1067,2.04,30,0.07,,,,,,0,0
155.65,67264,7824,24,500,12,1.17,1,4.17,1067,2.04,185,0.41,,,,,,0,0
157,67768,7836,24,504,12,1.35,1,4.17,1067,2.04,370,0.92,,,,,,0,0
158.25,68268,7868,24,500,32,1.25,1,4.17,1067,2.04,45,0.1,,,,,,0,0
159.43,68770,7876,24,502,8,1.19,1,4.17,1067,2.04,230,0.55,,,,,,0,0
160.65,69271,7900,24,501,24,1.22,1,4.17,1067,2.04,30,0.08,,,,,,0,0
161.8,69773,7928,24,502,28,1.15,1,4.17,1067,2.04,90,0.21,,,,,,0,0
162.96,70276,7948,24,503,20,1.16,1,4.17,1067,2.04,45,0.1,,,,,,0,0
164.1,70779,7988,24,503,40,1.13,1,4.17,1067,2.04,30,0.06,,,,,,0,0
165.33,71280,8008,24,501,20,1.23,1,4.17,1067,2.04,80,0.16,,,,,,0,0
166.54,71783,8044,24,503,36,1.21,1,4.17,1067,2.04,5,0.01,,,,,,0,0
167.72,72285,8076,24,502,32,1.18,1,4.17,1067,2.04,120,0.31,,,,,,0,0
168.88,72789,8100,24,504,24,1.16,1,4.17,1067,2.04,35,0.08,,,,,,0,0
170.17,73292,8120,24,503,20,1.3,1,4.17,1067,2.04,30,0.07,,,,,,0,0
171.45,73793,8148,24,501,28,1.27,1,4.17,1067,2.04,5,0.01,,,,,,0,0
172.67,74296,8164,24,503,16,1.22,1,4.17,1067,2.04,65,0.17,,,,,,0,0
173.87,74797,8184,24,501,20,1.19,1,4.17,1067,2.04,40,0.09,,,,,,0,0
175.13,75297,8228,24,500,44,1.27,1,4.17,1067,2.04,5,0.01,,,,,,0,0
176.28,75797,8260,24,500,32,1.15,1,4.17,1067,2.04,85,0.2,,,,,,0,0
177.49,76297,8272,24,500,12,1.21,1,4.17,1067,2.04,120,0.27,,,,,,0,0
178.63,76798,8284,24,501,12,1.14,1,4.17,1067,2.04,145,0.3,,,,,,0,0
179.85,77301,8304,24,503,20,1.22,1,4.17,1067,2.04,10,0.03,,,,,,0,0
181.02,77801,8332,24,500,28,1.17,1,4.17,1067,2.04,170,0.36,,,,,,0,0
182.21,78303,8348,24,502,16,1.2,1,4.17,1067,2.04,40,0.09,,,,,,0,0
183.42,78806,8380,24,503,32,1.21,1,4.17,1067,2.04,145,0.36,,,,,,0,0
184.64,79308,8396,24,502,16,1.23,1,4.17,1067,2.04,10,0.02,,,,,,0,0
185.92,79810,8404,24,502,8,1.27,1,4.17,1067,2.04,420,1.07,,,,,,0,0
186.93,80312,8436,24,502,32,1.02,1,4.17,1067,2.04,10,0.02,,,,,,0,0
188.08,80816,8448,24,504,12,1.15,1,4.17,1067,2.04,20,0.06,,,,,,0,0
189.31,81319,8484,24,503,36,1.22,1,4.17,1067,2.04,65,0.14,,,,,,0,0
190.41,81822,8504,24,503,20,1.11,1,4.17,1067,2.04,235,0.51,,,,,,0,0
191.5,82322,8532,24,500,28,1.08,1,4.17,1067,2.04,65,0.14,,,,,,0,0
192.64,82826,8568,24,504,36,1.14,1,4.17,1067,2.04,10,0.03,,,,,,0,0
193.73,83328,8572,24,502,4,1.09,1,4.17,1067,2.04,335,0.75,,,,,,0,0
194.91,83829,8608,24,501,36,1.18,1,4.17,1067,2.04,15,0.03,,,,,,0,0
196.11,84329,8640,24,500,32,1.21,1,4.17,1067,2.04,30,0.07,,,,,,0,0
197.2,84829,8660,24,500,20,1.08,1,4.17,1067,2.04,60,0.13,,,,,,0,0
198.41,85332,8672,24,503,12,1.21,1,4.17,1067,2.04,155,0.35,,,,,,0,0
199.57,85835,8692,24,503,20,1.16,1,4.17,1067,2.04,25,0.06,,,,,,0,0
200.65,86337,8724,24,502,32,1.08,1,4.17,1067,2.04,10,0.01,,,,,,0,0
201.9,86838,8740,24,501,16,1.24,1,4.17,1067,2.04,130,0.31,,,,,,0,0
203.08,87339,8772,24,501,32,1.18,1,4.17,1067,2.04,75,0.18,,,,,,0,0
204.28,87842,8792,24,503,20,1.2,1,4.17,1067,2.04,85,0.19,,,,,,0,0
205.4,88344,8812,24,502,20,1.13,1,4.17,1067,2.04,45,0.1,,,,,,0,0
206.54,88847,8868,24,503,56,1.14,1,4.17,1067,2.04,15,0.03,,,,,,0,0
207.66,89347,8912,24,500,44,1.12,1,4.17,1067,2.04,25,0.06,,,,,,0,0
208.71,89848,8936,24,501,24,1.05,1,4.17,1067,2.04,135,0.26,,,,,,0,0
209.89,90351,8952,24,503,16,1.18,1,4.17,1067,2.04,50,0.12,,,,,,0,0
211.06,90852,8984,24,501,32,1.17,1,4.17,1067,2.04,25,0.06,,,,,,0,0
212.2,91354,9000,24,502,16,1.14,1,4.17,1067,2.04,35,0.09,,,,,,0,0
213.38,91854,9024,24,500,24,1.18,1,4.17,1067,2.04,60,0.14,,,,,,0,0
214.58,92356,9056,24,502,32,1.2,1,4.17,1067,2.04,25,0.07,,,,,,0,0
215.82,92860,9076,24,504,20,1.23,1,4.17,1067,2.04,195,0.44,,,,,,0,0
216.91,93363,9116,24,503,40,1.1,1,4.17,1067,2.04,25,0.05,,,,,,0,0
218.17,93867,9140,24,504,24,1.26,1,4.17,1067,2.04,75,0.19,,,,,,0,0
219.45,94368,9168,24,501,28,1.27,1,4.17,1067,2.04,60,0.13,,,,,,0,0
220.69,94870,9196,24,502,28,1.25,1,4.17,1067,2.04,25,0.05,,,,,,0,0
221.87,95370,9212,24,500,16,1.17,1,4.17,1067,2.04,75,0.17,,,,,,0,0
223,95870,9228,24,500,16,1.13,1,4.17,1067,2.04,45,0.1,,,,,,0,0
224.22,96371,9248,24,501,20,1.21,2,8.33,1067,2.04,0,0,,,,,,0,0
225.48,96875,9256,24,504,8,1.26,1,4.17,1067,2.04,185,0.45,,,,,,0,0
226.63,97378,9280,24,503,24,1.15,1,4.17,1067,2.04,15,0.03,,,,,,0,0
227.72,97880,9300,24,502,20,1.08,1,4.17,1067,2.04,25,0.05,,,,,,0,0
228.95,98380,9320,24,500,20,1.23,1,4.17,1067,2.04,10,0.03,,,,,,0,0
230.32,98883,9360,24,503,40,1.37,1,4.17,1067,2.04,15,0.03,,,,,,0,0
231.49,99386,9376,24,503,16,1.17,2,8.33,1067,2.04,70,0.17,,,,,,0,0
232.65,99889,9388,24,503,12,1.16,1,4.17,1067,2.04,80,0.17,,,,,,0,0
233.78,100393,9404,24,504,16,1.13,1,4.17,1067,2.04,185,0.4,,,,,,0,0
234.86,100897,9424,24,504,20,1.08,1,4.17,1067,2.04,10,0.03,,,,,,0,0
236.03,101400,9476,24,503,52,1.17,1,4.17,1067,2.04,145,0.29,,,,,,0,0
237.26,101900,9504,24,500,28,1.23,1,4.17,1067,2.04,10,0.02,,,,,,0,0
238.42,102400,9560,24,500,56,1.16,1,4.17,1067,2.04,15,0.04,,,,,,0,0
239.6,102902,9592,24,502,32,1.18,1,4.17,1067,2.04,25,0.05,,,,,,0,0
240.79,103404,9616,24,502,24,1.19,1,4.17,1067,2.04,125,0.28,,,,,,0,0
241.91,103908,9628,24,504,12,1.12,1,4.17,1067,2.04,20,0.05,,,,,,0,0
243.05,104411,9664,24,503,36,1.13,1,4.17,1067,2.04,205,0.44,,,,,,0,0
244.1,104911,9676,24,500,12,1.06,1,4.17,1067,2.04,60,0.12,,,,,,0,0
245.21,105413,9716,24,502,40,1.1,1,4.17,1067,2.04,30,0.08,,,,,,0,0
246.42,105913,9728,24,500,12,1.22,1,4.17,1067,2.04,145,0.35,,,,,,0,0
247.49,106413,9748,24,500,20,1.07,1,4.17,1067,2.04,75,0.15,,,,,,0,0
248.48,106916,9760,24,503,12,0.98,1,4.17,1067,2.04,30,0.06,,,,,,0,0
249.76,107416,9796,24,500,36,1.28,1,4.17,1067,2.04,15,0.04,,,,,,0,0
251.01,107919,9824,24,503,28,1.25,1,4.17,1067,2.04,25,0.07,,,,,,0,0
252.2,108422,9844,24,503,20,1.19,1,4.17,1067,2.04,95,0.22,,,,,,0,0
253.3,108924,9860,24,502,16,1.1,1,4.17,1067,2.04,85,0.18,,,,,,0,0
254.45,109425,9876,24,501,16,1.15,1,4.17,1067,2.04,110,0.25,,,,,,0,0
255.59,109927,9896,24,502,20,1.14,1,4.17,1067,2.04,45,0.1,,,,,,0,0
256.75,110429,9928,24,502,32,1.17,1,4.17,1067,2.04,10,0.02,,,,,,0,0
257.81,110931,9964,24,502,36,1.06,1,4.17,1067,2.04,115,0.24,,,,,,0,0
259.07,111434,9988,24,503,24,1.26,1,4.17,1067,2.04,35,0.1,,,,,,0,0
260.35,111936,10004,24,502,16,1.28,1,4.17,1067,2.04,10,0.02,,,,,,0,0
261.46,112437,10032,24,501,28,1.11,1,4.17,1067,2.04,80,0.17,,,,,,0,0
262.52,112937,10060,24,500,28,1.06,1,4.17,1067,2.04,50,0.12,,,,,,0,0
263.65,113441,10104,24,504,44,1.12,1,4.17,1067,2.04,25,0.06,,,,,,0,0
264.77,113943,10128,24,502,24,1.12,1,4.17,1067,2.04,50,0.1,,,,,,0,0
265.9,114445,10156,24,502,28,1.13,1,4.17,1067,2.04,75,0.2,,,,,,0,0
267.19,114949,10188,24,504,32,1.3,1,4.17,1067,2.04,145,0.33,,,,,,0,0
268.46,115450,10192,24,501,4,1.27,1,4.17,1067,2.04,335,0.81,,,,,,0,0
269.79,115951,10208,24,501,16,1.33,1,4.17,1067,2.04,20,0.06,,,,,,0,0
270.98,116455,10220,24,504,12,1.19,1,4.17,1067,2.04,60,0.14,,,,,,0,0
272.11,116955,10232,24,500,12,1.13,1,4.17,1067,2.04,35,0.08,,,,,,0,0
273.38,117456,10256,24,501,24,1.27,1,4.17,1067,2.04,10,0.04,,,,,,0,0
274.6,117956,10276,24,500,20,1.22,1,4.17,1067,2.04,150,0.34,,,,,,0,0
275.87,118460,10312,24,504,36,1.28,1,4.17,1067,2.04,45,0.11,,,,,,0,0
277,118961,10328,24,501,16,1.13,1,4.17,1067,2.04,5,0.01,,,,,,0,0
278.19,119463,10364,24,502,36,1.19,1,4.17,1067,2.04,40,0.1,,,,,,0,0
279.4,119966,10392,24,503,28,1.21,1,4.17,1067,2.04,15,0.03,,,,,,0,0
280.72,120468,10412,24,502,20,1.31,1,4.17,1067,2.04,10,0.02,,,,,,0,0
281.83,120970,10436,24,502,24,1.11,1,4.17,1067,2.04,175,0.37,,,,,,0,0
283.02,121470,10464,24,500,28,1.19,1,4.17,1067,2.04,95,0.21,,,,,,0,0
284.13,121973,10488,24,503,24,1.1,1,4.17,1067,2.04,30,0.06,,,,,,0,0
285.36,122476,10516,24,503,28,1.23,1,4.17,1067,2.04,45,0.08,,,,,,0,0
286.59,122976,10548,24,500,32,1.23,1,4.17,1067,2.04,180,0.43,,,,,,0,0
287.79,123478,10572,24,502,24,1.2,1,4.17,1067,2.04,10,0.02,,,,,,0,0
289.05,123982,10588,24,504,16,1.26,1,4.17,1067,2.04,175,0.47,,,,,,0,0
290.19,124482,10608,24,500,20,1.14,1,4.17,1067,2.04,35,0.06,,,,,,0,0
291.34,124983,10620,24,501,12,1.15,1,4.17,1067,2.04,0,0,,,,,,0,0
292.54,125486,10656,24,503,36,1.2,1,4.17,1067,2.04,35,0.08,,,,,,0,0
293.81,125987,10668,24,501,12,1.27,1,4.17,1067,2.04,75,0.19,,,,,,0,0
295.05,126490,10692,24,503,24,1.24,1,4.17,1067,2.04,45,0.11,,,,,,0,0
296.18,126994,10704,24,504,12,1.13,1,4.17,1067,2.04,120,0.28,,,,,,0,0
297.31,127494,10744,24,500,40,1.13,1,4.17,1067,2.04,10,0.03,,,,,,0,0
298.53,127995,10768,24,501,24,1.22,1,4.17,1067,2.04,90,0.19,,,,,,0,0
299.69,128495,10804,24,500,36,1.16,1,4.17,1067,2.04,5,0.01,,,,,,0,0
300.93,128999,10820,24,504,16,1.24,1,4.17,1067,2.04,30,0.09,,,,,,0,0
302.33,129499,10852,24,500,32,1.39,1,4.17,1067,2.04,195,0.52,,,,,,0,0
303.53,130000,10864,24,501,12,1.2,1,4.17,1067,2.04,345,0.75,,,,,,0,0
304.69,130500,10876,24,500,12,1.16,1,4.17,1067,2.04,170,0.43,,,,,,0,0
305.8,131004,10896,24,504,20,1.1,1,4.17,1067,2.04,175,0.37,,,,,,0,0
306.95,131508,10920,24,504,24,1.15,1,4.17,1067,2.04,85,0.21,,,,,,0,0
308.24,132011,10940,24,503,20,1.3,1,4.17,1067,2.04,80,0.2,,,,,,0,0
309.37,132512,10964,24,501,24,1.12,1,4.17,1067,2.04,100,0.21,,,,,,0,0
310.56,133014,10992,24,502,28,1.19,1,4.17,1067,2.04,175,0.42,,,,,,0,0
311.78,133517,11016,24,503,24,1.21,1,4.17,1067,2.04,125,0.29,,,,,,0,0
312.96,134017,11028,24,500,12,1.19,1,4.17,1067,2.04,200,0.45,,,,,,0,0
314.18,134519,11072,24,502,44,1.21,1,4.17,1067,2.04,15,0.04,,,,,,0,0
315.33,135020,11104,24,501,32,1.16,1,4.17,1067,2.04,65,0.15,,,,,,0,0
316.52,135523,11116,24,503,12,1.19,1,4.17,1067,2.04,165,0.39,,,,,,0,0
317.68,136025,11144,24,502,28,1.15,1,4.17,1067,2.04,65,0.13,,,,,,0,0
318.82,136525,11168,24,500,24,1.14,1,4.17,1067,2.04,60,0.13,,,,,,0,0
319.95,137026,11208,24,501,40,1.13,1,4.17,1067,2.04,200,0.45,,,,,,0,0
321.09,137526,11228,24,500,20,1.14,1,4.17,1067,2.04,165,0.38,,,,,,0,0
322.22,138029,11252,24,503,24,1.13,1,4.17,1067,2.04,20,0.04,,,,,,0,0
323.33,138530,11276,24,501,24,1.12,1,4.17,1067,2.04,0,0,,,,,,0,0
324.48,139034,11304,24,504,28,1.14,1,4.17,1067,2.04,125,0.28,,,,,,0,0
325.72,139538,11324,24,504,20,1.24,1,4.17,1067,2.04,135,0.31,,,,,,0,0
327.01,140039,11332,24,501,8,1.29,1,4.17,1067,2.04,55,0.15,,,,,,0,0
328.26,140541,11376,24,502,44,1.25,1,4.17,1067,2.04,75,0.19,,,,,,0,0
329.41,141043,11392,24,502,16,1.15,1,4.17,1067,2.04,50,0.11,,,,,,0,0
330.57,141544,11412,24,501,20,1.16,1,4.17,1067,2.04,0,0,,,,,,0,0
331.82,142048,11424,24,504,12,1.24,1,4.17,1067,2.04,175,0.42,,,,,,0,0
332.97,142550,11432,24,502,8,1.15,1,4.17,1067,2.04,485,1.11,,,,,,0,0
334.3,143052,11456,24,502,24,1.33,1,4.17,1067,2.04,65,0.21,,,,,,0,0
335.49,143555,11484,24,503,28,1.2,1,4.17,1067,2.04,130,0.32,,,,,,0,0
336.68,144057,11512,24,502,28,1.19,1,4.17,1067,2.04,25,0.07,,,,,,0,0
337.74,144557,11528,24,500,16,1.06,1,4.17,1067,2.04,90,0.19,,,,,,0,0
338.92,145057,11548,24,500,20,1.18,1,4.17,1067,2.04,30,0.08,,,,,,0,0
340.21,145558,11576,24,501,28,1.29,1,4.17,1067,2.04,145,0.38,,,,,,0,0
341.48,146058,11608,24,500,32,1.26,1,4.17,1067,2.04,75,0.21,,,,,,0,0
342.76,146560,11632,24,502,24,1.28,1,4.17,1067,2.04,30,0.08,,,,,,0,0
344.05,147062,11660,24,502,28,1.29,1,4.17,1067,2.04,40,0.09,,,,,,0,0
345.26,147564,11684,24,502,24,1.21,1,4.17,1067,2.04,290,0.69,,,,,,0,0
346.47,148064,11720,24,500,36,1.21,1,4.17,1067,2.04,25,0.06,,,,,,0,0
347.65,148568,11740,24,504,20,1.17,1,4.17,1067,2.04,20,0.04,,,,,,0,0
348.85,149069,11768,24,501,28,1.2,1,4.17,1067,2.04,65,0.16,,,,,,0,0
350.01,149571,11800,24,502,32,1.16,1,4.17,1067,2.04,165,0.35,,,,,,0,0
351.23,150075,11828,24,504,28,1.22,1,4.17,1067,2.04,50,0.13,,,,,,0,0
352.44,150579,11840,24,504,12,1.21,1,4.17,1067,2.04,180,0.43,,,,,,0,0
353.73,151080,11860,24,501,20,1.29,1,4.17,1067,2.04,85,0.19,,,,,,0,0
354.9,151583,11888,24,503,28,1.18,1,4.17,1067,2.04,100,0.19,,,,,,0,0
356.11,152087,11932,24,504,44,1.21,1,4.17,1067,2.04,90,0.2,,,,,,0,0
357.27,152587,11964,24,500,32,1.16,1,4.17,1067,2.04,5,0.02,,,,,,0,0
358.48,153087,11992,24,500,28,1.21,1,4.17,1067,2.04,35,0.1,,,,,,0,0
359.72,153589,12012,24,502,20,1.24,1,4.17,1067,2.04,50,0.13,,,,,,0,0
361.05,154089,12036,24,500,24,1.34,1,4.17,1067,2.04,215,0.58,,,,,,0,0
362.23,154593,12068,24,504,32,1.18,1,4.17,1067,2.04,40,0.09,,,,,,0,0
363.4,155095,12088,24,502,20,1.17,1,4.17,1067,2.04,40,0.1,,,,,,0,0
364.56,155596,12116,24,501,28,1.16,1,4.17,1067,2.04,120,0.26,,,,,,0,0
365.77,156098,12148,24,502,32,1.21,1,4.17,1067,2.04,50,0.12,,,,,,0,0
366.74,156600,12168,24,502,20,0.97,1,4.17,1067,2.04,55,0.1,,,,,,0,0
367.97,157100,12208,24,500,40,1.23,1,4.17,1067,2.04,10,0.02,,,,,,0,0
369.2,157604,12236,24,504,28,1.24,1,4.17,1067,2.04,125,0.28,,,,,,0,0
370.42,158106,12260,24,502,24,1.22,1,4.17,1067,2.04,135,0.33,,,,,,0,0
371.55,158610,12292,24,504,32,1.12,1,4.17,1067,2.04,60,0.14,,,,,,0,0
372.68,159114,12332,24,504,40,1.14,1,4.17,1067,2.04,55,0.13,,,,,,0,0
373.9,159614,12372,24,500,40,1.21,1,4.17,1067,2.04,0,0,,,,,,0,0
375.13,160117,12396,24,503,24,1.23,1,4.17,1067,2.04,40,0.08,,,,,,0,0
376.33,160618,12400,24,501,4,1.2,1,4.17,1067,2.04,240,0.57,,,,,,0,0
377.52,161118,12424,24,500,24,1.2,1,4.17,1067,2.04,100,0.25,,,,,,0,0
378.84,161618,12456,24,500,32,1.32,1,4.17,1067,2.04,115,0.31,,,,,,0,0
380.02,162119,12492,24,501,36,1.18,1,4.17,1067,2.04,150,0.38,,,,,,0,0
381.21,162619,12516,24,500,24,1.19,1,4.17,1067,2.04,50,0.12,,,,,,0,0
382.49,163119,12532,24,500,16,1.28,1,4.17,1067,2.04,55,0.15,,,,,,0,0
383.74,163621,12556,24,502,24,1.25,1,4.17,1067,2.04,65,0.16,,,,,,0,0
385.02,164125,12584,24,504,28,1.28,1,4.17,1067,2.04,20,0.05,,,,,,0,0
386.26,164628,12616,24,503,32,1.23,1,4.17,1067,2.04,10,0.02,,,,,,0,0
387.45,165128,12652,24,500,36,1.2,1,4.17,1067,2.04,60,0.15,,,,,,0,0
388.58,165628,12672,24,500,20,1.13,1,4.17,1067,2.04,210,0.44,,,,,,0,0
389.67,166132,12696,24,504,24,1.09,1,4.17,1067,2.04,25,0.06,,,,,,0,0
390.82,166633,12712,24,501,16,1.15,1,4.17,1067,2.04,185,0.45,,,,,,0,0
392.14,167136,12736,24,503,24,1.32,1,4.17,1067,2.04,35,0.09,,,,,,0,0
393.29,167637,12740,24,501,4,1.15,1,4.17,1067,2.04,155,0.38,,,,,,0,0
394.59,168139,12764,24,502,24,1.3,1,4.17,1067,2.04,10,0.01,,,,,,0,0
395.68,168643,12788,24,504,24,1.09,1,4.17,1067,2.04,95,0.21,,,,,,0,0
396.95,169145,12812,24,502,24,1.28,1,4.17,1067,2.04,10,0.03,,,,,,0,0
398.19,169647,12832,24,502,20,1.23,1,4.17,1067,2.04,25,0.06,,,,,,0,0
399.38,170150,12856,24,503,24,1.19,1,4.17,1067,2.04,20,0.05,,,,,,0,0
400.61,170651,12876,24,501,20,1.23,1,4.17,1067,2.04,65,0.15,,,,,,0,0
401.93,171153,12904,24,502,28,1.33,1,4.17,1067,2.04,35,0.1,,,,,,0,0
403.19,171655,12912,24,502,8,1.25,1,4.17,1067,2.04,275,0.68,,,,,,0,0
404.38,172158,12940,24,503,28,1.19,1,4.17,1067,2.04,35,0.07,,,,,,0,0
405.62,172659,12964,24,501,24,1.24,1,4.17,1067,2.04,5,0.01,,,,,,0,0
406.79,173160,12984,24,501,20,1.17,1,4.17,1067,2.04,65,0.16,,,,,,0,0
408.02,173662,12996,24,502,12,1.23,1,4.17,1067,2.04,185,0.47,,,,,,0,0
409.23,174163,13016,24,501,20,1.2,1,4.17,1067,2.04,20,0.06,,,,,,0,0
410.39,174664,13040,24,501,24,1.17,1,4.17,1067,2.04,5,0.01,,,,,,0,0
411.49,175164,13064,24,500,24,1.1,1,4.17,1067,2.04,80,0.2,,,,,,0,0
412.68,175667,13072,24,503,8,1.19,1,4.17,1067,2.04,280,0.63,,,,,,0,0
413.88,176169,13120,24,502,48,1.2,1,4.17,1067,2.04,5,0.01,,,,,,0,0
415.01,176670,13148,24,501,28,1.12,1,4.17,1067,2.04,5,0.01,,,,,,0,0
416.13,177174,13168,24,504,20,1.12,1,4.17,1067,2.04,5,0.01,,,,,,0,0
417.33,177677,13196,24,503,28,1.2,1,4.17,1067,2.04,130,0.31,,,,,,0,0
418.47,178179,13260,24,502,64,1.14,1,4.17,1067,2.04,95,0.24,,,,,,0,0
419.64,178679,13288,24,500,28,1.17,1,4.17,1067,2.04,60,0.18,,,,,,0,0
420.9,179182,13312,24,503,24,1.26,1,4.17,1067,2.04,65,0.18,,,,,,0,0
422.15,179683,13332,24,501,20,1.25,1,4.17,1067,2.04,55,0.12,,,,,,0,0
423.46,180186,13364,24,503,32,1.31,1,4.17,1067,2.04,10,0.03,,,,,,0,0
424.76,180689,13404,24,503,40,1.3,1,4.17,1067,2.04,125,0.34,,,,,,0,0
426.07,181193,13436,24,504,32,1.31,1,4.17,1067,2.04,100,0.25,,,,,,0,0
427.34,181693,13460,24,500,24,1.26,1,4.17,1067,2.04,170,0.41,,,,,,0,0
428.48,182195,13508,24,502,48,1.14,1,4.17,1067,2.04,60,0.16,,,,,,0,0
429.55,182699,13536,24,504,28,1.07,1,4.17,1067,2.04,95,0.19,,,,,,0,0
430.76,183203,13564,24,504,28,1.21,1,4.17,1067,2.04,20,0.05,,,,,,0,0
431.95,183707,13584,24,504,20,1.19,1,4.17,1067,2.04,85,0.19,,,,,,0,0
433.09,184207,13596,24,500,12,1.14,1,4.17,1067,2.04,140,0.32,,,,,,0,0
434.26,184711,13608,24,504,12,1.17,1,4.17,1067,2.04,105,0.23,,,,,,0,0
435.35,185214,13620,24,503,12,1.09,1,4.17,1067,2.04,135,0.27,,,,,,0,0
436.45,185715,13640,24,501,20,1.11,1,4.17,1067,2.04,20,0.05,,,,,,0,0
437.51,186215,13676,24,500,36,1.06,1,4.17,1067,2.04,70,0.16,,,,,,0,0
438.7,186719,13700,24,504,24,1.18,1,4.17,1067,2.04,50,0.13,,,,,,0,0
439.94,187222,13736,24,503,36,1.24,1,4.17,1067,2.04,10,0.02,,,,,,0,0
441.25,187723,13764,24,501,28,1.31,1,4.17,1067,2.04,45,0.1,,,,,,0,0
442.51,188225,13788,24,502,24,1.26,1,4.17,1067,2.04,20,0.06,,,,,,0,0
443.79,188729,13820,24,504,32,1.27,1,4.17,1067,2.04,30,0.09,,,,,,0,0
445.07,189229,13840,24,500,20,1.28,1,4.17,1067,2.04,75,0.16,,,,,,0,0
446.21,189733,13876,24,504,36,1.14,1,4.17,1067,2.04,5,0.01,,,,,,0,0
447.41,190235,13884,24,502,8,1.2,1,4.17,1067,2.04,365,0.87,,,,,,0,0
448.6,190737,13904,24,502,20,1.19,1,4.17,1067,2.04,20,0.05,,,,,,0,0
449.85,191239,13928,24,502,24,1.25,1,4.17,1067,2.04,200,0.47,,,,,,0,0
451.07,191740,13952,24,501,24,1.21,1,4.17,1067,2.04,15,0.04,,,,,,0,0
452.27,192244,13976,24,504,24,1.21,1,4.17,1067,2.04,80,0.25,,,,,,0,0
453.62,192745,14000,24,501,24,1.34,1,4.17,1067,2.04,185,0.56,,,,,,0,0
455.03,193247,14036,24,502,36,1.42,1,4.17,1067,2.04,75,0.2,,,,,,0,0
456.42,193748,14056,24,501,20,1.39,1,4.17,1067,2.04,290,0.79,,,,,,0,0
457.65,194250,14084,24,502,28,1.23,1,4.17,1067,2.04,15,0.04,,,,,,0,0
458.92,194753,14104,24,503,20,1.27,1,4.17,1067,2.04,15,0.04,,,,,,0,0
460.26,195254,14132,24,501,28,1.34,1,4.17,1067,2.04,70,0.2,,,,,,0,0
461.61,195756,14156,24,502,24,1.35,1,4.17,1067,2.04,100,0.29,,,,,,0,0
462.92,196257,14176,24,501,20,1.32,1,4.17,1067,2.04,35,0.08,,,,,,0,0
464.29,196759,14192,24,502,16,1.37,1,4.17,1067,2.04,80,0.24,,,,,,0,0
465.61,197260,14228,24,501,36,1.32,1,4.17,1067,2.04,25,0.09,,,,,,0,0
466.89,197762,14240,24,502,12,1.28,1,4.17,1067,2.04,40,0.12,,,,,,0,0
468.11,198264,14288,24,502,48,1.22,1,4.17,1067,2.04,90,0.22,,,,,,0,0
469.34,198767,14312,24,503,24,1.23,1,4.17,1067,2.04,245,0.62,,,,,,0,0
470.62,199271,14352,24,504,40,1.28,1,4.17,1067,2.04,75,0.2,,,,,,0,0
471.98,199773,14376,24,502,24,1.36,1,4.17,1067,2.04,35,0.1,,,,,,0,0
473.18,200274,14396,24,501,20,1.2,1,4.17,1067,2.04,0,0,,,,,,0,0
474.38,200777,14416,24,503,20,1.2,1,4.17,1067,2.04,30,0.07,,,,,,0,0
475.51,201278,14428,24,501,12,1.13,1,4.17,1067,2.04,40,0.1,,,,,,0,0
476.7,201782,14452,24,504,24,1.19,1,4.17,1067,2.04,100,0.26,,,,,,0,0
477.8,202285,14484,24,503,32,1.1,1,4.17,1067,2.04,35,0.09,,,,,,0,0
478.98,202789,14520,24,504,36,1.18,1,4.17,1067,2.04,40,0.1,,,,,,0,0
480.19,203291,14544,24,502,24,1.21,1,4.17,1067,2.04,90,0.19,,,,,,0,0
481.37,203792,14556,24,501,12,1.19,1,4.17,1067,2.04,20,0.06,,,,,,0,0
482.47,204294,14576,24,502,20,1.1,1,4.17,1067,2.04,0,0,,,,,,0,0
483.54,204796,14624,24,502,48,1.07,1,4.17,1067,2.04,15,0.03,,,,,,0,0
484.67,205296,14628,24,500,4,1.13,1,4.17,1067,2.04,420,0.95,,,,,,0,0
485.81,205797,14652,24,501,24,1.14,1,4.17,1067,2.04,110,0.26,,,,,,0,0
487,206298,14676,24,501,24,1.19,1,4.17,1067,2.04,20,0.05,,,,,,0,0
488.29,206800,14696,24,502,20,1.29,1,4.17,1067,2.04,135,0.34,,,,,,0,0
489.52,207300,14724,24,500,28,1.23,1,4.17,1067,2.04,110,0.28,,,,,,0,0
490.66,207800,14740,24,500,16,1.13,1,4.17,1067,2.04,135,0.31,,,,,,0,0
491.8,208303,14772,24,503,32,1.14,1,4.17,1067,2.04,10,0.02,,,,,,0,0
493.04,208805,14796,24,502,24,1.24,1,4.17,1067,2.04,20,0.05,,,,,,0,0
494.2,209306,14816,24,501,20,1.16,1,4.17,1067,2.04,80,0.2,,,,,,0,0
495.41,209810,14832,24,504,16,1.21,1,4.17,1067,2.04,255,0.59,,,,,,0,0
496.55,210312,14856,24,502,24,1.14,1,4.17,1067,2.04,5,0.01,,,,,,0,0
497.72,210812,14872,24,500,16,1.17,1,4.17,1067,2.04,95,0.22,,,,,,0,0
498.95,211313,14892,24,501,20,1.23,1,4.17,1067,2.04,5,0.02,,,,,,0,0
500.25,211817,14912,24,504,20,1.3,1,4.17,1067,2.04,25,0.06,,,,,,0,0
501.49,212321,14940,24,504,28,1.24,1,4.17,1067,2.04,25,0.06,,,,,,0,0
502.79,212822,14988,24,501,48,1.3,1,4.17,1067,2.04,60,0.16,,,,,,0,0
504.06,213326,15020,24,504,32,1.27,1,4.17,1067,2.04,25,0.05,,,,,,0,0
505.26,213830,15056,24,504,36,1.2,1,4.17,1067,2.04,10,0.04,,,,,,0,0
506.51,214330,15076,24,500,20,1.25,1,4.17,1067,2.04,200,0.42,,,,,,0,0
507.7,214830,15084,24,500,8,1.19,1,4.17,1067,2.04,50,0.13,,,,,,0,0
508.95,215333,15096,24,503,12,1.25,1,4.17,1067,2.04,225,0.55,,,,,,0,0
510.15,215837,15128,24,504,32,1.2,1,4.17,1067,2.04,60,0.14,,,,,,0,0
511.33,216338,15168,24,501,40,1.18,1,4.17,1067,2.04,25,0.06,,,,,,0,0
512.45,216840,15192,24,502,24,1.12,1,4.17,1067,2.04,15,0.03,,,,,,0,0
513.6,217342,15228,24,502,36,1.15,1,4.17,1067,2.04,25,0.06,,,,,,0,0
514.86,217843,15256,24,501,28,1.26,1,4.17,1067,2.04,5,0.02,,,,,,0,0
516.07,218344,15292,24,501,36,1.21,1,4.17,1067,2.04,10,0.02,,,,,,0,0
517.16,218844,15320,24,500,28,1.09,1,4.17,1067,2.04,105,0.23,,,,,,0,0
518.38,219345,15344,24,501,24,1.22,1,4.17,1067,2.04,10,0.03,,,,,,0,0
519.75,219845,15380,24,500,36,1.37,1,4.17,1067,2.04,5,0.01,,,,,,0,0
521,220347,15396,24,502,16,1.24,1,4.17,1067,2.04,155,0.38,,,,,,0,0
522.21,220848,15400,24,501,4,1.21,1,4.17,1067,2.04,15,0.03,,,,,,0,0
523.49,221351,15412,24,503,12,1.28,1,4.17,1067,2.04,145,0.35,,,,,,0,0
524.69,221852,15436,24,501,24,1.21,1,4.17,1067,2.04,185,0.48,,,,,,0,0
525.92,222352,15456,24,500,20,1.23,1,4.17,1067,2.04,55,0.15,,,,,,0,0
527.14,222855,15472,24,503,16,1.21,1,4.17,1067,2.04,45,0.12,,,,,,0,0
528.45,223356,15508,24,501,36,1.31,1,4.17,1067,2.04,100,0.29,,,,,,0,0
529.78,223860,15520,24,504,12,1.33,1,4.17,1067,2.04,120,0.31,,,,,,0,0
531.06,224362,15536,24,502,16,1.28,1,4.17,1067,2.04,60,0.15,,,,,,0,0
532.26,224864,15568,24,502,32,1.2,1,4.17,1067,2.04,25,0.06,,,,,,0,0
533.54,225368,15624,24,504,56,1.28,1,4.17,1067,2.04,25,0.06,,,,,,0,0
534.71,225870,15656,24,502,32,1.18,1,4.17,1067,2.04,5,0.01,,,,,,0,0
536.02,226370,15688,24,500,32,1.31,1,4.17,1067,2.04,10,0.04,,,,,,0,0
537.21,226872,15716,24,502,28,1.19,1,4.17,1067,2.04,15,0.03,,,,,,0,0
538.37,227375,15728,24,503,12,1.16,1,4.17,1067,2.04,60,0.13,,,,,,0,0
539.53,227878,15756,24,503,28,1.16,1,4.17,1067,2.04,10,0.03,,,,,,0,0
540.76,228381,15780,24,503,24,1.22,1,4.17,1067,2.04,40,0.11,,,,,,0,0
541.92,228885,15800,24,504,20,1.16,1,4.17,1067,2.04,95,0.21,,,,,,0,0
543.03,229386,15828,24,501,28,1.12,1,4.17,1067,2.04,90,0.23,,,,,,0,0
544.27,229890,15852,24,504,24,1.24,1,4.17,1067,2.04,15,0.03,,,,,,0,0
545.58,230390,15880,24,500,28,1.31,1,4.17,1067,2.04,5,0.01,,,,,,0,0
546.77,230894,15912,24,504,32,1.19,1,4.17,1067,2.04,65,0.14,,,,,,0,0
548.02,231398,15928,24,504,16,1.25,1,4.17,1067,2.04,190,0.51,,,,,,0,0
549.3,231900,15948,24,502,20,1.28,1,4.17,1067,2.04,90,0.24,,,,,,0,0
550.62,232403,15960,24,503,12,1.32,1,4.17,1067,2.04,60,0.15,,,,,,0,0
551.86,232904,15984,24,501,24,1.24,1,4.17,1067,2.04,100,0.24,,,,,,0,0
553.13,233405,16004,24,501,20,1.28,1,4.17,1067,2.04,230,0.58,,,,,,0,0
554.37,233905,16048,24,500,44,1.24,1,4.17,1067,2.04,0,0,,,,,,0,0
555.66,234406,16060,24,501,12,1.29,1,4.17,1067,2.04,0,0,,,,,,0,0
556.93,234909,16084,24,503,24,1.27,1,4.17,1067,2.04,90,0.22,,,,,,0,0
558.11,235413,16108,24,504,24,1.18,1,4.17,1067,2.04,190,0.45,,,,,,0,0
559.24,235917,16124,24,504,16,1.13,1,4.17,1067,2.04,215,0.49,,,,,,0,0
560.54,236419,16132,24,502,8,1.3,1,4.17,1067,2.04,120,0.28,,,,,,0,0
562,236919,16132,24,500,0,1.46,0,0,1067,2.04,620,1.73,,,,,,0,0
563.32,237423,16152,24,504,20,1.32,1,4.17,1067,2.04,120,0.29,,,,,,0,0
564.51,237923,16180,24,500,28,1.19,1,4.17,1067,2.04,120,0.32,,,,,,0,0
565.68,238425,16188,24,502,8,1.16,1,4.17,1067,2.04,175,0.42,,,,,,0,0
566.93,238925,16208,24,500,20,1.26,1,4.17,1067,2.04,155,0.41,,,,,,0,0
568.14,239428,16220,24,503,12,1.2,1,4.17,1067,2.04,145,0.33,,,,,,0,0
569.39,239930,16260,24,502,40,1.25,1,4.17,1067,2.04,30,0.06,,,,,,0,0
570.43,240431,16280,24,501,20,1.04,1,4.17,1067,2.04,55,0.13,,,,,,0,0
571.62,240934,16316,24,503,36,1.2,1,4.17,1067,2.04,5,0.01,,,,,,0,0
572.72,241435,16336,24,501,20,1.1,1,4.17,1067,2.04,25,0.05,,,,,,0,0
574.03,241936,16368,24,501,32,1.31,1,4.17,1067,2.04,135,0.32,,,,,,0,0
575.04,242438,16384,24,502,16,1.01,1,4.17,1067,2.04,55,0.11,,,,,,0,0
576.26,242938,16400,24,500,16,1.22,1,4.17,1067,2.04,165,0.39,,,,,,0,0
577.47,243442,16424,24,504,24,1.21,1,4.17,1067,2.04,165,0.44,,,,,,0,0
578.66,243945,16448,24,503,24,1.2,1,4.17,1067,2.04,270,0.64,,,,,,0,0
579.97,244449,16464,24,504,16,1.3,1,4.17,1067,2.04,100,0.26,,,,,,0,0
581.23,244952,16492,24,503,28,1.26,1,4.17,1067,2.04,100,0.28,,,,,,0,0
582.55,245455,16504,24,503,12,1.32,1,4.17,1067,2.04,90,0.2,,,,,,0,0
583.86,245956,16524,24,501,20,1.31,1,4.17,1067,2.04,45,0.13,,,,,,0,0
585.15,246458,16540,24,502,16,1.29,1,4.17,1067,2.04,30,0.07,,,,,,0,0
586.31,246958,16568,24,500,28,1.16,1,4.17,1067,2.04,55,0.13,,,,,,0,0
587.54,247459,16584,24,501,16,1.23,1,4.17,1067,2.04,20,0.04,,,,,,0,0
588.76,247962,16608,24,503,24,1.22,1,4.17,1067,2.04,155,0.37,,,,,,0,0
589.95,248463,16640,24,501,32,1.19,1,4.17,1067,2.04,20,0.04,,,,,,0,0
591.13,248963,16668,24,500,28,1.18,1,4.17,1067,2.04,30,0.08,,,,,,0,0
592.32,249465,16696,24,502,28,1.19,1,4.17,1067,2.04,170,0.39,,,,,,0,0
593.56,249969,16724,24,504,28,1.24,1,4.17,1067,2.04,90,0.22,,,,,,0,0
594.68,250471,16740,24,502,16,1.12,1,4.17,1067,2.04,120,0.28,,,,,,0,0
595.96,250975,16764,24,504,24,1.29,1,4.17,1067,2.04,50,0.12,,,,,,0,0
597.22,251477,16772,24,502,8,1.26,1,4.17,1067,2.04,220,0.58,,,,,,0,0
598.53,251980,16796,24,503,24,1.31,1,4.17,1067,2.04,95,0.24,,,,,,0,0
599.78,252483,16824,24,503,28,1.25,1,4.17,1067,2.04,45,0.1,,,,,,0,0
600.98,252985,16860,24,502,36,1.19,1,4.17,1067,2.04,10,0.02,,,,,,0,0
602.13,253486,16892,24,501,32,1.15,1,4.17,1067,2.04,150,0.34,,,,,,0,0
603.33,253988,16924,24,502,32,1.2,1,4.17,1067,2.04,105,0.24,,,,,,0,0
604.55,254490,16952,24,502,28,1.22,1,4.17,1067,2.04,10,0.02,,,,,,0,0
605.66,254990,16968,24,500,16,1.11,1,4.17,1067,2.04,135,0.33,,,,,,0,0
606.84,255494,17000,24,504,32,1.18,1,4.17,1067,2.04,15,0.03,,,,,,0,0
608.09,255995,17032,24,501,32,1.25,1,4.17,1067,2.04,165,0.42,,,,,,0,0
609.34,256496,17052,24,501,20,1.25,1,4.17,1067,2.04,20,0.05,,,,,,0,0
610.58,256999,17100,24,503,48,1.25,1,4.17,1067,2.04,10,0.02,,,,,,0,0
611.88,257499,17128,24,500,28,1.3,1,4.17,1067,2.04,25,0.07,,,,,,0,0
613.13,257999,17180,24,500,52,1.25,1,4.17,1067,2.04,5,0.01,,,,,,0,0
614.26,258500,17196,24,501,16,1.13,1,4.17,1067,2.04,170,0.36,,,,,,0,0
615.48,259000,17240,24,500,44,1.22,1,4.17,1067,2.04,70,0.19,,,,,,0,0
616.69,259504,17256,24,504,16,1.21,1,4.17,1067,2.04,80,0.2,,,,,,0,0
617.86,260007,17300,24,503,44,1.17,1,4.17,1067,2.04,35,0.1,,,,,,0,0
619.11,260507,17320,24,500,20,1.25,1,4.17,1067,2.04,15,0.05,,,,,,0,0
620.31,261009,17352,24,502,32,1.2,1,4.17,1067,2.04,10,0.02,,,,,,0,0
621.57,261510,17372,24,501,20,1.26,1,4.17,1067,2.04,205,0.48,,,,,,0,0
622.68,262013,17416,24,503,44,1.11,1,4.17,1067,2.04,15,0.05,,,,,,0,0
623.89,262517,17444,24,504,28,1.21,1,4.17,1067,2.04,20,0.05,,,,,,0,0
625.17,263018,17472,24,501,28,1.28,1,4.17,1067,2.04,10,0.03,,,,,,0,0
626.43,263522,17492,24,504,20,1.25,1,4.17,1067,2.04,220,0.53,,,,,,0,0
627.6,264026,17520,24,504,28,1.18,1,4.17,1067,2.04,75,0.15,,,,,,0,0
628.94,264530,17556,24,504,36,1.34,1,4.17,1067,2.04,105,0.25,,,,,,0,0
630.12,265031,17580,24,501,24,1.18,1,4.17,1067,2.04,75,0.16,,,,,,0,0
631.32,265531,17600,24,500,20,1.2,1,4.17,1067,2.04,165,0.4,,,,,,0,0
632.45,266033,17644,24,502,44,1.12,1,4.17,1067,2.04,35,0.1,,,,,,0,0
633.65,266533,17644,24,500,0,1.21,0,0,1067,2.04,535,1.31,,,,,,0,0
634.9,267037,17688,24,504,44,1.25,1,4.17,1067,2.04,150,0.36,,,,,,0,0
636.05,267540,17716,24,503,28,1.15,1,4.17,1067,2.04,20,0.05,,,,,,0,0
637.25,268043,17740,24,503,24,1.2,1,4.17,1067,2.04,5,0.02,,,,,,0,0
638.36,268547,17768,24,504,28,1.11,1,4.17,1067,2.04,5,0.01,,,,,,0,0
639.58,269049,17788,24,502,20,1.22,1,4.17,1067,2.04,40,0.1,,,,,,0,0
640.76,269552,17812,24,503,24,1.18,1,4.17,1067,2.04,80,0.18,,,,,,0,0
642.01,270056,17832,24,504,20,1.25,1,4.17,1067,2.04,115,0.29,,,,,,0,0
643.34,270556,17848,24,500,16,1.33,1,4.17,1067,2.04,145,0.34,,,,,,0,0
644.53,271060,17860,24,504,12,1.19,1,4.17,1067,2.04,15,0.03,,,,,,0,0
645.72,271560,17892,24,500,32,1.19,1,4.17,1067,2.04,5,0.01,,,,,,0,0
647.08,272061,17924,24,501,32,1.36,1,4.17,1067,2.04,40,0.1,,,,,,0,0
648.27,272564,17940,24,503,16,1.2,1,4.17,1067,2.04,70,0.15,,,,,,0,0
649.36,273067,17976,24,503,36,1.09,1,4.17,1067,2.04,55,0.14,,,,,,0,0
650.62,273569,18008,24,502,32,1.26,1,4.17,1067,2.04,5,0.01,,,,,,0,0
651.74,274071,18048,24,502,40,1.13,1,4.17,1067,2.04,55,0.12,,,,,,0,0
652.84,274574,18072,24,503,24,1.1,1,4.17,1067,2.04,45,0.09,,,,,,0,0
653.92,275075,18088,24,501,16,1.08,1,4.17,1067,2.04,115,0.24,,,,,,0,0
655.21,275577,18108,24,502,20,1.29,1,4.17,1067,2.04,25,0.06,,,,,,0,0
656.39,276078,18120,24,501,12,1.18,1,4.17,1067,2.04,125,0.31,,,,,,0,0
657.72,276579,18148,24,501,28,1.34,2,8.33,1067,2.04,115,0.33,,,,,,0,0
659.04,277083,18160,24,504,12,1.32,1,4.17,1067,2.04,160,0.33,,,,,,0,0
660.18,277585,18192,24,502,32,1.14,1,4.17,1067,2.04,30,0.07,,,,,,0,0
661.35,278089,18220,24,504,28,1.17,1,4.17,1067,2.04,100,0.22,,,,,,0,0
662.46,278592,18236,24,503,16,1.11,1,4.17,1067,2.04,110,0.23,,,,,,0,0
663.66,279093,18252,24,501,16,1.21,1,4.17,1067,2.04,25,0.07,,,,,,0,0
664.83,279596,18264,24,503,12,1.17,1,4.17,1067,2.04,25,0.06,,,,,,0,0
666.32,280098,18276,24,502,12,1.48,1,4.17,1067,2.04,85,0.4,,,,,,0,0
668.24,280599,18308,24,501,32,1.92,1,4.17,1067,2.04,80,0.36,,,,,,0,0
670.17,281102,18348,24,503,40,1.94,1,4.17,1067,2.04,45,0.18,,,,,,0,0
671.57,281602,18372,24,500,24,1.4,1,4.17,1067,2.04,20,0.06,,,,,,0,0
672.83,282104,18404,24,502,32,1.26,1,4.17,1067,2.04,85,0.22,,,,,,0,0
674.05,282605,18416,24,501,12,1.21,1,4.17,1067,2.04,35,0.09,,,,,,0,0
675.2,283107,18440,24,502,24,1.15,1,4.17,1067,2.04,100,0.22,,,,,,0,0
676.38,283611,18460,24,504,20,1.18,1,4.17,1067,2.04,95,0.25,,,,,,0,0
677.82,284112,18484,24,501,24,1.45,1,4.17,1067,2.04,35,0.08,,,,,,0,0
679.1,284616,18516,24,504,32,1.28,1,4.17,1067,2.04,30,0.08,,,,,,0,0
680.4,285120,18560,24,504,44,1.3,1,4.17,1067,2.04,35,0.09,,,,,,0,0
681.53,285621,18588,24,501,28,1.13,1,4.17,1067,2.04,25,0.05,,,,,,0,0
682.71,286125,18616,24,504,28,1.18,1,4.17,1067,2.04,65,0.12,,,,,,0,0
683.8,286629,18632,24,504,16,1.1,1,4.17,1067,2.04,260,0.55,,,,,,0,0
684.93,287131,18668,24,502,36,1.13,1,4.17,1067,2.04,50,0.12,,,,,,0,0
686.04,287631,18684,24,500,16,1.11,1,4.17,1067,2.04,10,0.03,,,,,,0,0
687.29,288134,18712,24,503,28,1.25,1,4.17,1067,2.04,5,0.01,,,,,,0,0
688.46,288634,18740,24,500,28,1.17,1,4.17,1067,2.04,45,0.1,,,,,,0,0
689.76,289134,18796,24,500,56,1.3,1,4.17,1067,2.04,15,0.04,,,,,,0,0
691.05,289634,18832,24,500,36,1.29,1,4.17,1067,2.04,0,0,,,,,,0,0
692.31,290138,18848,24,504,16,1.27,1,4.17,1067,2.04,10,0.03,,,,,,0,0
693.48,290641,18872,24,503,24,1.17,1,4.17,1067,2.04,205,0.5,,,,,,0,0
694.76,291143,18904,24,502,32,1.28,1,4.17,1067,2.04,45,0.08,,,,,,0,0
695.91,291645,18944,24,502,40,1.15,1,4.17,1067,2.04,90,0.21,,,,,,0,0
697.18,292148,19000,24,503,56,1.26,1,4.17,1067,2.04,95,0.23,,,,,,0,0
698.38,292650,19032,24,502,32,1.2,1,4.17,1067,2.04,60,0.13,,,,,,0,0
699.59,293150,19048,24,500,16,1.21,1,4.17,1067,2.04,110,0.26,,,,,,0,0
700.8,293651,19088,24,501,40,1.21,1,4.17,1067,2.04,30,0.07,,,,,,0,0
702.14,294152,19116,24,501,28,1.34,1,4.17,1067,2.04,105,0.27,,,,,,0,0
703.41,294653,19156,24,501,40,1.27,1,4.17,1067,2.04,10,0.02,,,,,,0,0
704.63,295156,19164,24,503,8,1.22,1,4.17,1067,2.04,50,0.13,,,,,,0,0
705.8,295658,19196,24,502,32,1.17,1,4.17,1067,2.04,125,0.28,,,,,,0,0
707.03,296162,19240,24,504,44,1.23,1,4.17,1067,2.04,5,0.01,,,,,,0,0
708.29,296662,19264,24,500,24,1.25,1,4.17,1067,2.04,130,0.39,,,,,,0,0
709.54,297163,19280,24,501,16,1.25,1,4.17,1067,2.04,130,0.34,,,,,,0,0
710.77,297667,19292,24,504,12,1.23,1,4.17,1067,2.04,210,0.49,,,,,,0,0
711.93,298168,19328,24,501,36,1.16,1,4.17,1067,2.04,25,0.06,,,,,,0,0
713.05,298668,19368,24,500,40,1.12,1,4.17,1067,2.04,35,0.09,,,,,,0,0
714.34,299169,19396,24,501,28,1.29,1,4.17,1067,2.04,130,0.36,,,,,,0,0
715.56,299669,19412,24,500,16,1.22,1,4.17,1067,2.04,5,0.01,,,,,,0,0
716.75,300172,19420,24,503,8,1.19,1,4.17,1067,2.04,220,0.5,,,,,,0,0
718.23,300673,19436,24,501,16,1.47,1,4.17,1067,2.04,150,0.6,,,,,,0,0
719.76,301173,19464,24,500,28,1.54,1,4.17,1067,2.04,0,0,,,,,,0,0
721.07,301673,19504,24,500,40,1.3,1,4.17,1067,2.04,0,0,,,,,,0,0
722.31,302177,19528,24,504,24,1.25,1,4.17,1067,2.04,5,0.01,,,,,,0,0
723.59,302678,19564,24,501,36,1.28,1,4.17,1067,2.04,150,0.37,,,,,,0,0
724.86,303182,19584,24,504,20,1.28,1,4.17,1067,2.04,65,0.17,,,,,,0,0
726.04,303682,19616,24,500,32,1.18,1,4.17,1067,2.04,105,0.25,,,,,,0,0
727.26,304182,19648,24,500,32,1.22,1,4.17,1067,2.04,40,0.09,,,,,,0,0
728.54,304686,19684,24,504,36,1.27,1,4.17,1067,2.04,90,0.2,,,,,,0,0
729.72,305190,19696,24,504,12,1.18,1,4.17,1067,2.04,240,0.57,,,,,,0,0
730.9,305691,19712,24,501,16,1.18,1,4.17,1067,2.04,15,0.03,,,,,,0,0
732.02,306191,19740,24,500,28,1.12,1,4.17,1067,2.04,10,0.03,,,,,,0,0
733.21,306692,19760,24,501,20,1.19,1,4.17,1067,2.04,65,0.16,,,,,,0,0
734.39,307196,19792,24,504,32,1.17,1,4.17,1067,2.04,50,0.11,,,,,,0,0
735.53,307698,19816,24,502,24,1.15,1,4.17,1067,2.04,100,0.21,,,,,,0,0
736.74,308198,19816,24,500,0,1.21,0,0,1067,2.04,600,1.42,,,,,,0,0
738.03,308698,19848,24,500,32,1.29,1,4.17,1067,2.04,70,0.19,,,,,,0,0
739.29,309200,19872,24,502,24,1.25,1,4.17,1067,2.04,170,0.4,,,,,,0,0
740.52,309701,19892,24,501,20,1.23,1,4.17,1067,2.04,145,0.35,,,,,,0,0
741.68,310202,19912,24,501,20,1.16,1,4.17,1067,2.04,115,0.29,,,,,,0,0
743.03,310702,19940,24,500,28,1.34,1,4.17,1067,2.04,5,0.02,,,,,,0,0
744.32,311205,19964,24,503,24,1.29,1,4.17,1067,2.04,5,0.01,,,,,,0,0
745.58,311708,19992,24,503,28,1.26,1,4.17,1067,2.04,160,0.42,,,,,,0,0
746.83,312208,20020,24,500,28,1.25,1,4.17,1067,2.04,155,0.42,,,,,,0,0
748.03,312709,20024,24,501,4,1.21,1,4.17,1067,2.04,180,0.42,,,,,,0,0
749.29,313213,20044,24,504,20,1.26,1,4.17,1067,2.04,10,0.03,,,,,,0,0
750.5,313715,20064,24,502,20,1.21,1,4.17,1067,2.04,145,0.35,,,,,,0,0
751.75,314216,20084,24,501,20,1.25,1,4.17,1067,2.04,35,0.09,,,,,,0,0
753.08,314718,20124,24,502,40,1.33,1,4.17,1067,2.04,80,0.2,,,,,,0,0
754.73,315220,20152,24,502,28,1.65,1,4.17,1067,2.04,65,0.2,,,,,,0,0
756.07,315722,20176,24,502,24,1.34,1,4.17,1067,2.04,65,0.18,,,,,,0,0
757.5,316225,20208,24,503,32,1.43,1,4.17,1067,2.04,90,0.27,,,,,,0,0
758.81,316727,20228,24,502,20,1.31,1,4.17,1067,2.04,25,0.06,,,,,,0,0
759.98,317231,20240,24,504,12,1.17,1,4.17,1067,2.04,5,0.01,,,,,,0,0
761.23,317734,20284,24,503,44,1.25,1,4.17,1067,2.04,20,0.05,,,,,,0,0
762.42,318238,20296,24,504,12,1.2,1,4.17,1067,2.04,155,0.39,,,,,,0,0
763.6,318739,20316,24,501,20,1.18,1,4.17,1067,2.04,140,0.33,,,,,,0,0
764.76,319240,20336,24,501,20,1.16,1,4.17,1067,2.04,85,0.2,,,,,,0,0
765.95,319741,20356,24,501,20,1.19,1,4.17,1067,2.04,45,0.1,,,,,,0,0
767.21,320244,20392,24,503,36,1.26,1,4.17,1067,2.04,70,0.17,,,,,,0,0
768.44,320747,20416,24,503,24,1.23,1,4.17,1067,2.04,50,0.11,,,,,,0,0
769.76,321248,20440,24,501,24,1.32,1,4.17,1067,2.04,5,0.01,,,,,,0,0
771.07,321751,20472,24,503,32,1.3,1,4.17,1067,2.04,15,0.04,,,,,,0,0
772.35,322253,20500,24,502,28,1.29,1,4.17,1067,2.04,60,0.16,,,,,,0,0
773.59,322756,20512,24,503,12,1.24,1,4.17,1067,2.04,10,0.02,,,,,,0,0
774.75,323258,20516,24,502,4,1.16,1,4.17,1067,2.04,90,0.19,,,,,,0,0
776.2,323761,20536,24,503,20,1.45,1,4.17,1067,2.04,125,0.37,,,,,,0,0
777.5,324261,20576,24,500,40,1.29,1,4.17,1067,2.04,55,0.14,,,,,,0,0
778.71,324761,20592,24,500,16,1.21,1,4.17,1067,2.04,45,0.1,,,,,,0,0
779.81,325264,20616,24,503,24,1.1,1,4.17,1067,2.04,180,0.37,,,,,,0,0
780.98,325767,20640,24,503,24,1.17,1,4.17,1067,2.04,115,0.28,,,,,,0,0
782.09,326269,20664,24,502,24,1.12,1,4.17,1067,2.04,255,0.55,,,,,,0,0
783.25,326773,20676,24,504,12,1.16,1,4.17,1067,2.04,125,0.28,,,,,,0,0
784.43,327275,20700,24,502,24,1.18,1,4.17,1067,2.04,65,0.14,,,,,,0,0
785.56,327777,20724,24,502,24,1.13,1,4.17,1067,2.04,60,0.13,,,,,,0,0
786.73,328280,20744,24,503,20,1.18,1,4.17,1067,2.04,75,0.15,,,,,,0,0
787.96,328782,20792,24,502,48,1.22,1,4.17,1067,2.04,40,0.11,,,,,,0,0
789.26,329285,20808,24,503,16,1.31,1,4.17,1067,2.04,285,0.75,,,,,,0,0
790.46,329788,20832,24,503,24,1.2,1,4.17,1067,2.04,235,0.57,,,,,,0,0
791.72,330288,20868,24,500,36,1.26,1,4.17,1067,2.04,20,0.05,,,,,,0,0
792.96,330791,20896,24,503,28,1.24,1,4.17,1067,2.04,70,0.17,,,,,,0,0
794.24,331294,20908,24,503,12,1.28,1,4.17,1067,2.04,110,0.29,,,,,,0,0
795.49,331796,20924,24,502,16,1.25,1,4.17,1067,2.04,20,0.05,,,,,,0,0
796.71,332300,20944,24,504,20,1.22,1,4.17,1067,2.04,50,0.14,,,,,,0,0
797.87,332804,20960,24,504,16,1.16,1,4.17,1067,2.04,135,0.29,,,,,,0,0
799,333304,20976,24,500,16,1.13,1,4.17,1067,2.04,80,0.21,,,,,,0,0
800.12,333805,20996,24,501,20,1.12,1,4.17,1067,2.04,70,0.14,,,,,,0,0
801.3,334306,21036,24,501,40,1.19,1,4.17,1067,2.04,0,0,,,,,,0,0
802.57,334809,21056,24,503,20,1.27,1,4.17,1067,2.04,155,0.39,,,,,,0,0
803.86,335309,21088,24,500,32,1.29,1,4.17,1067,2.04,5,0.02,,,,,,0,0
805.15,335813,21112,24,504,24,1.29,1,4.17,1067,2.04,40,0.11,,,,,,0,0
806.45,336317,21136,24,504,24,1.29,1,4.17,1067,2.04,100,0.29,,,,,,0,0
807.68,336820,21164,24,503,28,1.23,1,4.17,1067,2.04,95,0.25,,,,,,0,0
808.9,337322,21192,24,502,28,1.23,1,4.17,1067,2.04,5,0.01,,,,,,0,0
810.09,337826,21208,24,504,16,1.19,1,4.17,1067,2.04,35,0.09,,,,,,0,0
811.32,338327,21236,24,501,28,1.23,1,4.17,1067,2.04,10,0.03,,,,,,0,0
812.6,338829,21260,24,502,24,1.28,1,4.17,1067,2.04,120,0.28,,,,,,0,0
813.97,339330,21296,24,501,36,1.38,1,4.17,1067,2.04,25,0.08,,,,,,0,0
815.35,339830,21312,24,500,16,1.38,1,4.17,1067,2.04,60,0.15,,,,,,0,0
816.55,340334,21332,24,504,20,1.2,1,4.17,1067,2.04,100,0.26,,,,,,0,0
817.9,340837,21360,24,503,28,1.35,1,4.17,1067,2.04,170,0.45,,,,,,0,0
819.16,341341,21380,24,504,20,1.25,1,4.17,1067,2.04,55,0.14,,,,,,0,0
820.46,341842,21420,24,501,40,1.3,1,4.17,1067,2.04,5,0.02,,,,,,0,0
821.82,342343,21460,24,501,40,1.36,1,4.17,1067,2.04,90,0.21,,,,,,0,0
823.04,342846,21472,24,503,12,1.23,1,4.17,1067,2.04,265,0.7,,,,,,0,0
824.18,343347,21524,24,501,52,1.14,1,4.17,1067,2.04,10,0.02,,,,,,0,0
825.48,343849,21536,24,502,12,1.3,1,4.17,1067,2.04,55,0.15,,,,,,0,0
826.71,344349,21560,24,500,24,1.23,1,4.17,1067,2.04,0,0,,,,,,0,0
827.92,344853,21588,24,504,28,1.21,1,4.17,1067,2.04,5,0.02,,,,,,0,0
829.04,345353,21600,24,500,12,1.12,1,4.17,1067,2.04,10,0.02,,,,,,0,0
830.27,345855,21636,24,502,36,1.23,1,4.17,1067,2.04,90,0.24,,,,,,0,0
831.62,346356,21656,24,501,20,1.35,1,4.17,1067,2.04,15,0.04,,,,,,0,0
832.84,346858,21672,24,502,16,1.22,1,4.17,1067,2.04,140,0.33,,,,,,0,0
834.22,347359,21700,24,501,28,1.38,1,4.17,1067,2.04,30,0.08,,,,,,0,0
835.52,347859,21728,24,500,28,1.29,1,4.17,1067,2.04,40,0.1,,,,,,0,0
836.71,348363,21752,24,504,24,1.2,1,4.17,1067,2.04,45,0.13,,,,,,0,0
838.02,348865,21772,24,502,20,1.3,1,4.17,1067,2.04,10,0.04,,,,,,0,0
839.19,349369,21804,24,504,32,1.17,1,4.17,1067,2.04,110,0.25,,,,,,0,0
840.36,349873,21836,24,504,32,1.17,1,4.17,1067,2.04,85,0.21,,,,,,0,0
841.71,350377,21888,24,504,52,1.35,1,4.17,1067,2.04,50,0.15,,,,,,0,0
842.83,350877,21936,24,500,48,1.12,1,4.17,1067,2.04,0,0,,,,,,0,0
844.11,351380,21948,24,503,12,1.28,1,4.17,1067,2.04,185,0.48,,,,,,0,0
845.36,351884,21976,24,504,28,1.24,1,4.17,1067,2.04,15,0.03,,,,,,0,0
846.63,352388,22000,24,504,24,1.28,1,4.17,1067,2.04,110,0.27,,,,,,0,0
847.78,352892,22032,24,504,32,1.15,1,4.17,1067,2.04,25,0.06,,,,,,0,0
849.09,353393,22060,24,501,28,1.31,1,4.17,1067,2.04,125,0.33,,,,,,0,0
850.3,353897,22076,24,504,16,1.21,1,4.17,1067,2.04,40,0.09,,,,,,0,0
851.47,354397,22092,24,500,16,1.17,1,4.17,1067,2.04,110,0.25,,,,,,0,0
852.79,354897,22108,24,500,16,1.32,1,4.17,1067,2.04,15,0.04,,,,,,0,0
854,355397,22120,24,500,12,1.21,1,4.17,1067,2.04,80,0.17,,,,,,0,0
855.11,355900,22140,24,503,20,1.12,1,4.17,1067,2.04,25,0.07,,,,,,0,0
856.41,356403,22180,24,503,40,1.29,1,4.17,1067,2.04,30,0.06,,,,,,0,0
857.63,356907,22204,24,504,24,1.22,1,4.17,1067,2.04,130,0.33,,,,,,0,0
858.97,357411,22220,24,504,16,1.33,1,4.17,1067,2.04,100,0.28,,,,,,0,0
860.12,357914,22244,24,503,24,1.15,1,4.17,1067,2.04,20,0.04,,,,,,0,0
861.32,358414,22264,24,500,20,1.2,1,4.17,1067,2.04,295,0.68,,,,,,0,0
862.46,358914,22284,24,500,20,1.14,1,4.17,1067,2.04,180,0.4,,,,,,0,0
863.74,359418,22316,24,504,32,1.27,1,4.17,1067,2.04,110,0.3,,,,,,0,0
864.96,359919,22332,24,501,16,1.23,1,4.17,1067,2.04,80,0.2,,,,,,0,0
866.26,360421,22356,24,502,24,1.3,1,4.17,1067,2.04,70,0.17,,,,,,0,0
867.57,360923,22380,24,502,24,1.31,1,4.17,1067,2.04,190,0.5,,,,,,0,0
868.86,361426,22400,24,503,20,1.28,1,4.17,1067,2.04,5,0,,,,,,0,0
870.15,361927,22412,24,501,12,1.29,1,4.17,1067,2.04,105,0.34,,,,,,0,0
871.47,362429,22448,24,502,36,1.32,1,4.17,1067,2.04,25,0.07,,,,,,0,0
872.61,362932,22476,24,503,28,1.14,1,4.17,1067,2.04,25,0.05,,,,,,0,0
873.97,363435,22488,24,503,12,1.36,1,4.17,1067,2.04,35,0.09,,,,,,0,0
875.24,363938,22508,24,503,20,1.27,1,4.17,1067,2.04,95,0.22,,,,,,0,0
876.6,364438,22540,24,500,32,1.36,1,4.17,1067,2.04,0,0,,,,,,0,0
877.84,364941,22560,24,503,20,1.24,1,4.17,1067,2.04,15,0.03,,,,,,0,0
879.13,365445,22572,24,504,12,1.29,1,4.17,1067,2.04,335,0.83,,,,,,0,0
880.33,365945,22600,24,500,28,1.2,1,4.17,1067,2.04,145,0.34,,,,,,0,0
881.64,366446,22644,24,501,44,1.31,1,4.17,1067,2.04,110,0.25,,,,,,0,0
882.81,366950,22660,24,504,16,1.17,1,4.17,1067,2.04,30,0.09,,,,,,0,0
884.05,367454,22684,24,504,24,1.24,1,4.17,1067,2.04,75,0.2,,,,,,0,0
885.29,367958,22700,24,504,16,1.25,1,4.17,1067,2.04,100,0.24,,,,,,0,0
886.5,368461,22708,24,503,8,1.2,1,4.17,1067,2.04,70,0.15,,,,,,0,0
887.67,368965,22736,24,504,28,1.17,1,4.17,1067,2.04,110,0.28,,,,,,0,0
888.85,369468,22764,24,503,28,1.18,1,4.17,1067,2.04,10,0.04,,,,,,0,0
890.14,369971,22796,24,503,32,1.3,1,4.17,1067,2.04,75,0.19,,,,,,0,0
891.34,370471,22816,24,500,20,1.2,1,4.17,1067,2.04,15,0.04,,,,,,0,0
892.47,370971,22824,24,500,8,1.13,1,4.17,1067,2.04,200,0.44,,,,,,0,0
893.57,371472,22852,24,501,28,1.09,1,4.17,1067,2.04,65,0.14,,,,,,0,0
894.88,371975,22876,24,503,24,1.31,1,4.17,1067,2.04,10,0.03,,,,,,0,0
896.01,372476,22896,24,501,20,1.13,1,4.17,1067,2.04,40,0.11,,,,,,0,0
897.31,372977,22920,24,501,24,1.3,1,4.17,1067,2.04,115,0.28,,,,,,0,0
898.54,373480,22940,24,503,20,1.23,1,4.17,1067,2.04,45,0.12,,,,,,0,0
899.83,373983,22960,24,503,20,1.29,1,4.17,1067,2.04,90,0.24,,,,,,0,0
901.04,374483,23020,24,500,60,1.22,1,4.17,1067,2.04,10,0.03,,,,,,0,0
902.3,374983,23032,24,500,12,1.25,1,4.17,1067,2.04,165,0.41,,,,,,0,0
903.52,375485,23060,24,502,28,1.22,1,4.17,1067,2.04,95,0.25,,,,,,0,0
904.94,375987,23100,24,502,40,1.42,1,4.17,1067,2.04,25,0.07,,,,,,0,0
906.19,376491,23124,24,504,24,1.25,1,4.17,1067,2.04,100,0.22,,,,,,0,0
907.43,376992,23160,24,501,36,1.24,1,4.17,1067,2.04,10,0.02,,,,,,0,0
908.54,377492,23172,24,500,12,1.11,1,4.17,1067,2.04,135,0.3,,,,,,0,0
909.78,377992,23204,24,500,32,1.24,1,4.17,1067,2.04,20,0.04,,,,,,0,0
910.96,378495,23212,24,503,8,1.18,1,4.17,1067,2.04,30,0.07,,,,,,0,0
912.27,378996,23240,24,501,28,1.32,1,4.17,1067,2.04,15,0.05,,,,,,0,0
913.51,379500,23252,24,504,12,1.24,1,4.17,1067,2.04,5,0.01,,,,,,0,0
914.74,380003,23284,24,503,32,1.23,1,4.17,1067,2.04,55,0.15,,,,,,0,0
915.88,380507,23312,24,504,28,1.14,1,4.17,1067,2.04,35,0.09,,,,,,0,0
917.07,381009,23340,24,502,28,1.19,1,4.17,1067,2.04,5,0.01,,,,,,0,0
918.28,381511,23356,24,502,16,1.21,1,4.17,1067,2.04,25,0.07,,,,,,0,0
919.4,382011,23372,24,500,16,1.12,1,4.17,1067,2.04,215,0.47,,,,,,0,0
920.6,382513,23392,24,502,20,1.2,1,4.17,1067,2.04,150,0.38,,,,,,0,0
921.75,383017,23416,24,504,24,1.15,1,4.17,1067,2.04,5,0.01,,,,,,0,0
922.8,383521,23440,24,504,24,1.05,1,4.17,1067,2.04,90,0.19,,,,,,0,0
924,384023,23468,24,502,28,1.2,1,4.17,1067,2.04,5,0.02,,,,,,0,0
925.26,384523,23488,24,500,20,1.25,1,4.17,1067,2.04,280,0.69,,,,,,0,0
926.52,385024,23516,24,501,28,1.26,1,4.17,1067,2.04,35,0.07,,,,,,0,0
927.72,385524,23536,24,500,20,1.2,1,4.17,1067,2.04,20,0.05,,,,,,0,0
929,386026,23564,24,502,28,1.28,1,4.17,1067,2.04,35,0.09,,,,,,0,0
930.14,386529,23588,24,503,24,1.14,1,4.17,1067,2.04,60,0.14,,,,,,0,0
931.43,387032,23624,24,503,36,1.29,1,4.17,1067,2.04,90,0.24,,,,,,0,0
932.63,387536,23652,24,504,28,1.2,1,4.17,1067,2.04,155,0.38,,,,,,0,0
933.9,388040,23680,24,504,28,1.27,1,4.17,1067,2.04,75,0.23,,,,,,0,0
935.26,388544,23708,24,504,28,1.36,1,4.17,1067,2.04,65,0.17,,,,,,0,0
936.55,389047,23728,24,503,20,1.29,1,4.17,1067,2.04,60,0.16,,,,,,0,0
937.85,389547,23748,24,500,20,1.31,1,4.17,1067,2.04,25,0.06,,,,,,0,0
939.14,390048,23784,24,501,36,1.28,1,4.17,1067,2.04,65,0.18,,,,,,0,0
940.37,390548,23796,24,500,12,1.23,1,4.17,1067,2.04,110,0.28,,,,,,0,0
941.52,391049,23812,24,501,16,1.15,1,4.17,1067,2.04,230,0.52,,,,,,0,0
942.81,391552,23824,24,503,12,1.29,1,4.17,1067,2.04,115,0.28,,,,,,0,0
944.13,392056,23844,24,504,20,1.32,1,4.17,1067,2.04,205,0.51,,,,,,0,0
945.32,392558,23868,24,502,24,1.19,1,4.17,1067,2.04,45,0.1,,,,,,0,0
946.62,393061,23892,24,503,24,1.31,1,4.17,1067,2.04,40,0.1,,,,,,0,0
947.86,393564,23920,24,503,28,1.23,1,4.17,1067,2.04,25,0.06,,,,,,0,0
949.17,394066,23948,24,502,28,1.31,1,4.17,1067,2.04,140,0.35,,,,,,0,0
950.45,394566,23968,24,500,20,1.28,1,4.17,1067,2.04,15,0.06,,,,,,0,0
952.5,395068,24012,24,502,44,2.06,1,4.17,1067,2.04,70,0.26,,,,,,0,0
954.01,395569,24040,24,501,28,1.51,1,4.17,1067,2.04,35,0.1,,,,,,0,0
955.18,396071,24072,24,502,32,1.17,1,4.17,1067,2.04,145,0.37,,,,,,0,0
956.42,396571,24076,24,500,4,1.24,1,4.17,1067,2.04,85,0.21,,,,,,0,0
957.79,397072,24100,24,501,24,1.37,1,4.17,1067,2.04,245,0.63,,,,,,0,0
959.18,397574,24120,24,502,20,1.39,1,4.17,1067,2.04,55,0.17,,,,,,0,0
960.31,398074,24144,24,500,24,1.14,1,4.17,1067,2.04,45,0.11,,,,,,0,0
961.59,398577,24156,24,503,12,1.28,1,4.17,1067,2.04,30,0.09,,,,,,0,0
962.77,399079,24180,24,502,24,1.18,1,4.17,1067,2.04,50,0.1,,,,,,0,0
963.98,399580,24204,24,501,24,1.2,1,4.17,1067,2.04,55,0.13,,,,,,0,0
965.17,400083,24244,24,503,40,1.2,1,4.17,1067,2.04,15,0.03,,,,,,0,0
966.19,400586,24264,24,503,20,1.02,1,4.17,1067,2.04,150,0.31,,,,,,0,0
967.58,401086,24280,24,500,16,1.39,1,4.17,1067,2.04,5,0.01,,,,,,0,0
968.63,401586,24296,24,500,16,1.05,1,4.17,1067,2.04,145,0.31,,,,,,0,0
969.81,402090,24316,24,504,20,1.18,1,4.17,1067,2.04,10,0.03,,,,,,0,0
971.13,402593,24340,24,503,24,1.32,1,4.17,1067,2.04,95,0.24,,,,,,0,0
972.36,403095,24368,24,502,28,1.24,1,4.17,1067,2.04,25,0.06,,,,,,0,0
973.62,403596,24396,24,501,28,1.26,1,4.17,1067,2.04,75,0.2,,,,,,0,0
974.87,404098,24420,24,502,24,1.25,1,4.17,1067,2.04,50,0.14,,,,,,0,0
976.24,404599,24444,24,501,24,1.37,1,4.17,1067,2.04,25,0.07,,,,,,0,0
977.46,405100,24468,24,501,24,1.22,1,4.17,1067,2.04,40,0.1,,,,,,0,0
978.64,405600,24492,24,500,24,1.18,1,4.17,1067,2.04,110,0.26,,,,,,0,0
979.9,406102,24524,24,502,32,1.26,1,4.17,1067,2.04,45,0.1,,,,,,0,0
981.08,406605,24540,24,503,16,1.18,1,4.17,1067,2.04,95,0.21,,,,,,0,0
982.28,407107,24568,24,502,28,1.2,1,4.17,1067,2.04,5,0.02,,,,,,0,0
983.45,407611,24584,24,504,16,1.18,1,4.17,1067,2.04,25,0.07,,,,,,0,0
984.76,408115,24616,24,504,32,1.31,1,4.17,1067,2.04,190,0.47,,,,,,0,0
986.03,408615,24644,24,500,28,1.27,1,4.17,1067,2.04,15,0.04,,,,,,0,0
987.34,409118,24664,24,503,20,1.31,1,4.17,1067,2.04,160,0.42,,,,,,0,0
988.46,409619,24700,24,501,36,1.12,1,4.17,1067,2.04,25,0.06,,,,,,0,0
989.75,410119,24720,24,500,20,1.29,1,4.17,1067,2.04,60,0.15,,,,,,0,0
991,410622,24740,24,503,20,1.25,1,4.17,1067,2.04,15,0.04,,,,,,0,0
992.12,411126,24752,24,504,12,1.12,1,4.17,1067,2.04,40,0.09,,,,,,0,0
993.35,411630,24772,24,504,20,1.23,1,4.17,1067,2.04,125,0.34,,,,,,0,0
994.55,412134,24796,24,504,24,1.2,1,4.17,1067,2.04,255,0.61,,,,,,0,0
995.85,412637,24824,24,503,28,1.31,1,4.17,1067,2.04,30,0.11,,,,,,0,0
997.05,413139,24852,24,502,28,1.2,1,4.17,1067,2.04,5,0.01,,,,,,0,0
998.26,413642,24868,24,503,16,1.2,1,4.17,1067,2.04,5,0.02,,,,,,0,0
999.49,414144,24888,24,502,20,1.24,1,4.17,1067,2.04,120,0.26,,,,,,0,0
1000.82,414647,24900,24,503,12,1.33,1,4.17,1067,2.04,200,0.5,,,,,,0,0
1002.09,415149,24912,24,502,12,1.27,1,4.17,1067,2.04,480,1.23,,,,,,0,0
1003.69,415650,24932,24,501,20,1.6,1,4.17,1067,2.04,5,0.01,,,,,,0,0
1005.03,416154,24968,24,504,36,1.34,1,4.17,1067,2.04,15,0.04,,,,,,0,0
1006.43,416655,25004,24,501,36,1.4,1,4.17,1067,2.04,35,0.08,,,,,,0,0
1007.78,417159,25036,24,504,32,1.35,1,4.17,1067,2.04,60,0.21,,,,,,0,0
1009.03,417660,25060,24,501,24,1.25,1,4.17,1067,2.04,130,0.31,,,,,,0,0
1010.26,418163,25100,24,503,40,1.22,1,4.17,1067,2.04,25,0.07,,,,,,0,0
1011.61,418664,25120,24,501,20,1.35,1,4.17,1067,2.04,115,0.31,,,,,,0,0
1012.79,419166,25128,24,502,8,1.19,1,4.17,1067,2.04,20,0.05,,,,,,0,0
1014.13,419669,25156,24,503,28,1.34,1,4.17,1067,2.04,100,0.23,,,,,,0,0
1015.47,420172,25168,24,503,12,1.34,1,4.17,1067,2.04,20,0.07,,,,,,0,0
1017.02,420675,25176,24,503,8,1.55,1,4.17,1067,2.04,185,0.61,,,,,,0,0
1018.4,421178,25208,24,503,32,1.37,1,4.17,1067,2.04,80,0.22,,,,,,0,0
1019.64,421679,25228,24,501,20,1.25,1,4.17,1067,2.04,95,0.19,,,,,,0,0
1020.86,422179,25248,24,500,20,1.22,1,4.17,1067,2.04,175,0.41,,,,,,0,0
1022.17,422679,25272,24,500,24,1.31,1,4.17,1067,2.04,125,0.34,,,,,,0,0
1023.48,423182,25292,24,503,20,1.31,1,4.17,1067,2.04,15,0.04,,,,,,0,0
1024.63,423685,25300,24,503,8,1.15,1,4.17,1067,2.04,355,0.79,,,,,,0,0
1025.81,424186,25316,24,501,16,1.18,1,4.17,1067,2.04,40,0.1,,,,,,0,0
1027.07,424686,25340,24,500,24,1.25,1,4.17,1067,2.04,40,0.11,,,,,,0,0
1028.25,425188,25348,24,502,8,1.18,1,4.17,1067,2.04,90,0.2,,,,,,0,0
1029.5,425691,25356,24,503,8,1.25,1,4.17,1067,2.04,380,0.96,,,,,,0,0
1030.71,426194,25384,24,503,28,1.21,1,4.17,1067,2.04,90,0.17,,,,,,0,0
1031.82,426695,25412,24,501,28,1.1,1,4.17,1067,2.04,15,0.02,,,,,,0,0
1033.06,427196,25432,24,501,20,1.25,1,4.17,1067,2.04,0,0,,,,,,0,0
1034.37,427700,25444,24,504,12,1.3,1,4.17,1067,2.04,90,0.23,,,,,,0,0
1035.71,428202,25476,24,502,32,1.34,1,4.17,1067,2.04,205,0.53,,,,,,0,0
1037.18,428702,25504,24,500,28,1.47,1,4.17,1067,2.04,225,0.51,,,,,,0,0
1038.67,429204,25540,24,502,36,1.49,1,4.17,1067,2.04,75,0.17,,,,,,0,0
1039.94,429704,25564,24,500,24,1.27,1,4.17,1067,2.04,20,0.05,,,,,,0,0
1041.21,430208,25596,24,504,32,1.27,1,4.17,1067,2.04,105,0.26,,,,,,0,0
1042.59,430711,25628,24,503,32,1.38,1,4.17,1067,2.04,55,0.15,,,,,,0,0
1043.91,431213,25652,24,502,24,1.32,1,4.17,1067,2.04,80,0.2,,,,,,0,0
1045.21,431717,25692,24,504,40,1.31,1,4.17,1067,2.04,35,0.08,,,,,,0,0
1046.71,432220,25732,24,503,40,1.5,1,4.17,1067,2.04,5,0.01,,,,,,0,0
1048.04,432724,25760,24,504,28,1.33,1,4.17,1067,2.04,40,0.09,,,,,,0,0
1049.33,433224,25772,24,500,12,1.29,1,4.17,1067,2.04,290,0.77,,,,,,0,0
1050.92,433728,25804,24,504,32,1.59,1,4.17,1067,2.04,55,0.16,,,,,,0,0
1052.31,434230,25828,24,502,24,1.39,1,4.17,1067,2.04,35,0.11,,,,,,0,0
1053.84,434732,25848,24,502,20,1.53,1,4.17,1067,2.04,145,0.46,,,,,,0,0
1055.32,435235,25900,24,503,52,1.48,1,4.17,1067,2.04,10,0.03,,,,,,0,0
1056.61,435738,25916,24,503,16,1.3,1,4.17,1067,2.04,60,0.13,,,,,,0,0
1057.96,436239,25940,24,501,24,1.35,1,4.17,1067,2.04,45,0.11,,,,,,0,0
1059.33,436741,25960,24,502,20,1.37,1,4.17,1067,2.04,70,0.21,,,,,,0,0
1060.65,437245,25968,24,504,8,1.32,1,4.17,1067,2.04,45,0.12,,,,,,0,0
1061.93,437749,25984,24,504,16,1.28,1,4.17,1067,2.04,85,0.22,,,,,,0,0
1063.34,438252,26012,24,503,28,1.41,1,4.17,1067,2.04,120,0.32,,,,,,0,0
1064.61,438753,26028,24,501,16,1.27,1,4.17,1067,2.04,260,0.63,,,,,,0,0
1065.96,439253,26072,24,500,44,1.35,1,4.17,1067,2.04,5,0.01,,,,,,0,0
1067.15,439757,26088,24,504,16,1.19,1,4.17,1067,2.04,125,0.28,,,,,,0,0
1068.47,440259,26132,24,502,44,1.32,1,4.17,1067,2.04,80,0.22,,,,,,0,0
1069.78,440762,26172,24,503,40,1.31,1,4.17,1067,2.04,10,0.03,,,,,,0,0
1071.05,441263,26200,24,501,28,1.27,1,4.17,1067,2.04,20,0.04,,,,,,0,0
1072.38,441767,26224,24,504,24,1.33,1,4.17,1067,2.04,270,0.71,,,,,,0,0
1073.73,442271,26260,24,504,36,1.35,1,4.17,1067,2.04,20,0.03,,,,,,0,0
1075.06,442774,26288,24,503,28,1.33,1,4.17,1067,2.04,45,0.12,,,,,,0,0
1076.43,443275,26316,24,501,28,1.36,1,4.17,1067,2.04,115,0.31,,,,,,0,0
1077.66,443779,26332,24,504,16,1.23,1,4.17,1067,2.04,25,0.04,,,,,,0,0
1078.93,444283,26364,24,504,32,1.27,1,4.17,1067,2.04,115,0.3,,,,,,0,0
1080.25,444785,26380,24,502,16,1.33,1,4.17,1067,2.04,160,0.38,,,,,,0,0
1081.57,445285,26400,24,500,20,1.32,1,4.17,1067,2.04,35,0.1,,,,,,0,0
1082.87,445788,26428,24,503,28,1.3,1,4.17,1067,2.04,90,0.2,,,,,,0,0
1084.13,446290,26444,24,502,16,1.25,1,4.17,1067,2.04,65,0.18,,,,,,0,0
1085.39,446790,26468,24,500,24,1.27,1,4.17,1067,2.04,5,0.01,,,,,,0,0
1086.58,447294,26496,24,504,28,1.18,1,4.17,1067,2.04,20,0.04,,,,,,0,0
1087.75,447796,26528,24,502,32,1.17,1,4.17,1067,2.04,75,0.18,,,,,,0,0
1088.87,448297,26572,24,501,44,1.12,1,4.17,1067,2.04,100,0.23,,,,,,0,0
1090.18,448801,26612,24,504,40,1.31,1,4.17,1067,2.04,10,0.02,,,,,,0,0
1091.23,449302,26624,24,501,12,1.06,1,4.17,1067,2.04,95,0.23,,,,,,0,0
1092.45,449802,26644,24,500,20,1.22,1,4.17,1067,2.04,50,0.12,,,,,,0,0
1093.66,450302,26676,24,500,32,1.21,1,4.17,1067,2.04,10,0.02,,,,,,0,0
1094.92,450803,26704,24,501,28,1.26,1,4.17,1067,2.04,55,0.15,,,,,,0,0
1096.1,451307,26724,24,504,20,1.18,1,4.17,1067,2.04,220,0.54,,,,,,0,0
1097.32,451810,26740,24,503,16,1.22,1,4.17,1067,2.04,10,0.03,,,,,,0,0
1098.64,452312,26752,24,502,12,1.33,1,4.17,1067,2.04,40,0.12,,,,,,0,0
1100.01,452812,26780,24,500,28,1.36,1,4.17,1067,2.04,80,0.21,,,,,,0,0
1101.24,453312,26804,24,500,24,1.24,1,4.17,1067,2.04,25,0.06,,,,,,0,0
1102.51,453815,26836,24,503,32,1.27,1,4.17,1067,2.04,40,0.07,,,,,,0,0
1103.7,454319,26844,24,504,8,1.19,1,4.17,1067,2.04,5,0.01,,,,,,0,0
1104.91,454822,26880,24,503,36,1.2,1,4.17,1067,2.04,10,0.03,,,,,,0,0
1106.31,455325,26920,24,503,40,1.4,1,4.17,1067,2.04,45,0.12,,,,,,0,0
1107.55,455829,26936,24,504,16,1.24,1,4.17,1067,2.04,55,0.12,,,,,,0,0
1108.95,456333,26956,24,504,20,1.39,1,4.17,1067,2.04,20,0.05,,,,,,0,0
1110.2,456836,26968,24,503,12,1.26,1,4.17,1067,2.04,20,0.05,,,,,,0,0
1111.51,457337,27000,24,501,32,1.31,1,4.17,1067,2.04,50,0.14,,,,,,0,0
1112.72,457837,27024,24,500,24,1.21,1,4.17,1067,2.04,15,0.03,,,,,,0,0
1114.07,458338,27052,24,501,28,1.35,1,4.17,1067,2.04,75,0.19,,,,,,0,0
1115.36,458839,27080,24,501,28,1.29,1,4.17,1067,2.04,85,0.19,,,,,,0,0
1116.66,459342,27092,24,503,12,1.3,1,4.17,1067,2.04,5,0.02,,,,,,0,0
1117.95,459845,27124,24,503,32,1.29,1,4.17,1067,2.04,190,0.53,,,,,,0,0
1119.33,460345,27140,24,500,16,1.38,1,4.17,1067,2.04,200,0.58,,,,,,0,0
1120.54,460845,27152,24,500,12,1.21,1,4.17,1067,2.04,140,0.32,,,,,,0,0
1121.68,461348,27164,24,503,12,1.14,1,4.17,1067,2.04,300,0.61,,,,,,0,0
1122.95,461848,27200,24,500,36,1.27,2,8.33,1067,2.04,5,0.01,,,,,,0,0
1124.11,462348,27240,24,500,40,1.17,1,4.17,1067,2.04,15,0.03,,,,,,0,0
1125.44,462850,27280,24,502,40,1.32,1,4.17,1067,2.04,240,0.59,,,,,,0,0
1126.76,463353,27296,24,503,16,1.32,1,4.17,1067,2.04,100,0.27,,,,,,0,0
1127.97,463855,27308,24,502,12,1.21,1,4.17,1067,2.04,275,0.58,,,,,,0,0
1129.17,464358,27320,24,503,12,1.2,1,4.17,1067,2.04,140,0.31,,,,,,0,0
1130.46,464862,27352,24,504,32,1.29,1,4.17,1067,2.04,10,0.03,,,,,,0,0
1131.66,465362,27380,24,500,28,1.2,1,4.17,1067,2.04,50,0.12,,,,,,0,0
1133.11,465862,27412,24,500,32,1.44,1,4.17,1067,2.04,10,0.03,,,,,,0,0
1134.43,466364,27436,24,502,24,1.33,1,4.17,1067,2.04,25,0.04,,,,,,0,0
1135.63,466867,27468,24,503,32,1.2,1,4.17,1067,2.04,40,0.09,,,,,,0,0
1136.8,467368,27484,24,501,16,1.16,1,4.17,1067,2.04,40,0.1,,,,,,0,0
0.94,503,4724,20,503,4724,0.94,3,15,326,0.58,100,0.2,,,,,,0,0
2.1,1004,4878,20,501,154,1.17,1,5,436,0.95,30,0.08,,,,,,0,0
3.14,1506,4898,20,502,20,1.04,1,5,436,0.95,25,0.04,,,,,,0,0
4.15,2007,4902,20,501,4,1,1,5,436,0.95,170,0.36,,,,,,0,0
5.25,2510,4910,20,503,8,1.1,1,5,436,0.95,410,0.88,,,,,,0,0
6.44,3013,4922,20,503,12,1.19,1,5,521,1.13,105,0.23,,,,,,0,0
7.46,3514,4926,20,501,4,1.02,1,5,521,1.13,285,0.58,,,,,,0,0
8.49,4016,4938,20,502,12,1.02,1,5,521,1.13,30,0.05,,,,,,0,0
9.58,4519,4950,20,503,12,1.09,1,5,521,1.13,100,0.18,,,,,,0,0
10.64,5021,4962,20,502,12,1.06,1,5,521,1.13,290,0.62,,,,,,0,0
11.67,5521,4978,20,500,16,1.04,1,5,521,1.13,185,0.4,,,,,,0,0
12.69,6025,4990,20,504,12,1.02,1,5,521,1.13,185,0.38,,,,,,0,0
13.85,6529,5006,20,504,16,1.16,1,5,521,1.13,125,0.29,,,,,,0,0
15,7029,5026,20,500,20,1.15,1,5,521,1.13,105,0.23,,,,,,0,0
16.11,7532,5042,20,503,16,1.1,1,5,521,1.13,305,0.67,,,,,,0,0
17.29,8035,5054,20,503,12,1.18,1,5,631,1.44,35,0.09,,,,,,0,0
18.46,8538,5070,20,503,16,1.18,2,10,631,1.44,210,0.47,,,,,,0,0
19.55,9040,5086,20,502,16,1.09,1,5,631,1.44,85,0.2,,,,,,0,0
20.58,9541,5106,20,501,20,1.03,1,5,631,1.44,125,0.24,,,,,,0,0
21.62,10045,5114,20,504,8,1.04,1,5,631,1.44,230,0.48,,,,,,0,0
22.8,10549,5138,20,504,24,1.18,1,5,631,1.44,25,0.04,,,,,,0,0
23.85,11049,5154,20,500,16,1.05,1,5,631,1.44,40,0.06,,,,,,0,0
25,11552,5182,20,503,28,1.14,1,5,631,1.44,35,0.07,,,,,,0,0
26.26,12054,5202,20,502,20,1.26,1,5,631,1.44,15,0.05,,,,,,0,0
27.56,12556,5226,20,502,24,1.3,1,5,631,1.44,45,0.09,,,,,,0,0
28.68,13057,5230,20,501,4,1.13,1,5,631,1.44,235,0.52,,,,,,0,0
29.86,13561,5246,20,504,16,1.18,1,5,631,1.44,210,0.5,,,,,,0,0
31.04,14064,5258,20,503,12,1.18,1,5,631,1.44,335,0.79,,,,,,0,0
32.2,14567,5282,20,503,24,1.16,1,5,631,1.44,5,0.01,,,,,,0,0
33.39,15071,5298,20,504,16,1.19,1,5,631,1.44,5,0.01,,,,,,0,0
34.46,15574,5310,20,503,12,1.07,1,5,631,1.44,45,0.09,,,,,,0,0
35.68,16074,5354,20,500,44,1.22,1,5,631,1.44,40,0.1,,,,,,0,0
36.82,16578,5382,20,504,28,1.14,1,5,631,1.44,190,0.41,,,,,,0,0
37.97,17082,5410,20,504,28,1.15,1,5,631,1.44,45,0.09,,,,,,0,0
39.21,17586,5450,20,504,40,1.25,1,5,631,1.44,65,0.13,,,,,,0,0
40.35,18088,5466,20,502,16,1.13,1,5,631,1.44,105,0.25,,,,,,0,0
41.54,18589,5494,20,501,28,1.2,1,5,631,1.44,120,0.31,,,,,,0,0
42.71,19091,5518,20,502,24,1.16,1,5,631,1.44,45,0.12,,,,,,0,0
43.89,19591,5542,20,500,24,1.18,1,5,631,1.44,65,0.13,,,,,,0,0
45.11,20095,5558,20,504,16,1.22,1,5,631,1.44,200,0.54,,,,,,0,0
46.34,20597,5586,20,502,28,1.23,1,5,631,1.44,60,0.15,,,,,,0,0
47.53,21100,5622,20,503,36,1.19,1,5,631,1.44,5,0.01,,,,,,0,0
48.74,21601,5642,20,501,20,1.2,1,5,631,1.44,135,0.32,,,,,,0,0
49.83,22104,5662,20,503,20,1.09,1,5,631,1.44,20,0.05,,,,,,0,0
50.94,22608,5670,20,504,8,1.11,1,5,631,1.44,275,0.6,,,,,,0,0
52.03,23112,5686,20,504,16,1.09,1,5,631,1.44,85,0.18,,,,,,0,0
53.17,23615,5710,20,503,24,1.14,1,5,631,1.44,75,0.18,,,,,,0,0
54.38,24119,5746,20,504,36,1.21,1,5,631,1.44,30,0.06,,,,,,0,0
55.52,24623,5782,20,504,36,1.14,1,5,631,1.44,65,0.12,,,,,,0,0
56.71,25123,5794,20,500,12,1.19,1,5,631,1.44,185,0.44,,,,,,0,0
58.08,25626,5822,20,503,28,1.36,1,5,631,1.44,170,0.49,,,,,,0,0
59.3,26130,5834,20,504,12,1.22,1,5,631,1.44,65,0.15,,,,,,0,0
60.48,26632,5842,20,502,8,1.18,1,5,631,1.44,205,0.44,,,,,,0,0
61.64,27135,5878,20,503,36,1.16,1,5,631,1.44,115,0.27,,,,,,0,0
62.95,27635,5914,20,500,36,1.3,1,5,631,1.44,65,0.15,,,,,,0,0
64.08,28139,5942,20,504,28,1.14,1,5,631,1.44,45,0.09,,,,,,0,0
65.46,28641,5958,20,502,16,1.38,1,5,631,1.44,75,0.24,,,,,,0,0
66.82,29142,5990,20,501,32,1.36,1,5,631,1.44,180,0.43,,,,,,0,0
68.19,29642,6014,20,500,24,1.37,1,5,631,1.44,320,0.89,,,,,,0,0
69.31,30146,6038,20,504,24,1.12,1,5,631,1.44,175,0.42,,,,,,0,0
70.48,30650,6058,20,504,20,1.17,1,5,631,1.44,70,0.19,,,,,,0,0
71.7,31150,6070,20,500,12,1.22,1,5,631,1.44,75,0.18,,,,,,0,0
72.91,31653,6094,20,503,24,1.21,1,5,631,1.44,105,0.26,,,,,,0,0
74.1,32154,6126,20,501,32,1.18,1,5,631,1.44,85,0.2,,,,,,0,0
75.33,32656,6146,20,502,20,1.24,2,10,631,1.44,15,0.04,,,,,,0,0
76.58,33157,6170,20,501,24,1.24,1,5,631,1.44,65,0.15,,,,,,0,0
77.79,33657,6202,20,500,32,1.21,1,5,631,1.44,115,0.29,,,,,,0,0
79.1,34157,6222,20,500,20,1.32,1,5,631,1.44,15,0.03,,,,,,0,0
80.37,34660,6242,20,503,20,1.27,1,5,631,1.44,5,0.02,,,,,,0,0
81.58,35164,6262,20,504,20,1.2,1,5,631,1.44,65,0.18,,,,,,0,0
82.8,35665,6282,20,501,20,1.22,1,5,631,1.44,15,0.03,,,,,,0,0
83.93,36168,6298,20,503,16,1.14,1,5,631,1.44,20,0.05,,,,,,0,0
85.15,36672,6314,20,504,16,1.22,1,5,631,1.44,25,0.06,,,,,,0,0
86.34,37174,6322,20,502,8,1.19,1,5,631,1.44,195,0.47,,,,,,0,0
87.58,37677,6330,20,503,8,1.24,1,5,631,1.44,80,0.21,,,,,,0,0
88.71,38181,6350,20,504,20,1.13,1,5,631,1.44,95,0.23,,,,,,0,0
89.99,38685,6366,20,504,16,1.28,1,5,631,1.44,95,0.23,,,,,,0,0
91.24,39187,6386,20,502,20,1.25,1,5,631,1.44,20,0.05,,,,,,0,0
92.51,39688,6426,20,501,40,1.26,1,5,631,1.44,15,0.04,,,,,,0,0
93.71,40189,6446,20,501,20,1.2,1,5,631,1.44,35,0.11,,,,,,0,0
94.89,40692,6454,20,503,8,1.18,1,5,631,1.44,130,0.29,,,,,,0,0
95.98,41193,6478,20,501,24,1.09,1,5,631,1.44,130,0.32,,,,,,0,0
97.1,41694,6498,20,501,20,1.13,1,5,631,1.44,50,0.12,,,,,,0,0
98.34,42197,6518,20,503,20,1.23,1,5,631,1.44,75,0.17,,,,,,0,0
99.44,42697,6546,20,500,28,1.1,1,5,631,1.44,0,0,,,,,,0,0
100.59,43200,6570,20,503,24,1.15,1,5,631,1.44,55,0.14,,,,,,0,0
101.81,43704,6598,20,504,28,1.22,1,5,631,1.44,30,0.07,,,,,,0,0
102.95,44204,6606,20,500,8,1.14,1,5,631,1.44,265,0.54,,,,,,0,0
104.19,44707,6638,20,503,32,1.23,1,5,631,1.44,105,0.26,,,,,,0,0
105.43,45208,6658,20,501,20,1.24,1,5,631,1.44,40,0.11,,,,,,0,0
106.6,45708,6678,20,500,20,1.17,1,5,631,1.44,105,0.23,,,,,,0,0
107.73,46210,6698,20,502,20,1.13,1,5,631,1.44,220,0.5,,,,,,0,0
108.87,46711,6718,20,501,20,1.14,1,5,631,1.44,40,0.09,,,,,,0,0
110.06,47214,6734,20,503,16,1.18,2,10,631,1.44,165,0.4,,,,,,0,0
111.3,47717,6758,20,503,24,1.25,1,5,631,1.44,105,0.2,,,,,,0,0
112.54,48220,6778,20,503,20,1.23,1,5,631,1.44,35,0.09,,,,,,0,0
113.65,48721,6798,20,501,20,1.11,1,5,631,1.44,10,0.02,,,,,,0,0
114.96,49222,6818,20,501,20,1.31,1,5,631,1.44,70,0.17,,,,,,0,0
116.14,49723,6846,20,501,28,1.18,1,5,631,1.44,30,0.09,,,,,,0,0
117.36,50226,6866,20,503,20,1.21,1,5,631,1.44,35,0.09,,,,,,0,0
118.56,50730,6890,20,504,24,1.2,1,5,631,1.44,130,0.31,,,,,,0,0
120.09,51232,6930,20,502,40,1.53,1,5,631,1.44,140,0.39,,,,,,0,0
121.33,51736,6958,20,504,28,1.24,1,5,631,1.44,5,0.02,,,,,,0,0
122.73,52240,6966,20,504,8,1.4,1,5,631,1.44,220,0.57,,,,,,0,0
123.92,52743,6978,20,503,12,1.19,1,5,631,1.44,75,0.17,,,,,,0,0
125.06,53246,6986,20,503,8,1.13,1,5,631,1.44,40,0.09,,,,,,0,0
126.17,53746,7018,20,500,32,1.12,1,5,631,1.44,40,0.08,,,,,,0,0
127.52,54246,7038,20,500,20,1.34,1,5,631,1.44,145,0.41,,,,,,0,0
128.64,54747,7070,20,501,32,1.12,1,5,631,1.44,20,0.05,,,,,,0,0
129.87,55247,7078,20,500,8,1.23,1,5,631,1.44,135,0.34,,,,,,0,0
131.18,55750,7090,20,503,12,1.3,1,5,631,1.44,30,0.06,,,,,,0,0
132.41,56253,7126,20,503,36,1.24,1,5,631,1.44,85,0.19,,,,,,0,0
133.64,56757,7150,20,504,24,1.23,1,5,631,1.44,20,0.05,,,,,,0,0
134.92,57258,7170,20,501,20,1.28,1,5,631,1.44,15,0.04,,,,,,0,0
136.1,57761,7206,20,503,36,1.18,1,5,631,1.44,5,0.01,,,,,,0,0
137.37,58264,7214,20,503,8,1.27,1,5,631,1.44,220,0.55,,,,,,0,0
138.58,58764,7230,20,500,16,1.21,1,5,631,1.44,110,0.26,,,,,,0,0
139.85,59264,7262,20,500,32,1.27,1,5,631,1.44,50,0.11,,,,,,0,0
141.05,59764,7302,20,500,40,1.19,1,5,631,1.44,45,0.1,,,,,,0,0
142.26,60266,7310,20,502,8,1.22,1,5,631,1.44,210,0.48,,,,,,0,0
143.34,60770,7334,20,504,24,1.07,1,5,631,1.44,130,0.25,,,,,,0,0
144.57,61270,7354,20,500,20,1.24,1,5,631,1.44,35,0.08,,,,,,0,0
145.7,61774,7382,20,504,28,1.12,1,5,631,1.44,135,0.34,,,,,,0,0
146.92,62276,7402,20,502,20,1.22,1,5,631,1.44,135,0.33,,,,,,0,0
148.18,62776,7418,20,500,16,1.26,1,5,631,1.44,95,0.23,,,,,,0,0
149.37,63278,7434,20,502,16,1.19,1,5,631,1.44,85,0.2,,,,,,0,0
150.82,63778,7482,20,500,48,1.45,1,5,631,1.44,35,0.1,,,,,,0,0
152.14,64281,7506,20,503,24,1.32,1,5,631,1.44,115,0.3,,,,,,0,0
153.52,64781,7526,20,500,20,1.38,1,5,631,1.44,255,0.72,,,,,,0,0
154.7,65281,7526,20,500,0,1.18,0,0,631,1.44,755,1.9,,,,,,0,0
155.92,65785,7554,20,504,28,1.22,1,5,761,1.92,20,0.05,,,,,,0,0
157.11,66286,7590,20,501,36,1.19,1,5,761,1.92,25,0.07,,,,,,0,0
158.35,66789,7610,20,503,20,1.23,1,5,761,1.92,125,0.3,,,,,,0,0
159.45,67291,7634,20,502,24,1.11,1,5,761,1.92,55,0.12,,,,,,0,0
160.57,67794,7642,20,503,8,1.12,1,5,761,1.92,15,0.04,,,,,,0,0
161.91,68296,7682,20,502,40,1.34,1,5,761,1.92,5,0.02,,,,,,0,0
163.12,68798,7718,20,502,36,1.21,1,5,761,1.92,65,0.15,,,,,,0,0
164.31,69299,7742,20,501,24,1.19,1,5,761,1.92,30,0.06,,,,,,0,0
165.5,69800,7762,20,501,20,1.19,1,5,761,1.92,190,0.5,,,,,,0,0
166.7,70300,7786,20,500,24,1.2,1,5,761,1.92,15,0.02,,,,,,0,0
167.9,70803,7814,20,503,28,1.2,2,10,761,1.92,25,0.06,,,,,,0,0
169.08,71307,7834,20,504,20,1.18,1,5,761,1.92,85,0.2,,,,,,0,0
170.37,71810,7862,20,503,28,1.29,1,5,761,1.92,205,0.57,,,,,,0,0
171.64,72310,7878,20,500,16,1.27,1,5,761,1.92,70,0.17,,,,,,0,0
172.99,72812,7898,20,502,20,1.35,1,5,761,1.92,310,0.88,,,,,,0,0
174.1,73314,7906,20,502,8,1.1,1,5,761,1.92,260,0.56,,,,,,0,0
175.58,73818,7930,20,504,24,1.49,1,5,761,1.92,35,0.14,,,,,,0,0
177,74321,7942,20,503,12,1.41,1,5,761,1.92,210,0.58,,,,,,0,0
178.18,74824,7986,20,503,44,1.18,1,5,761,1.92,45,0.1,,,,,,0,0
179.39,75324,8014,20,500,28,1.2,1,5,761,1.92,70,0.15,,,,,,0,0
180.61,75828,8046,20,504,32,1.22,1,5,761,1.92,120,0.3,,,,,,0,0
182.13,76332,8066,20,504,20,1.52,1,5,761,1.92,150,0.45,,,,,,0,0
183.38,76835,8110,20,503,44,1.25,1,5,761,1.92,150,0.36,,,,,,0,0
184.65,77337,8130,20,502,20,1.28,1,5,761,1.92,70,0.18,,,,,,0,0
185.94,77841,8146,20,504,16,1.29,1,5,761,1.92,145,0.4,,,,,,0,0
187.27,78343,8154,20,502,8,1.33,1,5,761,1.92,330,0.84,,,,,,0,0
188.57,78843,8170,20,500,16,1.3,1,5,761,1.92,235,0.56,,,,,,0,0
189.82,79347,8198,20,504,28,1.25,1,5,761,1.92,40,0.1,,,,,,0,0
191.14,79849,8222,20,502,24,1.32,1,5,761,1.92,20,0.08,,,,,,0,0
192.36,80351,8230,20,502,8,1.23,1,5,761,1.92,125,0.3,,,,,,0,0
193.5,80854,8238,20,503,8,1.14,1,5,761,1.92,350,0.8,,,,,,0,0
194.73,81357,8266,20,503,28,1.23,1,5,761,1.92,20,0.07,,,,,,0,0
195.92,81861,8282,20,504,16,1.2,1,5,761,1.92,115,0.27,,,,,,0,0
197.05,82364,8294,20,503,12,1.13,1,5,761,1.92,305,0.7,,,,,,0,0
198.06,82865,8314,20,501,20,1.01,1,5,761,1.92,125,0.24,,,,,,0,0
199.07,83366,8338,20,501,24,1,1,5,761,1.92,80,0.16,,,,,,0,0
200.2,83869,8358,20,503,20,1.13,1,5,761,1.92,15,0.04,,,,,,0,0
201.59,84369,8370,20,500,12,1.39,1,5,761,1.92,160,0.45,,,,,,0,0
202.79,84872,8382,20,503,12,1.2,1,5,761,1.92,5,0.01,,,,,,0,0
204.04,85373,8414,20,501,32,1.25,1,5,761,1.92,20,0.05,,,,,,0,0
205.2,85873,8426,20,500,12,1.16,1,5,761,1.92,45,0.12,,,,,,0,0
206.42,86374,8450,20,501,24,1.22,1,5,761,1.92,10,0.03,,,,,,0,0
207.63,86877,8478,20,503,28,1.21,1,5,761,1.92,175,0.42,,,,,,0,0
209.13,87381,8490,20,504,12,1.5,1,5,761,1.92,5,0.02,,,,,,0,0
210.47,87882,8506,20,501,16,1.34,2,10,761,1.92,25,0.05,,,,,,0,0
211.84,88386,8530,20,504,24,1.37,1,5,761,1.92,135,0.37,,,,,,0,0
213.18,88887,8546,20,501,16,1.34,1,5,761,1.92,70,0.18,,,,,,0,0
214.55,89387,8574,20,500,28,1.37,1,5,761,1.92,10,0.03,,,,,,0,0
216,89890,8594,20,503,20,1.45,1,5,761,1.92,110,0.36,,,,,,0,0
217.21,90393,8610,20,503,16,1.21,1,5,761,1.92,25,0.07,,,,,,0,0
218.52,90895,8626,20,502,16,1.31,1,5,761,1.92,100,0.26,,,,,,0,0
219.76,91398,8634,20,503,8,1.24,1,5,761,1.92,265,0.66,,,,,,0,0
220.99,91900,8650,20,502,16,1.24,1,5,761,1.92,25,0.09,,,,,,0,0
222.27,92401,8682,20,501,32,1.27,1,5,761,1.92,145,0.38,,,,,,0,0
223.5,92902,8702,20,501,20,1.23,1,5,761,1.92,70,0.15,,,,,,0,0
224.79,93404,8726,20,502,24,1.29,1,5,761,1.92,15,0.05,,,,,,0,0
226.05,93905,8762,20,501,36,1.27,1,5,761,1.92,40,0.09,,,,,,0,0
227.35,94409,8778,20,504,16,1.3,1,5,761,1.92,120,0.28,,,,,,0,0
228.85,94913,8806,20,504,28,1.5,1,5,761,1.92,5,0.02,,,,,,0,0
230.07,95416,8818,20,503,12,1.22,1,5,761,1.92,120,0.29,,,,,,0,0
231.27,95917,8822,20,501,4,1.2,1,5,761,1.92,285,0.68,,,,,,0,0
232.49,96421,8846,20,504,24,1.22,1,5,761,1.92,35,0.1,,,,,,0,0
233.8,96921,8858,20,500,12,1.31,1,5,761,1.92,5,0.01,,,,,,0,0
234.98,97422,8878,20,501,20,1.18,1,5,761,1.92,155,0.38,,,,,,0,0
236.16,97925,8894,20,503,16,1.18,1,5,761,1.92,325,0.83,,,,,,0,0
237.3,98429,8906,20,504,12,1.13,1,5,761,1.92,15,0.03,,,,,,0,0
238.42,98929,8930,20,500,24,1.12,1,5,761,1.92,85,0.17,,,,,,0,0
239.63,99433,8958,20,504,28,1.2,1,5,761,1.92,15,0.03,,,,,,0,0
240.81,99934,8990,20,501,32,1.18,1,5,761,1.92,100,0.22,,,,,,0,0
242.08,100434,9030,20,500,40,1.28,1,5,761,1.92,30,0.09,,,,,,0,0
243.23,100934,9050,20,500,20,1.15,1,5,761,1.92,125,0.3,,,,,,0,0
244.45,101436,9074,20,502,24,1.22,1,5,761,1.92,205,0.5,,,,,,0,0
245.6,101939,9086,20,503,12,1.15,1,5,761,1.92,200,0.44,,,,,,0,0
246.74,102441,9122,20,502,36,1.14,1,5,761,1.92,5,0.01,,,,,,0,0
247.95,102942,9134,20,501,12,1.22,1,5,761,1.92,30,0.07,,,,,,0,0
249.12,103446,9146,20,504,12,1.17,1,5,761,1.92,120,0.24,,,,,,0,0
250.2,103946,9170,20,500,24,1.08,1,5,761,1.92,180,0.39,,,,,,0,0
251.31,104446,9190,20,500,20,1.11,1,5,761,1.92,95,0.21,,,,,,0,0
252.49,104947,9202,20,501,12,1.18,1,5,761,1.92,170,0.42,,,,,,0,0
253.95,105448,9226,20,501,24,1.46,1,5,761,1.92,90,0.28,,,,,,0,0
255.17,105952,9250,20,504,24,1.22,1,5,761,1.92,5,0.01,,,,,,0,0
256.41,106454,9274,20,502,24,1.24,1,5,761,1.92,220,0.56,,,,,,0,0
257.57,106956,9282,20,502,8,1.17,1,5,761,1.92,140,0.3,,,,,,0,0
258.71,107457,9330,20,501,48,1.14,1,5,761,1.92,5,0.01,,,,,,0,0
259.99,107960,9354,20,503,24,1.28,1,5,761,1.92,85,0.18,,,,,,0,0
261.05,108464,9390,20,504,36,1.05,1,5,761,1.92,25,0.06,,,,,,0,0
262.32,108965,9414,20,501,24,1.28,1,5,761,1.92,145,0.35,,,,,,0,0
263.69,109466,9430,20,501,16,1.36,1,5,761,1.92,395,0.97,,,,,,0,0
264.78,109967,9450,20,501,20,1.09,1,5,761,1.92,190,0.39,,,,,,0,0
266.11,110469,9458,20,502,8,1.33,1,5,761,1.92,25,0.07,,,,,,0,0
267.36,110971,9482,20,502,24,1.24,1,5,761,1.92,145,0.32,,,,,,0,0
268.58,111473,9498,20,502,16,1.22,1,5,761,1.92,30,0.08,,,,,,0,0
269.9,111975,9514,20,502,16,1.32,1,5,761,1.92,170,0.42,,,,,,0,0
270.99,112478,9530,20,503,16,1.09,1,5,761,1.92,200,0.41,,,,,,0,0
272.15,112978,9550,20,500,20,1.17,1,5,761,1.92,10,0.02,,,,,,0,0
273.4,113480,9578,20,502,28,1.25,1,5,761,1.92,55,0.19,,,,,,0,0
274.56,113984,9594,20,504,16,1.15,1,5,761,1.92,25,0.05,,,,,,0,0
275.69,114485,9614,20,501,20,1.14,1,5,761,1.92,155,0.38,,,,,,0,0
277.1,114985,9654,20,500,40,1.4,1,5,761,1.92,0,0,,,,,,0,0
278.3,115486,9674,20,501,20,1.2,1,5,761,1.92,25,0.07,,,,,,0,0
279.53,115990,9722,20,504,48,1.23,1,5,761,1.92,5,0.01,,,,,,0,0
280.61,116493,9734,20,503,12,1.08,1,5,761,1.92,155,0.33,,,,,,0,0
281.76,116997,9778,20,504,44,1.15,1,5,761,1.92,30,0.07,,,,,,0,0
282.9,117499,9806,20,502,28,1.14,1,5,761,1.92,95,0.19,,,,,,0,0
284,117999,9838,20,500,32,1.1,1,5,761,1.92,65,0.16,,,,,,0,0
285.34,118500,9862,20,501,24,1.34,1,5,761,1.92,110,0.4,,,,,,0,0
286.69,119003,9890,20,503,28,1.34,1,5,761,1.92,115,0.24,,,,,,0,0
287.82,119506,9934,20,503,44,1.13,1,5,761,1.92,15,0.03,,,,,,0,0
289.21,120008,9950,20,502,16,1.38,1,5,761,1.92,20,0.05,,,,,,0,0
290.33,120512,9974,20,504,24,1.13,1,5,761,1.92,65,0.16,,,,,,0,0
291.64,121015,9998,20,503,24,1.31,1,5,761,1.92,30,0.09,,,,,,0,0
292.99,121517,10014,20,502,16,1.35,1,5,761,1.92,5,0.01,,,,,,0,0
294.28,122017,10026,20,500,12,1.28,1,5,761,1.92,250,0.63,,,,,,0,0
295.45,122517,10030,20,500,4,1.18,1,5,761,1.92,205,0.52,,,,,,0,0
296.63,123021,10054,20,504,24,1.18,1,5,761,1.92,20,0.04,,,,,,0,0
297.83,123525,10094,20,504,40,1.2,1,5,761,1.92,75,0.2,,,,,,0,0
298.89,124028,10126,20,503,32,1.06,1,5,761,1.92,25,0.05,,,,,,0,0
300.23,124530,10146,20,502,20,1.34,1,5,761,1.92,125,0.42,,,,,,0,0
301.44,125031,10174,20,501,28,1.2,1,5,761,1.92,90,0.22,,,,,,0,0
302.71,125533,10214,20,502,40,1.27,1,5,761,1.92,140,0.34,,,,,,0,0
303.93,126036,10230,20,503,16,1.22,1,5,761,1.92,0,0,,,,,,0,0
305.13,126537,10270,20,501,40,1.2,1,5,761,1.92,5,0.01,,,,,,0,0
306.34,127040,10290,20,503,20,1.2,1,5,761,1.92,55,0.12,,,,,,0,0
307.54,127542,10298,20,502,8,1.2,1,5,761,1.92,155,0.38,,,,,,0,0
308.8,128044,10322,20,502,24,1.26,1,5,761,1.92,35,0.08,,,,,,0,0
309.99,128547,10358,20,503,36,1.18,1,5,761,1.92,25,0.05,,,,,,0,0
311.18,129050,10382,20,503,24,1.2,1,5,761,1.92,25,0.05,,,,,,0,0
312.45,129554,10410,20,504,28,1.27,1,5,761,1.92,45,0.1,,,,,,0,0
313.57,130058,10446,20,504,36,1.12,1,5,761,1.92,15,0.04,,,,,,0,0
314.74,130561,10462,20,503,16,1.17,1,5,761,1.92,155,0.35,,,,,,0,0
315.96,131062,10482,20,501,20,1.21,1,5,761,1.92,25,0.06,,,,,,0,0
317.12,131562,10510,20,500,28,1.16,1,5,761,1.92,10,0.02,,,,,,0,0
318.37,132065,10534,20,503,24,1.24,1,5,761,1.92,50,0.11,,,,,,0,0
319.86,132567,10538,20,502,4,1.5,1,5,761,1.92,65,0.27,,,,,,0,0
321.27,133068,10574,20,501,36,1.41,1,5,761,1.92,80,0.17,,,,,,0,0
322.49,133572,10622,20,504,48,1.22,1,5,761,1.92,20,0.05,,,,,,0,0
323.66,134073,10650,20,501,28,1.17,1,5,761,1.92,130,0.31,,,,,,0,0
324.98,134577,10662,20,504,12,1.32,1,5,761,1.92,210,0.54,,,,,,0,0
326.28,135080,10686,20,503,24,1.29,1,5,761,1.92,85,0.21,,,,,,0,0
327.5,135582,10722,20,502,36,1.23,1,5,761,1.92,5,0.01,,,,,,0,0
328.77,136084,10746,20,502,24,1.27,1,5,761,1.92,55,0.15,,,,,,0,0
329.87,136584,10762,20,500,16,1.09,1,5,761,1.92,120,0.24,,,,,,0,0
331.12,137084,10806,20,500,44,1.25,1,5,761,1.92,10,0.03,,,,,,0,0
332.39,137584,10822,20,500,16,1.27,1,5,761,1.92,70,0.21,,,,,,0,0
333.58,138085,10826,20,501,4,1.19,1,5,761,1.92,215,0.53,,,,,,0,0
334.9,138588,10878,20,503,52,1.32,1,5,761,1.92,15,0.04,,,,,,0,0
336.11,139092,10918,20,504,40,1.21,1,5,761,1.92,20,0.04,,,,,,0,0
337.3,139595,10942,20,503,24,1.19,1,5,761,1.92,70,0.16,,,,,,0,0
338.58,140097,10962,20,502,20,1.27,1,5,761,1.92,250,0.61,,,,,,0,0
339.77,140597,10990,20,500,28,1.19,1,5,761,1.92,35,0.1,,,,,,0,0
340.98,141101,11018,20,504,28,1.21,1,5,761,1.92,10,0.03,,,,,,0,0
342.18,141604,11038,20,503,20,1.2,1,5,761,1.92,20,0.05,,,,,,0,0
343.28,142107,11046,20,503,8,1.1,1,5,761,1.92,235,0.56,,,,,,0,0
344.44,142610,11058,20,503,12,1.16,1,5,761,1.92,150,0.37,,,,,,0,0
345.66,143113,11098,20,503,40,1.21,1,5,761,1.92,20,0.05,,,,,,0,0
346.74,143616,11122,20,503,24,1.09,1,5,761,1.92,85,0.2,,,,,,0,0
347.88,144118,11146,20,502,24,1.13,1,5,761,1.92,85,0.18,,,,,,0,0
348.94,144618,11170,20,500,24,1.06,1,5,761,1.92,55,0.12,,,,,,0,0
350.06,145120,11190,20,502,20,1.12,1,5,761,1.92,20,0.05,,,,,,0,0
351.24,145624,11202,20,504,12,1.18,1,5,761,1.92,40,0.09,,,,,,0,0
352.49,146125,11214,20,501,12,1.25,1,5,761,1.92,25,0.06,,,,,,0,0
353.63,146626,11234,20,501,20,1.14,1,5,761,1.92,45,0.11,,,,,,0,0
354.73,147128,11254,20,502,20,1.1,1,5,761,1.92,30,0.07,,,,,,0,0
355.99,147630,11286,20,502,32,1.26,1,5,761,1.92,5,0.01,,,,,,0,0
357.38,148133,11326,20,503,40,1.39,1,5,761,1.92,15,0.03,,,,,,0,0
358.57,148634,11354,20,501,28,1.19,1,5,761,1.92,140,0.3,,,,,,0,0
359.66,149134,11394,20,500,40,1.09,1,5,761,1.92,50,0.11,,,,,,0,0
360.77,149634,11442,20,500,48,1.11,1,5,761,1.92,70,0.16,,,,,,0,0
361.95,150138,11458,20,504,16,1.18,1,5,761,1.92,155,0.4,,,,,,0,0
363.16,150640,11490,20,502,32,1.21,1,5,761,1.92,105,0.26,,,,,,0,0
364.4,151140,11510,20,500,20,1.24,1,5,761,1.92,0,0,,,,,,0,0
365.52,151643,11526,20,503,16,1.13,1,5,761,1.92,190,0.43,,,,,,0,0
366.74,152143,11542,20,500,16,1.22,1,5,761,1.92,65,0.15,,,,,,0,0
368.05,152646,11582,20,503,40,1.31,1,5,761,1.92,30,0.08,,,,,,0,0
369.23,153147,11594,20,501,12,1.19,1,5,761,1.92,315,0.73,,,,,,0,0
370.49,153651,11618,20,504,24,1.26,1,5,761,1.92,140,0.38,,,,,,0,0
371.78,154153,11634,20,502,16,1.29,1,5,761,1.92,10,0.03,,,,,,0,0
372.96,154656,11654,20,503,20,1.18,1,5,761,1.92,5,0.01,,,,,,0,0
374.13,155157,11678,20,501,24,1.17,1,5,761,1.92,0,0,,,,,,0,0
375.28,155657,11702,20,500,24,1.15,1,5,761,1.92,0,0,,,,,,0,0
376.51,156157,11734,20,500,32,1.23,1,5,761,1.92,45,0.09,,,,,,0,0
377.62,156661,11750,20,504,16,1.11,1,5,761,1.92,120,0.25,,,,,,0,0
378.85,157164,11790,20,503,40,1.23,1,5,761,1.92,55,0.13,,,,,,0,0
380.08,157667,11830,20,503,40,1.23,1,5,761,1.92,10,0.02,,,,,,0,0
381.37,158169,11854,20,502,24,1.28,1,5,761,1.92,15,0.03,,,,,,0,0
382.6,158670,11882,20,501,28,1.23,1,5,761,1.92,30,0.06,,,,,,0,0
383.76,159173,11894,20,503,12,1.17,1,5,761,1.92,85,0.19,,,,,,0,0
384.98,159675,11918,20,502,24,1.22,1,5,761,1.92,30,0.08,,,,,,0,0
386.18,160176,11946,20,501,28,1.2,1,5,761,1.92,95,0.21,,,,,,0,0
387.3,160678,11954,20,502,8,1.12,1,5,761,1.92,205,0.46,,,,,,0,0
388.5,161178,11982,20,500,28,1.21,1,5,761,1.92,105,0.27,,,,,,0,0
389.79,161681,11998,20,503,16,1.29,1,5,761,1.92,80,0.19,,,,,,0,0
391.01,162184,12022,20,503,24,1.22,1,5,761,1.92,95,0.19,,,,,,0,0
392.26,162685,12038,20,501,16,1.25,1,5,761,1.92,75,0.2,,,,,,0,0
393.46,163187,12062,20,502,24,1.19,1,5,761,1.92,10,0.04,,,,,,0,0
394.72,163687,12078,20,500,16,1.26,1,5,761,1.92,320,0.8,,,,,,0,0
395.89,164189,12098,20,502,20,1.17,1,5,761,1.92,60,0.12,,,,,,0,0
397.08,164689,12118,20,500,20,1.19,1,5,761,1.92,50,0.11,,,,,,0,0
398.24,165193,12146,20,504,28,1.16,1,5,761,1.92,40,0.09,,,,,,0,0
399.46,165693,12162,20,500,16,1.21,1,5,761,1.92,10,0.03,,,,,,0,0
400.75,166194,12218,20,501,56,1.29,1,5,761,1.92,20,0.04,,,,,,0,0
401.97,166695,12238,20,501,20,1.22,1,5,761,1.92,100,0.27,,,,,,0,0
403.13,167197,12258,20,502,20,1.15,1,5,761,1.92,90,0.23,,,,,,0,0
404.3,167699,12286,20,502,28,1.17,1,5,761,1.92,25,0.07,,,,,,0,0
405.57,168201,12314,20,502,28,1.27,1,5,761,1.92,105,0.24,,,,,,0,0
406.91,168701,12342,20,500,28,1.33,1,5,761,1.92,140,0.35,,,,,,0,0
408.14,169204,12366,20,503,24,1.23,1,5,761,1.92,5,0.01,,,,,,0,0
409.36,169706,12386,20,502,20,1.22,1,5,761,1.92,65,0.18,,,,,,0,0
410.55,170207,12406,20,501,20,1.18,1,5,761,1.92,200,0.46,,,,,,0,0
411.68,170709,12434,20,502,28,1.13,1,5,761,1.92,65,0.15,,,,,,0,0
413,171213,12446,20,504,12,1.32,1,5,761,1.92,100,0.26,,,,,,0,0
414.15,171713,12470,20,500,24,1.15,1,5,761,1.92,0,0,,,,,,0,0
415.38,172214,12494,20,501,24,1.23,1,5,761,1.92,10,0.03,,,,,,0,0
416.46,172714,12510,20,500,16,1.08,1,5,761,1.92,165,0.35,,,,,,0,0
417.64,173215,12546,20,501,36,1.18,1,5,761,1.92,75,0.2,,,,,,0,0
418.84,173719,12574,20,504,28,1.2,1,5,761,1.92,65,0.13,,,,,,0,0
419.99,174221,12582,20,502,8,1.14,1,5,761,1.92,245,0.59,,,,,,0,0
421.24,174722,12614,20,501,32,1.26,1,5,761,1.92,75,0.18,,,,,,0,0
422.5,175226,12646,20,504,32,1.26,1,5,761,1.92,160,0.37,,,,,,0,0
423.61,175729,12690,20,503,44,1.1,1,5,761,1.92,70,0.18,,,,,,0,0
424.69,176230,12714,20,501,24,1.08,1,5,761,1.92,15,0.03,,,,,,0,0
425.88,176730,12750,20,500,36,1.19,1,5,761,1.92,80,0.2,,,,,,0,0
427.37,177233,12770,20,503,20,1.49,1,5,761,1.92,80,0.18,,,,,,0,0
428.49,177737,12790,20,504,20,1.12,1,5,761,1.92,250,0.58,,,,,,0,0
429.53,178239,12810,20,502,20,1.04,1,5,761,1.92,95,0.22,,,,,,0,0
430.65,178739,12858,20,500,48,1.11,1,5,761,1.92,45,0.1,,,,,,0,0
431.97,179241,12878,20,502,20,1.32,1,5,761,1.92,240,0.61,,,,,,0,0
433.16,179741,12894,20,500,16,1.19,1,5,761,1.92,180,0.43,,,,,,0,0
434.46,180244,12910,20,503,16,1.3,1,5,761,1.92,205,0.54,,,,,,0,0
435.73,180745,12942,20,501,32,1.27,1,5,761,1.92,75,0.18,,,,,,0,0
436.99,181247,12962,20,502,20,1.26,1,5,761,1.92,30,0.07,,,,,,0,0
438.26,181750,12986,20,503,24,1.27,1,5,761,1.92,30,0.06,,,,,,0,0
439.54,182251,13038,20,501,52,1.29,1,5,761,1.92,55,0.18,,,,,,0,0
440.81,182751,13082,20,500,44,1.27,1,5,761,1.92,235,0.61,,,,,,0,0
442.01,183251,13090,20,500,8,1.2,1,5,761,1.92,225,0.57,,,,,,0,0
443.2,183753,13114,20,502,24,1.19,1,5,761,1.92,45,0.11,,,,,,0,0
444.31,184256,13134,20,503,20,1.1,1,5,761,1.92,30,0.05,,,,,,0,0
445.5,184759,13174,20,503,40,1.19,1,5,761,1.92,255,0.61,,,,,,0,0
446.79,185261,13198,20,502,24,1.29,1,5,761,1.92,155,0.4,,,,,,0,0
448.02,185762,13230,20,501,32,1.23,1,5,761,1.92,30,0.07,,,,,,0,0
449.26,186266,13254,20,504,24,1.24,1,5,761,1.92,70,0.17,,,,,,0,0
450.51,186769,13286,20,503,32,1.25,1,5,761,1.92,90,0.22,,,,,,0,0
451.72,187270,13334,20,501,48,1.21,1,5,761,1.92,10,0.02,,,,,,0,0
452.92,187770,13350,20,500,16,1.21,1,5,761,1.92,145,0.36,,,,,,0,0
454.19,188272,13382,20,502,32,1.26,1,5,761,1.92,90,0.26,,,,,,0,0
455.42,188773,13394,20,501,12,1.23,1,5,761,1.92,30,0.06,,,,,,0,0
456.49,189273,13426,20,500,32,1.07,1,5,761,1.92,75,0.16,,,,,,0,0
457.73,189774,13442,20,501,16,1.24,1,5,761,1.92,25,0.06,,,,,,0,0
458.97,190275,13482,20,501,40,1.24,1,5,761,1.92,65,0.16,,,,,,0,0
460.21,190776,13502,20,501,20,1.24,1,5,761,1.92,140,0.37,,,,,,0,0
461.44,191279,13514,20,503,12,1.23,1,5,761,1.92,25,0.06,,,,,,0,0
462.57,191780,13534,20,501,20,1.12,1,5,761,1.92,210,0.48,,,,,,0,0
463.75,192282,13550,20,502,16,1.18,1,5,761,1.92,50,0.15,,,,,,0,0
465.03,192785,13582,20,503,32,1.28,1,5,761,1.92,75,0.2,,,,,,0,0
466.26,193286,13602,20,501,20,1.23,1,5,761,1.92,45,0.1,,,,,,0,0
467.48,193786,13630,20,500,28,1.21,1,5,761,1.92,20,0.07,,,,,,0,0
468.76,194288,13638,20,502,8,1.28,1,5,761,1.92,115,0.27,,,,,,0,0
469.96,194789,13662,20,501,24,1.2,1,5,761,1.92,25,0.05,,,,,,0,0
471.03,195293,13694,20,504,32,1.08,1,5,761,1.92,10,0.02,,,,,,0,0
472.27,195795,13734,20,502,40,1.24,1,5,761,1.92,15,0.04,,,,,,0,0
473.73,196297,13758,20,502,24,1.46,1,5,761,1.92,105,0.41,,,,,,0,0
474.82,196798,13774,20,501,16,1.09,1,5,761,1.92,45,0.09,,,,,,0,0
475.87,197299,13822,20,501,48,1.05,1,5,761,1.92,55,0.09,,,,,,0,0
476.92,197799,13846,20,500,24,1.05,1,5,761,1.92,55,0.1,,,,,,0,0
477.97,198303,13854,20,504,8,1.05,1,5,761,1.92,135,0.31,,,,,,0,0
479.1,198807,13874,20,504,20,1.12,1,5,761,1.92,120,0.26,,,,,,0,0
480.14,199309,13906,20,502,32,1.04,1,5,761,1.92,40,0.08,,,,,,0,0
481.25,199810,13910,20,501,4,1.11,1,5,761,1.92,300,0.7,,,,,,0,0
482.48,200310,13938,20,500,28,1.24,1,5,761,1.92,85,0.2,,,,,,0,0
483.69,200813,13966,20,503,28,1.21,1,5,761,1.92,20,0.06,,,,,,0,0
484.79,201314,13998,20,501,32,1.1,1,5,761,1.92,85,0.18,,,,,,0,0
485.93,201814,14034,20,500,36,1.14,1,5,761,1.92,35,0.08,,,,,,0,0
486.91,202315,14062,20,501,28,0.98,1,5,761,1.92,85,0.16,,,,,,0,0
487.91,202818,14086,20,503,24,1,1,5,761,1.92,200,0.37,,,,,,0,0
489.02,203320,14106,20,502,20,1.11,1,5,761,1.92,15,0.04,,,,,,0,0
490.05,203822,14142,20,502,36,1.03,1,5,761,1.92,20,0.04,,,,,,0,0
491.14,204324,14170,20,502,28,1.09,1,5,761,1.92,130,0.3,,,,,,0,0
492.37,204825,14198,20,501,28,1.23,1,5,761,1.92,75,0.19,,,,,,0,0
493.6,205329,14226,20,504,28,1.23,1,5,761,1.92,10,0.03,,,,,,0,0
494.74,205831,14234,20,502,8,1.15,1,5,761,1.92,235,0.58,,,,,,0,0
495.92,206332,14254,20,501,20,1.18,1,5,761,1.92,75,0.17,,,,,,0,0
497.19,206835,14282,20,503,28,1.27,1,5,761,1.92,30,0.08,,,,,,0,0
498.45,207338,14326,20,503,44,1.26,1,5,761,1.92,35,0.1,,,,,,0,0
499.73,207840,14342,20,502,16,1.28,1,5,761,1.92,165,0.45,,,,,,0,0
501.04,208341,14366,20,501,24,1.31,1,5,761,1.92,35,0.08,,,,,,0,0
502.22,208841,14394,20,500,28,1.18,1,5,761,1.92,35,0.08,,,,,,0,0
503.32,209341,14422,20,500,28,1.1,1,5,761,1.92,40,0.09,,,,,,0,0
504.46,209844,14434,20,503,12,1.14,1,5,761,1.92,225,0.5,,,,,,0,0
505.65,210345,14458,20,501,24,1.19,1,5,761,1.92,65,0.18,,,,,,0,0
506.89,210846,14474,20,501,16,1.24,1,5,761,1.92,55,0.15,,,,,,0,0
508.14,211346,14510,20,500,36,1.25,1,5,761,1.92,0,0,,,,,,0,0
509.42,211850,14538,20,504,28,1.28,1,5,761,1.92,55,0.15,,,,,,0,0
510.56,212351,14566,20,501,28,1.14,1,5,761,1.92,130,0.32,,,,,,0,0
511.83,212854,14574,20,503,8,1.26,1,5,761,1.92,290,0.72,,,,,,0,0
513.28,213354,14610,20,500,36,1.45,1,5,761,1.92,95,0.23,,,,,,0,0
514.45,213854,14630,20,500,20,1.17,1,5,761,1.92,130,0.37,,,,,,0,0
515.89,214356,14670,20,502,40,1.44,1,5,761,1.92,35,0.11,,,,,,0,0
517.09,214859,14702,20,503,32,1.2,1,5,761,1.92,105,0.2,,,,,,0,0
518.31,215363,14726,20,504,24,1.22,1,5,761,1.92,160,0.44,,,,,,0,0
519.42,215867,14762,20,504,36,1.11,1,5,761,1.92,75,0.16,,,,,,0,0
520.48,216367,14778,20,500,16,1.06,1,5,761,1.92,30,0.06,,,,,,0,0
521.69,216867,14822,20,500,44,1.22,1,5,761,1.92,5,0.01,,,,,,0,0
522.79,217370,14846,20,503,24,1.1,1,5,761,1.92,145,0.39,,,,,,0,0
524.1,217874,14862,20,504,16,1.3,1,5,761,1.92,10,0.03,,,,,,0,0
525.35,218376,14890,20,502,28,1.25,1,5,761,1.92,85,0.24,,,,,,0,0
526.7,218877,14926,20,501,36,1.35,1,5,761,1.92,10,0.02,,,,,,0,0
527.96,219378,14942,20,501,16,1.26,1,5,761,1.92,105,0.28,,,,,,0,0
529.18,219881,14962,20,503,20,1.22,1,5,761,1.92,70,0.18,,,,,,0,0
530.35,220384,15002,20,503,40,1.18,1,5,761,1.92,90,0.19,,,,,,0,0
531.48,220886,15038,20,502,36,1.12,1,5,761,1.92,45,0.1,,,,,,0,0
532.73,221387,15042,20,501,4,1.25,1,5,761,1.92,370,0.93,,,,,,0,0
534,221890,15062,20,503,20,1.27,1,5,761,1.92,115,0.26,,,,,,0,0
535.25,222394,15106,20,504,44,1.25,1,5,761,1.92,20,0.04,,,,,,0,0
536.43,222897,15138,20,503,32,1.17,1,5,761,1.92,25,0.05,,,,,,0,0
537.72,223400,15178,20,503,40,1.3,1,5,761,1.92,70,0.17,,,,,,0,0
538.82,223903,15214,20,503,36,1.1,1,5,761,1.92,40,0.07,,,,,,0,0
540.01,224403,15250,20,500,36,1.19,1,5,761,1.92,25,0.06,,,,,,0,0
541.26,224903,15274,20,500,24,1.26,1,5,761,1.92,25,0.07,,,,,,0,0
542.46,225405,15282,20,502,8,1.19,1,5,761,1.92,145,0.38,,,,,,0,0
543.53,225906,15302,20,501,20,1.07,1,5,761,1.92,70,0.17,,,,,,0,0
544.69,226407,15326,20,501,24,1.16,1,5,761,1.92,105,0.26,,,,,,0,0
545.73,226911,15346,20,504,20,1.04,1,5,761,1.92,10,0.02,,,,,,0,0
546.88,227415,15374,20,504,28,1.15,1,5,761,1.92,5,0.01,,,,,,0,0
548.08,227915,15382,20,500,8,1.2,1,5,761,1.92,145,0.34,,,,,,0,0
549.24,228419,15406,20,504,24,1.17,1,5,761,1.92,105,0.24,,,,,,0,0
550.35,228921,15438,20,502,32,1.1,1,5,761,1.92,50,0.13,,,,,,0,0
551.49,229425,15450,20,504,12,1.14,1,5,761,1.92,20,0.03,,,,,,0,0
552.65,229928,15486,20,503,36,1.16,1,5,761,1.92,35,0.08,,,,,,0,0
553.86,230430,15498,20,502,12,1.21,1,5,761,1.92,95,0.21,,,,,,0,0
555.05,230930,15518,20,500,20,1.2,1,5,761,1.92,60,0.14,,,,,,0,0
556.25,231432,15554,20,502,36,1.19,1,5,761,1.92,95,0.21,,,,,,0,0
557.34,231932,15570,20,500,16,1.1,1,5,761,1.92,145,0.34,,,,,,0,0
558.58,232434,15602,20,502,32,1.23,1,5,761,1.92,125,0.3,,,,,,0,0
559.68,232937,15626,20,503,24,1.1,1,5,761,1.92,5,0.01,,,,,,0,0
560.85,233438,15654,20,501,28,1.18,1,5,761,1.92,45,0.08,,,,,,0,0
561.99,233941,15678,20,503,24,1.14,1,5,761,1.92,80,0.18,,,,,,0,0
563.12,234441,15714,20,500,36,1.13,1,5,761,1.92,20,0.05,,,,,,0,0
564.24,234943,15746,20,502,32,1.13,1,5,761,1.92,10,0.02,,,,,,0,0
565.47,235445,15782,20,502,36,1.22,1,5,761,1.92,10,0.03,,,,,,0,0
566.76,235948,15802,20,503,20,1.29,1,5,761,1.92,80,0.22,,,,,,0,0
568.09,236452,15830,20,504,28,1.33,1,5,761,1.92,15,0.03,,,,,,0,0
569.33,236956,15858,20,504,28,1.24,1,5,761,1.92,10,0.01,,,,,,0,0
570.84,237457,15890,20,501,32,1.52,1,5,761,1.92,85,0.21,,,,,,0,0
572.05,237957,15902,20,500,12,1.2,1,5,761,1.92,50,0.12,,,,,,0,0
573.27,238458,15926,20,501,24,1.23,1,5,761,1.92,55,0.14,,,,,,0,0
574.55,238961,15954,20,503,28,1.28,1,5,761,1.92,45,0.13,,,,,,0,0
575.83,239464,15966,20,503,12,1.28,1,5,761,1.92,215,0.54,,,,,,0,0
577.05,239964,16014,20,500,48,1.22,1,5,761,1.92,0,0,,,,,,0,0
578.12,240467,16050,20,503,36,1.06,1,5,761,1.92,160,0.32,,,,,,0,0
579.27,240969,16074,20,502,24,1.15,1,5,761,1.92,40,0.11,,,,,,0,0
580.55,241469,16090,20,500,16,1.28,1,5,761,1.92,245,0.64,,,,,,0,0
581.76,241972,16114,20,503,24,1.21,1,5,761,1.92,15,0.04,,,,,,0,0
582.88,242472,16130,20,500,16,1.12,1,5,761,1.92,40,0.08,,,,,,0,0
584.03,242974,16166,20,502,36,1.15,1,5,761,1.92,100,0.22,,,,,,0,0
585.19,243475,16186,20,501,20,1.16,1,5,761,1.92,0,0,,,,,,0,0
586.43,243977,16210,20,502,24,1.24,1,5,761,1.92,50,0.11,,,,,,0,0
587.66,244478,16230,20,501,20,1.23,1,5,761,1.92,35,0.08,,,,,,0,0
589,244979,16246,20,501,16,1.34,1,5,761,1.92,110,0.31,,,,,,0,0
590.12,245479,16270,20,500,24,1.12,1,5,761,1.92,40,0.09,,,,,,0,0
591.43,245979,16302,20,500,32,1.32,1,5,761,1.92,115,0.33,,,,,,0,0
592.64,246481,16326,20,502,24,1.21,1,5,761,1.92,170,0.41,,,,,,0,0
593.87,246983,16350,20,502,24,1.23,1,5,761,1.92,15,0.04,,,,,,0,0
595.08,247485,16378,20,502,28,1.21,1,5,761,1.92,30,0.07,,,,,,0,0
596.24,247987,16410,20,502,32,1.15,1,5,761,1.92,50,0.11,,,,,,0,0
597.32,248488,16430,20,501,20,1.08,1,5,761,1.92,100,0.21,,,,,,0,0
598.45,248991,16462,20,503,32,1.13,1,5,761,1.92,45,0.1,,,,,,0,0
599.53,249491,16482,20,500,20,1.08,1,5,761,1.92,90,0.21,,,,,,0,0
600.6,249994,16502,20,503,20,1.07,1,5,761,1.92,20,0.04,,,,,,0,0
601.87,250498,16534,20,504,32,1.28,1,5,761,1.92,100,0.23,,,,,,0,0
603.07,250998,16570,20,500,36,1.2,1,5,761,1.92,20,0.05,,,,,,0,0
604.26,251500,16590,20,502,20,1.19,1,5,761,1.92,15,0.03,,,,,,0,0
605.36,252003,16610,20,503,20,1.1,1,5,761,1.92,55,0.11,,,,,,0,0
606.5,252507,16626,20,504,16,1.13,1,5,761,1.92,125,0.31,,,,,,0,0
607.65,253009,16646,20,502,20,1.16,1,5,761,1.92,45,0.1,,,,,,0,0
608.86,253511,16670,20,502,24,1.21,1,5,761,1.92,80,0.21,,,,,,0,0
610.12,254012,16706,20,501,36,1.26,1,5,761,1.92,110,0.21,,,,,,0,0
611.27,254514,16750,20,502,44,1.15,1,5,761,1.92,60,0.14,,,,,,0,0
612.45,255016,16778,20,502,28,1.18,1,5,761,1.92,30,0.07,,,,,,0,0
613.65,255520,16802,20,504,24,1.2,1,5,761,1.92,115,0.29,,,,,,0,0
614.79,256020,16814,20,500,12,1.15,1,5,761,1.92,90,0.21,,,,,,0,0
616.04,256523,16854,20,503,40,1.24,1,5,761,1.92,35,0.09,,,,,,0,0
617.17,257025,16878,20,502,24,1.13,1,5,761,1.92,40,0.09,,,,,,0,0
618.16,257529,16902,20,504,24,0.99,1,5,761,1.92,310,0.59,,,,,,0,0
619.26,258032,16926,20,503,24,1.1,1,5,761,1.92,60,0.12,,,,,,0,0
620.4,258534,16958,20,502,32,1.14,1,5,761,1.92,80,0.2,,,,,,0,0
621.56,259034,16978,20,500,20,1.16,1,5,761,1.92,40,0.09,,,,,,0,0
622.7,259536,17014,20,502,36,1.14,1,5,761,1.92,75,0.18,,,,,,0,0
623.79,260038,17022,20,502,8,1.09,1,5,761,1.92,350,0.76,,,,,,0,0
625,260542,17046,20,504,24,1.21,1,5,761,1.92,115,0.26,,,,,,0,0
626.28,261042,17062,20,500,16,1.28,1,5,761,1.92,50,0.12,,,,,,0,0
627.53,261544,17070,20,502,8,1.24,1,5,761,1.92,145,0.37,,,,,,0,0
628.66,262044,17086,20,500,16,1.13,1,5,761,1.92,25,0.07,,,,,,0,0
629.83,262548,17118,20,504,32,1.17,1,5,761,1.92,5,0.02,,,,,,0,0
631.2,263049,17134,20,501,16,1.37,1,5,761,1.92,80,0.2,,,,,,0,0
632.37,263553,17150,20,504,16,1.17,1,5,761,1.92,195,0.49,,,,,,0,0
633.53,264055,17182,20,502,32,1.16,1,5,761,1.92,5,0.01,,,,,,0,0
634.73,264556,17218,20,501,36,1.2,1,5,761,1.92,35,0.09,,,,,,0,0
635.99,265058,17242,20,502,24,1.26,1,5,761,1.92,75,0.19,,,,,,0,0
637.09,265562,17270,20,504,28,1.09,1,5,761,1.92,265,0.53,,,,,,0,0
638.21,266063,17298,20,501,28,1.13,1,5,761,1.92,35,0.08,,,,,,0,0
639.43,266567,17326,20,504,28,1.22,1,5,761,1.92,45,0.12,,,,,,0,0
640.58,267068,17350,20,501,24,1.14,1,5,761,1.92,170,0.39,,,,,,0,0
641.86,267568,17378,20,500,28,1.29,1,5,761,1.92,35,0.07,,,,,,0,0
642.92,268071,17410,20,503,32,1.06,1,5,761,1.92,25,0.06,,,,,,0,0
644.12,268571,17446,20,500,36,1.2,1,5,761,1.92,135,0.33,,,,,,0,0
645.35,269071,17478,20,500,32,1.23,1,5,761,1.92,25,0.05,,,,,,0,0
646.5,269573,17522,20,502,44,1.15,1,5,761,1.92,30,0.08,,,,,,0,0
647.81,270074,17550,20,501,28,1.31,1,5,761,1.92,125,0.37,,,,,,0,0
648.97,270578,17590,20,504,40,1.16,1,5,761,1.92,20,0.05,,,,,,0,0
650.22,271080,17626,20,502,36,1.24,1,5,761,1.92,180,0.46,,,,,,0,0
651.36,271583,17634,20,503,8,1.15,1,5,761,1.92,105,0.24,,,,,,0,0
652.61,272084,17670,20,501,36,1.25,1,5,761,1.92,80,0.2,,,,,,0,0
653.74,272586,17686,20,502,16,1.13,1,5,761,1.92,30,0.07,,,,,,0,0
654.81,273090,17710,20,504,24,1.07,1,5,761,1.92,5,0.01,,,,,,0,0
655.87,273594,17742,20,504,32,1.06,1,5,761,1.92,90,0.16,,,,,,0,0
656.95,274095,17762,20,501,20,1.08,1,5,761,1.92,70,0.16,,,,,,0,0
658.07,274597,17782,20,502,20,1.12,1,5,761,1.92,125,0.27,,,,,,0,0
659.2,275097,17826,20,500,44,1.13,1,5,761,1.92,15,0.03,,,,,,0,0
660.51,275598,17862,20,501,36,1.3,1,5,761,1.92,35,0.09,,,,,,0,0
661.74,276101,17898,20,503,36,1.23,1,5,761,1.92,30,0.08,,,,,,0,0
663.02,276603,17922,20,502,24,1.29,1,5,761,1.92,60,0.14,,,,,,0,0
664.2,277103,17938,20,500,16,1.18,1,5,761,1.92,60,0.14,,,,,,0,0
665.36,277605,17946,20,502,8,1.16,1,5,761,1.92,115,0.25,,,,,,0,0
666.47,278107,17970,20,502,24,1.11,1,5,761,1.92,200,0.44,,,,,,0,0
667.62,278609,17998,20,502,28,1.15,1,5,761,1.92,20,0.05,,,,,,0,0
668.79,279111,18026,20,502,28,1.16,1,5,761,1.92,55,0.13,,,,,,0,0
669.84,279613,18042,20,502,16,1.05,1,5,761,1.92,425,0.89,,,,,,0,0
670.89,280113,18058,20,500,16,1.06,1,5,761,1.92,140,0.3,,,,,,0,0
672.06,280614,18086,20,501,28,1.17,1,5,761,1.92,65,0.15,,,,,,0,0
673.35,281117,18106,20,503,20,1.29,1,5,761,1.92,60,0.14,,,,,,0,0
674.72,281619,18154,20,502,48,1.37,1,5,761,1.92,20,0.05,,,,,,0,0
675.92,282123,18194,20,504,40,1.2,1,5,761,1.92,10,0.03,,,,,,0,0
677.14,282627,18222,20,504,28,1.22,1,5,761,1.92,20,0.04,,,,,,0,0
678.46,283131,18238,20,504,16,1.32,1,5,761,1.92,270,0.7,,,,,,0,0
679.64,283631,18262,20,500,24,1.18,1,5,761,1.92,170,0.39,,,,,,0,0
680.93,284131,18282,20,500,20,1.29,1,5,761,1.92,110,0.31,,,,,,0,0
682.2,284633,18310,20,502,28,1.27,1,5,761,1.92,15,0.03,,,,,,0,0
683.37,285133,18330,20,500,20,1.17,1,5,761,1.92,70,0.16,,,,,,0,0
684.62,285635,18382,20,502,52,1.25,1,5,761,1.92,5,0.01,,,,,,0,0
685.76,286136,18402,20,501,20,1.13,1,5,761,1.92,30,0.08,,,,,,0,0
686.92,286639,18426,20,503,24,1.17,1,5,761,1.92,70,0.16,,,,,,0,0
688.05,287139,18458,20,500,32,1.13,1,5,761,1.92,15,0.05,,,,,,0,0
689.23,287639,18478,20,500,20,1.18,1,5,761,1.92,10,0.02,,,,,,0,0
690.42,288143,18510,20,504,32,1.19,1,5,761,1.92,20,0.04,,,,,,0,0
691.73,288647,18554,20,504,44,1.32,1,5,761,1.92,45,0.12,,,,,,0,0
692.94,289151,18562,20,504,8,1.21,1,5,761,1.92,280,0.64,,,,,,0,0
694.03,289654,18594,20,503,32,1.08,1,5,761,1.92,80,0.17,,,,,,0,0
695.08,290158,18610,20,504,16,1.05,1,5,761,1.92,80,0.15,,,,,,0,0
696.17,290660,18626,20,502,16,1.09,1,5,761,1.92,35,0.09,,,,,,0,0
697.2,291162,18634,20,502,8,1.03,1,5,761,1.92,5,0.01,,,,,,0,0
698.31,291662,18658,20,500,24,1.1,1,5,761,1.92,25,0.05,,,,,,0,0
699.46,292164,18694,20,502,36,1.16,1,5,761,1.92,50,0.12,,,,,,0,0
700.65,292666,18722,20,502,28,1.19,1,5,761,1.92,230,0.5,,,,,,0,0
701.91,293167,18754,20,501,32,1.26,1,5,761,1.92,60,0.16,,,,,,0,0
703.01,293669,18782,20,502,28,1.11,1,5,761,1.92,110,0.25,,,,,,0,0
704.06,294173,18802,20,504,20,1.05,1,5,761,1.92,95,0.21,,,,,,0,0
705.15,294673,18826,20,500,24,1.08,1,5,761,1.92,125,0.22,,,,,,0,0
706.24,295177,18838,20,504,12,1.1,1,5,761,1.92,145,0.34,,,,,,0,0
707.44,295679,18858,20,502,20,1.2,1,5,761,1.92,40,0.09,,,,,,0,0
708.7,296180,18886,20,501,28,1.26,1,5,761,1.92,5,0.01,,,,,,0,0
709.96,296683,18930,20,503,44,1.26,1,5,761,1.92,85,0.2,,,,,,0,0
711.11,297186,18982,20,503,52,1.15,1,5,761,1.92,40,0.08,,,,,,0,0
712.21,297688,19010,20,502,28,1.1,1,5,761,1.92,40,0.1,,,,,,0,0
713.49,298188,19038,20,500,28,1.28,1,5,761,1.92,45,0.14,,,,,,0,0
714.59,298688,19062,20,500,24,1.1,1,5,761,1.92,15,0.03,,,,,,0,0
715.64,299192,19090,20,504,28,1.05,1,5,761,1.92,40,0.09,,,,,,0,0
716.7,299693,19094,20,501,4,1.06,1,5,761,1.92,395,0.85,,,,,,0,0
717.76,300193,19122,20,500,28,1.06,1,5,761,1.92,0,0,,,,,,0,0
718.86,300695,19138,20,502,16,1.11,1,5,761,1.92,5,0.01,,,,,,0,0
720.08,301199,19150,20,504,12,1.22,1,5,761,1.92,160,0.37,,,,,,0,0
721.19,301701,19198,20,502,48,1.11,1,5,761,1.92,15,0.03,,,,,,0,0
722.35,302205,19222,20,504,24,1.16,1,5,761,1.92,155,0.3,,,,,,0,0
723.42,302705,19262,20,500,40,1.07,1,5,761,1.92,25,0.05,,,,,,0,0
724.61,303205,19302,20,500,40,1.19,1,5,761,1.92,5,0.01,,,,,,0,0
725.84,303706,19330,20,501,28,1.23,1,5,761,1.92,30,0.09,,,,,,0,0
726.98,304210,19346,20,504,16,1.15,1,5,761,1.92,260,0.56,,,,,,0,0
728.17,304714,19362,20,504,16,1.18,1,5,761,1.92,160,0.38,,,,,,0,0
729.47,305217,19374,20,503,12,1.3,1,5,761,1.92,80,0.2,,,,,,0,0
730.84,305717,19394,20,500,20,1.38,1,5,761,1.92,35,0.13,,,,,,0,0
732.4,306219,19422,20,502,28,1.56,1,5,761,1.92,60,0.16,,,,,,0,0
733.56,306719,19442,20,500,20,1.16,1,5,761,1.92,65,0.13,,,,,,0,0
734.66,307219,19470,20,500,28,1.09,1,5,761,1.92,5,0.01,,,,,,0,0
735.98,307723,19506,20,504,36,1.32,1,5,761,1.92,90,0.24,,,,,,0,0
737.14,308226,19518,20,503,12,1.17,1,5,761,1.92,215,0.5,,,,,,0,0
738.3,308730,19538,20,504,20,1.15,1,5,761,1.92,65,0.16,,,,,,0,0
739.49,309230,19574,20,500,36,1.19,1,5,761,1.92,110,0.24,,,,,,0,0
740.71,309731,19606,20,501,32,1.22,1,5,761,1.92,80,0.17,,,,,,0,0
741.84,310235,19638,20,504,32,1.14,1,5,761,1.92,110,0.24,,,,,,0,0
743.02,310736,19678,20,501,40,1.17,1,5,761,1.92,65,0.11,,,,,,0,0
744.18,311237,19710,20,501,32,1.16,1,5,761,1.92,95,0.26,,,,,,0,0
745.48,311741,19738,20,504,28,1.3,1,5,761,1.92,5,0.01,,,,,,0,0
746.65,312241,19758,20,500,20,1.17,1,5,761,1.92,65,0.19,,,,,,0,0
747.91,312741,19778,20,500,20,1.26,1,5,761,1.92,230,0.59,,,,,,0,0
749.1,313243,19814,20,502,36,1.19,1,5,761,1.92,15,0.03,,,,,,0,0
750.34,313745,19822,20,502,8,1.24,1,5,761,1.92,95,0.28,,,,,,0,0
751.53,314246,19854,20,501,32,1.19,1,5,761,1.92,30,0.06,,,,,,0,0
752.84,314749,19882,20,503,28,1.31,1,5,761,1.92,135,0.37,,,,,,0,0
754.21,315252,19894,20,503,12,1.37,1,5,761,1.92,345,0.9,,,,,,0,0
755.33,315754,19914,20,502,20,1.12,1,5,761,1.92,10,0.03,,,,,,0,0
756.5,316254,19934,20,500,20,1.18,1,5,761,1.92,115,0.31,,,,,,0,0
757.54,316754,19958,20,500,24,1.03,1,5,761,1.92,25,0.06,,,,,,0,0
758.69,317257,19990,20,503,32,1.15,1,5,761,1.92,40,0.09,,,,,,0,0
759.78,317759,20014,20,502,24,1.09,1,5,761,1.92,80,0.17,,,,,,0,0
760.9,318260,20034,20,501,20,1.13,1,5,761,1.92,225,0.52,,,,,,0,0
762.2,318762,20090,20,502,56,1.3,1,5,761,1.92,40,0.09,,,,,,0,0
763.31,319264,20114,20,502,24,1.11,1,5,761,1.92,120,0.3,,,,,,0,0
764.52,319765,20138,20,501,24,1.21,1,5,761,1.92,70,0.15,,,,,,0,0
765.66,320265,20170,20,500,32,1.14,1,5,761,1.92,55,0.14,,,,,,0,0
766.93,320765,20186,20,500,16,1.27,1,5,761,1.92,5,0.01,,,,,,0,0
768.09,321268,20214,20,503,28,1.16,1,5,761,1.92,15,0.03,,,,,,0,0
769.36,321772,20230,20,504,16,1.27,1,5,761,1.92,50,0.14,,,,,,0,0
770.64,322274,20258,20,502,28,1.28,1,5,761,1.92,150,0.37,,,,,,0,0
771.86,322774,20266,20,500,8,1.22,1,5,761,1.92,60,0.16,,,,,,0,0
773.03,323278,20294,20,504,28,1.18,1,5,761,1.92,40,0.1,,,,,,0,0
774.21,323779,20314,20,501,20,1.18,1,5,761,1.92,35,0.09,,,,,,0,0
775.35,324282,20334,20,503,20,1.14,1,5,761,1.92,115,0.26,,,,,,0,0
776.54,324786,20354,20,504,20,1.19,1,5,761,1.92,70,0.15,,,,,,0,0
777.74,325287,20378,20,501,24,1.2,1,5,761,1.92,35,0.07,,,,,,0,0
778.92,325791,20406,20,504,28,1.18,1,5,761,1.92,10,0.03,,,,,,0,0
780.05,326294,20442,20,503,36,1.12,1,5,761,1.92,15,0.03,,,,,,0,0
781.38,326794,20462,20,500,20,1.34,1,5,761,1.92,140,0.4,,,,,,0,0
782.77,327298,20486,20,504,24,1.39,1,5,761,1.92,5,0.01,,,,,,0,0
783.97,327802,20502,20,504,16,1.2,1,5,761,1.92,70,0.16,,,,,,0,0
785.03,328304,20510,20,502,8,1.06,1,5,761,1.92,275,0.57,,,,,,0,0
786.12,328806,20538,20,502,28,1.08,1,5,761,1.92,145,0.35,,,,,,0,0
787.2,329310,20562,20,504,24,1.09,1,5,761,1.92,15,0.03,,,,,,0,0
788.41,329812,20586,20,502,24,1.21,1,5,761,1.92,70,0.17,,,,,,0,0
789.54,330315,20614,20,503,28,1.13,1,5,761,1.92,70,0.15,,,,,,0,0
790.66,330818,20646,20,503,32,1.12,1,5,761,1.92,10,0.03,,,,,,0,0
791.79,331321,20666,20,503,20,1.13,1,5,761,1.92,90,0.19,,,,,,0,0
792.94,331825,20686,20,504,20,1.15,1,5,761,1.92,40,0.09,,,,,,0,0
794.04,332327,20714,20,502,28,1.1,1,5,761,1.92,105,0.23,,,,,,0,0
795.16,332827,20726,20,500,12,1.11,1,5,761,1.92,10,0.01,,,,,,0,0
796.31,333327,20746,20,500,20,1.15,1,5,761,1.92,20,0.04,,,,,,0,0
797.56,333828,20766,20,501,20,1.25,1,5,761,1.92,50,0.12,,,,,,0,0
798.68,334331,20790,20,503,24,1.12,1,5,761,1.92,85,0.19,,,,,,0,0
799.89,334835,20814,20,504,24,1.21,1,5,761,1.92,165,0.4,,,,,,0,0
801,335337,20838,20,502,24,1.12,1,5,761,1.92,75,0.17,,,,,,0,0
802.26,335838,20862,20,501,24,1.26,1,5,761,1.92,150,0.34,,,,,,0,0
803.58,336340,20894,20,502,32,1.31,1,5,761,1.92,25,0.09,,,,,,0,0
804.77,336842,20902,20,502,8,1.2,1,5,761,1.92,180,0.44,,,,,,0,0
806.04,337343,20926,20,501,24,1.27,1,5,761,1.92,100,0.23,,,,,,0,0
807.34,337845,20958,20,502,32,1.3,1,5,761,1.92,10,0.03,,,,,,0,0
808.62,338345,20970,20,500,12,1.28,1,5,761,1.92,375,0.95,,,,,,0,0
809.71,338849,20986,20,504,16,1.09,1,5,761,1.92,125,0.29,,,,,,0,0
810.82,339350,21022,20,501,36,1.11,1,5,761,1.92,5,0.02,,,,,,0,0
812.19,339854,21058,20,504,36,1.37,1,5,761,1.92,35,0.1,,,,,,0,0
813.47,340356,21090,20,502,32,1.28,1,5,761,1.92,10,0.02,,,,,,0,0
814.73,340857,21146,20,501,56,1.27,2,10,761,1.92,45,0.1,,,,,,0,0
815.96,341361,21178,20,504,32,1.23,1,5,761,1.92,20,0.05,,,,,,0,0
817.1,341864,21202,20,503,24,1.14,1,5,761,1.92,50,0.1,,,,,,0,0
818.38,342368,21230,20,504,28,1.28,1,5,761,1.92,70,0.16,,,,,,0,0
819.59,342870,21246,20,502,16,1.21,1,5,761,1.92,315,0.73,,,,,,0,0
820.84,343370,21274,20,500,28,1.26,1,5,761,1.92,60,0.16,,,,,,0,0
822.04,343870,21314,20,500,40,1.2,1,5,761,1.92,25,0.05,,,,,,0,0
823.16,344374,21326,20,504,12,1.12,1,5,761,1.92,45,0.1,,,,,,0,0
824.3,344877,21338,20,503,12,1.14,1,5,761,1.92,25,0.06,,,,,,0,0
825.52,345377,21366,20,500,28,1.22,1,5,761,1.92,5,0.01,,,,,,0,0
826.83,345879,21382,20,502,16,1.31,1,5,761,1.92,160,0.43,,,,,,0,0
828.14,346381,21410,20,502,28,1.31,1,5,761,1.92,45,0.13,,,,,,0,0
829.41,346881,21426,20,500,16,1.27,1,5,761,1.92,95,0.27,,,,,,0,0
830.67,347384,21442,20,503,16,1.26,1,5,761,1.92,90,0.18,,,,,,0,0
831.89,347884,21470,20,500,28,1.22,1,5,761,1.92,55,0.14,,,,,,0,0
833.04,348385,21494,20,501,24,1.15,1,5,761,1.92,175,0.34,,,,,,0,0
834.11,348886,21498,20,501,4,1.07,1,5,761,1.92,465,1,,,,,,0,0
835.4,349390,21538,20,504,40,1.29,1,5,761,1.92,5,0.01,,,,,,0,0
836.65,349893,21562,20,503,24,1.25,1,5,761,1.92,75,0.19,,,,,,0,0
837.75,350396,21590,20,503,28,1.1,1,5,761,1.92,105,0.25,,,,,,0,0
839,350896,21618,20,500,28,1.25,1,5,761,1.92,120,0.25,,,,,,0,0
840.17,351397,21622,20,501,4,1.17,1,5,761,1.92,355,0.83,,,,,,0,0
841.37,351898,21638,20,501,16,1.2,1,5,761,1.92,80,0.18,,,,,,0,0
842.6,352400,21674,20,502,36,1.23,1,5,761,1.92,45,0.13,,,,,,0,0
843.77,352902,21710,20,502,36,1.16,1,5,761,1.92,25,0.06,,,,,,0,0
845.02,353403,21730,20,501,20,1.25,1,5,761,1.92,75,0.17,,,,,,0,0
846.35,353905,21758,20,502,28,1.34,1,5,761,1.92,50,0.13,,,,,,0,0
847.52,354405,21778,20,500,20,1.17,1,5,761,1.92,0,0,,,,,,0,0
848.74,354909,21802,20,504,24,1.22,1,5,761,1.92,50,0.11,,,,,,0,0
849.98,355413,21810,20,504,8,1.24,1,5,761,1.92,355,0.85,,,,,,0,0
851.19,355915,21838,20,502,28,1.21,1,5,761,1.92,110,0.28,,,,,,0,0
852.51,356415,21866,20,500,28,1.32,1,5,761,1.92,60,0.12,,,,,,0,0
853.67,356916,21886,20,501,20,1.15,1,5,761,1.92,10,0.02,,,,,,0,0
854.82,357417,21902,20,501,16,1.15,1,5,761,1.92,170,0.4,,,,,,0,0
856.03,357920,21914,20,503,12,1.21,1,5,761,1.92,280,0.69,,,,,,0,0
857.23,358420,21938,20,500,24,1.2,1,5,761,1.92,15,0.04,,,,,,0,0
858.49,358920,21962,20,500,24,1.27,1,5,761,1.92,30,0.08,,,,,,0,0
859.71,359421,21998,20,501,36,1.21,1,5,761,1.92,20,0.05,,,,,,0,0
860.88,359921,22022,20,500,24,1.17,1,5,761,1.92,90,0.23,,,,,,0,0
862.14,360425,22046,20,504,24,1.27,1,5,761,1.92,5,0.01,,,,,,0,0
863.44,360926,22074,20,501,28,1.3,1,5,761,1.92,50,0.16,,,,,,0,0
864.82,361429,22090,20,503,16,1.38,1,5,761,1.92,75,0.21,,,,,,0,0
866.02,361933,22114,20,504,24,1.2,1,5,761,1.92,245,0.55,,,,,,0,0
867.09,362437,22142,20,504,28,1.08,1,5,761,1.92,30,0.09,,,,,,0,0
868.26,362941,22170,20,504,28,1.16,1,5,761,1.92,10,0.03,,,,,,0,0
869.42,363444,22182,20,503,12,1.17,1,5,761,1.92,135,0.31,,,,,,0,0
870.62,363944,22194,20,500,12,1.2,1,5,761,1.92,215,0.51,,,,,,0,0
871.82,364445,22226,20,501,32,1.21,1,5,761,1.92,130,0.31,,,,,,0,0
873.05,364946,22258,20,501,32,1.22,1,5,761,1.92,95,0.21,,,,,,0,0
874.3,365447,22282,20,501,24,1.26,1,5,761,1.92,85,0.19,,,,,,0,0
875.4,365948,22306,20,501,24,1.1,1,5,761,1.92,80,0.16,,,,,,0,0
876.58,366450,22322,20,502,16,1.17,1,5,761,1.92,45,0.09,,,,,,0,0
877.7,366953,22350,20,503,28,1.13,1,5,761,1.92,5,0.02,,,,,,0,0
878.88,367454,22378,20,501,28,1.18,1,5,761,1.92,175,0.37,,,,,,0,0
880.03,367954,22398,20,500,20,1.15,1,5,761,1.92,0,0,,,,,,0,0
881.25,368455,22426,20,501,28,1.22,1,5,761,1.92,10,0.03,,,,,,0,0
882.36,368957,22446,20,502,20,1.11,1,5,761,1.92,120,0.22,,,,,,0,0
883.55,369458,22466,20,501,20,1.19,1,5,761,1.92,65,0.16,,,,,,0,0
884.99,369960,22494,20,502,28,1.44,1,5,761,1.92,95,0.29,,,,,,0,0
886.28,370463,22522,20,503,28,1.29,1,5,761,1.92,65,0.14,,,,,,0,0
887.48,370966,22554,20,503,32,1.2,1,5,761,1.92,120,0.27,,,,,,0,0
888.84,371466,22574,20,500,20,1.37,1,5,761,1.92,15,0.05,,,,,,0,0
890.01,371970,22590,20,504,16,1.17,1,5,761,1.92,175,0.39,,,,,,0,0
891.19,372472,22614,20,502,24,1.18,1,5,761,1.92,85,0.21,,,,,,0,0
892.57,372974,22650,20,502,36,1.37,1,5,761,1.92,20,0.05,,,,,,0,0
893.88,373477,22670,20,503,20,1.32,1,5,761,1.92,175,0.47,,,,,,0,0
895.18,373978,22702,20,501,32,1.3,1,5,761,1.92,65,0.14,,,,,,0,0
896.37,374479,22746,20,501,44,1.19,1,5,761,1.92,15,0.04,,,,,,0,0
897.68,374981,22770,20,502,24,1.31,1,5,761,1.92,120,0.3,,,,,,0,0
898.9,375481,22810,20,500,40,1.22,1,5,761,1.92,0,0,,,,,,0,0
900.1,375985,22826,20,504,16,1.19,1,5,761,1.92,45,0.12,,,,,,0,0
901.37,376486,22854,20,501,28,1.28,1,5,761,1.92,60,0.15,,,,,,0,0
902.58,376990,22882,20,504,28,1.21,1,5,761,1.92,70,0.17,,,,,,0,0
903.75,377494,22902,20,504,20,1.17,1,5,761,1.92,70,0.16,,,,,,0,0
905.12,377994,22934,20,500,32,1.37,1,5,761,1.92,20,0.07,,,,,,0,0
906.4,378496,22950,20,502,16,1.28,1,5,761,1.92,60,0.14,,,,,,0,0
907.55,378996,22978,20,500,28,1.15,1,5,761,1.92,15,0.03,,,,,,0,0
908.72,379500,23026,20,504,48,1.16,1,5,761,1.92,10,0.03,,,,,,0,0
909.92,380001,23042,20,501,16,1.2,1,5,761,1.92,0,0,,,,,,0,0
911.06,380501,23042,20,500,0,1.14,0,0,761,1.92,500,1.14,,,,,,0,0
912.2,381002,23074,20,501,32,1.14,1,5,761,1.92,20,0.04,,,,,,0,0
913.34,381503,23090,20,501,16,1.14,1,5,761,1.92,55,0.12,,,,,,0,0
914.59,382004,23130,20,501,40,1.25,1,5,761,1.92,40,0.1,,,,,,0,0
915.83,382508,23170,20,504,40,1.24,1,5,761,1.92,115,0.26,,,,,,0,0
917.07,383008,23230,20,500,60,1.24,1,5,761,1.92,0,0,,,,,,0,0
918.21,383511,23270,20,503,40,1.14,1,5,761,1.92,10,0.02,,,,,,0,0
919.42,384013,23294,20,502,24,1.21,1,5,761,1.92,45,0.1,,,,,,0,0
920.58,384514,23318,20,501,24,1.15,1,5,761,1.92,10,0.03,,,,,,0,0
921.77,385018,23366,20,504,48,1.2,1,5,761,1.92,40,0.09,,,,,,0,0
922.93,385520,23402,20,502,36,1.16,1,5,761,1.92,5,0.02,,,,,,0,0
924.11,386020,23438,20,500,36,1.17,1,5,761,1.92,35,0.08,,,,,,0,0
925.3,386524,23454,20,504,16,1.19,1,5,761,1.92,240,0.57,,,,,,0,0
926.54,387026,23478,20,502,24,1.24,1,5,761,1.92,35,0.08,,,,,,0,0
927.72,387527,23502,20,501,24,1.19,1,5,761,1.92,145,0.33,,,,,,0,0
928.93,388028,23514,20,501,12,1.21,1,5,761,1.92,90,0.22,,,,,,0,0
930.11,388528,23550,20,500,36,1.18,1,5,761,1.92,25,0.06,,,,,,0,0
931.5,389032,23574,20,504,24,1.39,1,5,761,1.92,5,0.01,,,,,,0,0
932.62,389533,23602,20,501,28,1.11,1,5,761,1.92,255,0.56,,,,,,0,0
933.8,390033,23626,20,500,24,1.18,1,5,761,1.92,20,0.04,,,,,,0,0
935.08,390533,23654,20,500,28,1.29,1,5,761,1.92,65,0.17,,,,,,0,0
936.25,391037,23694,20,504,40,1.17,1,5,761,1.92,95,0.22,,,,,,0,0
937.46,391540,23734,20,503,40,1.2,1,5,761,1.92,15,0.03,,,,,,0,0
938.61,392041,23750,20,501,16,1.15,1,5,761,1.92,15,0.04,,,,,,0,0
939.79,392545,23782,20,504,32,1.18,1,5,761,1.92,15,0.04,,,,,,0,0
940.91,393049,23802,20,504,20,1.13,1,5,761,1.92,185,0.42,,,,,,0,0
942.03,393551,23826,20,502,24,1.12,1,5,761,1.92,95,0.2,,,,,,0,0
943.22,394052,23854,20,501,28,1.19,1,5,761,1.92,15,0.04,,,,,,0,0
944.52,394555,23886,20,503,32,1.3,1,5,761,1.92,65,0.2,,,,,,0,0
945.83,395056,23902,20,501,16,1.31,1,5,761,1.92,70,0.18,,,,,,0,0
947.19,395558,23918,20,502,16,1.36,1,5,761,1.92,5,0.01,,,,,,0,0
948.5,396062,23930,20,504,12,1.32,1,5,761,1.92,80,0.19,,,,,,0,0
949.65,396563,23966,20,501,36,1.15,1,5,761,1.92,50,0.11,,,,,,0,0
950.98,397063,23982,20,500,16,1.33,1,5,761,1.92,20,0.04,,,,,,0,0
952.27,397563,24002,20,500,20,1.29,1,5,761,1.92,40,0.11,,,,,,0,0
953.6,398063,24018,20,500,16,1.33,1,5,761,1.92,15,0.05,,,,,,0,0
954.75,398563,24030,20,500,12,1.15,1,5,761,1.92,80,0.17,,,,,,0,0
955.89,399063,24062,20,500,32,1.14,1,5,761,1.92,0,0,,,,,,0,0
957.11,399567,24078,20,504,16,1.22,1,5,761,1.92,40,0.08,,,,,,0,0
958.41,400067,24110,20,500,32,1.3,1,5,761,1.92,220,0.51,,,,,,0,0
959.69,400569,24142,20,502,32,1.28,1,5,761,1.92,65,0.15,,,,,,0,0
960.81,401072,24170,20,503,28,1.12,1,5,761,1.92,25,0.05,,,,,,0,0
962.13,401575,24198,20,503,28,1.31,1,5,761,1.92,85,0.22,,,,,,0,0
963.37,402076,24222,20,501,24,1.24,1,5,761,1.92,35,0.12,,,,,,0,0
964.54,402579,24234,20,503,12,1.18,1,5,761,1.92,20,0.06,,,,,,0,0
965.72,403079,24258,20,500,24,1.18,1,5,761,1.92,35,0.08,,,,,,0,0
966.91,403579,24282,20,500,24,1.19,1,5,761,1.92,0,0,,,,,,0,0
968.21,404081,24306,20,502,24,1.3,1,5,761,1.92,50,0.1,,,,,,0,0
969.39,404582,24342,20,501,36,1.18,1,5,761,1.92,5,0.01,,,,,,0,0
970.57,405086,24362,20,504,20,1.18,1,5,761,1.92,25,0.06,,,,,,0,0
971.82,405590,24390,20,504,28,1.25,1,5,761,1.92,10,0.03,,,,,,0,0
973.04,406094,24422,20,504,32,1.22,1,5,761,1.92,55,0.14,,,,,,0,0
974.23,406594,24450,20,500,28,1.19,1,5,761,1.92,5,0.01,,,,,,0,0
975.6,407094,24458,20,500,8,1.37,1,5,761,1.92,190,0.51,,,,,,0,0
976.86,407594,24486,20,500,28,1.26,1,5,761,1.92,80,0.21,,,,,,0,0
978.1,408095,24526,20,501,40,1.24,1,5,761,1.92,5,0.01,,,,,,0,0
979.37,408597,24542,20,502,16,1.27,1,5,761,1.92,175,0.44,,,,,,0,0
980.63,409101,24574,20,504,32,1.25,1,5,761,1.92,110,0.29,,,,,,0,0
981.83,409603,24582,20,502,8,1.2,1,5,761,1.92,325,0.76,,,,,,0,0
982.93,410107,24610,20,504,28,1.1,1,5,761,1.92,45,0.11,,,,,,0,0
984.21,410611,24646,20,504,36,1.28,1,5,761,1.92,10,0.02,,,,,,0,0
985.39,411115,24670,20,504,24,1.18,1,5,761,1.92,35,0.09,,,,,,0,0
986.63,411618,24690,20,503,20,1.25,1,5,761,1.92,60,0.14,,,,,,0,0
987.86,412120,24738,20,502,48,1.23,1,5,761,1.92,45,0.1,,,,,,0,0
989.12,412622,24778,20,502,40,1.25,1,5,761,1.92,65,0.18,,,,,,0,0
990.29,413125,24786,20,503,8,1.17,1,5,761,1.92,235,0.56,,,,,,0,0
991.41,413625,24806,20,500,20,1.12,1,5,761,1.92,50,0.12,,,,,,0,0
992.62,414129,24818,20,504,12,1.21,1,5,761,1.92,55,0.1,,,,,,0,0
993.93,414631,24842,20,502,24,1.31,1,5,761,1.92,25,0.07,,,,,,0,0
995.16,415135,24862,20,504,20,1.23,1,5,761,1.92,80,0.17,,,,,,0,0
996.36,415635,24882,20,500,20,1.19,1,5,761,1.92,5,0.01,,,,,,0,0
997.64,416137,24910,20,502,28,1.28,1,5,761,1.92,15,0.05,,,,,,0,0
998.74,416639,24926,20,502,16,1.1,1,5,761,1.92,315,0.65,,,,,,0,0
999.88,417140,24954,20,501,28,1.14,1,5,761,1.92,20,0.05,,,,,,0,0
1001.17,417642,24978,20,502,24,1.29,1,5,761,1.92,125,0.3,,,,,,0,0
1002.42,418142,24994,20,500,16,1.25,1,5,761,1.92,30,0.06,,,,,,0,0
1003.59,418643,25014,20,501,20,1.17,1,5,761,1.92,15,0.04,,,,,,0,0
1004.71,419144,25038,20,501,24,1.12,1,5,761,1.92,20,0.05,,,,,,0,0
1005.92,419645,25066,20,501,28,1.21,1,5,761,1.92,30,0.06,,,,,,0,0
1007.09,420146,25086,20,501,20,1.17,1,5,761,1.92,115,0.25,,,,,,0,0
1008.32,420649,25106,20,503,20,1.23,1,5,761,1.92,120,0.31,,,,,,0,0
1009.56,421152,25130,20,503,24,1.24,1,5,761,1.92,25,0.05,,,,,,0,0
1010.7,421655,25158,20,503,28,1.14,1,5,761,1.92,35,0.09,,,,,,0,0
1011.89,422159,25198,20,504,40,1.19,1,5,761,1.92,50,0.14,,,,,,0,0
1013.09,422663,25230,20,504,32,1.2,1,5,761,1.92,5,0.02,,,,,,0,0
1014.34,423163,25246,20,500,16,1.25,1,5,761,1.92,45,0.12,,,,,,0,0
1015.47,423665,25266,20,502,20,1.13,1,5,761,1.92,65,0.14,,,,,,0,0
1016.77,424169,25290,20,504,24,1.3,1,5,761,1.92,20,0.05,,,,,,0,0
1017.95,424673,25318,20,504,28,1.18,1,5,761,1.92,30,0.05,,,,,,0,0
1019.14,425177,25342,20,504,24,1.19,1,5,761,1.92,115,0.3,,,,,,0,0
1020.37,425677,25358,20,500,16,1.23,1,5,761,1.92,295,0.71,,,,,,0,0
1021.68,426178,25394,20,501,36,1.31,1,5,761,1.92,180,0.48,,,,,,0,0
1022.98,426680,25434,20,502,40,1.3,1,5,761,1.92,160,0.4,,,,,,0,0
1024.05,427181,25470,20,501,36,1.07,1,5,761,1.92,20,0.04,,,,,,0,0
1025.17,427682,25494,20,501,24,1.12,1,5,761,1.92,45,0.1,,,,,,0,0
1026.31,428186,25506,20,504,12,1.14,1,5,761,1.92,75,0.18,,,,,,0,0
1027.38,428688,25526,20,502,20,1.07,1,5,761,1.92,40,0.11,,,,,,0,0
1028.73,429192,25550,20,504,24,1.35,1,5,761,1.92,20,0.04,,,,,,0,0
1029.96,429693,25566,20,501,16,1.24,1,5,761,1.92,45,0.11,,,,,,0,0
1031.19,430196,25574,20,503,8,1.23,1,5,761,1.92,325,0.79,,,,,,0,0
1032.55,430697,25614,20,501,40,1.36,1,5,761,1.92,80,0.22,,,,,,0,0
1033.88,431199,25642,20,502,28,1.33,1,5,761,1.92,10,0.02,,,,,,0,0
1035.1,431701,25670,20,502,28,1.22,1,5,761,1.92,55,0.12,,,,,,0,0
1036.26,432203,25694,20,502,24,1.16,1,5,761,1.92,10,0.02,,,,,,0,0
1037.38,432705,25698,20,502,4,1.12,1,5,761,1.92,350,0.8,,,,,,0,0
1038.64,433208,25742,20,503,44,1.26,1,5,761,1.92,35,0.06,,,,,,0,0
1039.92,433710,25782,20,502,40,1.29,1,5,761,1.92,15,0.03,,,,,,0,0
1041.18,434211,25802,20,501,20,1.26,1,5,761,1.92,5,0.01,,,,,,0,0
1042.33,434711,25822,20,500,20,1.15,1,5,761,1.92,45,0.12,,,,,,0,0
1043.6,435213,25862,20,502,40,1.28,1,5,761,1.92,15,0.03,,,,,,0,0
1044.86,435715,25894,20,502,32,1.26,1,5,761,1.92,5,0.01,,,,,,0,0
1046.19,436218,25910,20,503,16,1.32,1,5,761,1.92,45,0.12,,,,,,0,0
1047.28,436721,25926,20,503,16,1.1,1,5,761,1.92,60,0.11,,,,,,0,0
1048.52,437221,25950,20,500,24,1.23,1,5,761,1.92,20,0.04,,,,,,0,0
1049.72,437724,25982,20,503,32,1.21,1,5,761,1.92,95,0.21,,,,,,0,0
1050.98,438226,26006,20,502,24,1.26,1,5,761,1.92,30,0.07,,,,,,0,0
1052.27,438730,26030,20,504,24,1.29,1,5,761,1.92,295,0.77,,,,,,0,0
1053.46,439230,26050,20,500,20,1.19,1,5,761,1.92,210,0.46,,,,,,0,0
1054.63,439731,26070,20,501,20,1.17,1,5,761,1.92,80,0.19,,,,,,0,0
1055.88,440231,26090,20,500,20,1.25,1,5,761,1.92,140,0.36,,,,,,0,0
1057.06,440734,26130,20,503,40,1.18,1,5,761,1.92,55,0.15,,,,,,0,0
1058.2,441236,26150,20,502,20,1.14,1,5,761,1.92,40,0.09,,,,,,0,0
1059.41,441736,26170,20,500,20,1.21,1,5,761,1.92,55,0.14,,,,,,0,0
1060.83,442238,26186,20,502,16,1.42,1,5,761,1.92,15,0.05,,,,,,0,0
1062.04,442742,26218,20,504,32,1.21,1,5,761,1.92,145,0.36,,,,,,0,0
1063.33,443244,26226,20,502,8,1.29,1,5,761,1.92,245,0.69,,,,,,0,0
1064.49,443746,26250,20,502,24,1.15,1,5,761,1.92,50,0.11,,,,,,0,0
1065.68,444248,26278,20,502,28,1.19,1,5,761,1.92,90,0.27,,,,,,0,0
1067.04,444749,26310,20,501,32,1.37,1,5,761,1.92,20,0.07,,,,,,0,0
1068.47,445253,26334,20,504,24,1.43,1,5,761,1.92,15,0.04,,,,,,0,0
1069.64,445753,26354,20,500,20,1.17,1,5,761,1.92,80,0.19,,,,,,0,0
1070.86,446257,26370,20,504,16,1.22,1,5,761,1.92,45,0.08,,,,,,0,0
1072.13,446757,26382,20,500,12,1.27,1,5,761,1.92,55,0.15,,,,,,0,0
1073.3,447260,26394,20,503,12,1.17,1,5,761,1.92,120,0.3,,,,,,0,0
1074.57,447762,26426,20,502,32,1.27,1,5,761,1.92,30,0.07,,,,,,0,0
1075.83,448266,26454,20,504,28,1.25,1,5,761,1.92,50,0.12,,,,,,0,0
1077.17,448766,26482,20,500,28,1.34,1,5,761,1.92,50,0.09,,,,,,0,0
1078.31,449267,26502,20,501,20,1.15,1,5,761,1.92,55,0.12,,,,,,0,0
1079.55,449770,26522,20,503,20,1.24,1,5,761,1.92,95,0.22,,,,,,0,0
1080.79,450270,26574,20,500,52,1.24,1,5,761,1.92,10,0.03,,,,,,0,0
1081.99,450773,26614,20,503,40,1.19,1,5,761,1.92,70,0.17,,,,,,0,0
1083.39,451276,26642,20,503,28,1.41,1,5,761,1.92,225,0.67,,,,,,0,0
1085.07,451776,26670,20,500,28,1.68,1,5,761,1.92,25,0.11,,,,,,0,0
1087.11,452280,26706,20,504,36,2.05,1,5,761,1.92,60,0.26,,,,,,0,0
1088.56,452783,26746,20,503,40,1.45,1,5,761,1.92,65,0.18,,,,,,0,0
1089.7,453286,26778,20,503,32,1.14,1,5,761,1.92,40,0.09,,,,,,0,0
1090.95,453787,26810,20,501,32,1.26,1,5,761,1.92,45,0.12,,,,,,0,0
1092.12,454289,26842,20,502,32,1.17,1,5,761,1.92,100,0.23,,,,,,0,0
1093.32,454789,26850,20,500,8,1.19,1,5,761,1.92,315,0.74,,,,,,0,0
1094.57,455293,26878,20,504,28,1.25,1,5,761,1.92,125,0.26,,,,,,0,0
1095.77,455797,26902,20,504,24,1.21,1,5,761,1.92,40,0.08,,,,,,0,0
1097.01,456301,26930,20,504,28,1.24,1,5,761,1.92,15,0.04,,,,,,0,0
1098.26,456802,26950,20,501,20,1.25,1,5,761,1.92,120,0.33,,,,,,0,0
1099.59,457303,26974,20,501,24,1.33,1,5,761,1.92,10,0.03,,,,,,0,0
1100.74,457805,27002,20,502,28,1.15,1,5,761,1.92,20,0.04,,,,,,0,0
1101.89,458307,27010,20,502,8,1.16,1,5,761,1.92,180,0.45,,,,,,0,0
1103.22,458808,27054,20,501,44,1.33,1,5,761,1.92,20,0.07,,,,,,0,0
1104.59,459312,27090,20,504,36,1.37,1,5,761,1.92,185,0.46,,,,,,0,0
1105.79,459814,27106,20,502,16,1.2,1,5,761,1.92,15,0.04,,,,,,0,0
1107.04,460317,27134,20,503,28,1.25,1,5,761,1.92,15,0.04,,,,,,0,0
1108.25,460819,27170,20,502,36,1.21,1,5,761,1.92,10,0.03,,,,,,0,0
1109.4,461319,27190,20,500,20,1.15,1,5,761,1.92,65,0.15,,,,,,0,0
1110.66,461820,27214,20,501,24,1.26,1,5,761,1.92,205,0.51,,,,,,0,0
1111.88,462321,27238,20,501,24,1.22,1,5,761,1.92,20,0.05,,,,,,0,0
1113.29,462821,27254,20,500,16,1.41,1,5,761,1.92,185,0.54,,,,,,0,0
1114.53,463323,27274,20,502,20,1.24,1,5,761,1.92,140,0.32,,,,,,0,0
1115.91,463824,27302,20,501,28,1.38,1,5,761,1.92,95,0.25,,,,,,0,0
1117.3,464328,27326,20,504,24,1.39,1,5,761,1.92,85,0.22,,,,,,0,0
1118.54,464828,27342,20,500,16,1.24,1,5,761,1.92,30,0.08,,,,,,0,0
1.04,502,4702,22,502,4702,1.04,4,18.18,126,0.27,65,0.13,,,,,,0,0
2.14,1003,4717,22,501,15,1.1,1,4.55,491,1.08,75,0.16,,,,,,0,0
3.18,1505,4831,22,502,114,1.04,1,4.55,491,1.08,490,1.01,,,,,,0,0
4.18,2007,4831,22,502,0,1,2,9.09,871,1.76,60,0.11,,,,,,0,0
5.27,2507,4831,22,500,0,1.08,0,0,871,1.76,560,1.2,,,,,,0,0
6.23,3008,4856,22,501,25,0.96,1,4.55,871,1.76,365,0.71,,,,,,0,0
7.15,3509,4868,22,501,12,0.92,1,4.55,871,1.76,240,0.4,,,,,,0,0
8.06,4009,4868,22,500,0,0.91,0,0,871,1.76,740,1.32,,,,,,0,0
9.11,4511,4876,22,502,8,1.06,1,4.55,991,1.82,190,0.4,,,,,,0,0
10.21,5011,4876,22,500,0,1.09,0,0,991,1.82,690,1.49,,,,,,0,0
11.19,5511,4876,22,500,0,0.98,0,0,991,1.82,1190,2.47,,,,,,0,0
12.14,6011,4876,22,500,0,0.96,0,0,991,1.82,1690,3.43,,,,,,0,0
13.15,6511,4876,22,500,0,1.01,0,0,991,1.82,2190,4.44,,,,,,0,0
14.21,7012,4880,22,501,4,1.06,1,4.55,2611,5.31,80,0.19,,,,,,0,0
15.27,7513,4884,22,501,4,1.06,1,4.55,2611,5.31,400,0.79,,,,,,0,0
16.31,8013,4896,22,500,12,1.04,1,4.55,2611,5.31,140,0.35,,,,,,0,0
17.36,8515,4904,22,502,8,1.05,1,4.55,2611,5.31,140,0.28,,,,,,0,0
18.46,9018,4912,22,503,8,1.1,2,9.09,2611,5.31,40,0.08,,,,,,0,0
19.49,9519,4916,22,501,4,1.02,1,4.55,2611,5.31,250,0.5,,,,,,0,0
20.51,10023,4924,22,504,8,1.03,2,9.09,2611,5.31,170,0.36,,,,,,0,0
21.56,10524,4928,22,501,4,1.05,1,4.55,2611,5.31,360,0.7,,,,,,0,0
22.7,11025,4944,22,501,16,1.14,2,9.09,2611,5.31,70,0.19,,,,,,0,0
23.72,11529,4956,22,504,12,1.02,1,4.55,2611,5.31,15,0.03,,,,,,0,0
24.73,12029,4976,22,500,20,1.01,1,4.55,2611,5.31,110,0.22,,,,,,0,0
25.85,12532,4984,22,503,8,1.12,1,4.55,2611,5.31,295,0.68,,,,,,0,0
26.94,13035,4992,22,503,8,1.09,1,4.55,2611,5.31,260,0.56,,,,,,0,0
27.98,13539,5004,22,504,12,1.04,1,4.55,2611,5.31,150,0.31,,,,,,0,0
29.01,14040,5020,22,501,16,1.03,1,4.55,2611,5.31,400,0.82,,,,,,0,0
30.04,14540,5044,22,500,24,1.02,1,4.55,2611,5.31,50,0.09,,,,,,0,0
31.05,15043,5060,22,503,16,1.01,1,4.55,2611,5.31,5,0.01,,,,,,0,0
32.13,15547,5072,22,504,12,1.08,1,4.55,2611,5.31,15,0.03,,,,,,0,0
33.27,16049,5080,22,502,8,1.15,1,4.55,2611,5.31,170,0.42,,,,,,0,0
34.43,16550,5096,22,501,16,1.15,1,4.55,2611,5.31,60,0.17,,,,,,0,0
35.66,17053,5112,22,503,16,1.24,1,4.55,2611,5.31,80,0.22,,,,,,0,0
36.88,17553,5128,22,500,16,1.21,1,4.55,2611,5.31,260,0.59,,,,,,0,0
37.98,18057,5156,22,504,28,1.11,1,4.55,2611,5.31,145,0.29,,,,,,0,0
39.07,18557,5172,22,500,16,1.09,1,4.55,2611,5.31,90,0.22,,,,,,0,0
40.22,19058,5176,22,501,4,1.14,1,4.55,2611,5.31,435,0.99,,,,,,0,0
41.31,19560,5184,22,502,8,1.09,1,4.55,2611,5.31,105,0.21,,,,,,0,0
42.41,20063,5192,22,503,8,1.1,1,4.55,2611,5.31,115,0.21,,,,,,0,0
43.47,20564,5196,22,501,4,1.06,1,4.55,2611,5.31,295,0.64,,,,,,0,0
44.56,21068,5208,22,504,12,1.09,1,4.55,2611,5.31,140,0.32,,,,,,0,0
45.59,21572,5220,22,504,12,1.03,1,4.55,2611,5.31,95,0.2,,,,,,0,0
46.75,22076,5236,22,504,16,1.17,1,4.55,2611,5.31,45,0.1,,,,,,0,0
47.95,22580,5256,22,504,20,1.2,1,4.55,2611,5.31,55,0.13,,,,,,0,0
49.16,23083,5268,22,503,12,1.21,1,4.55,2611,5.31,10,0.02,,,,,,0,0
50.32,23584,5280,22,501,12,1.16,1,4.55,2611,5.31,200,0.48,,,,,,0,0
51.42,24085,5304,22,501,24,1.1,1,4.55,2611,5.31,50,0.13,,,,,,0,0
52.56,24587,5324,22,502,20,1.14,1,4.55,2611,5.31,210,0.46,,,,,,0,0
53.69,25087,5348,22,500,24,1.14,1,4.55,2611,5.31,0,0,,,,,,0,0
54.84,25588,5368,22,501,20,1.15,1,4.55,2611,5.31,130,0.27,,,,,,0,0
55.93,26091,5380,22,503,12,1.09,2,9.09,2611,5.31,65,0.15,,,,,,0,0
57,26595,5392,22,504,12,1.07,1,4.55,2611,5.31,30,0.07,,,,,,0,0
58.14,27098,5400,22,503,8,1.14,1,4.55,2611,5.31,115,0.29,,,,,,0,0
59.3,27598,5408,22,500,8,1.16,1,4.55,2611,5.31,5,0.01,,,,,,0,0
60.47,28102,5416,22,504,8,1.17,1,4.55,2611,5.31,10,0.03,,,,,,0,0
61.62,28603,5428,22,501,12,1.14,1,4.55,2611,5.31,110,0.24,,,,,,0,0
62.78,29107,5464,22,504,36,1.16,2,9.09,2611,5.31,5,0.01,,,,,,0,0
63.91,29608,5496,22,501,32,1.13,1,4.55,2611,5.31,5,0.01,,,,,,0,0
65.01,30112,5520,22,504,24,1.1,1,4.55,2611,5.31,30,0.08,,,,,,0,0
66.19,30613,5552,22,501,32,1.18,1,4.55,2611,5.31,10,0.03,,,,,,0,0
67.4,31116,5580,22,503,28,1.21,1,4.55,2611,5.31,105,0.22,,,,,,0,0
68.56,31618,5608,22,502,28,1.16,1,4.55,2611,5.31,10,0.02,,,,,,0,0
69.66,32121,5636,22,503,28,1.1,1,4.55,2611,5.31,25,0.07,,,,,,0,0
70.79,32624,5660,22,503,24,1.12,1,4.55,2611,5.31,90,0.19,,,,,,0,0
71.83,33124,5676,22,500,16,1.04,1,4.55,2611,5.31,205,0.44,,,,,,0,0
72.93,33625,5708,22,501,32,1.1,1,4.55,2611,5.31,15,0.04,,,,,,0,0
74.05,34128,5736,22,503,28,1.12,1,4.55,2611,5.31,130,0.31,,,,,,0,0
75.22,34632,5756,22,504,20,1.17,1,4.55,2611,5.31,60,0.12,,,,,,0,0
76.46,35136,5772,22,504,16,1.24,1,4.55,2611,5.31,80,0.21,,,,,,0,0
77.62,35639,5800,22,503,28,1.16,1,4.55,2611,5.31,20,0.05,,,,,,0,0
78.78,36142,5836,22,503,36,1.16,1,4.55,2611,5.31,5,0.01,,,,,,0,0
79.82,36643,5868,22,501,32,1.04,1,4.55,2611,5.31,40,0.08,,,,,,0,0
80.96,37143,5908,22,500,40,1.14,1,4.55,2611,5.31,5,0.02,,,,,,0,0
82.11,37644,5912,22,501,4,1.15,1,4.55,2611,5.31,45,0.11,,,,,,0,0
83.25,38148,5944,22,504,32,1.14,2,9.09,2611,5.31,60,0.13,,,,,,0,0
84.32,38651,5968,22,503,24,1.07,1,4.55,2611,5.31,5,0.01,,,,,,0,0
85.51,39154,5976,22,503,8,1.18,1,4.55,2611,5.31,110,0.26,,,,,,0,0
86.72,39658,6004,22,504,28,1.21,1,4.55,2611,5.31,25,0.08,,,,,,0,0
87.87,40162,6016,22,504,12,1.15,1,4.55,2611,5.31,240,0.54,,,,,,0,0
89.08,40664,6040,22,502,24,1.22,2,9.09,2611,5.31,15,0.04,,,,,,0,0
90.2,41165,6072,22,501,32,1.12,1,4.55,2611,5.31,5,0.01,,,,,,0,0
91.34,41669,6080,22,504,8,1.14,1,4.55,2611,5.31,60,0.13,,,,,,0,0
92.48,42173,6096,22,504,16,1.14,1,4.55,2611,5.31,40,0.11,,,,,,0,0
93.57,42676,6104,22,503,8,1.09,1,4.55,2611,5.31,335,0.71,,,,,,0,0
94.73,43179,6144,22,503,40,1.16,2,9.09,2611,5.31,45,0.11,,,,,,0,0
95.92,43682,6180,22,503,36,1.18,1,4.55,2611,5.31,5,0.01,,,,,,0,0
96.98,44183,6228,22,501,48,1.07,1,4.55,2611,5.31,30,0.07,,,,,,0,0
98.08,44685,6236,22,502,8,1.09,1,4.55,2611,5.31,50,0.11,,,,,,0,0
99.16,45186,6256,22,501,20,1.09,1,4.55,2611,5.31,105,0.23,,,,,,0,0
100.26,45688,6264,22,502,8,1.1,1,4.55,2611,5.31,235,0.51,,,,,,0,0
101.42,46191,6288,22,503,24,1.16,1,4.55,2611,5.31,55,0.14,,,,,,0,0
102.48,46693,6300,22,502,12,1.06,1,4.55,2611,5.31,25,0.05,,,,,,0,0
103.64,47193,6328,22,500,28,1.16,1,4.55,2611,5.31,100,0.24,,,,,,0,0
104.76,47693,6348,22,500,20,1.13,1,4.55,2611,5.31,135,0.35,,,,,,0,0
105.85,48196,6372,22,503,24,1.08,1,4.55,2611,5.31,15,0.03,,,,,,0,0
106.9,48699,6404,22,503,32,1.06,1,4.55,2611,5.31,25,0.06,,,,,,0,0
107.92,49202,6432,22,503,28,1.01,1,4.55,2611,5.31,10,0.03,,,,,,0,0
109.08,49706,6448,22,504,16,1.16,1,4.55,2611,5.31,110,0.25,,,,,,0,0
110.31,50206,6464,22,500,16,1.23,1,4.55,2611,5.31,20,0.05,,,,,,0,0
111.44,50707,6484,22,501,20,1.13,1,4.55,2611,5.31,260,0.59,,,,,,0,0
112.57,51209,6500,22,502,16,1.13,1,4.55,2611,5.31,5,0.01,,,,,,0,0
113.75,51710,6536,22,501,36,1.18,1,4.55,2611,5.31,40,0.09,,,,,,0,0
114.97,52210,6576,22,500,40,1.22,2,9.09,2611,5.31,65,0.13,,,,,,0,0
116.12,52713,6584,22,503,8,1.15,1,4.55,2611,5.31,120,0.26,,,,,,0,0
117.29,53213,6604,22,500,20,1.18,1,4.55,2611,5.31,150,0.35,,,,,,0,0
118.5,53716,6616,22,503,12,1.2,1,4.55,2611,5.31,25,0.07,,,,,,0,0
119.66,54217,6640,22,501,24,1.16,1,4.55,2611,5.31,10,0.01,,,,,,0,0
120.84,54721,6656,22,504,16,1.18,1,4.55,2611,5.31,80,0.19,,,,,,0,0
121.96,55224,6696,22,503,40,1.12,1,4.55,2611,5.31,15,0.02,,,,,,0,0
123.04,55727,6728,22,503,32,1.09,1,4.55,2611,5.31,5,0.01,,,,,,0,0
124.24,56227,6748,22,500,20,1.2,1,4.55,2611,5.31,60,0.18,,,,,,0,0
125.4,56729,6776,22,502,28,1.16,1,4.55,2611,5.31,60,0.16,,,,,,0,0
126.5,57233,6812,22,504,36,1.1,1,4.55,2611,5.31,15,0.03,,,,,,0,0
127.64,57734,6836,22,501,24,1.14,1,4.55,2611,5.31,55,0.14,,,,,,0,0
128.76,58238,6848,22,504,12,1.12,1,4.55,2611,5.31,5,0.01,,,,,,0,0
129.95,58742,6872,22,504,24,1.19,1,4.55,2611,5.31,100,0.25,,,,,,0,0
131.27,59242,6908,22,500,36,1.32,1,4.55,2611,5.31,5,0.01,,,,,,0,0
132.48,59746,6932,22,504,24,1.21,1,4.55,2611,5.31,40,0.11,,,,,,0,0
133.73,60249,6940,22,503,8,1.25,1,4.55,2611,5.31,15,0.04,,,,,,0,0
134.89,60750,6960,22,501,20,1.16,1,4.55,2611,5.31,110,0.25,,,,,,0,0
136,61254,6984,22,504,24,1.1,1,4.55,2611,5.31,130,0.28,,,,,,0,0
137.2,61756,7004,22,502,20,1.2,1,4.55,2611,5.31,95,0.24,,,,,,0,0
138.32,62258,7020,22,502,16,1.13,2,9.09,2611,5.31,165,0.36,,,,,,0,0
139.51,62759,7056,22,501,36,1.19,1,4.55,2611,5.31,115,0.27,,,,,,0,0
140.62,63261,7080,22,502,24,1.12,1,4.55,2611,5.31,65,0.15,,,,,,0,0
141.9,63761,7100,22,500,20,1.27,1,4.55,2611,5.31,130,0.35,,,,,,0,0
143.1,64263,7116,22,502,16,1.21,1,4.55,2611,5.31,400,0.93,,,,,,0,0
144.28,64767,7132,22,504,16,1.18,1,4.55,2611,5.31,160,0.37,,,,,,0,0
145.41,65270,7156,22,503,24,1.12,1,4.55,2611,5.31,90,0.22,,,,,,0,0
146.53,65771,7180,22,501,24,1.12,1,4.55,2611,5.31,315,0.69,,,,,,0,0
147.71,66273,7196,22,502,16,1.19,1,4.55,2611,5.31,85,0.2,,,,,,0,0
148.87,66777,7212,22,504,16,1.16,1,4.55,2611,5.31,225,0.48,,,,,,0,0
150.02,67280,7240,22,503,28,1.15,1,4.55,2611,5.31,5,0.02,,,,,,0,0
151.15,67783,7276,22,503,36,1.13,1,4.55,2611,5.31,130,0.28,,,,,,0,0
152.44,68283,7296,22,500,20,1.28,1,4.55,2611,5.31,35,0.08,,,,,,0,0
153.64,68787,7320,22,504,24,1.2,1,4.55,2611,5.31,30,0.08,,,,,,0,0
154.83,69288,7340,22,501,20,1.2,1,4.55,2611,5.31,10,0.03,,,,,,0,0
155.88,69788,7352,22,500,12,1.05,1,4.55,2611,5.31,155,0.33,,,,,,0,0
157,70291,7380,22,503,28,1.11,1,4.55,2611,5.31,15,0.04,,,,,,0,0
158.24,70795,7416,22,504,36,1.24,1,4.55,2611,5.31,20,0.05,,,,,,0,0
159.38,71297,7424,22,502,8,1.14,1,4.55,2611,5.31,100,0.23,,,,,,0,0
160.5,71798,7456,22,501,32,1.12,1,4.55,2611,5.31,5,0.01,,,,,,0,0
161.68,72302,7484,22,504,28,1.18,1,4.55,2611,5.31,20,0.06,,,,,,0,0
162.94,72804,7500,22,502,16,1.26,1,4.55,2611,5.31,20,0.04,,,,,,0,0
164.15,73306,7524,22,502,24,1.21,1,4.55,2611,5.31,75,0.13,,,,,,0,0
165.28,73806,7588,22,500,64,1.12,1,4.55,2611,5.31,15,0.04,,,,,,0,0
166.43,74306,7620,22,500,32,1.16,1,4.55,2611,5.31,75,0.18,,,,,,0,0
167.51,74809,7656,22,503,36,1.08,1,4.55,2611,5.31,45,0.1,,,,,,0,0
168.73,75311,7700,22,502,44,1.22,1,4.55,2611,5.31,40,0.11,,,,,,0,0
169.84,75812,7736,22,501,36,1.11,2,9.09,2611,5.31,30,0.06,,,,,,0,0
171,76312,7756,22,500,20,1.16,1,4.55,2611,5.31,30,0.07,,,,,,0,0
172.28,76814,7772,22,502,16,1.28,1,4.55,2611,5.31,5,0.01,,,,,,0,0
173.49,77314,7820,22,500,48,1.21,1,4.55,2611,5.31,25,0.06,,,,,,0,0
174.71,77817,7840,22,503,20,1.22,1,4.55,2611,5.31,20,0.05,,,,,,0,0
175.86,78319,7864,22,502,24,1.15,1,4.55,2611,5.31,210,0.5,,,,,,0,0
176.92,78821,7888,22,502,24,1.06,1,4.55,2611,5.31,65,0.15,,,,,,0,0
178.03,79321,7908,22,500,20,1.11,1,4.55,2611,5.31,60,0.13,,,,,,0,0
179.19,79825,7936,22,504,28,1.16,1,4.55,2611,5.31,30,0.07,,,,,,0,0
180.35,80328,7944,22,503,8,1.16,1,4.55,2611,5.31,405,0.93,,,,,,0,0
181.54,80829,7972,22,501,28,1.19,1,4.55,2611,5.31,0,0,,,,,,0,0
182.67,81329,8016,22,500,44,1.12,1,4.55,2611,5.31,10,0.02,,,,,,0,0
183.74,81829,8040,22,500,24,1.07,1,4.55,2611,5.31,235,0.49,,,,,,0,0
185.04,82329,8068,22,500,28,1.3,1,4.55,2611,5.31,95,0.22,,,,,,0,0
186.34,82830,8092,22,501,24,1.31,1,4.55,2611,5.31,20,0.06,,,,,,0,0
187.57,83333,8120,22,503,28,1.23,1,4.55,2611,5.31,30,0.07,,,,,,0,0
188.77,83836,8132,22,503,12,1.2,1,4.55,2611,5.31,95,0.22,,,,,,0,0
190.03,84339,8168,22,503,36,1.26,1,4.55,2611,5.31,35,0.09,,,,,,0,0
191.27,84841,8192,22,502,24,1.23,1,4.55,2611,5.31,125,0.3,,,,,,0,0
192.53,85345,8208,22,504,16,1.26,1,4.55,2611,5.31,205,0.46,,,,,,0,0
193.71,85847,8236,22,502,28,1.18,1,4.55,2611,5.31,15,0.04,,,,,,0,0
194.89,86350,8240,22,503,4,1.18,1,4.55,2611,5.31,410,0.97,,,,,,0,0
196.01,86852,8264,22,502,24,1.12,1,4.55,2611,5.31,220,0.5,,,,,,0,0
197.18,87352,8292,22,500,28,1.17,1,4.55,2611,5.31,155,0.36,,,,,,0,0
198.29,87853,8308,22,501,16,1.11,1,4.55,2611,5.31,100,0.22,,,,,,0,0
199.53,88353,8344,22,500,36,1.24,1,4.55,2611,5.31,50,0.12,,,,,,0,0
200.66,88854,8380,22,501,36,1.14,1,4.55,2611,5.31,5,0.01,,,,,,0,0
201.76,89354,8396,22,500,16,1.09,1,4.55,2611,5.31,45,0.1,,,,,,0,0
202.89,89855,8456,22,501,60,1.13,1,4.55,2611,5.31,35,0.09,,,,,,0,0
204.16,90357,8484,22,502,28,1.27,1,4.55,2611,5.31,205,0.52,,,,,,0,0
205.32,90858,8524,22,501,40,1.16,1,4.55,2611,5.31,80,0.2,,,,,,0,0
206.54,91361,8536,22,503,12,1.22,1,4.55,2611,5.31,20,0.05,,,,,,0,0
207.73,91862,8568,22,501,32,1.19,1,4.55,2611,5.31,0,0,,,,,,0,0
208.83,92364,8584,22,502,16,1.1,1,4.55,2611,5.31,60,0.14,,,,,,0,0
210.02,92868,8600,22,504,16,1.19,1,4.55,2611,5.31,105,0.24,,,,,,0,0
211.04,93372,8624,22,504,24,1.03,1,4.55,2611,5.31,95,0.19,,,,,,0,0
212.15,93873,8672,22,501,48,1.1,1,4.55,2611,5.31,115,0.24,,,,,,0,0
213.27,94374,8684,22,501,12,1.12,1,4.55,2611,5.31,240,0.53,,,,,,0,0
214.55,94877,8692,22,503,8,1.28,1,4.55,2611,5.31,50,0.15,,,,,,0,0
215.73,95381,8704,22,504,12,1.18,1,4.55,2611,5.31,155,0.37,,,,,,0,0
216.83,95882,8732,22,501,28,1.1,1,4.55,2611,5.31,180,0.37,,,,,,0,0
217.93,96382,8732,22,500,0,1.1,0,0,2611,5.31,680,1.47,,,,,,0,0
219.03,96884,8748,22,502,16,1.1,1,4.55,2611,5.31,145,0.29,,,,,,0,0
220.2,97384,8784,22,500,36,1.17,1,4.55,2611,5.31,50,0.12,,,,,,0,0
221.36,97884,8816,22,500,32,1.16,1,4.55,2611,5.31,35,0.09,,,,,,0,0
222.48,98384,8860,22,500,44,1.12,1,4.55,2611,5.31,5,0.02,,,,,,0,0
223.7,98884,8880,22,500,20,1.22,1,4.55,2611,5.31,140,0.35,,,,,,0,0
224.91,99388,8904,22,504,24,1.21,1,4.55,2611,5.31,20,0.04,,,,,,0,0
226.08,99890,8932,22,502,28,1.16,1,4.55,2611,5.31,90,0.22,,,,,,0,0
227.28,100390,8948,22,500,16,1.2,1,4.55,2611,5.31,75,0.17,,,,,,0,0
228.23,100893,8984,22,503,36,0.96,1,4.55,2611,5.31,45,0.07,,,,,,0,0
229.41,101395,9004,22,502,20,1.18,1,4.55,2611,5.31,65,0.12,,,,,,0,0
230.7,101896,9020,22,501,16,1.29,1,4.55,2611,5.31,100,0.28,,,,,,0,0
231.84,102396,9040,22,500,20,1.14,1,4.55,2611,5.31,85,0.2,,,,,,0,0
233.06,102900,9092,22,504,52,1.22,1,4.55,2611,5.31,15,0.04,,,,,,0,0
234.18,103402,9112,22,502,20,1.12,1,4.55,2611,5.31,20,0.05,,,,,,0,0
235.31,103904,9144,22,502,32,1.13,1,4.55,2611,5.31,5,0.01,,,,,,0,0
236.5,104408,9180,22,504,36,1.19,1,4.55,2611,5.31,105,0.23,,,,,,0,0
237.76,104912,9200,22,504,20,1.26,1,4.55,2611,5.31,135,0.34,,,,,,0,0
239,105415,9236,22,503,36,1.24,1,4.55,2611,5.31,65,0.17,,,,,,0,0
240.15,105917,9256,22,502,20,1.15,1,4.55,2611,5.31,25,0.07,,,,,,0,0
241.33,106420,9272,22,503,16,1.18,1,4.55,2611,5.31,195,0.46,,,,,,0,0
242.49,106922,9300,22,502,28,1.17,1,4.55,2611,5.31,35,0.08,,,,,,0,0
243.58,107423,9332,22,501,32,1.09,1,4.55,2611,5.31,15,0.03,,,,,,0,0
244.84,107923,9372,22,500,40,1.25,1,4.55,2611,5.31,5,0,,,,,,0,0
245.98,108426,9396,22,503,24,1.15,1,4.55,2611,5.31,180,0.42,,,,,,0,0
247.13,108926,9420,22,500,24,1.15,1,4.55,2611,5.31,10,0.02,,,,,,0,0
248.3,109427,9440,22,501,20,1.17,1,4.55,2611,5.31,125,0.29,,,,,,0,0
249.41,109927,9440,22,500,0,1.1,0,0,2611,5.31,625,1.39,,,,,,0,0
250.62,110427,9468,22,500,28,1.21,1,4.55,2611,5.31,40,0.09,,,,,,0,0
251.82,110928,9488,22,501,20,1.2,1,4.55,2611,5.31,155,0.4,,,,,,0,0
253.01,111431,9540,22,503,52,1.2,1,4.55,2611,5.31,85,0.2,,,,,,0,0
254.15,111932,9572,22,501,32,1.14,1,4.55,2611,5.31,15,0.04,,,,,,0,0
255.36,112434,9588,22,502,16,1.21,1,4.55,2611,5.31,25,0.06,,,,,,0,0
256.5,112935,9608,22,501,20,1.14,1,4.55,2611,5.31,35,0.07,,,,,,0,0
257.51,113435,9620,22,500,12,1.01,1,4.55,2611,5.31,185,0.39,,,,,,0,0
258.69,113936,9648,22,501,28,1.18,1,4.55,2611,5.31,115,0.29,,,,,,0,0
259.87,114437,9680,22,501,32,1.18,1,4.55,2611,5.31,0,0,,,,,,0,0
261.1,114937,9700,22,500,20,1.24,1,4.55,2611,5.31,140,0.33,,,,,,0,0
262.27,115439,9720,22,502,20,1.16,1,4.55,2611,5.31,115,0.26,,,,,,0,0
263.4,115939,9736,22,500,16,1.13,1,4.55,2611,5.31,240,0.54,,,,,,0,0
264.46,116442,9748,22,503,12,1.06,1,4.55,2611,5.31,100,0.21,,,,,,0,0
265.59,116943,9776,22,501,28,1.13,1,4.55,2611,5.31,85,0.22,,,,,,0,0
266.87,117444,9804,22,501,28,1.29,1,4.55,2611,5.31,15,0.03,,,,,,0,0
267.99,117947,9832,22,503,28,1.11,1,4.55,2611,5.31,115,0.25,,,,,,0,0
269.07,118451,9844,22,504,12,1.08,1,4.55,2611,5.31,85,0.18,,,,,,0,0
270.15,118951,9872,22,500,28,1.08,1,4.55,2611,5.31,155,0.35,,,,,,0,0
271.33,119454,9896,22,503,24,1.18,1,4.55,2611,5.31,20,0.06,,,,,,0,0
272.46,119958,9912,22,504,16,1.13,1,4.55,2611,5.31,200,0.51,,,,,,0,0
273.77,120462,9920,22,504,8,1.31,1,4.55,2611,5.31,315,0.84,,,,,,0,0
274.96,120964,9952,22,502,32,1.19,1,4.55,2611,5.31,50,0.13,,,,,,0,0
276.13,121468,9976,22,504,24,1.17,1,4.55,2611,5.31,70,0.19,,,,,,0,0
277.31,121968,9996,22,500,20,1.18,1,4.55,2611,5.31,45,0.11,,,,,,0,0
278.48,122471,10024,22,503,28,1.17,1,4.55,2611,5.31,95,0.21,,,,,,0,0
279.58,122974,10052,22,503,28,1.09,1,4.55,2611,5.31,95,0.2,,,,,,0,0
280.77,123478,10092,22,504,40,1.2,1,4.55,2611,5.31,5,0.01,,,,,,0,0
281.94,123982,10120,22,504,28,1.17,1,4.55,2611,5.31,40,0.09,,,,,,0,0
283.08,124482,10140,22,500,20,1.14,1,4.55,2611,5.31,200,0.45,,,,,,0,0
284.28,124983,10160,22,501,20,1.2,1,4.55,2611,5.31,10,0.03,,,,,,0,0
285.42,125483,10172,22,500,12,1.14,1,4.55,2611,5.31,55,0.13,,,,,,0,0
286.53,125984,10204,22,501,32,1.11,1,4.55,2611,5.31,15,0.03,,,,,,0,0
287.59,126485,10224,22,501,20,1.06,1,4.55,2611,5.31,25,0.06,,,,,,0,0
288.66,126986,10240,22,501,16,1.07,1,4.55,2611,5.31,25,0.05,,,,,,0,0
289.83,127486,10252,22,500,12,1.17,1,4.55,2611,5.31,260,0.65,,,,,,0,0
291.21,127988,10276,22,502,24,1.38,1,4.55,2611,5.31,30,0.08,,,,,,0,0
292.49,128491,10312,22,503,36,1.29,1,4.55,2611,5.31,30,0.08,,,,,,0,0
293.74,128995,10328,22,504,16,1.25,1,4.55,2611,5.31,115,0.27,,,,,,0,0
294.91,129496,10344,22,501,16,1.17,1,4.55,2611,5.31,275,0.64,,,,,,0,0
296.18,129998,10352,22,502,8,1.28,1,4.55,2611,5.31,265,0.7,,,,,,0,0
297.34,130502,10360,22,504,8,1.16,1,4.55,2611,5.31,365,0.83,,,,,,0,0
298.53,131004,10384,22,502,24,1.18,1,4.55,2611,5.31,35,0.07,,,,,,0,0
299.68,131507,10396,22,503,12,1.15,1,4.55,2611,5.31,95,0.23,,,,,,0,0
300.84,132008,10416,22,501,20,1.16,1,4.55,2611,5.31,155,0.36,,,,,,0,0
302.07,132509,10440,22,501,24,1.23,1,4.55,2611,5.31,40,0.1,,,,,,0,0
303.29,133011,10460,22,502,20,1.22,1,4.55,2611,5.31,145,0.36,,,,,,0,0
304.52,133513,10504,22,502,44,1.24,1,4.55,2611,5.31,15,0.04,,,,,,0,0
305.81,134017,10528,22,504,24,1.29,1,4.55,2611,5.31,205,0.52,,,,,,0,0
307.03,134517,10568,22,500,40,1.22,1,4.55,2611,5.31,0,0,,,,,,0,0
308.35,135021,10584,22,504,16,1.33,1,4.55,2611,5.31,55,0.12,,,,,,0,0
309.55,135521,10592,22,500,8,1.2,1,4.55,2611,5.31,215,0.52,,,,,,0,0
310.78,136023,10620,22,502,28,1.22,1,4.55,2611,5.31,130,0.34,,,,,,0,0
311.97,136526,10644,22,503,24,1.2,1,4.55,2611,5.31,65,0.13,,,,,,0,0
313.17,137028,10664,22,502,20,1.19,1,4.55,2611,5.31,145,0.34,,,,,,0,0
314.3,137528,10684,22,500,20,1.14,1,4.55,2611,5.31,35,0.08,,,,,,0,0
315.42,138032,10712,22,504,28,1.11,1,4.55,2611,5.31,10,0.02,,,,,,0,0
316.57,138535,10748,22,503,36,1.15,1,4.55,2611,5.31,95,0.2,,,,,,0,0
317.69,139036,10772,22,501,24,1.12,1,4.55,2611,5.31,15,0.04,,,,,,0,0
318.9,139537,10788,22,501,16,1.21,1,4.55,2611,5.31,110,0.28,,,,,,0,0
320.09,140041,10824,22,504,36,1.19,1,4.55,2611,5.31,5,0.01,,,,,,0,0
321.3,140543,10844,22,502,20,1.21,1,4.55,2611,5.31,180,0.45,,,,,,0,0
322.51,141047,10864,22,504,20,1.21,1,4.55,2611,5.31,40,0.09,,,,,,0,0
323.68,141547,10896,22,500,32,1.17,1,4.55,2611,5.31,0,0,,,,,,0,0
324.84,142049,10916,22,502,20,1.16,1,4.55,2611,5.31,60,0.13,,,,,,0,0
325.96,142549,10936,22,500,20,1.12,1,4.55,2611,5.31,60,0.15,,,,,,0,0
327.11,143050,10948,22,501,12,1.15,1,4.55,2611,5.31,395,0.88,,,,,,0,0
328.26,143553,10972,22,503,24,1.15,1,4.55,2611,5.31,30,0.08,,,,,,0,0
329.33,144056,10996,22,503,24,1.08,1,4.55,2611,5.31,35,0.07,,,,,,0,0
330.52,144560,11008,22,504,12,1.18,1,4.55,2611,5.31,160,0.38,,,,,,0,0
331.66,145064,11040,22,504,32,1.15,1,4.55,2611,5.31,20,0.04,,,,,,0,0
332.81,145567,11064,22,503,24,1.14,1,4.55,2611,5.31,65,0.15,,,,,,0,0
333.96,146071,11100,22,504,36,1.15,1,4.55,2611,5.31,75,0.15,,,,,,0,0
335.02,146575,11112,22,504,12,1.06,1,4.55,2611,5.31,260,0.57,,,,,,0,0
336.08,147078,11140,22,503,28,1.06,1,4.55,2611,5.31,40,0.08,,,,,,0,0
337.25,147580,11164,22,502,24,1.16,1,4.55,2611,5.31,30,0.08,,,,,,0,0
338.42,148083,11196,22,503,32,1.17,1,4.55,2611,5.31,15,0.03,,,,,,0,0
339.49,148584,11232,22,501,36,1.07,1,4.55,2611,5.31,25,0.06,,,,,,0,0
340.55,149086,11268,22,502,36,1.07,1,4.55,2611,5.31,25,0.07,,,,,,0,0
341.61,149589,11296,22,503,28,1.06,1,4.55,2611,5.31,170,0.34,,,,,,0,0
342.8,150091,11316,22,502,20,1.19,1,4.55,2611,5.31,150,0.32,,,,,,0,0
343.89,150592,11332,22,501,16,1.09,1,4.55,2611,5.31,30,0.07,,,,,,0,0
344.97,151092,11380,22,500,48,1.08,1,4.55,2611,5.31,10,0.01,,,,,,0,0
346.15,151595,11416,22,503,36,1.18,1,4.55,2611,5.31,195,0.46,,,,,,0,0
347.29,152097,11444,22,502,28,1.15,1,4.55,2611,5.31,25,0.06,,,,,,0,0
348.53,152601,11468,22,504,24,1.24,1,4.55,2611,5.31,140,0.31,,,,,,0,0
349.69,153102,11480,22,501,12,1.16,1,4.55,2611,5.31,200,0.46,,,,,,0,0
350.85,153602,11512,22,500,32,1.16,1,4.55,2611,5.31,10,0.03,,,,,,0,0
352,154105,11540,22,503,28,1.15,1,4.55,2611,5.31,45,0.1,,,,,,0,0
353.08,154608,11568,22,503,28,1.07,1,4.55,2611,5.31,5,0.01,,,,,,0,0
354.24,155111,11592,22,503,24,1.16,1,4.55,2611,5.31,345,0.75,,,,,,0,0
355.49,155611,11620,22,500,28,1.25,1,4.55,2611,5.31,40,0.09,,,,,,0,0
356.71,156115,11644,22,504,24,1.22,1,4.55,2611,5.31,145,0.34,,,,,,0,0
357.87,156615,11672,22,500,28,1.16,1,4.55,2611,5.31,30,0.07,,,,,,0,0
359.22,157115,11712,22,500,40,1.35,1,4.55,2611,5.31,0,0,,,,,,0,0
360.38,157617,11736,22,502,24,1.16,1,4.55,2611,5.31,15,0.03,,,,,,0,0
361.58,158120,11752,22,503,16,1.19,1,4.55,2611,5.31,80,0.22,,,,,,0,0
362.6,158622,11776,22,502,24,1.02,1,4.55,2611,5.31,150,0.29,,,,,,0,0
363.78,159125,11800,22,503,24,1.19,1,4.55,2611,5.31,25,0.07,,,,,,0,0
364.9,159626,11844,22,501,44,1.12,1,4.55,2611,5.31,5,0.01,,,,,,0,0
366.11,160130,11880,22,504,36,1.21,1,4.55,2611,5.31,130,0.31,,,,,,0,0
367.21,160631,11916,22,501,36,1.1,1,4.55,2611,5.31,35,0.07,,,,,,0,0
368.29,161135,11924,22,504,8,1.08,1,4.55,2611,5.31,160,0.37,,,,,,0,0
369.4,161638,11960,22,503,36,1.11,1,4.55,2611,5.31,150,0.36,,,,,,0,0
370.52,162141,11984,22,503,24,1.13,1,4.55,2611,5.31,20,0.05,,,,,,0,0
371.57,162643,11996,22,502,12,1.05,1,4.55,2611,5.31,40,0.08,,,,,,0,0
372.63,163147,12028,22,504,32,1.06,1,4.55,2611,5.31,40,0.07,,,,,,0,0
373.75,163648,12076,22,501,48,1.12,1,4.55,2611,5.31,5,0.02,,,,,,0,0
374.98,164150,12096,22,502,20,1.23,1,4.55,2611,5.31,110,0.27,,,,,,0,0
376.09,164654,12112,22,504,16,1.11,1,4.55,2611,5.31,200,0.42,,,,,,0,0
377.12,165157,12124,22,503,12,1.03,1,4.55,2611,5.31,10,0.02,,,,,,0,0
378.27,165661,12156,22,504,32,1.15,1,4.55,2611,5.31,20,0.04,,,,,,0,0
379.4,166165,12172,22,504,16,1.13,1,4.55,2611,5.31,40,0.09,,,,,,0,0
380.59,166669,12188,22,504,16,1.19,1,4.55,2611,5.31,65,0.18,,,,,,0,0
381.82,167170,12228,22,501,40,1.23,1,4.55,2611,5.31,55,0.11,,,,,,0,0
382.95,167670,12256,22,500,28,1.13,1,4.55,2611,5.31,10,0.02,,,,,,0,0
384.07,168172,12288,22,502,32,1.12,1,4.55,2611,5.31,155,0.32,,,,,,0,0
385.12,168676,12304,22,504,16,1.05,1,4.55,2611,5.31,150,0.31,,,,,,0,0
386.28,169179,12328,22,503,24,1.15,1,4.55,2611,5.31,120,0.26,,,,,,0,0
387.44,169680,12372,22,501,44,1.16,1,4.55,2611,5.31,55,0.14,,,,,,0,0
388.56,170184,12388,22,504,16,1.12,1,4.55,2611,5.31,10,0.02,,,,,,0,0
389.69,170685,12412,22,501,24,1.13,1,4.55,2611,5.31,145,0.34,,,,,,0,0
390.92,171187,12436,22,502,24,1.22,1,4.55,2611,5.31,60,0.14,,,,,,0,0
392.14,171689,12464,22,502,28,1.23,1,4.55,2611,5.31,40,0.08,,,,,,0,0
393.28,172189,12488,22,500,24,1.14,1,4.55,2611,5.31,60,0.13,,,,,,0,0
394.56,172692,12512,22,503,24,1.28,1,4.55,2611,5.31,5,0.02,,,,,,0,0
395.71,173195,12536,22,503,24,1.15,1,4.55,2611,5.31,45,0.09,,,,,,0,0
396.93,173698,12556,22,503,20,1.22,1,4.55,2611,5.31,140,0.34,,,,,,0,0
398.06,174200,12588,22,502,32,1.13,1,4.55,2611,5.31,45,0.1,,,,,,0,0
399.21,174701,12608,22,501,20,1.15,1,4.55,2611,5.31,195,0.49,,,,,,0,0
400.39,175202,12624,22,501,16,1.18,1,4.55,2611,5.31,75,0.19,,,,,,0,0
401.57,175705,12652,22,503,28,1.19,1,4.55,2611,5.31,75,0.18,,,,,,0,0
402.79,176209,12676,22,504,24,1.22,1,4.55,2611,5.31,20,0.05,,,,,,0,0
403.91,176712,12688,22,503,12,1.12,1,4.55,2611,5.31,175,0.38,,,,,,0,0
405.08,177215,12712,22,503,24,1.17,1,4.55,2611,5.31,5,0.01,,,,,,0,0
406.21,177717,12720,22,502,8,1.13,1,4.55,2611,5.31,215,0.46,,,,,,0,0
407.34,178217,12732,22,500,12,1.13,2,9.09,2611,5.31,135,0.27,,,,,,0,0
408.63,178718,12764,22,501,32,1.29,1,4.55,2611,5.31,40,0.11,,,,,,0,0
409.78,179221,12780,22,503,16,1.15,1,4.55,2611,5.31,40,0.11,,,,,,0,0
411,179721,12808,22,500,28,1.22,1,4.55,2611,5.31,30,0.07,,,,,,0,0
412.21,180224,12848,22,503,40,1.21,1,4.55,2611,5.31,10,0.02,,,,,,0,0
413.43,180724,12880,22,500,32,1.22,1,4.55,2611,5.31,60,0.12,,,,,,0,0
414.55,181227,12900,22,503,20,1.12,1,4.55,2611,5.31,110,0.25,,,,,,0,0
415.7,181730,12924,22,503,24,1.15,1,4.55,2611,5.31,40,0.08,,,,,,0,0
416.84,182232,12960,22,502,36,1.14,1,4.55,2611,5.31,105,0.23,,,,,,0,0
418.07,182735,12972,22,503,12,1.23,1,4.55,2611,5.31,145,0.38,,,,,,0,0
419.26,183238,13004,22,503,32,1.19,1,4.55,2611,5.31,210,0.47,,,,,,0,0
420.53,183738,13016,22,500,12,1.26,1,4.55,2611,5.31,150,0.41,,,,,,0,0
421.75,184239,13032,22,501,16,1.22,1,4.55,2611,5.31,230,0.58,,,,,,0,0
422.93,184740,13052,22,501,20,1.18,1,4.55,2611,5.31,180,0.44,,,,,,0,0
424.05,185240,13072,22,500,20,1.12,1,4.55,2611,5.31,50,0.13,,,,,,0,0
425.29,185744,13100,22,504,28,1.23,1,4.55,2611,5.31,55,0.13,,,,,,0,0
426.49,186244,13132,22,500,32,1.2,1,4.55,2611,5.31,20,0.06,,,,,,0,0
427.67,186744,13160,22,500,28,1.18,1,4.55,2611,5.31,190,0.43,,,,,,0,0
428.93,187244,13176,22,500,16,1.25,1,4.55,2611,5.31,10,0.03,,,,,,0,0
430.11,187747,13196,22,503,20,1.19,1,4.55,2611,5.31,5,0.01,,,,,,0,0
431.28,188250,13232,22,503,36,1.16,1,4.55,2611,5.31,5,0.02,,,,,,0,0
432.39,188750,13248,22,500,16,1.11,1,4.55,2611,5.31,15,0.04,,,,,,0,0
433.6,189253,13264,22,503,16,1.21,1,4.55,2611,5.31,110,0.26,,,,,,0,0
434.82,189753,13300,22,500,36,1.21,1,4.55,2611,5.31,120,0.32,,,,,,0,0
436.06,190255,13320,22,502,20,1.24,1,4.55,2611,5.31,25,0.07,,,,,,0,0
437.22,190759,13332,22,504,12,1.16,1,4.55,2611,5.31,95,0.25,,,,,,0,0
438.44,191263,13368,22,504,36,1.21,1,4.55,2611,5.31,25,0.05,,,,,,0,0
439.6,191767,13380,22,504,12,1.16,1,4.55,2611,5.31,285,0.63,,,,,,0,0
440.77,192267,13396,22,500,16,1.17,1,4.55,2611,5.31,0,0,,,,,,0,0
441.98,192770,13440,22,503,44,1.22,1,4.55,2611,5.31,40,0.09,,,,,,0,0
443.07,193270,13460,22,500,20,1.08,1,4.55,2611,5.31,25,0.06,,,,,,0,0
444.28,193774,13480,22,504,20,1.22,1,4.55,2611,5.31,25,0.07,,,,,,0,0
445.5,194275,13504,22,501,24,1.21,1,4.55,2611,5.31,40,0.1,,,,,,0,0
446.67,194777,13536,22,502,32,1.17,1,4.55,2611,5.31,50,0.11,,,,,,0,0
447.67,195277,13556,22,500,20,1.01,1,4.55,2611,5.31,55,0.11,,,,,,0,0
448.77,195781,13572,22,504,16,1.1,1,4.55,2611,5.31,75,0.17,,,,,,0,0
449.86,196284,13580,22,503,8,1.09,1,4.55,2611,5.31,225,0.5,,,,,,0,0
451.06,196786,13584,22,502,4,1.2,1,4.55,2611,5.31,205,0.51,,,,,,0,0
452.33,197290,13596,22,504,12,1.27,1,4.55,2611,5.31,10,0.02,,,,,,0,0
453.56,197790,13620,22,500,24,1.23,1,4.55,2611,5.31,75,0.17,,,,,,0,0
454.72,198292,13652,22,502,32,1.16,1,4.55,2611,5.31,40,0.1,,,,,,0,0
455.94,198796,13664,22,504,12,1.22,1,4.55,2611,5.31,50,0.14,,,,,,0,0
457.05,199296,13712,22,500,48,1.11,1,4.55,2611,5.31,20,0.04,,,,,,0,0
458.26,199798,13744,22,502,32,1.21,1,4.55,2611,5.31,35,0.13,,,,,,0,0
459.48,200300,13788,22,502,44,1.22,1,4.55,2611,5.31,125,0.29,,,,,,0,0
460.67,200800,13832,22,500,44,1.19,1,4.55,2611,5.31,15,0.04,,,,,,0,0
461.79,201300,13852,22,500,20,1.12,1,4.55,2611,5.31,60,0.12,,,,,,0,0
462.98,201804,13872,22,504,20,1.19,1,4.55,2611,5.31,20,0.04,,,,,,0,0
464.12,202305,13900,22,501,28,1.14,1,4.55,2611,5.31,10,0.02,,,,,,0,0
465.39,202805,13912,22,500,12,1.27,1,4.55,2611,5.31,40,0.11,,,,,,0,0
466.58,203308,13928,22,503,16,1.19,1,4.55,2611,5.31,110,0.24,,,,,,0,0
467.78,203812,13948,22,504,20,1.2,1,4.55,2611,5.31,55,0.13,,,,,,0,0
468.94,204313,13960,22,501,12,1.16,1,4.55,2611,5.31,5,0.01,,,,,,0,0
470.16,204815,13972,22,502,12,1.22,1,4.55,2611,5.31,350,0.86,,,,,,0,0
471.31,205316,13988,22,501,16,1.15,1,4.55,2611,5.31,45,0.09,,,,,,0,0
472.51,205816,14012,22,500,24,1.19,1,4.55,2611,5.31,30,0.06,,,,,,0,0
473.76,206318,14040,22,502,28,1.25,1,4.55,2611,5.31,50,0.12,,,,,,0,0
475.03,206821,14068,22,503,28,1.27,1,4.55,2611,5.31,5,0.01,,,,,,0,0
476.27,207325,14084,22,504,16,1.24,1,4.55,2611,5.31,225,0.53,,,,,,0,0
477.8,207827,14124,22,502,40,1.53,1,4.55,2611,5.31,20,0.07,,,,,,0,0
479.08,208330,14140,22,503,16,1.28,1,4.55,2611,5.31,140,0.34,,,,,,0,0
480.35,208834,14156,22,504,16,1.26,1,4.55,2611,5.31,145,0.41,,,,,,0,0
481.73,209335,14188,22,501,32,1.38,1,4.55,2611,5.31,10,0.03,,,,,,0,0
482.93,209837,14204,22,502,16,1.2,1,4.55,2611,5.31,135,0.33,,,,,,0,0
484.2,210337,14216,22,500,12,1.28,1,4.55,2611,5.31,10,0.02,,,,,,0,0
485.4,210839,14244,22,502,28,1.2,1,4.55,2611,5.31,40,0.09,,,,,,0,0
486.67,211342,14260,22,503,16,1.26,1,4.55,2611,5.31,205,0.54,,,,,,0,0
487.87,211844,14284,22,502,24,1.2,1,4.55,2611,5.31,55,0.14,,,,,,0,0
489.14,212345,14300,22,501,16,1.28,1,4.55,2611,5.31,25,0.05,,,,,,0,0
490.4,212846,14332,22,501,32,1.26,1,4.55,2611,5.31,115,0.27,,,,,,0,0
491.83,213349,14360,22,503,28,1.42,1,4.55,2611,5.31,100,0.22,,,,,,0,0
493.36,213852,14380,22,503,20,1.53,1,4.55,2611,5.31,70,0.28,,,,,,0,0
495.12,214352,14408,22,500,28,1.76,1,4.55,2611,5.31,0,0,,,,,,0,0
497.03,214853,14428,22,501,20,1.91,1,4.55,2611,5.31,65,0.24,,,,,,0,0
498.74,215356,14452,22,503,24,1.72,1,4.55,2611,5.31,215,0.72,,,,,,0,0
500.52,215857,14476,22,501,24,1.77,1,4.55,2611,5.31,155,0.56,,,,,,0,0
0.98,503,4919,22,503,4919,0.98,3,13.64,411,0.76,80,0.18,,,,,,0,0
2.09,1006,5215,22,503,296,1.11,1,4.55,411,0.76,50,0.11,,,,,,0,0
3.33,1506,5218,22,500,3,1.24,2,9.09,434,1.09,20,0.05,,,,,,0,0
4.39,2006,5218,22,500,0,1.06,0,0,434,1.09,520,1.11,,,,,,0,0
5.56,2506,5245,22,500,27,1.18,1,4.55,681,1.52,0,0,,,,,,0,0
6.62,3007,5249,22,501,4,1.06,1,4.55,681,1.52,390,0.82,,,,,,0,0
7.57,3507,5249,22,500,0,0.95,0,0,681,1.52,890,1.78,,,,,,0,0
8.7,4008,5253,22,501,4,1.13,1,4.55,1346,2.74,45,0.17,,,,,,0,0
9.79,4509,5257,22,501,4,1.09,1,4.55,1346,2.74,10,0.02,,,,,,0,0
10.88,5009,5257,22,500,0,1.08,0,0,1346,2.74,510,1.1,,,,,,0,0
12.03,5511,5261,22,502,4,1.15,1,4.55,1346,2.74,135,0.35,,,,,,0,0
13.17,6012,5265,22,501,4,1.14,1,4.55,1346,2.74,75,0.19,,,,,,0,0
14.35,6512,5265,22,500,0,1.18,0,0,1346,2.74,575,1.36,,,,,,0,0
15.49,7015,5277,22,503,12,1.14,2,9.09,1346,2.74,180,0.37,,,,,,0,0
16.64,7515,5277,22,500,0,1.15,0,0,1346,2.74,680,1.51,,,,,,0,0
17.72,8018,5289,22,503,12,1.08,1,4.55,1346,2.74,65,0.15,,,,,,0,0
19.06,8518,5301,22,500,12,1.34,1,4.55,1346,2.74,225,0.51,,,,,,0,0
20.07,9019,5305,22,501,4,1.02,1,4.55,1346,2.74,220,0.5,,,,,,0,0
21.04,9523,5321,22,504,16,0.97,1,4.55,1346,2.74,135,0.25,,,,,,0,0
22.07,10026,5333,22,503,12,1.02,1,4.55,1346,2.74,310,0.64,,,,,,0,0
23.27,10527,5337,22,501,4,1.2,1,4.55,1346,2.74,495,1.19,,,,,,0,0
24.37,11028,5357,22,501,20,1.1,1,4.55,1346,2.74,45,0.09,,,,,,0,0
25.39,11529,5377,22,501,20,1.02,1,4.55,1346,2.74,5,0.01,,,,,,0,0
26.53,12031,5397,22,502,20,1.13,1,4.55,1346,2.74,145,0.33,,,,,,0,0
27.59,12534,5405,22,503,8,1.06,1,4.55,1346,2.74,260,0.57,,,,,,0,0
28.74,13034,5433,22,500,28,1.15,1,4.55,1346,2.74,75,0.19,,,,,,0,0
30,13534,5445,22,500,12,1.26,2,9.09,1346,2.74,270,0.72,,,,,,0,0
31.17,14036,5457,22,502,12,1.17,1,4.55,1346,2.74,160,0.38,,,,,,0,0
32.25,14536,5469,22,500,12,1.08,1,4.55,1346,2.74,155,0.36,,,,,,0,0
33.39,15040,5485,22,504,16,1.14,1,4.55,1346,2.74,230,0.5,,,,,,0,0
34.54,15543,5509,22,503,24,1.16,2,9.09,1346,2.74,60,0.14,,,,,,0,0
35.72,16046,5517,22,503,8,1.18,1,4.55,1346,2.74,185,0.43,,,,,,0,0
36.93,16548,5541,22,502,24,1.21,1,4.55,1346,2.74,25,0.06,,,,,,0,0
38.09,17049,5561,22,501,20,1.16,1,4.55,1346,2.74,145,0.31,,,,,,0,0
39.26,17553,5585,22,504,24,1.17,1,4.55,1346,2.74,55,0.14,,,,,,0,0
40.47,18054,5617,22,501,32,1.22,1,4.55,1346,2.74,100,0.21,,,,,,0,0
41.6,18557,5637,22,503,20,1.13,1,4.55,1346,2.74,25,0.04,,,,,,0,0
42.86,19057,5669,22,500,32,1.25,1,4.55,1346,2.74,10,0.02,,,,,,0,0
44.02,19561,5693,22,504,24,1.16,1,4.55,1346,2.74,125,0.25,,,,,,0,0
45.09,20063,5701,22,502,8,1.07,1,4.55,1346,2.74,240,0.5,,,,,,0,0
46.29,20565,5709,22,502,8,1.2,1,4.55,1346,2.74,185,0.45,,,,,,0,0
47.49,21065,5733,22,500,24,1.21,1,4.55,1346,2.74,70,0.19,,,,,,0,0
48.71,21566,5757,22,501,24,1.21,1,4.55,1346,2.74,60,0.17,,,,,,0,0
49.78,22066,5773,22,500,16,1.08,1,4.55,1346,2.74,35,0.08,,,,,,0,0
51.03,22567,5785,22,501,12,1.25,1,4.55,1346,2.74,180,0.43,,,,,,0,0
52.33,23070,5797,22,503,12,1.3,1,4.55,1346,2.74,145,0.41,,,,,,0,0
53.49,23571,5801,22,501,4,1.16,1,4.55,1346,2.74,225,0.51,,,,,,0,0
54.54,24071,5829,22,500,28,1.04,1,4.55,1346,2.74,15,0.03,,,,,,0,0
55.61,24571,5845,22,500,16,1.07,1,4.55,1346,2.74,175,0.38,,,,,,0,0
56.8,25072,5861,22,501,16,1.19,1,4.55,1346,2.74,95,0.22,,,,,,0,0
57.98,25572,5877,22,500,16,1.19,1,4.55,1346,2.74,45,0.1,,,,,,0,0
59.09,26075,5905,22,503,28,1.11,1,4.55,1346,2.74,75,0.18,,,,,,0,0
60.2,26576,5925,22,501,20,1.11,1,4.55,1346,2.74,160,0.35,,,,,,0,0
61.45,27080,5937,22,504,12,1.25,1,4.55,1346,2.74,300,0.77,,,,,,0,0
62.64,27584,5961,22,504,24,1.19,1,4.55,1346,2.74,95,0.23,,,,,,0,0
63.79,28088,5973,22,504,12,1.15,1,4.55,1346,2.74,85,0.21,,,,,,0,0
64.93,28592,5985,22,504,12,1.15,1,4.55,1346,2.74,175,0.39,,,,,,0,0
66.13,29096,5997,22,504,12,1.19,1,4.55,1346,2.74,20,0.05,,,,,,0,0
67.34,29596,6017,22,500,20,1.22,1,4.55,1346,2.74,200,0.46,,,,,,0,0
68.4,30097,6049,22,501,32,1.05,1,4.55,1346,2.74,5,0.01,,,,,,0,0
69.46,30597,6097,22,500,48,1.06,1,4.55,1346,2.74,70,0.16,,,,,,0,0
70.63,31097,6121,22,500,24,1.17,1,4.55,1346,2.74,110,0.23,,,,,,0,0
71.81,31598,6145,22,501,24,1.18,1,4.55,1346,2.74,5,0.01,,,,,,0,0
72.9,32098,6169,22,500,24,1.09,1,4.55,1346,2.74,5,0.02,,,,,,0,0
74.01,32598,6189,22,500,20,1.11,1,4.55,1346,2.74,10,0.02,,,,,,0,0
75.07,33100,6197,22,502,8,1.06,1,4.55,1346,2.74,85,0.17,,,,,,0,0
76.18,33600,6213,22,500,16,1.11,1,4.55,1346,2.74,10,0.03,,,,,,0,0
77.26,34101,6257,22,501,44,1.08,2,9.09,1346,2.74,60,0.12,,,,,,0,0
78.46,34604,6277,22,503,20,1.2,1,4.55,1346,2.74,190,0.45,,,,,,0,0
79.53,35107,6289,22,503,12,1.07,1,4.55,1346,2.74,30,0.07,,,,,,0,0
80.71,35610,6301,22,503,12,1.17,1,4.55,1346,2.74,75,0.2,,,,,,0,0
81.94,36114,6321,22,504,20,1.23,1,4.55,1346,2.74,75,0.19,,,,,,0,0
83,36616,6357,22,502,36,1.06,1,4.55,1346,2.74,30,0.06,,,,,,0,0
84.06,37116,6381,22,500,24,1.06,1,4.55,1346,2.74,65,0.15,,,,,,0,0
85.21,37619,6413,22,503,32,1.15,1,4.55,1346,2.74,40,0.08,,,,,,0,0
86.44,38119,6437,22,500,24,1.23,1,4.55,1346,2.74,25,0.05,,,,,,0,0
87.54,38620,6457,22,501,20,1.11,1,4.55,1346,2.74,55,0.12,,,,,,0,0
88.73,39122,6473,22,502,16,1.19,1,4.55,1346,2.74,125,0.31,,,,,,0,0
89.9,39622,6493,22,500,20,1.17,1,4.55,1346,2.74,60,0.14,,,,,,0,0
91.11,40126,6509,22,504,16,1.21,1,4.55,1346,2.74,310,0.72,,,,,,0,0
92.25,40627,6529,22,501,20,1.14,1,4.55,1346,2.74,135,0.28,,,,,,0,0
93.41,41130,6561,22,503,32,1.16,1,4.55,1346,2.74,10,0.02,,,,,,0,0
94.58,41630,6585,22,500,24,1.18,1,4.55,1346,2.74,255,0.6,,,,,,0,0
95.7,42132,6605,22,502,20,1.11,1,4.55,1346,2.74,70,0.14,,,,,,0,0
96.74,42636,6617,22,504,12,1.05,1,4.55,1346,2.74,105,0.24,,,,,,0,0
97.83,43137,6641,22,501,24,1.09,1,4.55,1346,2.74,115,0.26,,,,,,0,0
98.89,43639,6649,22,502,8,1.06,1,4.55,1346,2.74,15,0.03,,,,,,0,0
99.94,44141,6657,22,502,8,1.05,1,4.55,1346,2.74,55,0.13,,,,,,0,0
101.02,44642,6673,22,501,16,1.08,1,4.55,1346,2.74,40,0.08,,,,,,0,0
102.22,45142,6685,22,500,12,1.2,1,4.55,1346,2.74,170,0.39,,,,,,0,0
103.41,45642,6721,22,500,36,1.19,1,4.55,1346,2.74,0,0,,,,,,0,0
104.59,46144,6745,22,502,24,1.18,1,4.55,1346,2.74,15,0.03,,,,,,0,0
105.71,46645,6785,22,501,40,1.13,1,4.55,1346,2.74,45,0.09,,,,,,0,0
106.81,47149,6817,22,504,32,1.1,1,4.55,1346,2.74,10,0.02,,,,,,0,0
107.98,47653,6845,22,504,28,1.17,1,4.55,1346,2.74,25,0.06,,,,,,0,0
109.16,48154,6869,22,501,24,1.18,1,4.55,1346,2.74,110,0.27,,,,,,0,0
110.34,48656,6901,22,502,32,1.18,1,4.55,1346,2.74,160,0.35,,,,,,0,0
111.57,49159,6913,22,503,12,1.23,1,4.55,1346,2.74,190,0.48,,,,,,0,0
112.82,49661,6921,22,502,8,1.26,1,4.55,1346,2.74,60,0.14,,,,,,0,0
114.08,50163,6949,22,502,28,1.26,1,4.55,1346,2.74,15,0.04,,,,,,0,0
115.39,50664,6965,22,501,16,1.32,1,4.55,1346,2.74,45,0.12,,,,,,0,0
116.58,51167,6977,22,503,12,1.19,1,4.55,1346,2.74,185,0.44,,,,,,0,0
117.72,51669,7001,22,502,24,1.14,1,4.55,1346,2.74,115,0.26,,,,,,0,0
118.92,52171,7029,22,502,28,1.2,1,4.55,1346,2.74,70,0.15,,,,,,0,0
120.03,52675,7041,22,504,12,1.12,1,4.55,1346,2.74,10,0.02,,,,,,0,0
121.12,53175,7057,22,500,16,1.09,1,4.55,1346,2.74,65,0.14,,,,,,0,0
122.28,53677,7081,22,502,24,1.16,1,4.55,1346,2.74,30,0.08,,,,,,0,0
123.4,54177,7101,22,500,20,1.13,1,4.55,1346,2.74,50,0.1,,,,,,0,0
124.6,54679,7117,22,502,16,1.2,1,4.55,1346,2.74,235,0.56,,,,,,0,0
125.81,55182,7145,22,503,28,1.21,1,4.55,1346,2.74,5,0.02,,,,,,0,0
126.97,55683,7161,22,501,16,1.15,1,4.55,1346,2.74,20,0.04,,,,,,0,0
128.1,56183,7201,22,500,40,1.14,1,4.55,1346,2.74,185,0.44,,,,,,0,0
129.27,56685,7225,22,502,24,1.17,1,4.55,1346,2.74,105,0.24,,,,,,0,0
130.43,57185,7225,22,500,0,1.16,0,0,1346,2.74,605,1.39,,,,,,0,0
131.61,57688,7233,22,503,8,1.18,1,4.55,1346,2.74,290,0.69,,,,,,0,0
132.87,58188,7245,22,500,12,1.26,1,4.55,1346,2.74,115,0.3,,,,,,0,0
134.1,58688,7261,22,500,16,1.23,1,4.55,1346,2.74,75,0.17,,,,,,0,0
135.3,59188,7281,22,500,20,1.2,1,4.55,1346,2.74,95,0.22,,,,,,0,0
136.46,59688,7305,22,500,24,1.16,1,4.55,1346,2.74,120,0.26,,,,,,0,0
137.71,60188,7321,22,500,16,1.25,1,4.55,1346,2.74,120,0.31,,,,,,0,0
138.97,60690,7341,22,502,20,1.26,1,4.55,1346,2.74,15,0.04,,,,,,0,0
139.99,61191,7369,22,501,28,1.02,1,4.55,1346,2.74,60,0.11,,,,,,0,0
141.19,61693,7377,22,502,8,1.21,1,4.55,1346,2.74,385,0.95,,,,,,0,0
142.4,62196,7409,22,503,32,1.2,1,4.55,1346,2.74,60,0.12,,,,,,0,0
143.49,62697,7429,22,501,20,1.09,1,4.55,1346,2.74,45,0.1,,,,,,0,0
144.51,63197,7445,22,500,16,1.02,1,4.55,1346,2.74,15,0.04,,,,,,0,0
145.69,63697,7461,22,500,16,1.18,1,4.55,1346,2.74,115,0.32,,,,,,0,0
146.91,64199,7485,22,502,24,1.23,1,4.55,1346,2.74,105,0.26,,,,,,0,0
148.06,64703,7501,22,504,16,1.14,1,4.55,1346,2.74,105,0.22,,,,,,0,0
149.26,65204,7525,22,501,24,1.21,1,4.55,1346,2.74,175,0.37,,,,,,0,0
150.36,65707,7549,22,503,24,1.1,1,4.55,1346,2.74,5,0.01,,,,,,0,0
151.42,66211,7565,22,504,16,1.06,1,4.55,1346,2.74,390,0.82,,,,,,0,0
152.54,66713,7585,22,502,20,1.12,1,4.55,1346,2.74,90,0.21,,,,,,0,0
153.66,67214,7589,22,501,4,1.12,1,4.55,1346,2.74,130,0.31,,,,,,0,0
154.95,67718,7609,22,504,20,1.28,1,4.55,1346,2.74,50,0.11,,,,,,0,0
156.16,68222,7633,22,504,24,1.21,1,4.55,1346,2.74,155,0.39,,,,,,0,0
157.32,68726,7645,22,504,12,1.16,1,4.55,1346,2.74,235,0.53,,,,,,0,0
158.44,69226,7673,22,500,28,1.12,1,4.55,1346,2.74,150,0.33,,,,,,0,0
159.57,69730,7693,22,504,20,1.12,1,4.55,1346,2.74,70,0.16,,,,,,0,0
160.72,70230,7713,22,500,20,1.15,1,4.55,1346,2.74,15,0.04,,,,,,0,0
161.92,70734,7741,22,504,28,1.2,1,4.55,1346,2.74,40,0.11,,,,,,0,0
163.07,71237,7765,22,503,24,1.15,1,4.55,1346,2.74,125,0.27,,,,,,0,0
164.18,71739,7809,22,502,44,1.11,1,4.55,1346,2.74,40,0.08,,,,,,0,0
165.35,72239,7845,22,500,36,1.17,1,4.55,1346,2.74,5,0.02,,,,,,0,0
166.52,72739,7873,22,500,28,1.17,1,4.55,1346,2.74,80,0.17,,,,,,0,0
167.73,73243,7893,22,504,20,1.21,1,4.55,1346,2.74,255,0.64,,,,,,0,0
169.06,73743,7921,22,500,28,1.33,1,4.55,1346,2.74,45,0.11,,,,,,0,0
170.21,74243,7949,22,500,28,1.14,1,4.55,1346,2.74,80,0.16,,,,,,0,0
171.46,74745,7969,22,502,20,1.26,1,4.55,1346,2.74,60,0.15,,,,,,0,0
172.78,75246,8013,22,501,44,1.31,1,4.55,1346,2.74,30,0.08,,,,,,0,0
173.93,75749,8053,22,503,40,1.15,1,4.55,1346,2.74,5,0.01,,,,,,0,0
175.11,76252,8105,22,503,52,1.18,1,4.55,1346,2.74,10,0.02,,,,,,0,0
176.22,76755,8125,22,503,20,1.11,1,4.55,1346,2.74,55,0.13,,,,,,0,0
177.34,77259,8137,22,504,12,1.12,1,4.55,1346,2.74,120,0.26,,,,,,0,0
178.58,77761,8161,22,502,24,1.24,1,4.55,1346,2.74,5,0.02,,,,,,0,0
179.79,78264,8201,22,503,40,1.21,1,4.55,1346,2.74,45,0.13,,,,,,0,0
181.01,78767,8213,22,503,12,1.22,1,4.55,1346,2.74,10,0.03,,,,,,0,0
182.15,79267,8233,22,500,20,1.15,1,4.55,1346,2.74,150,0.36,,,,,,0,0
183.32,79769,8249,22,502,16,1.16,1,4.55,1346,2.74,120,0.27,,,,,,0,0
184.55,80269,8277,22,500,28,1.23,1,4.55,1346,2.74,170,0.41,,,,,,0,0
185.7,80771,8313,22,502,36,1.15,1,4.55,1346,2.74,160,0.35,,,,,,0,0
186.92,81273,8321,22,502,8,1.22,1,4.55,1346,2.74,350,0.86,,,,,,0,0
188.03,81775,8341,22,502,20,1.11,1,4.55,1346,2.74,330,0.74,,,,,,0,0
189.14,82276,8357,22,501,16,1.11,1,4.55,1346,2.74,30,0.07,,,,,,0,0
190.26,82776,8381,22,500,24,1.12,1,4.55,1346,2.74,65,0.13,,,,,,0,0
191.34,83280,8413,22,504,32,1.08,1,4.55,1346,2.74,20,0.04,,,,,,0,0
192.53,83780,8445,22,500,32,1.18,1,4.55,1346,2.74,20,0.05,,,,,,0,0
193.74,84283,8457,22,503,12,1.21,1,4.55,1346,2.74,210,0.53,,,,,,0,0
194.83,84786,8473,22,503,16,1.1,1,4.55,1346,2.74,15,0.03,,,,,,0,0
195.97,85286,8497,22,500,24,1.14,1,4.55,1346,2.74,270,0.59,,,,,,0,0
197.11,85790,8517,22,504,20,1.15,1,4.55,1346,2.74,45,0.08,,,,,,0,0
198.29,86290,8549,22,500,32,1.18,1,4.55,1346,2.74,20,0.06,,,,,,0,0
199.49,86793,8577,22,503,28,1.2,1,4.55,1346,2.74,75,0.15,,,,,,0,0
200.62,87296,8605,22,503,28,1.13,1,4.55,1346,2.74,80,0.2,,,,,,0,0
201.68,87799,8625,22,503,20,1.07,1,4.55,1346,2.74,100,0.23,,,,,,0,0
202.8,88303,8657,22,504,32,1.12,1,4.55,1346,2.74,50,0.11,,,,,,0,0
203.91,88806,8701,22,503,44,1.11,1,4.55,1346,2.74,20,0.05,,,,,,0,0
205.17,89309,8741,22,503,40,1.26,1,4.55,1346,2.74,15,0.03,,,,,,0,0
206.28,89809,8781,22,500,40,1.12,1,4.55,1346,2.74,5,0.01,,,,,,0,0
207.45,90311,8813,22,502,32,1.17,1,4.55,1346,2.74,100,0.24,,,,,,0,0
208.5,90812,8833,22,501,20,1.05,1,4.55,1346,2.74,280,0.57,,,,,,0,0
209.75,91316,8849,22,504,16,1.25,1,4.55,1346,2.74,295,0.68,,,,,,0,0
210.94,91820,8873,22,504,24,1.19,1,4.55,1346,2.74,55,0.16,,,,,,0,0
212.14,92324,8905,22,504,32,1.2,1,4.55,1346,2.74,35,0.08,,,,,,0,0
213.36,92825,8909,22,501,4,1.22,1,4.55,1346,2.74,355,0.88,,,,,,0,0
214.55,93327,8933,22,502,24,1.19,1,4.55,1346,2.74,55,0.14,,,,,,0,0
215.78,93827,8989,22,500,56,1.23,1,4.55,1346,2.74,20,0.05,,,,,,0,0
217.07,94331,9017,22,504,28,1.29,1,4.55,1346,2.74,5,0.01,,,,,,0,0
218.33,94833,9025,22,502,8,1.26,1,4.55,1346,2.74,375,0.94,,,,,,0,0
219.53,95334,9045,22,501,20,1.2,1,4.55,1346,2.74,80,0.19,,,,,,0,0
220.67,95834,9065,22,500,20,1.14,1,4.55,1346,2.74,25,0.05,,,,,,0,0
221.91,96334,9077,22,500,12,1.23,1,4.55,1346,2.74,185,0.48,,,,,,0,0
223.17,96835,9117,22,501,40,1.26,1,4.55,1346,2.74,125,0.3,,,,,,0,0
224.22,97336,9137,22,501,20,1.06,1,4.55,1346,2.74,10,0.03,,,,,,0,0
225.35,97837,9165,22,501,28,1.13,1,4.55,1346,2.74,0,0,,,,,,0,0
226.61,98340,9209,22,503,44,1.26,1,4.55,1346,2.74,5,0.02,,,,,,0,0
227.77,98842,9237,22,502,28,1.16,1,4.55,1346,2.74,30,0.08,,,,,,0,0
229.02,99345,9249,22,503,12,1.25,1,4.55,1346,2.74,245,0.58,,,,,,0,0
230.31,99849,9265,22,504,16,1.28,1,4.55,1346,2.74,40,0.09,,,,,,0,0
231.46,100349,9285,22,500,20,1.16,1,4.55,1346,2.74,60,0.13,,,,,,0,0
232.74,100849,9301,22,500,16,1.28,1,4.55,1346,2.74,20,0.05,,,,,,0,0
233.99,101352,9305,22,503,4,1.25,1,4.55,1346,2.74,455,1.11,,,,,,0,0
235.24,101852,9325,22,500,20,1.25,1,4.55,1346,2.74,40,0.08,,,,,,0,0
236.47,102356,9361,22,504,36,1.23,1,4.55,1346,2.74,45,0.11,,,,,,0,0
237.7,102858,9397,22,502,36,1.23,1,4.55,1346,2.74,5,0.01,,,,,,0,0
238.89,103358,9425,22,500,28,1.19,1,4.55,1346,2.74,115,0.27,,,,,,0,0
240.19,103860,9457,22,502,32,1.3,1,4.55,1346,2.74,5,0.01,,,,,,0,0
241.41,104363,9489,22,503,32,1.21,1,4.55,1346,2.74,15,0.03,,,,,,0,0
242.49,104866,9517,22,503,28,1.09,1,4.55,1346,2.74,75,0.17,,,,,,0,0
243.69,105370,9553,22,504,36,1.19,1,4.55,1346,2.74,160,0.38,,,,,,0,0
244.86,105870,9569,22,500,16,1.17,1,4.55,1346,2.74,5,0.02,,,,,,0,0
246,106374,9593,22,504,24,1.14,1,4.55,1346,2.74,65,0.15,,,,,,0,0
247.13,106875,9613,22,501,20,1.14,1,4.55,1346,2.74,25,0.05,,,,,,0,0
248.36,107377,9633,22,502,20,1.22,1,4.55,1346,2.74,15,0.04,,,,,,0,0
249.6,107881,9657,22,504,24,1.24,1,4.55,1346,2.74,140,0.3,,,,,,0,0
250.81,108384,9693,22,503,36,1.22,1,4.55,1346,2.74,15,0.04,,,,,,0,0
251.94,108887,9709,22,503,16,1.13,1,4.55,1346,2.74,50,0.13,,,,,,0,0
253.15,109391,9745,22,504,36,1.21,1,4.55,1346,2.74,90,0.21,,,,,,0,0
254.27,109891,9761,22,500,16,1.12,1,4.55,1346,2.74,25,0.06,,,,,,0,0
255.45,110394,9781,22,503,20,1.18,1,4.55,1346,2.74,40,0.1,,,,,,0,0
256.67,110894,9805,22,500,24,1.23,1,4.55,1346,2.74,155,0.41,,,,,,0,0
257.79,111395,9849,22,501,44,1.12,1,4.55,1346,2.74,30,0.08,,,,,,0,0
258.82,111895,9877,22,500,28,1.03,1,4.55,1346,2.74,240,0.48,,,,,,0,0
259.91,112397,9905,22,502,28,1.09,1,4.55,1346,2.74,120,0.24,,,,,,0,0
260.93,112899,9925,22,502,20,1.02,1,4.55,1346,2.74,200,0.43,,,,,,0,0
262.08,113400,9949,22,501,24,1.15,1,4.55,1346,2.74,0,0,,,,,,0,0
263.34,113902,9977,22,502,28,1.26,1,4.55,1346,2.74,20,0.05,,,,,,0,0
264.43,114404,10001,22,502,24,1.09,1,4.55,1346,2.74,110,0.22,,,,,,0,0
265.54,114904,10037,22,500,36,1.11,1,4.55,1346,2.74,25,0.06,,,,,,0,0
266.62,115406,10069,22,502,32,1.08,1,4.55,1346,2.74,5,0.01,,,,,,0,0
267.71,115908,10101,22,502,32,1.09,1,4.55,1346,2.74,80,0.18,,,,,,0,0
268.83,116410,10121,22,502,20,1.12,1,4.55,1346,2.74,140,0.28,,,,,,0,0
269.88,116911,10141,22,501,20,1.04,1,4.55,1346,2.74,10,0.02,,,,,,0,0
271.16,117412,10169,22,501,28,1.28,2,9.09,1346,2.74,60,0.16,,,,,,0,0
272.44,117916,10193,22,504,24,1.28,1,4.55,1346,2.74,15,0.05,,,,,,0,0
273.62,118418,10201,22,502,8,1.17,1,4.55,1346,2.74,75,0.17,,,,,,0,0
274.75,118920,10221,22,502,20,1.13,1,4.55,1346,2.74,60,0.13,,,,,,0,0
275.95,119424,10245,22,504,24,1.2,1,4.55,1346,2.74,35,0.08,,,,,,0,0
277.14,119928,10277,22,504,32,1.19,1,4.55,1346,2.74,45,0.1,,,,,,0,0
278.44,120432,10297,22,504,20,1.3,1,4.55,1346,2.74,135,0.32,,,,,,0,0
279.68,120934,10317,22,502,20,1.24,1,4.55,1346,2.74,125,0.33,,,,,,0,0
280.93,121434,10345,22,500,28,1.25,1,4.55,1346,2.74,125,0.29,,,,,,0,0
282.28,121936,10381,22,502,36,1.34,1,4.55,1346,2.74,25,0.06,,,,,,0,0
283.49,122439,10393,22,503,12,1.21,1,4.55,1346,2.74,55,0.11,,,,,,0,0
284.71,122941,10417,22,502,24,1.22,1,4.55,1346,2.74,70,0.16,,,,,,0,0
286.01,123445,10433,22,504,16,1.29,1,4.55,1346,2.74,130,0.37,,,,,,0,0
287.32,123946,10457,22,501,24,1.31,1,4.55,1346,2.74,45,0.13,,,,,,0,0
288.69,124446,10497,22,500,40,1.38,1,4.55,1346,2.74,45,0.12,,,,,,0,0
289.96,124948,10509,22,502,12,1.26,1,4.55,1346,2.74,5,0.02,,,,,,0,0
291.11,125449,10541,22,501,32,1.15,1,4.55,1346,2.74,50,0.12,,,,,,0,0
292.23,125949,10569,22,500,28,1.12,1,4.55,1346,2.74,120,0.27,,,,,,0,0
293.51,126452,10593,22,503,24,1.28,1,4.55,1346,2.74,35,0.07,,,,,,0,0
294.72,126953,10613,22,501,20,1.22,1,4.55,1346,2.74,30,0.09,,,,,,0,0
296.11,127456,10649,22,503,36,1.39,1,4.55,1346,2.74,60,0.15,,,,,,0,0
297.18,127956,10661,22,500,12,1.06,1,4.55,1346,2.74,120,0.28,,,,,,0,0
298.42,128459,10685,22,503,24,1.24,1,4.55,1346,2.74,125,0.26,,,,,,0,0
299.57,128959,10705,22,500,20,1.16,1,4.55,1346,2.74,45,0.12,,,,,,0,0
300.72,129463,10721,22,504,16,1.14,1,4.55,1346,2.74,5,0.01,,,,,,0,0
301.85,129965,10753,22,502,32,1.13,1,4.55,1346,2.74,195,0.43,,,,,,0,0
303.02,130465,10769,22,500,16,1.17,1,4.55,1346,2.74,135,0.36,,,,,,0,0
304.23,130969,10789,22,504,20,1.21,1,4.55,1346,2.74,5,0.01,,,,,,0,0
305.46,131470,10817,22,501,28,1.22,1,4.55,1346,2.74,15,0.04,,,,,,0,0
306.57,131973,10833,22,503,16,1.11,1,4.55,1346,2.74,100,0.21,,,,,,0,0
307.87,132476,10845,22,503,12,1.3,1,4.55,1346,2.74,155,0.38,,,,,,0,0
309.01,132980,10869,22,504,24,1.14,1,4.55,1346,2.74,45,0.11,,,,,,0,0
310.23,133483,10881,22,503,12,1.22,1,4.55,1346,2.74,260,0.59,,,,,,0,0
311.42,133983,10917,22,500,36,1.19,1,4.55,1346,2.74,0,0,,,,,,0,0
312.6,134486,10937,22,503,20,1.19,1,4.55,1346,2.74,5,0.02,,,,,,0,0
313.8,134989,10969,22,503,32,1.19,1,4.55,1346,2.74,80,0.21,,,,,,0,0
314.97,135491,10993,22,502,24,1.17,1,4.55,1346,2.74,15,0.04,,,,,,0,0
316.17,135994,11021,22,503,28,1.2,1,4.55,1346,2.74,30,0.06,,,,,,0,0
317.26,136495,11041,22,501,20,1.09,1,4.55,1346,2.74,10,0.02,,,,,,0,0
318.43,136995,11073,22,500,32,1.17,1,4.55,1346,2.74,30,0.07,,,,,,0,0
319.57,137495,11085,22,500,12,1.14,1,4.55,1346,2.74,0,0,,,,,,0,0
320.71,137999,11129,22,504,44,1.14,1,4.55,1346,2.74,35,0.08,,,,,,0,0
321.85,138503,11149,22,504,20,1.14,1,4.55,1346,2.74,150,0.33,,,,,,0,0
323.07,139007,11177,22,504,28,1.22,1,4.55,1346,2.74,165,0.42,,,,,,0,0
324.25,139510,11205,22,503,28,1.18,1,4.55,1346,2.74,20,0.04,,,,,,0,0
325.45,140014,11221,22,504,16,1.2,1,4.55,1346,2.74,110,0.26,,,,,,0,0
326.85,140516,11269,22,502,48,1.4,1,4.55,1346,2.74,10,0.03,,,,,,0,0
328.2,141019,11297,22,503,28,1.35,1,4.55,1346,2.74,175,0.44,,,,,,0,0
329.39,141522,11321,22,503,24,1.18,1,4.55,1346,2.74,30,0.07,,,,,,0,0
330.7,142024,11345,22,502,24,1.31,1,4.55,1346,2.74,10,0.03,,,,,,0,0
331.88,142526,11353,22,502,8,1.18,1,4.55,1346,2.74,140,0.3,,,,,,0,0
333.05,143029,11385,22,503,32,1.17,1,4.55,1346,2.74,60,0.14,,,,,,0,0
334.24,143531,11409,22,502,24,1.18,1,4.55,1346,2.74,120,0.29,,,,,,0,0
335.41,144031,11433,22,500,24,1.18,1,4.55,1346,2.74,215,0.5,,,,,,0,0
336.66,144533,11457,22,502,24,1.24,1,4.55,1346,2.74,100,0.23,,,,,,0,0
337.85,145033,11473,22,500,16,1.19,1,4.55,1346,2.74,125,0.27,,,,,,0,0
339.09,145533,11489,22,500,16,1.24,1,4.55,1346,2.74,180,0.47,,,,,,0,0
340.36,146034,11505,22,501,16,1.27,1,4.55,1346,2.74,170,0.45,,,,,,0,0
341.64,146534,11533,22,500,28,1.28,1,4.55,1346,2.74,55,0.14,,,,,,0,0
343.01,147034,11561,22,500,28,1.37,1,4.55,1346,2.74,80,0.24,,,,,,0,0
344.3,147535,11589,22,501,28,1.29,1,4.55,1346,2.74,35,0.08,,,,,,0,0
345.5,148036,11625,22,501,36,1.2,1,4.55,1346,2.74,30,0.07,,,,,,0,0
346.64,148537,11645,22,501,20,1.14,1,4.55,1346,2.74,75,0.19,,,,,,0,0
347.76,149038,11693,22,501,48,1.12,1,4.55,1346,2.74,105,0.25,,,,,,0,0
348.97,149539,11733,22,501,40,1.21,1,4.55,1346,2.74,35,0.07,,,,,,0,0
350.17,150040,11753,22,501,20,1.2,1,4.55,1346,2.74,65,0.17,,,,,,0,0
351.44,150543,11781,22,503,28,1.27,1,4.55,1346,2.74,5,0.01,,,,,,0,0
352.7,151046,11809,22,503,28,1.25,1,4.55,1346,2.74,105,0.29,,,,,,0,0
353.91,151547,11825,22,501,16,1.22,1,4.55,1346,2.74,150,0.37,,,,,,0,0
355.03,152050,11853,22,503,28,1.12,1,4.55,1346,2.74,10,0.02,,,,,,0,0
356.19,152552,11897,22,502,44,1.16,1,4.55,1346,2.74,60,0.12,,,,,,0,0
357.47,153053,11929,22,501,32,1.28,1,4.55,1346,2.74,0,0,,,,,,0,0
358.71,153553,11973,22,500,44,1.24,1,4.55,1346,2.74,15,0.04,,,,,,0,0
360.1,154056,11985,22,503,12,1.38,1,4.55,1346,2.74,150,0.45,,,,,,0,0
361.33,154556,12017,22,500,32,1.24,1,4.55,1346,2.74,45,0.11,,,,,,0,0
362.44,155056,12033,22,500,16,1.11,1,4.55,1346,2.74,95,0.21,,,,,,0,0
363.59,155556,12065,22,500,32,1.14,1,4.55,1346,2.74,50,0.11,,,,,,0,0
364.76,156057,12085,22,501,20,1.18,1,4.55,1346,2.74,105,0.23,,,,,,0,0
365.96,156557,12105,22,500,20,1.2,1,4.55,1346,2.74,10,0.02,,,,,,0,0
367.1,157060,12133,22,503,28,1.13,1,4.55,1346,2.74,35,0.08,,,,,,0,0
368.29,157561,12173,22,501,40,1.19,1,4.55,1346,2.74,110,0.26,,,,,,0,0
369.44,158061,12189,22,500,16,1.15,1,4.55,1346,2.74,10,0.02,,,,,,0,0
370.6,158562,12205,22,501,16,1.16,1,4.55,1346,2.74,100,0.21,,,,,,0,0
371.83,159064,12213,22,502,8,1.23,1,4.55,1346,2.74,115,0.27,,,,,,0,0
373.1,159565,12245,22,501,32,1.27,1,4.55,1346,2.74,20,0.05,,,,,,0,0
374.34,160066,12273,22,501,28,1.24,1,4.55,1346,2.74,45,0.1,,,,,,0,0
375.54,160570,12317,22,504,44,1.2,1,4.55,1346,2.74,10,0.02,,,,,,0,0
376.68,161071,12337,22,501,20,1.14,1,4.55,1346,2.74,10,0.03,,,,,,0,0
377.82,161573,12361,22,502,24,1.15,1,4.55,1346,2.74,85,0.2,,,,,,0,0
379,162073,12393,22,500,32,1.17,1,4.55,1346,2.74,70,0.15,,,,,,0,0
380.17,162574,12421,22,501,28,1.17,1,4.55,1346,2.74,0,0,,,,,,0,0
381.42,163077,12461,22,503,40,1.25,1,4.55,1346,2.74,80,0.17,,,,,,0,0
382.63,163579,12469,22,502,8,1.21,1,4.55,1346,2.74,55,0.13,,,,,,0,0
383.94,164080,12505,22,501,36,1.31,1,4.55,1346,2.74,15,0.04,,,,,,0,0
385.13,164581,12537,22,501,32,1.18,1,4.55,1346,2.74,35,0.08,,,,,,0,0
386.32,165084,12561,22,503,24,1.19,1,4.55,1346,2.74,55,0.14,,,,,,0,0
387.54,165585,12577,22,501,16,1.21,1,4.55,1346,2.74,50,0.15,,,,,,0,0
388.77,166085,12609,22,500,32,1.23,1,4.55,1346,2.74,125,0.31,,,,,,0,0
389.99,166587,12629,22,502,20,1.22,1,4.55,1346,2.74,140,0.31,,,,,,0,0
391.17,167091,12653,22,504,24,1.18,1,4.55,1346,2.74,40,0.1,,,,,,0,0
392.39,167595,12677,22,504,24,1.22,1,4.55,1346,2.74,30,0.08,,,,,,0,0
393.61,168096,12697,22,501,20,1.23,1,4.55,1346,2.74,135,0.33,,,,,,0,0
394.79,168597,12721,22,501,24,1.18,1,4.55,1346,2.74,140,0.36,,,,,,0,0
396,169099,12729,22,502,8,1.21,1,4.55,1346,2.74,375,0.92,,,,,,0,0
397.16,169600,12757,22,501,28,1.16,1,4.55,1346,2.74,60,0.14,,,,,,0,0
398.36,170102,12789,22,502,32,1.19,1,4.55,1346,2.74,90,0.21,,,,,,0,0
399.56,170603,12805,22,501,16,1.2,1,4.55,1346,2.74,25,0.07,,,,,,0,0
400.75,171105,12829,22,502,24,1.19,1,4.55,1346,2.74,35,0.08,,,,,,0,0
401.88,171608,12849,22,503,20,1.13,1,4.55,1346,2.74,15,0.05,,,,,,0,0
403.22,172108,12861,22,500,12,1.34,1,4.55,1346,2.74,80,0.18,,,,,,0,0
404.45,172611,12869,22,503,8,1.23,1,4.55,1346,2.74,25,0.07,,,,,,0,0
405.73,173114,12893,22,503,24,1.28,1,4.55,1346,2.74,80,0.22,,,,,,0,0
406.97,173616,12929,22,502,36,1.24,1,4.55,1346,2.74,75,0.21,,,,,,0,0
408.26,174120,12957,22,504,28,1.29,1,4.55,1346,2.74,45,0.11,,,,,,0,0
409.56,174621,13009,22,501,52,1.31,1,4.55,1346,2.74,70,0.16,,,,,,0,0
410.75,175123,13029,22,502,20,1.18,1,4.55,1346,2.74,130,0.32,,,,,,0,0
411.94,175627,13045,22,504,16,1.19,1,4.55,1346,2.74,220,0.53,,,,,,0,0
413.09,176131,13061,22,504,16,1.15,1,4.55,1346,2.74,200,0.44,,,,,,0,0
414.18,176635,13097,22,504,36,1.09,1,4.55,1346,2.74,110,0.23,,,,,,0,0
415.38,177135,13129,22,500,32,1.2,1,4.55,1346,2.74,15,0.03,,,,,,0,0
416.56,177635,13149,22,500,20,1.18,1,4.55,1346,2.74,160,0.38,,,,,,0,0
417.86,178139,13185,22,504,36,1.3,1,4.55,1346,2.74,15,0.03,,,,,,0,0
419.2,178640,13209,22,501,24,1.34,1,4.55,1346,2.74,10,0.03,,,,,,0,0
420.35,179142,13249,22,502,40,1.15,1,4.55,1346,2.74,15,0.04,,,,,,0,0
421.56,179646,13265,22,504,16,1.21,1,4.55,1346,2.74,20,0.05,,,,,,0,0
422.68,180146,13301,22,500,36,1.12,1,4.55,1346,2.74,110,0.24,,,,,,0,0
423.92,180646,13321,22,500,20,1.23,1,4.55,1346,2.74,225,0.58,,,,,,0,0
425.08,181147,13341,22,501,20,1.17,1,4.55,1346,2.74,100,0.26,,,,,,0,0
426.26,181649,13349,22,502,8,1.18,1,4.55,1346,2.74,165,0.43,,,,,,0,0
427.39,182150,13381,22,501,32,1.12,1,4.55,1346,2.74,85,0.18,,,,,,0,0
428.59,182652,13405,22,502,24,1.2,1,4.55,1346,2.74,130,0.32,,,,,,0,0
429.87,183156,13441,22,504,36,1.28,1,4.55,1346,2.74,65,0.15,,,,,,0,0
431.06,183660,13457,22,504,16,1.19,1,4.55,1346,2.74,65,0.15,,,,,,0,0
432.43,184160,13481,22,500,24,1.37,1,4.55,1346,2.74,70,0.29,,,,,,0,0
433.67,184660,13493,22,500,12,1.24,1,4.55,1346,2.74,50,0.14,,,,,,0,0
434.97,185160,13529,22,500,36,1.3,1,4.55,1346,2.74,55,0.13,,,,,,0,0
436.13,185662,13545,22,502,16,1.16,1,4.55,1346,2.74,30,0.07,,,,,,0,0
437.34,186166,13565,22,504,20,1.2,1,4.55,1346,2.74,40,0.09,,,,,,0,0
438.59,186667,13585,22,501,20,1.25,1,4.55,1346,2.74,70,0.17,,,,,,0,0
439.91,187167,13597,22,500,12,1.33,1,4.55,1346,2.74,10,0.02,,,,,,0,0
441.15,187670,13625,22,503,28,1.24,1,4.55,1346,2.74,90,0.23,,,,,,0,0
442.33,188171,13649,22,501,24,1.18,1,4.55,1346,2.74,5,0.01,,,,,,0,0
443.55,188674,13661,22,503,12,1.22,1,4.55,1346,2.74,95,0.21,,,,,,0,0
444.71,189178,13673,22,504,12,1.16,1,4.55,1346,2.74,215,0.52,,,,,,0,0
445.91,189678,13693,22,500,20,1.2,1,4.55,1346,2.74,5,0.01,,,,,,0,0
447.09,190179,13697,22,501,4,1.18,1,4.55,1346,2.74,445,1.04,,,,,,0,0
448.29,190681,13717,22,502,20,1.2,1,4.55,1346,2.74,85,0.22,,,,,,0,0
449.52,191185,13733,22,504,16,1.23,1,4.55,1346,2.74,25,0.05,,,,,,0,0
450.72,191686,13749,22,501,16,1.2,1,4.55,1346,2.74,270,0.64,,,,,,0,0
451.99,192188,13765,22,502,16,1.27,1,4.55,1346,2.74,140,0.37,,,,,,0,0
453.12,192691,13797,22,503,32,1.13,1,4.55,1346,2.74,50,0.11,,,,,,0,0
454.26,193195,13809,22,504,12,1.14,1,4.55,1346,2.74,25,0.05,,,,,,0,0
455.63,193698,13837,22,503,28,1.37,1,4.55,1346,2.74,40,0.1,,,,,,0,0
456.82,194201,13861,22,503,24,1.19,1,4.55,1346,2.74,55,0.12,,,,,,0,0
457.97,194704,13885,22,503,24,1.15,1,4.55,1346,2.74,135,0.32,,,,,,0,0
459.11,195205,13905,22,501,20,1.14,1,4.55,1346,2.74,10,0.02,,,,,,0,0
460.25,195709,13929,22,504,24,1.14,1,4.55,1346,2.74,35,0.08,,,,,,0,0
461.41,196210,13977,22,501,48,1.16,1,4.55,1346,2.74,15,0.03,,,,,,0,0
462.67,196714,13997,22,504,20,1.25,1,4.55,1346,2.74,340,0.91,,,,,,0,0
463.92,197214,14009,22,500,12,1.26,1,4.55,1346,2.74,0,0,,,,,,0,0
465.2,197714,14033,22,500,24,1.28,1,4.55,1346,2.74,120,0.29,,,,,,0,0
466.41,198217,14057,22,503,24,1.21,1,4.55,1346,2.74,30,0.07,,,,,,0,0
467.63,198720,14077,22,503,20,1.21,1,4.55,1346,2.74,15,0.03,,,,,,0,0
468.8,199221,14113,22,501,36,1.17,1,4.55,1346,2.74,5,0.02,,,,,,0,0
470.03,199721,14145,22,500,32,1.23,1,4.55,1346,2.74,160,0.42,,,,,,0,0
471.28,200222,14173,22,501,28,1.25,1,4.55,1346,2.74,35,0.1,,,,,,0,0
472.49,200724,14209,22,502,36,1.21,1,4.55,1346,2.74,25,0.06,,,,,,0,0
473.67,201226,14229,22,502,20,1.18,1,4.55,1346,2.74,50,0.12,,,,,,0,0
474.86,201726,14265,22,500,36,1.2,1,4.55,1346,2.74,15,0.04,,,,,,0,0
476.08,202230,14289,22,504,24,1.22,1,4.55,1346,2.74,45,0.12,,,,,,0,0
477.22,202731,14309,22,501,20,1.14,1,4.55,1346,2.74,165,0.37,,,,,,0,0
478.45,203235,14337,22,504,28,1.23,1,4.55,1346,2.74,5,0.01,,,,,,0,0
479.73,203738,14365,22,503,28,1.28,1,4.55,1346,2.74,50,0.12,,,,,,0,0
480.95,204242,14401,22,504,36,1.22,1,4.55,1346,2.74,30,0.06,,,,,,0,0
482.17,204744,14441,22,502,40,1.21,1,4.55,1346,2.74,20,0.04,,,,,,0,0
483.42,205244,14473,22,500,32,1.26,1,4.55,1346,2.74,80,0.21,,,,,,0,0
484.6,205747,14497,22,503,24,1.17,1,4.55,1346,2.74,105,0.24,,,,,,0,0
485.87,206247,14517,22,500,20,1.27,1,4.55,1346,2.74,50,0.1,,,,,,0,0
487.16,206748,14537,22,501,20,1.29,1,4.55,1346,2.74,10,0.03,,,,,,0,0
488.46,207249,14573,22,501,36,1.31,1,4.55,1346,2.74,85,0.2,,,,,,0,0
489.69,207749,14601,22,500,28,1.23,1,4.55,1346,2.74,5,0.01,,,,,,0,0
490.93,208253,14625,22,504,24,1.24,1,4.55,1346,2.74,45,0.1,,,,,,0,0
492.17,208756,14665,22,503,40,1.24,1,4.55,1346,2.74,70,0.15,,,,,,0,0
493.43,209257,14689,22,501,24,1.26,1,4.55,1346,2.74,15,0.04,,,,,,0,0
494.54,209759,14709,22,502,20,1.11,1,4.55,1346,2.74,150,0.35,,,,,,0,0
495.89,210263,14741,22,504,32,1.34,1,4.55,1346,2.74,60,0.18,,,,,,0,0
497.1,210766,14753,22,503,12,1.21,1,4.55,1346,2.74,195,0.42,,,,,,0,0
498.31,211267,14773,22,501,20,1.21,1,4.55,1346,2.74,90,0.19,,,,,,0,0
499.4,211769,14781,22,502,8,1.09,1,4.55,1346,2.74,345,0.74,,,,,,0,0
500.61,212270,14813,22,501,32,1.22,1,4.55,1346,2.74,40,0.11,,,,,,0,0
501.75,212770,14829,22,500,16,1.13,1,4.55,1346,2.74,90,0.24,,,,,,0,0
502.87,213271,14833,22,501,4,1.12,1,4.55,1346,2.74,130,0.31,,,,,,0,0
504.15,213772,14865,22,501,32,1.29,1,4.55,1346,2.74,155,0.33,,,,,,0,0
505.34,214276,14877,22,504,12,1.19,1,4.55,1346,2.74,45,0.11,,,,,,0,0
506.67,214776,14901,22,500,24,1.33,1,4.55,1346,2.74,25,0.06,,,,,,0,0
507.97,215276,14921,22,500,20,1.29,1,4.55,1346,2.74,40,0.1,,,,,,0,0
509.06,215780,14929,22,504,8,1.1,1,4.55,1346,2.74,30,0.08,,,,,,0,0
510.27,216280,14953,22,500,24,1.21,1,4.55,1346,2.74,125,0.28,,,,,,0,0
511.39,216782,14977,22,502,24,1.12,1,4.55,1346,2.74,20,0.04,,,,,,0,0
512.63,217282,15005,22,500,28,1.23,1,4.55,1346,2.74,60,0.16,,,,,,0,0
513.8,217784,15029,22,502,24,1.18,1,4.55,1346,2.74,135,0.37,,,,,,0,0
515.15,218286,15049,22,502,20,1.35,1,4.55,1346,2.74,125,0.35,,,,,,0,0
516.42,218789,15073,22,503,24,1.27,1,4.55,1346,2.74,120,0.24,,,,,,0,0
517.68,219292,15097,22,503,24,1.26,1,4.55,1346,2.74,160,0.42,,,,,,0,0
518.93,219794,15121,22,502,24,1.25,1,4.55,1346,2.74,125,0.3,,,,,,0,0
520.16,220294,15133,22,500,12,1.22,1,4.55,1346,2.74,30,0.08,,,,,,0,0
521.38,220796,15153,22,502,20,1.23,1,4.55,1346,2.74,35,0.09,,,,,,0,0
522.73,221298,15185,22,502,32,1.35,1,4.55,1346,2.74,75,0.18,,,,,,0,0
523.83,221799,15205,22,501,20,1.1,1,4.55,1346,2.74,110,0.26,,,,,,0,0
524.96,222300,15241,22,501,36,1.14,1,4.55,1346,2.74,55,0.12,,,,,,0,0
526.11,222804,15257,22,504,16,1.15,1,4.55,1346,2.74,180,0.46,,,,,,0,0
527.41,223306,15285,22,502,28,1.29,1,4.55,1346,2.74,65,0.17,,,,,,0,0
528.81,223810,15321,22,504,36,1.4,1,4.55,1346,2.74,35,0.08,,,,,,0,0
530.07,224314,15337,22,504,16,1.26,1,4.55,1346,2.74,90,0.22,,,,,,0,0
531.36,224818,15369,22,504,32,1.29,1,4.55,1346,2.74,20,0.06,,,,,,0,0
532.68,225321,15413,22,503,44,1.32,1,4.55,1346,2.74,25,0.06,,,,,,0,0
533.94,225825,15441,22,504,28,1.27,1,4.55,1346,2.74,15,0.04,,,,,,0,0
535.18,226325,15457,22,500,16,1.24,1,4.55,1346,2.74,20,0.05,,,,,,0,0
536.29,226826,15489,22,501,32,1.11,1,4.55,1346,2.74,165,0.38,,,,,,0,0
537.45,227329,15521,22,503,32,1.16,1,4.55,1346,2.74,80,0.19,,,,,,0,0
538.72,227832,15545,22,503,24,1.27,1,4.55,1346,2.74,140,0.37,,,,,,0,0
539.86,228335,15577,22,503,32,1.14,1,4.55,1346,2.74,100,0.19,,,,,,0,0
541.04,228836,15593,22,501,16,1.19,1,4.55,1346,2.74,95,0.21,,,,,,0,0
542.19,229339,15617,22,503,24,1.15,1,4.55,1346,2.74,75,0.18,,,,,,0,0
543.39,229842,15641,22,503,24,1.2,1,4.55,1346,2.74,105,0.26,,,,,,0,0
544.58,230346,15661,22,504,20,1.18,1,4.55,1346,2.74,210,0.53,,,,,,0,0
545.69,230849,15681,22,503,20,1.11,1,4.55,1346,2.74,45,0.12,,,,,,0,0
546.83,231350,15717,22,501,36,1.14,1,4.55,1346,2.74,75,0.14,,,,,,0,0
548.05,231853,15741,22,503,24,1.22,1,4.55,1346,2.74,25,0.06,,,,,,0,0
549.26,232353,15757,22,500,16,1.21,1,4.55,1346,2.74,135,0.32,,,,,,0,0
550.52,232856,15777,22,503,20,1.25,1,4.55,1346,2.74,100,0.26,,,,,,0,0
551.71,233360,15805,22,504,28,1.19,1,4.55,1346,2.74,95,0.23,,,,,,0,0
552.93,233864,15833,22,504,28,1.22,1,4.55,1346,2.74,90,0.23,,,,,,0,0
554.14,234366,15853,22,502,20,1.21,1,4.55,1346,2.74,120,0.29,,,,,,0,0
555.39,234869,15877,22,503,24,1.25,1,4.55,1346,2.74,20,0.05,,,,,,0,0
556.57,235370,15901,22,501,24,1.17,1,4.55,1346,2.74,205,0.47,,,,,,0,0
557.68,235874,15929,22,504,28,1.11,1,4.55,1346,2.74,20,0.05,,,,,,0,0
558.94,236378,15949,22,504,20,1.26,1,4.55,1346,2.74,10,0.03,,,,,,0,0
560.45,236881,15965,22,503,16,1.51,1,4.55,1346,2.74,125,0.3,,,,,,0,0
561.71,237382,16001,22,501,36,1.26,1,4.55,1346,2.74,0,0,,,,,,0,0
562.95,237882,16025,22,500,24,1.24,1,4.55,1346,2.74,100,0.22,,,,,,0,0
564.12,238382,16057,22,500,32,1.17,1,4.55,1346,2.74,10,0.02,,,,,,0,0
565.38,238884,16065,22,502,8,1.26,1,4.55,1346,2.74,90,0.24,,,,,,0,0
566.57,239385,16085,22,501,20,1.2,1,4.55,1346,2.74,135,0.33,,,,,,0,0
567.74,239889,16093,22,504,8,1.16,1,4.55,1346,2.74,395,0.91,,,,,,0,0
568.89,240393,16125,22,504,32,1.15,1,4.55,1346,2.74,45,0.1,,,,,,0,0
570.09,240896,16173,22,503,48,1.19,1,4.55,1346,2.74,5,0.01,,,,,,0,0
571.27,241397,16209,22,501,36,1.18,1,4.55,1346,2.74,0,0,,,,,,0,0
572.51,241898,16237,22,501,28,1.24,1,4.55,1346,2.74,135,0.34,,,,,,0,0
573.72,242398,16261,22,500,24,1.21,1,4.55,1346,2.74,85,0.2,,,,,,0,0
574.97,242902,16313,22,504,52,1.25,1,4.55,1346,2.74,20,0.05,,,,,,0,0
576.13,243402,16353,22,500,40,1.16,1,4.55,1346,2.74,0,0,,,,,,0,0
577.43,243906,16397,22,504,44,1.3,1,4.55,1346,2.74,60,0.13,,,,,,0,0
578.66,244410,16421,22,504,24,1.24,1,4.55,1346,2.74,50,0.14,,,,,,0,0
579.94,244914,16457,22,504,36,1.28,1,4.55,1346,2.74,60,0.17,,,,,,0,0
581.27,245415,16473,22,501,16,1.33,1,4.55,1346,2.74,5,0.01,,,,,,0,0
582.55,245918,16509,22,503,36,1.28,1,4.55,1346,2.74,45,0.11,,,,,,0,0
583.78,246422,16537,22,504,28,1.23,1,4.55,1346,2.74,55,0.12,,,,,,0,0
584.96,246922,16581,22,500,44,1.18,1,4.55,1346,2.74,75,0.19,,,,,,0,0
586.15,247426,16601,22,504,20,1.2,1,4.55,1346,2.74,255,0.65,,,,,,0,0
587.28,247927,16621,22,501,20,1.12,1,4.55,1346,2.74,55,0.11,,,,,,0,0
588.55,248429,16629,22,502,8,1.27,1,4.55,1346,2.74,290,0.73,,,,,,0,0
589.82,248929,16657,22,500,28,1.27,1,4.55,1346,2.74,90,0.2,,,,,,0,0
591.07,249430,16677,22,501,20,1.25,1,4.55,1346,2.74,85,0.22,,,,,,0,0
592.28,249933,16693,22,503,16,1.2,1,4.55,1346,2.74,300,0.73,,,,,,0,0
593.47,250436,16729,22,503,36,1.19,1,4.55,1346,2.74,5,0.01,,,,,,0,0
594.61,250939,16765,22,503,36,1.14,1,4.55,1346,2.74,40,0.09,,,,,,0,0
595.86,251443,16793,22,504,28,1.24,1,4.55,1346,2.74,40,0.11,,,,,,0,0
597.29,251943,16825,22,500,32,1.43,1,4.55,1346,2.74,40,0.12,,,,,,0,0
598.53,252443,16865,22,500,40,1.24,1,4.55,1346,2.74,5,0.01,,,,,,0,0
599.8,252943,16897,22,500,32,1.27,1,4.55,1346,2.74,50,0.14,,,,,,0,0
600.98,253443,16925,22,500,28,1.18,1,4.55,1346,2.74,15,0.04,,,,,,0,0
602.06,253944,16929,22,501,4,1.08,1,4.55,1346,2.74,180,0.39,,,,,,0,0
603.21,254448,16957,22,504,28,1.15,1,4.55,1346,2.74,30,0.07,,,,,,0,0
604.35,254949,16981,22,501,24,1.14,1,4.55,1346,2.74,80,0.2,,,,,,0,0
605.72,255451,17001,22,502,20,1.36,1,4.55,1346,2.74,115,0.34,,,,,,0,0
606.99,255955,17017,22,504,16,1.28,1,4.55,1346,2.74,140,0.37,,,,,,0,0
608.25,256455,17033,22,500,16,1.26,1,4.55,1346,2.74,50,0.17,,,,,,0,0
609.43,256959,17057,22,504,24,1.18,1,4.55,1346,2.74,105,0.24,,,,,,0,0
610.62,257460,17073,22,501,16,1.19,1,4.55,1346,2.74,125,0.29,,,,,,0,0
611.82,257962,17101,22,502,28,1.2,1,4.55,1346,2.74,110,0.25,,,,,,0,0
612.97,258463,17129,22,501,28,1.15,1,4.55,1346,2.74,125,0.27,,,,,,0,0
614.09,258966,17157,22,503,28,1.12,1,4.55,1346,2.74,10,0.03,,,,,,0,0
615.26,259466,17189,22,500,32,1.17,1,4.55,1346,2.74,5,0.01,,,,,,0,0
616.42,259969,17233,22,503,44,1.16,1,4.55,1346,2.74,15,0.03,,,,,,0,0
617.58,260471,17253,22,502,20,1.16,1,4.55,1346,2.74,215,0.51,,,,,,0,0
618.82,260973,17285,22,502,32,1.24,1,4.55,1346,2.74,55,0.16,,,,,,0,0
620.21,261473,17301,22,500,16,1.39,1,4.55,1346,2.74,105,0.26,,,,,,0,0
621.38,261976,17325,22,503,24,1.17,1,4.55,1346,2.74,55,0.14,,,,,,0,0
622.58,262479,17353,22,503,28,1.2,1,4.55,1346,2.74,120,0.27,,,,,,0,0
623.72,262981,17373,22,502,20,1.14,1,4.55,1346,2.74,80,0.19,,,,,,0,0
624.91,263484,17385,22,503,12,1.19,1,4.55,1346,2.74,40,0.08,,,,,,0,0
626.1,263986,17393,22,502,8,1.19,1,4.55,1346,2.74,55,0.14,,,,,,0,0
627.44,264489,17421,22,503,28,1.34,1,4.55,1346,2.74,55,0.15,,,,,,0,0
628.67,264993,17465,22,504,44,1.23,1,4.55,1346,2.74,15,0.04,,,,,,0,0
629.89,265493,17489,22,500,24,1.23,1,4.55,1346,2.74,265,0.65,,,,,,0,0
631.24,265997,17517,22,504,28,1.34,1,4.55,1346,2.74,60,0.17,,,,,,0,0
632.49,266498,17537,22,501,20,1.26,1,4.55,1346,2.74,200,0.46,,,,,,0,0
633.67,266999,17573,22,501,36,1.18,1,4.55,1346,2.74,75,0.19,,,,,,0,0
634.94,267500,17585,22,501,12,1.27,1,4.55,1346,2.74,165,0.49,,,,,,0,0
636.26,268003,17605,22,503,20,1.32,1,4.55,1346,2.74,60,0.15,,,,,,0,0
637.44,268506,17633,22,503,28,1.17,1,4.55,1346,2.74,40,0.09,,,,,,0,0
638.77,269006,17653,22,500,20,1.33,1,4.55,1346,2.74,35,0.1,,,,,,0,0
640.06,269509,17673,22,503,20,1.29,1,4.55,1346,2.74,105,0.28,,,,,,0,0
641.45,270012,17705,22,503,32,1.39,1,4.55,1346,2.74,215,0.63,,,,,,0,0
642.97,270514,17721,22,502,16,1.52,1,4.55,1346,2.74,65,0.21,,,,,,0,0
644.26,271016,17749,22,502,28,1.3,1,4.55,1346,2.74,85,0.21,,,,,,0,0
645.6,271517,17769,22,501,20,1.33,1,4.55,1346,2.74,200,0.55,,,,,,0,0
646.89,272019,17789,22,502,20,1.29,1,4.55,1346,2.74,30,0.07,,,,,,0,0
648.09,272523,17805,22,504,16,1.2,1,4.55,1346,2.74,85,0.21,,,,,,0,0
649.37,273025,17813,22,502,8,1.28,1,4.55,1346,2.74,340,0.88,,,,,,0,0
650.67,273527,17837,22,502,24,1.3,1,4.55,1346,2.74,45,0.12,,,,,,0,0
651.79,274030,17869,22,503,32,1.12,1,4.55,1346,2.74,25,0.05,,,,,,0,0
652.92,274530,17901,22,500,32,1.13,1,4.55,1346,2.74,0,0,,,,,,0,0
654.06,275033,17949,22,503,48,1.14,1,4.55,1346,2.74,170,0.39,,,,,,0,0
655.25,275536,17973,22,503,24,1.19,1,4.55,1346,2.74,15,0.03,,,,,,0,0
656.44,276036,17989,22,500,16,1.18,1,4.55,1346,2.74,35,0.11,,,,,,0,0
657.64,276537,18017,22,501,28,1.2,1,4.55,1346,2.74,110,0.28,,,,,,0,0
658.91,277038,18041,22,501,24,1.27,1,4.55,1346,2.74,120,0.32,,,,,,0,0
660.3,277539,18065,22,501,24,1.39,1,4.55,1346,2.74,75,0.18,,,,,,0,0
661.47,278041,18081,22,502,16,1.17,1,4.55,1346,2.74,95,0.22,,,,,,0,0
662.69,278541,18101,22,500,20,1.23,1,4.55,1346,2.74,70,0.18,,,,,,0,0
663.89,279043,18125,22,502,24,1.2,1,4.55,1346,2.74,180,0.43,,,,,,0,0
665.35,279544,18145,22,501,20,1.46,1,4.55,1346,2.74,185,0.56,,,,,,0,0
666.58,280048,18173,22,504,28,1.23,1,4.55,1346,2.74,85,0.19,,,,,,0,0
667.82,280550,18181,22,502,8,1.24,1,4.55,1346,2.74,135,0.3,,,,,,0,0
669.02,281054,18197,22,504,16,1.19,1,4.55,1346,2.74,50,0.12,,,,,,0,0
670.26,281557,18221,22,503,24,1.24,1,4.55,1346,2.74,10,0.02,,,,,,0,0
671.43,282060,18229,22,503,8,1.18,1,4.55,1346,2.74,215,0.5,,,,,,0,0
672.67,282562,18265,22,502,36,1.24,1,4.55,1346,2.74,115,0.31,,,,,,0,0
673.97,283063,18297,22,501,32,1.3,1,4.55,1346,2.74,20,0.04,,,,,,0,0
675.11,283566,18309,22,503,12,1.14,1,4.55,1346,2.74,195,0.43,,,,,,0,0
676.44,284067,18333,22,501,24,1.33,1,4.55,1346,2.74,115,0.33,,,,,,0,0
677.69,284570,18365,22,503,32,1.25,1,4.55,1346,2.74,30,0.07,,,,,,0,0
678.85,285072,18377,22,502,12,1.17,1,4.55,1346,2.74,310,0.72,,,,,,0,0
680.12,285572,18405,22,500,28,1.26,1,4.55,1346,2.74,125,0.31,,,,,,0,0
681.38,286074,18421,22,502,16,1.26,1,4.55,1346,2.74,65,0.16,,,,,,0,0
682.58,286574,18465,22,500,44,1.2,1,4.55,1346,2.74,25,0.06,,,,,,0,0
683.9,287074,18485,22,500,20,1.32,1,4.55,1346,2.74,280,0.71,,,,,,0,0
685.07,287575,18513,22,501,28,1.17,1,4.55,1346,2.74,10,0.02,,,,,,0,0
686.3,288076,18533,22,501,20,1.23,1,4.55,1346,2.74,25,0.06,,,,,,0,0
687.46,288579,18553,22,503,20,1.16,1,4.55,1346,2.74,95,0.24,,,,,,0,0
688.74,289079,18573,22,500,20,1.28,1,4.55,1346,2.74,25,0.07,,,,,,0,0
689.97,289580,18593,22,501,20,1.23,1,4.55,1346,2.74,95,0.24,,,,,,0,0
691.13,290082,18613,22,502,20,1.16,1,4.55,1346,2.74,20,0.06,,,,,,0,0
692.32,290583,18661,22,501,48,1.2,1,4.55,1346,2.74,115,0.26,,,,,,0,0
693.53,291084,18677,22,501,16,1.2,1,4.55,1346,2.74,75,0.21,,,,,,0,0
694.76,291584,18693,22,500,16,1.24,1,4.55,1346,2.74,165,0.38,,,,,,0,0
695.97,292086,18729,22,502,36,1.21,1,4.55,1346,2.74,30,0.08,,,,,,0,0
697.28,292590,18769,22,504,40,1.31,1,4.55,1346,2.74,35,0.09,,,,,,0,0
698.49,293092,18797,22,502,28,1.21,2,9.09,1346,2.74,75,0.16,,,,,,0,0
699.68,293595,18829,22,503,32,1.19,1,4.55,1346,2.74,25,0.06,,,,,,0,0
700.91,294097,18845,22,502,16,1.23,1,4.55,1346,2.74,45,0.12,,,,,,0,0
702.09,294599,18869,22,502,24,1.18,1,4.55,1346,2.74,15,0.03,,,,,,0,0
703.31,295099,18885,22,500,16,1.22,1,4.55,1346,2.74,25,0.06,,,,,,0,0
704.62,295600,18929,22,501,44,1.31,1,4.55,1346,2.74,70,0.2,,,,,,0,0
705.83,296100,18969,22,500,40,1.21,1,4.55,1346,2.74,35,0.08,,,,,,0,0
707.19,296603,19001,22,503,32,1.36,1,4.55,1346,2.74,40,0.11,,,,,,0,0
708.31,297106,19025,22,503,24,1.12,1,4.55,1346,2.74,125,0.26,,,,,,0,0
709.48,297610,19073,22,504,48,1.17,1,4.55,1346,2.74,50,0.12,,,,,,0,0
710.82,298112,19097,22,502,24,1.35,1,4.55,1346,2.74,40,0.1,,,,,,0,0
712.08,298616,19117,22,504,20,1.26,1,4.55,1346,2.74,15,0.04,,,,,,0,0
713.34,299119,19137,22,503,20,1.26,1,4.55,1346,2.74,75,0.21,,,,,,0,0
714.62,299621,19153,22,502,16,1.27,1,4.55,1346,2.74,150,0.39,,,,,,0,0
715.88,300123,19161,22,502,8,1.27,1,4.55,1346,2.74,215,0.49,,,,,,0,0
717.1,300627,19205,22,504,44,1.22,1,4.55,1346,2.74,40,0.11,,,,,,0,0
718.34,301129,19237,22,502,32,1.24,1,4.55,1346,2.74,15,0.05,,,,,,0,0
719.58,301633,19281,22,504,44,1.24,1,4.55,1346,2.74,95,0.24,,,,,,0,0
720.81,302136,19301,22,503,20,1.23,1,4.55,1346,2.74,60,0.13,,,,,,0,0
722.05,302638,19329,22,502,28,1.24,1,4.55,1346,2.74,115,0.31,,,,,,0,0
723.32,303142,19357,22,504,28,1.26,1,4.55,1346,2.74,160,0.38,,,,,,0,0
724.55,303646,19377,22,504,20,1.24,1,4.55,1346,2.74,75,0.19,,,,,,0,0
725.95,304150,19393,22,504,16,1.39,1,4.55,1346,2.74,30,0.09,,,,,,0,0
727.11,304653,19441,22,503,48,1.17,1,4.55,1346,2.74,20,0.05,,,,,,0,0
728.35,305153,19465,22,500,24,1.23,1,4.55,1346,2.74,220,0.54,,,,,,0,0
729.55,305657,19473,22,504,8,1.2,1,4.55,1346,2.74,190,0.44,,,,,,0,0
730.74,306160,19497,22,503,24,1.19,1,4.55,1346,2.74,220,0.51,,,,,,0,0
732.18,306661,19517,22,501,20,1.45,1,4.55,1346,2.74,160,0.44,,,,,,0,0
733.42,307165,19529,22,504,12,1.24,1,4.55,1346,2.74,5,0.01,,,,,,0,0
734.62,307666,19545,22,501,16,1.19,1,4.55,1346,2.74,25,0.06,,,,,,0,0
735.76,308168,19573,22,502,28,1.14,1,4.55,1346,2.74,40,0.12,,,,,,0,0
736.93,308671,19601,22,503,28,1.17,2,9.09,1346,2.74,65,0.15,,,,,,0,0
738.33,309173,19625,22,502,24,1.4,1,4.55,1346,2.74,145,0.34,,,,,,0,0
739.45,309675,19645,22,502,20,1.12,1,4.55,1346,2.74,65,0.14,,,,,,0,0
740.72,310179,19681,22,504,36,1.27,1,4.55,1346,2.74,120,0.31,,,,,,0,0
742.18,310683,19693,22,504,12,1.46,1,4.55,1346,2.74,125,0.42,,,,,,0,0
743.51,311186,19729,22,503,36,1.34,1,4.55,1346,2.74,10,0.02,,,,,,0,0
744.81,311690,19745,22,504,16,1.29,1,4.55,1346,2.74,45,0.15,,,,,,0,0
746.1,312190,19789,22,500,44,1.29,1,4.55,1346,2.74,20,0.06,,,,,,0,0
747.39,312693,19817,22,503,28,1.29,1,4.55,1346,2.74,5,0.01,,,,,,0,0
748.67,313197,19833,22,504,16,1.28,1,4.55,1346,2.74,95,0.3,,,,,,0,0
750.01,313701,19841,22,504,8,1.34,1,4.55,1346,2.74,175,0.48,,,,,,0,0
751.22,314201,19861,22,500,20,1.2,1,4.55,1346,2.74,230,0.52,,,,,,0,0
752.41,314704,19893,22,503,32,1.19,1,4.55,1346,2.74,85,0.2,,,,,,0,0
753.61,315205,19909,22,501,16,1.2,1,4.55,1346,2.74,25,0.05,,,,,,0,0
754.76,315708,19921,22,503,12,1.14,1,4.55,1346,2.74,70,0.17,,,,,,0,0
756.07,316211,19949,22,503,28,1.31,1,4.55,1346,2.74,5,0.01,,,,,,0,0
757.19,316712,19973,22,501,24,1.12,1,4.55,1346,2.74,145,0.34,,,,,,0,0
758.32,317212,20009,22,500,36,1.13,1,4.55,1346,2.74,20,0.04,,,,,,0,0
759.7,317713,20037,22,501,28,1.38,1,4.55,1346,2.74,60,0.2,,,,,,0,0
760.94,318217,20061,22,504,24,1.24,1,4.55,1346,2.74,20,0.05,,,,,,0,0
762.14,318721,20073,22,504,12,1.2,1,4.55,1346,2.74,5,0.01,,,,,,0,0
763.53,319222,20089,22,501,16,1.39,1,4.55,1346,2.74,60,0.17,,,,,,0,0
765,319726,20129,22,504,40,1.47,1,4.55,1346,2.74,85,0.26,,,,,,0,0
766.43,320228,20161,22,502,32,1.43,1,4.55,1346,2.74,20,0.05,,,,,,0,0
767.77,320732,20189,22,504,28,1.34,1,4.55,1346,2.74,85,0.22,,,,,,0,0
769.01,321235,20221,22,503,32,1.24,1,4.55,1346,2.74,40,0.1,,,,,,0,0
770.2,321736,20241,22,501,20,1.19,1,4.55,1346,2.74,165,0.37,,,,,,0,0
771.5,322239,20253,22,503,12,1.3,1,4.55,1346,2.74,20,0.06,,,,,,0,0
772.85,322741,20277,22,502,24,1.35,1,4.55,1346,2.74,30,0.07,,,,,,0,0
774.21,323241,20313,22,500,36,1.36,1,4.55,1346,2.74,120,0.32,,,,,,0,0
775.42,323742,20341,22,501,28,1.21,1,4.55,1346,2.74,75,0.17,,,,,,0,0
776.7,324243,20353,22,501,12,1.28,1,4.55,1346,2.74,85,0.21,,,,,,0,0
777.89,324744,20373,22,501,20,1.19,1,4.55,1346,2.74,20,0.07,,,,,,0,0
779.09,325245,20405,22,501,32,1.2,1,4.55,1346,2.74,10,0.03,,,,,,0,0
780.24,325747,20433,22,502,28,1.15,1,4.55,1346,2.74,30,0.08,,,,,,0,0
781.62,326251,20449,22,504,16,1.38,1,4.55,1346,2.74,140,0.42,,,,,,0,0
782.9,326751,20469,22,500,20,1.27,1,4.55,1346,2.74,95,0.27,,,,,,0,0
784.22,327255,20485,22,504,16,1.32,1,4.55,1346,2.74,250,0.66,,,,,,0,0
785.41,327756,20497,22,501,12,1.19,1,4.55,1346,2.74,250,0.57,,,,,,0,0
786.64,328259,20521,22,503,24,1.23,1,4.55,1346,2.74,45,0.11,,,,,,0,0
788.05,328760,20561,22,501,40,1.41,1,4.55,1346,2.74,15,0.03,,,,,,0,0
789.33,329261,20573,22,501,12,1.28,1,4.55,1346,2.74,125,0.38,,,,,,0,0
790.56,329763,20597,22,502,24,1.23,1,4.55,1346,2.74,5,0.01,,,,,,0,0
791.81,330266,20625,22,503,28,1.24,1,4.55,1346,2.74,20,0.05,,,,,,0,0
793,330768,20645,22,502,20,1.19,1,4.55,1346,2.74,5,0.01,,,,,,0,0
794.53,331270,20665,22,502,20,1.53,1,4.55,1346,2.74,15,0.05,,,,,,0,0
795.87,331772,20681,22,502,16,1.35,1,4.55,1346,2.74,20,0.06,,,,,,0,0
797.18,332272,20705,22,500,24,1.3,1,4.55,1346,2.74,40,0.1,,,,,,0,0
798.45,332772,20721,22,500,16,1.27,1,4.55,1346,2.74,70,0.19,,,,,,0,0
799.76,333273,20757,22,501,36,1.31,1,4.55,1346,2.74,60,0.16,,,,,,0,0
800.96,333775,20793,22,502,36,1.2,1,4.55,1346,2.74,30,0.05,,,,,,0,0
802.29,334278,20813,22,503,20,1.33,1,4.55,1346,2.74,25,0.06,,,,,,0,0
803.48,334782,20857,22,504,44,1.2,1,4.55,1346,2.74,40,0.1,,,,,,0,0
804.68,335286,20885,22,504,28,1.19,1,4.55,1346,2.74,95,0.22,,,,,,0,0
805.81,335790,20941,22,504,56,1.13,1,4.55,1346,2.74,35,0.09,,,,,,0,0
806.96,336292,20977,22,502,36,1.16,1,4.55,1346,2.74,5,0.01,,,,,,0,0
808.32,336796,20993,22,504,16,1.36,1,4.55,1346,2.74,80,0.22,,,,,,0,0
809.6,337296,21025,22,500,32,1.28,1,4.55,1346,2.74,25,0.05,,,,,,0,0
810.77,337799,21037,22,503,12,1.17,1,4.55,1346,2.74,315,0.74,,,,,,0,0
812.15,338300,21061,22,501,24,1.37,1,4.55,1346,2.74,40,0.09,,,,,,0,0
813.31,338803,21085,22,503,24,1.16,1,4.55,1346,2.74,10,0.02,,,,,,0,0
814.57,339305,21097,22,502,12,1.26,1,4.55,1346,2.74,100,0.35,,,,,,0,0
815.93,339809,21109,22,504,12,1.36,1,4.55,1346,2.74,30,0.07,,,,,,0,0
817.14,340310,21145,22,501,36,1.21,1,4.55,1346,2.74,20,0.05,,,,,,0,0
818.41,340810,21165,22,500,20,1.27,1,4.55,1346,2.74,50,0.13,,,,,,0,0
819.6,341311,21181,22,501,16,1.19,1,4.55,1346,2.74,165,0.34,,,,,,0,0
820.8,341811,21201,22,500,20,1.2,1,4.55,1346,2.74,30,0.08,,,,,,0,0
821.94,342311,21225,22,500,24,1.15,1,4.55,1346,2.74,10,0.02,,,,,,0,0
823.19,342811,21245,22,500,20,1.24,1,4.55,1346,2.74,240,0.59,,,,,,0,0
824.53,343314,21285,22,503,40,1.35,1,4.55,1346,2.74,5,0.01,,,,,,0,0
825.76,343818,21305,22,504,20,1.23,1,4.55,1346,2.74,40,0.11,,,,,,0,0
826.99,344322,21337,22,504,32,1.23,1,4.55,1346,2.74,20,0.05,,,,,,0,0
828.19,344822,21357,22,500,20,1.2,1,4.55,1346,2.74,100,0.24,,,,,,0,0
829.29,345323,21373,22,501,16,1.1,1,4.55,1346,2.74,105,0.23,,,,,,0,0
830.51,345825,21409,22,502,36,1.22,1,4.55,1346,2.74,60,0.16,,,,,,0,0
831.79,346327,21429,22,502,20,1.28,1,4.55,1346,2.74,50,0.17,,,,,,0,0
833.18,346831,21453,22,504,24,1.39,1,4.55,1346,2.74,45,0.12,,,,,,0,0
834.42,347332,21477,22,501,24,1.25,1,4.55,1346,2.74,50,0.14,,,,,,0,0
835.73,347834,21501,22,502,24,1.31,1,4.55,1346,2.74,20,0.08,,,,,,0,0
837.13,348337,21537,22,503,36,1.4,1,4.55,1346,2.74,5,0.02,,,,,,0,0
838.47,348841,21561,22,504,24,1.35,1,4.55,1346,2.74,65,0.18,,,,,,0,0
839.79,349342,21585,22,501,24,1.32,1,4.55,1346,2.74,75,0.17,,,,,,0,0
841.08,349844,21609,22,502,24,1.29,1,4.55,1346,2.74,50,0.11,,,,,,0,0
842.35,350345,21641,22,501,32,1.27,1,4.55,1346,2.74,25,0.06,,,,,,0,0
843.6,350848,21689,22,503,48,1.25,1,4.55,1346,2.74,30,0.06,,,,,,0,0
844.88,351349,21693,22,501,4,1.28,1,4.55,1346,2.74,180,0.44,,,,,,0,0
846.26,351852,21713,22,503,20,1.38,1,4.55,1346,2.74,10,0.02,,,,,,0,0
847.41,352352,21729,22,500,16,1.16,1,4.55,1346,2.74,15,0.04,,,,,,0,0
848.68,352853,21749,22,501,20,1.26,1,4.55,1346,2.74,85,0.23,,,,,,0,0
850.02,353356,21757,22,503,8,1.34,1,4.55,1346,2.74,270,0.75,,,,,,0,0
851.25,353857,21781,22,501,24,1.23,1,4.55,1346,2.74,150,0.42,,,,,,0,0
852.39,354357,21793,22,500,12,1.14,1,4.55,1346,2.74,390,0.87,,,,,,0,0
853.68,354861,21809,22,504,16,1.29,1,4.55,1346,2.74,295,0.78,,,,,,0,0
855.01,355361,21865,22,500,56,1.32,1,4.55,1346,2.74,10,0.02,,,,,,0,0
856.53,355865,21881,22,504,16,1.53,1,4.55,1346,2.74,35,0.11,,,,,,0,0
857.82,356366,21893,22,501,12,1.28,1,4.55,1346,2.74,25,0.06,,,,,,0,0
859.1,356870,21913,22,504,20,1.28,1,4.55,1346,2.74,270,0.71,,,,,,0,0
860.41,357374,21933,22,504,20,1.31,1,4.55,1346,2.74,220,0.54,,,,,,0,0
861.7,357875,21953,22,501,20,1.29,1,4.55,1346,2.74,30,0.08,,,,,,0,0
862.9,358378,21977,22,503,24,1.19,1,4.55,1346,2.74,85,0.2,,,,,,0,0
864.18,358879,22001,22,501,24,1.28,1,4.55,1346,2.74,10,0.04,,,,,,0,0
865.4,359380,22021,22,501,20,1.22,1,4.55,1346,2.74,25,0.06,,,,,,0,0
866.76,359880,22037,22,500,16,1.36,1,4.55,1346,2.74,205,0.56,,,,,,0,0
867.91,360381,22057,22,501,20,1.15,1,4.55,1346,2.74,45,0.1,,,,,,0,0
869.19,360883,22101,22,502,44,1.28,1,4.55,1346,2.74,100,0.21,,,,,,0,0
870.31,361384,22125,22,501,24,1.13,1,4.55,1346,2.74,0,0,,,,,,0,0
871.8,361884,22125,22,500,0,1.49,0,0,1346,2.74,500,1.49,,,,,,0,0
873.04,362388,22149,22,504,24,1.24,1,4.55,1346,2.74,45,0.12,,,,,,0,0
874.4,362892,22173,22,504,24,1.36,1,4.55,1346,2.74,275,0.74,,,,,,0,0
875.94,363394,22189,22,502,16,1.54,1,4.55,1346,2.74,335,0.97,,,,,,0,0
877.19,363895,22221,22,501,32,1.24,1,4.55,1346,2.74,40,0.1,,,,,,0,0
878.46,364397,22237,22,502,16,1.28,1,4.55,1346,2.74,330,0.83,,,,,,0,0
879.78,364898,22249,22,501,12,1.32,1,4.55,1346,2.74,50,0.16,,,,,,0,0
881.18,365398,22269,22,500,20,1.4,1,4.55,1346,2.74,75,0.19,,,,,,0,0
882.57,365899,22297,22,501,28,1.4,1,4.55,1346,2.74,5,0.02,,,,,,0,0
883.85,366399,22317,22,500,20,1.28,1,4.55,1346,2.74,20,0.05,,,,,,0,0
885.13,366899,22337,22,500,20,1.27,1,4.55,1346,2.74,130,0.38,,,,,,0,0
886.35,367401,22373,22,502,36,1.22,1,4.55,1346,2.74,10,0.02,,,,,,0,0
887.62,367901,22393,22,500,20,1.27,1,4.55,1346,2.74,130,0.35,,,,,,0,0
888.91,368404,22417,22,503,24,1.3,1,4.55,1346,2.74,60,0.15,,,,,,0,0
890.18,368908,22429,22,504,12,1.27,1,4.55,1346,2.74,230,0.57,,,,,,0,0
891.41,369412,22465,22,504,36,1.23,1,4.55,1346,2.74,15,0.04,,,,,,0,0
892.9,369912,22485,22,500,20,1.48,1,4.55,1346,2.74,165,0.45,,,,,,0,0
894.09,370416,22509,22,504,24,1.19,1,4.55,1346,2.74,50,0.12,,,,,,0,0
895.26,370916,22537,22,500,28,1.18,1,4.55,1346,2.74,0,0,,,,,,0,0
896.63,371417,22557,22,501,20,1.37,1,4.55,1346,2.74,85,0.22,,,,,,0,0
897.9,371919,22577,22,502,20,1.27,1,4.55,1346,2.74,65,0.16,,,,,,0,0
899.21,372423,22605,22,504,28,1.31,1,4.55,1346,2.74,100,0.27,,,,,,0,0
900.39,372923,22613,22,500,8,1.19,1,4.55,1346,2.74,285,0.65,,,,,,0,0
901.69,373423,22637,22,500,24,1.3,2,9.09,1346,2.74,50,0.13,,,,,,0,0
902.86,373927,22649,22,504,12,1.17,1,4.55,1346,2.74,45,0.13,,,,,,0,0
904.28,374429,22681,22,502,32,1.42,1,4.55,1346,2.74,95,0.3,,,,,,0,0
905.6,374933,22713,22,504,32,1.31,1,4.55,1346,2.74,40,0.1,,,,,,0,0
906.99,375434,22733,22,501,20,1.39,1,4.55,1346,2.74,85,0.2,,,,,,0,0
908.21,375937,22773,22,503,40,1.23,1,4.55,1346,2.74,10,0.02,,,,,,0,0
909.39,376440,22785,22,503,12,1.18,1,4.55,1346,2.74,100,0.21,,,,,,0,0
910.55,376941,22821,22,501,36,1.16,1,4.55,1346,2.74,5,0.01,,,,,,0,0
911.93,377444,22849,22,503,28,1.38,1,4.55,1346,2.74,20,0.05,,,,,,0,0
913.19,377945,22873,22,501,24,1.26,1,4.55,1346,2.74,5,0.01,,,,,,0,0
914.58,378448,22905,22,503,32,1.39,1,4.55,1346,2.74,40,0.08,,,,,,0,0
915.8,378948,22929,22,500,24,1.23,1,4.55,1346,2.74,5,0.01,,,,,,0,0
917.05,379450,22953,22,502,24,1.25,1,4.55,1346,2.74,295,0.75,,,,,,0,0
918.5,379954,22977,22,504,24,1.45,1,4.55,1346,2.74,100,0.37,,,,,,0,0
919.79,380456,23021,22,502,44,1.29,1,4.55,1346,2.74,25,0.05,,,,,,0,0
921.11,380959,23061,22,503,40,1.33,1,4.55,1346,2.74,30,0.08,,,,,,0,0
922.56,381463,23093,22,504,32,1.45,1,4.55,1346,2.74,20,0.04,,,,,,0,0
923.71,381967,23109,22,504,16,1.15,1,4.55,1346,2.74,45,0.11,,,,,,0,0
925.09,382469,23141,22,502,32,1.38,1,4.55,1346,2.74,65,0.16,,,,,,0,0
926.33,382971,23165,22,502,24,1.25,1,4.55,1346,2.74,25,0.07,,,,,,0,0
927.62,383471,23193,22,500,28,1.28,1,4.55,1346,2.74,75,0.19,,,,,,0,0
928.84,383971,23201,22,500,8,1.22,1,4.55,1346,2.74,280,0.65,,,,,,0,0
929.95,384472,23217,22,501,16,1.11,1,4.55,1346,2.74,145,0.33,,,,,,0,0
931.29,384972,23233,22,500,16,1.33,1,4.55,1346,2.74,185,0.56,,,,,,0,0
932.53,385475,23245,22,503,12,1.24,1,4.55,1346,2.74,210,0.49,,,,,,0,0
933.87,385978,23277,22,503,32,1.35,1,4.55,1346,2.74,160,0.49,,,,,,0,0
935.01,386478,23309,22,500,32,1.13,1,4.55,1346,2.74,30,0.06,,,,,,0,0
936.31,386979,23333,22,501,24,1.3,1,4.55,1346,2.74,165,0.45,,,,,,0,0
937.6,387480,23357,22,501,24,1.3,1,4.55,1346,2.74,45,0.14,,,,,,0,0
938.81,387982,23385,22,502,28,1.21,1,4.55,1346,2.74,40,0.09,,,,,,0,0
940.03,388486,23413,22,504,28,1.21,1,4.55,1346,2.74,160,0.39,,,,,,0,0
941.38,388989,23461,22,503,48,1.35,1,4.55,1346,2.74,20,0.06,,,,,,0,0
942.89,389489,23497,22,500,36,1.51,1,4.55,1346,2.74,20,0.05,,,,,,0,0
944.19,389990,23521,22,501,24,1.3,1,4.55,1346,2.74,130,0.34,,,,,,0,0
945.51,390493,23553,22,503,32,1.32,1,4.55,1346,2.74,40,0.1,,,,,,0,0
946.89,390994,23577,22,501,24,1.38,1,4.55,1346,2.74,30,0.09,,,,,,0,0
948.18,391498,23589,22,504,12,1.29,1,4.55,1346,2.74,155,0.41,,,,,,0,0
949.39,392001,23613,22,503,24,1.21,1,4.55,1346,2.74,100,0.28,,,,,,0,0
950.79,392502,23641,22,501,28,1.4,1,4.55,1346,2.74,70,0.22,,,,,,0,0
952.05,393004,23649,22,502,8,1.26,1,4.55,1346,2.74,415,1.01,,,,,,0,0
953.3,393505,23673,22,501,24,1.25,1,4.55,1346,2.74,100,0.25,,,,,,0,0
954.42,394006,23709,22,501,36,1.11,1,4.55,1346,2.74,5,0.01,,,,,,0,0
955.67,394507,23737,22,501,28,1.25,1,4.55,1346,2.74,85,0.2,,,,,,0,0
956.88,395008,23757,22,501,20,1.21,1,4.55,1346,2.74,90,0.22,,,,,,0,0
958.12,395511,23773,22,503,16,1.23,1,4.55,1346,2.74,20,0.05,,,,,,0,0
959.51,396013,23825,22,502,52,1.4,1,4.55,1346,2.74,5,0.01,,,,,,0,0
960.84,396515,23833,22,502,8,1.32,1,4.55,1346,2.74,325,0.89,,,,,,0,0
962.16,397015,23853,22,500,20,1.32,1,4.55,1346,2.74,225,0.65,,,,,,0,0
963.51,397519,23889,22,504,36,1.35,1,4.55,1346,2.74,95,0.28,,,,,,0,0
965.02,398022,23925,22,503,36,1.5,1,4.55,1346,2.74,5,0.01,,,,,,0,0
966.19,398526,23949,22,504,24,1.18,1,4.55,1346,2.74,40,0.09,,,,,,0,0
967.45,399026,23961,22,500,12,1.26,1,4.55,1346,2.74,220,0.54,,,,,,0,0
968.81,399528,23981,22,502,20,1.36,1,4.55,1346,2.74,50,0.13,,,,,,0,0
970.25,400031,24021,22,503,40,1.43,1,4.55,1346,2.74,20,0.07,,,,,,0,0
971.38,400535,24061,22,504,40,1.13,1,4.55,1346,2.74,5,0.01,,,,,,0,0
972.56,401038,24089,22,503,28,1.19,1,4.55,1346,2.74,45,0.11,,,,,,0,0
973.8,401541,24101,22,503,12,1.23,1,4.55,1346,2.74,170,0.43,,,,,,0,0
974.98,402041,24125,22,500,24,1.19,1,4.55,1346,2.74,105,0.25,,,,,,0,0
976.28,402545,24157,22,504,32,1.29,1,4.55,1346,2.74,5,0.02,,,,,,0,0
977.5,403045,24165,22,500,8,1.22,1,4.55,1346,2.74,90,0.19,,,,,,0,0
978.76,403548,24205,22,503,40,1.26,1,4.55,1346,2.74,105,0.24,,,,,,0,0
979.94,404050,24221,22,502,16,1.18,1,4.55,1346,2.74,40,0.09,,,,,,0,0
981.22,404550,24253,22,500,32,1.28,1,4.55,1346,2.74,5,0.01,,,,,,0,0
982.75,405054,24281,22,504,28,1.53,1,4.55,1346,2.74,45,0.1,,,,,,0,0
984.15,405558,24333,22,504,52,1.41,1,4.55,1346,2.74,10,0.03,,,,,,0,0
985.33,406059,24353,22,501,20,1.18,1,4.55,1346,2.74,90,0.21,,,,,,0,0
986.67,406563,24369,22,504,16,1.34,1,4.55,1346,2.74,65,0.17,,,,,,0,0
987.98,407063,24385,22,500,16,1.31,1,4.55,1346,2.74,20,0.05,,,,,,0,0
989.29,407564,24409,22,501,24,1.31,1,4.55,1346,2.74,55,0.15,,,,,,0,0
990.48,408068,24421,22,504,12,1.19,1,4.55,1346,2.74,115,0.26,,,,,,0,0
991.69,408572,24449,22,504,28,1.21,1,4.55,1346,2.74,10,0.03,,,,,,0,0
993.28,409074,24481,22,502,32,1.59,1,4.55,1346,2.74,5,0.02,,,,,,0,0
994.56,409577,24509,22,503,28,1.28,1,4.55,1346,2.74,55,0.13,,,,,,0,0
995.89,410081,24521,22,504,12,1.33,1,4.55,1346,2.74,150,0.44,,,,,,0,0
997.14,410581,24561,22,500,40,1.26,1,4.55,1346,2.74,60,0.14,,,,,,0,0
998.54,411085,24577,22,504,16,1.39,1,4.55,1346,2.74,115,0.3,,,,,,0,0
999.9,411589,24597,22,504,20,1.36,1,4.55,1346,2.74,5,0.01,,,,,,0,0
1001.2,412090,24621,22,501,24,1.3,1,4.55,1346,2.74,30,0.09,,,,,,0,0
1002.67,412594,24637,22,504,16,1.47,1,4.55,1346,2.74,35,0.11,,,,,,0,0
1003.91,413096,24657,22,502,20,1.24,1,4.55,1346,2.74,90,0.22,,,,,,0,0
1005.06,413596,24673,22,500,16,1.15,1,4.55,1346,2.74,290,0.64,,,,,,0,0
1006.36,414099,24685,22,503,12,1.3,1,4.55,1346,2.74,190,0.49,,,,,,0,0
1007.52,414601,24693,22,502,8,1.16,1,4.55,1346,2.74,20,0.04,,,,,,0,0
1008.73,415101,24721,22,500,28,1.21,1,4.55,1346,2.74,45,0.11,,,,,,0,0
1009.94,415601,24741,22,500,20,1.21,1,4.55,1346,2.74,45,0.11,,,,,,0,0
1011.22,416102,24769,22,501,28,1.27,1,4.55,1346,2.74,35,0.07,,,,,,0,0
1012.61,416606,24793,22,504,24,1.39,1,4.55,1346,2.74,20,0.05,,,,,,0,0
1013.79,417107,24817,22,501,24,1.18,1,4.55,1346,2.74,55,0.14,,,,,,0,0
1015.02,417611,24845,22,504,28,1.23,1,4.55,1346,2.74,20,0.05,,,,,,0,0
1016.26,418112,24861,22,501,16,1.24,1,4.55,1346,2.74,35,0.08,,,,,,0,0
1017.6,418616,24901,22,504,40,1.34,1,4.55,1346,2.74,75,0.18,,,,,,0,0
1018.91,419120,24933,22,504,32,1.3,1,4.55,1346,2.74,35,0.09,,,,,,0,0
1020.28,419623,24953,22,503,20,1.38,1,4.55,1346,2.74,35,0.07,,,,,,0,0
1021.48,420123,24965,22,500,12,1.2,1,4.55,1346,2.74,60,0.18,,,,,,0,0
1022.79,420623,25001,22,500,36,1.32,1,4.55,1346,2.74,115,0.32,,,,,,0,0
1024.04,421124,25033,22,501,32,1.24,1,4.55,1346,2.74,30,0.06,,,,,,0,0
1025.24,421625,25045,22,501,12,1.2,1,4.55,1346,2.74,305,0.71,,,,,,0,0
1026.47,422125,25077,22,500,32,1.23,1,4.55,1346,2.74,95,0.2,,,,,,0,0
1027.59,422627,25105,22,502,28,1.12,1,4.55,1346,2.74,45,0.11,,,,,,0,0
1029.26,423131,25117,22,504,12,1.66,1,4.55,1346,2.74,55,0.15,,,,,,0,0
1030.45,423631,25145,22,500,28,1.19,1,4.55,1346,2.74,270,0.58,,,,,,0,0
1031.79,424133,25193,22,502,48,1.34,1,4.55,1346,2.74,10,0.02,,,,,,0,0
1033.07,424635,25217,22,502,24,1.28,1,4.55,1346,2.74,25,0.07,,,,,,0,0
1034.48,425138,25245,22,503,28,1.4,1,4.55,1346,2.74,30,0.07,,,,,,0,0
1035.79,425641,25257,22,503,12,1.31,1,4.55,1346,2.74,85,0.19,,,,,,0,0
1037.08,426142,25297,22,501,40,1.3,1,4.55,1346,2.74,5,0.01,,,,,,0,0
1038.2,426644,25317,22,502,20,1.12,1,4.55,1346,2.74,35,0.07,,,,,,0,0
1039.34,427145,25329,22,501,12,1.14,1,4.55,1346,2.74,90,0.19,,,,,,0,0
1040.53,427647,25353,22,502,24,1.19,1,4.55,1346,2.74,5,0.01,,,,,,0,0
1041.66,428148,25381,22,501,28,1.13,1,4.55,1346,2.74,25,0.05,,,,,,0,0
1042.93,428648,25409,22,500,28,1.27,1,4.55,1346,2.74,20,0.04,,,,,,0,0
1044.31,429148,25421,22,500,12,1.38,1,4.55,1346,2.74,105,0.3,,,,,,0,0
1045.49,429648,25441,22,500,20,1.18,1,4.55,1346,2.74,25,0.06,,,,,,0,0
1046.77,430150,25461,22,502,20,1.29,1,4.55,1346,2.74,175,0.44,,,,,,0,0
1048.14,430651,25481,22,501,20,1.36,1,4.55,1346,2.74,50,0.11,,,,,,0,0
1049.54,431154,25501,22,503,20,1.4,1,4.55,1346,2.74,165,0.39,,,,,,0,0
1050.75,431658,25525,22,504,24,1.21,1,4.55,1346,2.74,30,0.08,,,,,,0,0
1051.96,432159,25557,22,501,32,1.22,1,4.55,1346,2.74,5,0.02,,,,,,0,0
1053.22,432661,25577,22,502,20,1.26,1,4.55,1346,2.74,125,0.3,,,,,,0,0
1054.42,433161,25609,22,500,32,1.2,1,4.55,1346,2.74,50,0.13,,,,,,0,0
1055.75,433664,25637,22,503,28,1.32,1,4.55,1346,2.74,5,0.01,,,,,,0,0
1057.17,434168,25657,22,504,20,1.43,1,4.55,1346,2.74,135,0.39,,,,,,0,0
1058.55,434671,25709,22,503,52,1.38,1,4.55,1346,2.74,35,0.09,,,,,,0,0
1059.93,435173,25737,22,502,28,1.38,1,4.55,1346,2.74,125,0.39,,,,,,0,0
1061.24,435675,25757,22,502,20,1.3,1,4.55,1346,2.74,20,0.05,,,,,,0,0
1062.44,436179,25773,22,504,16,1.2,1,4.55,1346,2.74,105,0.26,,,,,,0,0
1063.79,436683,25805,22,504,32,1.35,1,4.55,1346,2.74,220,0.57,,,,,,0,0
1065.02,437187,25845,22,504,40,1.22,1,4.55,1346,2.74,5,0.01,,,,,,0,0
1066.14,437691,25873,22,504,28,1.12,1,4.55,1346,2.74,5,0.01,,,,,,0,0
1067.33,438195,25913,22,504,40,1.19,1,4.55,1346,2.74,80,0.16,,,,,,0,0
1068.64,438697,25945,22,502,32,1.31,1,4.55,1346,2.74,70,0.18,,,,,,0,0
1069.84,439198,25965,22,501,20,1.2,1,4.55,1346,2.74,15,0.04,,,,,,0,0
1071.11,439701,26001,22,503,36,1.27,1,4.55,1346,2.74,150,0.42,,,,,,0,0
1072.39,440203,26025,22,502,24,1.28,1,4.55,1346,2.74,40,0.11,,,,,,0,0
1073.63,440704,26045,22,501,20,1.25,1,4.55,1346,2.74,10,0.02,,,,,,0,0
1074.62,441205,26049,22,501,4,0.99,1,4.55,1346,2.74,360,0.69,,,,,,0,0
1075.84,441706,26073,22,501,24,1.21,1,4.55,1346,2.74,25,0.06,,,,,,0,0
1077.1,442210,26089,22,504,16,1.27,1,4.55,1346,2.74,60,0.15,,,,,,0,0
1078.3,442710,26113,22,500,24,1.19,1,4.55,1346,2.74,190,0.45,,,,,,0,0
1079.67,443210,26149,22,500,36,1.37,1,4.55,1346,2.74,5,0.01,,,,,,0,0
1080.96,443713,26173,22,503,24,1.29,1,4.55,1346,2.74,85,0.26,,,,,,0,0
1082.24,444214,26189,22,501,16,1.28,1,4.55,1346,2.74,105,0.23,,,,,,0,0
1083.46,444715,26209,22,501,20,1.22,1,4.55,1346,2.74,45,0.09,,,,,,0,0
1084.67,445218,26229,22,503,20,1.21,1,4.55,1346,2.74,110,0.22,,,,,,0,0
1085.95,445721,26257,22,503,28,1.28,1,4.55,1346,2.74,185,0.48,,,,,,0,0
1087.03,446225,26297,22,504,40,1.09,1,4.55,1346,2.74,5,0.01,,,,,,0,0
1088.14,446725,26325,22,500,28,1.11,1,4.55,1346,2.74,55,0.13,,,,,,0,0
1089.47,447226,26353,22,501,28,1.33,1,4.55,1346,2.74,10,0.02,,,,,,0,0
1090.65,447730,26385,22,504,32,1.18,1,4.55,1346,2.74,35,0.07,,,,,,0,0
1091.95,448233,26437,22,503,52,1.29,1,4.55,1346,2.74,5,0.02,,,,,,0,0
1093.14,448733,26465,22,500,28,1.19,1,4.55,1346,2.74,35,0.07,,,,,,0,0
1094.48,449237,26521,22,504,56,1.34,1,4.55,1346,2.74,60,0.18,,,,,,0,0
1095.75,449739,26545,22,502,24,1.27,1,4.55,1346,2.74,35,0.09,,,,,,0,0
1097.01,450243,26577,22,504,32,1.26,1,4.55,1346,2.74,55,0.15,,,,,,0,0
1098.18,450747,26605,22,504,28,1.16,1,4.55,1346,2.74,55,0.12,,,,,,0,0
1099.44,451250,26625,22,503,20,1.26,1,4.55,1346,2.74,20,0.06,,,,,,0,0
1100.66,451753,26649,22,503,24,1.22,1,4.55,1346,2.74,125,0.27,,,,,,0,0
1101.97,452257,26681,22,504,32,1.31,1,4.55,1346,2.74,45,0.14,,,,,,0,0
1103.26,452759,26701,22,502,20,1.29,1,4.55,1346,2.74,55,0.11,,,,,,0,0
1104.39,453259,26713,22,500,12,1.13,1,4.55,1346,2.74,50,0.11,,,,,,0,0
1105.63,453761,26745,22,502,32,1.24,1,4.55,1346,2.74,55,0.14,,,,,,0,0
1106.8,454264,26765,22,503,20,1.17,1,4.55,1346,2.74,40,0.09,,,,,,0,0
1108.05,454767,26781,22,503,16,1.25,1,4.55,1346,2.74,5,0.02,,,,,,0,0
1109.38,455271,26797,22,504,16,1.33,1,4.55,1346,2.74,65,0.17,,,,,,0,0
1110.64,455775,26817,22,504,20,1.27,1,4.55,1346,2.74,15,0.03,,,,,,0,0
1111.92,456275,26833,22,500,16,1.28,1,4.55,1346,2.74,105,0.24,,,,,,0,0
1113.04,456779,26865,22,504,32,1.11,1,4.55,1346,2.74,5,0.01,,,,,,0,0
1114.34,457279,26873,22,500,8,1.3,1,4.55,1346,2.74,225,0.59,,,,,,0,0
1115.58,457782,26897,22,503,24,1.24,1,4.55,1346,2.74,65,0.16,,,,,,0,0
1116.97,458285,26941,22,503,44,1.39,1,4.55,1346,2.74,65,0.19,,,,,,0,0
1118.26,458788,26973,22,503,32,1.29,1,4.55,1346,2.74,40,0.08,,,,,,0,0
1119.44,459288,26993,22,500,20,1.18,1,4.55,1346,2.74,55,0.13,,,,,,0,0
1120.77,459792,27033,22,504,40,1.32,2,9.09,1346,2.74,95,0.28,,,,,,0,0
1122.07,460296,27057,22,504,24,1.31,1,4.55,1346,2.74,85,0.24,,,,,,0,0
1123.43,460798,27085,22,502,28,1.35,1,4.55,1346,2.74,20,0.06,,,,,,0,0
1124.62,461301,27097,22,503,12,1.2,1,4.55,1346,2.74,175,0.42,,,,,,0,0
1125.95,461802,27133,22,501,36,1.33,1,4.55,1346,2.74,65,0.17,,,,,,0,0
1127.25,462303,27157,22,501,24,1.3,1,4.55,1346,2.74,100,0.25,,,,,,0,0
1128.54,462806,27169,22,503,12,1.29,1,4.55,1346,2.74,235,0.57,,,,,,0,0
1129.69,463307,27173,22,501,4,1.16,1,4.55,1346,2.74,345,0.77,,,,,,0,0
1131.04,463809,27205,22,502,32,1.34,1,4.55,1346,2.74,35,0.09,,,,,,0,0
1132.29,464311,27241,22,502,36,1.25,1,4.55,1346,2.74,145,0.35,,,,,,0,0
1133.52,464814,27253,22,503,12,1.24,1,4.55,1346,2.74,80,0.21,,,,,,0,0
1134.77,465315,27277,22,501,24,1.24,1,4.55,1346,2.74,115,0.25,,,,,,0,0
1136.08,465817,27289,22,502,12,1.31,1,4.55,1346,2.74,65,0.16,,,,,,0,0
1137.3,466318,27305,22,501,16,1.22,1,4.55,1346,2.74,105,0.23,,,,,,0,0
1138.4,466822,27313,22,504,8,1.09,1,4.55,1346,2.74,215,0.49,,,,,,0,0
1139.62,467326,27341,22,504,28,1.22,1,4.55,1346,2.74,20,0.04,,,,,,0,0
1141.02,467826,27353,22,500,12,1.4,1,4.55,1346,2.74,95,0.3,,,,,,0,0
1142.28,468329,27405,22,503,52,1.26,1,4.55,1346,2.74,40,0.09,,,,,,0,0
1143.6,468832,27425,22,503,20,1.32,1,4.55,1346,2.74,145,0.35,,,,,,0,0
1,501,4387,22,501,4387,1,1,4.55,1,0,500,1,,,,,,0,0
2.02,1003,4829,22,502,442,1.02,1,4.55,621,1.28,90,0.15,,,,,,0,0
2.97,1506,4833,22,503,4,0.95,2,9.09,621,1.28,405,0.74,,,,,,0,0
3.96,2006,4833,22,500,0,0.99,0,0,621,1.28,905,1.73,,,,,,0,0
4.93,2506,4833,22,500,0,0.97,0,0,621,1.28,1405,2.69,,,,,,0,0
5.95,3006,4833,22,500,0,1.02,0,0,621,1.28,1905,3.72,,,,,,0,0
6.88,3508,4867,22,502,34,0.93,1,4.55,2232,4.27,175,0.37,,,,,,0,0
7.89,4008,4867,22,500,0,1.01,0,0,2232,4.27,675,1.38,,,,,,0,0
8.88,4509,4871,22,501,4,0.99,1,4.55,2232,4.27,310,0.62,,,,,,0,0
9.98,5009,4871,22,500,0,1.1,0,0,2232,4.27,810,1.72,,,,,,0,0
11.05,5510,4874,22,501,3,1.07,1,4.55,2232,4.27,10,0.01,,,,,,0,0
12.08,6014,4884,22,504,10,1.02,2,9.09,2232,4.27,115,0.21,,,,,,0,0
13.16,6514,4896,22,500,12,1.08,1,4.55,2232,4.27,160,0.36,,,,,,0,0
14.23,7014,4896,22,500,0,1.07,0,0,2232,4.27,660,1.43,,,,,,0,0
15.2,7515,4900,22,501,4,0.98,1,4.55,2232,4.27,180,0.32,,,,,,0,0
16.13,8016,4904,22,501,4,0.92,1,4.55,2232,4.27,465,0.86,,,,,,0,0
17.14,8516,4904,22,500,0,1.01,0,0,2232,4.27,965,1.87,,,,,,0,0
18.25,9020,4920,22,504,16,1.11,2,9.09,2232,4.27,55,0.09,,,,,,0,0
19.29,9523,4932,22,503,12,1.04,1,4.55,2232,4.27,205,0.37,,,,,,0,0
20.49,10027,4952,22,504,20,1.2,1,4.55,2232,4.27,125,0.28,,,,,,0,0
21.69,10528,4968,22,501,16,1.2,1,4.55,2232,4.27,85,0.23,,,,,,0,0
22.86,11032,4980,22,504,12,1.18,1,4.55,2232,4.27,385,0.89,,,,,,0,0
24.01,11535,4992,22,503,12,1.15,1,4.55,2232,4.27,70,0.25,,,,,,0,0
25.19,12036,4996,22,501,4,1.17,1,4.55,2232,4.27,300,0.66,,,,,,0,0
26.28,12540,5008,22,504,12,1.09,1,4.55,2232,4.27,145,0.28,,,,,,0,0
27.38,13041,5048,22,501,40,1.1,1,4.55,2232,4.27,25,0.06,,,,,,0,0
28.49,13541,5060,22,500,12,1.12,2,9.09,2232,4.27,55,0.13,,,,,,0,0
29.59,14042,5076,22,501,16,1.1,1,4.55,2232,4.27,65,0.12,,,,,,0,0
30.7,14545,5084,22,503,8,1.11,1,4.55,2232,4.27,365,0.75,,,,,,0,0
31.69,15047,5092,22,502,8,0.99,1,4.55,2232,4.27,195,0.39,,,,,,0,0
32.74,15549,5108,22,502,16,1.05,2,9.09,2232,4.27,140,0.3,,,,,,0,0
33.83,16050,5140,22,501,32,1.09,1,4.55,2232,4.27,110,0.26,,,,,,0,0
35.02,16550,5156,22,500,16,1.19,1,4.55,2232,4.27,105,0.24,,,,,,0,0
36.15,17052,5172,22,502,16,1.13,1,4.55,2232,4.27,25,0.06,,,,,,0,0
37.28,17556,5184,22,504,12,1.13,1,4.55,2232,4.27,65,0.15,,,,,,0,0
38.46,18056,5212,22,500,28,1.17,1,4.55,2232,4.27,15,0.04,,,,,,0,0
39.56,18556,5228,22,500,16,1.1,1,4.55,2232,4.27,5,0.02,,,,,,0,0
40.7,19058,5240,22,502,12,1.14,1,4.55,2232,4.27,35,0.08,,,,,,0,0
41.86,19562,5280,22,504,40,1.15,1,4.55,2232,4.27,120,0.25,,,,,,0,0
43.02,20065,5316,22,503,36,1.17,2,9.09,2232,4.27,50,0.12,,,,,,0,0
44.22,20565,5348,22,500,32,1.2,1,4.55,2232,4.27,90,0.18,,,,,,0,0
45.39,21066,5372,22,501,24,1.16,2,9.09,2232,4.27,20,0.04,,,,,,0,0
46.44,21566,5388,22,500,16,1.06,1,4.55,2232,4.27,65,0.14,,,,,,0,0
47.57,22069,5416,22,503,28,1.12,1,4.55,2232,4.27,120,0.24,,,,,,0,0
48.63,22572,5440,22,503,24,1.06,1,4.55,2232,4.27,5,0.01,,,,,,0,0
49.78,23073,5456,22,501,16,1.15,1,4.55,2232,4.27,20,0.05,,,,,,0,0
51.02,23577,5472,22,504,16,1.24,1,4.55,2232,4.27,60,0.14,,,,,,0,0
52.23,24078,5484,22,501,12,1.2,1,4.55,2232,4.27,235,0.62,,,,,,0,0
53.35,24581,5500,22,503,16,1.12,1,4.55,2232,4.27,245,0.55,,,,,,0,0
54.59,25083,5536,22,502,36,1.24,1,4.55,2232,4.27,55,0.12,,,,,,0,0
55.88,25583,5544,22,500,8,1.29,1,4.55,2232,4.27,395,1.02,,,,,,0,0
56.97,26083,5560,22,500,16,1.09,1,4.55,2232,4.27,185,0.4,,,,,,0,0
58.11,26584,5584,22,501,24,1.14,1,4.55,2232,4.27,15,0.04,,,,,,0,0
59.24,27084,5600,22,500,16,1.13,1,4.55,2232,4.27,105,0.25,,,,,,0,0
60.49,27588,5608,22,504,8,1.25,1,4.55,2232,4.27,60,0.12,,,,,,0,0
61.56,28088,5644,22,500,36,1.07,1,4.55,2232,4.27,0,0,,,,,,0,0
62.67,28590,5672,22,502,28,1.11,1,4.55,2232,4.27,170,0.42,,,,,,0,0
63.88,29094,5700,22,504,28,1.21,1,4.55,2232,4.27,60,0.16,,,,,,0,0
65.08,29595,5728,22,501,28,1.21,1,4.55,2232,4.27,25,0.06,,,,,,0,0
66.26,30095,5744,22,500,16,1.18,1,4.55,2232,4.27,15,0.03,,,,,,0,0
67.39,30599,5756,22,504,12,1.13,1,4.55,2232,4.27,30,0.07,,,,,,0,0
68.52,31099,5776,22,500,20,1.13,1,4.55,2232,4.27,40,0.07,,,,,,0,0
69.58,31603,5808,22,504,32,1.06,1,4.55,2232,4.27,120,0.25,,,,,,0,0
70.59,32103,5844,22,500,36,1.01,1,4.55,2232,4.27,150,0.29,,,,,,0,0
71.73,32606,5856,22,503,12,1.13,1,4.55,2232,4.27,195,0.47,,,,,,0,0
72.86,33107,5872,22,501,16,1.13,1,4.55,2232,4.27,90,0.22,,,,,,0,0
73.95,33608,5888,22,501,16,1.1,1,4.55,2232,4.27,105,0.22,,,,,,0,0
74.94,34108,5916,22,500,28,0.98,1,4.55,2232,4.27,130,0.27,,,,,,0,0
76.11,34609,5940,22,501,24,1.17,2,9.09,2232,4.27,80,0.19,,,,,,0,0
77.21,35109,5988,22,500,48,1.1,1,4.55,2232,4.27,20,0.04,,,,,,0,0
78.35,35612,6000,22,503,12,1.15,1,4.55,2232,4.27,375,0.85,,,,,,0,0
79.5,36112,6024,22,500,24,1.14,1,4.55,2232,4.27,180,0.39,,,,,,0,0
80.68,36614,6044,22,502,20,1.19,1,4.55,2232,4.27,15,0.04,,,,,,0,0
81.81,37114,6088,22,500,44,1.13,1,4.55,2232,4.27,25,0.05,,,,,,0,0
82.91,37614,6100,22,500,12,1.1,1,4.55,2232,4.27,425,0.94,,,,,,0,0
84.06,38114,6124,22,500,24,1.15,1,4.55,2232,4.27,5,0.01,,,,,,0,0
85.31,38616,6156,22,502,32,1.25,1,4.55,2232,4.27,70,0.15,,,,,,0,0
86.49,39119,6180,22,503,24,1.18,1,4.55,2232,4.27,75,0.17,,,,,,0,0
87.7,39623,6212,22,504,32,1.21,1,4.55,2232,4.27,10,0.02,,,,,,0,0
88.86,40127,6228,22,504,16,1.16,1,4.55,2232,4.27,5,0.01,,,,,,0,0
90.04,40627,6244,22,500,16,1.18,1,4.55,2232,4.27,75,0.17,,,,,,0,0
91.17,41128,6256,22,501,12,1.13,1,4.55,2232,4.27,100,0.25,,,,,,0,0
92.21,41632,6272,22,504,16,1.03,1,4.55,2232,4.27,95,0.21,,,,,,0,0
93.35,42132,6288,22,500,16,1.14,1,4.55,2232,4.27,30,0.09,,,,,,0,0
94.59,42632,6324,22,500,36,1.24,1,4.55,2232,4.27,15,0.04,,,,,,0,0
95.94,43135,6348,22,503,24,1.35,1,4.55,2232,4.27,25,0.08,,,,,,0,0
97.24,43639,6372,22,504,24,1.3,1,4.55,2232,4.27,75,0.18,,,,,,0,0
98.46,44143,6384,22,504,12,1.22,1,4.55,2232,4.27,85,0.21,,,,,,0,0
99.75,44645,6412,22,502,28,1.29,1,4.55,2232,4.27,70,0.18,,,,,,0,0
101.07,45147,6440,22,502,28,1.32,1,4.55,2232,4.27,30,0.08,,,,,,0,0
102.4,45651,6472,22,504,32,1.33,1,4.55,2232,4.27,100,0.33,,,,,,0,0
103.68,46155,6508,22,504,36,1.28,1,4.55,2232,4.27,110,0.32,,,,,,0,0
104.89,46655,6516,22,500,8,1.2,1,4.55,2232,4.27,90,0.23,,,,,,0,0
106.15,47155,6540,22,500,24,1.26,1,4.55,2232,4.27,30,0.07,,,,,,0,0
107.41,47658,6568,22,503,28,1.26,1,4.55,2232,4.27,75,0.17,,,,,,0,0
108.56,48162,6588,22,504,20,1.16,1,4.55,2232,4.27,45,0.11,,,,,,0,0
109.67,48664,6608,22,502,20,1.11,1,4.55,2232,4.27,30,0.07,,,,,,0,0
110.76,49167,6620,22,503,12,1.09,1,4.55,2232,4.27,35,0.09,,,,,,0,0
112.02,49668,6632,22,501,12,1.26,1,4.55,2232,4.27,5,0.02,,,,,,0,0
113.2,50171,6640,22,503,8,1.17,1,4.55,2232,4.27,325,0.75,,,,,,0,0
114.35,50672,6676,22,501,36,1.15,1,4.55,2232,4.27,70,0.17,,,,,,0,0
115.53,51172,6692,22,500,16,1.18,1,4.55,2232,4.27,85,0.22,,,,,,0,0
116.72,51672,6736,22,500,44,1.19,1,4.55,2232,4.27,20,0.05,,,,,,0,0
118.09,52175,6784,22,503,48,1.37,1,4.55,2232,4.27,35,0.08,,,,,,0,0
119.22,52676,6804,22,501,20,1.13,1,4.55,2232,4.27,25,0.04,,,,,,0,0
120.43,53179,6828,22,503,24,1.21,1,4.55,2232,4.27,50,0.14,,,,,,0,0
121.56,53681,6844,22,502,16,1.13,1,4.55,2232,4.27,20,0.05,,,,,,0,0
122.66,54181,6856,22,500,12,1.1,1,4.55,2232,4.27,40,0.1,,,,,,0,0
123.82,54685,6876,22,504,20,1.16,1,4.55,2232,4.27,15,0.03,,,,,,0,0
124.97,55188,6892,22,503,16,1.15,1,4.55,2232,4.27,185,0.4,,,,,,0,0
126.08,55691,6904,22,503,12,1.12,1,4.55,2232,4.27,150,0.32,,,,,,0,0
127.21,56195,6928,22,504,24,1.13,1,4.55,2232,4.27,75,0.16,,,,,,0,0
128.33,56697,6952,22,502,24,1.13,1,4.55,2232,4.27,95,0.19,,,,,,0,0
129.49,57198,6984,22,501,32,1.15,1,4.55,2232,4.27,5,0.01,,,,,,0,0
130.54,57699,7008,22,501,24,1.05,1,4.55,2232,4.27,45,0.1,,,,,,0,0
131.75,58201,7028,22,502,20,1.22,1,4.55,2232,4.27,100,0.22,,,,,,0,0
133.02,58702,7060,22,501,32,1.26,1,4.55,2232,4.27,40,0.12,,,,,,0,0
134.23,59206,7076,22,504,16,1.21,1,4.55,2232,4.27,35,0.07,,,,,,0,0
135.39,59710,7096,22,504,20,1.17,1,4.55,2232,4.27,20,0.07,,,,,,0,0
136.63,60212,7104,22,502,8,1.24,1,4.55,2232,4.27,240,0.62,,,,,,0,0
137.81,60715,7116,22,503,12,1.19,1,4.55,2232,4.27,30,0.07,,,,,,0,0
139.03,61218,7136,22,503,20,1.21,1,4.55,2232,4.27,55,0.13,,,,,,0,0
140.22,61718,7148,22,500,12,1.19,1,4.55,2232,4.27,50,0.12,,,,,,0,0
141.33,62218,7176,22,500,28,1.11,1,4.55,2232,4.27,200,0.4,,,,,,0,0
142.45,62721,7196,22,503,20,1.13,1,4.55,2232,4.27,105,0.25,,,,,,0,0
143.56,63225,7236,22,504,40,1.11,1,4.55,2232,4.27,10,0.02,,,,,,0,0
144.74,63728,7264,22,503,28,1.18,1,4.55,2232,4.27,135,0.29,,,,,,0,0
145.91,64231,7292,22,503,28,1.17,1,4.55,2232,4.27,40,0.09,,,,,,0,0
147.05,64733,7312,22,502,20,1.14,1,4.55,2232,4.27,75,0.18,,,,,,0,0
148.25,65233,7324,22,500,12,1.2,1,4.55,2232,4.27,200,0.46,,,,,,0,0
149.51,65734,7344,22,501,20,1.25,1,4.55,2232,4.27,50,0.13,,,,,,0,0
150.57,66234,7364,22,500,20,1.06,1,4.55,2232,4.27,20,0.06,,,,,,0,0
151.68,66734,7384,22,500,20,1.11,1,4.55,2232,4.27,90,0.19,,,,,,0,0
152.85,67237,7396,22,503,12,1.17,1,4.55,2232,4.27,195,0.45,,,,,,0,0
153.9,67737,7412,22,500,16,1.05,1,4.55,2232,4.27,45,0.08,,,,,,0,0
155.13,68240,7456,22,503,44,1.23,1,4.55,2232,4.27,20,0.04,,,,,,0,0
156.34,68740,7492,22,500,36,1.2,1,4.55,2232,4.27,15,0.04,,,,,,0,0
157.62,69243,7504,22,503,12,1.29,1,4.55,2232,4.27,160,0.39,,,,,,0,0
158.79,69745,7524,22,502,20,1.17,1,4.55,2232,4.27,50,0.12,,,,,,0,0
160.03,70249,7540,22,504,16,1.24,1,4.55,2232,4.27,65,0.18,,,,,,0,0
161.17,70750,7568,22,501,28,1.14,2,9.09,2232,4.27,110,0.25,,,,,,0,0
162.29,71250,7584,22,500,16,1.12,1,4.55,2232,4.27,240,0.55,,,,,,0,0
163.4,71750,7600,22,500,16,1.1,1,4.55,2232,4.27,110,0.24,,,,,,0,0
164.65,72254,7640,22,504,40,1.26,1,4.55,2232,4.27,35,0.1,,,,,,0,0
165.93,72755,7660,22,501,20,1.28,1,4.55,2232,4.27,125,0.34,,,,,,0,0
167.24,73258,7704,22,503,44,1.31,1,4.55,2232,4.27,10,0.03,,,,,,0,0
168.33,73760,7736,22,502,32,1.09,1,4.55,2232,4.27,40,0.09,,,,,,0,0
169.57,74263,7764,22,503,28,1.24,1,4.55,2232,4.27,30,0.07,,,,,,0,0
170.87,74765,7788,22,502,24,1.31,1,4.55,2232,4.27,70,0.16,,,,,,0,0
172.14,75267,7824,22,502,36,1.26,1,4.55,2232,4.27,20,0.06,,,,,,0,0
173.36,75767,7848,22,500,24,1.22,1,4.55,2232,4.27,0,0,,,,,,0,0
174.53,76267,7860,22,500,12,1.17,1,4.55,2232,4.27,55,0.12,,,,,,0,0
175.74,76767,7876,22,500,16,1.2,1,4.55,2232,4.27,25,0.06,,,,,,0,0
176.84,77267,7904,22,500,28,1.11,1,4.55,2232,4.27,175,0.37,,,,,,0,0
177.95,77770,7924,22,503,20,1.11,1,4.55,2232,4.27,105,0.23,,,,,,0,0
179.2,78273,7948,22,503,24,1.25,1,4.55,2232,4.27,35,0.11,,,,,,0,0
180.41,78774,7980,22,501,32,1.21,1,4.55,2232,4.27,55,0.13,,,,,,0,0
181.71,79278,8024,22,504,44,1.3,1,4.55,2232,4.27,5,0.01,,,,,,0,0
183.02,79778,8032,22,500,8,1.31,1,4.55,2232,4.27,35,0.09,,,,,,0,0
184.29,80279,8044,22,501,12,1.27,1,4.55,2232,4.27,140,0.38,,,,,,0,0
185.52,80779,8064,22,500,20,1.23,1,4.55,2232,4.27,75,0.16,,,,,,0,0
186.76,81282,8092,22,503,28,1.24,1,4.55,2232,4.27,15,0.03,,,,,,0,0
187.81,81783,8112,22,501,20,1.05,1,4.55,2232,4.27,15,0.03,,,,,,0,0
189,82286,8124,22,503,12,1.18,1,4.55,2232,4.27,35,0.1,,,,,,0,0
190.23,82789,8148,22,503,24,1.23,1,4.55,2232,4.27,15,0.03,,,,,,0,0
191.41,83290,8152,22,501,4,1.18,1,4.55,2232,4.27,320,0.73,,,,,,0,0
192.63,83790,8172,22,500,20,1.22,1,4.55,2232,4.27,95,0.23,,,,,,0,0
193.76,84290,8192,22,500,20,1.12,1,4.55,2232,4.27,35,0.07,,,,,,0,0
194.93,84790,8216,22,500,24,1.17,1,4.55,2232,4.27,0,0,,,,,,0,0
196.16,85292,8244,22,502,28,1.23,1,4.55,2232,4.27,150,0.33,,,,,,0,0
197.26,85795,8264,22,503,20,1.1,1,4.55,2232,4.27,25,0.05,,,,,,0,0
198.49,86299,8288,22,504,24,1.23,1,4.55,2232,4.27,25,0.07,,,,,,0,0
199.63,86800,8312,22,501,24,1.14,1,4.55,2232,4.27,135,0.32,,,,,,0,0
200.8,87301,8328,22,501,16,1.17,1,4.55,2232,4.27,85,0.18,,,,,,0,0
201.86,87803,8344,22,502,16,1.06,1,4.55,2232,4.27,160,0.33,,,,,,0,0
203.06,88307,8368,22,504,24,1.2,1,4.55,2232,4.27,225,0.55,,,,,,0,0
204.25,88811,8384,22,504,16,1.19,1,4.55,2232,4.27,115,0.26,,,,,,0,0
205.53,89313,8392,22,502,8,1.28,1,4.55,2232,4.27,235,0.56,,,,,,0,0
206.59,89814,8428,22,501,36,1.07,1,4.55,2232,4.27,20,0.04,,,,,,0,0
207.87,90317,8464,22,503,36,1.28,1,4.55,2232,4.27,35,0.1,,,,,,0,0
209.02,90819,8472,22,502,8,1.15,1,4.55,2232,4.27,25,0.05,,,,,,0,0
210.29,91323,8504,22,504,32,1.27,1,4.55,2232,4.27,80,0.21,,,,,,0,0
211.4,91825,8540,22,502,36,1.11,1,4.55,2232,4.27,20,0.04,,,,,,0,0
212.83,92326,8568,22,501,28,1.43,1,4.55,2232,4.27,5,0.02,,,,,,0,0
214.21,92828,8580,22,502,12,1.38,1,4.55,2232,4.27,95,0.31,,,,,,0,0
215.46,93329,8612,22,501,32,1.24,1,4.55,2232,4.27,65,0.13,,,,,,0,0
216.84,93832,8640,22,503,28,1.39,1,4.55,2232,4.27,40,0.1,,,,,,0,0
218.08,94333,8664,22,501,24,1.24,1,4.55,2232,4.27,70,0.17,,,,,,0,0
219.39,94835,8696,22,502,32,1.3,1,4.55,2232,4.27,145,0.32,,,,,,0,0
220.66,95338,8716,22,503,20,1.28,1,4.55,2232,4.27,165,0.47,,,,,,0,0
221.99,95839,8752,22,501,36,1.32,1,4.55,2232,4.27,5,0.01,,,,,,0,0
223.18,96341,8772,22,502,20,1.19,1,4.55,2232,4.27,60,0.14,,,,,,0,0
224.54,96841,8792,22,500,20,1.37,1,4.55,2232,4.27,135,0.29,,,,,,0,0
225.74,97343,8820,22,502,28,1.19,1,4.55,2232,4.27,50,0.13,,,,,,0,0
227.05,97843,8852,22,500,32,1.31,1,4.55,2232,4.27,10,0.02,,,,,,0,0
228.24,98345,8888,22,502,36,1.19,1,4.55,2232,4.27,60,0.18,,,,,,0,0
229.57,98847,8928,22,502,40,1.33,1,4.55,2232,4.27,25,0.09,,,,,,0,0
231.03,99349,8972,22,502,44,1.46,1,4.55,2232,4.27,90,0.23,,,,,,0,0
232.29,99850,8988,22,501,16,1.26,1,4.55,2232,4.27,105,0.26,,,,,,0,0
233.62,100352,9012,22,502,24,1.33,1,4.55,2232,4.27,5,0.01,,,,,,0,0
234.96,100855,9032,22,503,20,1.34,1,4.55,2232,4.27,10,0.04,,,,,,0,0
236.23,101357,9048,22,502,16,1.27,1,4.55,2232,4.27,130,0.34,,,,,,0,0
237.45,101857,9060,22,500,12,1.23,1,4.55,2232,4.27,340,0.76,,,,,,0,0
238.62,102359,9092,22,502,32,1.16,1,4.55,2232,4.27,30,0.09,,,,,,0,0
239.88,102863,9104,22,504,12,1.26,1,4.55,2232,4.27,55,0.15,,,,,,0,0
241.16,103364,9128,22,501,24,1.28,1,4.55,2232,4.27,45,0.16,,,,,,0,0
242.36,103868,9156,22,504,28,1.2,1,4.55,2232,4.27,40,0.09,,,,,,0,0
243.44,104369,9172,22,501,16,1.08,1,4.55,2232,4.27,50,0.11,,,,,,0,0
244.71,104873,9188,22,504,16,1.26,1,4.55,2232,4.27,190,0.51,,,,,,0,0
245.94,105373,9224,22,500,36,1.23,1,4.55,2232,4.27,10,0.02,,,,,,0,0
247.11,105876,9240,22,503,16,1.17,1,4.55,2232,4.27,95,0.2,,,,,,0,0
248.38,106378,9264,22,502,24,1.27,1,4.55,2232,4.27,40,0.09,,,,,,0,0
249.64,106878,9272,22,500,8,1.26,1,4.55,2232,4.27,15,0.03,,,,,,0,0
250.92,107381,9304,22,503,32,1.28,1,4.55,2232,4.27,50,0.12,,,,,,0,0
252.1,107884,9332,22,503,28,1.18,1,4.55,2232,4.27,5,0.01,,,,,,0,0
253.36,108387,9356,22,503,24,1.26,1,4.55,2232,4.27,35,0.1,,,,,,0,0
254.77,108890,9380,22,503,24,1.41,1,4.55,2232,4.27,5,0.01,,,,,,0,0
255.97,109391,9424,22,501,44,1.2,1,4.55,2232,4.27,15,0.03,,,,,,0,0
257.18,109891,9460,22,500,36,1.21,1,4.55,2232,4.27,55,0.15,,,,,,0,0
258.46,110394,9480,22,503,20,1.28,1,4.55,2232,4.27,45,0.14,,,,,,0,0
259.72,110896,9520,22,502,40,1.26,1,4.55,2232,4.27,10,0.03,,,,,,0,0
260.93,111400,9540,22,504,20,1.21,1,4.55,2232,4.27,80,0.17,,,,,,0,0
262.05,111900,9556,22,500,16,1.12,1,4.55,2232,4.27,90,0.2,,,,,,0,0
263.34,112402,9572,22,502,16,1.29,1,4.55,2232,4.27,110,0.25,,,,,,0,0
264.48,112902,9616,22,500,44,1.15,1,4.55,2232,4.27,85,0.19,,,,,,0,0
265.8,113405,9648,22,503,32,1.32,1,4.55,2232,4.27,30,0.07,,,,,,0,0
267.13,113905,9664,22,500,16,1.33,1,4.55,2232,4.27,70,0.16,,,,,,0,0
268.43,114408,9688,22,503,24,1.3,1,4.55,2232,4.27,80,0.21,,,,,,0,0
269.57,114910,9708,22,502,20,1.15,1,4.55,2232,4.27,170,0.35,,,,,,0,0
270.87,115410,9728,22,500,20,1.29,1,4.55,2232,4.27,140,0.35,,,,,,0,0
271.97,115910,9744,22,500,16,1.1,1,4.55,2232,4.27,140,0.35,,,,,,0,0
273.09,116410,9760,22,500,16,1.12,1,4.55,2232,4.27,245,0.52,,,,,,0,0
274.36,116914,9788,22,504,28,1.27,1,4.55,2232,4.27,5,0.02,,,,,,0,0
275.59,117418,9812,22,504,24,1.23,1,4.55,2232,4.27,105,0.25,,,,,,0,0
277,117920,9836,22,502,24,1.41,1,4.55,2232,4.27,65,0.17,,,,,,0,0
278.23,118422,9856,22,502,20,1.22,1,4.55,2232,4.27,55,0.15,,,,,,0,0
279.43,118926,9880,22,504,24,1.21,1,4.55,2232,4.27,65,0.15,,,,,,0,0
280.7,119426,9896,22,500,16,1.27,1,4.55,2232,4.27,70,0.22,,,,,,0,0
282.07,119927,9912,22,501,16,1.37,1,4.55,2232,4.27,35,0.07,,,,,,0,0
283.37,120431,9936,22,504,24,1.3,1,4.55,2232,4.27,145,0.34,,,,,,0,0
284.58,120933,9944,22,502,8,1.22,1,4.55,2232,4.27,55,0.13,,,,,,0,0
285.68,121433,9960,22,500,16,1.1,1,4.55,2232,4.27,0,0,,,,,,0,0
286.88,121934,9980,22,501,20,1.2,1,4.55,2232,4.27,60,0.15,,,,,,0,0
288.09,122437,10008,22,503,28,1.21,1,4.55,2232,4.27,75,0.16,,,,,,0,0
289.35,122941,10020,22,504,12,1.26,1,4.55,2232,4.27,80,0.18,,,,,,0,0
290.51,123442,10044,22,501,24,1.16,1,4.55,2232,4.27,65,0.14,,,,,,0,0
291.67,123946,10068,22,504,24,1.16,1,4.55,2232,4.27,150,0.36,,,,,,0,0
292.9,124450,10128,22,504,60,1.23,1,4.55,2232,4.27,5,0.01,,,,,,0,0
294.12,124951,10132,22,501,4,1.23,1,4.55,2232,4.27,465,1.14,,,,,,0,0
295.32,125454,10144,22,503,12,1.2,1,4.55,2232,4.27,35,0.09,,,,,,0,0
296.58,125958,10180,22,504,36,1.26,1,4.55,2232,4.27,35,0.08,,,,,,0,0
297.73,126461,10196,22,503,16,1.14,1,4.55,2232,4.27,25,0.06,,,,,,0,0
299.02,126963,10224,22,502,28,1.29,1,4.55,2232,4.27,60,0.17,,,,,,0,0
300.26,127463,10248,22,500,24,1.24,1,4.55,2232,4.27,45,0.08,,,,,,0,0
301.46,127965,10268,22,502,20,1.2,1,4.55,2232,4.27,85,0.2,,,,,,0,0
302.66,128468,10300,22,503,32,1.2,1,4.55,2232,4.27,35,0.08,,,,,,0,0
303.97,128971,10316,22,503,16,1.31,1,4.55,2232,4.27,30,0.12,,,,,,0,0
305.16,129471,10328,22,500,12,1.2,1,4.55,2232,4.27,90,0.19,,,,,,0,0
306.36,129973,10336,22,502,8,1.2,1,4.55,2232,4.27,135,0.33,,,,,,0,0
307.62,130473,10348,22,500,12,1.26,1,4.55,2232,4.27,185,0.45,,,,,,0,0
308.72,130973,10376,22,500,28,1.1,1,4.55,2232,4.27,160,0.35,,,,,,0,0
309.84,131476,10396,22,503,20,1.12,1,4.55,2232,4.27,45,0.1,,,,,,0,0
310.94,131980,10424,22,504,28,1.1,1,4.55,2232,4.27,55,0.11,,,,,,0,0
312.15,132480,10456,22,500,32,1.21,1,4.55,2232,4.27,0,0,,,,,,0,0
313.37,132984,10476,22,504,20,1.22,1,4.55,2232,4.27,190,0.46,,,,,,0,0
314.54,133484,10488,22,500,12,1.17,1,4.55,2232,4.27,35,0.08,,,,,,0,0
315.75,133986,10512,22,502,24,1.22,1,4.55,2232,4.27,15,0.04,,,,,,0,0
316.89,134486,10556,22,500,44,1.13,1,4.55,2232,4.27,25,0.06,,,,,,0,0
318.03,134988,10572,22,502,16,1.15,1,4.55,2232,4.27,170,0.42,,,,,,0,0
319.17,135492,10600,22,504,28,1.13,1,4.55,2232,4.27,30,0.07,,,,,,0,0
320.32,135995,10624,22,503,24,1.15,1,4.55,2232,4.27,80,0.2,,,,,,0,0
321.44,136498,10648,22,503,24,1.13,1,4.55,2232,4.27,15,0.04,,,,,,0,0
322.56,137000,10692,22,502,44,1.12,1,4.55,2232,4.27,55,0.11,,,,,,0,0
323.69,137501,10720,22,501,28,1.13,1,4.55,2232,4.27,5,0.01,,,,,,0,0
324.89,138002,10736,22,501,16,1.2,1,4.55,2232,4.27,85,0.2,,,,,,0,0
326.2,138502,10756,22,500,20,1.31,1,4.55,2232,4.27,10,0.02,,,,,,0,0
327.44,139004,10768,22,502,12,1.24,1,4.55,2232,4.27,185,0.46,,,,,,0,0
328.68,139506,10784,22,502,16,1.23,1,4.55,2232,4.27,105,0.26,,,,,,0,0
329.83,140007,10808,22,501,24,1.15,1,4.55,2232,4.27,145,0.32,,,,,,0,0
331.05,140510,10840,22,503,32,1.23,1,4.55,2232,4.27,5,0.01,,,,,,0,0
332.25,141011,10872,22,501,32,1.2,1,4.55,2232,4.27,20,0.06,,,,,,0,0
333.36,141511,10888,22,500,16,1.11,1,4.55,2232,4.27,100,0.24,,,,,,0,0
334.66,142012,10912,22,501,24,1.3,1,4.55,2232,4.27,40,0.11,,,,,,0,0
335.86,142513,10932,22,501,20,1.2,1,4.55,2232,4.27,10,0.02,,,,,,0,0
337,143016,10952,22,503,20,1.14,1,4.55,2232,4.27,5,0.01,,,,,,0,0
338.25,143520,10988,22,504,36,1.25,1,4.55,2232,4.27,45,0.11,,,,,,0,0
339.45,144024,11016,22,504,28,1.2,1,4.55,2232,4.27,205,0.51,,,,,,0,0
340.83,144527,11028,22,503,12,1.38,1,4.55,2232,4.27,60,0.2,,,,,,0,0
342.04,145030,11048,22,503,20,1.21,1,4.55,2232,4.27,80,0.18,,,,,,0,0
343.29,145532,11056,22,502,8,1.25,1,4.55,2232,4.27,415,1.05,,,,,,0,0
344.48,146032,11080,22,500,24,1.18,1,4.55,2232,4.27,70,0.15,,,,,,0,0
345.55,146532,11096,22,500,16,1.08,1,4.55,2232,4.27,55,0.11,,,,,,0,0
346.78,147032,11132,22,500,36,1.22,1,4.55,2232,4.27,5,0.01,,,,,,0,0
347.97,147536,11160,22,504,28,1.2,1,4.55,2232,4.27,105,0.24,,,,,,0,0
349.25,148037,11200,22,501,40,1.28,1,4.55,2232,4.27,10,0.02,,,,,,0,0
350.49,148537,11228,22,500,28,1.23,1,4.55,2232,4.27,45,0.11,,,,,,0,0
351.66,149041,11252,22,504,24,1.18,1,4.55,2232,4.27,205,0.42,,,,,,0,0
352.89,149544,11276,22,503,24,1.22,1,4.55,2232,4.27,45,0.09,,,,,,0,0
354.1,150047,11296,22,503,20,1.22,1,4.55,2232,4.27,180,0.42,,,,,,0,0
355.31,150551,11336,22,504,40,1.21,1,4.55,2232,4.27,60,0.15,,,,,,0,0
356.69,151052,11348,22,501,12,1.37,1,4.55,2232,4.27,25,0.06,,,,,,0,0
357.93,151556,11376,22,504,28,1.24,1,4.55,2232,4.27,25,0.07,,,,,,0,0
359.21,152059,11404,22,503,28,1.27,1,4.55,2232,4.27,220,0.48,,,,,,0,0
360.57,152563,11424,22,504,20,1.36,1,4.55,2232,4.27,5,0.01,,,,,,0,0
361.76,153067,11448,22,504,24,1.2,1,4.55,2232,4.27,105,0.25,,,,,,0,0
362.89,153570,11488,22,503,40,1.13,1,4.55,2232,4.27,50,0.13,,,,,,0,0
364,154071,11504,22,501,16,1.11,1,4.55,2232,4.27,0,0,,,,,,0,0
365.17,154574,11524,22,503,20,1.17,1,4.55,2232,4.27,50,0.11,,,,,,0,0
366.24,155075,11536,22,501,12,1.07,1,4.55,2232,4.27,25,0.06,,,,,,0,0
367.43,155575,11556,22,500,20,1.19,1,4.55,2232,4.27,65,0.13,,,,,,0,0
368.53,156076,11576,22,501,20,1.1,1,4.55,2232,4.27,175,0.37,,,,,,0,0
369.73,156578,11608,22,502,32,1.2,1,4.55,2232,4.27,85,0.22,,,,,,0,0
371.02,157081,11640,22,503,32,1.29,1,4.55,2232,4.27,50,0.13,,,,,,0,0
372.27,157585,11672,22,504,32,1.26,1,4.55,2232,4.27,15,0.04,,,,,,0,0
373.49,158089,11708,22,504,36,1.22,1,4.55,2232,4.27,85,0.19,,,,,,0,0
374.78,158592,11740,22,503,32,1.28,1,4.55,2232,4.27,5,0.01,,,,,,0,0
375.89,159093,11752,22,501,12,1.11,1,4.55,2232,4.27,20,0.05,,,,,,0,0
377.1,159595,11776,22,502,24,1.21,1,4.55,2232,4.27,135,0.33,,,,,,0,0
378.24,160096,11792,22,501,16,1.14,1,4.55,2232,4.27,25,0.05,,,,,,0,0
379.45,160597,11828,22,501,36,1.21,1,4.55,2232,4.27,60,0.14,,,,,,0,0
380.55,161099,11856,22,502,28,1.1,1,4.55,2232,4.27,140,0.31,,,,,,0,0
381.69,161602,11876,22,503,20,1.14,1,4.55,2232,4.27,35,0.09,,,,,,0,0
382.92,162105,11908,22,503,32,1.23,1,4.55,2232,4.27,65,0.15,,,,,,0,0
384.02,162607,11924,22,502,16,1.1,1,4.55,2232,4.27,35,0.07,,,,,,0,0
385.28,163108,11968,22,501,44,1.27,1,4.55,2232,4.27,130,0.31,,,,,,0,0
386.5,163611,11980,22,503,12,1.21,1,4.55,2232,4.27,80,0.19,,,,,,0,0
387.67,164113,12012,22,502,32,1.18,1,4.55,2232,4.27,10,0.02,,,,,,0,0
388.94,164614,12048,22,501,36,1.27,1,4.55,2232,4.27,35,0.08,,,,,,0,0
390.13,165115,12068,22,501,20,1.19,1,4.55,2232,4.27,95,0.22,,,,,,0,0
391.45,165619,12096,22,504,28,1.32,1,4.55,2232,4.27,55,0.13,,,,,,0,0
392.68,166121,12104,22,502,8,1.23,1,4.55,2232,4.27,40,0.12,,,,,,0,0
393.93,166621,12140,22,500,36,1.25,1,4.55,2232,4.27,220,0.55,,,,,,0,0
395.31,167122,12160,22,501,20,1.39,1,4.55,2232,4.27,125,0.29,,,,,,0,0
396.55,167626,12172,22,504,12,1.23,1,4.55,2232,4.27,5,0.01,,,,,,0,0
397.69,168126,12196,22,500,24,1.14,1,4.55,2232,4.27,15,0.03,,,,,,0,0
398.82,168628,12224,22,502,28,1.13,1,4.55,2232,4.27,5,0.01,,,,,,0,0
400.04,169129,12244,22,501,20,1.22,1,4.55,2232,4.27,30,0.08,,,,,,0,0
401.25,169632,12292,22,503,48,1.21,1,4.55,2232,4.27,5,0.01,,,,,,0,0
402.42,170134,12316,22,502,24,1.17,1,4.55,2232,4.27,185,0.43,,,,,,0,0
403.69,170637,12340,22,503,24,1.26,1,4.55,2232,4.27,60,0.18,,,,,,0,0
405.07,171140,12364,22,503,24,1.38,1,4.55,2232,4.27,10,0.03,,,,,,0,0
406.23,171642,12392,22,502,28,1.16,1,4.55,2232,4.27,200,0.48,,,,,,0,0
407.4,172144,12412,22,502,20,1.17,1,4.55,2232,4.27,5,0.01,,,,,,0,0
408.78,172648,12436,22,504,24,1.39,1,4.55,2232,4.27,35,0.09,,,,,,0,0
409.99,173148,12460,22,500,24,1.2,1,4.55,2232,4.27,15,0.04,,,,,,0,0
411.21,173648,12504,22,500,44,1.22,1,4.55,2232,4.27,30,0.07,,,,,,0,0
412.5,174151,12548,22,503,44,1.29,1,4.55,2232,4.27,10,0.02,,,,,,0,0
413.61,174653,12572,22,502,24,1.11,1,4.55,2232,4.27,160,0.35,,,,,,0,0
414.87,175154,12612,22,501,40,1.27,1,4.55,2232,4.27,35,0.09,,,,,,0,0
416.01,175654,12636,22,500,24,1.14,1,4.55,2232,4.27,20,0.06,,,,,,0,0
417.26,176157,12656,22,503,20,1.24,1,4.55,2232,4.27,105,0.28,,,,,,0,0
418.53,176660,12676,22,503,20,1.28,1,4.55,2232,4.27,30,0.08,,,,,,0,0
419.8,177162,12688,22,502,12,1.27,1,4.55,2232,4.27,135,0.34,,,,,,0,0
421.06,177662,12708,22,500,20,1.26,1,4.55,2232,4.27,75,0.19,,,,,,0,0
422.25,178163,12740,22,501,32,1.19,1,4.55,2232,4.27,200,0.47,,,,,,0,0
423.48,178663,12764,22,500,24,1.23,1,4.55,2232,4.27,155,0.37,,,,,,0,0
424.69,179163,12776,22,500,12,1.21,1,4.55,2232,4.27,25,0.06,,,,,,0,0
425.85,179666,12784,22,503,8,1.15,1,4.55,2232,4.27,270,0.64,,,,,,0,0
427.17,180167,12804,22,501,20,1.32,1,4.55,2232,4.27,45,0.11,,,,,,0,0
428.27,180667,12840,22,500,36,1.11,1,4.55,2232,4.27,95,0.2,,,,,,0,0
429.39,181170,12872,22,503,32,1.11,1,4.55,2232,4.27,55,0.13,,,,,,0,0
430.56,181670,12892,22,500,20,1.17,1,4.55,2232,4.27,40,0.1,,,,,,0,0
431.79,182174,12916,22,504,24,1.22,1,4.55,2232,4.27,30,0.05,,,,,,0,0
432.98,182677,12928,22,503,12,1.19,1,4.55,2232,4.27,35,0.09,,,,,,0,0
434.22,183181,12948,22,504,20,1.24,1,4.55,2232,4.27,105,0.25,,,,,,0,0
435.49,183685,12984,22,504,36,1.27,1,4.55,2232,4.27,145,0.34,,,,,,0,0
436.71,184187,13012,22,502,28,1.22,1,4.55,2232,4.27,65,0.15,,,,,,0,0
437.85,184687,13040,22,500,28,1.14,1,4.55,2232,4.27,115,0.29,,,,,,0,0
438.91,185188,13060,22,501,20,1.06,1,4.55,2232,4.27,160,0.36,,,,,,0,0
440.23,185688,13076,22,500,16,1.32,1,4.55,2232,4.27,45,0.11,,,,,,0,0
441.41,186189,13100,22,501,24,1.18,1,4.55,2232,4.27,220,0.49,,,,,,0,0
442.6,186690,13120,22,501,20,1.18,1,4.55,2232,4.27,230,0.57,,,,,,0,0
443.71,187190,13148,22,500,28,1.12,1,4.55,2232,4.27,15,0.03,,,,,,0,0
444.83,187690,13164,22,500,16,1.12,1,4.55,2232,4.27,60,0.13,,,,,,0,0
445.91,188192,13184,22,502,20,1.08,1,4.55,2232,4.27,15,0.03,,,,,,0,0
447.01,188696,13224,22,504,40,1.1,1,4.55,2232,4.27,110,0.25,,,,,,0,0
448.27,189198,13252,22,502,28,1.27,1,4.55,2232,4.27,90,0.21,,,,,,0,0
449.5,189702,13284,22,504,32,1.23,1,4.55,2232,4.27,55,0.13,,,,,,0,0
450.76,190206,13300,22,504,16,1.26,1,4.55,2232,4.27,260,0.64,,,,,,0,0
451.96,190707,13320,22,501,20,1.2,1,4.55,2232,4.27,160,0.38,,,,,,0,0
453.29,191207,13340,22,500,20,1.33,1,4.55,2232,4.27,5,0.01,,,,,,0,0
454.5,191710,13352,22,503,12,1.22,1,4.55,2232,4.27,260,0.61,,,,,,0,0
455.72,192213,13356,22,503,4,1.22,1,4.55,2232,4.27,340,0.81,,,,,,0,0
456.97,192715,13380,22,502,24,1.25,1,4.55,2232,4.27,160,0.37,,,,,,0,0
458.2,193219,13408,22,504,28,1.24,1,4.55,2232,4.27,120,0.3,,,,,,0,0
459.35,193720,13436,22,501,28,1.15,1,4.55,2232,4.27,5,0.02,,,,,,0,0
460.68,194220,13464,22,500,28,1.32,1,4.55,2232,4.27,160,0.36,,,,,,0,0
461.75,194722,13484,22,502,20,1.08,1,4.55,2232,4.27,130,0.32,,,,,,0,0
462.93,195226,13504,22,504,20,1.17,1,4.55,2232,4.27,15,0.03,,,,,,0,0
464.24,195729,13528,22,503,24,1.31,1,4.55,2232,4.27,5,0.02,,,,,,0,0
465.54,196231,13544,22,502,16,1.3,1,4.55,2232,4.27,155,0.39,,,,,,0,0
466.77,196735,13560,22,504,16,1.23,1,4.55,2232,4.27,200,0.45,,,,,,0,0
467.94,197236,13584,22,501,24,1.16,1,4.55,2232,4.27,170,0.39,,,,,,0,0
469.13,197739,13592,22,503,8,1.19,1,4.55,2232,4.27,205,0.47,,,,,,0,0
470.3,198243,13608,22,504,16,1.17,1,4.55,2232,4.27,5,0.02,,,,,,0,0
471.47,198747,13616,22,504,8,1.18,1,4.55,2232,4.27,10,0.02,,,,,,0,0
472.61,199250,13628,22,503,12,1.13,1,4.55,2232,4.27,285,0.68,,,,,,0,0
473.97,199754,13644,22,504,16,1.36,1,4.55,2232,4.27,5,0.01,,,,,,0,0
475.25,200254,13676,22,500,32,1.29,1,4.55,2232,4.27,50,0.13,,,,,,0,0
476.47,200757,13700,22,503,24,1.22,1,4.55,2232,4.27,110,0.26,,,,,,0,0
477.65,201258,13716,22,501,16,1.17,1,4.55,2232,4.27,30,0.06,,,,,,0,0
478.83,201761,13748,22,503,32,1.18,1,4.55,2232,4.27,10,0.03,,,,,,0,0
479.97,202261,13776,22,500,28,1.15,1,4.55,2232,4.27,30,0.07,,,,,,0,0
481.3,202761,13808,22,500,32,1.33,1,4.55,2232,4.27,15,0.05,,,,,,0,0
482.42,203262,13812,22,501,4,1.12,1,4.55,2232,4.27,315,0.72,,,,,,0,0
483.79,203763,13848,22,501,36,1.36,1,4.55,2232,4.27,90,0.26,,,,,,0,0
485.03,204263,13864,22,500,16,1.25,1,4.55,2232,4.27,115,0.25,,,,,,0,0
486.07,204765,13900,22,502,36,1.04,1,4.55,2232,4.27,25,0.05,,,,,,0,0
487.23,205268,13916,22,503,16,1.16,1,4.55,2232,4.27,175,0.41,,,,,,0,0
488.48,205772,13928,22,504,12,1.25,1,4.55,2232,4.27,60,0.14,,,,,,0,0
489.66,206275,13956,22,503,28,1.18,1,4.55,2232,4.27,25,0.07,,,,,,0,0
490.85,206778,13980,22,503,24,1.19,1,4.55,2232,4.27,35,0.08,,,,,,0,0
492.13,207278,13992,22,500,12,1.28,1,4.55,2232,4.27,185,0.45,,,,,,0,0
493.29,207780,14012,22,502,20,1.16,1,4.55,2232,4.27,30,0.08,,,,,,0,0
494.4,208281,14040,22,501,28,1.11,1,4.55,2232,4.27,5,0.01,,,,,,0,0
495.52,208782,14092,22,501,52,1.12,1,4.55,2232,4.27,135,0.3,,,,,,0,0
496.68,209286,14104,22,504,12,1.16,1,4.55,2232,4.27,145,0.37,,,,,,0,0
497.96,209788,14140,22,502,36,1.28,1,4.55,2232,4.27,20,0.05,,,,,,0,0
499.25,210290,14168,22,502,28,1.29,1,4.55,2232,4.27,10,0.03,,,,,,0,0
500.48,210791,14172,22,501,4,1.23,1,4.55,2232,4.27,205,0.53,,,,,,0,0
501.73,211294,14196,22,503,24,1.24,1,4.55,2232,4.27,180,0.4,,,,,,0,0
502.93,211795,14212,22,501,16,1.21,1,4.55,2232,4.27,300,0.71,,,,,,0,0
504.07,212299,14224,22,504,12,1.14,1,4.55,2232,4.27,95,0.25,,,,,,0,0
505.4,212801,14248,22,502,24,1.33,1,4.55,2232,4.27,125,0.31,,,,,,0,0
506.73,213302,14264,22,501,16,1.33,1,4.55,2232,4.27,315,0.73,,,,,,0,0
507.93,213806,14296,22,504,32,1.19,1,4.55,2232,4.27,60,0.15,,,,,,0,0
509.1,214310,14328,22,504,32,1.18,1,4.55,2232,4.27,5,0.01,,,,,,0,0
510.28,214810,14360,22,500,32,1.17,1,4.55,2232,4.27,55,0.13,,,,,,0,0
511.42,215310,14372,22,500,12,1.14,1,4.55,2232,4.27,210,0.49,,,,,,0,0
512.56,215814,14388,22,504,16,1.14,1,4.55,2232,4.27,60,0.15,,,,,,0,0
513.85,216318,14400,22,504,12,1.29,1,4.55,2232,4.27,215,0.56,,,,,,0,0
515.15,216821,14428,22,503,28,1.29,1,4.55,2232,4.27,105,0.25,,,,,,0,0
516.37,217321,14440,22,500,12,1.22,1,4.55,2232,4.27,180,0.43,,,,,,0,0
517.64,217823,14472,22,502,32,1.27,1,4.55,2232,4.27,15,0.04,,,,,,0,0
518.97,218326,14496,22,503,24,1.33,1,4.55,2232,4.27,60,0.18,,,,,,0,0
520.23,218828,14516,22,502,20,1.26,1,4.55,2232,4.27,40,0.09,,,,,,0,0
521.42,219329,14544,22,501,28,1.19,1,4.55,2232,4.27,50,0.11,,,,,,0,0
522.67,219829,14560,22,500,16,1.25,1,4.55,2232,4.27,15,0.03,,,,,,0,0
523.88,220331,14584,22,502,24,1.22,1,4.55,2232,4.27,25,0.06,,,,,,0,0
525.23,220834,14596,22,503,12,1.35,1,4.55,2232,4.27,0,0,,,,,,0,0
526.42,221338,14612,22,504,16,1.19,1,4.55,2232,4.27,50,0.13,,,,,,0,0
527.55,221840,14644,22,502,32,1.13,1,4.55,2232,4.27,40,0.1,,,,,,0,0
528.78,222341,14656,22,501,12,1.23,1,4.55,2232,4.27,65,0.16,,,,,,0,0
529.96,222841,14672,22,500,16,1.18,1,4.55,2232,4.27,70,0.18,,,,,,0,0
531.26,223342,14700,22,501,28,1.3,1,4.55,2232,4.27,35,0.09,,,,,,0,0
532.36,223846,14716,22,504,16,1.1,1,4.55,2232,4.27,5,0.01,,,,,,0,0
533.55,224349,14740,22,503,24,1.19,1,4.55,2232,4.27,70,0.16,,,,,,0,0
534.73,224849,14756,22,500,16,1.17,1,4.55,2232,4.27,20,0.03,,,,,,0,0
536,225353,14772,22,504,16,1.27,1,4.55,2232,4.27,75,0.19,,,,,,0,0
537.22,225854,14804,22,501,32,1.22,1,4.55,2232,4.27,50,0.11,,,,,,0,0
538.33,226355,14820,22,501,16,1.12,1,4.55,2232,4.27,25,0.06,,,,,,0,0
539.53,226858,14840,22,503,20,1.2,1,4.55,2232,4.27,240,0.57,,,,,,0,0
540.62,227360,14864,22,502,24,1.08,1,4.55,2232,4.27,190,0.37,,,,,,0,0
541.72,227862,14888,22,502,24,1.1,1,4.55,2232,4.27,5,0.02,,,,,,0,0
542.94,228365,14920,22,503,32,1.22,1,4.55,2232,4.27,15,0.04,,,,,,0,0
544.22,228869,14948,22,504,28,1.28,1,4.55,2232,4.27,70,0.19,,,,,,0,0
545.57,229373,14972,22,504,24,1.35,1,4.55,2232,4.27,5,0.01,,,,,,0,0
546.79,229873,14992,22,500,20,1.23,1,4.55,2232,4.27,75,0.18,,,,,,0,0
548.05,230375,15012,22,502,20,1.26,1,4.55,2232,4.27,300,0.76,,,,,,0,0
549.28,230877,15032,22,502,20,1.23,1,4.55,2232,4.27,110,0.26,,,,,,0,0
550.43,231381,15064,22,504,32,1.15,1,4.55,2232,4.27,145,0.35,,,,,,0,0
551.74,231885,15112,22,504,48,1.31,1,4.55,2232,4.27,60,0.15,,,,,,0,0
552.93,232388,15136,22,503,24,1.19,1,4.55,2232,4.27,30,0.07,,,,,,0,0
554.16,232890,15172,22,502,36,1.24,1,4.55,2232,4.27,20,0.04,,,,,,0,0
555.49,233394,15196,22,504,24,1.32,1,4.55,2232,4.27,225,0.64,,,,,,0,0
556.6,233895,15216,22,501,20,1.11,1,4.55,2232,4.27,50,0.1,,,,,,0,0
557.76,234399,15236,22,504,20,1.16,1,4.55,2232,4.27,80,0.18,,,,,,0,0
558.98,234903,15248,22,504,12,1.23,1,4.55,2232,4.27,5,0.01,,,,,,0,0
560.11,235403,15280,22,500,32,1.12,1,4.55,2232,4.27,130,0.31,,,,,,0,0
561.31,235905,15288,22,502,8,1.2,1,4.55,2232,4.27,100,0.24,,,,,,0,0
562.55,236405,15320,22,500,32,1.24,1,4.55,2232,4.27,15,0.04,,,,,,0,0
563.78,236905,15348,22,500,28,1.23,1,4.55,2232,4.27,40,0.1,,,,,,0,0
565,237406,15368,22,501,20,1.22,1,4.55,2232,4.27,190,0.42,,,,,,0,0
566.19,237906,15396,22,500,28,1.19,1,4.55,2232,4.27,115,0.26,,,,,,0,0
567.44,238407,15412,22,501,16,1.25,1,4.55,2232,4.27,20,0.05,,,,,,0,0
568.63,238911,15436,22,504,24,1.19,1,4.55,2232,4.27,100,0.22,,,,,,0,0
569.85,239412,15456,22,501,20,1.22,1,4.55,2232,4.27,5,0.01,,,,,,0,0
571.02,239914,15492,22,502,36,1.17,1,4.55,2232,4.27,60,0.14,,,,,,0,0
572.13,240414,15504,22,500,12,1.11,1,4.55,2232,4.27,40,0.1,,,,,,0,0
573.33,240917,15516,22,503,12,1.2,1,4.55,2232,4.27,100,0.25,,,,,,0,0
574.65,241418,15556,22,501,40,1.31,1,4.55,2232,4.27,55,0.14,,,,,,0,0
575.93,241921,15596,22,503,40,1.28,1,4.55,2232,4.27,135,0.3,,,,,,0,0
577.31,242423,15612,22,502,16,1.38,1,4.55,2232,4.27,30,0.08,,,,,,0,0
578.62,242923,15648,22,500,36,1.31,1,4.55,2232,4.27,70,0.18,,,,,,0,0
579.86,243425,15668,22,502,20,1.24,1,4.55,2232,4.27,10,0.03,,,,,,0,0
581.03,243928,15688,22,503,20,1.17,1,4.55,2232,4.27,40,0.09,,,,,,0,0
582.24,244430,15708,22,502,20,1.21,1,4.55,2232,4.27,10,0.02,,,,,,0,0
583.54,244933,15728,22,503,20,1.3,1,4.55,2232,4.27,115,0.27,,,,,,0,0
585.05,245434,15748,22,501,20,1.51,1,4.55,2232,4.27,215,0.65,,,,,,0,0
586.38,245938,15788,22,504,40,1.33,1,4.55,2232,4.27,40,0.11,,,,,,0,0
587.62,246439,15792,22,501,4,1.24,1,4.55,2232,4.27,215,0.56,,,,,,0,0
588.7,246942,15824,22,503,32,1.08,1,4.55,2232,4.27,40,0.09,,,,,,0,0
589.85,247443,15828,22,501,4,1.15,1,4.55,2232,4.27,335,0.76,,,,,,0,0
591.12,247945,15836,22,502,8,1.26,1,4.55,2232,4.27,70,0.17,,,,,,0,0
592.31,248449,15884,22,504,48,1.19,1,4.55,2232,4.27,10,0.02,,,,,,0,0
593.64,248949,15908,22,500,24,1.33,1,4.55,2232,4.27,20,0.05,,,,,,0,0
594.83,249451,15916,22,502,8,1.19,1,4.55,2232,4.27,5,0.01,,,,,,0,0
596.19,249953,15960,22,502,44,1.36,1,4.55,2232,4.27,90,0.25,,,,,,0,0
597.38,250453,15996,22,500,36,1.19,1,4.55,2232,4.27,55,0.13,,,,,,0,0
598.87,250957,16020,22,504,24,1.49,1,4.55,2232,4.27,85,0.21,,,,,,0,0
600.39,251459,16036,22,502,16,1.53,1,4.55,2232,4.27,115,0.36,,,,,,0,0
601.8,251961,16076,22,502,40,1.41,1,4.55,2232,4.27,35,0.08,,,,,,0,0
603.07,252462,16116,22,501,40,1.27,2,9.09,2232,4.27,45,0.11,,,,,,0,0
604.24,252964,16124,22,502,8,1.17,1,4.55,2232,4.27,190,0.45,,,,,,0,0
605.54,253467,16168,22,503,44,1.3,1,4.55,2232,4.27,50,0.13,,,,,,0,0
606.83,253967,16196,22,500,28,1.29,1,4.55,2232,4.27,185,0.47,,,,,,0,0
608.05,254467,16232,22,500,36,1.23,1,4.55,2232,4.27,25,0.06,,,,,,0,0
609.28,254969,16276,22,502,44,1.22,1,4.55,2232,4.27,40,0.09,,,,,,0,0
610.54,255469,16304,22,500,28,1.27,1,4.55,2232,4.27,175,0.44,,,,,,0,0
611.9,255973,16340,22,504,36,1.35,1,4.55,2232,4.27,15,0.02,,,,,,0,0
613.17,256477,16376,22,504,36,1.27,1,4.55,2232,4.27,35,0.08,,,,,,0,0
614.48,256979,16384,22,502,8,1.31,1,4.55,2232,4.27,280,0.69,,,,,,0,0
615.67,257480,16412,22,501,28,1.19,1,4.55,2232,4.27,100,0.23,,,,,,0,0
617.01,257980,16436,22,500,24,1.34,1,4.55,2232,4.27,175,0.41,,,,,,0,0
618.18,258481,16456,22,501,20,1.17,1,4.55,2232,4.27,60,0.15,,,,,,0,0
619.23,258981,16480,22,500,24,1.05,1,4.55,2232,4.27,20,0.04,,,,,,0,0
620.49,259482,16500,22,501,20,1.26,1,4.55,2232,4.27,190,0.49,,,,,,0,0
621.51,259986,16508,22,504,8,1.01,1,4.55,2232,4.27,15,0.04,,,,,,0,0
622.97,260486,16548,22,500,40,1.46,1,4.55,2232,4.27,35,0.1,,,,,,0,0
624.11,260987,16564,22,501,16,1.14,1,4.55,2232,4.27,80,0.2,,,,,,0,0
625.39,261487,16612,22,500,48,1.28,1,4.55,2232,4.27,30,0.07,,,,,,0,0
626.63,261988,16636,22,501,24,1.24,1,4.55,2232,4.27,15,0.04,,,,,,0,0
627.98,262490,16676,22,502,40,1.35,1,4.55,2232,4.27,50,0.13,,,,,,0,0
629.25,262992,16712,22,502,36,1.27,1,4.55,2232,4.27,15,0.04,,,,,,0,0
630.41,263496,16748,22,504,36,1.16,1,4.55,2232,4.27,55,0.12,,,,,,0,0
631.69,263998,16768,22,502,20,1.27,1,4.55,2232,4.27,160,0.41,,,,,,0,0
632.9,264499,16800,22,501,32,1.21,1,4.55,2232,4.27,30,0.1,,,,,,0,0
634.15,265002,16812,22,503,12,1.26,1,4.55,2232,4.27,25,0.06,,,,,,0,0
635.52,265506,16844,22,504,32,1.36,1,4.55,2232,4.27,45,0.13,,,,,,0,0
636.7,266007,16876,22,501,32,1.19,1,4.55,2232,4.27,45,0.12,,,,,,0,0
638.07,266511,16892,22,504,16,1.37,1,4.55,2232,4.27,35,0.09,,,,,,0,0
639.34,267012,16896,22,501,4,1.27,1,4.55,2232,4.27,325,0.86,,,,,,0,0
640.5,267512,16916,22,500,20,1.17,1,4.55,2232,4.27,160,0.39,,,,,,0,0
641.94,268013,16936,22,501,20,1.44,1,4.55,2232,4.27,50,0.12,,,,,,0,0
643.08,268514,16956,22,501,20,1.14,1,4.55,2232,4.27,60,0.14,,,,,,0,0
644.54,269018,16988,22,504,32,1.46,1,4.55,2232,4.27,45,0.17,,,,,,0,0
645.8,269522,17016,22,504,28,1.26,1,4.55,2232,4.27,50,0.13,,,,,,0,0
646.99,270022,17044,22,500,28,1.19,1,4.55,2232,4.27,75,0.18,,,,,,0,0
648.13,270525,17072,22,503,28,1.14,1,4.55,2232,4.27,90,0.21,,,,,,0,0
649.16,271026,17092,22,501,20,1.03,1,4.55,2232,4.27,105,0.22,,,,,,0,0
650.3,271528,17128,22,502,36,1.14,1,4.55,2232,4.27,105,0.23,,,,,,0,0
651.41,272031,17152,22,503,24,1.11,1,4.55,2232,4.27,175,0.36,,,,,,0,0
652.63,272532,17180,22,501,28,1.22,1,4.55,2232,4.27,75,0.18,,,,,,0,0
653.88,273034,17204,22,502,24,1.25,1,4.55,2232,4.27,10,0.03,,,,,,0,0
655.25,273536,17224,22,502,20,1.38,1,4.55,2232,4.27,45,0.12,,,,,,0,0
656.5,274037,17244,22,501,20,1.25,1,4.55,2232,4.27,65,0.15,,,,,,0,0
657.6,274538,17248,22,501,4,1.1,1,4.55,2232,4.27,405,0.87,,,,,,0,0
658.87,275038,17268,22,500,20,1.27,1,4.55,2232,4.27,75,0.17,,,,,,0,0
660.14,275539,17284,22,501,16,1.28,1,4.55,2232,4.27,145,0.35,,,,,,0,0
661.35,276042,17308,22,503,24,1.21,1,4.55,2232,4.27,85,0.2,,,,,,0,0
662.6,276544,17332,22,502,24,1.24,1,4.55,2232,4.27,45,0.1,,,,,,0,0
663.88,277044,17360,22,500,28,1.28,1,4.55,2232,4.27,10,0.02,,,,,,0,0
665.13,277545,17384,22,501,24,1.25,1,4.55,2232,4.27,0,0,,,,,,0,0
666.2,278048,17396,22,503,12,1.07,1,4.55,2232,4.27,35,0.08,,,,,,0,0
667.37,278549,17408,22,501,12,1.17,1,4.55,2232,4.27,160,0.35,,,,,,0,0
668.46,279051,17416,22,502,8,1.09,1,4.55,2232,4.27,235,0.52,,,,,,0,0
669.56,279552,17420,22,501,4,1.09,1,4.55,2232,4.27,60,0.11,,,,,,0,0
670.89,280052,17432,22,500,12,1.33,1,4.55,2232,4.27,30,0.1,,,,,,0,0
672.11,280554,17440,22,502,8,1.22,1,4.55,2232,4.27,5,0.01,,,,,,0,0
673.25,281055,17460,22,501,20,1.14,1,4.55,2232,4.27,45,0.1,,,,,,0,0
674.54,281557,17492,22,502,32,1.29,1,4.55,2232,4.27,30,0.1,,,,,,0,0
675.71,282057,17508,22,500,16,1.17,1,4.55,2232,4.27,100,0.26,,,,,,0,0
676.95,282559,17528,22,502,20,1.24,1,4.55,2232,4.27,45,0.13,,,,,,0,0
678.2,283062,17548,22,503,20,1.25,1,4.55,2232,4.27,20,0.05,,,,,,0,0
679.45,283563,17576,22,501,28,1.25,1,4.55,2232,4.27,20,0.05,,,,,,0,0
680.72,284063,17604,22,500,28,1.28,1,4.55,2232,4.27,0,0,,,,,,0,0
681.91,284567,17616,22,504,12,1.18,1,4.55,2232,4.27,240,0.56,,,,,,0,0
683.32,285068,17648,22,501,32,1.41,1,4.55,2232,4.27,60,0.21,,,,,,0,0
684.58,285572,17680,22,504,32,1.26,1,4.55,2232,4.27,45,0.12,,,,,,0,0
685.92,286076,17704,22,504,24,1.34,1,4.55,2232,4.27,60,0.14,,,,,,0,0
687.17,286577,17756,22,501,52,1.25,1,4.55,2232,4.27,10,0.02,,,,,,0,0
688.44,287079,17776,22,502,20,1.28,1,4.55,2232,4.27,85,0.26,,,,,,0,0
689.65,287583,17804,22,504,28,1.2,1,4.55,2232,4.27,45,0.08,,,,,,0,0
690.89,288087,17828,22,504,24,1.25,1,4.55,2232,4.27,30,0.05,,,,,,0,0
692.16,288589,17860,22,502,32,1.26,1,4.55,2232,4.27,5,0.01,,,,,,0,0
693.4,289091,17884,22,502,24,1.24,1,4.55,2232,4.27,25,0.06,,,,,,0,0
694.76,289595,17900,22,504,16,1.36,1,4.55,2232,4.27,335,0.93,,,,,,0,0
696.2,290099,17924,22,504,24,1.44,1,4.55,2232,4.27,55,0.16,,,,,,0,0
697.5,290601,17948,22,502,24,1.3,1,4.55,2232,4.27,240,0.64,,,,,,0,0
698.79,291103,17980,22,502,32,1.29,1,4.55,2232,4.27,90,0.25,,,,,,0,0
700.07,291606,18020,22,503,40,1.28,1,4.55,2232,4.27,10,0.02,,,,,,0,0
701.31,292107,18032,22,501,12,1.24,1,4.55,2232,4.27,95,0.21,,,,,,0,0
702.45,292608,18064,22,501,32,1.15,1,4.55,2232,4.27,40,0.08,,,,,,0,0
703.66,293108,18096,22,500,32,1.21,1,4.55,2232,4.27,70,0.14,,,,,,0,0
704.94,293610,18124,22,502,28,1.27,1,4.55,2232,4.27,95,0.23,,,,,,0,0
706.08,294112,18140,22,502,16,1.14,1,4.55,2232,4.27,60,0.15,,,,,,0,0
707.35,294616,18152,22,504,12,1.27,1,4.55,2232,4.27,50,0.12,,,,,,0,0
708.46,295119,18180,22,503,28,1.11,1,4.55,2232,4.27,80,0.17,,,,,,0,0
709.6,295619,18196,22,500,16,1.14,1,4.55,2232,4.27,10,0.02,,,,,,0,0
710.9,296120,18224,22,501,28,1.3,1,4.55,2232,4.27,10,0.03,,,,,,0,0
712.1,296621,18252,22,501,28,1.2,1,4.55,2232,4.27,10,0.03,,,,,,0,0
713.29,297122,18284,22,501,32,1.19,1,4.55,2232,4.27,30,0.08,,,,,,0,0
714.52,297623,18304,22,501,20,1.24,1,4.55,2232,4.27,20,0.05,,,,,,0,0
715.8,298126,18332,22,503,28,1.27,1,4.55,2232,4.27,65,0.19,,,,,,0,0
717.02,298627,18356,22,501,24,1.23,1,4.55,2232,4.27,40,0.08,,,,,,0,0
718.17,299127,18380,22,500,24,1.14,1,4.55,2232,4.27,45,0.12,,,,,,0,0
719.38,299628,18404,22,501,24,1.21,1,4.55,2232,4.27,65,0.14,,,,,,0,0
720.57,300129,18424,22,501,20,1.2,1,4.55,2232,4.27,135,0.33,,,,,,0,0
721.72,300633,18448,22,504,24,1.14,1,4.55,2232,4.27,65,0.13,,,,,,0,0
722.89,301136,18472,22,503,24,1.18,1,4.55,2232,4.27,40,0.1,,,,,,0,0
724.06,301636,18496,22,500,24,1.17,1,4.55,2232,4.27,145,0.41,,,,,,0,0
725.24,302139,18532,22,503,36,1.18,1,4.55,2232,4.27,40,0.09,,,,,,0,0
726.4,302639,18552,22,500,20,1.16,1,4.55,2232,4.27,155,0.36,,,,,,0,0
727.63,303139,18568,22,500,16,1.24,1,4.55,2232,4.27,55,0.13,,,,,,0,0
728.83,303641,18612,22,502,44,1.2,1,4.55,2232,4.27,5,0.01,,,,,,0,0
730.14,304141,18632,22,500,20,1.31,1,4.55,2232,4.27,30,0.08,,,,,,0,0
731.42,304643,18652,22,502,20,1.28,1,4.55,2232,4.27,95,0.25,,,,,,0,0
732.7,305145,18660,22,502,8,1.28,1,4.55,2232,4.27,60,0.16,,,,,,0,0
734.02,305645,18672,22,500,12,1.32,1,4.55,2232,4.27,95,0.21,,,,,,0,0
735.36,306145,18700,22,500,28,1.35,1,4.55,2232,4.27,170,0.48,,,,,,0,0
736.69,306646,18716,22,501,16,1.33,1,4.55,2232,4.27,70,0.17,,,,,,0,0
737.91,307147,18756,22,501,40,1.21,1,4.55,2232,4.27,5,0,,,,,,0,0
739.08,307649,18784,22,502,28,1.17,1,4.55,2232,4.27,20,0.04,,,,,,0,0
740.15,308149,18804,22,500,20,1.08,1,4.55,2232,4.27,0,0,,,,,,0,0
741.39,308653,18812,22,504,8,1.23,1,4.55,2232,4.27,130,0.31,,,,,,0,0
742.61,309153,18828,22,500,16,1.22,1,4.55,2232,4.27,40,0.11,,,,,,0,0
743.83,309653,18848,22,500,20,1.23,1,4.55,2232,4.27,180,0.43,,,,,,0,0
745.07,310153,18860,22,500,12,1.23,1,4.55,2232,4.27,80,0.2,,,,,,0,0
746.51,310653,18880,22,500,20,1.45,1,4.55,2232,4.27,110,0.3,,,,,,0,0
747.8,311154,18884,22,501,4,1.29,1,4.55,2232,4.27,195,0.54,,,,,,0,0
749.09,311656,18908,22,502,24,1.29,1,4.55,2232,4.27,105,0.23,,,,,,0,0
750.26,312157,18940,22,501,32,1.17,1,4.55,2232,4.27,10,0.03,,,,,,0,0
751.47,312658,18944,22,501,4,1.21,1,4.55,2232,4.27,80,0.18,,,,,,0,0
752.73,313159,18980,22,501,36,1.27,1,4.55,2232,4.27,50,0.14,,,,,,0,0
753.94,313659,19000,22,500,20,1.21,1,4.55,2232,4.27,125,0.28,,,,,,0,0
755.27,314159,19024,22,500,24,1.33,1,4.55,2232,4.27,175,0.49,,,,,,0,0
756.39,314660,19048,22,501,24,1.11,1,4.55,2232,4.27,90,0.18,,,,,,0,0
757.49,315162,19064,22,502,16,1.11,1,4.55,2232,4.27,130,0.29,,,,,,0,0
758.69,315663,19088,22,501,24,1.2,1,4.55,2232,4.27,25,0.06,,,,,,0,0
759.87,316164,19120,22,501,32,1.18,1,4.55,2232,4.27,115,0.3,,,,,,0,0
761.14,316665,19172,22,501,52,1.27,1,4.55,2232,4.27,210,0.53,,,,,,0,0
762.33,317167,19196,22,502,24,1.19,1,4.55,2232,4.27,15,0.04,,,,,,0,0
763.62,317668,19252,22,501,56,1.29,1,4.55,2232,4.27,90,0.23,,,,,,0,0
764.77,318172,19264,22,504,12,1.14,1,4.55,2232,4.27,160,0.37,,,,,,0,0
765.94,318674,19276,22,502,12,1.17,1,4.55,2232,4.27,205,0.47,,,,,,0,0
767.12,319177,19300,22,503,24,1.17,1,4.55,2232,4.27,70,0.18,,,,,,0,0
768.49,319681,19328,22,504,28,1.38,1,4.55,2232,4.27,20,0.05,,,,,,0,0
769.72,320183,19348,22,502,20,1.23,1,4.55,2232,4.27,115,0.3,,,,,,0,0
770.99,320687,19380,22,504,32,1.27,1,4.55,2232,4.27,55,0.14,,,,,,0,0
772.44,321190,19396,22,503,16,1.45,1,4.55,2232,4.27,5,0.02,,,,,,0,0
773.62,321690,19416,22,500,20,1.18,1,4.55,2232,4.27,155,0.38,,,,,,0,0
774.76,322192,19448,22,502,32,1.14,1,4.55,2232,4.27,40,0.09,,,,,,0,0
775.93,322696,19504,22,504,56,1.17,1,4.55,2232,4.27,35,0.09,,,,,,0,0
777.22,323199,19544,22,503,40,1.29,1,4.55,2232,4.27,20,0.05,,,,,,0,0
778.58,323701,19568,22,502,24,1.36,1,4.55,2232,4.27,20,0.05,,,,,,0,0
779.67,324201,19576,22,500,8,1.09,1,4.55,2232,4.27,120,0.31,,,,,,0,0
780.98,324705,19592,22,504,16,1.31,1,4.55,2232,4.27,120,0.31,,,,,,0,0
782.22,325206,19608,22,501,16,1.24,1,4.55,2232,4.27,40,0.09,,,,,,0,0
783.33,325710,19624,22,504,16,1.11,1,4.55,2232,4.27,5,0.01,,,,,,0,0
784.51,326214,19640,22,504,16,1.18,1,4.55,2232,4.27,135,0.37,,,,,,0,0
785.6,326717,19664,22,503,24,1.09,1,4.55,2232,4.27,5,0.01,,,,,,0,0
786.64,327219,19692,22,502,28,1.04,1,4.55,2232,4.27,15,0.03,,,,,,0,0
787.93,327722,19724,22,503,32,1.29,1,4.55,2232,4.27,70,0.16,,,,,,0,0
789.06,328225,19728,22,503,4,1.13,1,4.55,2232,4.27,405,0.91,,,,,,0,0
790.2,328726,19748,22,501,20,1.13,1,4.55,2232,4.27,50,0.12,,,,,,0,0
791.49,329230,19776,22,504,28,1.3,1,4.55,2232,4.27,155,0.42,,,,,,0,0
792.68,329732,19784,22,502,8,1.19,1,4.55,2232,4.27,75,0.16,,,,,,0,0
793.9,330236,19812,22,504,28,1.22,1,4.55,2232,4.27,25,0.07,,,,,,0,0
795.2,330736,19844,22,500,32,1.3,1,4.55,2232,4.27,30,0.07,,,,,,0,0
796.5,331237,19880,22,501,36,1.3,1,4.55,2232,4.27,50,0.13,,,,,,0,0
797.72,331741,19908,22,504,28,1.22,1,4.55,2232,4.27,155,0.36,,,,,,0,0
798.87,332243,19924,22,502,16,1.15,1,4.55,2232,4.27,290,0.69,,,,,,0,0
800.04,332747,19948,22,504,24,1.17,1,4.55,2232,4.27,80,0.17,,,,,,0,0
801.27,333249,19972,22,502,24,1.23,1,4.55,2232,4.27,25,0.07,,,,,,0,0
802.52,333753,19984,22,504,12,1.25,1,4.55,2232,4.27,285,0.68,,,,,,0,0
803.75,334255,19992,22,502,8,1.23,1,4.55,2232,4.27,55,0.13,,,,,,0,0
804.97,334755,20024,22,500,32,1.22,1,4.55,2232,4.27,5,0.01,,,,,,0,0
806.15,335258,20036,22,503,12,1.18,1,4.55,2232,4.27,5,0.01,,,,,,0,0
807.33,335760,20056,22,502,20,1.18,1,4.55,2232,4.27,75,0.19,,,,,,0,0
808.67,336261,20080,22,501,24,1.34,1,4.55,2232,4.27,65,0.18,,,,,,0,0
809.88,336765,20116,22,504,36,1.21,1,4.55,2232,4.27,30,0.08,,,,,,0,0
811.18,337269,20140,22,504,24,1.3,1,4.55,2232,4.27,135,0.3,,,,,,0,0
812.58,337772,20192,22,503,52,1.4,1,4.55,2232,4.27,5,0.02,,,,,,0,0
813.92,338275,20224,22,503,32,1.34,1,4.55,2232,4.27,35,0.07,,,,,,0,0
815.25,338776,20244,22,501,20,1.33,1,4.55,2232,4.27,10,0.03,,,,,,0,0
816.58,339278,20260,22,502,16,1.34,1,4.55,2232,4.27,5,0.02,,,,,,0,0
818.06,339780,20280,22,502,20,1.48,1,4.55,2232,4.27,40,0.12,,,,,,0,0
819.31,340281,20296,22,501,16,1.24,1,4.55,2232,4.27,50,0.12,,,,,,0,0
820.5,340785,20316,22,504,20,1.19,1,4.55,2232,4.27,90,0.19,,,,,,0,0
821.65,341289,20348,22,504,32,1.15,1,4.55,2232,4.27,75,0.18,,,,,,0,0
822.93,341790,20380,22,501,32,1.28,1,4.55,2232,4.27,70,0.17,,,,,,0,0
824.28,342291,20424,22,501,44,1.35,1,4.55,2232,4.27,35,0.12,,,,,,0,0
825.48,342793,20440,22,502,16,1.2,1,4.55,2232,4.27,45,0.08,,,,,,0,0
826.85,343293,20460,22,500,20,1.37,1,4.55,2232,4.27,115,0.29,,,,,,0,0
828.01,343794,20484,22,501,24,1.16,1,4.55,2232,4.27,70,0.15,,,,,,0,0
829.15,344295,20504,22,501,20,1.13,1,4.55,2232,4.27,310,0.71,,,,,,0,0
830.36,344799,20528,22,504,24,1.22,1,4.55,2232,4.27,80,0.21,,,,,,0,0
831.46,345299,20564,22,500,36,1.1,1,4.55,2232,4.27,100,0.21,,,,,,0,0
832.72,345799,20576,22,500,12,1.26,1,4.55,2232,4.27,130,0.34,,,,,,0,0
833.87,346301,20604,22,502,28,1.14,1,4.55,2232,4.27,140,0.31,,,,,,0,0
835.14,346802,20620,22,501,16,1.27,1,4.55,2232,4.27,65,0.16,,,,,,0,0
836.25,347306,20644,22,504,24,1.11,1,4.55,2232,4.27,195,0.39,,,,,,0,0
837.41,347806,20664,22,500,20,1.16,1,4.55,2232,4.27,65,0.19,,,,,,0,0
838.62,348308,20692,22,502,28,1.21,1,4.55,2232,4.27,65,0.18,,,,,,0,0
839.78,348808,20716,22,500,24,1.15,1,4.55,2232,4.27,15,0.02,,,,,,0,0
841.04,349309,20764,22,501,48,1.26,1,4.55,2232,4.27,10,0.04,,,,,,0,0
842.17,349812,20800,22,503,36,1.14,1,4.55,2232,4.27,25,0.05,,,,,,0,0
843.35,350315,20824,22,503,24,1.18,1,4.55,2232,4.27,100,0.22,,,,,,0,0
844.59,350818,20836,22,503,12,1.23,1,4.55,2232,4.27,65,0.18,,,,,,0,0
845.7,351319,20860,22,501,24,1.11,1,4.55,2232,4.27,45,0.09,,,,,,0,0
846.91,351819,20892,22,500,32,1.21,1,4.55,2232,4.27,0,0,,,,,,0,0
848.14,352319,20916,22,500,24,1.23,1,4.55,2232,4.27,45,0.12,,,,,,0,0
849.3,352823,20952,22,504,36,1.16,1,4.55,2232,4.27,70,0.16,,,,,,0,0
850.49,353325,20996,22,502,44,1.19,1,4.55,2232,4.27,95,0.22,,,,,,0,0
851.76,353825,21024,22,500,28,1.27,1,4.55,2232,4.27,15,0.03,,,,,,0,0
853.01,354328,21052,22,503,28,1.26,1,4.55,2232,4.27,25,0.06,,,,,,0,0
854.2,354832,21068,22,504,16,1.19,1,4.55,2232,4.27,45,0.12,,,,,,0,0
855.63,355332,21116,22,500,48,1.43,1,4.55,2232,4.27,135,0.37,,,,,,0,0
856.8,355835,21120,22,503,4,1.17,1,4.55,2232,4.27,270,0.63,,,,,,0,0
858.02,356339,21144,22,504,24,1.21,1,4.55,2232,4.27,50,0.11,,,,,,0,0
859.27,356841,21180,22,502,36,1.25,1,4.55,2232,4.27,100,0.24,,,,,,0,0
860.43,357341,21200,22,500,20,1.16,1,4.55,2232,4.27,90,0.23,,,,,,0,0
861.84,357842,21228,22,501,28,1.41,1,4.55,2232,4.27,125,0.35,,,,,,0,0
863.12,358344,21260,22,502,32,1.27,1,4.55,2232,4.27,10,0.03,,,,,,0,0
864.33,358848,21276,22,504,16,1.22,1,4.55,2232,4.27,110,0.26,,,,,,0,0
865.43,359348,21312,22,500,36,1.09,1,4.55,2232,4.27,25,0.06,,,,,,0,0
866.64,359850,21336,22,502,24,1.21,1,4.55,2232,4.27,20,0.05,,,,,,0,0
867.85,360350,21360,22,500,24,1.21,1,4.55,2232,4.27,80,0.2,,,,,,0,0
869.11,360851,21400,22,501,40,1.26,1,4.55,2232,4.27,90,0.22,,,,,,0,0
870.28,361352,21420,22,501,20,1.17,1,4.55,2232,4.27,45,0.09,,,,,,0,0
871.35,361856,21436,22,504,16,1.07,1,4.55,2232,4.27,100,0.22,,,,,,0,0
872.61,362357,21468,22,501,32,1.26,1,4.55,2232,4.27,80,0.19,,,,,,0,0
873.75,362859,21492,22,502,24,1.14,1,4.55,2232,4.27,35,0.07,,,,,,0,0
875.03,363362,21504,22,503,12,1.28,1,4.55,2232,4.27,130,0.35,,,,,,0,0
876.28,363865,21540,22,503,36,1.25,1,4.55,2232,4.27,110,0.26,,,,,,0,0
877.43,364368,21576,22,503,36,1.16,1,4.55,2232,4.27,25,0.06,,,,,,0,0
878.58,364868,21604,22,500,28,1.15,1,4.55,2232,4.27,95,0.22,,,,,,0,0
879.8,365371,21636,22,503,32,1.22,1,4.55,2232,4.27,5,0.01,,,,,,0,0
881.06,365874,21660,22,503,24,1.26,1,4.55,2232,4.27,55,0.17,,,,,,0,0
882.36,366376,21680,22,502,20,1.3,1,4.55,2232,4.27,140,0.31,,,,,,0,0
883.53,366880,21700,22,504,20,1.18,1,4.55,2232,4.27,135,0.3,,,,,,0,0
884.74,367381,21736,22,501,36,1.2,1,4.55,2232,4.27,95,0.28,,,,,,0,0
885.92,367885,21764,22,504,28,1.18,1,4.55,2232,4.27,245,0.59,,,,,,0,0
887.12,368389,21792,22,504,28,1.2,1,4.55,2232,4.27,95,0.25,,,,,,0,0
888.31,368890,21808,22,501,16,1.19,1,4.55,2232,4.27,200,0.46,,,,,,0,0
889.5,369394,21832,22,504,24,1.18,1,4.55,2232,4.27,35,0.08,,,,,,0,0
890.7,369895,21860,22,501,28,1.2,1,4.55,2232,4.27,70,0.17,,,,,,0,0
891.94,370397,21888,22,502,28,1.24,1,4.55,2232,4.27,25,0.06,,,,,,0,0
893.37,370900,21900,22,503,12,1.44,1,4.55,2232,4.27,315,0.93,,,,,,0,0
894.66,371402,21924,22,502,24,1.29,1,4.55,2232,4.27,60,0.18,,,,,,0,0
895.95,371902,21960,22,500,36,1.28,1,4.55,2232,4.27,80,0.2,,,,,,0,0
897.31,372405,21980,22,503,20,1.36,1,4.55,2232,4.27,45,0.11,,,,,,0,0
898.54,372907,21988,22,502,8,1.23,1,4.55,2232,4.27,255,0.64,,,,,,0,0
899.72,373409,22012,22,502,24,1.18,1,4.55,2232,4.27,195,0.46,,,,,,0,0
900.83,373909,22040,22,500,28,1.11,1,4.55,2232,4.27,15,0.03,,,,,,0,0
901.98,374413,22068,22,504,28,1.16,1,4.55,2232,4.27,55,0.13,,,,,,0,0
903.16,374915,22084,22,502,16,1.17,1,4.55,2232,4.27,190,0.44,,,,,,0,0
904.33,375417,22116,22,502,32,1.17,1,4.55,2232,4.27,45,0.09,,,,,,0,0
905.59,375919,22120,22,502,4,1.27,1,4.55,2232,4.27,115,0.29,,,,,,0,0
906.77,376423,22164,22,504,44,1.18,1,4.55,2232,4.27,5,0.01,,,,,,0,0
908.02,376924,22184,22,501,20,1.25,1,4.55,2232,4.27,120,0.3,,,,,,0,0
909.08,377424,22200,22,500,16,1.06,1,4.55,2232,4.27,55,0.13,,,,,,0,0
910.35,377928,22232,22,504,32,1.26,1,4.55,2232,4.27,90,0.26,,,,,,0,0
911.63,378431,22252,22,503,20,1.28,1,4.55,2232,4.27,75,0.16,,,,,,0,0
912.87,378932,22268,22,501,16,1.24,1,4.55,2232,4.27,35,0.09,,,,,,0,0
914.16,379433,22280,22,501,12,1.29,1,4.55,2232,4.27,310,0.83,,,,,,0,0
915.4,379937,22312,22,504,32,1.23,1,4.55,2232,4.27,80,0.21,,,,,,0,0
916.57,380439,22336,22,502,24,1.18,1,4.55,2232,4.27,90,0.2,,,,,,0,0
918,380939,22364,22,500,28,1.43,1,4.55,2232,4.27,55,0.16,,,,,,0,0
919.37,381442,22384,22,503,20,1.37,1,4.55,2232,4.27,135,0.34,,,,,,0,0
920.74,381945,22396,22,503,12,1.36,1,4.55,2232,4.27,210,0.52,,,,,,0,0
921.93,382449,22412,22,504,16,1.19,1,4.55,2232,4.27,10,0.02,,,,,,0,0
923.23,382952,22428,22,503,16,1.3,1,4.55,2232,4.27,100,0.29,,,,,,0,0
924.5,383452,22448,22,500,20,1.28,1,4.55,2232,4.27,35,0.09,,,,,,0,0
925.67,383953,22484,22,501,36,1.17,1,4.55,2232,4.27,110,0.27,,,,,,0,0
926.85,384455,22512,22,502,28,1.18,1,4.55,2232,4.27,45,0.12,,,,,,0,0
928.18,384955,22544,22,500,32,1.34,1,4.55,2232,4.27,40,0.11,,,,,,0,0
929.34,385459,22560,22,504,16,1.16,1,4.55,2232,4.27,330,0.71,,,,,,0,0
930.47,385960,22596,22,501,36,1.13,1,4.55,2232,4.27,95,0.25,,,,,,0,0
931.72,386462,22616,22,502,20,1.26,1,4.55,2232,4.27,65,0.14,,,,,,0,0
932.96,386962,22656,22,500,40,1.24,1,4.55,2232,4.27,50,0.11,,,,,,0,0
934.39,387466,22668,22,504,12,1.43,1,4.55,2232,4.27,10,0.02,,,,,,0,0
935.66,387966,22688,22,500,20,1.27,1,4.55,2232,4.27,70,0.17,,,,,,0,0
936.9,388469,22724,22,503,36,1.23,1,4.55,2232,4.27,75,0.19,,,,,,0,0
938.23,388973,22752,22,504,28,1.33,1,4.55,2232,4.27,90,0.21,,,,,,0,0
939.43,389476,22760,22,503,8,1.21,1,4.55,2232,4.27,80,0.22,,,,,,0,0
940.8,389976,22792,22,500,32,1.37,1,4.55,2232,4.27,20,0.04,,,,,,0,0
941.99,390478,22832,22,502,40,1.19,1,4.55,2232,4.27,60,0.14,,,,,,0,0
943.28,390981,22852,22,503,20,1.29,1,4.55,2232,4.27,95,0.23,,,,,,0,0
944.58,391484,22872,22,503,20,1.3,1,4.55,2232,4.27,75,0.2,,,,,,0,0
945.88,391984,22876,22,500,4,1.3,1,4.55,2232,4.27,80,0.21,,,,,,0,0
947.16,392488,22892,22,504,16,1.28,1,4.55,2232,4.27,65,0.16,,,,,,0,0
948.46,392990,22912,22,502,20,1.31,1,4.55,2232,4.27,100,0.24,,,,,,0,0
949.79,393491,22940,22,501,28,1.33,1,4.55,2232,4.27,130,0.39,,,,,,0,0
951.13,393993,22960,22,502,20,1.33,1,4.55,2232,4.27,205,0.5,,,,,,0,0
952.34,394497,22976,22,504,16,1.22,1,4.55,2232,4.27,70,0.18,,,,,,0,0
953.67,395000,23004,22,503,28,1.33,1,4.55,2232,4.27,45,0.12,,,,,,0,0
954.86,395501,23048,22,501,44,1.19,1,4.55,2232,4.27,55,0.13,,,,,,0,0
956.12,396002,23084,22,501,36,1.26,1,4.55,2232,4.27,15,0.04,,,,,,0,0
957.31,396504,23112,22,502,28,1.19,1,4.55,2232,4.27,20,0.05,,,,,,0,0
958.6,397008,23128,22,504,16,1.29,1,4.55,2232,4.27,45,0.11,,,,,,0,0
959.86,397512,23156,22,504,28,1.26,1,4.55,2232,4.27,30,0.08,,,,,,0,0
961.08,398012,23184,22,500,28,1.22,1,4.55,2232,4.27,30,0.06,,,,,,0,0
962.24,398513,23208,22,501,24,1.16,1,4.55,2232,4.27,165,0.38,,,,,,0,0
963.48,399013,23224,22,500,16,1.24,1,4.55,2232,4.27,360,0.86,,,,,,0,0
964.59,399514,23244,22,501,20,1.11,1,4.55,2232,4.27,95,0.21,,,,,,0,0
965.73,400016,23276,22,502,32,1.15,1,4.55,2232,4.27,70,0.17,,,,,,0,0
966.96,400520,23312,22,504,36,1.22,1,4.55,2232,4.27,145,0.37,,,,,,0,0
968.17,401024,23328,22,504,16,1.21,1,4.55,2232,4.27,0,0,,,,,,0,0
969.37,401526,23340,22,502,12,1.2,1,4.55,2232,4.27,60,0.14,,,,,,0,0
970.61,402028,23372,22,502,32,1.24,1,4.55,2232,4.27,45,0.1,,,,,,0,0
971.87,402531,23392,22,503,20,1.26,1,4.55,2232,4.27,115,0.27,,,,,,0,0
973.09,403034,23416,22,503,24,1.22,1,4.55,2232,4.27,110,0.24,,,,,,0,0
974.42,403536,23456,22,502,40,1.33,1,4.55,2232,4.27,5,0.02,,,,,,0,0
975.73,404038,23476,22,502,20,1.31,1,4.55,2232,4.27,80,0.2,,,,,,0,0
976.97,404540,23500,22,502,24,1.24,1,4.55,2232,4.27,190,0.45,,,,,,0,0
978.09,405040,23528,22,500,28,1.12,1,4.55,2232,4.27,25,0.06,,,,,,0,0
979.28,405544,23552,22,504,24,1.18,1,4.55,2232,4.27,95,0.21,,,,,,0,0
980.4,406044,23580,22,500,28,1.12,1,4.55,2232,4.27,30,0.07,,,,,,0,0
981.69,406548,23616,22,504,36,1.29,1,4.55,2232,4.27,20,0.05,,,,,,0,0
982.89,407048,23632,22,500,16,1.2,1,4.55,2232,4.27,85,0.18,,,,,,0,0
984.13,407550,23656,22,502,24,1.24,1,4.55,2232,4.27,70,0.16,,,,,,0,0
985.43,408054,23680,22,504,24,1.3,1,4.55,2232,4.27,180,0.44,,,,,,0,0
986.75,408556,23704,22,502,24,1.32,1,4.55,2232,4.27,85,0.18,,,,,,0,0
987.94,409058,23728,22,502,24,1.19,1,4.55,2232,4.27,150,0.35,,,,,,0,0
989.2,409561,23748,22,503,20,1.26,1,4.55,2232,4.27,175,0.43,,,,,,0,0
990.42,410062,23768,22,501,20,1.22,1,4.55,2232,4.27,5,0.01,,,,,,0,0
991.59,410563,23788,22,501,20,1.17,1,4.55,2232,4.27,0,0,,,,,,0,0
992.81,411063,23816,22,500,28,1.22,1,4.55,2232,4.27,5,0.01,,,,,,0,0
994.07,411563,23832,22,500,16,1.26,1,4.55,2232,4.27,50,0.12,,,,,,0,0
995.5,412064,23856,22,501,24,1.43,1,4.55,2232,4.27,40,0.11,,,,,,0,0
996.81,412566,23888,22,502,32,1.31,1,4.55,2232,4.27,70,0.17,,,,,,0,0
998.02,413066,23916,22,500,28,1.21,1,4.55,2232,4.27,80,0.21,,,,,,0,0
999.28,413567,23944,22,501,28,1.26,1,4.55,2232,4.27,115,0.29,,,,,,0,0
1000.41,414069,23976,22,502,32,1.13,1,4.55,2232,4.27,5,0.02,,,,,,0,0
1001.62,414572,24004,22,503,28,1.21,1,4.55,2232,4.27,15,0.03,,,,,,0,0
1002.78,415076,24036,22,504,32,1.16,1,4.55,2232,4.27,15,0.04,,,,,,0,0
1003.94,415580,24060,22,504,24,1.17,1,4.55,2232,4.27,30,0.08,,,,,,0,0
1005.18,416082,24084,22,502,24,1.23,1,4.55,2232,4.27,105,0.26,,,,,,0,0
1006.38,416584,24104,22,502,20,1.2,1,4.55,2232,4.27,5,0.01,,,,,,0,0
1007.61,417087,24144,22,503,40,1.23,1,4.55,2232,4.27,60,0.15,,,,,,0,0
1008.78,417588,24168,22,501,24,1.18,1,4.55,2232,4.27,40,0.11,,,,,,0,0
1010.02,418088,24180,22,500,12,1.24,1,4.55,2232,4.27,40,0.1,,,,,,0,0
1011.26,418590,24216,22,502,36,1.24,1,4.55,2232,4.27,35,0.1,,,,,,0,0
1012.48,419090,24248,22,500,32,1.22,1,4.55,2232,4.27,105,0.22,,,,,,0,0
1013.77,419591,24276,22,501,28,1.29,1,4.55,2232,4.27,175,0.51,,,,,,0,0
1015.14,420094,24300,22,503,24,1.37,1,4.55,2232,4.27,20,0.05,,,,,,0,0
1016.48,420594,24316,22,500,16,1.34,1,4.55,2232,4.27,310,0.85,,,,,,0,0
1017.85,421095,24336,22,501,20,1.37,1,4.55,2232,4.27,205,0.56,,,,,,0,0
1018.94,421595,24364,22,500,28,1.09,1,4.55,2232,4.27,120,0.3,,,,,,0,0
1020.21,422099,24392,22,504,28,1.26,1,4.55,2232,4.27,60,0.17,,,,,,0,0
1021.51,422601,24428,22,502,36,1.3,1,4.55,2232,4.27,15,0.03,,,,,,0,0
1022.74,423102,24456,22,501,28,1.23,1,4.55,2232,4.27,15,0.05,,,,,,0,0
1023.86,423605,24484,22,503,28,1.12,1,4.55,2232,4.27,40,0.09,,,,,,0,0
1025.04,424109,24496,22,504,12,1.18,1,4.55,2232,4.27,95,0.22,,,,,,0,0
1026.32,424613,24520,22,504,24,1.28,1,4.55,2232,4.27,140,0.33,,,,,,0,0
1027.46,425115,24540,22,502,20,1.14,1,4.55,2232,4.27,75,0.17,,,,,,0,0
1028.74,425615,24556,22,500,16,1.28,1,4.55,2232,4.27,120,0.29,,,,,,0,0
1030.04,426115,24564,22,500,8,1.3,1,4.55,2232,4.27,170,0.46,,,,,,0,0
1031.24,426619,24576,22,504,12,1.2,1,4.55,2232,4.27,35,0.06,,,,,,0,0
1032.35,427122,24600,22,503,24,1.11,1,4.55,2232,4.27,85,0.19,,,,,,0,0
1033.52,427622,24636,22,500,36,1.17,1,4.55,2232,4.27,20,0.05,,,,,,0,0
1034.77,428126,24664,22,504,28,1.25,1,4.55,2232,4.27,5,0.02,,,,,,0,0
1036.02,428628,24688,22,502,24,1.25,1,4.55,2232,4.27,15,0.04,,,,,,0,0
1037.12,429129,24704,22,501,16,1.1,1,4.55,2232,4.27,25,0.06,,,,,,0,0
1038.25,429633,24724,22,504,20,1.12,1,4.55,2232,4.27,180,0.4,,,,,,0,0
1039.63,430137,24748,22,504,24,1.38,1,4.55,2232,4.27,95,0.39,,,,,,0,0
1040.83,430639,24784,22,502,36,1.2,1,4.55,2232,4.27,20,0.04,,,,,,0,0
1041.93,431140,24800,22,501,16,1.1,1,4.55,2232,4.27,45,0.12,,,,,,0,0
1043.06,431641,24816,22,501,16,1.13,1,4.55,2232,4.27,45,0.11,,,,,,0,0
1044.22,432144,24844,22,503,28,1.16,1,4.55,2232,4.27,55,0.11,,,,,,0,0
1045.41,432648,24868,22,504,24,1.19,1,4.55,2232,4.27,10,0.03,,,,,,0,0
1046.69,433148,24904,22,500,36,1.28,1,4.55,2232,4.27,95,0.26,,,,,,0,0
1047.98,433649,24936,22,501,32,1.28,1,4.55,2232,4.27,75,0.22,,,,,,0,0
1049.15,434150,24948,22,501,12,1.17,1,4.55,2232,4.27,85,0.18,,,,,,0,0
1050.55,434653,25012,22,503,64,1.4,1,4.55,2232,4.27,95,0.25,,,,,,0,0
1051.74,435153,25048,22,500,36,1.19,1,4.55,2232,4.27,50,0.1,,,,,,0,0
1053.04,435653,25084,22,500,36,1.3,1,4.55,2232,4.27,10,0.02,,,,,,0,0
1054.32,436155,25104,22,502,20,1.28,1,4.55,2232,4.27,85,0.24,,,,,,0,0
1055.53,436656,25120,22,501,16,1.21,1,4.55,2232,4.27,155,0.38,,,,,,0,0
1056.79,437159,25152,22,503,32,1.26,1,4.55,2232,4.27,5,0.01,,,,,,0,0
1058.07,437663,25196,22,504,44,1.28,1,4.55,2232,4.27,80,0.2,,,,,,0,0
1059.36,438166,25228,22,503,32,1.29,1,4.55,2232,4.27,40,0.1,,,,,,0,0
1060.64,438670,25260,22,504,32,1.28,1,4.55,2232,4.27,60,0.14,,,,,,0,0
1061.79,439171,25280,22,501,20,1.15,1,4.55,2232,4.27,45,0.1,,,,,,0,0
1063.07,439673,25300,22,502,20,1.28,1,4.55,2232,4.27,240,0.64,,,,,,0,0
1064.13,440175,25332,22,502,32,1.06,1,4.55,2232,4.27,75,0.16,,,,,,0,0
1065.23,440679,25344,22,504,12,1.09,1,4.55,2232,4.27,180,0.36,,,,,,0,0
1066.42,441181,25372,22,502,28,1.2,1,4.55,2232,4.27,35,0.08,,,,,,0,0
1067.61,441681,25400,22,500,28,1.19,1,4.55,2232,4.27,25,0.06,,,,,,0,0
1068.75,442181,25416,22,500,16,1.13,1,4.55,2232,4.27,75,0.16,,,,,,0,0
1069.92,442683,25436,22,502,20,1.17,1,4.55,2232,4.27,135,0.35,,,,,,0,0
1071.09,443184,25460,22,501,24,1.17,1,4.55,2232,4.27,20,0.05,,,,,,0,0
1072.31,443686,25484,22,502,24,1.22,1,4.55,2232,4.27,70,0.17,,,,,,0,0
1073.44,444190,25500,22,504,16,1.13,1,4.55,2232,4.27,25,0.07,,,,,,0,0
1074.71,444691,25520,22,501,20,1.27,1,4.55,2232,4.27,15,0.05,,,,,,0,0
1075.9,445193,25540,22,502,20,1.19,1,4.55,2232,4.27,25,0.06,,,,,,0,0
1077.22,445695,25568,22,502,28,1.31,1,4.55,2232,4.27,95,0.25,,,,,,0,0
1078.49,446196,25604,22,501,36,1.27,1,4.55,2232,4.27,35,0.09,,,,,,0,0
1079.63,446697,25624,22,501,20,1.14,1,4.55,2232,4.27,50,0.12,,,,,,0,0
1080.75,447197,25668,22,500,44,1.12,1,4.55,2232,4.27,70,0.15,,,,,,0,0
1081.89,447700,25680,22,503,12,1.14,1,4.55,2232,4.27,185,0.43,,,,,,0,0
1082.96,448204,25716,22,504,36,1.07,1,4.55,2232,4.27,130,0.26,,,,,,0,0
1084.09,448708,25724,22,504,8,1.13,1,4.55,2232,4.27,85,0.19,,,,,,0,0
1085.37,449212,25756,22,504,32,1.28,1,4.55,2232,4.27,30,0.08,,,,,,0,0
1086.52,449713,25784,22,501,28,1.15,1,4.55,2232,4.27,55,0.13,,,,,,0,0
1087.8,450216,25796,22,503,12,1.28,1,4.55,2232,4.27,190,0.46,,,,,,0,0
1088.9,450720,25832,22,504,36,1.1,1,4.55,2232,4.27,35,0.06,,,,,,0,0
1089.93,451223,25840,22,503,8,1.03,1,4.55,2232,4.27,25,0.05,,,,,,0,0
1091.34,451724,25868,22,501,28,1.41,1,4.55,2232,4.27,130,0.43,,,,,,0,0
1092.55,452224,25904,22,500,36,1.21,1,4.55,2232,4.27,40,0.11,,,,,,0,0
1093.9,452727,25936,22,503,32,1.35,1,4.55,2232,4.27,105,0.27,,,,,,0,0
1094.97,453228,25952,22,501,16,1.07,1,4.55,2232,4.27,65,0.14,,,,,,0,0
1096.25,453728,25988,22,500,36,1.28,1,4.55,2232,4.27,60,0.14,,,,,,0,0
1097.39,454232,26004,22,504,16,1.14,1,4.55,2232,4.27,135,0.32,,,,,,0,0
1098.81,454732,26036,22,500,32,1.42,1,4.55,2232,4.27,95,0.26,,,,,,0,0
1100.01,455235,26068,22,503,32,1.2,1,4.55,2232,4.27,30,0.06,,,,,,0,0
1101.29,455738,26088,22,503,20,1.28,1,4.55,2232,4.27,160,0.41,,,,,,0,0
1102.39,456238,26124,22,500,36,1.1,1,4.55,2232,4.27,90,0.17,,,,,,0,0
1103.64,456741,26160,22,503,36,1.25,1,4.55,2232,4.27,20,0.05,,,,,,0,0
1104.94,457245,26184,22,504,24,1.3,1,4.55,2232,4.27,30,0.08,,,,,,0,0
1106.27,457748,26208,22,503,24,1.33,1,4.55,2232,4.27,5,0.01,,,,,,0,0
1107.52,458248,26232,22,500,24,1.26,1,4.55,2232,4.27,95,0.21,,,,,,0,0
1108.8,458749,26256,22,501,24,1.28,1,4.55,2232,4.27,15,0.04,,,,,,0,0
1109.88,459251,26264,22,502,8,1.09,1,4.55,2232,4.27,410,0.89,,,,,,0,0
1110.98,459754,26276,22,503,12,1.1,1,4.55,2232,4.27,90,0.22,,,,,,0,0
1112.07,460254,26292,22,500,16,1.09,1,4.55,2232,4.27,105,0.24,,,,,,0,0
1113.28,460754,26324,22,500,32,1.21,1,4.55,2232,4.27,30,0.07,,,,,,0,0
1114.48,461258,26340,22,504,16,1.2,1,4.55,2232,4.27,215,0.57,,,,,,0,0
1115.79,461761,26356,22,503,16,1.31,1,4.55,2232,4.27,95,0.27,,,,,,0,0
1117.07,462264,26384,22,503,28,1.28,1,4.55,2232,4.27,25,0.07,,,,,,0,0
1118.5,462768,26416,22,504,32,1.43,1,4.55,2232,4.27,105,0.29,,,,,,0,0
1119.88,463272,26448,22,504,32,1.38,1,4.55,2232,4.27,20,0.04,,,,,,0,0
1121.11,463773,26456,22,501,8,1.23,1,4.55,2232,4.27,180,0.46,,,,,,0,0
1122.27,464276,26464,22,503,8,1.16,1,4.55,2232,4.27,165,0.34,,,,,,0,0
1123.59,464778,26472,22,502,8,1.32,1,4.55,2232,4.27,320,0.83,,,,,,0,0
1124.88,465282,26488,22,504,16,1.29,1,4.55,2232,4.27,45,0.12,,,,,,0,0
1126.07,465782,26524,22,500,36,1.19,1,4.55,2232,4.27,30,0.07,,,,,,0,0
1127.28,466283,26564,22,501,40,1.21,1,4.55,2232,4.27,60,0.15,,,,,,0,0
1128.63,466784,26592,22,501,28,1.35,1,4.55,2232,4.27,25,0.07,,,,,,0,0
1129.79,467286,26620,22,502,28,1.17,1,4.55,2232,4.27,170,0.42,,,,,,0,0
1130.95,467786,26620,22,500,0,1.16,0,0,2232,4.27,670,1.58,,,,,,0,0
1132.12,468290,26640,22,504,20,1.17,1,4.55,2232,4.27,250,0.54,,,,,,0,0
1133.31,468793,26668,22,503,28,1.19,1,4.55,2232,4.27,125,0.3,,,,,,0,0
1134.46,469297,26712,22,504,44,1.15,1,4.55,2232,4.27,30,0.07,,,,,,0,0
1135.8,469799,26736,22,502,24,1.34,1,4.55,2232,4.27,75,0.2,,,,,,0,0
1137.14,470303,26768,22,504,32,1.34,1,4.55,2232,4.27,85,0.2,,,,,,0,0
1138.43,470806,26780,22,503,12,1.29,1,4.55,2232,4.27,30,0.1,,,,,,0,0
1139.69,471307,26812,22,501,32,1.27,1,4.55,2232,4.27,80,0.2,,,,,,0,0
1140.8,471810,26828,22,503,16,1.11,1,4.55,2232,4.27,15,0.04,,,,,,0,0
1141.95,472310,26844,22,500,16,1.14,1,4.55,2232,4.27,40,0.1,,,,,,0,0
1143.01,472814,26872,22,504,28,1.06,1,4.55,2232,4.27,70,0.17,,,,,,0,0
1144.22,473318,26896,22,504,24,1.21,1,4.55,2232,4.27,80,0.23,,,,,,0,0
1145.42,473821,26912,22,503,16,1.2,1,4.55,2232,4.27,165,0.41,,,,,,0,0
1146.62,474324,26960,22,503,48,1.2,1,4.55,2232,4.27,30,0.07,,,,,,0,0
1147.83,474826,27000,22,502,40,1.21,1,4.55,2232,4.27,75,0.17,,,,,,0,0
1.04,502,4726,20,502,4726,1.04,3,15,391,0.81,35,0.06,,,,,,0,0
2.05,1005,4869,20,503,143,1.01,1,5,391,0.81,115,0.25,,,,,,0,0
3.01,1507,4871,20,502,2,0.96,1,5,391,0.81,410,0.77,,,,,,0,0
3.99,2009,4879,20,502,8,0.98,1,5,496,0.95,95,0.19,,,,,,0,0
5.17,2510,4895,20,501,16,1.19,2,10,496,0.95,170,0.37,,,,,,0,0
6.32,3010,4895,20,500,0,1.15,0,0,496,0.95,670,1.52,,,,,,0,0
7.36,3512,4903,20,502,8,1.04,1,5,791,1.76,215,0.44,,,,,,0,0
8.37,4015,4915,20,503,12,1.01,1,5,791,1.76,190,0.39,,,,,,0,0
9.43,4517,4923,20,502,8,1.07,1,5,791,1.76,55,0.13,,,,,,0,0
10.51,5018,4927,20,501,4,1.07,1,5,791,1.76,120,0.27,,,,,,0,0
11.57,5520,4931,20,502,4,1.07,1,5,791,1.76,35,0.07,,,,,,0,0
12.57,6020,4947,20,500,16,0.99,1,5,791,1.76,160,0.36,,,,,,0,0
13.76,6521,4951,20,501,4,1.19,1,5,791,1.76,160,0.39,,,,,,0,0
14.92,7021,4951,20,500,0,1.16,0,0,791,1.76,660,1.56,,,,,,0,0
16.11,7525,4983,20,504,32,1.18,2,10,791,1.76,80,0.21,,,,,,0,0
17.28,8026,5003,20,501,20,1.18,1,5,791,1.76,130,0.28,,,,,,0,0
18.44,8526,5023,20,500,20,1.16,1,5,791,1.76,130,0.3,,,,,,0,0
19.61,9029,5047,20,503,24,1.17,1,5,791,1.76,55,0.14,,,,,,0,0
20.7,9530,5067,20,501,20,1.09,1,5,791,1.76,115,0.27,,,,,,0,0
21.93,10034,5095,20,504,28,1.23,1,5,791,1.76,85,0.21,,,,,,0,0
23.06,10538,5107,20,504,12,1.13,1,5,791,1.76,265,0.58,,,,,,0,0
24.19,11041,5123,20,503,16,1.14,1,5,791,1.76,5,0.01,,,,,,0,0
25.31,11543,5131,20,502,8,1.12,1,5,791,1.76,470,1.06,,,,,,0,0
26.49,12047,5155,20,504,24,1.18,1,5,791,1.76,40,0.07,,,,,,0,0
27.56,12547,5171,20,500,16,1.07,1,5,791,1.76,210,0.46,,,,,,0,0
28.77,13047,5183,20,500,12,1.21,1,5,791,1.76,140,0.38,,,,,,0,0
30,13549,5219,20,502,36,1.23,1,5,791,1.76,30,0.07,,,,,,0,0
31.19,14050,5231,20,501,12,1.18,1,5,791,1.76,100,0.24,,,,,,0,0
32.24,14552,5239,20,502,8,1.05,1,5,791,1.76,150,0.31,,,,,,0,0
33.35,15056,5251,20,504,12,1.11,1,5,791,1.76,260,0.59,,,,,,0,0
34.44,15559,5283,20,503,32,1.09,1,5,791,1.76,110,0.2,,,,,,0,0
35.49,16063,5303,20,504,20,1.05,1,5,791,1.76,5,0.01,,,,,,0,0
36.59,16563,5319,20,500,16,1.11,1,5,791,1.76,30,0.08,,,,,,0,0
37.58,17066,5347,20,503,28,0.98,1,5,791,1.76,50,0.08,,,,,,0,0
38.73,17569,5355,20,503,8,1.15,1,5,791,1.76,40,0.08,,,,,,0,0
39.84,18072,5363,20,503,8,1.11,1,5,791,1.76,320,0.72,,,,,,0,0
40.99,18575,5375,20,503,12,1.15,1,5,791,1.76,85,0.18,,,,,,0,0
42.16,19078,5403,20,503,28,1.17,1,5,791,1.76,275,0.61,,,,,,0,0
43.23,19580,5407,20,502,4,1.07,1,5,791,1.76,95,0.19,,,,,,0,0
44.3,20081,5431,20,501,24,1.06,1,5,791,1.76,165,0.37,,,,,,0,0
45.39,20585,5463,20,504,32,1.1,1,5,791,1.76,40,0.1,,,,,,0,0
46.49,21088,5475,20,503,12,1.1,1,5,791,1.76,35,0.09,,,,,,0,0
47.75,21590,5491,20,502,16,1.26,1,5,791,1.76,185,0.45,,,,,,0,0
48.98,22090,5507,20,500,16,1.23,1,5,791,1.76,290,0.7,,,,,,0,0
50.17,22592,5519,20,502,12,1.19,1,5,791,1.76,150,0.34,,,,,,0,0
51.41,23095,5555,20,503,36,1.24,1,5,791,1.76,20,0.06,,,,,,0,0
52.56,23599,5567,20,504,12,1.15,1,5,791,1.76,110,0.24,,,,,,0,0
53.59,24101,5599,20,502,32,1.03,1,5,791,1.76,20,0.04,,,,,,0,0
54.69,24604,5611,20,503,12,1.1,1,5,791,1.76,25,0.04,,,,,,0,0
55.83,25108,5623,20,504,12,1.14,1,5,791,1.76,15,0.04,,,,,,0,0
56.94,25608,5639,20,500,16,1.11,1,5,791,1.76,140,0.28,,,,,,0,0
57.98,26112,5651,20,504,12,1.04,1,5,791,1.76,75,0.13,,,,,,0,0
59.2,26612,5679,20,500,28,1.22,1,5,791,1.76,5,0.01,,,,,,0,0
60.34,27116,5695,20,504,16,1.14,1,5,791,1.76,70,0.16,,,,,,0,0
61.54,27616,5707,20,500,12,1.2,1,5,791,1.76,35,0.09,,,,,,0,0
62.63,28120,5719,20,504,12,1.09,1,5,791,1.76,125,0.26,,,,,,0,0
63.66,28621,5735,20,501,16,1.03,1,5,791,1.76,20,0.06,,,,,,0,0
64.82,29125,5759,20,504,24,1.15,1,5,791,1.76,130,0.3,,,,,,0,0
66.01,29625,5775,20,500,16,1.19,1,5,791,1.76,0,0,,,,,,0,0
67.15,30128,5795,20,503,20,1.14,1,5,791,1.76,5,0.01,,,,,,0,0
68.32,30629,5823,20,501,28,1.17,1,5,791,1.76,20,0.04,,,,,,0,0
69.45,31132,5847,20,503,24,1.14,1,5,791,1.76,155,0.39,,,,,,0,0
70.61,31634,5871,20,502,24,1.16,1,5,791,1.76,20,0.05,,,,,,0,0
71.76,32138,5891,20,504,20,1.15,1,5,791,1.76,40,0.08,,,,,,0,0
72.89,32640,5899,20,502,8,1.13,1,5,791,1.76,115,0.24,,,,,,0,0
73.93,33142,5915,20,502,16,1.04,1,5,791,1.76,185,0.38,,,,,,0,0
75.18,33643,5935,20,501,20,1.25,1,5,791,1.76,105,0.27,,,,,,0,0
76.32,34147,5955,20,504,20,1.14,1,5,791,1.76,10,0.01,,,,,,0,0
77.61,34648,5991,20,501,36,1.29,1,5,791,1.76,10,0.02,,,,,,0,0
78.78,35150,6027,20,502,36,1.17,1,5,791,1.76,30,0.06,,,,,,0,0
79.87,35652,6035,20,502,8,1.09,1,5,791,1.76,140,0.29,,,,,,0,0
80.93,36154,6055,20,502,20,1.06,1,5,791,1.76,20,0.04,,,,,,0,0
82.07,36655,6083,20,501,28,1.14,1,5,791,1.76,105,0.24,,,,,,0,0
83.31,37159,6095,20,504,12,1.24,1,5,791,1.76,180,0.44,,,,,,0,0
84.45,37661,6103,20,502,8,1.14,1,5,791,1.76,150,0.3,,,,,,0,0
85.58,38165,6119,20,504,16,1.13,1,5,791,1.76,140,0.3,,,,,,0,0
86.75,38668,6139,20,503,20,1.17,1,5,791,1.76,20,0.04,,,,,,0,0
87.83,39171,6155,20,503,16,1.08,1,5,791,1.76,10,0.02,,,,,,0,0
88.99,39674,6167,20,503,12,1.16,1,5,791,1.76,310,0.71,,,,,,0,0
90.08,40177,6187,20,503,20,1.09,1,5,791,1.76,85,0.17,,,,,,0,0
91.08,40679,6215,20,502,28,1,1,5,791,1.76,75,0.14,,,,,,0,0
92.31,41180,6231,20,501,16,1.23,2,10,791,1.76,100,0.25,,,,,,0,0
93.45,41681,6259,20,501,28,1.14,1,5,791,1.76,45,0.11,,,,,,0,0
94.65,42183,6303,20,502,44,1.19,1,5,791,1.76,80,0.21,,,,,,0,0
95.82,42685,6327,20,502,24,1.18,1,5,791,1.76,135,0.33,,,,,,0,0
97.04,43187,6367,20,502,40,1.21,1,5,791,1.76,5,0.01,,,,,,0,0
98.13,43689,6391,20,502,24,1.09,1,5,791,1.76,55,0.12,,,,,,0,0
99.33,44193,6407,20,504,16,1.2,1,5,791,1.76,170,0.42,,,,,,0,0
100.5,44694,6427,20,501,20,1.16,1,5,791,1.76,115,0.25,,,,,,0,0
101.58,45194,6451,20,500,24,1.08,1,5,791,1.76,75,0.15,,,,,,0,0
102.73,45694,6471,20,500,20,1.15,1,5,791,1.76,20,0.05,,,,,,0,0
103.73,46198,6503,20,504,32,0.99,1,5,791,1.76,115,0.2,,,,,,0,0
104.95,46702,6527,20,504,24,1.22,1,5,791,1.76,180,0.45,,,,,,0,0
106.03,47202,6551,20,500,24,1.09,1,5,791,1.76,5,0.01,,,,,,0,0
107.12,47703,6567,20,501,16,1.08,1,5,791,1.76,40,0.09,,,,,,0,0
108.31,48203,6595,20,500,28,1.2,1,5,791,1.76,25,0.07,,,,,,0,0
109.54,48703,6619,20,500,24,1.23,1,5,791,1.76,105,0.23,,,,,,0,0
110.7,49205,6627,20,502,8,1.15,1,5,791,1.76,60,0.12,,,,,,0,0
111.81,49709,6635,20,504,8,1.12,1,5,791,1.76,25,0.07,,,,,,0,0
112.92,50213,6683,20,504,48,1.11,1,5,791,1.76,185,0.41,,,,,,0,0
114.07,50715,6703,20,502,20,1.14,1,5,791,1.76,310,0.7,,,,,,0,0
115.13,51215,6719,20,500,16,1.07,1,5,791,1.76,50,0.11,,,,,,0,0
116.27,51717,6743,20,502,24,1.14,1,5,791,1.76,190,0.43,,,,,,0,0
117.4,52221,6767,20,504,24,1.13,1,5,791,1.76,5,0.01,,,,,,0,0
118.53,52725,6807,20,504,40,1.13,1,5,791,1.76,45,0.09,,,,,,0,0
119.68,53228,6823,20,503,16,1.15,1,5,791,1.76,35,0.09,,,,,,0,0
120.83,53728,6835,20,500,12,1.16,1,5,791,1.76,20,0.03,,,,,,0,0
121.96,54232,6859,20,504,24,1.12,1,5,791,1.76,50,0.11,,,,,,0,0
123.17,54732,6867,20,500,8,1.21,1,5,791,1.76,30,0.09,,,,,,0,0
124.45,55232,6895,20,500,28,1.29,1,5,791,1.76,100,0.24,,,,,,0,0
125.57,55736,6907,20,504,12,1.12,1,5,791,1.76,190,0.39,,,,,,0,0
126.79,56236,6939,20,500,32,1.22,1,5,791,1.76,20,0.04,,,,,,0,0
128.09,56738,6959,20,502,20,1.3,1,5,791,1.76,70,0.19,,,,,,0,0
129.27,57239,6979,20,501,20,1.18,1,5,791,1.76,80,0.18,,,,,,0,0
130.44,57743,6995,20,504,16,1.17,1,5,791,1.76,10,0.02,,,,,,0,0
131.55,58243,7023,20,500,28,1.11,1,5,791,1.76,90,0.19,,,,,,0,0
132.68,58747,7039,20,504,16,1.13,1,5,791,1.76,145,0.32,,,,,,0,0
133.85,59249,7047,20,502,8,1.17,1,5,791,1.76,50,0.1,,,,,,0,0
135.07,59753,7087,20,504,40,1.22,1,5,791,1.76,100,0.2,,,,,,0,0
136.32,60254,7111,20,501,24,1.26,1,5,791,1.76,135,0.32,,,,,,0,0
137.48,60755,7143,20,501,32,1.16,1,5,791,1.76,120,0.28,,,,,,0,0
138.64,61256,7171,20,501,28,1.16,1,5,791,1.76,140,0.34,,,,,,0,0
139.81,61759,7203,20,503,32,1.17,1,5,791,1.76,60,0.13,,,,,,0,0
141.1,62259,7219,20,500,16,1.28,1,5,791,1.76,150,0.42,,,,,,0,0
142.43,62759,7239,20,500,20,1.33,1,5,791,1.76,75,0.22,,,,,,0,0
143.76,63261,7259,20,502,20,1.33,1,5,791,1.76,5,0.02,,,,,,0,0
145.05,63762,7275,20,501,16,1.29,1,5,791,1.76,325,0.86,,,,,,0,0
146.25,64263,7307,20,501,32,1.21,2,10,791,1.76,10,0.03,,,,,,0,0
147.57,64764,7331,20,501,24,1.32,1,5,791,1.76,40,0.12,,,,,,0,0
148.87,65266,7351,20,502,20,1.3,1,5,791,1.76,105,0.24,,,,,,0,0
150.11,65768,7391,20,502,40,1.24,1,5,791,1.76,25,0.06,,,,,,0,0
151.35,66271,7407,20,503,16,1.23,2,10,791,1.76,40,0.09,,,,,,0,0
152.41,66771,7419,20,500,12,1.06,1,5,791,1.76,60,0.13,,,,,,0,0
153.42,67272,7435,20,501,16,1.01,2,10,791,1.76,35,0.07,,,,,,0,0
154.45,67773,7467,20,501,32,1.03,2,10,791,1.76,15,0.02,,,,,,0,0
155.58,68277,7479,20,504,12,1.12,1,5,791,1.76,45,0.14,,,,,,0,0
156.83,68777,7495,20,500,16,1.25,1,5,791,1.76,20,0.03,,,,,,0,0
158.15,69279,7503,20,502,8,1.32,1,5,791,1.76,170,0.44,,,,,,0,0
159.38,69782,7527,20,503,24,1.23,1,5,791,1.76,80,0.17,,,,,,0,0
160.55,70283,7543,20,501,16,1.18,1,5,791,1.76,180,0.48,,,,,,0,0
161.67,70783,7579,20,500,36,1.11,1,5,791,1.76,30,0.08,,,,,,0,0
162.86,71287,7595,20,504,16,1.2,1,5,791,1.76,385,0.91,,,,,,0,0
163.97,71788,7607,20,501,12,1.11,1,5,791,1.76,95,0.22,,,,,,0,0
165.23,72291,7635,20,503,28,1.26,1,5,791,1.76,25,0.06,,,,,,0,0
166.47,72794,7655,20,503,20,1.24,1,5,791,1.76,35,0.06,,,,,,0,0
167.7,73295,7671,20,501,16,1.23,1,5,791,1.76,180,0.47,,,,,,0,0
168.75,73796,7703,20,501,32,1.05,1,5,791,1.76,35,0.06,,,,,,0,0
169.83,74296,7747,20,500,44,1.08,1,5,791,1.76,55,0.1,,,,,,0,0
171.08,74798,7771,20,502,24,1.25,1,5,791,1.76,60,0.16,,,,,,0,0
172.36,75301,7799,20,503,28,1.28,1,5,791,1.76,70,0.2,,,,,,0,0
173.58,75803,7823,20,502,24,1.22,1,5,791,1.76,10,0.03,,,,,,0,0
174.8,76304,7855,20,501,32,1.22,1,5,791,1.76,65,0.16,,,,,,0,0
176.03,76805,7891,20,501,36,1.22,1,5,791,1.76,0,0,,,,,,0,0
177.15,77306,7915,20,501,24,1.13,1,5,791,1.76,90,0.22,,,,,,0,0
178.39,77808,7947,20,502,32,1.24,1,5,791,1.76,65,0.17,,,,,,0,0
179.57,78310,7967,20,502,20,1.17,1,5,791,1.76,125,0.27,,,,,,0,0
180.81,78812,7999,20,502,32,1.25,1,5,791,1.76,5,0.02,,,,,,0,0
182.05,79315,8031,20,503,32,1.23,1,5,791,1.76,55,0.12,,,,,,0,0
183.29,79819,8043,20,504,12,1.25,1,5,791,1.76,10,0.03,,,,,,0,0
184.45,80323,8079,20,504,36,1.16,1,5,791,1.76,70,0.14,,,,,,0,0
185.67,80825,8115,20,502,36,1.21,1,5,791,1.76,50,0.14,,,,,,0,0
186.98,81327,8179,20,502,64,1.32,1,5,791,1.76,10,0.03,,,,,,0,0
188.28,81828,8199,20,501,20,1.3,1,5,791,1.76,60,0.15,,,,,,0,0
189.55,82331,8211,20,503,12,1.27,1,5,791,1.76,115,0.31,,,,,,0,0
190.88,82834,8239,20,503,28,1.33,1,5,791,1.76,45,0.09,,,,,,0,0
192.14,83338,8247,20,504,8,1.26,1,5,791,1.76,90,0.24,,,,,,0,0
193.32,83841,8267,20,503,20,1.18,1,5,791,1.76,85,0.23,,,,,,0,0
194.56,84345,8283,20,504,16,1.24,1,5,791,1.76,245,0.6,,,,,,0,0
195.74,84848,8303,20,503,20,1.18,1,5,791,1.76,90,0.23,,,,,,0,0
196.88,85350,8331,20,502,28,1.15,1,5,791,1.76,200,0.43,,,,,,0,0
198.02,85853,8343,20,503,12,1.13,1,5,791,1.76,50,0.09,,,,,,0,0
199.12,86356,8363,20,503,20,1.1,1,5,791,1.76,310,0.68,,,,,,0,0
200.27,86858,8399,20,502,36,1.15,1,5,791,1.76,85,0.21,,,,,,0,0
201.47,87360,8427,20,502,28,1.2,1,5,791,1.76,40,0.11,,,,,,0,0
202.74,87864,8459,20,504,32,1.26,1,5,791,1.76,30,0.07,,,,,,0,0
204.01,88364,8491,20,500,32,1.28,1,5,791,1.76,50,0.13,,,,,,0,0
205.22,88865,8523,20,501,32,1.21,1,5,791,1.76,55,0.13,,,,,,0,0
206.25,89367,8547,20,502,24,1.03,1,5,791,1.76,260,0.51,,,,,,0,0
207.38,89870,8583,20,503,36,1.12,1,5,791,1.76,135,0.31,,,,,,0,0
208.51,90370,8623,20,500,40,1.13,1,5,791,1.76,30,0.07,,,,,,0,0
209.57,90872,8647,20,502,24,1.06,1,5,791,1.76,5,0.01,,,,,,0,0
210.58,91375,8671,20,503,24,1.01,1,5,791,1.76,40,0.09,,,,,,0,0
211.68,91877,8679,20,502,8,1.1,1,5,791,1.76,175,0.4,,,,,,0,0
212.82,92380,8719,20,503,40,1.14,1,5,791,1.76,25,0.07,,,,,,0,0
213.88,92883,8727,20,503,8,1.06,1,5,791,1.76,185,0.4,,,,,,0,0
215.1,93384,8747,20,501,20,1.22,1,5,791,1.76,50,0.13,,,,,,0,0
216.25,93888,8779,20,504,32,1.15,1,5,791,1.76,10,0.02,,,,,,0,0
217.44,94388,8791,20,500,12,1.19,1,5,791,1.76,180,0.41,,,,,,0,0
218.48,94889,8803,20,501,12,1.04,1,5,791,1.76,50,0.09,,,,,,0,0
219.58,95389,8827,20,500,24,1.1,1,5,791,1.76,140,0.32,,,,,,0,0
220.78,95889,8835,20,500,8,1.2,1,5,791,1.76,135,0.33,,,,,,0,0
221.94,96393,8863,20,504,28,1.17,1,5,791,1.76,75,0.16,,,,,,0,0
223.2,96896,8871,20,503,8,1.26,1,5,791,1.76,135,0.32,,,,,,0,0
224.47,97400,8883,20,504,12,1.27,1,5,791,1.76,190,0.56,,,,,,0,0
225.6,97900,8903,20,500,20,1.13,1,5,791,1.76,35,0.07,,,,,,0,0
226.74,98402,8931,20,502,28,1.14,1,5,791,1.76,70,0.16,,,,,,0,0
227.92,98904,8967,20,502,36,1.18,1,5,791,1.76,45,0.11,,,,,,0,0
229.05,99406,9003,20,502,36,1.13,1,5,791,1.76,40,0.08,,,,,,0,0
230.14,99908,9039,20,502,36,1.1,1,5,791,1.76,5,0.02,,,,,,0,0
231.21,100412,9051,20,504,12,1.07,1,5,791,1.76,5,0.01,,,,,,0,0
232.45,100913,9083,20,501,32,1.24,1,5,791,1.76,80,0.22,,,,,,0,0
233.69,101414,9119,20,501,36,1.24,1,5,791,1.76,30,0.07,,,,,,0,0
234.89,101914,9139,20,500,20,1.19,1,5,791,1.76,15,0.04,,,,,,0,0
236.08,102416,9159,20,502,20,1.19,1,5,791,1.76,30,0.08,,,,,,0,0
237.21,102919,9183,20,503,24,1.13,1,5,791,1.76,35,0.08,,,,,,0,0
238.42,103423,9207,20,504,24,1.21,1,5,791,1.76,245,0.58,,,,,,0,0
239.65,103927,9219,20,504,12,1.24,1,5,791,1.76,325,0.75,,,,,,0,0
240.77,104430,9251,20,503,32,1.11,1,5,791,1.76,55,0.11,,,,,,0,0
242.01,104932,9275,20,502,24,1.25,1,5,791,1.76,65,0.17,,,,,,0,0
243.49,105436,9291,20,504,16,1.48,1,5,791,1.76,105,0.31,,,,,,0,0
244.71,105938,9307,20,502,16,1.22,1,5,791,1.76,65,0.15,,,,,,0,0
245.85,106440,9343,20,502,36,1.15,1,5,791,1.76,70,0.15,,,,,,0,0
247.08,106943,9367,20,503,24,1.22,1,5,791,1.76,140,0.42,,,,,,0,0
248.25,107444,9387,20,501,20,1.17,1,5,791,1.76,215,0.43,,,,,,0,0
249.25,107945,9419,20,501,32,1,1,5,791,1.76,190,0.37,,,,,,0,0
250.35,108449,9443,20,504,24,1.11,1,5,791,1.76,135,0.3,,,,,,0,0
251.39,108951,9463,20,502,20,1.04,1,5,791,1.76,150,0.33,,,,,,0,0
252.47,109451,9483,20,500,20,1.07,1,5,791,1.76,85,0.18,,,,,,0,0
253.57,109953,9507,20,502,24,1.1,1,5,791,1.76,85,0.21,,,,,,0,0
254.62,110453,9523,20,500,16,1.05,1,5,791,1.76,30,0.06,,,,,,0,0
255.66,110954,9555,20,501,32,1.04,1,5,791,1.76,20,0.04,,,,,,0,0
256.79,111458,9579,20,504,24,1.12,1,5,791,1.76,15,0.03,,,,,,0,0
257.95,111962,9595,20,504,16,1.16,1,5,791,1.76,315,0.71,,,,,,0,0
259.03,112464,9619,20,502,24,1.08,1,5,791,1.76,100,0.21,,,,,,0,0
260.24,112965,9631,20,501,12,1.21,1,5,791,1.76,50,0.12,,,,,,0,0
261.41,113469,9651,20,504,20,1.18,1,5,791,1.76,155,0.38,,,,,,0,0
262.55,113972,9679,20,503,28,1.13,1,5,791,1.76,30,0.09,,,,,,0,0
263.81,114474,9703,20,502,24,1.26,1,5,791,1.76,115,0.29,,,,,,0,0
265.02,114975,9723,20,501,20,1.21,1,5,791,1.76,160,0.36,,,,,,0,0
266.31,115479,9739,20,504,16,1.29,1,5,791,1.76,245,0.68,,,,,,0,0
267.64,115980,9767,20,501,28,1.33,1,5,791,1.76,105,0.29,,,,,,0,0
268.7,116483,9779,20,503,12,1.05,1,5,791,1.76,170,0.34,,,,,,0,0
269.82,116983,9803,20,500,24,1.12,1,5,791,1.76,10,0.02,,,,,,0,0
270.89,117486,9831,20,503,28,1.07,1,5,791,1.76,15,0.03,,,,,,0,0
272.02,117987,9847,20,501,16,1.13,1,5,791,1.76,130,0.3,,,,,,0,0
273.3,118491,9871,20,504,24,1.28,1,5,791,1.76,180,0.53,,,,,,0,0
274.48,118995,9903,20,504,32,1.18,1,5,791,1.76,50,0.12,,,,,,0,0
275.67,119495,9923,20,500,20,1.19,1,5,791,1.76,65,0.16,,,,,,0,0
276.82,119998,9935,20,503,12,1.16,1,5,791,1.76,60,0.15,,,,,,0,0
278.08,120498,9959,20,500,24,1.25,1,5,791,1.76,115,0.28,,,,,,0,0
279.33,120998,9995,20,500,36,1.25,1,5,791,1.76,90,0.23,,,,,,0,0
280.65,121501,10027,20,503,32,1.32,1,5,791,1.76,5,0.01,,,,,,0,0
281.97,122003,10047,20,502,20,1.32,1,5,791,1.76,85,0.2,,,,,,0,0
283.15,122505,10067,20,502,20,1.18,1,5,791,1.76,80,0.19,,,,,,0,0
284.35,123007,10115,20,502,48,1.2,1,5,791,1.76,45,0.1,,,,,,0,0
285.47,123507,10139,20,500,24,1.12,1,5,791,1.76,65,0.14,,,,,,0,0
286.56,124011,10167,20,504,28,1.1,1,5,791,1.76,110,0.23,,,,,,0,0
287.76,124514,10211,20,503,44,1.19,1,5,791,1.76,20,0.04,,,,,,0,0
289.02,125016,10231,20,502,20,1.26,1,5,791,1.76,15,0.03,,,,,,0,0
290.13,125519,10255,20,503,24,1.11,1,5,791,1.76,50,0.11,,,,,,0,0
291.22,126019,10283,20,500,28,1.09,1,5,791,1.76,75,0.19,,,,,,0,0
292.29,126523,10315,20,504,32,1.07,1,5,791,1.76,15,0.03,,,,,,0,0
293.56,127025,10355,20,502,40,1.27,1,5,791,1.76,40,0.12,,,,,,0,0
294.82,127528,10383,20,503,28,1.26,1,5,791,1.76,215,0.56,,,,,,0,0
295.93,128029,10411,20,501,28,1.11,1,5,791,1.76,15,0.02,,,,,,0,0
297.21,128530,10439,20,501,28,1.28,1,5,791,1.76,95,0.24,,,,,,0,0
298.34,129033,10463,20,503,24,1.13,1,5,791,1.76,225,0.5,,,,,,0,0
299.5,129533,10507,20,500,44,1.16,1,5,791,1.76,5,0.01,,,,,,0,0
300.7,130033,10531,20,500,24,1.2,1,5,791,1.76,20,0.04,,,,,,0,0
301.92,130536,10555,20,503,24,1.21,1,5,791,1.76,45,0.1,,,,,,0,0
303.1,131040,10591,20,504,36,1.18,1,5,791,1.76,60,0.13,,,,,,0,0
304.32,131542,10623,20,502,32,1.22,1,5,791,1.76,30,0.08,,,,,,0,0
305.67,132045,10643,20,503,20,1.34,1,5,791,1.76,80,0.17,,,,,,0,0
306.87,132547,10671,20,502,28,1.2,1,5,791,1.76,30,0.07,,,,,,0,0
308.17,133048,10695,20,501,24,1.3,1,5,791,1.76,80,0.19,,,,,,0,0
309.36,133550,10727,20,502,32,1.19,1,5,791,1.76,30,0.06,,,,,,0,0
310.52,134052,10763,20,502,36,1.16,1,5,791,1.76,25,0.05,,,,,,0,0
311.69,134556,10803,20,504,40,1.17,1,5,791,1.76,145,0.34,,,,,,0,0
312.89,135058,10835,20,502,32,1.2,1,5,791,1.76,130,0.3,,,,,,0,0
314.06,135558,10855,20,500,20,1.17,1,5,791,1.76,20,0.05,,,,,,0,0
315.21,136059,10871,20,501,16,1.15,1,5,791,1.76,10,0.02,,,,,,0,0
316.42,136561,10879,20,502,8,1.21,1,5,791,1.76,320,0.8,,,,,,0,0
317.7,137064,10907,20,503,28,1.28,1,5,791,1.76,35,0.08,,,,,,0,0
318.8,137565,10931,20,501,24,1.1,1,5,791,1.76,35,0.09,,,,,,0,0
320.14,138066,10959,20,501,28,1.34,1,5,791,1.76,10,0.03,,,,,,0,0
321.35,138567,10991,20,501,32,1.21,1,5,791,1.76,30,0.08,,,,,,0,0
322.58,139067,11035,20,500,44,1.23,1,5,791,1.76,40,0.1,,,,,,0,0
323.91,139571,11063,20,504,28,1.33,1,5,791,1.76,30,0.11,,,,,,0,0
325.1,140072,11083,20,501,20,1.19,1,5,791,1.76,230,0.55,,,,,,0,0
326.3,140572,11107,20,500,24,1.2,1,5,791,1.76,110,0.28,,,,,,0,0
327.58,141074,11115,20,502,8,1.27,1,5,791,1.76,80,0.24,,,,,,0,0
328.82,141576,11163,20,502,48,1.25,1,5,791,1.76,20,0.04,,,,,,0,0
330.02,142076,11179,20,500,16,1.2,1,5,791,1.76,0,0,,,,,,0,0
331.49,142576,11223,20,500,44,1.46,1,5,791,1.76,0,0,,,,,,0,0
332.82,143078,11263,20,502,40,1.33,1,5,791,1.76,30,0.07,,,,,,0,0
334.01,143580,11279,20,502,16,1.2,1,5,791,1.76,260,0.58,,,,,,0,0
335.11,144083,11315,20,503,36,1.1,1,5,791,1.76,35,0.08,,,,,,0,0
336.25,144585,11343,20,502,28,1.14,1,5,791,1.76,10,0.01,,,,,,0,0
337.39,145086,11363,20,501,20,1.14,1,5,791,1.76,125,0.31,,,,,,0,0
338.56,145588,11379,20,502,16,1.18,1,5,791,1.76,160,0.38,,,,,,0,0
339.75,146091,11419,20,503,40,1.19,1,5,791,1.76,25,0.08,,,,,,0,0
341,146592,11439,20,501,20,1.25,1,5,791,1.76,55,0.14,,,,,,0,0
342.2,147092,11447,20,500,8,1.2,1,5,791,1.76,290,0.67,,,,,,0,0
343.48,147592,11475,20,500,28,1.28,1,5,791,1.76,95,0.23,,,,,,0,0
344.71,148092,11507,20,500,32,1.23,1,5,791,1.76,10,0.03,,,,,,0,0
345.9,148596,11527,20,504,20,1.19,1,5,791,1.76,5,0.01,,,,,,0,0
347.11,149100,11551,20,504,24,1.21,1,5,791,1.76,115,0.31,,,,,,0,0
348.44,149600,11567,20,500,16,1.32,1,5,791,1.76,270,0.67,,,,,,0,0
349.7,150101,11579,20,501,12,1.27,1,5,791,1.76,125,0.27,,,,,,0,0
350.93,150603,11607,20,502,28,1.23,1,5,791,1.76,10,0.03,,,,,,0,0
352.17,151103,11643,20,500,36,1.24,1,5,791,1.76,30,0.07,,,,,,0,0
353.26,151604,11679,20,501,36,1.09,1,5,791,1.76,140,0.28,,,,,,0,0
354.39,152108,11699,20,504,20,1.13,1,5,791,1.76,150,0.34,,,,,,0,0
355.51,152608,11731,20,500,32,1.12,1,5,791,1.76,185,0.4,,,,,,0,0
356.65,153110,11767,20,502,36,1.14,1,5,791,1.76,145,0.35,,,,,,0,0
357.93,153612,11791,20,502,24,1.28,1,5,791,1.76,70,0.17,,,,,,0,0
359.24,154113,11811,20,501,20,1.31,1,5,791,1.76,65,0.16,,,,,,0,0
360.38,154616,11839,20,503,28,1.14,1,5,791,1.76,170,0.37,,,,,,0,0
361.49,155117,11855,20,501,16,1.11,1,5,791,1.76,75,0.18,,,,,,0,0
362.9,155619,11891,20,502,36,1.41,1,5,791,1.76,55,0.12,,,,,,0,0
364.06,156120,11903,20,501,12,1.17,1,5,791,1.76,180,0.37,,,,,,0,0
365.26,156621,11939,20,501,36,1.2,1,5,791,1.76,20,0.05,,,,,,0,0
366.43,157123,11959,20,502,20,1.17,1,5,791,1.76,5,0.01,,,,,,0,0
367.68,157624,11987,20,501,28,1.25,1,5,791,1.76,40,0.09,,,,,,0,0
369.01,158124,12011,20,500,24,1.33,1,5,791,1.76,180,0.53,,,,,,0,0
370.34,158624,12035,20,500,24,1.34,1,5,791,1.76,50,0.16,,,,,,0,0
371.64,159125,12051,20,501,16,1.3,1,5,791,1.76,215,0.55,,,,,,0,0
372.92,159629,12071,20,504,20,1.28,1,5,791,1.76,30,0.07,,,,,,0,0
374.26,160132,12103,20,503,32,1.34,1,5,791,1.76,50,0.12,,,,,,0,0
375.46,160636,12135,20,504,32,1.2,1,5,791,1.76,10,0.03,,,,,,0,0
376.62,161136,12163,20,500,28,1.16,1,5,791,1.76,85,0.17,,,,,,0,0
377.77,161637,12199,20,501,36,1.15,1,5,791,1.76,50,0.12,,,,,,0,0
378.94,162138,12211,20,501,12,1.16,1,5,791,1.76,30,0.07,,,,,,0,0
380.2,162639,12247,20,501,36,1.27,1,5,791,1.76,10,0.02,,,,,,0,0
381.52,163140,12275,20,501,28,1.32,1,5,791,1.76,50,0.13,,,,,,0,0
382.78,163642,12311,20,502,36,1.26,1,5,791,1.76,45,0.12,,,,,,0,0
384.2,164146,12343,20,504,32,1.42,1,5,791,1.76,80,0.24,,,,,,0,0
385.56,164647,12363,20,501,20,1.36,1,5,791,1.76,40,0.13,,,,,,0,0
387.2,165150,12387,20,503,24,1.64,1,5,791,1.76,100,0.24,,,,,,0,0
388.4,165650,12407,20,500,20,1.2,1,5,791,1.76,65,0.16,,,,,,0,0
389.51,166154,12451,20,504,44,1.11,1,5,791,1.76,55,0.11,,,,,,0,0
390.77,166658,12479,20,504,28,1.26,1,5,791,1.76,35,0.09,,,,,,0,0
391.96,167158,12499,20,500,20,1.19,1,5,791,1.76,50,0.12,,,,,,0,0
393.15,167658,12519,20,500,20,1.19,1,5,791,1.76,150,0.38,,,,,,0,0
394.43,168158,12531,20,500,12,1.28,1,5,791,1.76,200,0.5,,,,,,0,0
395.62,168662,12559,20,504,28,1.19,1,5,791,1.76,110,0.25,,,,,,0,0
396.74,169166,12571,20,504,12,1.13,1,5,791,1.76,30,0.06,,,,,,0,0
397.94,169668,12607,20,502,36,1.2,1,5,791,1.76,40,0.1,,,,,,0,0
399.26,170171,12631,20,503,24,1.32,1,5,791,1.76,15,0.04,,,,,,0,0
400.51,170674,12659,20,503,28,1.24,1,5,791,1.76,40,0.1,,,,,,0,0
401.76,171176,12667,20,502,8,1.26,1,5,791,1.76,330,0.84,,,,,,0,0
402.96,171677,12699,20,501,32,1.2,1,5,791,1.76,110,0.23,,,,,,0,0
404.31,172181,12715,20,504,16,1.35,1,5,791,1.76,235,0.6,,,,,,0,0
405.51,172685,12723,20,504,8,1.2,1,5,791,1.76,305,0.72,,,,,,0,0
406.62,173186,12755,20,501,32,1.11,1,5,791,1.76,0,0,,,,,,0,0
407.8,173689,12775,20,503,20,1.18,1,5,791,1.76,110,0.25,,,,,,0,0
409.11,174193,12787,20,504,12,1.31,1,5,791,1.76,165,0.46,,,,,,0,0
410.32,174694,12811,20,501,24,1.21,1,5,791,1.76,10,0.02,,,,,,0,0
411.51,175195,12835,20,501,24,1.19,1,5,791,1.76,70,0.16,,,,,,0,0
412.67,175698,12863,20,503,28,1.16,1,5,791,1.76,150,0.33,,,,,,0,0
413.81,176200,12887,20,502,24,1.14,1,5,791,1.76,25,0.05,,,,,,0,0
415,176701,12899,20,501,12,1.19,1,5,791,1.76,145,0.33,,,,,,0,0
416.24,177205,12927,20,504,28,1.24,1,5,791,1.76,10,0.03,,,,,,0,0
417.35,177705,12927,20,500,0,1.12,0,0,791,1.76,510,1.14,,,,,,0,0
418.53,178208,12947,20,503,20,1.18,1,5,791,1.76,225,0.54,,,,,,0,0
419.82,178711,12959,20,503,12,1.29,1,5,791,1.76,260,0.72,,,,,,0,0
420.99,179214,12991,20,503,32,1.17,1,5,791,1.76,75,0.17,,,,,,0,0
422.21,179715,13011,20,501,20,1.21,1,5,791,1.76,15,0.04,,,,,,0,0
423.42,180215,13039,20,500,28,1.21,1,5,791,1.76,70,0.19,,,,,,0,0
424.6,180719,13067,20,504,28,1.18,1,5,791,1.76,15,0.02,,,,,,0,0
425.85,181219,13087,20,500,20,1.25,1,5,791,1.76,75,0.21,,,,,,0,0
427.12,181719,13127,20,500,40,1.27,1,5,791,1.76,100,0.22,,,,,,0,0
428.27,182220,13151,20,501,24,1.15,1,5,791,1.76,240,0.53,,,,,,0,0
429.41,182721,13171,20,501,20,1.14,1,5,791,1.76,150,0.35,,,,,,0,0
430.51,183223,13207,20,502,36,1.1,1,5,791,1.76,40,0.08,,,,,,0,0
431.63,183726,13219,20,503,12,1.12,1,5,791,1.76,305,0.68,,,,,,0,0
432.84,184230,13243,20,504,24,1.21,1,5,791,1.76,5,0.02,,,,,,0,0
434.06,184734,13275,20,504,32,1.22,1,5,791,1.76,85,0.22,,,,,,0,0
435.25,185234,13287,20,500,12,1.19,1,5,791,1.76,140,0.33,,,,,,0,0
436.65,185738,13319,20,504,32,1.39,1,5,791,1.76,60,0.16,,,,,,0,0
437.87,186240,13359,20,502,40,1.22,1,5,791,1.76,80,0.2,,,,,,0,0
439.12,186741,13391,20,501,32,1.25,1,5,791,1.76,80,0.25,,,,,,0,0
440.35,187243,13411,20,502,20,1.23,1,5,791,1.76,110,0.26,,,,,,0,0
441.61,187743,13423,20,500,12,1.27,1,5,791,1.76,25,0.08,,,,,,0,0
442.96,188243,13463,20,500,40,1.34,1,5,791,1.76,80,0.23,,,,,,0,0
444.22,188744,13491,20,501,28,1.26,1,5,791,1.76,55,0.13,,,,,,0,0
445.58,189244,13519,20,500,28,1.36,1,5,791,1.76,30,0.08,,,,,,0,0
447.03,189745,13535,20,501,16,1.45,1,5,791,1.76,115,0.38,,,,,,0,0
448.46,190247,13555,20,502,20,1.43,1,5,791,1.76,60,0.17,,,,,,0,0
449.82,190750,13575,20,503,20,1.36,1,5,791,1.76,65,0.17,,,,,,0,0
451.12,191252,13611,20,502,36,1.3,1,5,791,1.76,20,0.05,,,,,,0,0
452.34,191752,13631,20,500,20,1.22,1,5,791,1.76,50,0.15,,,,,,0,0
453.53,192256,13667,20,504,36,1.19,1,5,791,1.76,10,0.03,,,,,,0,0
454.87,192760,13699,20,504,32,1.34,1,5,791,1.76,40,0.08,,,,,,0,0
455.97,193261,13731,20,501,32,1.1,1,5,791,1.76,85,0.2,,,,,,0,0
457.2,193763,13747,20,502,16,1.23,1,5,791,1.76,115,0.31,,,,,,0,0
458.41,194267,13755,20,504,8,1.21,1,5,791,1.76,205,0.45,,,,,,0,0
459.63,194769,13771,20,502,16,1.22,1,5,791,1.76,10,0.03,,,,,,0,0
460.79,195270,13787,20,501,16,1.16,1,5,791,1.76,80,0.21,,,,,,0,0
461.99,195771,13803,20,501,16,1.21,1,5,791,1.76,130,0.29,,,,,,0,0
463.16,196271,13819,20,500,16,1.17,1,5,791,1.76,290,0.69,,,,,,0,0
464.41,196771,13847,20,500,28,1.25,1,5,791,1.76,40,0.1,,,,,,0,0
465.66,197273,13867,20,502,20,1.25,1,5,791,1.76,20,0.04,,,,,,0,0
466.99,197775,13895,20,502,28,1.32,1,5,791,1.76,25,0.07,,,,,,0,0
468.22,198275,13915,20,500,20,1.23,1,5,791,1.76,65,0.16,,,,,,0,0
469.45,198775,13943,20,500,28,1.23,1,5,791,1.76,5,0.01,,,,,,0,0
470.85,199275,13987,20,500,44,1.41,1,5,791,1.76,30,0.1,,,,,,0,0
472.02,199776,14015,20,501,28,1.16,1,5,791,1.76,5,0.01,,,,,,0,0
473.31,200278,14043,20,502,28,1.29,1,5,791,1.76,70,0.22,,,,,,0,0
474.71,200778,14055,20,500,12,1.41,1,5,791,1.76,315,0.86,,,,,,0,0
475.94,201280,14071,20,502,16,1.23,1,5,791,1.76,10,0.03,,,,,,0,0
477.24,201780,14095,20,500,24,1.29,1,5,791,1.76,40,0.14,,,,,,0,0
478.5,202283,14127,20,503,32,1.26,1,5,791,1.76,35,0.08,,,,,,0,0
479.74,202783,14143,20,500,16,1.24,1,5,791,1.76,275,0.67,,,,,,0,0
481.1,203284,14171,20,501,28,1.36,1,5,791,1.76,205,0.47,,,,,,0,0
482.43,203785,14211,20,501,40,1.34,1,5,791,1.76,15,0.04,,,,,,0,0
483.8,204285,14227,20,500,16,1.37,1,5,791,1.76,30,0.1,,,,,,0,0
485.07,204787,14251,20,502,24,1.27,1,5,791,1.76,45,0.11,,,,,,0,0
486.27,205288,14263,20,501,12,1.19,1,5,791,1.76,90,0.24,,,,,,0,0
487.43,205790,14291,20,502,28,1.16,1,5,791,1.76,25,0.06,,,,,,0,0
488.58,206290,14323,20,500,32,1.15,1,5,791,1.76,25,0.05,,,,,,0,0
489.9,206794,14339,20,504,16,1.32,1,5,791,1.76,130,0.34,,,,,,0,0
491.21,207296,14375,20,502,36,1.31,1,5,791,1.76,15,0.05,,,,,,0,0
492.47,207797,14407,20,501,32,1.26,1,5,791,1.76,40,0.11,,,,,,0,0
493.79,208300,14435,20,503,28,1.32,1,5,791,1.76,25,0.06,,,,,,0,0
494.98,208801,14459,20,501,24,1.19,1,5,791,1.76,25,0.06,,,,,,0,0
496.16,209304,14479,20,503,20,1.18,1,5,791,1.76,105,0.22,,,,,,0,0
497.41,209804,14503,20,500,24,1.26,1,5,791,1.76,75,0.19,,,,,,0,0
498.63,210307,14515,20,503,12,1.21,1,5,791,1.76,200,0.46,,,,,,0,0
499.85,210811,14539,20,504,24,1.22,1,5,791,1.76,185,0.41,,,,,,0,0
501.06,211314,14567,20,503,28,1.22,1,5,791,1.76,10,0.02,,,,,,0,0
502.24,211815,14587,20,501,20,1.17,1,5,791,1.76,70,0.15,,,,,,0,0
503.6,212317,14627,20,502,40,1.36,1,5,791,1.76,35,0.08,,,,,,0,0
504.89,212819,14647,20,502,20,1.29,1,5,791,1.76,5,0.01,,,,,,0,0
505.99,213319,14667,20,500,20,1.1,1,5,791,1.76,175,0.4,,,,,,0,0
507.26,213822,14691,20,503,24,1.28,1,5,791,1.76,145,0.35,,,,,,0,0
508.46,214326,14723,20,504,32,1.2,1,5,791,1.76,60,0.15,,,,,,0,0
509.7,214830,14759,20,504,36,1.24,1,5,791,1.76,60,0.14,,,,,,0,0
510.91,215332,14767,20,502,8,1.21,1,5,791,1.76,70,0.18,,,,,,0,0
512,215833,14791,20,501,24,1.09,1,5,791,1.76,135,0.29,,,,,,0,0
513.36,216337,14815,20,504,24,1.35,1,5,791,1.76,30,0.1,,,,,,0,0
514.53,216837,14831,20,500,16,1.18,1,5,791,1.76,90,0.22,,,,,,0,0
515.97,217339,14863,20,502,32,1.44,1,5,791,1.76,25,0.07,,,,,,0,0
517.13,217839,14887,20,500,24,1.16,1,5,791,1.76,0,0,,,,,,0,0
518.42,218343,14903,20,504,16,1.28,1,5,791,1.76,95,0.25,,,,,,0,0
519.63,218843,14931,20,500,28,1.21,1,5,791,1.76,15,0.03,,,,,,0,0
520.91,219345,14967,20,502,36,1.28,1,5,791,1.76,45,0.11,,,,,,0,0
522.23,219848,14999,20,503,32,1.32,1,5,791,1.76,70,0.2,,,,,,0,0
523.46,220352,15027,20,504,28,1.24,1,5,791,1.76,120,0.27,,,,,,0,0
524.67,220854,15035,20,502,8,1.21,1,5,791,1.76,65,0.14,,,,,,0,0
525.84,221355,15063,20,501,28,1.17,1,5,791,1.76,5,0.01,,,,,,0,0
527.06,221856,15087,20,501,24,1.22,1,5,791,1.76,300,0.75,,,,,,0,0
528.22,222356,15107,20,500,20,1.16,1,5,791,1.76,0,0,,,,,,0,0
529.46,222858,15131,20,502,24,1.24,1,5,791,1.76,75,0.17,,,,,,0,0
530.77,223358,15167,20,500,36,1.31,1,5,791,1.76,30,0.11,,,,,,0,0
532.06,223862,15187,20,504,20,1.3,1,5,791,1.76,115,0.27,,,,,,0,0
533.26,224363,15223,20,501,36,1.19,1,5,791,1.76,165,0.43,,,,,,0,0
534.69,224866,15255,20,503,32,1.43,1,5,791,1.76,30,0.08,,,,,,0,0
535.94,225370,15283,20,504,28,1.26,1,5,791,1.76,85,0.22,,,,,,0,0
537.14,225873,15347,20,503,64,1.19,1,5,791,1.76,45,0.1,,,,,,0,0
538.37,226376,15371,20,503,24,1.23,1,5,791,1.76,50,0.12,,,,,,0,0
539.59,226876,15387,20,500,16,1.22,1,5,791,1.76,230,0.56,,,,,,0,0
540.83,227380,15423,20,504,36,1.25,1,5,791,1.76,15,0.03,,,,,,0,0
542.05,227882,15443,20,502,20,1.21,1,5,791,1.76,5,0.01,,,,,,0,0
543.34,228386,15467,20,504,24,1.3,1,5,791,1.76,80,0.21,,,,,,0,0
544.59,228887,15491,20,501,24,1.24,1,5,791,1.76,135,0.36,,,,,,0,0
545.85,229387,15511,20,500,20,1.26,1,5,791,1.76,15,0.04,,,,,,0,0
547.1,229890,15523,20,503,12,1.25,1,5,791,1.76,145,0.37,,,,,,0,0
548.38,230393,15547,20,503,24,1.28,1,5,791,1.76,155,0.44,,,,,,0,0
549.61,230896,15567,20,503,20,1.23,1,5,791,1.76,80,0.19,,,,,,0,0
550.83,231396,15599,20,500,32,1.23,1,5,791,1.76,105,0.27,,,,,,0,0
552.07,231899,15619,20,503,20,1.24,1,5,791,1.76,20,0.07,,,,,,0,0
553.27,232399,15639,20,500,20,1.2,1,5,791,1.76,95,0.23,,,,,,0,0
554.68,232899,15667,20,500,28,1.41,1,5,791,1.76,10,0.02,,,,,,0,0
555.86,233399,15699,20,500,32,1.18,1,5,791,1.76,20,0.05,,,,,,0,0
557.09,233902,15719,20,503,20,1.24,1,5,791,1.76,50,0.15,,,,,,0,0
558.27,234402,15747,20,500,28,1.18,1,5,791,1.76,130,0.33,,,,,,0,0
559.54,234904,15763,20,502,16,1.26,1,5,791,1.76,145,0.39,,,,,,0,0
560.74,235407,15791,20,503,28,1.2,1,5,791,1.76,50,0.11,,,,,,0,0
561.98,235910,15803,20,503,12,1.24,1,5,791,1.76,15,0.05,,,,,,0,0
563.35,236414,15827,20,504,24,1.37,1,5,791,1.76,160,0.43,,,,,,0,0
564.65,236917,15835,20,503,8,1.3,1,5,791,1.76,375,0.97,,,,,,0,0
566.01,237417,15863,20,500,28,1.37,1,5,791,1.76,85,0.2,,,,,,0,0
567.18,237918,15883,20,501,20,1.16,1,5,791,1.76,10,0.03,,,,,,0,0
568.33,238419,15907,20,501,24,1.15,1,5,791,1.76,195,0.48,,,,,,0,0
569.66,238922,15947,20,503,40,1.34,1,5,791,1.76,150,0.39,,,,,,0,0
570.94,239425,15975,20,503,28,1.28,1,5,791,1.76,35,0.09,,,,,,0,0
572.16,239926,15991,20,501,16,1.22,1,5,791,1.76,260,0.63,,,,,,0,0
573.38,240427,16031,20,501,40,1.22,1,5,791,1.76,15,0.03,,,,,,0,0
574.65,240931,16043,20,504,12,1.27,1,5,791,1.76,360,0.86,,,,,,0,0
575.87,241435,16067,20,504,24,1.23,1,5,791,1.76,15,0.03,,,,,,0,0
577.1,241936,16103,20,501,36,1.23,1,5,791,1.76,120,0.29,,,,,,0,0
578.28,242438,16119,20,502,16,1.18,1,5,791,1.76,185,0.42,,,,,,0,0
579.64,242938,16179,20,500,60,1.35,1,5,791,1.76,5,0.01,,,,,,0,0
581.21,243442,16191,20,504,12,1.57,1,5,791,1.76,85,0.24,,,,,,0,0
582.53,243945,16219,20,503,28,1.32,1,5,791,1.76,75,0.21,,,,,,0,0
583.9,244448,16231,20,503,12,1.37,1,5,791,1.76,70,0.17,,,,,,0,0
585.32,244950,16255,20,502,24,1.42,1,5,791,1.76,100,0.26,,,,,,0,0
586.62,245454,16267,20,504,12,1.29,1,5,791,1.76,155,0.4,,,,,,0,0
587.97,245956,16287,20,502,20,1.35,1,5,791,1.76,5,0.02,,,,,,0,0
589.26,246457,16303,20,501,16,1.29,1,5,791,1.76,70,0.15,,,,,,0,0
590.44,246958,16307,20,501,4,1.18,1,5,791,1.76,25,0.07,,,,,,0,0
591.77,247458,16343,20,500,36,1.34,1,5,791,1.76,135,0.35,,,,,,0,0
593.08,247960,16367,20,502,24,1.3,1,5,791,1.76,5,0.02,,,,,,0,0
594.41,248464,16395,20,504,28,1.33,1,5,791,1.76,25,0.09,,,,,,0,0
595.75,248965,16411,20,501,16,1.34,1,5,791,1.76,50,0.15,,,,,,0,0
597.06,249469,16443,20,504,32,1.31,1,5,791,1.76,55,0.13,,,,,,0,0
598.35,249970,16467,20,501,24,1.29,1,5,791,1.76,20,0.05,,,,,,0,0
599.65,250472,16507,20,502,40,1.3,1,5,791,1.76,50,0.11,,,,,,0,0
600.91,250976,16539,20,504,32,1.26,1,5,791,1.76,15,0.04,,,,,,0,0
602.25,251477,16551,20,501,12,1.34,1,5,791,1.76,210,0.6,,,,,,0,0
603.48,251981,16571,20,504,20,1.24,1,5,791,1.76,20,0.04,,,,,,0,0
604.66,252483,16603,20,502,32,1.18,1,5,791,1.76,60,0.14,,,,,,0,0
606.11,252984,16631,20,501,28,1.45,1,5,791,1.76,30,0.08,,,,,,0,0
607.48,253488,16667,20,504,36,1.37,1,5,791,1.76,105,0.33,,,,,,0,0
608.98,253991,16703,20,503,36,1.5,1,5,791,1.76,50,0.13,,,,,,0,0
610.12,254492,16739,20,501,36,1.14,1,5,791,1.76,15,0.04,,,,,,0,0
611.36,254994,16763,20,502,24,1.24,1,5,791,1.76,175,0.44,,,,,,0,0
612.53,255495,16803,20,501,40,1.17,1,5,791,1.76,30,0.07,,,,,,0,0
613.69,255997,16815,20,502,12,1.16,1,5,791,1.76,180,0.39,,,,,,0,0
614.89,256501,16847,20,504,32,1.2,1,5,791,1.76,10,0.04,,,,,,0,0
616.09,257002,16863,20,501,16,1.2,1,5,791,1.76,70,0.17,,,,,,0,0
617.28,257504,16887,20,502,24,1.19,1,5,791,1.76,90,0.2,,,,,,0,0
618.8,258007,16919,20,503,32,1.52,1,5,791,1.76,115,0.4,,,,,,0,0
620.11,258508,16951,20,501,32,1.31,1,5,791,1.76,70,0.17,,,,,,0,0
621.39,259008,16987,20,500,36,1.28,1,5,791,1.76,30,0.08,,,,,,0,0
622.63,259508,17007,20,500,20,1.24,1,5,791,1.76,120,0.29,,,,,,0,0
623.9,260010,17039,20,502,32,1.27,1,5,791,1.76,260,0.62,,,,,,0,0
625.06,260511,17079,20,501,40,1.16,1,5,791,1.76,70,0.16,,,,,,0,0
626.32,261011,17111,20,500,32,1.26,1,5,791,1.76,20,0.05,,,,,,0,0
627.61,261511,17131,20,500,20,1.3,1,5,791,1.76,10,0.02,,,,,,0,0
628.84,262014,17139,20,503,8,1.23,1,5,791,1.76,75,0.18,,,,,,0,0
630.07,262514,17167,20,500,28,1.23,1,5,791,1.76,100,0.27,,,,,,0,0
631.3,263015,17171,20,501,4,1.22,1,5,791,1.76,20,0.05,,,,,,0,0
632.62,263516,17203,20,501,32,1.32,1,5,791,1.76,110,0.3,,,,,,0,0
633.99,264019,17215,20,503,12,1.37,1,5,791,1.76,15,0.03,,,,,,0,0
635.15,264519,17235,20,500,20,1.17,1,5,791,1.76,240,0.56,,,,,,0,0
636.46,265020,17259,20,501,24,1.31,1,5,791,1.76,150,0.35,,,,,,0,0
637.78,265524,17271,20,504,12,1.31,1,5,791,1.76,290,0.76,,,,,,0,0
638.99,266027,17291,20,503,20,1.21,1,5,791,1.76,215,0.53,,,,,,0,0
640.29,266530,17335,20,503,44,1.31,1,5,791,1.76,60,0.13,,,,,,0,0
641.6,267034,17375,20,504,40,1.31,1,5,791,1.76,40,0.1,,,,,,0,0
643.05,267535,17399,20,501,24,1.45,1,5,791,1.76,125,0.37,,,,,,0,0
644.41,268036,17419,20,501,20,1.37,1,5,791,1.76,45,0.11,,,,,,0,0
645.6,268539,17431,20,503,12,1.19,1,5,791,1.76,215,0.52,,,,,,0,0
646.74,269042,17451,20,503,20,1.14,1,5,791,1.76,195,0.43,,,,,,0,0
647.89,269543,17479,20,501,28,1.14,1,5,791,1.76,185,0.43,,,,,,0,0
649.15,270047,17503,20,504,24,1.27,1,5,791,1.76,65,0.18,,,,,,0,0
650.5,270549,17527,20,502,24,1.35,1,5,791,1.76,30,0.09,,,,,,0,0
651.67,271053,17547,20,504,20,1.17,1,5,791,1.76,265,0.6,,,,,,0,0
652.91,271557,17575,20,504,28,1.24,1,5,791,1.76,145,0.38,,,,,,0,0
654.17,272061,17591,20,504,16,1.26,1,5,791,1.76,20,0.05,,,,,,0,0
655.47,272564,17623,20,503,32,1.29,1,5,791,1.76,5,0.01,,,,,,0,0
656.68,273066,17631,20,502,8,1.21,1,5,791,1.76,55,0.12,,,,,,0,0
657.8,273569,17659,20,503,28,1.12,1,5,791,1.76,45,0.08,,,,,,0,0
658.93,274073,17675,20,504,16,1.13,1,5,791,1.76,20,0.05,,,,,,0,0
660.11,274573,17707,20,500,32,1.17,1,5,791,1.76,75,0.14,,,,,,0,0
661.45,275076,17735,20,503,28,1.34,1,5,791,1.76,95,0.23,,,,,,0,0
662.63,275579,17767,20,503,32,1.18,1,5,791,1.76,90,0.2,,,,,,0,0
663.86,276080,17787,20,501,20,1.23,1,5,791,1.76,35,0.1,,,,,,0,0
665.07,276580,17803,20,500,16,1.22,1,5,791,1.76,265,0.62,,,,,,0,0
666.31,277081,17815,20,501,12,1.24,1,5,791,1.76,115,0.29,,,,,,0,0
667.69,277585,17843,20,504,28,1.37,1,5,791,1.76,35,0.09,,,,,,0,0
668.83,278088,17883,20,503,40,1.15,1,5,791,1.76,100,0.27,,,,,,0,0
670.08,278592,17895,20,504,12,1.25,1,5,791,1.76,50,0.1,,,,,,0,0
671.25,279092,17919,20,500,24,1.17,1,5,791,1.76,40,0.12,,,,,,0,0
672.37,279596,17963,20,504,44,1.12,1,5,791,1.76,30,0.07,,,,,,0,0
673.61,280096,17999,20,500,36,1.24,1,5,791,1.76,10,0.02,,,,,,0,0
674.7,280599,18031,20,503,32,1.09,1,5,791,1.76,25,0.08,,,,,,0,0
675.91,281100,18043,20,501,12,1.21,1,5,791,1.76,30,0.07,,,,,,0,0
677.1,281600,18063,20,500,20,1.19,1,5,791,1.76,125,0.29,,,,,,0,0
678.32,282104,18091,20,504,28,1.22,1,5,791,1.76,40,0.07,,,,,,0,0
679.52,282604,18123,20,500,32,1.2,1,5,791,1.76,30,0.06,,,,,,0,0
680.86,283108,18151,20,504,28,1.34,1,5,791,1.76,5,0.01,,,,,,0,0
682.1,283612,18159,20,504,8,1.24,1,5,791,1.76,350,0.89,,,,,,0,0
683.36,284115,18183,20,503,24,1.26,1,5,791,1.76,30,0.07,,,,,,0,0
684.59,284616,18215,20,501,32,1.23,1,5,791,1.76,35,0.08,,,,,,0,0
685.96,285119,18239,20,503,24,1.37,1,5,791,1.76,70,0.2,,,,,,0,0
687.22,285620,18255,20,501,16,1.26,1,5,791,1.76,15,0.03,,,,,,0,0
688.42,286121,18267,20,501,12,1.2,1,5,791,1.76,5,0.02,,,,,,0,0
689.73,286621,18315,20,500,48,1.31,1,5,791,1.76,75,0.2,,,,,,0,0
691.01,287124,18347,20,503,32,1.28,1,5,791,1.76,70,0.17,,,,,,0,0
692.26,287626,18367,20,502,20,1.25,1,5,791,1.76,90,0.21,,,,,,0,0
693.64,288126,18399,20,500,32,1.38,1,5,791,1.76,60,0.18,,,,,,0,0
694.87,288626,18423,20,500,24,1.23,1,5,791,1.76,115,0.29,,,,,,0,0
696.06,289127,18455,20,501,32,1.19,1,5,791,1.76,30,0.07,,,,,,0,0
697.27,289631,18475,20,504,20,1.2,1,5,791,1.76,180,0.39,,,,,,0,0
698.5,290132,18499,20,501,24,1.23,1,5,791,1.76,125,0.29,,,,,,0,0
699.76,290635,18527,20,503,28,1.27,2,10,791,1.76,145,0.38,,,,,,0,0
700.97,291135,18543,20,500,16,1.21,1,5,791,1.76,50,0.11,,,,,,0,0
702.15,291635,18591,20,500,48,1.18,1,5,791,1.76,35,0.09,,,,,,0,0
703.31,292136,18607,20,501,16,1.16,1,5,791,1.76,40,0.1,,,,,,0,0
704.42,292636,18635,20,500,28,1.11,1,5,791,1.76,80,0.2,,,,,,0,0
705.63,293140,18655,20,504,20,1.21,1,5,791,1.76,200,0.46,,,,,,0,0
706.72,293640,18683,20,500,28,1.08,1,5,791,1.76,5,0.01,,,,,,0,0
707.85,294143,18719,20,503,36,1.14,1,5,791,1.76,35,0.08,,,,,,0,0
708.99,294645,18747,20,502,28,1.14,1,5,791,1.76,15,0.03,,,,,,0,0
710.2,295149,18759,20,504,12,1.21,1,5,791,1.76,85,0.22,,,,,,0,0
711.38,295652,18783,20,503,24,1.18,1,5,791,1.76,140,0.33,,,,,,0,0
712.49,296154,18791,20,502,8,1.1,1,5,791,1.76,365,0.77,,,,,,0,0
713.65,296654,18815,20,500,24,1.16,1,5,791,1.76,25,0.05,,,,,,0,0
714.74,297158,18843,20,504,28,1.1,1,5,791,1.76,65,0.12,,,,,,0,0
715.92,297662,18855,20,504,12,1.18,1,5,791,1.76,5,0.01,,,,,,0,0
717.07,298163,18879,20,501,24,1.14,1,5,791,1.76,35,0.08,,,,,,0,0
718.19,298663,18923,20,500,44,1.12,1,5,791,1.76,0,0,,,,,,0,0
719.41,299167,18947,20,504,24,1.22,1,5,791,1.76,30,0.06,,,,,,0,0
720.64,299670,18979,20,503,32,1.23,1,5,791,1.76,95,0.24,,,,,,0,0
721.92,300171,19007,20,501,28,1.28,1,5,791,1.76,30,0.07,,,,,,0,0
723.02,300672,19023,20,501,16,1.1,1,5,791,1.76,80,0.16,,,,,,0,0
724.31,301175,19051,20,503,28,1.29,1,5,791,1.76,40,0.09,,,,,,0,0
725.41,301677,19083,20,502,32,1.1,1,5,791,1.76,45,0.1,,,,,,0,0
726.66,302181,19099,20,504,16,1.25,1,5,791,1.76,25,0.05,,,,,,0,0
727.93,302684,19127,20,503,28,1.27,1,5,791,1.76,5,0.02,,,,,,0,0
729.2,303186,19135,20,502,8,1.27,1,5,791,1.76,290,0.72,,,,,,0,0
730.44,303686,19179,20,500,44,1.24,1,5,791,1.76,40,0.1,,,,,,0,0
731.7,304186,19195,20,500,16,1.26,1,5,791,1.76,155,0.42,,,,,,0,0
733.06,304688,19211,20,502,16,1.36,1,5,791,1.76,90,0.23,,,,,,0,0
734.26,305189,19235,20,501,24,1.2,1,5,791,1.76,5,0.01,,,,,,0,0
735.52,305693,19251,20,504,16,1.26,1,5,791,1.76,60,0.17,,,,,,0,0
736.73,306194,19275,20,501,24,1.21,1,5,791,1.76,100,0.22,,,,,,0,0
737.89,306694,19291,20,500,16,1.15,1,5,791,1.76,165,0.41,,,,,,0,0
739.22,307196,19307,20,502,16,1.33,1,5,791,1.76,25,0.06,,,,,,0,0
740.43,307700,19339,20,504,32,1.21,1,5,791,1.76,90,0.24,,,,,,0,0
741.67,308203,19371,20,503,32,1.24,1,5,791,1.76,140,0.33,,,,,,0,0
743.03,308703,19383,20,500,12,1.37,1,5,791,1.76,195,0.58,,,,,,0,0
744.48,309206,19407,20,503,24,1.44,1,5,791,1.76,170,0.48,,,,,,0,0
745.76,309707,19439,20,501,32,1.28,1,5,791,1.76,115,0.3,,,,,,0,0
747.05,310207,19467,20,500,28,1.3,1,5,791,1.76,0,0,,,,,,0,0
748.36,310708,19491,20,501,24,1.31,1,5,791,1.76,35,0.08,,,,,,0,0
749.64,311211,19507,20,503,16,1.27,1,5,791,1.76,195,0.51,,,,,,0,0
750.91,311713,19535,20,502,28,1.28,1,5,791,1.76,10,0.03,,,,,,0,0
752.2,312217,19559,20,504,24,1.29,1,5,791,1.76,15,0.03,,,,,,0,0
753.58,312720,19583,20,503,24,1.38,1,5,791,1.76,15,0.03,,,,,,0,0
754.82,313220,19623,20,500,40,1.23,1,5,791,1.76,0,0,,,,,,0,0
756.08,313723,19651,20,503,28,1.26,1,5,791,1.76,20,0.06,,,,,,0,0
757.25,314225,19671,20,502,20,1.17,1,5,791,1.76,25,0.06,,,,,,0,0
758.49,314728,19699,20,503,28,1.25,1,5,791,1.76,120,0.26,,,,,,0,0
759.71,315231,19711,20,503,12,1.22,1,5,791,1.76,165,0.4,,,,,,0,0
760.97,315731,19727,20,500,16,1.26,1,5,791,1.76,0,0,,,,,,0,0
762.28,316233,19759,20,502,32,1.31,1,5,791,1.76,50,0.12,,,,,,0,0
763.53,316733,19795,20,500,36,1.26,1,5,791,1.76,65,0.15,,,,,,0,0
764.72,317234,19815,20,501,20,1.19,1,5,791,1.76,165,0.38,,,,,,0,0
765.89,317734,19855,20,500,40,1.17,1,5,791,1.76,0,0,,,,,,0,0
767.17,318235,19883,20,501,28,1.28,1,5,791,1.76,25,0.06,,,,,,0,0
768.56,318735,19919,20,500,36,1.39,1,5,791,1.76,0,0,,,,,,0,0
769.73,319236,19967,20,501,48,1.17,1,5,791,1.76,5,0.01,,,,,,0,0
770.92,319739,19987,20,503,20,1.19,1,5,791,1.76,90,0.2,,,,,,0,0
771.96,320240,20011,20,501,24,1.04,1,5,791,1.76,65,0.15,,,,,,0,0
773.18,320741,20047,20,501,36,1.22,1,5,791,1.76,130,0.34,,,,,,0,0
774.46,321245,20083,20,504,36,1.29,1,5,791,1.76,10,0.02,,,,,,0,0
775.68,321747,20107,20,502,24,1.21,1,5,791,1.76,130,0.32,,,,,,0,0
776.91,322250,20139,20,503,32,1.23,1,5,791,1.76,40,0.09,,,,,,0,0
778.06,322751,20143,20,501,4,1.14,1,5,791,1.76,250,0.53,,,,,,0,0
779.3,323252,20175,20,501,32,1.25,1,5,791,1.76,5,0.01,,,,,,0,0
780.41,323754,20203,20,502,28,1.11,1,5,791,1.76,35,0.09,,,,,,0,0
781.55,324257,20231,20,503,28,1.14,1,5,791,1.76,105,0.24,,,,,,0,0
782.64,324758,20255,20,501,24,1.09,1,5,791,1.76,60,0.12,,,,,,0,0
783.81,325258,20267,20,500,12,1.17,1,5,791,1.76,20,0.05,,,,,,0,0
785.05,325759,20287,20,501,20,1.23,1,5,791,1.76,175,0.39,,,,,,0,0
786.27,326262,20295,20,503,8,1.22,1,5,791,1.76,135,0.39,,,,,,0,0
787.51,326766,20315,20,504,20,1.24,1,5,791,1.76,50,0.12,,,,,,0,0
788.67,327270,20347,20,504,32,1.15,1,5,791,1.76,125,0.31,,,,,,0,0
789.92,327770,20399,20,500,52,1.25,1,5,791,1.76,15,0.04,,,,,,0,0
791.1,328273,20435,20,503,36,1.18,1,5,791,1.76,100,0.2,,,,,,0,0
792.31,328776,20467,20,503,32,1.21,1,5,791,1.76,35,0.08,,,,,,0,0
793.38,329280,20515,20,504,48,1.08,1,5,791,1.76,25,0.06,,,,,,0,0
794.64,329783,20539,20,503,24,1.26,1,5,791,1.76,40,0.08,,,,,,0,0
795.77,330284,20555,20,501,16,1.13,1,5,791,1.76,90,0.21,,,,,,0,0
797.07,330787,20583,20,503,28,1.3,1,5,791,1.76,40,0.1,,,,,,0,0
798.21,331290,20595,20,503,12,1.14,1,5,791,1.76,350,0.77,,,,,,0,0
799.45,331791,20619,20,501,24,1.25,1,5,791,1.76,5,0.01,,,,,,0,0
800.56,332293,20635,20,502,16,1.11,1,5,791,1.76,20,0.04,,,,,,0,0
801.84,332797,20663,20,504,28,1.28,1,5,791,1.76,15,0.04,,,,,,0,0
803.27,333297,20679,20,500,16,1.43,1,5,791,1.76,0,0,,,,,,0,0
804.52,333799,20695,20,502,16,1.25,1,5,791,1.76,5,0.02,,,,,,0,0
805.7,334299,20703,20,500,8,1.17,1,5,791,1.76,300,0.71,,,,,,0,0
806.84,334802,20715,20,503,12,1.14,1,5,791,1.76,15,0.03,,,,,,0,0
807.93,335304,20727,20,502,12,1.09,1,5,791,1.76,50,0.11,,,,,,0,0
809.12,335808,20747,20,504,20,1.19,1,5,791,1.76,85,0.25,,,,,,0,0
810.34,336308,20763,20,500,16,1.22,1,5,791,1.76,195,0.49,,,,,,0,0
811.62,336809,20799,20,501,36,1.28,1,5,791,1.76,15,0.04,,,,,,0,0
812.82,337311,20823,20,502,24,1.2,1,5,791,1.76,60,0.14,,,,,,0,0
814.02,337813,20831,20,502,8,1.2,1,5,791,1.76,275,0.66,,,,,,0,0
815.08,338315,20839,20,502,8,1.06,1,5,791,1.76,340,0.71,,,,,,0,0
816.28,338816,20851,20,501,12,1.2,1,5,791,1.76,25,0.06,,,,,,0,0
817.38,339319,20879,20,503,28,1.1,1,5,791,1.76,35,0.07,,,,,,0,0
818.49,339821,20903,20,502,24,1.11,1,5,791,1.76,65,0.18,,,,,,0,0
819.96,340324,20923,20,503,20,1.47,1,5,791,1.76,65,0.2,,,,,,0,0
821.39,340828,20963,20,504,40,1.43,1,5,791,1.76,5,0.02,,,,,,0,0
822.54,341332,20995,20,504,32,1.15,1,5,791,1.76,30,0.08,,,,,,0,0
823.8,341835,21047,20,503,52,1.27,1,5,791,1.76,45,0.12,,,,,,0,0
825.08,342335,21075,20,500,28,1.27,1,5,791,1.76,60,0.15,,,,,,0,0
826.26,342839,21099,20,504,24,1.19,1,5,791,1.76,75,0.16,,,,,,0,0
827.38,343343,21115,20,504,16,1.12,1,5,791,1.76,195,0.44,,,,,,0,0
828.57,343847,21155,20,504,40,1.19,1,5,791,1.76,55,0.13,,,,,,0,0
829.81,344347,21167,20,500,12,1.24,1,5,791,1.76,20,0.06,,,,,,0,0
831.01,344848,21195,20,501,28,1.2,1,5,791,1.76,20,0.06,,,,,,0,0
832.24,345348,21211,20,500,16,1.23,1,5,791,1.76,0,0,,,,,,0,0
833.48,345851,21239,20,503,28,1.24,1,5,791,1.76,5,0.01,,,,,,0,0
834.78,346353,21279,20,502,40,1.3,1,5,791,1.76,15,0.04,,,,,,0,0
835.9,346856,21291,20,503,12,1.12,1,5,791,1.76,15,0.04,,,,,,0,0
837.15,347359,21327,20,503,36,1.25,1,5,791,1.76,5,0.01,,,,,,0,0
838.23,347860,21359,20,501,32,1.08,1,5,791,1.76,110,0.24,,,,,,0,0
839.36,348364,21391,20,504,32,1.13,1,5,791,1.76,25,0.05,,,,,,0,0
840.51,348867,21419,20,503,28,1.15,1,5,791,1.76,65,0.15,,,,,,0,0
841.8,349369,21455,20,502,36,1.28,1,5,791,1.76,10,0.03,,,,,,0,0
843.25,349871,21487,20,502,32,1.46,1,5,791,1.76,95,0.28,,,,,,0,0
844.6,350374,21503,20,503,16,1.35,1,5,791,1.76,330,0.81,,,,,,0,0
845.84,350877,21519,20,503,16,1.24,1,5,791,1.76,25,0.06,,,,,,0,0
847.2,351377,21555,20,500,36,1.36,1,5,791,1.76,55,0.11,,,,,,0,0
848.46,351878,21587,20,501,32,1.26,1,5,791,1.76,20,0.05,,,,,,0,0
849.76,352378,21603,20,500,16,1.3,1,5,791,1.76,10,0.02,,,,,,0,0
850.89,352882,21631,20,504,28,1.13,1,5,791,1.76,70,0.16,,,,,,0,0
852.03,353386,21647,20,504,16,1.15,1,5,791,1.76,10,0.02,,,,,,0,0
853.21,353890,21687,20,504,40,1.17,1,5,791,1.76,5,0.01,,,,,,0,0
854.37,354391,21711,20,501,24,1.16,1,5,791,1.76,15,0.04,,,,,,0,0
855.63,354891,21731,20,500,20,1.26,1,5,791,1.76,15,0.04,,,,,,0,0
856.92,355392,21751,20,501,20,1.29,1,5,791,1.76,20,0.07,,,,,,0,0
858.2,355893,21755,20,501,4,1.29,1,5,791,1.76,470,1.21,,,,,,0,0
859.5,356393,21771,20,500,16,1.3,1,5,791,1.76,120,0.33,,,,,,0,0
860.73,356895,21803,20,502,32,1.23,1,5,791,1.76,95,0.27,,,,,,0,0
861.97,357398,21823,20,503,20,1.24,1,5,791,1.76,75,0.15,,,,,,0,0
863.16,357902,21839,20,504,16,1.18,1,5,791,1.76,15,0.04,,,,,,0,0
864.38,358405,21843,20,503,4,1.23,1,5,791,1.76,105,0.29,,,,,,0,0
865.59,358908,21859,20,503,16,1.21,1,5,791,1.76,20,0.06,,,,,,0,0
866.82,359408,21891,20,500,32,1.23,1,5,791,1.76,170,0.46,,,,,,0,0
868.1,359909,21915,20,501,24,1.29,1,5,791,1.76,145,0.39,,,,,,0,0
869.29,360413,21947,20,504,32,1.18,1,5,791,1.76,10,0.03,,,,,,0,0
870.58,360913,21979,20,500,32,1.29,1,5,791,1.76,40,0.1,,,,,,0,0
871.74,361417,22007,20,504,28,1.16,1,5,791,1.76,175,0.39,,,,,,0,0
873.04,361921,22043,20,504,36,1.3,1,5,791,1.76,30,0.06,,,,,,0,0
874.37,362425,22075,20,504,32,1.32,1,5,791,1.76,100,0.26,,,,,,0,0
875.65,362926,22095,20,501,20,1.28,1,5,791,1.76,45,0.11,,,,,,0,0
876.77,363429,22107,20,503,12,1.12,1,5,791,1.76,45,0.11,,,,,,0,0
878.09,363930,22147,20,501,40,1.33,1,5,791,1.76,30,0.11,,,,,,0,0
879.38,364433,22183,20,503,36,1.29,1,5,791,1.76,25,0.05,,,,,,0,0
880.55,364934,22187,20,501,4,1.18,1,5,791,1.76,305,0.74,,,,,,0,0
881.76,365437,22219,20,503,32,1.21,1,5,791,1.76,15,0.03,,,,,,0,0
883.04,365938,22239,20,501,20,1.28,1,5,791,1.76,65,0.17,,,,,,0,0
884.26,366442,22267,20,504,28,1.21,1,5,791,1.76,135,0.31,,,,,,0,0
885.45,366945,22275,20,503,8,1.2,1,5,791,1.76,220,0.58,,,,,,0,0
886.65,367447,22283,20,502,8,1.2,1,5,791,1.76,65,0.2,,,,,,0,0
887.94,367951,22295,20,504,12,1.29,1,5,791,1.76,155,0.36,,,,,,0,0
889.1,368454,22307,20,503,12,1.15,1,5,791,1.76,325,0.72,,,,,,0,0
890.21,368955,22319,20,501,12,1.11,1,5,791,1.76,15,0.05,,,,,,0,0
891.47,369459,22335,20,504,16,1.25,1,5,791,1.76,40,0.09,,,,,,0,0
892.69,369959,22363,20,500,28,1.23,1,5,791,1.76,5,0.01,,,,,,0,0
893.98,370462,22383,20,503,20,1.28,1,5,791,1.76,20,0.06,,,,,,0,0
895.25,370966,22411,20,504,28,1.28,1,5,791,1.76,50,0.13,,,,,,0,0
896.46,371467,22431,20,501,20,1.21,1,5,791,1.76,155,0.38,,,,,,0,0
897.67,371971,22471,20,504,40,1.21,1,5,791,1.76,30,0.06,,,,,,0,0
898.95,372473,22495,20,502,24,1.28,1,5,791,1.76,15,0.04,,,,,,0,0
900.07,372973,22507,20,500,12,1.12,1,5,791,1.76,25,0.05,,,,,,0,0
901.28,373474,22531,20,501,24,1.21,1,5,791,1.76,175,0.43,,,,,,0,0
902.58,373978,22559,20,504,28,1.3,1,5,791,1.76,265,0.65,,,,,,0,0
903.8,374479,22579,20,501,20,1.23,1,5,791,1.76,100,0.26,,,,,,0,0
905,374980,22595,20,501,16,1.2,1,5,791,1.76,50,0.12,,,,,,0,0
906.21,375480,22623,20,500,28,1.21,1,5,791,1.76,30,0.09,,,,,,0,0
907.34,375980,22635,20,500,12,1.13,1,5,791,1.76,185,0.4,,,,,,0,0
908.5,376483,22663,20,503,28,1.16,1,5,791,1.76,5,0.01,,,,,,0,0
909.57,376983,22691,20,500,28,1.07,1,5,791,1.76,95,0.21,,,,,,0,0
910.89,377486,22711,20,503,20,1.32,1,5,791,1.76,70,0.16,,,,,,0,0
912.13,377988,22731,20,502,20,1.24,1,5,791,1.76,125,0.3,,,,,,0,0
913.32,378491,22751,20,503,20,1.19,1,5,791,1.76,40,0.09,,,,,,0,0
914.53,378991,22779,20,500,28,1.21,1,5,791,1.76,0,0,,,,,,0,0
915.78,379493,22807,20,502,28,1.25,1,5,791,1.76,205,0.52,,,,,,0,0
917,379997,22819,20,504,12,1.22,1,5,791,1.76,30,0.07,,,,,,0,0
918.26,380497,22847,20,500,28,1.25,1,5,791,1.76,80,0.18,,,,,,0,0
919.69,380997,22863,20,500,16,1.43,1,5,791,1.76,70,0.2,,,,,,0,0
920.85,381501,22879,20,504,16,1.16,1,5,791,1.76,90,0.2,,,,,,0,0
922.21,382005,22891,20,504,12,1.36,1,5,791,1.76,40,0.1,,,,,,0,0
923.51,382508,22927,20,503,36,1.3,1,5,791,1.76,10,0.03,,,,,,0,0
924.76,383010,22951,20,502,24,1.26,1,5,791,1.76,40,0.11,,,,,,0,0
926.01,383514,22987,20,504,36,1.25,1,5,791,1.76,35,0.08,,,,,,0,0
927.21,384015,23027,20,501,40,1.2,1,5,791,1.76,30,0.08,,,,,,0,0
928.34,384518,23043,20,503,16,1.13,1,5,791,1.76,10,0.02,,,,,,0,0
929.55,385019,23067,20,501,24,1.2,1,5,791,1.76,70,0.15,,,,,,0,0
930.78,385519,23107,20,500,40,1.23,1,5,791,1.76,135,0.39,,,,,,0,0
932.06,386019,23143,20,500,36,1.29,1,5,791,1.76,35,0.11,,,,,,0,0
933.26,386522,23163,20,503,20,1.2,1,5,791,1.76,165,0.36,,,,,,0,0
934.48,387024,23187,20,502,24,1.22,1,5,791,1.76,120,0.31,,,,,,0,0
935.73,387528,23207,20,504,20,1.25,1,5,791,1.76,40,0.08,,,,,,0,0
936.94,388028,23247,20,500,40,1.21,1,5,791,1.76,250,0.62,,,,,,0,0
938.03,388531,23259,20,503,12,1.09,1,5,791,1.76,130,0.28,,,,,,0,0
939.28,389034,23279,20,503,20,1.25,1,5,791,1.76,50,0.13,,,,,,0,0
940.46,389536,23319,20,502,40,1.18,1,5,791,1.76,5,0.01,,,,,,0,0
941.66,390037,23335,20,501,16,1.2,1,5,791,1.76,45,0.11,,,,,,0,0
942.86,390540,23363,20,503,28,1.21,1,5,791,1.76,35,0.08,,,,,,0,0
944.33,391041,23395,20,501,32,1.46,1,5,791,1.76,25,0.05,,,,,,0,0
945.57,391544,23415,20,503,20,1.24,1,5,791,1.76,85,0.22,,,,,,0,0
946.82,392046,23439,20,502,24,1.25,1,5,791,1.76,65,0.16,,,,,,0,0
948,392549,23471,20,503,32,1.18,1,5,791,1.76,30,0.08,,,,,,0,0
949.33,393053,23491,20,504,20,1.33,1,5,791,1.76,220,0.63,,,,,,0,0
950.45,393554,23523,20,501,32,1.12,1,5,791,1.76,5,0.01,,,,,,0,0
951.82,394058,23539,20,504,16,1.37,1,5,791,1.76,60,0.15,,,,,,0,0
953.09,394560,23563,20,502,24,1.27,1,5,791,1.76,85,0.27,,,,,,0,0
954.34,395060,23583,20,500,20,1.25,1,5,791,1.76,85,0.21,,,,,,0,0
955.66,395562,23607,20,502,24,1.32,1,5,791,1.76,15,0.03,,,,,,0,0
956.88,396062,23627,20,500,20,1.22,1,5,791,1.76,45,0.09,,,,,,0,0
958.14,396562,23663,20,500,36,1.26,1,5,791,1.76,10,0.03,,,,,,0,0
959.32,397063,23699,20,501,36,1.18,1,5,791,1.76,85,0.21,,,,,,0,0
960.68,397564,23723,20,501,24,1.37,1,5,791,1.76,10,0.03,,,,,,0,0
961.87,398065,23743,20,501,20,1.18,1,5,791,1.76,65,0.16,,,,,,0,0
963.1,398566,23763,20,501,20,1.23,1,5,791,1.76,155,0.36,,,,,,0,0
