timestamp,runs,unique_features,corpus_size
1.09,503,4929,24
2.03,1005,5239,24
2.96,1509,5248,24
3.92,2009,5259,24
4.91,2509,5259,24
5.9,3010,5263,24
6.9,3511,5267,24
7.93,4012,5271,24
8.98,4512,5271,24
9.94,5012,5271,24
11.06,5513,5275,24
12.11,6013,5279,24
13.1,6516,5303,24
14.11,7020,5311,24
15.23,7520,5311,24
16.31,8023,5315,24
17.48,8525,5323,24
18.66,9029,5339,24
19.77,9532,5347,24
20.89,10032,5359,24
22.04,10533,5363,24
23.18,11033,5379,24
24.28,11537,5387,24
25.53,12038,5411,24
26.66,12540,5419,24
27.76,13043,5427,24
28.94,13546,5439,24
30.02,14046,5463,24
31.14,14550,5475,24
32.31,15054,5487,24
33.24,15557,5499,24
34.41,16057,5515,24
35.55,16560,5527,24
36.79,17061,5555,24
37.91,17565,5591,24
39.05,18065,5591,24
40.18,18567,5611,24
41.28,19070,5627,24
42.42,19570,5643,24
43.58,20071,5655,24
44.71,20572,5659,24
45.74,21074,5667,24
46.88,21574,5687,24
48,22076,5695,24
49.13,22577,5707,24
50.27,23078,5731,24
51.47,23582,5747,24
52.56,24084,5751,24
53.68,24585,5783,24
54.78,25089,5795,24
55.97,25591,5815,24
57.03,26093,5835,24
58.08,26596,5847,24
59.2,27098,5859,24
60.35,27598,5871,24
61.52,28099,5903,24
62.61,28599,5919,24
63.68,29102,5931,24
64.82,29603,5955,24
65.88,30106,5967,24
67,30609,5991,24
68.18,31111,6011,24
69.35,31613,6043,24
70.42,32113,6075,24
71.57,32615,6083,24
72.84,33118,6091,24
74.21,33620,6099,24
75.46,34122,6119,24
76.59,34625,6155,24
77.76,35126,6163,24
79,35627,6183,24
80.31,36128,6211,24
81.51,36629,6239,24
82.6,37131,6255,24
83.84,37635,6287,24
85.05,38138,6303,24
86.27,38639,6327,24
87.41,39139,6355,24
88.64,39640,6387,24
89.7,40141,6403,24
90.82,40644,6423,24
91.81,41148,6439,24
92.82,41648,6459,24
93.92,42150,6487,24
95.16,42654,6519,24
96.18,43154,6543,24
97.25,43658,6571,24
98.28,44161,6599,24
99.36,44665,6615,24
100.43,45165,6627,24
101.61,45668,6659,24
102.77,46170,6683,24
103.96,46674,6727,24
105.04,47178,6751,24
106.17,47678,6787,24
107.4,48178,6811,24
108.48,48681,6823,24
109.6,49181,6835,24
110.79,49684,6847,24
111.99,50184,6875,24
113.2,50687,6887,24
114.27,51190,6895,24
115.36,51691,6931,24
116.75,52195,6951,24
118.09,52698,6967,24
119.25,53201,6991,24
120.31,53701,7023,24
121.49,54205,7035,24
122.54,54707,7043,24
123.64,55210,7059,24
124.72,55714,7095,24
125.93,56215,7115,24
127.13,56716,7155,24
128.33,57219,7175,24
129.53,57723,7211,24
130.69,58224,7231,24
131.89,58725,7255,24
133.02,59227,7271,24
134.15,59729,7299,24
135.33,60229,7319,24
136.57,60729,7335,24
137.75,61232,7351,24
139.03,61735,7375,24
140.21,62239,7391,24
141.34,62743,7411,24
142.5,63244,7431,24
143.74,63748,7455,24
145,64250,7479,24
146.18,64753,7491,24
147.35,65254,7515,24
148.5,65756,7535,24
149.73,66258,7575,24
150.85,66760,7591,24
151.94,67263,7599,24
153.77,67763,7611,24
154.95,68263,7635,24
156.06,68764,7639,24
157.17,69265,7643,24
158.24,69765,7663,24
159.33,70267,7695,24
160.42,70771,7715,24
161.7,71271,7735,24
162.92,71772,7751,24
164.03,72276,7771,24
165.23,72780,7819,24
167.54,73280,7863,24
168.7,73781,7887,24
169.88,74281,7923,24
170.99,74781,7943,24
172.1,75284,7959,24
173.32,75787,7991,24
174.41,76289,8015,24
175.58,76792,8039,24
176.76,77294,8059,24
177.96,77796,8067,24
179.18,78296,8095,24
180.3,78800,8115,24
181.44,79303,8159,24
182.93,79807,8179,24
184.19,80310,8207,24
185.38,80814,8239,24
186.55,81318,8247,24
187.68,81822,8275,24
188.83,82325,8311,24
189.97,82825,8331,24
191.08,83328,8367,24
192.28,83832,8399,24
193.61,84336,8415,24
194.74,84837,8435,24
195.89,85341,8455,24
197.23,85844,8475,24
198.41,86348,8487,24
199.77,86848,8503,24
201.1,87349,8527,24
202.19,87851,8547,24
203.33,88352,8571,24
204.53,88852,8611,24
205.72,89352,8623,24
206.87,89852,8659,24
208.08,90354,8683,24
209.23,90857,8707,24
210.4,91357,8735,24
211.52,91861,8751,24
212.6,92364,8771,24
213.82,92864,8783,24
214.91,93365,8807,24
216.02,93867,8835,24
217.21,94369,8847,24
218.41,94870,8867,24
219.67,95374,8903,24
220.9,95874,8911,24
222.07,96376,8939,24
223.27,96880,8947,24
224.51,97383,8979,24
225.79,97883,8995,24
226.95,98385,9027,24
228.13,98888,9079,24
229.25,99389,9083,24
230.42,99890,9111,24
231.64,100394,9123,24
232.8,100896,9147,24
233.9,101398,9167,24
235.09,101902,9183,24
236.34,102405,9219,24
237.53,102905,9243,24
238.7,103408,9263,24
239.93,103910,9279,24
241.11,104410,9291,24
242.65,104911,9315,24
243.77,105414,9347,24
244.9,105918,9359,24
246.13,106421,9383,24
247.31,106924,9419,24
248.42,107425,9439,24
249.66,107925,9451,24
250.81,108427,9483,24
252.05,108930,9495,24
253.23,109432,9519,24
254.29,109935,9543,24
255.43,110437,9563,24
256.71,110937,9563,24
257.8,111439,9591,24
259.04,111943,9607,24
260.25,112444,9631,24
261.45,112947,9659,24
262.57,113447,9687,24
263.8,113951,9707,24
264.88,114453,9731,24
265.89,114955,9747,24
267.08,115459,9767,24
268.21,115960,9807,24
269.39,116460,9823,24
270.69,116962,9843,24
271.88,117463,9875,24
272.97,117964,9887,24
274.62,118464,9915,24
275.81,118967,9939,24
276.98,119468,9943,24
278.57,119970,9975,24
279.72,120473,9979,24
280.97,120973,9995,24
282.21,121477,10043,24
283.5,121978,10075,24
284.79,122481,10087,24
285.97,122985,10111,24
287.15,123489,10159,24
288.4,123990,10179,24
289.68,124491,10195,24
290.92,124992,10211,24
291.98,125492,10243,24
293.08,125993,10283,24
294.22,126493,10303,24
295.35,126996,10335,24
296.58,127500,10363,24
297.73,128003,10371,24
298.91,128503,10395,24
300.05,129007,10407,24
301.29,129510,10435,24
302.34,130013,10467,24
303.54,130517,10495,24
304.65,131017,10531,24
305.78,131518,10547,24
306.84,132019,10567,24
308.23,132520,10571,24
309.46,133022,10587,24
310.62,133525,10607,24
311.91,134029,10639,24
313.04,134533,10671,24
314.21,135035,10707,24
315.4,135539,10715,24
316.6,136042,10743,24
317.84,136542,10771,24
319.17,137046,10783,24
320.42,137549,10799,24
321.72,138049,10815,24
323.02,138549,10843,24
324.4,139053,10875,24
325.6,139553,10899,24
326.82,140056,10931,24
328.02,140558,10939,24
329.11,141059,10943,24
330.23,141560,10975,24
331.52,142064,10999,24
332.67,142566,11023,24
333.82,143068,11031,24
335.59,143570,11063,24
336.65,144074,11075,24
337.95,144575,11087,24
339.16,145077,11103,24
340.34,145578,11119,24
341.51,146079,11147,24
342.77,146579,11167,24
343.89,147080,11195,24
345.17,147580,11211,24
346.46,148082,11231,24
347.54,148585,11251,24
348.74,149087,11283,24
349.9,149587,11303,24
350.99,150087,11339,24
352.17,150590,11363,24
353.33,151092,11383,24
354.51,151596,11399,24
355.88,152096,11427,24
357.02,152597,11463,24
358.23,153100,11475,24
359.49,153602,11499,24
360.72,154106,11523,24
361.91,154606,11535,24
362.95,155109,11563,24
364.1,155613,11591,24
365.24,156115,11615,24
366.64,156616,11635,24
367.79,157116,11655,24
369.06,157617,11675,24
370.24,158119,11695,24
371.3,158623,11739,24
372.39,159126,11759,24
373.44,159629,11775,24
374.62,160131,11783,24
375.92,160632,11795,24
377.44,161136,11831,24
378.94,161638,11851,24
380.21,162141,11875,24
381.38,162643,11903,24
382.63,163146,11935,24
383.99,163649,11955,24
385.34,164151,11963,24
386.5,164652,11979,24
387.66,165155,12007,24
388.98,165655,12027,24
390.72,166158,12039,24
391.93,166660,12059,24
393.12,167160,12103,24
394.33,167662,12147,24
395.5,168163,12171,24
396.68,168663,12203,24
397.86,169166,12215,24
399.06,169670,12231,24
400.25,170170,12267,24
401.57,170670,12303,24
402.7,171170,12327,24
403.99,171673,12343,24
405.17,172177,12367,24
406.35,172678,12391,24
407.56,173180,12419,24
408.68,173681,12451,24
409.8,174182,12463,24
410.97,174685,12487,24
412.19,175189,12515,24
413.33,175689,12527,24
415.21,176190,12563,24
416.34,176693,12587,24
417.44,177196,12631,24
418.56,177699,12635,24
419.72,178201,12659,24
420.82,178705,12667,24
421.83,179206,12671,24
422.97,179710,12679,24
424.07,180210,12727,24
425.23,180714,12751,24
426.49,181215,12787,24
427.62,181718,12799,24
428.81,182222,12831,24
430.02,182724,12855,24
431.26,183228,12871,24
432.47,183728,12883,24
433.74,184228,12923,24
434.99,184732,12955,24
436.1,185232,12979,24
437.26,185736,13007,24
438.57,186237,13035,24
439.8,186740,13047,24
441.04,187243,13075,24
442.25,187745,13099,24
443.53,188245,13115,24
444.72,188749,13127,24
445.96,189250,13167,24
447.25,189751,13191,24
448.46,190255,13211,24
449.59,190756,13227,24
450.82,191260,13259,24
452.03,191761,13275,24
453.23,192261,13311,24
454.5,192761,13339,24
455.75,193264,13363,24
457.01,193767,13367,24
458.18,194267,13387,24
459.36,194768,13407,24
460.59,195269,13435,24
461.83,195770,13479,24
463.03,196273,13519,24
464.25,196773,13543,24
465.45,197277,13567,24
466.66,197780,13599,24
468.11,198282,13619,24
469.26,198783,13631,24
470.27,199284,13643,24
471.39,199784,13667,24
472.69,200288,13687,24
473.91,200791,13707,24
475.11,201295,13723,24
476.26,201798,13755,24
477.48,202299,13787,24
478.65,202800,13807,24
480.21,203301,13843,24
481.34,203803,13863,24
482.4,204306,13879,24
483.53,204807,13895,24
484.7,205309,13935,24
485.8,205812,13967,24
487.07,206314,13987,24
488.41,206814,13999,24
489.64,207314,14047,24
491.07,207818,14067,24
492.23,208322,14099,24
493.39,208822,14131,24
494.61,209325,14143,24
495.73,209825,14163,24
496.92,210328,14187,24
498.13,210832,14207,24
499.33,211333,14231,24
500.52,211836,14243,24
501.7,212338,14259,24
502.84,212838,14299,24
503.96,213341,14335,24
505.25,213842,14363,24
506.39,214342,14391,24
507.6,214845,14403,24
508.83,215347,14419,24
510,215850,14427,24
511.29,216353,14467,24
512.48,216856,14503,24
513.69,217358,14531,24
514.86,217861,14543,24
516.06,218364,14563,24
517.28,218866,14587,24
518.51,219370,14603,24
519.79,219870,14643,24
521.07,220373,14667,24
522.49,220875,14687,24
524.19,221375,14707,24
525.38,221879,14719,24
526.66,222380,14739,24
527.84,222884,14751,24
529.03,223386,14783,24
530.24,223886,14811,24
531.51,224389,14827,24
532.79,224889,14851,24
534.16,225392,14871,24
535.3,225896,14899,24
536.49,226397,14919,24
537.71,226899,14935,24
538.91,227402,14959,24
540.14,227906,14991,24
541.39,228410,15007,24
542.54,228913,15035,24
543.7,229417,15051,24
544.95,229917,15087,24
546.5,230419,15111,24
547.67,230922,15131,24
549,231424,15151,24
550.09,231928,15171,24
551.29,232431,15203,24
552.48,232933,15219,24
553.7,233434,15239,24
554.95,233936,15275,24
556.11,234436,15311,24
557.34,234937,15331,24
558.87,235440,15355,24
560,235943,15375,24
561.23,236447,15387,24
563.25,236950,15399,24
564.52,237451,15423,24
565.7,237951,15439,24
566.87,238454,15451,24
568.05,238954,15475,24
569.12,239456,15503,24
570.3,239956,15519,24
571.59,240460,15551,24
572.87,240960,15579,24
574.1,241464,15599,24
575.3,241966,15623,24
576.62,242469,15655,24
577.94,242972,15679,24
579.24,243472,15691,24
580.42,243973,15695,24
581.6,244476,15707,24
582.81,244980,15723,24
584.07,245483,15747,24
585.25,245983,15771,24
586.46,246483,15799,24
587.55,246986,15819,24
588.69,247487,15855,24
589.88,247991,15887,24
591.02,248493,15919,24
592.2,248997,15935,24
593.41,249498,15979,24
594.59,250000,15999,24
595.69,250504,16031,24
596.9,251005,16051,24
598.08,251505,16087,24
599.23,252005,16127,24
600.46,252506,16167,24
602.12,253010,16199,24
603.31,253513,16219,24
604.61,254015,16239,24
605.76,254518,16279,24
606.98,255019,16311,24
608.2,255519,16347,24
609.32,256020,16367,24
610.56,256524,16407,24
611.85,257028,16435,24
613.07,257528,16491,24
614.26,258032,16511,24
615.48,258534,16539,24
616.67,259035,16559,24
618.35,259535,16579,24
619.5,260036,16599,24
620.68,260539,16627,24
621.76,261041,16647,24
622.97,261542,16679,24
624.17,262043,16707,24
625.34,262546,16731,24
626.64,263048,16759,24
627.86,263549,16767,24
629.09,264049,16783,24
630.32,264549,16799,24
631.52,265051,16819,24
632.61,265555,16851,24
634.06,266058,16883,24
635.33,266561,16891,24
636.41,267062,16903,24
637.66,267564,16923,24
638.86,268066,16955,24
640.03,268568,16971,24
641.31,269068,16987,24
642.49,269572,17011,24
643.62,270075,17039,24
644.79,270578,17055,24
645.82,271081,17083,24
646.82,271582,17099,24
647.91,272085,17115,24
649.02,272586,17143,24
650.23,273086,17171,24
651.36,273586,17183,24
652.51,274088,17211,24
653.7,274589,17215,24
654.87,275091,17243,24
656.1,275591,17263,24
657.27,276091,17279,24
658.61,276595,17299,24
659.9,277096,17331,24
661.19,277598,17351,24
662.27,278102,17363,24
663.65,278603,17399,24
665.01,279103,17423,24
666.09,279605,17455,24
667.34,280105,17471,24
668.6,280606,17499,24
669.95,281110,17515,24
671.27,281611,17555,24
672.77,282115,17583,24
674.01,282616,17611,24
675.33,283118,17643,24
676.6,283620,17651,24
677.82,284121,17695,24
679.26,284623,17731,24
680.96,285127,17763,24
682.18,285630,17799,24
683.52,286130,17815,24
684.99,286631,17855,24
686.4,287134,17883,24
687.9,287635,17923,24
689.29,288138,17947,24
690.5,288640,17975,24
691.83,289143,18003,24
693.36,289647,18043,24
694.59,290149,18051,24
695.85,290650,18067,24
697.15,291151,18087,24
698.33,291654,18123,24
699.49,292158,18147,24
700.69,292660,18163,24
701.9,293163,18183,24
703.3,293663,18211,24
704.7,294167,18239,24
706.04,294668,18263,24
707.26,295168,18275,24
708.35,295668,18303,24
709.62,296169,18327,24
710.84,296672,18351,24
711.94,297172,18371,24
713.47,297675,18399,24
714.91,298175,18435,24
716.29,298679,18479,24
717.54,299183,18495,24
718.83,299683,18523,24
720.15,300186,18547,24
721.41,300687,18571,24
722.58,301189,18579,24
723.97,301692,18627,24
725.32,302195,18643,24
726.54,302696,18667,24
727.71,303198,18683,24
729.6,303699,18711,24
731.01,304201,18739,24
732.27,304702,18771,24
733.48,305204,18787,24
735.02,305706,18815,24
736.25,306209,18851,24
737.5,306709,18863,24
738.9,307213,18891,24
740.28,307717,18895,24
741.59,308218,18927,24
742.89,308722,18955,24
744.01,309222,18975,24
745.21,309726,19007,24
746.51,310228,19027,24
747.74,310730,19059,24
748.97,311234,19091,24
750.31,311737,19115,24
751.7,312241,19127,24
752.94,312745,19151,24
754.21,313246,19171,24
755.49,313748,19191,24
756.87,314249,19207,24
758.13,314751,19247,24
759.45,315254,19267,24
760.97,315756,19291,24
762.27,316259,19315,24
763.53,316763,19347,24
764.68,317264,19371,24
766.2,317766,19391,24
767.47,318269,19415,24
768.66,318771,19423,24
770.02,319274,19451,24
771.24,319774,19467,24
772.34,320277,19495,24
773.56,320777,19527,24
774.68,321281,19547,24
775.92,321785,19583,24
777.29,322289,19599,24
778.32,322792,19611,24
779.54,323294,19647,24
780.87,323796,19675,24
782.06,324297,19687,24
783.38,324799,19711,24
784.61,325299,19739,24
785.75,325802,19751,24
787.04,326304,19783,24
788.34,326807,19811,24
789.56,327310,19839,24
790.68,327811,19863,24
791.78,328312,19895,24
793.19,328813,19923,24
794.57,329314,19971,24
795.88,329816,19991,24
797.12,330320,20003,24
798.66,330820,20039,24
800.01,331323,20067,24
801.32,331826,20087,24
802.53,332328,20107,24
803.93,332832,20119,24
805.24,333334,20139,24
806.54,333838,20171,24
808.28,334341,20199,24
809.54,334842,20231,24
810.77,335342,20251,24
812.13,335846,20291,24
813.4,336347,20315,24
814.65,336850,20335,24
816.14,337354,20359,24
817.74,337858,20395,24
819.15,338360,20427,24
820.46,338861,20443,24
821.76,339362,20499,24
823.06,339862,20519,24
824.65,340362,20535,24
825.93,340864,20567,24
827.22,341367,20595,24
828.79,341870,20631,24
830.16,342372,20655,24
831.43,342873,20679,24
832.83,343377,20695,24
834.36,343880,20711,24
835.57,344381,20751,24
836.7,344884,20791,24
838.04,345386,20811,24
839.09,345890,20847,24
840.41,346394,20875,24
841.68,346897,20919,24
842.99,347398,20947,24
844.17,347901,20963,24
845.31,348401,20983,24
846.78,348902,21015,24
848,349404,21043,24
849.3,349906,21079,24
850.79,350407,21123,24
852.24,350907,21143,24
853.52,351408,21171,24
854.82,351911,21183,24
856.08,352414,21203,24
857.32,352914,21223,24
858.64,353418,21247,24
859.85,353921,21275,24
861.15,354421,21303,24
862.79,354924,21315,24
864.05,355424,21347,24
865.35,355928,21363,24
866.67,356429,21383,24
867.86,356931,21411,24
869.16,357435,21427,24
870.65,357937,21435,24
871.85,358441,21463,24
873.24,358944,21483,24
874.87,359446,21487,24
876.2,359947,21511,24
877.63,360447,21531,24
878.85,360949,21555,24
880.18,361450,21575,24
881.43,361952,21591,24
882.86,362454,21615,24
883.96,362956,21643,24
885.25,363459,21675,24
887.16,363960,21711,24
888.52,364462,21739,24
889.73,364965,21751,24
890.96,365469,21783,24
892.24,365971,21803,24
893.54,366474,21831,24
894.94,366976,21859,24
896.37,367480,21895,24
897.72,367981,21931,24
899.04,368481,21955,24
900.16,368984,21975,24
901.51,369486,22007,24
902.86,369988,22031,24
904.15,370489,22051,24
905.26,370992,22067,24
906.39,371493,22099,24
907.74,371994,22111,24
908.96,372495,22115,24
910.4,372995,22135,24
911.62,373497,22155,24
912.88,374001,22175,24
914.14,374502,22179,24
915.51,375002,22207,24
916.71,375505,22239,24
918.26,376006,22259,24
919.63,376506,22279,24
921.19,377010,22307,24
922.49,377512,22327,24
923.78,378014,22379,24
925.21,378516,22391,24
926.55,379018,22419,24
927.83,379520,22435,24
929.11,380020,22475,24
930.39,380524,22503,24
932.03,381025,22527,24
933.33,381528,22535,24
934.7,382030,22551,24
936.06,382530,22579,24
937.36,383032,22603,24
938.64,383533,22627,24
939.82,384036,22643,24
941.06,384536,22675,24
942.57,385037,22707,24
944.07,385541,22739,24
945.58,386043,22779,24
946.96,386544,22803,24
948.28,387045,22851,24
949.68,387549,22887,24
950.93,388052,22911,24
952.13,388556,22935,24
953.33,389057,22955,24
954.69,389557,22991,24
955.97,390060,23011,24
957.28,390561,23039,24
958.57,391064,23067,24
959.81,391568,23095,24
960.94,392070,23103,24
962.1,392571,23127,24
963.55,393072,23171,24
964.81,393573,23187,24
966.1,394074,23207,24
967.33,394578,23231,24
968.64,395081,23267,24
970.01,395582,23287,24
971.26,396085,23319,24
972.45,396585,23355,24
973.72,397088,23367,24
975.08,397589,23387,24
976.48,398090,23407,24
977.89,398592,23451,24
979.32,399094,23475,24
980.64,399595,23495,24
981.97,400096,23519,24
983.33,400600,23555,24
984.63,401104,23583,24
986.06,401608,23591,24
987.73,402110,23631,24
989.11,402614,23655,24
990.31,403117,23687,24
991.6,403621,23731,24
993.03,404125,23759,24
994.42,404629,23787,24
995.68,405132,23815,24
996.99,405632,23843,24
998.23,406133,23871,24
999.75,406634,23887,24
1001.08,407137,23899,24
1002.23,407638,23931,24
1003.59,408140,23951,24
1005.08,408643,23983,24
1006.38,409147,24007,24
1007.71,409647,24027,24
1009.03,410147,24055,24
1010.25,410647,24095,24
1011.76,411151,24111,24
1013.1,411651,24127,24
1014.38,412151,24155,24
1015.73,412653,24183,24
1016.9,413154,24199,24
1018.13,413657,24219,24
1019.36,414161,24247,24
1020.74,414665,24287,24
1022.13,415167,24311,24
1023.44,415671,24339,24
1024.88,416175,24371,24
1026.13,416675,24383,24
1027.53,417176,24407,24
1028.76,417678,24431,24
1030.1,418182,24443,24
1031.41,418682,24451,24
1032.77,419185,24483,24
1034.36,419688,24511,24
1035.97,420192,24535,24
1037.35,420693,24555,24
1038.65,421195,24571,24
1039.95,421698,24583,24
1041.44,422200,24619,24
1042.79,422702,24639,24
1044.29,423202,24671,24
1045.67,423706,24687,24
1047.66,424209,24715,24
1049.25,424713,24719,24
1050.43,425214,24739,24
1051.78,425717,24763,24
1053.1,426219,24787,24
1054.46,426720,24815,24
1055.72,427223,24843,24
1057.17,427726,24867,24
1058.88,428229,24879,24
1060.27,428733,24895,24
1061.93,429236,24943,24
1063.2,429736,24963,24
1064.58,430239,24979,24
1065.82,430743,24995,24
1067.33,431247,25019,24
1068.67,431750,25047,24
1070.07,432251,25067,24
1071.38,432753,25083,24
1072.64,433253,25103,24
1073.85,433757,25135,24
1075.2,434259,25155,24
1076.52,434760,25187,24
1077.76,435261,25191,24
1078.95,435763,25199,24
1080.21,436266,25227,24
1081.55,436770,25255,24
1083.55,437274,25267,24
1084.9,437775,25291,24
1086.13,438276,25323,24
1087.52,438776,25359,24
1088.8,439276,25371,24
1090.01,439780,25399,24
1091.27,440283,25411,24
1092.8,440786,25455,24
1093.98,441286,25479,24
1095.57,441790,25507,24
1096.83,442293,25539,24
1097.99,442796,25567,24
1099.22,443296,25587,24
1100.88,443798,25611,24
1102.47,444301,25643,24
1103.82,444801,25663,24
1105.24,445302,25687,24
1106.58,445803,25715,24
1108.13,446307,25731,24
1109.33,446807,25743,24
1110.62,447308,25759,24
1111.86,447809,25787,24
1112.99,448312,25819,24
1114.47,448813,25839,24
1115.76,449317,25863,24
1117.12,449819,25883,24
1118.36,450319,25903,24
1119.62,450819,25935,24
1120.92,451323,25967,24
1122.29,451825,25991,24
1123.74,452328,26011,24
1125.15,452832,26047,24
1126.54,453332,26075,24
1127.87,453832,26091,24
1129.1,454335,26099,24
1130.37,454838,26111,24
1131.7,455339,26135,24
1133.04,455840,26163,24
1134.17,456343,26199,24
1135.41,456847,26231,24
1136.74,457347,26247,24
1138.44,457849,26287,24
1139.67,458349,26303,24
1140.94,458852,26319,24
1142.15,459356,26343,24
1143.3,459859,26367,24
1144.62,460360,26387,24
1145.98,460863,26403,24
1147.29,461366,26431,24
1148.61,461870,26467,24
1150.21,462370,26487,24
1151.49,462871,26519,24
1152.82,463371,26547,24
1154.09,463874,26579,24
1155.27,464377,26607,24
1156.77,464881,26635,24
1158,465385,26667,24
1159.59,465889,26711,24
1160.99,466392,26743,24
1162.61,466892,26763,24
1163.95,467396,26779,24
1165.3,467897,26811,24
1166.63,468397,26831,24
1167.93,468899,26851,24
1169.15,469399,26867,24
1170.71,469902,26883,24
1172.06,470402,26895,24
1173.23,470905,26915,24
1174.55,471406,26939,24
1175.79,471907,26943,24
1177.1,472408,26963,24
1178.47,472911,26991,24
1179.74,473413,27015,24
1181.11,473915,27035,24
1182.51,474415,27059,24
1183.69,474919,27091,24
1185.13,475422,27127,24
1186.38,475925,27151,24
1187.59,476425,27151,24
1189.08,476926,27179,24
1.47,503,5064,24
2.53,1004,5065,24
3.58,1504,5065,24
4.6,2005,5196,24
5.53,2505,5196,24
6.5,3007,5225,24
7.4,3508,5244,24
8.39,4010,5260,24
9.47,4512,5268,24
10.48,5014,5276,24
11.51,5518,5280,24
12.69,6021,5292,24
13.9,6523,5300,24
15.06,7026,5308,24
16.11,7527,5312,24
17.22,8027,5328,24
18.3,8529,5336,24
19.37,9031,5344,24
20.45,9534,5352,24
21.53,10035,5356,24
22.68,10536,5364,24
23.81,11039,5392,24
24.92,11540,5412,24
25.93,12044,5428,24
27.04,12547,5440,24
28.24,13050,5448,24
29.38,13553,5472,24
30.62,14054,5476,24
31.73,14558,5488,24
32.84,15062,5500,24
34.11,15563,5508,24
35.19,16066,5516,24
36.39,16570,5528,24
37.6,17074,5540,24
38.85,17578,5584,24
39.92,18082,5604,24
41,18584,5616,24
42.26,19085,5632,24
43.39,19587,5652,24
44.59,20090,5676,24
45.69,20593,5700,24
46.8,21093,5720,24
48.01,21595,5728,24
49.1,22095,5744,24
50.35,22597,5772,24
51.54,23101,5796,24
52.66,23604,5808,24
53.76,24104,5824,24
54.86,24606,5836,24
56.12,25110,5848,24
57.29,25612,5872,24
58.4,26113,5904,24
59.53,26617,5920,24
60.68,27118,5932,24
61.8,27618,5972,24
62.98,28118,6004,24
64.2,28619,6024,24
65.42,29122,6052,24
66.48,29622,6068,24
67.6,30125,6092,24
68.88,30625,6108,24
70.09,31128,6120,24
71.26,31631,6156,24
72.38,32133,6204,24
73.56,32636,6220,24
74.73,33138,6240,24
75.86,33638,6280,24
76.91,34138,6300,24
78.14,34641,6312,24
79.29,35141,6332,24
80.48,35645,6364,24
81.56,36147,6392,24
82.68,36651,6408,24
83.97,37154,6432,24
85.18,37657,6444,24
86.44,38159,6480,24
87.59,38660,6508,24
88.86,39163,6536,24
90.1,39665,6540,24
91.29,40165,6556,24
92.49,40666,6592,24
93.66,41169,6616,24
94.98,41669,6632,24
96.44,42169,6648,24
97.66,42669,6664,24
98.85,43169,6696,24
99.97,43671,6724,24
101.12,44174,6748,24
102.23,44674,6772,24
103.37,45177,6796,24
104.46,45681,6804,24
105.56,46182,6824,24
106.7,46684,6848,24
107.7,47188,6880,24
108.79,47691,6908,24
109.96,48192,6940,24
111.17,48694,6960,24
112.49,49196,6984,24
113.66,49699,7008,24
114.79,50200,7024,24
116,50700,7068,24
117.23,51203,7096,24
118.37,51707,7124,24
119.71,52208,7144,24
120.95,52711,7164,24
122.07,53213,7200,24
123.2,53717,7216,24
124.38,54219,7244,24
125.48,54722,7272,24
126.69,55222,7308,24
127.76,55725,7320,24
128.96,56227,7352,24
130.13,56729,7388,24
131.3,57233,7416,24
132.56,57735,7424,24
133.75,58235,7440,24
134.94,58737,7468,24
136.17,59238,7484,24
137.42,59738,7508,24
138.58,60240,7524,24
139.72,60742,7548,24
140.97,61244,7580,24
142.18,61746,7608,24
143.36,62247,7620,24
144.52,62751,7636,24
145.7,63255,7664,24
146.88,63757,7684,24
148.09,64257,7712,24
149.32,64757,7728,24
150.53,65258,7748,24
151.69,65759,7764,24
153.06,66262,7784,24
154.48,66764,7812,24
155.65,67264,7824,24
157,67768,7836,24
158.25,68268,7868,24
159.43,68770,7876,24
160.65,69271,7900,24
161.8,69773,7928,24
162.96,70276,7948,24
164.1,70779,7988,24
165.33,71280,8008,24
166.54,71783,8044,24
167.72,72285,8076,24
168.88,72789,8100,24
170.17,73292,8120,24
171.45,73793,8148,24
172.67,74296,8164,24
173.87,74797,8184,24
175.13,75297,8228,24
176.28,75797,8260,24
177.49,76297,8272,24
178.63,76798,8284,24
179.85,77301,8304,24
181.02,77801,8332,24
182.21,78303,8348,24
183.42,78806,8380,24
184.64,79308,8396,24
185.92,79810,8404,24
186.93,80312,8436,24
188.08,80816,8448,24
189.31,81319,8484,24
190.41,81822,8504,24
191.5,82322,8532,24
192.64,82826,8568,24
193.73,83328,8572,24
194.91,83829,8608,24
196.11,84329,8640,24
197.2,84829,8660,24
198.41,85332,8672,24
199.57,85835,8692,24
200.65,86337,8724,24
201.9,86838,8740,24
203.08,87339,8772,24
204.28,87842,8792,24
205.4,88344,8812,24
206.54,88847,8868,24
207.66,89347,8912,24
208.71,89848,8936,24
209.89,90351,8952,24
211.06,90852,8984,24
212.2,91354,9000,24
213.38,91854,9024,24
214.58,92356,9056,24
215.82,92860,9076,24
216.91,93363,9116,24
218.17,93867,9140,24
219.45,94368,9168,24
220.69,94870,9196,24
221.87,95370,9212,24
223,95870,9228,24
224.22,96371,9248,24
225.48,96875,9256,24
226.63,97378,9280,24
227.72,97880,9300,24
228.95,98380,9320,24
230.32,98883,9360,24
231.49,99386,9376,24
232.65,99889,9388,24
233.78,100393,9404,24
234.86,100897,9424,24
236.03,101400,9476,24
237.26,101900,9504,24
238.42,102400,9560,24
239.6,102902,9592,24
240.79,103404,9616,24
241.91,103908,9628,24
243.05,104411,9664,24
244.1,104911,9676,24
245.21,105413,9716,24
246.42,105913,9728,24
247.49,106413,9748,24
248.48,106916,9760,24
249.76,107416,9796,24
251.01,107919,9824,24
252.2,108422,9844,24
253.3,108924,9860,24
254.45,109425,9876,24
255.59,109927,9896,24
256.75,110429,9928,24
257.81,110931,9964,24
259.07,111434,9988,24
260.35,111936,10004,24
261.46,112437,10032,24
262.52,112937,10060,24
263.65,113441,10104,24
264.77,113943,10128,24
265.9,114445,10156,24
267.19,114949,10188,24
268.46,115450,10192,24
269.79,115951,10208,24
270.98,116455,10220,24
272.11,116955,10232,24
273.38,117456,10256,24
274.6,117956,10276,24
275.87,118460,10312,24
277,118961,10328,24
278.19,119463,10364,24
279.4,119966,10392,24
280.72,120468,10412,24
281.83,120970,10436,24
283.02,121470,10464,24
284.13,121973,10488,24
285.36,122476,10516,24
286.59,122976,10548,24
287.79,123478,10572,24
289.05,123982,10588,24
290.19,124482,10608,24
291.34,124983,10620,24
292.54,125486,10656,24
293.81,125987,10668,24
295.05,126490,10692,24
296.18,126994,10704,24
297.31,127494,10744,24
298.53,127995,10768,24
299.69,128495,10804,24
300.93,128999,10820,24
302.33,129499,10852,24
303.53,130000,10864,24
304.69,130500,10876,24
305.8,131004,10896,24
306.95,131508,10920,24
308.24,132011,10940,24
309.37,132512,10964,24
310.56,133014,10992,24
311.78,133517,11016,24
312.96,134017,11028,24
314.18,134519,11072,24
315.33,135020,11104,24
316.52,135523,11116,24
317.68,136025,11144,24
318.82,136525,11168,24
319.95,137026,11208,24
321.09,137526,11228,24
322.22,138029,11252,24
323.33,138530,11276,24
324.48,139034,11304,24
325.72,139538,11324,24
327.01,140039,11332,24
328.26,140541,11376,24
329.41,141043,11392,24
330.57,141544,11412,24
331.82,142048,11424,24
332.97,142550,11432,24
334.3,143052,11456,24
335.49,143555,11484,24
336.68,144057,11512,24
337.74,144557,11528,24
338.92,145057,11548,24
340.21,145558,11576,24
341.48,146058,11608,24
342.76,146560,11632,24
344.05,147062,11660,24
345.26,147564,11684,24
346.47,148064,11720,24
347.65,148568,11740,24
348.85,149069,11768,24
350.01,149571,11800,24
351.23,150075,11828,24
352.44,150579,11840,24
353.73,151080,11860,24
354.9,151583,11888,24
356.11,152087,11932,24
357.27,152587,11964,24
358.48,153087,11992,24
359.72,153589,12012,24
361.05,154089,12036,24
362.23,154593,12068,24
363.4,155095,12088,24
364.56,155596,12116,24
365.77,156098,12148,24
366.74,156600,12168,24
367.97,157100,12208,24
369.2,157604,12236,24
370.42,158106,12260,24
371.55,158610,12292,24
372.68,159114,12332,24
373.9,159614,12372,24
375.13,160117,12396,24
376.33,160618,12400,24
377.52,161118,12424,24
378.84,161618,12456,24
380.02,162119,12492,24
381.21,162619,12516,24
382.49,163119,12532,24
383.74,163621,12556,24
385.02,164125,12584,24
386.26,164628,12616,24
387.45,165128,12652,24
388.58,165628,12672,24
389.67,166132,12696,24
390.82,166633,12712,24
392.14,167136,12736,24
393.29,167637,12740,24
394.59,168139,12764,24
395.68,168643,12788,24
396.95,169145,12812,24
398.19,169647,12832,24
399.38,170150,12856,24
400.61,170651,12876,24
401.93,171153,12904,24
403.19,171655,12912,24
404.38,172158,12940,24
405.62,172659,12964,24
406.79,173160,12984,24
408.02,173662,12996,24
409.23,174163,13016,24
410.39,174664,13040,24
411.49,175164,13064,24
412.68,175667,13072,24
413.88,176169,13120,24
415.01,176670,13148,24
416.13,177174,13168,24
417.33,177677,13196,24
418.47,178179,13260,24
419.64,178679,13288,24
420.9,179182,13312,24
422.15,179683,13332,24
423.46,180186,13364,24
424.76,180689,13404,24
426.07,181193,13436,24
427.34,181693,13460,24
428.48,182195,13508,24
429.55,182699,13536,24
430.76,183203,13564,24
431.95,183707,13584,24
433.09,184207,13596,24
434.26,184711,13608,24
435.35,185214,13620,24
436.45,185715,13640,24
437.51,186215,13676,24
438.7,186719,13700,24
439.94,187222,13736,24
441.25,187723,13764,24
442.51,188225,13788,24
443.79,188729,13820,24
445.07,189229,13840,24
446.21,189733,13876,24
447.41,190235,13884,24
448.6,190737,13904,24
449.85,191239,13928,24
451.07,191740,13952,24
452.27,192244,13976,24
453.62,192745,14000,24
455.03,193247,14036,24
456.42,193748,14056,24
457.65,194250,14084,24
458.92,194753,14104,24
460.26,195254,14132,24
461.61,195756,14156,24
462.92,196257,14176,24
464.29,196759,14192,24
465.61,197260,14228,24
466.89,197762,14240,24
468.11,198264,14288,24
469.34,198767,14312,24
470.62,199271,14352,24
471.98,199773,14376,24
473.18,200274,14396,24
474.38,200777,14416,24
475.51,201278,14428,24
476.7,201782,14452,24
477.8,202285,14484,24
478.98,202789,14520,24
480.19,203291,14544,24
481.37,203792,14556,24
482.47,204294,14576,24
483.54,204796,14624,24
484.67,205296,14628,24
485.81,205797,14652,24
487,206298,14676,24
488.29,206800,14696,24
489.52,207300,14724,24
490.66,207800,14740,24
491.8,208303,14772,24
493.04,208805,14796,24
494.2,209306,14816,24
495.41,209810,14832,24
496.55,210312,14856,24
497.72,210812,14872,24
498.95,211313,14892,24
500.25,211817,14912,24
501.49,212321,14940,24
502.79,212822,14988,24
504.06,213326,15020,24
505.26,213830,15056,24
506.51,214330,15076,24
507.7,214830,15084,24
508.95,215333,15096,24
510.15,215837,15128,24
511.33,216338,15168,24
512.45,216840,15192,24
513.6,217342,15228,24
514.86,217843,15256,24
516.07,218344,15292,24
517.16,218844,15320,24
518.38,219345,15344,24
519.75,219845,15380,24
521,220347,15396,24
522.21,220848,15400,24
523.49,221351,15412,24
524.69,221852,15436,24
525.92,222352,15456,24
527.14,222855,15472,24
528.45,223356,15508,24
529.78,223860,15520,24
531.06,224362,15536,24
532.26,224864,15568,24
533.54,225368,15624,24
534.71,225870,15656,24
536.02,226370,15688,24
537.21,226872,15716,24
538.37,227375,15728,24
539.53,227878,15756,24
540.76,228381,15780,24
541.92,228885,15800,24
543.03,229386,15828,24
544.27,229890,15852,24
545.58,230390,15880,24
546.77,230894,15912,24
548.02,231398,15928,24
549.3,231900,15948,24
550.62,232403,15960,24
551.86,232904,15984,24
553.13,233405,16004,24
554.37,233905,16048,24
555.66,234406,16060,24
556.93,234909,16084,24
558.11,235413,16108,24
559.24,235917,16124,24
560.54,236419,16132,24
562,236919,16132,24
563.32,237423,16152,24
564.51,237923,16180,24
565.68,238425,16188,24
566.93,238925,16208,24
568.14,239428,16220,24
569.39,239930,16260,24
570.43,240431,16280,24
571.62,240934,16316,24
572.72,241435,16336,24
574.03,241936,16368,24
575.04,242438,16384,24
576.26,242938,16400,24
577.47,243442,16424,24
578.66,243945,16448,24
579.97,244449,16464,24
581.23,244952,16492,24
582.55,245455,16504,24
583.86,245956,16524,24
585.15,246458,16540,24
586.31,246958,16568,24
587.54,247459,16584,24
588.76,247962,16608,24
589.95,248463,16640,24
591.13,248963,16668,24
592.32,249465,16696,24
593.56,249969,16724,24
594.68,250471,16740,24
595.96,250975,16764,24
597.22,251477,16772,24
598.53,251980,16796,24
599.78,252483,16824,24
600.98,252985,16860,24
602.13,253486,16892,24
603.33,253988,16924,24
604.55,254490,16952,24
605.66,254990,16968,24
606.84,255494,17000,24
608.09,255995,17032,24
609.34,256496,17052,24
610.58,256999,17100,24
611.88,257499,17128,24
613.13,257999,17180,24
614.26,258500,17196,24
615.48,259000,17240,24
616.69,259504,17256,24
617.86,260007,17300,24
619.11,260507,17320,24
620.31,261009,17352,24
621.57,261510,17372,24
622.68,262013,17416,24
623.89,262517,17444,24
625.17,263018,17472,24
626.43,263522,17492,24
627.6,264026,17520,24
628.94,264530,17556,24
630.12,265031,17580,24
631.32,265531,17600,24
632.45,266033,17644,24
633.65,266533,17644,24
634.9,267037,17688,24
636.05,267540,17716,24
637.25,268043,17740,24
638.36,268547,17768,24
639.58,269049,17788,24
640.76,269552,17812,24
642.01,270056,17832,24
643.34,270556,17848,24
644.53,271060,17860,24
645.72,271560,17892,24
647.08,272061,17924,24
648.27,272564,17940,24
649.36,273067,17976,24
650.62,273569,18008,24
651.74,274071,18048,24
652.84,274574,18072,24
653.92,275075,18088,24
655.21,275577,18108,24
656.39,276078,18120,24
657.72,276579,18148,24
659.04,277083,18160,24
660.18,277585,18192,24
661.35,278089,18220,24
662.46,278592,18236,24
663.66,279093,18252,24
664.83,279596,18264,24
666.32,280098,18276,24
668.24,280599,18308,24
670.17,281102,18348,24
671.57,281602,18372,24
672.83,282104,18404,24
674.05,282605,18416,24
675.2,283107,18440,24
676.38,283611,18460,24
677.82,284112,18484,24
679.1,284616,18516,24
680.4,285120,18560,24
681.53,285621,18588,24
682.71,286125,18616,24
683.8,286629,18632,24
684.93,287131,18668,24
686.04,287631,18684,24
687.29,288134,18712,24
688.46,288634,18740,24
689.76,289134,18796,24
691.05,289634,18832,24
692.31,290138,18848,24
693.48,290641,18872,24
694.76,291143,18904,24
695.91,291645,18944,24
697.18,292148,19000,24
698.38,292650,19032,24
699.59,293150,19048,24
700.8,293651,19088,24
702.14,294152,19116,24
703.41,294653,19156,24
704.63,295156,19164,24
705.8,295658,19196,24
707.03,296162,19240,24
708.29,296662,19264,24
709.54,297163,19280,24
710.77,297667,19292,24
711.93,298168,19328,24
713.05,298668,19368,24
714.34,299169,19396,24
715.56,299669,19412,24
716.75,300172,19420,24
718.23,300673,19436,24
719.76,301173,19464,24
721.07,301673,19504,24
722.31,302177,19528,24
723.59,302678,19564,24
724.86,303182,19584,24
726.04,303682,19616,24
727.26,304182,19648,24
728.54,304686,19684,24
729.72,305190,19696,24
730.9,305691,19712,24
732.02,306191,19740,24
733.21,306692,19760,24
734.39,307196,19792,24
735.53,307698,19816,24
736.74,308198,19816,24
738.03,308698,19848,24
739.29,309200,19872,24
740.52,309701,19892,24
741.68,310202,19912,24
743.03,310702,19940,24
744.32,311205,19964,24
745.58,311708,19992,24
746.83,312208,20020,24
748.03,312709,20024,24
749.29,313213,20044,24
750.5,313715,20064,24
751.75,314216,20084,24
753.08,314718,20124,24
754.73,315220,20152,24
756.07,315722,20176,24
757.5,316225,20208,24
758.81,316727,20228,24
759.98,317231,20240,24
761.23,317734,20284,24
762.42,318238,20296,24
763.6,318739,20316,24
764.76,319240,20336,24
765.95,319741,20356,24
767.21,320244,20392,24
768.44,320747,20416,24
769.76,321248,20440,24
771.07,321751,20472,24
772.35,322253,20500,24
773.59,322756,20512,24
774.75,323258,20516,24
776.2,323761,20536,24
777.5,324261,20576,24
778.71,324761,20592,24
779.81,325264,20616,24
780.98,325767,20640,24
782.09,326269,20664,24
783.25,326773,20676,24
784.43,327275,20700,24
785.56,327777,20724,24
786.73,328280,20744,24
787.96,328782,20792,24
789.26,329285,20808,24
790.46,329788,20832,24
791.72,330288,20868,24
792.96,330791,20896,24
794.24,331294,20908,24
795.49,331796,20924,24
796.71,332300,20944,24
797.87,332804,20960,24
799,333304,20976,24
800.12,333805,20996,24
801.3,334306,21036,24
802.57,334809,21056,24
803.86,335309,21088,24
805.15,335813,21112,24
806.45,336317,21136,24
807.68,336820,21164,24
808.9,337322,21192,24
810.09,337826,21208,24
811.32,338327,21236,24
812.6,338829,21260,24
813.97,339330,21296,24
815.35,339830,21312,24
816.55,340334,21332,24
817.9,340837,21360,24
819.16,341341,21380,24
820.46,341842,21420,24
821.82,342343,21460,24
823.04,342846,21472,24
824.18,343347,21524,24
825.48,343849,21536,24
826.71,344349,21560,24
827.92,344853,21588,24
829.04,345353,21600,24
830.27,345855,21636,24
831.62,346356,21656,24
832.84,346858,21672,24
834.22,347359,21700,24
835.52,347859,21728,24
836.71,348363,21752,24
838.02,348865,21772,24
839.19,349369,21804,24
840.36,349873,21836,24
841.71,350377,21888,24
842.83,350877,21936,24
844.11,351380,21948,24
845.36,351884,21976,24
846.63,352388,22000,24
847.78,352892,22032,24
849.09,353393,22060,24
850.3,353897,22076,24
851.47,354397,22092,24
852.79,354897,22108,24
854,355397,22120,24
855.11,355900,22140,24
856.41,356403,22180,24
857.63,356907,22204,24
858.97,357411,22220,24
860.12,357914,22244,24
861.32,358414,22264,24
862.46,358914,22284,24
863.74,359418,22316,24
864.96,359919,22332,24
866.26,360421,22356,24
867.57,360923,22380,24
868.86,361426,22400,24
870.15,361927,22412,24
871.47,362429,22448,24
872.61,362932,22476,24
873.97,363435,22488,24
875.24,363938,22508,24
876.6,364438,22540,24
877.84,364941,22560,24
879.13,365445,22572,24
880.33,365945,22600,24
881.64,366446,22644,24
882.81,366950,22660,24
884.05,367454,22684,24
885.29,367958,22700,24
886.5,368461,22708,24
887.67,368965,22736,24
888.85,369468,22764,24
890.14,369971,22796,24
891.34,370471,22816,24
892.47,370971,22824,24
893.57,371472,22852,24
894.88,371975,22876,24
896.01,372476,22896,24
897.31,372977,22920,24
898.54,373480,22940,24
899.83,373983,22960,24
901.04,374483,23020,24
902.3,374983,23032,24
903.52,375485,23060,24
904.94,375987,23100,24
906.19,376491,23124,24
907.43,376992,23160,24
908.54,377492,23172,24
909.78,377992,23204,24
910.96,378495,23212,24
912.27,378996,23240,24
913.51,379500,23252,24
914.74,380003,23284,24
915.88,380507,23312,24
917.07,381009,23340,24
918.28,381511,23356,24
919.4,382011,23372,24
920.6,382513,23392,24
921.75,383017,23416,24
922.8,383521,23440,24
924,384023,23468,24
925.26,384523,23488,24
926.52,385024,23516,24
927.72,385524,23536,24
929,386026,23564,24
930.14,386529,23588,24
931.43,387032,23624,24
932.63,387536,23652,24
933.9,388040,23680,24
935.26,388544,23708,24
936.55,389047,23728,24
937.85,389547,23748,24
939.14,390048,23784,24
940.37,390548,23796,24
941.52,391049,23812,24
942.81,391552,23824,24
944.13,392056,23844,24
945.32,392558,23868,24
946.62,393061,23892,24
947.86,393564,23920,24
949.17,394066,23948,24
950.45,394566,23968,24
952.5,395068,24012,24
954.01,395569,24040,24
955.18,396071,24072,24
956.42,396571,24076,24
957.79,397072,24100,24
959.18,397574,24120,24
960.31,398074,24144,24
961.59,398577,24156,24
962.77,399079,24180,24
963.98,399580,24204,24
965.17,400083,24244,24
966.19,400586,24264,24
967.58,401086,24280,24
968.63,401586,24296,24
969.81,402090,24316,24
971.13,402593,24340,24
972.36,403095,24368,24
973.62,403596,24396,24
974.87,404098,24420,24
976.24,404599,24444,24
977.46,405100,24468,24
978.64,405600,24492,24
979.9,406102,24524,24
981.08,406605,24540,24
982.28,407107,24568,24
983.45,407611,24584,24
984.76,408115,24616,24
986.03,408615,24644,24
987.34,409118,24664,24
988.46,409619,24700,24
989.75,410119,24720,24
991,410622,24740,24
992.12,411126,24752,24
993.35,411630,24772,24
994.55,412134,24796,24
995.85,412637,24824,24
997.05,413139,24852,24
998.26,413642,24868,24
999.49,414144,24888,24
1000.82,414647,24900,24
1002.09,415149,24912,24
1003.69,415650,24932,24
1005.03,416154,24968,24
1006.43,416655,25004,24
1007.78,417159,25036,24
1009.03,417660,25060,24
1010.26,418163,25100,24
1011.61,418664,25120,24
1012.79,419166,25128,24
1014.13,419669,25156,24
1015.47,420172,25168,24
1017.02,420675,25176,24
1018.4,421178,25208,24
1019.64,421679,25228,24
1020.86,422179,25248,24
1022.17,422679,25272,24
1023.48,423182,25292,24
1024.63,423685,25300,24
1025.81,424186,25316,24
1027.07,424686,25340,24
1028.25,425188,25348,24
1029.5,425691,25356,24
1030.71,426194,25384,24
1031.82,426695,25412,24
1033.06,427196,25432,24
1034.37,427700,25444,24
1035.71,428202,25476,24
1037.18,428702,25504,24
1038.67,429204,25540,24
1039.94,429704,25564,24
1041.21,430208,25596,24
1042.59,430711,25628,24
1043.91,431213,25652,24
1045.21,431717,25692,24
1046.71,432220,25732,24
1048.04,432724,25760,24
1049.33,433224,25772,24
1050.92,433728,25804,24
1052.31,434230,25828,24
1053.84,434732,25848,24
1055.32,435235,25900,24
1056.61,435738,25916,24
1057.96,436239,25940,24
1059.33,436741,25960,24
1060.65,437245,25968,24
1061.93,437749,25984,24
1063.34,438252,26012,24
1064.61,438753,26028,24
1065.96,439253,26072,24
1067.15,439757,26088,24
1068.47,440259,26132,24
1069.78,440762,26172,24
1071.05,441263,26200,24
1072.38,441767,26224,24
1073.73,442271,26260,24
1075.06,442774,26288,24
1076.43,443275,26316,24
1077.66,443779,26332,24
1078.93,444283,26364,24
1080.25,444785,26380,24
1081.57,445285,26400,24
1082.87,445788,26428,24
1084.13,446290,26444,24
1085.39,446790,26468,24
1086.58,447294,26496,24
1087.75,447796,26528,24
1088.87,448297,26572,24
1090.18,448801,26612,24
1091.23,449302,26624,24
1092.45,449802,26644,24
1093.66,450302,26676,24
1094.92,450803,26704,24
1096.1,451307,26724,24
1097.32,451810,26740,24
1098.64,452312,26752,24
1100.01,452812,26780,24
1101.24,453312,26804,24
1102.51,453815,26836,24
1103.7,454319,26844,24
1104.91,454822,26880,24
1106.31,455325,26920,24
1107.55,455829,26936,24
1108.95,456333,26956,24
1110.2,456836,26968,24
1111.51,457337,27000,24
1112.72,457837,27024,24
1114.07,458338,27052,24
1115.36,458839,27080,24
1116.66,459342,27092,24
1117.95,459845,27124,24
1119.33,460345,27140,24
1120.54,460845,27152,24
1121.68,461348,27164,24
1122.95,461848,27200,24
1124.11,462348,27240,24
1125.44,462850,27280,24
1126.76,463353,27296,24
1127.97,463855,27308,24
1129.17,464358,27320,24
1130.46,464862,27352,24
1131.66,465362,27380,24
1133.11,465862,27412,24
1134.43,466364,27436,24
1135.63,466867,27468,24
1136.8,467368,27484,24
0.94,503,4724,20
2.1,1004,4878,20
3.14,1506,4898,20
4.15,2007,4902,20
5.25,2510,4910,20
6.44,3013,4922,20
7.46,3514,4926,20
8.49,4016,4938,20
9.58,4519,4950,20
10.64,5021,4962,20
11.67,5521,4978,20
12.69,6025,4990,20
13.85,6529,5006,20
15,7029,5026,20
16.11,7532,5042,20
17.29,8035,5054,20
18.46,8538,5070,20
19.55,9040,5086,20
20.58,9541,5106,20
21.62,10045,5114,20
22.8,10549,5138,20
23.85,11049,5154,20
25,11552,5182,20
26.26,12054,5202,20
27.56,12556,5226,20
28.68,13057,5230,20
29.86,13561,5246,20
31.04,14064,5258,20
32.2,14567,5282,20
33.39,15071,5298,20
34.46,15574,5310,20
35.68,16074,5354,20
36.82,16578,5382,20
37.97,17082,5410,20
39.21,17586,5450,20
40.35,18088,5466,20
41.54,18589,5494,20
42.71,19091,5518,20
43.89,19591,5542,20
45.11,20095,5558,20
46.34,20597,5586,20
47.53,21100,5622,20
48.74,21601,5642,20
49.83,22104,5662,20
50.94,22608,5670,20
52.03,23112,5686,20
53.17,23615,5710,20
54.38,24119,5746,20
55.52,24623,5782,20
56.71,25123,5794,20
58.08,25626,5822,20
59.3,26130,5834,20
60.48,26632,5842,20
61.64,27135,5878,20
62.95,27635,5914,20
64.08,28139,5942,20
65.46,28641,5958,20
66.82,29142,5990,20
68.19,29642,6014,20
69.31,30146,6038,20
70.48,30650,6058,20
71.7,31150,6070,20
72.91,31653,6094,20
74.1,32154,6126,20
75.33,32656,6146,20
76.58,33157,6170,20
77.79,33657,6202,20
79.1,34157,6222,20
80.37,34660,6242,20
81.58,35164,6262,20
82.8,35665,6282,20
83.93,36168,6298,20
85.15,36672,6314,20
86.34,37174,6322,20
87.58,37677,6330,20
88.71,38181,6350,20
89.99,38685,6366,20
91.24,39187,6386,20
92.51,39688,6426,20
93.71,40189,6446,20
94.89,40692,6454,20
95.98,41193,6478,20
97.1,41694,6498,20
98.34,42197,6518,20
99.44,42697,6546,20
100.59,43200,6570,20
101.81,43704,6598,20
102.95,44204,6606,20
104.19,44707,6638,20
105.43,45208,6658,20
106.6,45708,6678,20
107.73,46210,6698,20
108.87,46711,6718,20
110.06,47214,6734,20
111.3,47717,6758,20
112.54,48220,6778,20
113.65,48721,6798,20
114.96,49222,6818,20
116.14,49723,6846,20
117.36,50226,6866,20
118.56,50730,6890,20
120.09,51232,6930,20
121.33,51736,6958,20
122.73,52240,6966,20
123.92,52743,6978,20
125.06,53246,6986,20
126.17,53746,7018,20
127.52,54246,7038,20
128.64,54747,7070,20
129.87,55247,7078,20
131.18,55750,7090,20
132.41,56253,7126,20
133.64,56757,7150,20
134.92,57258,7170,20
136.1,57761,7206,20
137.37,58264,7214,20
138.58,58764,7230,20
139.85,59264,7262,20
141.05,59764,7302,20
142.26,60266,7310,20
143.34,60770,7334,20
144.57,61270,7354,20
145.7,61774,7382,20
146.92,62276,7402,20
148.18,62776,7418,20
149.37,63278,7434,20
150.82,63778,7482,20
152.14,64281,7506,20
153.52,64781,7526,20
154.7,65281,7526,20
155.92,65785,7554,20
157.11,66286,7590,20
158.35,66789,7610,20
159.45,67291,7634,20
160.57,67794,7642,20
161.91,68296,7682,20
163.12,68798,7718,20
164.31,69299,7742,20
165.5,69800,7762,20
166.7,70300,7786,20
167.9,70803,7814,20
169.08,71307,7834,20
170.37,71810,7862,20
171.64,72310,7878,20
172.99,72812,7898,20
174.1,73314,7906,20
175.58,73818,7930,20
177,74321,7942,20
178.18,74824,7986,20
179.39,75324,8014,20
180.61,75828,8046,20
182.13,76332,8066,20
183.38,76835,8110,20
184.65,77337,8130,20
185.94,77841,8146,20
187.27,78343,8154,20
188.57,78843,8170,20
189.82,79347,8198,20
191.14,79849,8222,20
192.36,80351,8230,20
193.5,80854,8238,20
194.73,81357,8266,20
195.92,81861,8282,20
197.05,82364,8294,20
198.06,82865,8314,20
199.07,83366,8338,20
200.2,83869,8358,20
201.59,84369,8370,20
202.79,84872,8382,20
204.04,85373,8414,20
205.2,85873,8426,20
206.42,86374,8450,20
207.63,86877,8478,20
209.13,87381,8490,20
210.47,87882,8506,20
211.84,88386,8530,20
213.18,88887,8546,20
214.55,89387,8574,20
216,89890,8594,20
217.21,90393,8610,20
218.52,90895,8626,20
219.76,91398,8634,20
220.99,91900,8650,20
222.27,92401,8682,20
223.5,92902,8702,20
224.79,93404,8726,20
226.05,93905,8762,20
227.35,94409,8778,20
228.85,94913,8806,20
230.07,95416,8818,20
231.27,95917,8822,20
232.49,96421,8846,20
233.8,96921,8858,20
234.98,97422,8878,20
236.16,97925,8894,20
237.3,98429,8906,20
238.42,98929,8930,20
239.63,99433,8958,20
240.81,99934,8990,20
242.08,100434,9030,20
243.23,100934,9050,20
244.45,101436,9074,20
245.6,101939,9086,20
246.74,102441,9122,20
247.95,102942,9134,20
249.12,103446,9146,20
250.2,103946,9170,20
251.31,104446,9190,20
252.49,104947,9202,20
253.95,105448,9226,20
255.17,105952,9250,20
256.41,106454,9274,20
257.57,106956,9282,20
258.71,107457,9330,20
259.99,107960,9354,20
261.05,108464,9390,20
262.32,108965,9414,20
263.69,109466,9430,20
264.78,109967,9450,20
266.11,110469,9458,20
267.36,110971,9482,20
268.58,111473,9498,20
269.9,111975,9514,20
270.99,112478,9530,20
272.15,112978,9550,20
273.4,113480,9578,20
274.56,113984,9594,20
275.69,114485,9614,20
277.1,114985,9654,20
278.3,115486,9674,20
279.53,115990,9722,20
280.61,116493,9734,20
281.76,116997,9778,20
282.9,117499,9806,20
284,117999,9838,20
285.34,118500,9862,20
286.69,119003,9890,20
287.82,119506,9934,20
289.21,120008,9950,20
290.33,120512,9974,20
291.64,121015,9998,20
292.99,121517,10014,20
294.28,122017,10026,20
295.45,122517,10030,20
296.63,123021,10054,20
297.83,123525,10094,20
298.89,124028,10126,20
300.23,124530,10146,20
301.44,125031,10174,20
302.71,125533,10214,20
303.93,126036,10230,20
305.13,126537,10270,20
306.34,127040,10290,20
307.54,127542,10298,20
308.8,128044,10322,20
309.99,128547,10358,20
311.18,129050,10382,20
312.45,129554,10410,20
313.57,130058,10446,20
314.74,130561,10462,20
315.96,131062,10482,20
317.12,131562,10510,20
318.37,132065,10534,20
319.86,132567,10538,20
321.27,133068,10574,20
322.49,133572,10622,20
323.66,134073,10650,20
324.98,134577,10662,20
326.28,135080,10686,20
327.5,135582,10722,20
328.77,136084,10746,20
329.87,136584,10762,20
331.12,137084,10806,20
332.39,137584,10822,20
333.58,138085,10826,20
334.9,138588,10878,20
336.11,139092,10918,20
337.3,139595,10942,20
338.58,140097,10962,20
339.77,140597,10990,20
340.98,141101,11018,20
342.18,141604,11038,20
343.28,142107,11046,20
344.44,142610,11058,20
345.66,143113,11098,20
346.74,143616,11122,20
347.88,144118,11146,20
348.94,144618,11170,20
350.06,145120,11190,20
351.24,145624,11202,20
352.49,146125,11214,20
353.63,146626,11234,20
354.73,147128,11254,20
355.99,147630,11286,20
357.38,148133,11326,20
358.57,148634,11354,20
359.66,149134,11394,20
360.77,149634,11442,20
361.95,150138,11458,20
363.16,150640,11490,20
364.4,151140,11510,20
365.52,151643,11526,20
366.74,152143,11542,20
368.05,152646,11582,20
369.23,153147,11594,20
370.49,153651,11618,20
371.78,154153,11634,20
372.96,154656,11654,20
374.13,155157,11678,20
375.28,155657,11702,20
376.51,156157,11734,20
377.62,156661,11750,20
378.85,157164,11790,20
380.08,157667,11830,20
381.37,158169,11854,20
382.6,158670,11882,20
383.76,159173,11894,20
384.98,159675,11918,20
386.18,160176,11946,20
387.3,160678,11954,20
388.5,161178,11982,20
389.79,161681,11998,20
391.01,162184,12022,20
392.26,162685,12038,20
393.46,163187,12062,20
394.72,163687,12078,20
395.89,164189,12098,20
397.08,164689,12118,20
398.24,165193,12146,20
399.46,165693,12162,20
400.75,166194,12218,20
401.97,166695,12238,20
403.13,167197,12258,20
404.3,167699,12286,20
405.57,168201,12314,20
406.91,168701,12342,20
408.14,169204,12366,20
409.36,169706,12386,20
410.55,170207,12406,20
411.68,170709,12434,20
413,171213,12446,20
414.15,171713,12470,20
415.38,172214,12494,20
416.46,172714,12510,20
417.64,173215,12546,20
418.84,173719,12574,20
419.99,174221,12582,20
421.24,174722,12614,20
422.5,175226,12646,20
423.61,175729,12690,20
424.69,176230,12714,20
425.88,176730,12750,20
427.37,177233,12770,20
428.49,177737,12790,20
429.53,178239,12810,20
430.65,178739,12858,20
431.97,179241,12878,20
433.16,179741,12894,20
434.46,180244,12910,20
435.73,180745,12942,20
436.99,181247,12962,20
438.26,181750,12986,20
439.54,182251,13038,20
440.81,182751,13082,20
442.01,183251,13090,20
443.2,183753,13114,20
444.31,184256,13134,20
445.5,184759,13174,20
446.79,185261,13198,20
448.02,185762,13230,20
449.26,186266,13254,20
450.51,186769,13286,20
451.72,187270,13334,20
452.92,187770,13350,20
454.19,188272,13382,20
455.42,188773,13394,20
456.49,189273,13426,20
457.73,189774,13442,20
458.97,190275,13482,20
460.21,190776,13502,20
461.44,191279,13514,20
462.57,191780,13534,20
463.75,192282,13550,20
465.03,192785,13582,20
466.26,193286,13602,20
467.48,193786,13630,20
468.76,194288,13638,20
469.96,194789,13662,20
471.03,195293,13694,20
472.27,195795,13734,20
473.73,196297,13758,20
474.82,196798,13774,20
475.87,197299,13822,20
476.92,197799,13846,20
477.97,198303,13854,20
479.1,198807,13874,20
480.14,199309,13906,20
481.25,199810,13910,20
482.48,200310,13938,20
483.69,200813,13966,20
484.79,201314,13998,20
485.93,201814,14034,20
486.91,202315,14062,20
487.91,202818,14086,20
489.02,203320,14106,20
490.05,203822,14142,20
491.14,204324,14170,20
492.37,204825,14198,20
493.6,205329,14226,20
494.74,205831,14234,20
495.92,206332,14254,20
497.19,206835,14282,20
498.45,207338,14326,20
499.73,207840,14342,20
501.04,208341,14366,20
502.22,208841,14394,20
503.32,209341,14422,20
504.46,209844,14434,20
505.65,210345,14458,20
506.89,210846,14474,20
508.14,211346,14510,20
509.42,211850,14538,20
510.56,212351,14566,20
511.83,212854,14574,20
513.28,213354,14610,20
514.45,213854,14630,20
515.89,214356,14670,20
517.09,214859,14702,20
518.31,215363,14726,20
519.42,215867,14762,20
520.48,216367,14778,20
521.69,216867,14822,20
522.79,217370,14846,20
524.1,217874,14862,20
525.35,218376,14890,20
526.7,218877,14926,20
527.96,219378,14942,20
529.18,219881,14962,20
530.35,220384,15002,20
531.48,220886,15038,20
532.73,221387,15042,20
534,221890,15062,20
535.25,222394,15106,20
536.43,222897,15138,20
537.72,223400,15178,20
538.82,223903,15214,20
540.01,224403,15250,20
541.26,224903,15274,20
542.46,225405,15282,20
543.53,225906,15302,20
544.69,226407,15326,20
545.73,226911,15346,20
546.88,227415,15374,20
548.08,227915,15382,20
549.24,228419,15406,20
550.35,228921,15438,20
551.49,229425,15450,20
552.65,229928,15486,20
553.86,230430,15498,20
555.05,230930,15518,20
556.25,231432,15554,20
557.34,231932,15570,20
558.58,232434,15602,20
559.68,232937,15626,20
560.85,233438,15654,20
561.99,233941,15678,20
563.12,234441,15714,20
564.24,234943,15746,20
565.47,235445,15782,20
566.76,235948,15802,20
568.09,236452,15830,20
569.33,236956,15858,20
570.84,237457,15890,20
572.05,237957,15902,20
573.27,238458,15926,20
574.55,238961,15954,20
575.83,239464,15966,20
577.05,239964,16014,20
578.12,240467,16050,20
579.27,240969,16074,20
580.55,241469,16090,20
581.76,241972,16114,20
582.88,242472,16130,20
584.03,242974,16166,20
585.19,243475,16186,20
586.43,243977,16210,20
587.66,244478,16230,20
589,244979,16246,20
590.12,245479,16270,20
591.43,245979,16302,20
592.64,246481,16326,20
593.87,246983,16350,20
595.08,247485,16378,20
596.24,247987,16410,20
597.32,248488,16430,20
598.45,248991,16462,20
599.53,249491,16482,20
600.6,249994,16502,20
601.87,250498,16534,20
603.07,250998,16570,20
604.26,251500,16590,20
605.36,252003,16610,20
606.5,252507,16626,20
607.65,253009,16646,20
608.86,253511,16670,20
610.12,254012,16706,20
611.27,254514,16750,20
612.45,255016,16778,20
613.65,255520,16802,20
614.79,256020,16814,20
616.04,256523,16854,20
617.17,257025,16878,20
618.16,257529,16902,20
619.26,258032,16926,20
620.4,258534,16958,20
621.56,259034,16978,20
622.7,259536,17014,20
623.79,260038,17022,20
625,260542,17046,20
626.28,261042,17062,20
627.53,261544,17070,20
628.66,262044,17086,20
629.83,262548,17118,20
631.2,263049,17134,20
632.37,263553,17150,20
633.53,264055,17182,20
634.73,264556,17218,20
635.99,265058,17242,20
637.09,265562,17270,20
638.21,266063,17298,20
639.43,266567,17326,20
640.58,267068,17350,20
641.86,267568,17378,20
642.92,268071,17410,20
644.12,268571,17446,20
645.35,269071,17478,20
646.5,269573,17522,20
647.81,270074,17550,20
648.97,270578,17590,20
650.22,271080,17626,20
651.36,271583,17634,20
652.61,272084,17670,20
653.74,272586,17686,20
654.81,273090,17710,20
655.87,273594,17742,20
656.95,274095,17762,20
658.07,274597,17782,20
659.2,275097,17826,20
660.51,275598,17862,20
661.74,276101,17898,20
663.02,276603,17922,20
664.2,277103,17938,20
665.36,277605,17946,20
666.47,278107,17970,20
667.62,278609,17998,20
668.79,279111,18026,20
669.84,279613,18042,20
670.89,280113,18058,20
672.06,280614,18086,20
673.35,281117,18106,20
674.72,281619,18154,20
675.92,282123,18194,20
677.14,282627,18222,20
678.46,283131,18238,20
679.64,283631,18262,20
680.93,284131,18282,20
682.2,284633,18310,20
683.37,285133,18330,20
684.62,285635,18382,20
685.76,286136,18402,20
686.92,286639,18426,20
688.05,287139,18458,20
689.23,287639,18478,20
690.42,288143,18510,20
691.73,288647,18554,20
692.94,289151,18562,20
694.03,289654,18594,20
695.08,290158,18610,20
696.17,290660,18626,20
697.2,291162,18634,20
698.31,291662,18658,20
699.46,292164,18694,20
700.65,292666,18722,20
701.91,293167,18754,20
703.01,293669,18782,20
704.06,294173,18802,20
705.15,294673,18826,20
706.24,295177,18838,20
707.44,295679,18858,20
708.7,296180,18886,20
709.96,296683,18930,20
711.11,297186,18982,20
712.21,297688,19010,20
713.49,298188,19038,20
714.59,298688,19062,20
715.64,299192,19090,20
716.7,299693,19094,20
717.76,300193,19122,20
718.86,300695,19138,20
720.08,301199,19150,20
721.19,301701,19198,20
722.35,302205,19222,20
723.42,302705,19262,20
724.61,303205,19302,20
725.84,303706,19330,20
726.98,304210,19346,20
728.17,304714,19362,20
729.47,305217,19374,20
730.84,305717,19394,20
732.4,306219,19422,20
733.56,306719,19442,20
734.66,307219,19470,20
735.98,307723,19506,20
737.14,308226,19518,20
738.3,308730,19538,20
739.49,309230,19574,20
740.71,309731,19606,20
741.84,310235,19638,20
743.02,310736,19678,20
744.18,311237,19710,20
745.48,311741,19738,20
746.65,312241,19758,20
747.91,312741,19778,20
749.1,313243,19814,20
750.34,313745,19822,20
751.53,314246,19854,20
752.84,314749,19882,20
754.21,315252,19894,20
755.33,315754,19914,20
756.5,316254,19934,20
757.54,316754,19958,20
758.69,317257,19990,20
759.78,317759,20014,20
760.9,318260,20034,20
762.2,318762,20090,20
763.31,319264,20114,20
764.52,319765,20138,20
765.66,320265,20170,20
766.93,320765,20186,20
768.09,321268,20214,20
769.36,321772,20230,20
770.64,322274,20258,20
771.86,322774,20266,20
773.03,323278,20294,20
774.21,323779,20314,20
775.35,324282,20334,20
776.54,324786,20354,20
777.74,325287,20378,20
778.92,325791,20406,20
780.05,326294,20442,20
781.38,326794,20462,20
782.77,327298,20486,20
783.97,327802,20502,20
785.03,328304,20510,20
786.12,328806,20538,20
787.2,329310,20562,20
788.41,329812,20586,20
789.54,330315,20614,20
790.66,330818,20646,20
791.79,331321,20666,20
792.94,331825,20686,20
794.04,332327,20714,20
795.16,332827,20726,20
796.31,333327,20746,20
797.56,333828,20766,20
798.68,334331,20790,20
799.89,334835,20814,20
801,335337,20838,20
802.26,335838,20862,20
803.58,336340,20894,20
804.77,336842,20902,20
806.04,337343,20926,20
807.34,337845,20958,20
808.62,338345,20970,20
809.71,338849,20986,20
810.82,339350,21022,20
812.19,339854,21058,20
813.47,340356,21090,20
814.73,340857,21146,20
815.96,341361,21178,20
817.1,341864,21202,20
818.38,342368,21230,20
819.59,342870,21246,20
820.84,343370,21274,20
822.04,343870,21314,20
823.16,344374,21326,20
824.3,344877,21338,20
825.52,345377,21366,20
826.83,345879,21382,20
828.14,346381,21410,20
829.41,346881,21426,20
830.67,347384,21442,20
831.89,347884,21470,20
833.04,348385,21494,20
834.11,348886,21498,20
835.4,349390,21538,20
836.65,349893,21562,20
837.75,350396,21590,20
839,350896,21618,20
840.17,351397,21622,20
841.37,351898,21638,20
842.6,352400,21674,20
843.77,352902,21710,20
845.02,353403,21730,20
846.35,353905,21758,20
847.52,354405,21778,20
848.74,354909,21802,20
849.98,355413,21810,20
851.19,355915,21838,20
852.51,356415,21866,20
853.67,356916,21886,20
854.82,357417,21902,20
856.03,357920,21914,20
857.23,358420,21938,20
858.49,358920,21962,20
859.71,359421,21998,20
860.88,359921,22022,20
862.14,360425,22046,20
863.44,360926,22074,20
864.82,361429,22090,20
866.02,361933,22114,20
867.09,362437,22142,20
868.26,362941,22170,20
869.42,363444,22182,20
870.62,363944,22194,20
871.82,364445,22226,20
873.05,364946,22258,20
874.3,365447,22282,20
875.4,365948,22306,20
876.58,366450,22322,20
877.7,366953,22350,20
878.88,367454,22378,20
880.03,367954,22398,20
881.25,368455,22426,20
882.36,368957,22446,20
883.55,369458,22466,20
884.99,369960,22494,20
886.28,370463,22522,20
887.48,370966,22554,20
888.84,371466,22574,20
890.01,371970,22590,20
891.19,372472,22614,20
892.57,372974,22650,20
893.88,373477,22670,20
895.18,373978,22702,20
896.37,374479,22746,20
897.68,374981,22770,20
898.9,375481,22810,20
900.1,375985,22826,20
901.37,376486,22854,20
902.58,376990,22882,20
903.75,377494,22902,20
905.12,377994,22934,20
906.4,378496,22950,20
907.55,378996,22978,20
908.72,379500,23026,20
909.92,380001,23042,20
911.06,380501,23042,20
912.2,381002,23074,20
913.34,381503,23090,20
914.59,382004,23130,20
915.83,382508,23170,20
917.07,383008,23230,20
918.21,383511,23270,20
919.42,384013,23294,20
920.58,384514,23318,20
921.77,385018,23366,20
922.93,385520,23402,20
924.11,386020,23438,20
925.3,386524,23454,20
926.54,387026,23478,20
927.72,387527,23502,20
928.93,388028,23514,20
930.11,388528,23550,20
931.5,389032,23574,20
932.62,389533,23602,20
933.8,390033,23626,20
935.08,390533,23654,20
936.25,391037,23694,20
937.46,391540,23734,20
938.61,392041,23750,20
939.79,392545,23782,20
940.91,393049,23802,20
942.03,393551,23826,20
943.22,394052,23854,20
944.52,394555,23886,20
945.83,395056,23902,20
947.19,395558,23918,20
948.5,396062,23930,20
949.65,396563,23966,20
950.98,397063,23982,20
952.27,397563,24002,20
953.6,398063,24018,20
954.75,398563,24030,20
955.89,399063,24062,20
957.11,399567,24078,20
958.41,400067,24110,20
959.69,400569,24142,20
960.81,401072,24170,20
962.13,401575,24198,20
963.37,402076,24222,20
964.54,402579,24234,20
965.72,403079,24258,20
966.91,403579,24282,20
968.21,404081,24306,20
969.39,404582,24342,20
970.57,405086,24362,20
971.82,405590,24390,20
973.04,406094,24422,20
974.23,406594,24450,20
975.6,407094,24458,20
976.86,407594,24486,20
978.1,408095,24526,20
979.37,408597,24542,20
980.63,409101,24574,20
981.83,409603,24582,20
982.93,410107,24610,20
984.21,410611,24646,20
985.39,411115,24670,20
986.63,411618,24690,20
987.86,412120,24738,20
989.12,412622,24778,20
990.29,413125,24786,20
991.41,413625,24806,20
992.62,414129,24818,20
993.93,414631,24842,20
995.16,415135,24862,20
996.36,415635,24882,20
997.64,416137,24910,20
998.74,416639,24926,20
999.88,417140,24954,20
1001.17,417642,24978,20
1002.42,418142,24994,20
1003.59,418643,25014,20
1004.71,419144,25038,20
1005.92,419645,25066,20
1007.09,420146,25086,20
1008.32,420649,25106,20
1009.56,421152,25130,20
1010.7,421655,25158,20
1011.89,422159,25198,20
1013.09,422663,25230,20
1014.34,423163,25246,20
1015.47,423665,25266,20
1016.77,424169,25290,20
1017.95,424673,25318,20
1019.14,425177,25342,20
1020.37,425677,25358,20
1021.68,426178,25394,20
1022.98,426680,25434,20
1024.05,427181,25470,20
1025.17,427682,25494,20
1026.31,428186,25506,20
1027.38,428688,25526,20
1028.73,429192,25550,20
1029.96,429693,25566,20
1031.19,430196,25574,20
1032.55,430697,25614,20
1033.88,431199,25642,20
1035.1,431701,25670,20
1036.26,432203,25694,20
1037.38,432705,25698,20
1038.64,433208,25742,20
1039.92,433710,25782,20
1041.18,434211,25802,20
1042.33,434711,25822,20
1043.6,435213,25862,20
1044.86,435715,25894,20
1046.19,436218,25910,20
1047.28,436721,25926,20
1048.52,437221,25950,20
1049.72,437724,25982,20
1050.98,438226,26006,20
1052.27,438730,26030,20
1053.46,439230,26050,20
1054.63,439731,26070,20
1055.88,440231,26090,20
1057.06,440734,26130,20
1058.2,441236,26150,20
1059.41,441736,26170,20
1060.83,442238,26186,20
1062.04,442742,26218,20
1063.33,443244,26226,20
1064.49,443746,26250,20
1065.68,444248,26278,20
1067.04,444749,26310,20
1068.47,445253,26334,20
1069.64,445753,26354,20
1070.86,446257,26370,20
1072.13,446757,26382,20
1073.3,447260,26394,20
1074.57,447762,26426,20
1075.83,448266,26454,20
1077.17,448766,26482,20
1078.31,449267,26502,20
1079.55,449770,26522,20
1080.79,450270,26574,20
1081.99,450773,26614,20
1083.39,451276,26642,20
1085.07,451776,26670,20
1087.11,452280,26706,20
1088.56,452783,26746,20
1089.7,453286,26778,20
1090.95,453787,26810,20
1092.12,454289,26842,20
1093.32,454789,26850,20
1094.57,455293,26878,20
1095.77,455797,26902,20
1097.01,456301,26930,20
1098.26,456802,26950,20
1099.59,457303,26974,20
1100.74,457805,27002,20
1101.89,458307,27010,20
1103.22,458808,27054,20
1104.59,459312,27090,20
1105.79,459814,27106,20
1107.04,460317,27134,20
1108.25,460819,27170,20
1109.4,461319,27190,20
1110.66,461820,27214,20
1111.88,462321,27238,20
1113.29,462821,27254,20
1114.53,463323,27274,20
1115.91,463824,27302,20
1117.3,464328,27326,20
1118.54,464828,27342,20
1.04,502,4702,22
2.14,1003,4717,22
3.18,1505,4831,22
4.18,2007,4831,22
5.27,2507,4831,22
6.23,3008,4856,22
7.15,3509,4868,22
8.06,4009,4868,22
9.11,4511,4876,22
10.21,5011,4876,22
11.19,5511,4876,22
12.14,6011,4876,22
13.15,6511,4876,22
14.21,7012,4880,22
15.27,7513,4884,22
16.31,8013,4896,22
17.36,8515,4904,22
18.46,9018,4912,22
19.49,9519,4916,22
20.51,10023,4924,22
21.56,10524,4928,22
22.7,11025,4944,22
23.72,11529,4956,22
24.73,12029,4976,22
25.85,12532,4984,22
26.94,13035,4992,22
27.98,13539,5004,22
29.01,14040,5020,22
30.04,14540,5044,22
31.05,15043,5060,22
32.13,15547,5072,22
33.27,16049,5080,22
34.43,16550,5096,22
35.66,17053,5112,22
36.88,17553,5128,22
37.98,18057,5156,22
39.07,18557,5172,22
40.22,19058,5176,22
41.31,19560,5184,22
42.41,20063,5192,22
43.47,20564,5196,22
44.56,21068,5208,22
45.59,21572,5220,22
46.75,22076,5236,22
47.95,22580,5256,22
49.16,23083,5268,22
50.32,23584,5280,22
51.42,24085,5304,22
52.56,24587,5324,22
53.69,25087,5348,22
54.84,25588,5368,22
55.93,26091,5380,22
57,26595,5392,22
58.14,27098,5400,22
59.3,27598,5408,22
60.47,28102,5416,22
61.62,28603,5428,22
62.78,29107,5464,22
63.91,29608,5496,22
65.01,30112,5520,22
66.19,30613,5552,22
67.4,31116,5580,22
68.56,31618,5608,22
69.66,32121,5636,22
70.79,32624,5660,22
71.83,33124,5676,22
72.93,33625,5708,22
74.05,34128,5736,22
75.22,34632,5756,22
76.46,35136,5772,22
77.62,35639,5800,22
78.78,36142,5836,22
79.82,36643,5868,22
80.96,37143,5908,22
82.11,37644,5912,22
83.25,38148,5944,22
84.32,38651,5968,22
85.51,39154,5976,22
86.72,39658,6004,22
87.87,40162,6016,22
89.08,40664,6040,22
90.2,41165,6072,22
91.34,41669,6080,22
92.48,42173,6096,22
93.57,42676,6104,22
94.73,43179,6144,22
95.92,43682,6180,22
96.98,44183,6228,22
98.08,44685,6236,22
99.16,45186,6256,22
100.26,45688,6264,22
101.42,46191,6288,22
102.48,46693,6300,22
103.64,47193,6328,22
104.76,47693,6348,22
105.85,48196,6372,22
106.9,48699,6404,22
107.92,49202,6432,22
109.08,49706,6448,22
110.31,50206,6464,22
111.44,50707,6484,22
112.57,51209,6500,22
113.75,51710,6536,22
114.97,52210,6576,22
116.12,52713,6584,22
117.29,53213,6604,22
118.5,53716,6616,22
119.66,54217,6640,22
120.84,54721,6656,22
121.96,55224,6696,22
123.04,55727,6728,22
124.24,56227,6748,22
125.4,56729,6776,22
126.5,57233,6812,22
127.64,57734,6836,22
128.76,58238,6848,22
129.95,58742,6872,22
131.27,59242,6908,22
132.48,59746,6932,22
133.73,60249,6940,22
134.89,60750,6960,22
136,61254,6984,22
137.2,61756,7004,22
138.32,62258,7020,22
139.51,62759,7056,22
140.62,63261,7080,22
141.9,63761,7100,22
143.1,64263,7116,22
144.28,64767,7132,22
145.41,65270,7156,22
146.53,65771,7180,22
147.71,66273,7196,22
148.87,66777,7212,22
150.02,67280,7240,22
151.15,67783,7276,22
152.44,68283,7296,22
153.64,68787,7320,22
154.83,69288,7340,22
155.88,69788,7352,22
157,70291,7380,22
158.24,70795,7416,22
159.38,71297,7424,22
160.5,71798,7456,22
161.68,72302,7484,22
162.94,72804,7500,22
164.15,73306,7524,22
165.28,73806,7588,22
166.43,74306,7620,22
167.51,74809,7656,22
168.73,75311,7700,22
169.84,75812,7736,22
171,76312,7756,22
172.28,76814,7772,22
173.49,77314,7820,22
174.71,77817,7840,22
175.86,78319,7864,22
176.92,78821,7888,22
178.03,79321,7908,22
179.19,79825,7936,22
180.35,80328,7944,22
181.54,80829,7972,22
182.67,81329,8016,22
183.74,81829,8040,22
185.04,82329,8068,22
186.34,82830,8092,22
187.57,83333,8120,22
188.77,83836,8132,22
190.03,84339,8168,22
191.27,84841,8192,22
192.53,85345,8208,22
193.71,85847,8236,22
194.89,86350,8240,22
196.01,86852,8264,22
197.18,87352,8292,22
198.29,87853,8308,22
199.53,88353,8344,22
200.66,88854,8380,22
201.76,89354,8396,22
202.89,89855,8456,22
204.16,90357,8484,22
205.32,90858,8524,22
206.54,91361,8536,22
207.73,91862,8568,22
208.83,92364,8584,22
210.02,92868,8600,22
211.04,93372,8624,22
212.15,93873,8672,22
213.27,94374,8684,22
214.55,94877,8692,22
215.73,95381,8704,22
216.83,95882,8732,22
217.93,96382,8732,22
219.03,96884,8748,22
220.2,97384,8784,22
221.36,97884,8816,22
222.48,98384,8860,22
223.7,98884,8880,22
224.91,99388,8904,22
226.08,99890,8932,22
227.28,100390,8948,22
228.23,100893,8984,22
229.41,101395,9004,22
230.7,101896,9020,22
231.84,102396,9040,22
233.06,102900,9092,22
234.18,103402,9112,22
235.31,103904,9144,22
236.5,104408,9180,22
237.76,104912,9200,22
239,105415,9236,22
240.15,105917,9256,22
241.33,106420,9272,22
242.49,106922,9300,22
243.58,107423,9332,22
244.84,107923,9372,22
245.98,108426,9396,22
247.13,108926,9420,22
248.3,109427,9440,22
249.41,109927,9440,22
250.62,110427,9468,22
251.82,110928,9488,22
253.01,111431,9540,22
254.15,111932,9572,22
255.36,112434,9588,22
256.5,112935,9608,22
257.51,113435,9620,22
258.69,113936,9648,22
259.87,114437,9680,22
261.1,114937,9700,22
262.27,115439,9720,22
263.4,115939,9736,22
264.46,116442,9748,22
265.59,116943,9776,22
266.87,117444,9804,22
267.99,117947,9832,22
269.07,118451,9844,22
270.15,118951,9872,22
271.33,119454,9896,22
272.46,119958,9912,22
273.77,120462,9920,22
274.96,120964,9952,22
276.13,121468,9976,22
277.31,121968,9996,22
278.48,122471,10024,22
279.58,122974,10052,22
280.77,123478,10092,22
281.94,123982,10120,22
283.08,124482,10140,22
284.28,124983,10160,22
285.42,125483,10172,22
286.53,125984,10204,22
287.59,126485,10224,22
288.66,126986,10240,22
289.83,127486,10252,22
291.21,127988,10276,22
292.49,128491,10312,22
293.74,128995,10328,22
294.91,129496,10344,22
296.18,129998,10352,22
297.34,130502,10360,22
298.53,131004,10384,22
299.68,131507,10396,22
300.84,132008,10416,22
302.07,132509,10440,22
303.29,133011,10460,22
304.52,133513,10504,22
305.81,134017,10528,22
307.03,134517,10568,22
308.35,135021,10584,22
309.55,135521,10592,22
310.78,136023,10620,22
311.97,136526,10644,22
313.17,137028,10664,22
314.3,137528,10684,22
315.42,138032,10712,22
316.57,138535,10748,22
317.69,139036,10772,22
318.9,139537,10788,22
320.09,140041,10824,22
321.3,140543,10844,22
322.51,141047,10864,22
323.68,141547,10896,22
324.84,142049,10916,22
325.96,142549,10936,22
327.11,143050,10948,22
328.26,143553,10972,22
329.33,144056,10996,22
330.52,144560,11008,22
331.66,145064,11040,22
332.81,145567,11064,22
333.96,146071,11100,22
335.02,146575,11112,22
336.08,147078,11140,22
337.25,147580,11164,22
338.42,148083,11196,22
339.49,148584,11232,22
340.55,149086,11268,22
341.61,149589,11296,22
342.8,150091,11316,22
343.89,150592,11332,22
344.97,151092,11380,22
346.15,151595,11416,22
347.29,152097,11444,22
348.53,152601,11468,22
349.69,153102,11480,22
350.85,153602,11512,22
352,154105,11540,22
353.08,154608,11568,22
354.24,155111,11592,22
355.49,155611,11620,22
356.71,156115,11644,22
357.87,156615,11672,22
359.22,157115,11712,22
360.38,157617,11736,22
361.58,158120,11752,22
362.6,158622,11776,22
363.78,159125,11800,22
364.9,159626,11844,22
366.11,160130,11880,22
367.21,160631,11916,22
368.29,161135,11924,22
369.4,161638,11960,22
370.52,162141,11984,22
371.57,162643,11996,22
372.63,163147,12028,22
373.75,163648,12076,22
374.98,164150,12096,22
376.09,164654,12112,22
377.12,165157,12124,22
378.27,165661,12156,22
379.4,166165,12172,22
380.59,166669,12188,22
381.82,167170,12228,22
382.95,167670,12256,22
384.07,168172,12288,22
385.12,168676,12304,22
386.28,169179,12328,22
387.44,169680,12372,22
388.56,170184,12388,22
389.69,170685,12412,22
390.92,171187,12436,22
392.14,171689,12464,22
393.28,172189,12488,22
394.56,172692,12512,22
395.71,173195,12536,22
396.93,173698,12556,22
398.06,174200,12588,22
399.21,174701,12608,22
400.39,175202,12624,22
401.57,175705,12652,22
402.79,176209,12676,22
403.91,176712,12688,22
405.08,177215,12712,22
406.21,177717,12720,22
407.34,178217,12732,22
408.63,178718,12764,22
409.78,179221,12780,22
411,179721,12808,22
412.21,180224,12848,22
413.43,180724,12880,22
414.55,181227,12900,22
415.7,181730,12924,22
416.84,182232,12960,22
418.07,182735,12972,22
419.26,183238,13004,22
420.53,183738,13016,22
421.75,184239,13032,22
422.93,184740,13052,22
424.05,185240,13072,22
425.29,185744,13100,22
426.49,186244,13132,22
427.67,186744,13160,22
428.93,187244,13176,22
430.11,187747,13196,22
431.28,188250,13232,22
432.39,188750,13248,22
433.6,189253,13264,22
434.82,189753,13300,22
436.06,190255,13320,22
437.22,190759,13332,22
438.44,191263,13368,22
439.6,191767,13380,22
440.77,192267,13396,22
441.98,192770,13440,22
443.07,193270,13460,22
444.28,193774,13480,22
445.5,194275,13504,22
446.67,194777,13536,22
447.67,195277,13556,22
448.77,195781,13572,22
449.86,196284,13580,22
451.06,196786,13584,22
452.33,197290,13596,22
453.56,197790,13620,22
454.72,198292,13652,22
455.94,198796,13664,22
457.05,199296,13712,22
458.26,199798,13744,22
459.48,200300,13788,22
460.67,200800,13832,22
461.79,201300,13852,22
462.98,201804,13872,22
464.12,202305,13900,22
465.39,202805,13912,22
466.58,203308,13928,22
467.78,203812,13948,22
468.94,204313,13960,22
470.16,204815,13972,22
471.31,205316,13988,22
472.51,205816,14012,22
473.76,206318,14040,22
475.03,206821,14068,22
476.27,207325,14084,22
477.8,207827,14124,22
479.08,208330,14140,22
480.35,208834,14156,22
481.73,209335,14188,22
482.93,209837,14204,22
484.2,210337,14216,22
485.4,210839,14244,22
486.67,211342,14260,22
487.87,211844,14284,22
489.14,212345,14300,22
490.4,212846,14332,22
491.83,213349,14360,22
493.36,213852,14380,22
495.12,214352,14408,22
497.03,214853,14428,22
498.74,215356,14452,22
500.52,215857,14476,22
0.98,503,4919,22
2.09,1006,5215,22
3.33,1506,5218,22
4.39,2006,5218,22
5.56,2506,5245,22
6.62,3007,5249,22
7.57,3507,5249,22
8.7,4008,5253,22
9.79,4509,5257,22
10.88,5009,5257,22
12.03,5511,5261,22
13.17,6012,5265,22
14.35,6512,5265,22
15.49,7015,5277,22
16.64,7515,5277,22
17.72,8018,5289,22
19.06,8518,5301,22
20.07,9019,5305,22
21.04,9523,5321,22
22.07,10026,5333,22
23.27,10527,5337,22
24.37,11028,5357,22
25.39,11529,5377,22
26.53,12031,5397,22
27.59,12534,5405,22
28.74,13034,5433,22
30,13534,5445,22
31.17,14036,5457,22
32.25,14536,5469,22
33.39,15040,5485,22
34.54,15543,5509,22
35.72,16046,5517,22
36.93,16548,5541,22
38.09,17049,5561,22
39.26,17553,5585,22
40.47,18054,5617,22
41.6,18557,5637,22
42.86,19057,5669,22
44.02,19561,5693,22
45.09,20063,5701,22
46.29,20565,5709,22
47.49,21065,5733,22
48.71,21566,5757,22
49.78,22066,5773,22
51.03,22567,5785,22
52.33,23070,5797,22
53.49,23571,5801,22
54.54,24071,5829,22
55.61,24571,5845,22
56.8,25072,5861,22
57.98,25572,5877,22
59.09,26075,5905,22
60.2,26576,5925,22
61.45,27080,5937,22
62.64,27584,5961,22
63.79,28088,5973,22
64.93,28592,5985,22
66.13,29096,5997,22
67.34,29596,6017,22
68.4,30097,6049,22
69.46,30597,6097,22
70.63,31097,6121,22
71.81,31598,6145,22
72.9,32098,6169,22
74.01,32598,6189,22
75.07,33100,6197,22
76.18,33600,6213,22
77.26,34101,6257,22
78.46,34604,6277,22
79.53,35107,6289,22
80.71,35610,6301,22
81.94,36114,6321,22
83,36616,6357,22
84.06,37116,6381,22
85.21,37619,6413,22
86.44,38119,6437,22
87.54,38620,6457,22
88.73,39122,6473,22
89.9,39622,6493,22
91.11,40126,6509,22
92.25,40627,6529,22
93.41,41130,6561,22
94.58,41630,6585,22
95.7,42132,6605,22
96.74,42636,6617,22
97.83,43137,6641,22
98.89,43639,6649,22
99.94,44141,6657,22
101.02,44642,6673,22
102.22,45142,6685,22
103.41,45642,6721,22
104.59,46144,6745,22
105.71,46645,6785,22
106.81,47149,6817,22
107.98,47653,6845,22
109.16,48154,6869,22
110.34,48656,6901,22
111.57,49159,6913,22
112.82,49661,6921,22
114.08,50163,6949,22
115.39,50664,6965,22
116.58,51167,6977,22
117.72,51669,7001,22
118.92,52171,7029,22
120.03,52675,7041,22
121.12,53175,7057,22
122.28,53677,7081,22
123.4,54177,7101,22
124.6,54679,7117,22
125.81,55182,7145,22
126.97,55683,7161,22
128.1,56183,7201,22
129.27,56685,7225,22
130.43,57185,7225,22
131.61,57688,7233,22
132.87,58188,7245,22
134.1,58688,7261,22
135.3,59188,7281,22
136.46,59688,7305,22
137.71,60188,7321,22
138.97,60690,7341,22
139.99,61191,7369,22
141.19,61693,7377,22
142.4,62196,7409,22
143.49,62697,7429,22
144.51,63197,7445,22
145.69,63697,7461,22
146.91,64199,7485,22
148.06,64703,7501,22
149.26,65204,7525,22
150.36,65707,7549,22
151.42,66211,7565,22
152.54,66713,7585,22
153.66,67214,7589,22
154.95,67718,7609,22
156.16,68222,7633,22
157.32,68726,7645,22
158.44,69226,7673,22
159.57,69730,7693,22
160.72,70230,7713,22
161.92,70734,7741,22
163.07,71237,7765,22
164.18,71739,7809,22
165.35,72239,7845,22
166.52,72739,7873,22
167.73,73243,7893,22
169.06,73743,7921,22
170.21,74243,7949,22
171.46,74745,7969,22
172.78,75246,8013,22
173.93,75749,8053,22
175.11,76252,8105,22
176.22,76755,8125,22
177.34,77259,8137,22
178.58,77761,8161,22
179.79,78264,8201,22
181.01,78767,8213,22
182.15,79267,8233,22
183.32,79769,8249,22
184.55,80269,8277,22
185.7,80771,8313,22
186.92,81273,8321,22
188.03,81775,8341,22
189.14,82276,8357,22
190.26,82776,8381,22
191.34,83280,8413,22
192.53,83780,8445,22
193.74,84283,8457,22
194.83,84786,8473,22
195.97,85286,8497,22
197.11,85790,8517,22
198.29,86290,8549,22
199.49,86793,8577,22
200.62,87296,8605,22
201.68,87799,8625,22
202.8,88303,8657,22
203.91,88806,8701,22
205.17,89309,8741,22
206.28,89809,8781,22
207.45,90311,8813,22
208.5,90812,8833,22
209.75,91316,8849,22
210.94,91820,8873,22
212.14,92324,8905,22
213.36,92825,8909,22
214.55,93327,8933,22
215.78,93827,8989,22
217.07,94331,9017,22
218.33,94833,9025,22
219.53,95334,9045,22
220.67,95834,9065,22
221.91,96334,9077,22
223.17,96835,9117,22
224.22,97336,9137,22
225.35,97837,9165,22
226.61,98340,9209,22
227.77,98842,9237,22
229.02,99345,9249,22
230.31,99849,9265,22
231.46,100349,9285,22
232.74,100849,9301,22
233.99,101352,9305,22
235.24,101852,9325,22
236.47,102356,9361,22
237.7,102858,9397,22
238.89,103358,9425,22
240.19,103860,9457,22
241.41,104363,9489,22
242.49,104866,9517,22
243.69,105370,9553,22
244.86,105870,9569,22
246,106374,9593,22
247.13,106875,9613,22
248.36,107377,9633,22
249.6,107881,9657,22
250.81,108384,9693,22
251.94,108887,9709,22
253.15,109391,9745,22
254.27,109891,9761,22
255.45,110394,9781,22
256.67,110894,9805,22
257.79,111395,9849,22
258.82,111895,9877,22
259.91,112397,9905,22
260.93,112899,9925,22
262.08,113400,9949,22
263.34,113902,9977,22
264.43,114404,10001,22
265.54,114904,10037,22
266.62,115406,10069,22
267.71,115908,10101,22
268.83,116410,10121,22
269.88,116911,10141,22
271.16,117412,10169,22
272.44,117916,10193,22
273.62,118418,10201,22
274.75,118920,10221,22
275.95,119424,10245,22
277.14,119928,10277,22
278.44,120432,10297,22
279.68,120934,10317,22
280.93,121434,10345,22
282.28,121936,10381,22
283.49,122439,10393,22
284.71,122941,10417,22
286.01,123445,10433,22
287.32,123946,10457,22
288.69,124446,10497,22
289.96,124948,10509,22
291.11,125449,10541,22
292.23,125949,10569,22
293.51,126452,10593,22
294.72,126953,10613,22
296.11,127456,10649,22
297.18,127956,10661,22
298.42,128459,10685,22
299.57,128959,10705,22
300.72,129463,10721,22
301.85,129965,10753,22
303.02,130465,10769,22
304.23,130969,10789,22
305.46,131470,10817,22
306.57,131973,10833,22
307.87,132476,10845,22
309.01,132980,10869,22
310.23,133483,10881,22
311.42,133983,10917,22
312.6,134486,10937,22
313.8,134989,10969,22
314.97,135491,10993,22
316.17,135994,11021,22
317.26,136495,11041,22
318.43,136995,11073,22
319.57,137495,11085,22
320.71,137999,11129,22
321.85,138503,11149,22
323.07,139007,11177,22
324.25,139510,11205,22
325.45,140014,11221,22
326.85,140516,11269,22
328.2,141019,11297,22
329.39,141522,11321,22
330.7,142024,11345,22
331.88,142526,11353,22
333.05,143029,11385,22
334.24,143531,11409,22
335.41,144031,11433,22
336.66,144533,11457,22
337.85,145033,11473,22
339.09,145533,11489,22
340.36,146034,11505,22
341.64,146534,11533,22
343.01,147034,11561,22
344.3,147535,11589,22
345.5,148036,11625,22
346.64,148537,11645,22
347.76,149038,11693,22
348.97,149539,11733,22
350.17,150040,11753,22
351.44,150543,11781,22
352.7,151046,11809,22
353.91,151547,11825,22
355.03,152050,11853,22
356.19,152552,11897,22
357.47,153053,11929,22
358.71,153553,11973,22
360.1,154056,11985,22
361.33,154556,12017,22
362.44,155056,12033,22
363.59,155556,12065,22
364.76,156057,12085,22
365.96,156557,12105,22
367.1,157060,12133,22
368.29,157561,12173,22
369.44,158061,12189,22
370.6,158562,12205,22
371.83,159064,12213,22
373.1,159565,12245,22
374.34,160066,12273,22
375.54,160570,12317,22
376.68,161071,12337,22
377.82,161573,12361,22
379,162073,12393,22
380.17,162574,12421,22
381.42,163077,12461,22
382.63,163579,12469,22
383.94,164080,12505,22
385.13,164581,12537,22
386.32,165084,12561,22
387.54,165585,12577,22
388.77,166085,12609,22
389.99,166587,12629,22
391.17,167091,12653,22
392.39,167595,12677,22
393.61,168096,12697,22
394.79,168597,12721,22
396,169099,12729,22
397.16,169600,12757,22
398.36,170102,12789,22
399.56,170603,12805,22
400.75,171105,12829,22
401.88,171608,12849,22
403.22,172108,12861,22
404.45,172611,12869,22
405.73,173114,12893,22
406.97,173616,12929,22
408.26,174120,12957,22
409.56,174621,13009,22
410.75,175123,13029,22
411.94,175627,13045,22
413.09,176131,13061,22
414.18,176635,13097,22
415.38,177135,13129,22
416.56,177635,13149,22
417.86,178139,13185,22
419.2,178640,13209,22
420.35,179142,13249,22
421.56,179646,13265,22
422.68,180146,13301,22
423.92,180646,13321,22
425.08,181147,13341,22
426.26,181649,13349,22
427.39,182150,13381,22
428.59,182652,13405,22
429.87,183156,13441,22
431.06,183660,13457,22
432.43,184160,13481,22
433.67,184660,13493,22
434.97,185160,13529,22
436.13,185662,13545,22
437.34,186166,13565,22
438.59,186667,13585,22
439.91,187167,13597,22
441.15,187670,13625,22
442.33,188171,13649,22
443.55,188674,13661,22
444.71,189178,13673,22
445.91,189678,13693,22
447.09,190179,13697,22
448.29,190681,13717,22
449.52,191185,13733,22
450.72,191686,13749,22
451.99,192188,13765,22
453.12,192691,13797,22
454.26,193195,13809,22
455.63,193698,13837,22
456.82,194201,13861,22
457.97,194704,13885,22
459.11,195205,13905,22
460.25,195709,13929,22
461.41,196210,13977,22
462.67,196714,13997,22
463.92,197214,14009,22
465.2,197714,14033,22
466.41,198217,14057,22
467.63,198720,14077,22
468.8,199221,14113,22
470.03,199721,14145,22
471.28,200222,14173,22
472.49,200724,14209,22
473.67,201226,14229,22
474.86,201726,14265,22
476.08,202230,14289,22
477.22,202731,14309,22
478.45,203235,14337,22
479.73,203738,14365,22
480.95,204242,14401,22
482.17,204744,14441,22
483.42,205244,14473,22
484.6,205747,14497,22
485.87,206247,14517,22
487.16,206748,14537,22
488.46,207249,14573,22
489.69,207749,14601,22
490.93,208253,14625,22
492.17,208756,14665,22
493.43,209257,14689,22
494.54,209759,14709,22
495.89,210263,14741,22
497.1,210766,14753,22
498.31,211267,14773,22
499.4,211769,14781,22
500.61,212270,14813,22
501.75,212770,14829,22
502.87,213271,14833,22
504.15,213772,14865,22
505.34,214276,14877,22
506.67,214776,14901,22
507.97,215276,14921,22
509.06,215780,14929,22
510.27,216280,14953,22
511.39,216782,14977,22
512.63,217282,15005,22
513.8,217784,15029,22
515.15,218286,15049,22
516.42,218789,15073,22
517.68,219292,15097,22
518.93,219794,15121,22
520.16,220294,15133,22
521.38,220796,15153,22
522.73,221298,15185,22
523.83,221799,15205,22
524.96,222300,15241,22
526.11,222804,15257,22
527.41,223306,15285,22
528.81,223810,15321,22
530.07,224314,15337,22
531.36,224818,15369,22
532.68,225321,15413,22
533.94,225825,15441,22
535.18,226325,15457,22
536.29,226826,15489,22
537.45,227329,15521,22
538.72,227832,15545,22
539.86,228335,15577,22
541.04,228836,15593,22
542.19,229339,15617,22
543.39,229842,15641,22
544.58,230346,15661,22
545.69,230849,15681,22
546.83,231350,15717,22
548.05,231853,15741,22
549.26,232353,15757,22
550.52,232856,15777,22
551.71,233360,15805,22
552.93,233864,15833,22
554.14,234366,15853,22
555.39,234869,15877,22
556.57,235370,15901,22
557.68,235874,15929,22
558.94,236378,15949,22
560.45,236881,15965,22
561.71,237382,16001,22
562.95,237882,16025,22
564.12,238382,16057,22
565.38,238884,16065,22
566.57,239385,16085,22
567.74,239889,16093,22
568.89,240393,16125,22
570.09,240896,16173,22
571.27,241397,16209,22
572.51,241898,16237,22
573.72,242398,16261,22
574.97,242902,16313,22
576.13,243402,16353,22
577.43,243906,16397,22
578.66,244410,16421,22
579.94,244914,16457,22
581.27,245415,16473,22
582.55,245918,16509,22
583.78,246422,16537,22
584.96,246922,16581,22
586.15,247426,16601,22
587.28,247927,16621,22
588.55,248429,16629,22
589.82,248929,16657,22
591.07,249430,16677,22
592.28,249933,16693,22
593.47,250436,16729,22
594.61,250939,16765,22
595.86,251443,16793,22
597.29,251943,16825,22
598.53,252443,16865,22
599.8,252943,16897,22
600.98,253443,16925,22
602.06,253944,16929,22
603.21,254448,16957,22
604.35,254949,16981,22
605.72,255451,17001,22
606.99,255955,17017,22
608.25,256455,17033,22
609.43,256959,17057,22
610.62,257460,17073,22
611.82,257962,17101,22
612.97,258463,17129,22
614.09,258966,17157,22
615.26,259466,17189,22
616.42,259969,17233,22
617.58,260471,17253,22
618.82,260973,17285,22
620.21,261473,17301,22
621.38,261976,17325,22
622.58,262479,17353,22
623.72,262981,17373,22
624.91,263484,17385,22
626.1,263986,17393,22
627.44,264489,17421,22
628.67,264993,17465,22
629.89,265493,17489,22
631.24,265997,17517,22
632.49,266498,17537,22
633.67,266999,17573,22
634.94,267500,17585,22
636.26,268003,17605,22
637.44,268506,17633,22
638.77,269006,17653,22
640.06,269509,17673,22
641.45,270012,17705,22
642.97,270514,17721,22
644.26,271016,17749,22
645.6,271517,17769,22
646.89,272019,17789,22
648.09,272523,17805,22
649.37,273025,17813,22
650.67,273527,17837,22
651.79,274030,17869,22
652.92,274530,17901,22
654.06,275033,17949,22
655.25,275536,17973,22
656.44,276036,17989,22
657.64,276537,18017,22
658.91,277038,18041,22
660.3,277539,18065,22
661.47,278041,18081,22
662.69,278541,18101,22
663.89,279043,18125,22
665.35,279544,18145,22
666.58,280048,18173,22
667.82,280550,18181,22
669.02,281054,18197,22
670.26,281557,18221,22
671.43,282060,18229,22
672.67,282562,18265,22
673.97,283063,18297,22
675.11,283566,18309,22
676.44,284067,18333,22
677.69,284570,18365,22
678.85,285072,18377,22
680.12,285572,18405,22
681.38,286074,18421,22
682.58,286574,18465,22
683.9,287074,18485,22
685.07,287575,18513,22
686.3,288076,18533,22
687.46,288579,18553,22
688.74,289079,18573,22
689.97,289580,18593,22
691.13,290082,18613,22
692.32,290583,18661,22
693.53,291084,18677,22
694.76,291584,18693,22
695.97,292086,18729,22
697.28,292590,18769,22
698.49,293092,18797,22
699.68,293595,18829,22
700.91,294097,18845,22
702.09,294599,18869,22
703.31,295099,18885,22
704.62,295600,18929,22
705.83,296100,18969,22
707.19,296603,19001,22
708.31,297106,19025,22
709.48,297610,19073,22
710.82,298112,19097,22
712.08,298616,19117,22
713.34,299119,19137,22
714.62,299621,19153,22
715.88,300123,19161,22
717.1,300627,19205,22
718.34,301129,19237,22
719.58,301633,19281,22
720.81,302136,19301,22
722.05,302638,19329,22
723.32,303142,19357,22
724.55,303646,19377,22
725.95,304150,19393,22
727.11,304653,19441,22
728.35,305153,19465,22
729.55,305657,19473,22
730.74,306160,19497,22
732.18,306661,19517,22
733.42,307165,19529,22
734.62,307666,19545,22
735.76,308168,19573,22
736.93,308671,19601,22
738.33,309173,19625,22
739.45,309675,19645,22
740.72,310179,19681,22
742.18,310683,19693,22
743.51,311186,19729,22
744.81,311690,19745,22
746.1,312190,19789,22
747.39,312693,19817,22
748.67,313197,19833,22
750.01,313701,19841,22
751.22,314201,19861,22
752.41,314704,19893,22
753.61,315205,19909,22
754.76,315708,19921,22
756.07,316211,19949,22
757.19,316712,19973,22
758.32,317212,20009,22
759.7,317713,20037,22
760.94,318217,20061,22
762.14,318721,20073,22
763.53,319222,20089,22
765,319726,20129,22
766.43,320228,20161,22
767.77,320732,20189,22
769.01,321235,20221,22
770.2,321736,20241,22
771.5,322239,20253,22
772.85,322741,20277,22
774.21,323241,20313,22
775.42,323742,20341,22
776.7,324243,20353,22
777.89,324744,20373,22
779.09,325245,20405,22
780.24,325747,20433,22
781.62,326251,20449,22
782.9,326751,20469,22
784.22,327255,20485,22
785.41,327756,20497,22
786.64,328259,20521,22
788.05,328760,20561,22
789.33,329261,20573,22
790.56,329763,20597,22
791.81,330266,20625,22
793,330768,20645,22
794.53,331270,20665,22
795.87,331772,20681,22
797.18,332272,20705,22
798.45,332772,20721,22
799.76,333273,20757,22
800.96,333775,20793,22
802.29,334278,20813,22
803.48,334782,20857,22
804.68,335286,20885,22
805.81,335790,20941,22
806.96,336292,20977,22
808.32,336796,20993,22
809.6,337296,21025,22
810.77,337799,21037,22
812.15,338300,21061,22
813.31,338803,21085,22
814.57,339305,21097,22
815.93,339809,21109,22
817.14,340310,21145,22
818.41,340810,21165,22
819.6,341311,21181,22
820.8,341811,21201,22
821.94,342311,21225,22
823.19,342811,21245,22
824.53,343314,21285,22
825.76,343818,21305,22
826.99,344322,21337,22
828.19,344822,21357,22
829.29,345323,21373,22
830.51,345825,21409,22
831.79,346327,21429,22
833.18,346831,21453,22
834.42,347332,21477,22
835.73,347834,21501,22
837.13,348337,21537,22
838.47,348841,21561,22
839.79,349342,21585,22
841.08,349844,21609,22
842.35,350345,21641,22
843.6,350848,21689,22
844.88,351349,21693,22
846.26,351852,21713,22
847.41,352352,21729,22
848.68,352853,21749,22
850.02,353356,21757,22
851.25,353857,21781,22
852.39,354357,21793,22
853.68,354861,21809,22
855.01,355361,21865,22
856.53,355865,21881,22
857.82,356366,21893,22
859.1,356870,21913,22
860.41,357374,21933,22
861.7,357875,21953,22
862.9,358378,21977,22
864.18,358879,22001,22
865.4,359380,22021,22
866.76,359880,22037,22
867.91,360381,22057,22
869.19,360883,22101,22
870.31,361384,22125,22
871.8,361884,22125,22
873.04,362388,22149,22
874.4,362892,22173,22
875.94,363394,22189,22
877.19,363895,22221,22
878.46,364397,22237,22
879.78,364898,22249,22
881.18,365398,22269,22
882.57,365899,22297,22
883.85,366399,22317,22
885.13,366899,22337,22
886.35,367401,22373,22
887.62,367901,22393,22
888.91,368404,22417,22
890.18,368908,22429,22
891.41,369412,22465,22
892.9,369912,22485,22
894.09,370416,22509,22
895.26,370916,22537,22
896.63,371417,22557,22
897.9,371919,22577,22
899.21,372423,22605,22
900.39,372923,22613,22
901.69,373423,22637,22
902.86,373927,22649,22
904.28,374429,22681,22
905.6,374933,22713,22
906.99,375434,22733,22
908.21,375937,22773,22
909.39,376440,22785,22
910.55,376941,22821,22
911.93,377444,22849,22
913.19,377945,22873,22
914.58,378448,22905,22
915.8,378948,22929,22
917.05,379450,22953,22
918.5,379954,22977,22
919.79,380456,23021,22
921.11,380959,23061,22
922.56,381463,23093,22
923.71,381967,23109,22
925.09,382469,23141,22
926.33,382971,23165,22
927.62,383471,23193,22
928.84,383971,23201,22
929.95,384472,23217,22
931.29,384972,23233,22
932.53,385475,23245,22
933.87,385978,23277,22
935.01,386478,23309,22
936.31,386979,23333,22
937.6,387480,23357,22
938.81,387982,23385,22
940.03,388486,23413,22
941.38,388989,23461,22
942.89,389489,23497,22
944.19,389990,23521,22
945.51,390493,23553,22
946.89,390994,23577,22
948.18,391498,23589,22
949.39,392001,23613,22
950.79,392502,23641,22
952.05,393004,23649,22
953.3,393505,23673,22
954.42,394006,23709,22
955.67,394507,23737,22
956.88,395008,23757,22
958.12,395511,23773,22
959.51,396013,23825,22
960.84,396515,23833,22
962.16,397015,23853,22
963.51,397519,23889,22
965.02,398022,23925,22
966.19,398526,23949,22
967.45,399026,23961,22
968.81,399528,23981,22
970.25,400031,24021,22
971.38,400535,24061,22
972.56,401038,24089,22
973.8,401541,24101,22
974.98,402041,24125,22
976.28,402545,24157,22
977.5,403045,24165,22
978.76,403548,24205,22
979.94,404050,24221,22
981.22,404550,24253,22
982.75,405054,24281,22
984.15,405558,24333,22
985.33,406059,24353,22
986.67,406563,24369,22
987.98,407063,24385,22
989.29,407564,24409,22
990.48,408068,24421,22
991.69,408572,24449,22
993.28,409074,24481,22
994.56,409577,24509,22
995.89,410081,24521,22
997.14,410581,24561,22
998.54,411085,24577,22
999.9,411589,24597,22
1001.2,412090,24621,22
1002.67,412594,24637,22
1003.91,413096,24657,22
1005.06,413596,24673,22
1006.36,414099,24685,22
1007.52,414601,24693,22
1008.73,415101,24721,22
1009.94,415601,24741,22
1011.22,416102,24769,22
1012.61,416606,24793,22
1013.79,417107,24817,22
1015.02,417611,24845,22
1016.26,418112,24861,22
1017.6,418616,24901,22
1018.91,419120,24933,22
1020.28,419623,24953,22
1021.48,420123,24965,22
1022.79,420623,25001,22
1024.04,421124,25033,22
1025.24,421625,25045,22
1026.47,422125,25077,22
1027.59,422627,25105,22
1029.26,423131,25117,22
1030.45,423631,25145,22
1031.79,424133,25193,22
1033.07,424635,25217,22
1034.48,425138,25245,22
1035.79,425641,25257,22
1037.08,426142,25297,22
1038.2,426644,25317,22
1039.34,427145,25329,22
1040.53,427647,25353,22
1041.66,428148,25381,22
1042.93,428648,25409,22
1044.31,429148,25421,22
1045.49,429648,25441,22
1046.77,430150,25461,22
1048.14,430651,25481,22
1049.54,431154,25501,22
1050.75,431658,25525,22
1051.96,432159,25557,22
1053.22,432661,25577,22
1054.42,433161,25609,22
1055.75,433664,25637,22
1057.17,434168,25657,22
1058.55,434671,25709,22
1059.93,435173,25737,22
1061.24,435675,25757,22
1062.44,436179,25773,22
1063.79,436683,25805,22
1065.02,437187,25845,22
1066.14,437691,25873,22
1067.33,438195,25913,22
1068.64,438697,25945,22
1069.84,439198,25965,22
1071.11,439701,26001,22
1072.39,440203,26025,22
1073.63,440704,26045,22
1074.62,441205,26049,22
1075.84,441706,26073,22
1077.1,442210,26089,22
1078.3,442710,26113,22
1079.67,443210,26149,22
1080.96,443713,26173,22
1082.24,444214,26189,22
1083.46,444715,26209,22
1084.67,445218,26229,22
1085.95,445721,26257,22
1087.03,446225,26297,22
1088.14,446725,26325,22
1089.47,447226,26353,22
1090.65,447730,26385,22
1091.95,448233,26437,22
1093.14,448733,26465,22
1094.48,449237,26521,22
1095.75,449739,26545,22
1097.01,450243,26577,22
1098.18,450747,26605,22
1099.44,451250,26625,22
1100.66,451753,26649,22
1101.97,452257,26681,22
1103.26,452759,26701,22
1104.39,453259,26713,22
1105.63,453761,26745,22
1106.8,454264,26765,22
1108.05,454767,26781,22
1109.38,455271,26797,22
1110.64,455775,26817,22
1111.92,456275,26833,22
1113.04,456779,26865,22
1114.34,457279,26873,22
1115.58,457782,26897,22
1116.97,458285,26941,22
1118.26,458788,26973,22
1119.44,459288,26993,22
1120.77,459792,27033,22
1122.07,460296,27057,22
1123.43,460798,27085,22
1124.62,461301,27097,22
1125.95,461802,27133,22
1127.25,462303,27157,22
1128.54,462806,27169,22
1129.69,463307,27173,22
1131.04,463809,27205,22
1132.29,464311,27241,22
1133.52,464814,27253,22
1134.77,465315,27277,22
1136.08,465817,27289,22
1137.3,466318,27305,22
1138.4,466822,27313,22
1139.62,467326,27341,22
1141.02,467826,27353,22
1142.28,468329,27405,22
1143.6,468832,27425,22
1,501,4387,22
2.02,1003,4829,22
2.97,1506,4833,22
3.96,2006,4833,22
4.93,2506,4833,22
5.95,3006,4833,22
6.88,3508,4867,22
7.89,4008,4867,22
8.88,4509,4871,22
9.98,5009,4871,22
11.05,5510,4874,22
12.08,6014,4884,22
13.16,6514,4896,22
14.23,7014,4896,22
15.2,7515,4900,22
16.13,8016,4904,22
17.14,8516,4904,22
18.25,9020,4920,22
19.29,9523,4932,22
20.49,10027,4952,22
21.69,10528,4968,22
22.86,11032,4980,22
24.01,11535,4992,22
25.19,12036,4996,22
26.28,12540,5008,22
27.38,13041,5048,22
28.49,13541,5060,22
29.59,14042,5076,22
30.7,14545,5084,22
31.69,15047,5092,22
32.74,15549,5108,22
33.83,16050,5140,22
35.02,16550,5156,22
36.15,17052,5172,22
37.28,17556,5184,22
38.46,18056,5212,22
39.56,18556,5228,22
40.7,19058,5240,22
41.86,19562,5280,22
43.02,20065,5316,22
44.22,20565,5348,22
45.39,21066,5372,22
46.44,21566,5388,22
47.57,22069,5416,22
48.63,22572,5440,22
49.78,23073,5456,22
51.02,23577,5472,22
52.23,24078,5484,22
53.35,24581,5500,22
54.59,25083,5536,22
55.88,25583,5544,22
56.97,26083,5560,22
58.11,26584,5584,22
59.24,27084,5600,22
60.49,27588,5608,22
61.56,28088,5644,22
62.67,28590,5672,22
63.88,29094,5700,22
65.08,29595,5728,22
66.26,30095,5744,22
67.39,30599,5756,22
68.52,31099,5776,22
69.58,31603,5808,22
70.59,32103,5844,22
71.73,32606,5856,22
72.86,33107,5872,22
73.95,33608,5888,22
74.94,34108,5916,22
76.11,34609,5940,22
77.21,35109,5988,22
78.35,35612,6000,22
79.5,36112,6024,22
80.68,36614,6044,22
81.81,37114,6088,22
82.91,37614,6100,22
84.06,38114,6124,22
85.31,38616,6156,22
86.49,39119,6180,22
87.7,39623,6212,22
88.86,40127,6228,22
90.04,40627,6244,22
91.17,41128,6256,22
92.21,41632,6272,22
93.35,42132,6288,22
94.59,42632,6324,22
95.94,43135,6348,22
97.24,43639,6372,22
98.46,44143,6384,22
99.75,44645,6412,22
101.07,45147,6440,22
102.4,45651,6472,22
103.68,46155,6508,22
104.89,46655,6516,22
106.15,47155,6540,22
107.41,47658,6568,22
108.56,48162,6588,22
109.67,48664,6608,22
110.76,49167,6620,22
112.02,49668,6632,22
113.2,50171,6640,22
114.35,50672,6676,22
115.53,51172,6692,22
116.72,51672,6736,22
118.09,52175,6784,22
119.22,52676,6804,22
120.43,53179,6828,22
121.56,53681,6844,22
122.66,54181,6856,22
123.82,54685,6876,22
124.97,55188,6892,22
126.08,55691,6904,22
127.21,56195,6928,22
128.33,56697,6952,22
129.49,57198,6984,22
130.54,57699,7008,22
131.75,58201,7028,22
133.02,58702,7060,22
134.23,59206,7076,22
135.39,59710,7096,22
136.63,60212,7104,22
137.81,60715,7116,22
139.03,61218,7136,22
140.22,61718,7148,22
141.33,62218,7176,22
142.45,62721,7196,22
143.56,63225,7236,22
144.74,63728,7264,22
145.91,64231,7292,22
147.05,64733,7312,22
148.25,65233,7324,22
149.51,65734,7344,22
150.57,66234,7364,22
151.68,66734,7384,22
152.85,67237,7396,22
153.9,67737,7412,22
155.13,68240,7456,22
156.34,68740,7492,22
157.62,69243,7504,22
158.79,69745,7524,22
160.03,70249,7540,22
161.17,70750,7568,22
162.29,71250,7584,22
163.4,71750,7600,22
164.65,72254,7640,22
165.93,72755,7660,22
167.24,73258,7704,22
168.33,73760,7736,22
169.57,74263,7764,22
170.87,74765,7788,22
172.14,75267,7824,22
173.36,75767,7848,22
174.53,76267,7860,22
175.74,76767,7876,22
176.84,77267,7904,22
177.95,77770,7924,22
179.2,78273,7948,22
180.41,78774,7980,22
181.71,79278,8024,22
183.02,79778,8032,22
184.29,80279,8044,22
185.52,80779,8064,22
186.76,81282,8092,22
187.81,81783,8112,22
189,82286,8124,22
190.23,82789,8148,22
191.41,83290,8152,22
192.63,83790,8172,22
193.76,84290,8192,22
194.93,84790,8216,22
196.16,85292,8244,22
197.26,85795,8264,22
198.49,86299,8288,22
199.63,86800,8312,22
200.8,87301,8328,22
201.86,87803,8344,22
203.06,88307,8368,22
204.25,88811,8384,22
205.53,89313,8392,22
206.59,89814,8428,22
207.87,90317,8464,22
209.02,90819,8472,22
210.29,91323,8504,22
211.4,91825,8540,22
212.83,92326,8568,22
214.21,92828,8580,22
215.46,93329,8612,22
216.84,93832,8640,22
218.08,94333,8664,22
219.39,94835,8696,22
220.66,95338,8716,22
221.99,95839,8752,22
223.18,96341,8772,22
224.54,96841,8792,22
225.74,97343,8820,22
227.05,97843,8852,22
228.24,98345,8888,22
229.57,98847,8928,22
231.03,99349,8972,22
232.29,99850,8988,22
233.62,100352,9012,22
234.96,100855,9032,22
236.23,101357,9048,22
237.45,101857,9060,22
238.62,102359,9092,22
239.88,102863,9104,22
241.16,103364,9128,22
242.36,103868,9156,22
243.44,104369,9172,22
244.71,104873,9188,22
245.94,105373,9224,22
247.11,105876,9240,22
248.38,106378,9264,22
249.64,106878,9272,22
250.92,107381,9304,22
252.1,107884,9332,22
253.36,108387,9356,22
254.77,108890,9380,22
255.97,109391,9424,22
257.18,109891,9460,22
258.46,110394,9480,22
259.72,110896,9520,22
260.93,111400,9540,22
262.05,111900,9556,22
263.34,112402,9572,22
264.48,112902,9616,22
265.8,113405,9648,22
267.13,113905,9664,22
268.43,114408,9688,22
269.57,114910,9708,22
270.87,115410,9728,22
271.97,115910,9744,22
273.09,116410,9760,22
274.36,116914,9788,22
275.59,117418,9812,22
277,117920,9836,22
278.23,118422,9856,22
279.43,118926,9880,22
280.7,119426,9896,22
282.07,119927,9912,22
283.37,120431,9936,22
284.58,120933,9944,22
285.68,121433,9960,22
286.88,121934,9980,22
288.09,122437,10008,22
289.35,122941,10020,22
290.51,123442,10044,22
291.67,123946,10068,22
292.9,124450,10128,22
294.12,124951,10132,22
295.32,125454,10144,22
296.58,125958,10180,22
297.73,126461,10196,22
299.02,126963,10224,22
300.26,127463,10248,22
301.46,127965,10268,22
302.66,128468,10300,22
303.97,128971,10316,22
305.16,129471,10328,22
306.36,129973,10336,22
307.62,130473,10348,22
308.72,130973,10376,22
309.84,131476,10396,22
310.94,131980,10424,22
312.15,132480,10456,22
313.37,132984,10476,22
314.54,133484,10488,22
315.75,133986,10512,22
316.89,134486,10556,22
318.03,134988,10572,22
319.17,135492,10600,22
320.32,135995,10624,22
321.44,136498,10648,22
322.56,137000,10692,22
323.69,137501,10720,22
324.89,138002,10736,22
326.2,138502,10756,22
327.44,139004,10768,22
328.68,139506,10784,22
329.83,140007,10808,22
331.05,140510,10840,22
332.25,141011,10872,22
333.36,141511,10888,22
334.66,142012,10912,22
335.86,142513,10932,22
337,143016,10952,22
338.25,143520,10988,22
339.45,144024,11016,22
340.83,144527,11028,22
342.04,145030,11048,22
343.29,145532,11056,22
344.48,146032,11080,22
345.55,146532,11096,22
346.78,147032,11132,22
347.97,147536,11160,22
349.25,148037,11200,22
350.49,148537,11228,22
351.66,149041,11252,22
352.89,149544,11276,22
354.1,150047,11296,22
355.31,150551,11336,22
356.69,151052,11348,22
357.93,151556,11376,22
359.21,152059,11404,22
360.57,152563,11424,22
361.76,153067,11448,22
362.89,153570,11488,22
364,154071,11504,22
365.17,154574,11524,22
366.24,155075,11536,22
367.43,155575,11556,22
368.53,156076,11576,22
369.73,156578,11608,22
371.02,157081,11640,22
372.27,157585,11672,22
373.49,158089,11708,22
374.78,158592,11740,22
375.89,159093,11752,22
377.1,159595,11776,22
378.24,160096,11792,22
379.45,160597,11828,22
380.55,161099,11856,22
381.69,161602,11876,22
382.92,162105,11908,22
384.02,162607,11924,22
385.28,163108,11968,22
386.5,163611,11980,22
387.67,164113,12012,22
388.94,164614,12048,22
390.13,165115,12068,22
391.45,165619,12096,22
392.68,166121,12104,22
393.93,166621,12140,22
395.31,167122,12160,22
396.55,167626,12172,22
397.69,168126,12196,22
398.82,168628,12224,22
400.04,169129,12244,22
401.25,169632,12292,22
402.42,170134,12316,22
403.69,170637,12340,22
405.07,171140,12364,22
406.23,171642,12392,22
407.4,172144,12412,22
408.78,172648,12436,22
409.99,173148,12460,22
411.21,173648,12504,22
412.5,174151,12548,22
413.61,174653,12572,22
414.87,175154,12612,22
416.01,175654,12636,22
417.26,176157,12656,22
418.53,176660,12676,22
419.8,177162,12688,22
421.06,177662,12708,22
422.25,178163,12740,22
423.48,178663,12764,22
424.69,179163,12776,22
425.85,179666,12784,22
427.17,180167,12804,22
428.27,180667,12840,22
429.39,181170,12872,22
430.56,181670,12892,22
431.79,182174,12916,22
432.98,182677,12928,22
434.22,183181,12948,22
435.49,183685,12984,22
436.71,184187,13012,22
437.85,184687,13040,22
438.91,185188,13060,22
440.23,185688,13076,22
441.41,186189,13100,22
442.6,186690,13120,22
443.71,187190,13148,22
444.83,187690,13164,22
445.91,188192,13184,22
447.01,188696,13224,22
448.27,189198,13252,22
449.5,189702,13284,22
450.76,190206,13300,22
451.96,190707,13320,22
453.29,191207,13340,22
454.5,191710,13352,22
455.72,192213,13356,22
456.97,192715,13380,22
458.2,193219,13408,22
459.35,193720,13436,22
460.68,194220,13464,22
461.75,194722,13484,22
462.93,195226,13504,22
464.24,195729,13528,22
465.54,196231,13544,22
466.77,196735,13560,22
467.94,197236,13584,22
469.13,197739,13592,22
470.3,198243,13608,22
471.47,198747,13616,22
472.61,199250,13628,22
473.97,199754,13644,22
475.25,200254,13676,22
476.47,200757,13700,22
477.65,201258,13716,22
478.83,201761,13748,22
479.97,202261,13776,22
481.3,202761,13808,22
482.42,203262,13812,22
483.79,203763,13848,22
485.03,204263,13864,22
486.07,204765,13900,22
487.23,205268,13916,22
488.48,205772,13928,22
489.66,206275,13956,22
490.85,206778,13980,22
492.13,207278,13992,22
493.29,207780,14012,22
494.4,208281,14040,22
495.52,208782,14092,22
496.68,209286,14104,22
497.96,209788,14140,22
499.25,210290,14168,22
500.48,210791,14172,22
501.73,211294,14196,22
502.93,211795,14212,22
504.07,212299,14224,22
505.4,212801,14248,22
506.73,213302,14264,22
507.93,213806,14296,22
509.1,214310,14328,22
510.28,214810,14360,22
511.42,215310,14372,22
512.56,215814,14388,22
513.85,216318,14400,22
515.15,216821,14428,22
516.37,217321,14440,22
517.64,217823,14472,22
518.97,218326,14496,22
520.23,218828,14516,22
521.42,219329,14544,22
522.67,219829,14560,22
523.88,220331,14584,22
525.23,220834,14596,22
526.42,221338,14612,22
527.55,221840,14644,22
528.78,222341,14656,22
529.96,222841,14672,22
531.26,223342,14700,22
532.36,223846,14716,22
533.55,224349,14740,22
534.73,224849,14756,22
536,225353,14772,22
537.22,225854,14804,22
538.33,226355,14820,22
539.53,226858,14840,22
540.62,227360,14864,22
541.72,227862,14888,22
542.94,228365,14920,22
544.22,228869,14948,22
545.57,229373,14972,22
546.79,229873,14992,22
548.05,230375,15012,22
549.28,230877,15032,22
550.43,231381,15064,22
551.74,231885,15112,22
552.93,232388,15136,22
554.16,232890,15172,22
555.49,233394,15196,22
556.6,233895,15216,22
557.76,234399,15236,22
558.98,234903,15248,22
560.11,235403,15280,22
561.31,235905,15288,22
562.55,236405,15320,22
563.78,236905,15348,22
565,237406,15368,22
566.19,237906,15396,22
567.44,238407,15412,22
568.63,238911,15436,22
569.85,239412,15456,22
571.02,239914,15492,22
572.13,240414,15504,22
573.33,240917,15516,22
574.65,241418,15556,22
575.93,241921,15596,22
577.31,242423,15612,22
578.62,242923,15648,22
579.86,243425,15668,22
581.03,243928,15688,22
582.24,244430,15708,22
583.54,244933,15728,22
585.05,245434,15748,22
586.38,245938,15788,22
587.62,246439,15792,22
588.7,246942,15824,22
589.85,247443,15828,22
591.12,247945,15836,22
592.31,248449,15884,22
593.64,248949,15908,22
594.83,249451,15916,22
596.19,249953,15960,22
597.38,250453,15996,22
598.87,250957,16020,22
600.39,251459,16036,22
601.8,251961,16076,22
603.07,252462,16116,22
604.24,252964,16124,22
605.54,253467,16168,22
606.83,253967,16196,22
608.05,254467,16232,22
609.28,254969,16276,22
610.54,255469,16304,22
611.9,255973,16340,22
613.17,256477,16376,22
614.48,256979,16384,22
615.67,257480,16412,22
617.01,257980,16436,22
618.18,258481,16456,22
619.23,258981,16480,22
620.49,259482,16500,22
621.51,259986,16508,22
622.97,260486,16548,22
624.11,260987,16564,22
625.39,261487,16612,22
626.63,261988,16636,22
627.98,262490,16676,22
629.25,262992,16712,22
630.41,263496,16748,22
631.69,263998,16768,22
632.9,264499,16800,22
634.15,265002,16812,22
635.52,265506,16844,22
636.7,266007,16876,22
638.07,266511,16892,22
639.34,267012,16896,22
640.5,267512,16916,22
641.94,268013,16936,22
643.08,268514,16956,22
644.54,269018,16988,22
645.8,269522,17016,22
646.99,270022,17044,22
648.13,270525,17072,22
649.16,271026,17092,22
650.3,271528,17128,22
651.41,272031,17152,22
652.63,272532,17180,22
653.88,273034,17204,22
655.25,273536,17224,22
656.5,274037,17244,22
657.6,274538,17248,22
658.87,275038,17268,22
660.14,275539,17284,22
661.35,276042,17308,22
662.6,276544,17332,22
663.88,277044,17360,22
665.13,277545,17384,22
666.2,278048,17396,22
667.37,278549,17408,22
668.46,279051,17416,22
669.56,279552,17420,22
670.89,280052,17432,22
672.11,280554,17440,22
673.25,281055,17460,22
674.54,281557,17492,22
675.71,282057,17508,22
676.95,282559,17528,22
678.2,283062,17548,22
679.45,283563,17576,22
680.72,284063,17604,22
681.91,284567,17616,22
683.32,285068,17648,22
684.58,285572,17680,22
685.92,286076,17704,22
687.17,286577,17756,22
688.44,287079,17776,22
689.65,287583,17804,22
690.89,288087,17828,22
692.16,288589,17860,22
693.4,289091,17884,22
694.76,289595,17900,22
696.2,290099,17924,22
697.5,290601,17948,22
698.79,291103,17980,22
700.07,291606,18020,22
701.31,292107,18032,22
702.45,292608,18064,22
703.66,293108,18096,22
704.94,293610,18124,22
706.08,294112,18140,22
707.35,294616,18152,22
708.46,295119,18180,22
709.6,295619,18196,22
710.9,296120,18224,22
712.1,296621,18252,22
713.29,297122,18284,22
714.52,297623,18304,22
715.8,298126,18332,22
717.02,298627,18356,22
718.17,299127,18380,22
719.38,299628,18404,22
720.57,300129,18424,22
721.72,300633,18448,22
722.89,301136,18472,22
724.06,301636,18496,22
725.24,302139,18532,22
726.4,302639,18552,22
727.63,303139,18568,22
728.83,303641,18612,22
730.14,304141,18632,22
731.42,304643,18652,22
732.7,305145,18660,22
734.02,305645,18672,22
735.36,306145,18700,22
736.69,306646,18716,22
737.91,307147,18756,22
739.08,307649,18784,22
740.15,308149,18804,22
741.39,308653,18812,22
742.61,309153,18828,22
743.83,309653,18848,22
745.07,310153,18860,22
746.51,310653,18880,22
747.8,311154,18884,22
749.09,311656,18908,22
750.26,312157,18940,22
751.47,312658,18944,22
752.73,313159,18980,22
753.94,313659,19000,22
755.27,314159,19024,22
756.39,314660,19048,22
757.49,315162,19064,22
758.69,315663,19088,22
759.87,316164,19120,22
761.14,316665,19172,22
762.33,317167,19196,22
763.62,317668,19252,22
764.77,318172,19264,22
765.94,318674,19276,22
767.12,319177,19300,22
768.49,319681,19328,22
769.72,320183,19348,22
770.99,320687,19380,22
772.44,321190,19396,22
773.62,321690,19416,22
774.76,322192,19448,22
775.93,322696,19504,22
777.22,323199,19544,22
778.58,323701,19568,22
779.67,324201,19576,22
780.98,324705,19592,22
782.22,325206,19608,22
783.33,325710,19624,22
784.51,326214,19640,22
785.6,326717,19664,22
786.64,327219,19692,22
787.93,327722,19724,22
789.06,328225,19728,22
790.2,328726,19748,22
791.49,329230,19776,22
792.68,329732,19784,22
793.9,330236,19812,22
795.2,330736,19844,22
796.5,331237,19880,22
797.72,331741,19908,22
798.87,332243,19924,22
800.04,332747,19948,22
801.27,333249,19972,22
802.52,333753,19984,22
803.75,334255,19992,22
804.97,334755,20024,22
806.15,335258,20036,22
807.33,335760,20056,22
808.67,336261,20080,22
809.88,336765,20116,22
811.18,337269,20140,22
812.58,337772,20192,22
813.92,338275,20224,22
815.25,338776,20244,22
816.58,339278,20260,22
818.06,339780,20280,22
819.31,340281,20296,22
820.5,340785,20316,22
821.65,341289,20348,22
822.93,341790,20380,22
824.28,342291,20424,22
825.48,342793,20440,22
826.85,343293,20460,22
828.01,343794,20484,22
829.15,344295,20504,22
830.36,344799,20528,22
831.46,345299,20564,22
832.72,345799,20576,22
833.87,346301,20604,22
835.14,346802,20620,22
836.25,347306,20644,22
837.41,347806,20664,22
838.62,348308,20692,22
839.78,348808,20716,22
841.04,349309,20764,22
842.17,349812,20800,22
843.35,350315,20824,22
844.59,350818,20836,22
845.7,351319,20860,22
846.91,351819,20892,22
848.14,352319,20916,22
849.3,352823,20952,22
850.49,353325,20996,22
851.76,353825,21024,22
853.01,354328,21052,22
854.2,354832,21068,22
855.63,355332,21116,22
856.8,355835,21120,22
858.02,356339,21144,22
859.27,356841,21180,22
860.43,357341,21200,22
861.84,357842,21228,22
863.12,358344,21260,22
864.33,358848,21276,22
865.43,359348,21312,22
866.64,359850,21336,22
867.85,360350,21360,22
869.11,360851,21400,22
870.28,361352,21420,22
871.35,361856,21436,22
872.61,362357,21468,22
873.75,362859,21492,22
875.03,363362,21504,22
876.28,363865,21540,22
877.43,364368,21576,22
878.58,364868,21604,22
879.8,365371,21636,22
881.06,365874,21660,22
882.36,366376,21680,22
883.53,366880,21700,22
884.74,367381,21736,22
885.92,367885,21764,22
887.12,368389,21792,22
888.31,368890,21808,22
889.5,369394,21832,22
890.7,369895,21860,22
891.94,370397,21888,22
893.37,370900,21900,22
894.66,371402,21924,22
895.95,371902,21960,22
897.31,372405,21980,22
898.54,372907,21988,22
899.72,373409,22012,22
900.83,373909,22040,22
901.98,374413,22068,22
903.16,374915,22084,22
904.33,375417,22116,22
905.59,375919,22120,22
906.77,376423,22164,22
908.02,376924,22184,22
909.08,377424,22200,22
910.35,377928,22232,22
911.63,378431,22252,22
912.87,378932,22268,22
914.16,379433,22280,22
915.4,379937,22312,22
916.57,380439,22336,22
918,380939,22364,22
919.37,381442,22384,22
920.74,381945,22396,22
921.93,382449,22412,22
923.23,382952,22428,22
924.5,383452,22448,22
925.67,383953,22484,22
926.85,384455,22512,22
928.18,384955,22544,22
929.34,385459,22560,22
930.47,385960,22596,22
931.72,386462,22616,22
932.96,386962,22656,22
934.39,387466,22668,22
935.66,387966,22688,22
936.9,388469,22724,22
938.23,388973,22752,22
939.43,389476,22760,22
940.8,389976,22792,22
941.99,390478,22832,22
943.28,390981,22852,22
944.58,391484,22872,22
945.88,391984,22876,22
947.16,392488,22892,22
948.46,392990,22912,22
949.79,393491,22940,22
951.13,393993,22960,22
952.34,394497,22976,22
953.67,395000,23004,22
954.86,395501,23048,22
956.12,396002,23084,22
957.31,396504,23112,22
958.6,397008,23128,22
959.86,397512,23156,22
961.08,398012,23184,22
962.24,398513,23208,22
963.48,399013,23224,22
964.59,399514,23244,22
965.73,400016,23276,22
966.96,400520,23312,22
968.17,401024,23328,22
969.37,401526,23340,22
970.61,402028,23372,22
971.87,402531,23392,22
973.09,403034,23416,22
974.42,403536,23456,22
975.73,404038,23476,22
976.97,404540,23500,22
978.09,405040,23528,22
979.28,405544,23552,22
980.4,406044,23580,22
981.69,406548,23616,22
982.89,407048,23632,22
984.13,407550,23656,22
985.43,408054,23680,22
986.75,408556,23704,22
987.94,409058,23728,22
989.2,409561,23748,22
990.42,410062,23768,22
991.59,410563,23788,22
992.81,411063,23816,22
994.07,411563,23832,22
995.5,412064,23856,22
996.81,412566,23888,22
998.02,413066,23916,22
999.28,413567,23944,22
1000.41,414069,23976,22
1001.62,414572,24004,22
1002.78,415076,24036,22
1003.94,415580,24060,22
1005.18,416082,24084,22
1006.38,416584,24104,22
1007.61,417087,24144,22
1008.78,417588,24168,22
1010.02,418088,24180,22
1011.26,418590,24216,22
1012.48,419090,24248,22
1013.77,419591,24276,22
1015.14,420094,24300,22
1016.48,420594,24316,22
1017.85,421095,24336,22
1018.94,421595,24364,22
1020.21,422099,24392,22
1021.51,422601,24428,22
1022.74,423102,24456,22
1023.86,423605,24484,22
1025.04,424109,24496,22
1026.32,424613,24520,22
1027.46,425115,24540,22
1028.74,425615,24556,22
1030.04,426115,24564,22
1031.24,426619,24576,22
1032.35,427122,24600,22
1033.52,427622,24636,22
1034.77,428126,24664,22
1036.02,428628,24688,22
1037.12,429129,24704,22
1038.25,429633,24724,22
1039.63,430137,24748,22
1040.83,430639,24784,22
1041.93,431140,24800,22
1043.06,431641,24816,22
1044.22,432144,24844,22
1045.41,432648,24868,22
1046.69,433148,24904,22
1047.98,433649,24936,22
1049.15,434150,24948,22
1050.55,434653,25012,22
1051.74,435153,25048,22
1053.04,435653,25084,22
1054.32,436155,25104,22
1055.53,436656,25120,22
1056.79,437159,25152,22
1058.07,437663,25196,22
1059.36,438166,25228,22
1060.64,438670,25260,22
1061.79,439171,25280,22
1063.07,439673,25300,22
1064.13,440175,25332,22
1065.23,440679,25344,22
1066.42,441181,25372,22
1067.61,441681,25400,22
1068.75,442181,25416,22
1069.92,442683,25436,22
1071.09,443184,25460,22
1072.31,443686,25484,22
1073.44,444190,25500,22
1074.71,444691,25520,22
1075.9,445193,25540,22
1077.22,445695,25568,22
1078.49,446196,25604,22
1079.63,446697,25624,22
1080.75,447197,25668,22
1081.89,447700,25680,22
1082.96,448204,25716,22
1084.09,448708,25724,22
1085.37,449212,25756,22
1086.52,449713,25784,22
1087.8,450216,25796,22
1088.9,450720,25832,22
1089.93,451223,25840,22
1091.34,451724,25868,22
1092.55,452224,25904,22
1093.9,452727,25936,22
1094.97,453228,25952,22
1096.25,453728,25988,22
1097.39,454232,26004,22
1098.81,454732,26036,22
1100.01,455235,26068,22
1101.29,455738,26088,22
1102.39,456238,26124,22
1103.64,456741,26160,22
1104.94,457245,26184,22
1106.27,457748,26208,22
1107.52,458248,26232,22
1108.8,458749,26256,22
1109.88,459251,26264,22
1110.98,459754,26276,22
1112.07,460254,26292,22
1113.28,460754,26324,22
1114.48,461258,26340,22
1115.79,461761,26356,22
1117.07,462264,26384,22
1118.5,462768,26416,22
1119.88,463272,26448,22
1121.11,463773,26456,22
1122.27,464276,26464,22
1123.59,464778,26472,22
1124.88,465282,26488,22
1126.07,465782,26524,22
1127.28,466283,26564,22
1128.63,466784,26592,22
1129.79,467286,26620,22
1130.95,467786,26620,22
1132.12,468290,26640,22
1133.31,468793,26668,22
1134.46,469297,26712,22
1135.8,469799,26736,22
1137.14,470303,26768,22
1138.43,470806,26780,22
1139.69,471307,26812,22
1140.8,471810,26828,22
1141.95,472310,26844,22
1143.01,472814,26872,22
1144.22,473318,26896,22
1145.42,473821,26912,22
1146.62,474324,26960,22
1147.83,474826,27000,22
1.04,502,4726,20
2.05,1005,4869,20
3.01,1507,4871,20
3.99,2009,4879,20
5.17,2510,4895,20
6.32,3010,4895,20
7.36,3512,4903,20
8.37,4015,4915,20
9.43,4517,4923,20
10.51,5018,4927,20
11.57,5520,4931,20
12.57,6020,4947,20
13.76,6521,4951,20
14.92,7021,4951,20
16.11,7525,4983,20
17.28,8026,5003,20
18.44,8526,5023,20
19.61,9029,5047,20
20.7,9530,5067,20
21.93,10034,5095,20
23.06,10538,5107,20
24.19,11041,5123,20
25.31,11543,5131,20
26.49,12047,5155,20
27.56,12547,5171,20
28.77,13047,5183,20
30,13549,5219,20
31.19,14050,5231,20
32.24,14552,5239,20
33.35,15056,5251,20
34.44,15559,5283,20
35.49,16063,5303,20
36.59,16563,5319,20
37.58,17066,5347,20
38.73,17569,5355,20
39.84,18072,5363,20
40.99,18575,5375,20
42.16,19078,5403,20
43.23,19580,5407,20
44.3,20081,5431,20
45.39,20585,5463,20
46.49,21088,5475,20
47.75,21590,5491,20
48.98,22090,5507,20
50.17,22592,5519,20
51.41,23095,5555,20
52.56,23599,5567,20
53.59,24101,5599,20
54.69,24604,5611,20
55.83,25108,5623,20
56.94,25608,5639,20
57.98,26112,5651,20
59.2,26612,5679,20
60.34,27116,5695,20
61.54,27616,5707,20
62.63,28120,5719,20
63.66,28621,5735,20
64.82,29125,5759,20
66.01,29625,5775,20
67.15,30128,5795,20
68.32,30629,5823,20
69.45,31132,5847,20
70.61,31634,5871,20
71.76,32138,5891,20
72.89,32640,5899,20
73.93,33142,5915,20
75.18,33643,5935,20
76.32,34147,5955,20
77.61,34648,5991,20
78.78,35150,6027,20
79.87,35652,6035,20
80.93,36154,6055,20
82.07,36655,6083,20
83.31,37159,6095,20
84.45,37661,6103,20
85.58,38165,6119,20
86.75,38668,6139,20
87.83,39171,6155,20
88.99,39674,6167,20
90.08,40177,6187,20
91.08,40679,6215,20
92.31,41180,6231,20
93.45,41681,6259,20
94.65,42183,6303,20
95.82,42685,6327,20
97.04,43187,6367,20
98.13,43689,6391,20
99.33,44193,6407,20
100.5,44694,6427,20
101.58,45194,6451,20
102.73,45694,6471,20
103.73,46198,6503,20
104.95,46702,6527,20
106.03,47202,6551,20
107.12,47703,6567,20
108.31,48203,6595,20
109.54,48703,6619,20
110.7,49205,6627,20
111.81,49709,6635,20
112.92,50213,6683,20
114.07,50715,6703,20
115.13,51215,6719,20
116.27,51717,6743,20
117.4,52221,6767,20
118.53,52725,6807,20
119.68,53228,6823,20
120.83,53728,6835,20
121.96,54232,6859,20
123.17,54732,6867,20
124.45,55232,6895,20
125.57,55736,6907,20
126.79,56236,6939,20
128.09,56738,6959,20
129.27,57239,6979,20
130.44,57743,6995,20
131.55,58243,7023,20
132.68,58747,7039,20
133.85,59249,7047,20
135.07,59753,7087,20
136.32,60254,7111,20
137.48,60755,7143,20
138.64,61256,7171,20
139.81,61759,7203,20
141.1,62259,7219,20
142.43,62759,7239,20
143.76,63261,7259,20
145.05,63762,7275,20
146.25,64263,7307,20
147.57,64764,7331,20
148.87,65266,7351,20
150.11,65768,7391,20
151.35,66271,7407,20
152.41,66771,7419,20
153.42,67272,7435,20
154.45,67773,7467,20
155.58,68277,7479,20
156.83,68777,7495,20
158.15,69279,7503,20
159.38,69782,7527,20
160.55,70283,7543,20
161.67,70783,7579,20
162.86,71287,7595,20
163.97,71788,7607,20
165.23,72291,7635,20
166.47,72794,7655,20
167.7,73295,7671,20
168.75,73796,7703,20
169.83,74296,7747,20
171.08,74798,7771,20
172.36,75301,7799,20
173.58,75803,7823,20
174.8,76304,7855,20
176.03,76805,7891,20
177.15,77306,7915,20
178.39,77808,7947,20
179.57,78310,7967,20
180.81,78812,7999,20
182.05,79315,8031,20
183.29,79819,8043,20
184.45,80323,8079,20
185.67,80825,8115,20
186.98,81327,8179,20
188.28,81828,8199,20
189.55,82331,8211,20
190.88,82834,8239,20
192.14,83338,8247,20
193.32,83841,8267,20
194.56,84345,8283,20
195.74,84848,8303,20
196.88,85350,8331,20
198.02,85853,8343,20
199.12,86356,8363,20
200.27,86858,8399,20
201.47,87360,8427,20
202.74,87864,8459,20
204.01,88364,8491,20
205.22,88865,8523,20
206.25,89367,8547,20
207.38,89870,8583,20
208.51,90370,8623,20
209.57,90872,8647,20
210.58,91375,8671,20
211.68,91877,8679,20
212.82,92380,8719,20
213.88,92883,8727,20
215.1,93384,8747,20
216.25,93888,8779,20
217.44,94388,8791,20
218.48,94889,8803,20
219.58,95389,8827,20
220.78,95889,8835,20
221.94,96393,8863,20
223.2,96896,8871,20
224.47,97400,8883,20
225.6,97900,8903,20
226.74,98402,8931,20
227.92,98904,8967,20
229.05,99406,9003,20
230.14,99908,9039,20
231.21,100412,9051,20
232.45,100913,9083,20
233.69,101414,9119,20
234.89,101914,9139,20
236.08,102416,9159,20
237.21,102919,9183,20
238.42,103423,9207,20
239.65,103927,9219,20
240.77,104430,9251,20
242.01,104932,9275,20
243.49,105436,9291,20
244.71,105938,9307,20
245.85,106440,9343,20
247.08,106943,9367,20
248.25,107444,9387,20
249.25,107945,9419,20
250.35,108449,9443,20
251.39,108951,9463,20
252.47,109451,9483,20
253.57,109953,9507,20
254.62,110453,9523,20
255.66,110954,9555,20
256.79,111458,9579,20
257.95,111962,9595,20
259.03,112464,9619,20
260.24,112965,9631,20
261.41,113469,9651,20
262.55,113972,9679,20
263.81,114474,9703,20
265.02,114975,9723,20
266.31,115479,9739,20
267.64,115980,9767,20
268.7,116483,9779,20
269.82,116983,9803,20
270.89,117486,9831,20
272.02,117987,9847,20
273.3,118491,9871,20
274.48,118995,9903,20
275.67,119495,9923,20
276.82,119998,9935,20
278.08,120498,9959,20
279.33,120998,9995,20
280.65,121501,10027,20
281.97,122003,10047,20
283.15,122505,10067,20
284.35,123007,10115,20
285.47,123507,10139,20
286.56,124011,10167,20
287.76,124514,10211,20
289.02,125016,10231,20
290.13,125519,10255,20
291.22,126019,10283,20
292.29,126523,10315,20
293.56,127025,10355,20
294.82,127528,10383,20
295.93,128029,10411,20
297.21,128530,10439,20
298.34,129033,10463,20
299.5,129533,10507,20
300.7,130033,10531,20
301.92,130536,10555,20
303.1,131040,10591,20
304.32,131542,10623,20
305.67,132045,10643,20
306.87,132547,10671,20
308.17,133048,10695,20
309.36,133550,10727,20
310.52,134052,10763,20
311.69,134556,10803,20
312.89,135058,10835,20
314.06,135558,10855,20
315.21,136059,10871,20
316.42,136561,10879,20
317.7,137064,10907,20
318.8,137565,10931,20
320.14,138066,10959,20
321.35,138567,10991,20
322.58,139067,11035,20
323.91,139571,11063,20
325.1,140072,11083,20
326.3,140572,11107,20
327.58,141074,11115,20
328.82,141576,11163,20
330.02,142076,11179,20
331.49,142576,11223,20
332.82,143078,11263,20
334.01,143580,11279,20
335.11,144083,11315,20
336.25,144585,11343,20
337.39,145086,11363,20
338.56,145588,11379,20
339.75,146091,11419,20
341,146592,11439,20
342.2,147092,11447,20
343.48,147592,11475,20
344.71,148092,11507,20
345.9,148596,11527,20
347.11,149100,11551,20
348.44,149600,11567,20
349.7,150101,11579,20
350.93,150603,11607,20
352.17,151103,11643,20
353.26,151604,11679,20
354.39,152108,11699,20
355.51,152608,11731,20
356.65,153110,11767,20
357.93,153612,11791,20
359.24,154113,11811,20
360.38,154616,11839,20
361.49,155117,11855,20
362.9,155619,11891,20
364.06,156120,11903,20
365.26,156621,11939,20
366.43,157123,11959,20
367.68,157624,11987,20
369.01,158124,12011,20
370.34,158624,12035,20
371.64,159125,12051,20
372.92,159629,12071,20
374.26,160132,12103,20
375.46,160636,12135,20
376.62,161136,12163,20
377.77,161637,12199,20
378.94,162138,12211,20
380.2,162639,12247,20
381.52,163140,12275,20
382.78,163642,12311,20
384.2,164146,12343,20
385.56,164647,12363,20
387.2,165150,12387,20
388.4,165650,12407,20
389.51,166154,12451,20
390.77,166658,12479,20
391.96,167158,12499,20
393.15,167658,12519,20
394.43,168158,12531,20
395.62,168662,12559,20
396.74,169166,12571,20
397.94,169668,12607,20
399.26,170171,12631,20
400.51,170674,12659,20
401.76,171176,12667,20
402.96,171677,12699,20
404.31,172181,12715,20
405.51,172685,12723,20
406.62,173186,12755,20
407.8,173689,12775,20
409.11,174193,12787,20
410.32,174694,12811,20
411.51,175195,12835,20
412.67,175698,12863,20
413.81,176200,12887,20
415,176701,12899,20
416.24,177205,12927,20
417.35,177705,12927,20
418.53,178208,12947,20
419.82,178711,12959,20
420.99,179214,12991,20
422.21,179715,13011,20
423.42,180215,13039,20
424.6,180719,13067,20
425.85,181219,13087,20
427.12,181719,13127,20
428.27,182220,13151,20
429.41,182721,13171,20
430.51,183223,13207,20
431.63,183726,13219,20
432.84,184230,13243,20
434.06,184734,13275,20
435.25,185234,13287,20
436.65,185738,13319,20
437.87,186240,13359,20
439.12,186741,13391,20
440.35,187243,13411,20
441.61,187743,13423,20
442.96,188243,13463,20
444.22,188744,13491,20
445.58,189244,13519,20
447.03,189745,13535,20
448.46,190247,13555,20
449.82,190750,13575,20
451.12,191252,13611,20
452.34,191752,13631,20
453.53,192256,13667,20
454.87,192760,13699,20
455.97,193261,13731,20
457.2,193763,13747,20
458.41,194267,13755,20
459.63,194769,13771,20
460.79,195270,13787,20
461.99,195771,13803,20
463.16,196271,13819,20
464.41,196771,13847,20
465.66,197273,13867,20
466.99,197775,13895,20
468.22,198275,13915,20
469.45,198775,13943,20
470.85,199275,13987,20
472.02,199776,14015,20
473.31,200278,14043,20
474.71,200778,14055,20
475.94,201280,14071,20
477.24,201780,14095,20
478.5,202283,14127,20
479.74,202783,14143,20
481.1,203284,14171,20
482.43,203785,14211,20
483.8,204285,14227,20
485.07,204787,14251,20
486.27,205288,14263,20
487.43,205790,14291,20
488.58,206290,14323,20
489.9,206794,14339,20
491.21,207296,14375,20
492.47,207797,14407,20
493.79,208300,14435,20
494.98,208801,14459,20
496.16,209304,14479,20
497.41,209804,14503,20
498.63,210307,14515,20
499.85,210811,14539,20
501.06,211314,14567,20
502.24,211815,14587,20
503.6,212317,14627,20
504.89,212819,14647,20
505.99,213319,14667,20
507.26,213822,14691,20
508.46,214326,14723,20
509.7,214830,14759,20
510.91,215332,14767,20
512,215833,14791,20
513.36,216337,14815,20
514.53,216837,14831,20
515.97,217339,14863,20
517.13,217839,14887,20
518.42,218343,14903,20
519.63,218843,14931,20
520.91,219345,14967,20
522.23,219848,14999,20
523.46,220352,15027,20
524.67,220854,15035,20
525.84,221355,15063,20
527.06,221856,15087,20
528.22,222356,15107,20
529.46,222858,15131,20
530.77,223358,15167,20
532.06,223862,15187,20
533.26,224363,15223,20
534.69,224866,15255,20
535.94,225370,15283,20
537.14,225873,15347,20
538.37,226376,15371,20
539.59,226876,15387,20
540.83,227380,15423,20
542.05,227882,15443,20
543.34,228386,15467,20
544.59,228887,15491,20
545.85,229387,15511,20
547.1,229890,15523,20
548.38,230393,15547,20
549.61,230896,15567,20
550.83,231396,15599,20
552.07,231899,15619,20
553.27,232399,15639,20
554.68,232899,15667,20
555.86,233399,15699,20
557.09,233902,15719,20
558.27,234402,15747,20
559.54,234904,15763,20
560.74,235407,15791,20
561.98,235910,15803,20
563.35,236414,15827,20
564.65,236917,15835,20
566.01,237417,15863,20
567.18,237918,15883,20
568.33,238419,15907,20
569.66,238922,15947,20
570.94,239425,15975,20
572.16,239926,15991,20
573.38,240427,16031,20
574.65,240931,16043,20
575.87,241435,16067,20
577.1,241936,16103,20
578.28,242438,16119,20
579.64,242938,16179,20
581.21,243442,16191,20
582.53,243945,16219,20
583.9,244448,16231,20
585.32,244950,16255,20
586.62,245454,16267,20
587.97,245956,16287,20
589.26,246457,16303,20
590.44,246958,16307,20
591.77,247458,16343,20
593.08,247960,16367,20
594.41,248464,16395,20
595.75,248965,16411,20
597.06,249469,16443,20
598.35,249970,16467,20
599.65,250472,16507,20
600.91,250976,16539,20
602.25,251477,16551,20
603.48,251981,16571,20
604.66,252483,16603,20
606.11,252984,16631,20
607.48,253488,16667,20
608.98,253991,16703,20
610.12,254492,16739,20
611.36,254994,16763,20
612.53,255495,16803,20
613.69,255997,16815,20
614.89,256501,16847,20
616.09,257002,16863,20
617.28,257504,16887,20
618.8,258007,16919,20
620.11,258508,16951,20
621.39,259008,16987,20
622.63,259508,17007,20
623.9,260010,17039,20
625.06,260511,17079,20
626.32,261011,17111,20
627.61,261511,17131,20
628.84,262014,17139,20
630.07,262514,17167,20
631.3,263015,17171,20
632.62,263516,17203,20
633.99,264019,17215,20
635.15,264519,17235,20
636.46,265020,17259,20
637.78,265524,17271,20
638.99,266027,17291,20
640.29,266530,17335,20
641.6,267034,17375,20
643.05,267535,17399,20
644.41,268036,17419,20
645.6,268539,17431,20
646.74,269042,17451,20
647.89,269543,17479,20
649.15,270047,17503,20
650.5,270549,17527,20
651.67,271053,17547,20
652.91,271557,17575,20
654.17,272061,17591,20
655.47,272564,17623,20
656.68,273066,17631,20
657.8,273569,17659,20
658.93,274073,17675,20
660.11,274573,17707,20
661.45,275076,17735,20
662.63,275579,17767,20
663.86,276080,17787,20
665.07,276580,17803,20
666.31,277081,17815,20
667.69,277585,17843,20
668.83,278088,17883,20
670.08,278592,17895,20
671.25,279092,17919,20
672.37,279596,17963,20
673.61,280096,17999,20
674.7,280599,18031,20
675.91,281100,18043,20
677.1,281600,18063,20
678.32,282104,18091,20
679.52,282604,18123,20
680.86,283108,18151,20
682.1,283612,18159,20
683.36,284115,18183,20
684.59,284616,18215,20
685.96,285119,18239,20
687.22,285620,18255,20
688.42,286121,18267,20
689.73,286621,18315,20
691.01,287124,18347,20
692.26,287626,18367,20
693.64,288126,18399,20
694.87,288626,18423,20
696.06,289127,18455,20
697.27,289631,18475,20
698.5,290132,18499,20
699.76,290635,18527,20
700.97,291135,18543,20
702.15,291635,18591,20
703.31,292136,18607,20
704.42,292636,18635,20
705.63,293140,18655,20
706.72,293640,18683,20
707.85,294143,18719,20
708.99,294645,18747,20
710.2,295149,18759,20
711.38,295652,18783,20
712.49,296154,18791,20
713.65,296654,18815,20
714.74,297158,18843,20
715.92,297662,18855,20
717.07,298163,18879,20
718.19,298663,18923,20
719.41,299167,18947,20
720.64,299670,18979,20
721.92,300171,19007,20
723.02,300672,19023,20
724.31,301175,19051,20
725.41,301677,19083,20
726.66,302181,19099,20
727.93,302684,19127,20
729.2,303186,19135,20
730.44,303686,19179,20
731.7,304186,19195,20
733.06,304688,19211,20
734.26,305189,19235,20
735.52,305693,19251,20
736.73,306194,19275,20
737.89,306694,19291,20
739.22,307196,19307,20
740.43,307700,19339,20
741.67,308203,19371,20
743.03,308703,19383,20
744.48,309206,19407,20
745.76,309707,19439,20
747.05,310207,19467,20
748.36,310708,19491,20
749.64,311211,19507,20
750.91,311713,19535,20
752.2,312217,19559,20
753.58,312720,19583,20
754.82,313220,19623,20
756.08,313723,19651,20
757.25,314225,19671,20
758.49,314728,19699,20
759.71,315231,19711,20
760.97,315731,19727,20
762.28,316233,19759,20
763.53,316733,19795,20
764.72,317234,19815,20
765.89,317734,19855,20
767.17,318235,19883,20
768.56,318735,19919,20
769.73,319236,19967,20
770.92,319739,19987,20
771.96,320240,20011,20
773.18,320741,20047,20
774.46,321245,20083,20
775.68,321747,20107,20
776.91,322250,20139,20
778.06,322751,20143,20
779.3,323252,20175,20
780.41,323754,20203,20
781.55,324257,20231,20
782.64,324758,20255,20
783.81,325258,20267,20
785.05,325759,20287,20
786.27,326262,20295,20
787.51,326766,20315,20
788.67,327270,20347,20
789.92,327770,20399,20
791.1,328273,20435,20
792.31,328776,20467,20
793.38,329280,20515,20
794.64,329783,20539,20
795.77,330284,20555,20
797.07,330787,20583,20
798.21,331290,20595,20
799.45,331791,20619,20
800.56,332293,20635,20
801.84,332797,20663,20
803.27,333297,20679,20
804.52,333799,20695,20
805.7,334299,20703,20
806.84,334802,20715,20
807.93,335304,20727,20
809.12,335808,20747,20
810.34,336308,20763,20
811.62,336809,20799,20
812.82,337311,20823,20
814.02,337813,20831,20
815.08,338315,20839,20
816.28,338816,20851,20
817.38,339319,20879,20
818.49,339821,20903,20
819.96,340324,20923,20
821.39,340828,20963,20
822.54,341332,20995,20
823.8,341835,21047,20
825.08,342335,21075,20
826.26,342839,21099,20
827.38,343343,21115,20
828.57,343847,21155,20
829.81,344347,21167,20
831.01,344848,21195,20
832.24,345348,21211,20
833.48,345851,21239,20
834.78,346353,21279,20
835.9,346856,21291,20
837.15,347359,21327,20
838.23,347860,21359,20
839.36,348364,21391,20
840.51,348867,21419,20
841.8,349369,21455,20
843.25,349871,21487,20
844.6,350374,21503,20
845.84,350877,21519,20
847.2,351377,21555,20
848.46,351878,21587,20
849.76,352378,21603,20
850.89,352882,21631,20
852.03,353386,21647,20
853.21,353890,21687,20
854.37,354391,21711,20
855.63,354891,21731,20
856.92,355392,21751,20
858.2,355893,21755,20
859.5,356393,21771,20
860.73,356895,21803,20
861.97,357398,21823,20
863.16,357902,21839,20
864.38,358405,21843,20
865.59,358908,21859,20
866.82,359408,21891,20
868.1,359909,21915,20
869.29,360413,21947,20
870.58,360913,21979,20
871.74,361417,22007,20
873.04,361921,22043,20
874.37,362425,22075,20
875.65,362926,22095,20
876.77,363429,22107,20
878.09,363930,22147,20
879.38,364433,22183,20
880.55,364934,22187,20
881.76,365437,22219,20
883.04,365938,22239,20
884.26,366442,22267,20
885.45,366945,22275,20
886.65,367447,22283,20
887.94,367951,22295,20
889.1,368454,22307,20
890.21,368955,22319,20
891.47,369459,22335,20
892.69,369959,22363,20
893.98,370462,22383,20
895.25,370966,22411,20
896.46,371467,22431,20
897.67,371971,22471,20
898.95,372473,22495,20
900.07,372973,22507,20
901.28,373474,22531,20
902.58,373978,22559,20
903.8,374479,22579,20
905,374980,22595,20
906.21,375480,22623,20
907.34,375980,22635,20
908.5,376483,22663,20
909.57,376983,22691,20
910.89,377486,22711,20
912.13,377988,22731,20
913.32,378491,22751,20
914.53,378991,22779,20
915.78,379493,22807,20
917,379997,22819,20
918.26,380497,22847,20
919.69,380997,22863,20
920.85,381501,22879,20
922.21,382005,22891,20
923.51,382508,22927,20
924.76,383010,22951,20
926.01,383514,22987,20
927.21,384015,23027,20
928.34,384518,23043,20
929.55,385019,23067,20
930.78,385519,23107,20
932.06,386019,23143,20
933.26,386522,23163,20
934.48,387024,23187,20
935.73,387528,23207,20
936.94,388028,23247,20
938.03,388531,23259,20
939.28,389034,23279,20
940.46,389536,23319,20
941.66,390037,23335,20
942.86,390540,23363,20
944.33,391041,23395,20
945.57,391544,23415,20
946.82,392046,23439,20
948,392549,23471,20
949.33,393053,23491,20
950.45,393554,23523,20
951.82,394058,23539,20
953.09,394560,23563,20
954.34,395060,23583,20
955.66,395562,23607,20
956.88,396062,23627,20
958.14,396562,23663,20
959.32,397063,23699,20
960.68,397564,23723,20
961.87,398065,23743,20
963.1,398566,23763,20
