timestamp,runs,unique_features,corpus_size,interval_runs,interval_features,interval_seconds,contributing_entries,contribution_percentage,longest_stagnation_runs,longest_stagnation_seconds,current_stagnation_runs,current_stagnation_seconds,type_aware_hits
1.11,503,5065,25,503,5065,1.11,1,4,376,0.84,100,0.17,0
2.15,1004,5066,25,501,1,1.04,1,4,581,1.18,20,0.03,0
3.17,1505,5198,25,501,132,1.02,1,4,581,1.18,485,1,0
4.28,2008,5242,25,503,44,1.11,1,4,581,1.23,130,0.23,0
5.29,2509,5246,25,501,4,1,1,4,581,1.23,100,0.23,0
6.29,3009,5246,25,500,0,1,0,0,581,1.23,600,1.23,0
7.38,3509,5246,25,500,0,1.09,0,0,581,1.23,1100,2.32,0
8.41,4009,5246,25,500,0,1.03,0,0,581,1.23,1600,3.35,0
9.46,4512,5258,25,503,12,1.05,1,4,1651,3.46,200,0.38,1
10.56,5016,5270,25,504,12,1.1,1,4,1651,3.46,15,0.03,2
11.73,5520,5282,25,504,12,1.17,1,4,1651,3.46,135,0.32,2
12.79,6020,5298,25,500,16,1.06,1,4,1651,3.46,20,0.04,2
13.82,6521,5302,25,501,4,1.03,1,4,1651,3.46,115,0.31,3
14.92,7025,5314,25,504,12,1.1,1,4,1651,3.46,195,0.41,3
16,7525,5339,26,500,25,1.08,2,7.69,1651,3.46,50,0.1,4
17.2,8028,5351,26,503,12,1.2,1,3.85,1651,3.46,95,0.22,4
18.29,8531,5363,26,503,12,1.09,1,3.85,1651,3.46,75,0.17,4
19.4,9032,5379,26,501,16,1.11,1,3.85,1651,3.46,130,0.28,4
20.51,9535,5391,26,503,12,1.1,1,3.85,1651,3.46,210,0.46,4
21.88,10039,6103,28,504,712,1.37,3,10.71,1651,3.46,75,0.18,5
23.13,10543,6119,28,504,16,1.25,1,3.57,1651,3.46,45,0.11,6
24.06,11043,6123,26,500,4,0.93,3,11.54,1651,3.46,300,0.53,6
25.16,11547,6123,24,504,0,1.1,2,8.33,1651,3.46,120,0.25,6
26.22,12047,6123,24,500,0,1.06,0,0,1651,3.46,620,1.31,6
27.23,12547,6123,24,500,0,1.01,0,0,1651,3.46,1120,2.32,6
28.19,13047,6123,24,500,0,0.96,0,0,1651,3.46,1620,3.28,6
29.19,13548,6123,23,501,0,1,1,4.35,1886,3.83,235,0.45,6
30.23,14049,6127,23,501,4,1.03,1,4.35,1886,3.83,285,0.58,6
31.16,14551,6127,23,502,0,0.93,1,4.35,1886,3.83,205,0.45,6
32.25,15051,6127,23,500,0,1.09,0,0,1886,3.83,705,1.53,6
33.29,15551,6127,23,500,0,1.04,0,0,1886,3.83,1205,2.58,6
34.34,16051,6127,23,500,0,1.04,0,0,1886,3.83,1705,3.62,6
35.35,16551,6127,23,500,0,1.01,0,0,1886,3.83,2205,4.63,6
36.26,17051,6127,23,500,0,0.91,0,0,1886,3.83,2705,5.55,6
37.31,17552,6173,23,501,46,1.05,2,8.7,2966,6.1,45,0.09,7
38.34,18055,6173,23,503,0,1.03,1,4.35,2966,6.1,160,0.36,7
39.41,18555,6173,23,500,0,1.08,0,0,2966,6.1,660,1.44,7
40.37,19055,6173,23,500,0,0.95,0,0,2966,6.1,1160,2.39,7
41.28,19555,6173,23,500,0,0.91,0,0,2966,6.1,1660,3.31,7
42.21,20055,6173,23,500,0,0.93,0,0,2966,6.1,2160,4.23,7
43.27,20555,6173,23,500,0,1.06,0,0,2966,6.1,2660,5.29,7
44.26,21055,6173,23,500,0,0.99,0,0,2966,6.1,3160,6.28,7
45.31,21559,6173,22,504,0,1.05,1,4.55,3439,6.88,225,0.46,7
46.43,22059,6173,22,500,0,1.12,0,0,3439,6.88,725,1.58,7
47.49,22559,6173,22,500,0,1.06,0,0,3439,6.88,1225,2.64,7
48.55,23060,6177,22,501,4,1.06,1,4.55,3439,6.88,385,0.82,7
49.52,23562,6185,22,502,8,0.97,1,4.55,3439,6.88,125,0.28,7
50.57,24065,6197,22,503,12,1.04,1,4.55,3439,6.88,150,0.31,9
51.53,24567,6201,22,502,4,0.97,1,4.55,3439,6.88,115,0.23,9
52.62,25067,6205,22,500,4,1.08,1,4.55,3439,6.88,100,0.25,9
53.59,25569,6213,22,502,8,0.98,1,4.55,3439,6.88,95,0.2,9
54.63,26073,6225,22,504,12,1.03,1,4.55,3439,6.88,200,0.42,9
55.52,26576,6233,22,503,8,0.89,1,4.55,3439,6.88,55,0.09,9
56.48,27078,6241,22,502,8,0.95,1,4.55,3439,6.88,95,0.2,9
57.61,27580,6245,22,502,4,1.14,1,4.55,3439,6.88,475,1.08,9
58.66,28080,6245,22,500,0,1.05,0,0,3439,6.88,975,2.12,9
59.8,28584,6257,22,504,12,1.14,1,4.55,3439,6.88,85,0.19,9
60.97,29086,6265,22,502,8,1.16,1,4.55,3439,6.88,50,0.11,10
62.07,29586,6277,22,500,12,1.1,2,9.09,3439,6.88,105,0.21,10
63.15,30086,6277,22,500,0,1.08,0,0,3439,6.88,605,1.29,10
64.16,30587,6281,22,501,4,1.01,1,4.55,3439,6.88,65,0.13,10
65.2,31088,6285,22,501,4,1.04,1,4.55,3439,6.88,425,0.89,10
66.17,31591,6285,22,503,0,0.97,1,4.55,3439,6.88,305,0.58,10
67.18,32094,6293,22,503,8,1.01,1,4.55,3439,6.88,290,0.6,10
68.06,32594,6293,22,500,0,0.88,0,0,3439,6.88,790,1.48,10
69.05,33095,6297,22,501,4,0.98,1,4.55,3439,6.88,395,0.81,11
70.07,33595,6297,22,500,0,1.02,0,0,3439,6.88,895,1.84,11
71.09,34097,6301,22,502,4,1.02,1,4.55,3439,6.88,60,0.11,11
72.15,34597,6301,22,500,0,1.06,0,0,3439,6.88,560,1.16,11
73.19,35100,6313,22,503,12,1.04,1,4.55,3439,6.88,105,0.21,11
74.16,35602,6321,22,502,8,0.97,1,4.55,3439,6.88,135,0.25,11
75.17,36105,6329,22,503,8,1.02,1,4.55,3439,6.88,285,0.6,11
76.27,36609,6341,22,504,12,1.09,1,4.55,3439,6.88,280,0.57,11
77.41,37111,6349,22,502,8,1.15,1,4.55,3439,6.88,335,0.77,11
78.7,37614,6357,22,503,8,1.29,1,4.55,3439,6.88,50,0.13,12
79.92,38114,6369,22,500,12,1.21,1,4.55,3439,6.88,105,0.23,12
81.08,38615,6373,22,501,4,1.17,1,4.55,3439,6.88,145,0.36,12
82.36,39116,6381,22,501,8,1.27,2,9.09,3439,6.88,180,0.48,12
83.57,39617,6401,22,501,20,1.21,1,4.55,3439,6.88,65,0.18,12
84.7,40118,6421,22,501,20,1.13,1,4.55,3439,6.88,60,0.13,13
85.98,40619,6453,22,501,32,1.28,1,4.55,3439,6.88,10,0.02,14
87.16,41119,6481,22,500,28,1.18,3,13.64,3439,6.88,35,0.09,14
88.3,41620,6485,22,501,4,1.13,1,4.55,3439,6.88,410,0.93,14
89.34,42120,6494,22,500,9,1.04,2,9.09,3439,6.88,15,0.03,15
90.35,42622,6506,22,502,12,1.01,1,4.55,3439,6.88,45,0.08,15
91.35,43123,6542,22,501,36,1,1,4.55,3439,6.88,25,0.06,16
92.43,43623,6542,22,500,0,1.08,0,0,3439,6.88,525,1.14,16
93.58,44123,6550,22,500,8,1.15,1,4.55,3439,6.88,220,0.48,16
94.71,44625,6582,22,502,32,1.13,1,4.55,3439,6.88,35,0.08,16
95.8,45125,6598,22,500,16,1.09,1,4.55,3439,6.88,115,0.24,17
97.03,45625,6614,22,500,16,1.23,1,4.55,3439,6.88,130,0.31,17
98.13,46126,6618,22,501,4,1.1,1,4.55,3439,6.88,190,0.39,17
99.21,46626,6638,22,500,20,1.07,1,4.55,3439,6.88,105,0.23,18
100.28,47129,6650,22,503,12,1.08,1,4.55,3439,6.88,5,0.01,18
101.37,47630,6682,22,501,32,1.09,1,4.55,3439,6.88,15,0.03,19
102.51,48130,6702,22,500,20,1.14,1,4.55,3439,6.88,50,0.1,19
103.57,48630,6718,22,500,16,1.07,1,4.55,3439,6.88,50,0.13,19
104.71,49132,6734,22,502,16,1.14,1,4.55,3439,6.88,60,0.1,19
105.83,49634,6742,22,502,8,1.12,1,4.55,3439,6.88,125,0.31,19
106.87,50135,6762,22,501,20,1.04,1,4.55,3439,6.88,70,0.12,19
108.05,50635,6798,22,500,36,1.18,1,4.55,3439,6.88,140,0.32,19
109.27,51139,6814,22,504,16,1.22,1,4.55,3439,6.88,25,0.06,19
110.41,51639,6830,22,500,16,1.14,1,4.55,3439,6.88,20,0.05,19
111.59,52143,6858,22,504,28,1.18,1,4.55,3439,6.88,170,0.38,19
112.77,52646,6878,22,503,20,1.19,1,4.55,3439,6.88,55,0.12,20
113.87,53147,6914,22,501,36,1.1,1,4.55,3439,6.88,55,0.12,21
114.93,53649,6930,22,502,16,1.06,1,4.55,3439,6.88,10,0.02,21
116,54149,6946,22,500,16,1.07,1,4.55,3439,6.88,80,0.17,21
117.2,54650,6970,22,501,24,1.2,1,4.55,3439,6.88,100,0.23,21
118.35,55152,7006,22,502,36,1.15,1,4.55,3439,6.88,55,0.14,23
119.52,55656,7026,22,504,20,1.17,1,4.55,3439,6.88,50,0.12,23
120.66,56158,7042,22,502,16,1.14,1,4.55,3439,6.88,140,0.28,23
121.8,56661,7074,22,503,32,1.14,1,4.55,3439,6.88,35,0.08,23
122.94,57164,7102,22,503,28,1.14,1,4.55,3439,6.88,0,0,23
124.02,57668,7110,22,504,8,1.09,1,4.55,3439,6.88,20,0.04,23
125.16,58169,7138,22,501,28,1.13,1,4.55,3439,6.88,115,0.27,24
126.42,58669,7158,22,500,20,1.27,1,4.55,3439,6.88,20,0.05,24
127.6,59173,7174,22,504,16,1.18,1,4.55,3439,6.88,165,0.4,24
128.79,59675,7186,22,502,12,1.19,1,4.55,3439,6.88,295,0.68,25
129.98,60177,7206,22,502,20,1.18,1,4.55,3439,6.88,80,0.22,25
131.22,60678,7234,22,501,28,1.24,1,4.55,3439,6.88,55,0.14,25
132.53,61178,7250,22,500,16,1.31,1,4.55,3439,6.88,180,0.48,25
133.66,61680,7270,22,502,20,1.13,1,4.55,3439,6.88,75,0.18,25
134.8,62182,7278,22,502,8,1.13,1,4.55,3439,6.88,150,0.32,25
136.18,62686,7306,22,504,28,1.39,1,4.55,3439,6.88,5,0.01,25
137.39,63186,7338,22,500,32,1.21,1,4.55,3439,6.88,35,0.1,26
138.72,63688,7358,22,502,20,1.33,1,4.55,3439,6.88,75,0.17,26
139.87,64192,7374,22,504,16,1.15,1,4.55,3439,6.88,115,0.25,26
141.01,64696,7386,22,504,12,1.14,1,4.55,3439,6.88,50,0.12,26
142.19,65198,7394,22,502,8,1.18,1,4.55,3439,6.88,135,0.29,27
143.29,65699,7422,22,501,28,1.1,1,4.55,3439,6.88,60,0.12,27
144.55,66201,7454,22,502,32,1.26,2,9.09,3439,6.88,5,0.01,27
145.75,66704,7466,22,503,12,1.2,1,4.55,3439,6.88,115,0.26,27
146.84,67207,7486,22,503,20,1.09,1,4.55,3439,6.88,10,0.02,27
148.04,67707,7510,22,500,24,1.2,1,4.55,3439,6.88,165,0.42,27
149.25,68210,7554,22,503,44,1.22,1,4.55,3439,6.88,40,0.1,27
150.46,68712,7582,22,502,28,1.21,1,4.55,3439,6.88,15,0.04,27
151.6,69214,7606,22,502,24,1.14,1,4.55,3439,6.88,65,0.18,27
153.11,69717,7626,22,503,20,1.51,1,4.55,3439,6.88,50,0.13,27
154.34,70220,7638,22,503,12,1.22,1,4.55,3439,6.88,10,0.01,27
155.51,70720,7650,22,500,12,1.17,1,4.55,3439,6.88,115,0.28,27
156.69,71223,7678,22,503,28,1.18,1,4.55,3439,6.88,10,0.02,27
157.84,71725,7686,22,502,8,1.15,1,4.55,3439,6.88,105,0.25,27
159.06,72229,7706,22,504,20,1.21,1,4.55,3439,6.88,75,0.16,27
160.23,72729,7742,22,500,36,1.18,1,4.55,3439,6.88,5,0.01,27
161.45,73231,7746,22,502,4,1.21,1,4.55,3439,6.88,305,0.72,27
162.64,73733,7782,22,502,36,1.2,1,4.55,3439,6.88,50,0.12,28
163.87,74236,7822,22,503,40,1.23,1,4.55,3439,6.88,85,0.21,28
165.04,74736,7842,22,500,20,1.16,1,4.55,3439,6.88,100,0.23,29
166.13,75236,7858,22,500,16,1.09,1,4.55,3439,6.88,80,0.18,29
167.37,75736,7858,22,500,0,1.24,0,0,3439,6.88,580,1.41,29
168.47,76240,7890,22,504,32,1.11,2,9.09,3439,6.88,90,0.22,29
169.58,76740,7902,22,500,12,1.11,1,4.55,3439,6.88,50,0.11,29
170.75,77243,7934,22,503,32,1.17,1,4.55,3439,6.88,50,0.11,29
172.02,77743,7934,22,500,0,1.27,0,0,3439,6.88,550,1.38,29
173.24,78245,7954,22,502,20,1.22,1,4.55,3439,6.88,345,0.84,29
174.4,78747,7994,22,502,40,1.16,1,4.55,3439,6.88,160,0.37,30
175.55,79250,8014,22,503,20,1.15,1,4.55,3439,6.88,40,0.11,30
176.86,79752,8022,22,502,8,1.32,1,4.55,3439,6.88,60,0.15,30
178.07,80255,8050,22,503,28,1.21,1,4.55,3439,6.88,10,0.03,31
179.43,80757,8058,22,502,8,1.36,1,4.55,3439,6.88,450,1.21,31
180.58,81258,8086,22,501,28,1.15,2,9.09,3439,6.88,10,0.03,32
181.84,81762,8102,22,504,16,1.26,1,4.55,3439,6.88,120,0.36,32
183.04,82263,8106,22,501,4,1.2,1,4.55,3439,6.88,315,0.69,32
184.25,82766,8126,22,503,20,1.21,1,4.55,3439,6.88,15,0.03,32
185.4,83266,8138,22,500,12,1.16,1,4.55,3439,6.88,315,0.74,32
186.69,83767,8146,22,501,8,1.29,2,9.09,3439,6.88,120,0.28,32
187.81,84271,8166,22,504,20,1.12,1,4.55,3439,6.88,25,0.05,33
189.12,84772,8182,22,501,16,1.31,1,4.55,3439,6.88,30,0.07,33
190.37,85274,8198,22,502,16,1.24,1,4.55,3439,6.88,55,0.16,33
191.7,85775,8210,22,501,12,1.33,1,4.55,3439,6.88,30,0.09,33
193.14,86279,8242,22,504,32,1.44,1,4.55,3439,6.88,95,0.2,33
194.32,86782,8250,22,503,8,1.18,1,4.55,3439,6.88,85,0.17,33
195.37,87284,8286,22,502,36,1.05,1,4.55,3439,6.88,60,0.13,33
196.47,87785,8310,22,501,24,1.1,1,4.55,3439,6.88,120,0.27,34
197.65,88285,8330,22,500,20,1.18,1,4.55,3439,6.88,15,0.03,34
198.83,88788,8358,22,503,28,1.18,1,4.55,3439,6.88,10,0.02,35
200.02,89290,8402,22,502,44,1.18,1,4.55,3439,6.88,20,0.05,37
201.24,89792,8430,22,502,28,1.22,1,4.55,3439,6.88,90,0.21,37
202.45,90296,8438,22,504,8,1.21,1,4.55,3439,6.88,75,0.2,37
203.66,90799,8458,22,503,20,1.21,1,4.55,3439,6.88,95,0.25,37
205.01,91300,8482,22,501,24,1.35,1,4.55,3439,6.88,230,0.57,37
206.27,91800,8498,22,500,16,1.26,1,4.55,3439,6.88,185,0.52,37
207.49,92302,8506,22,502,8,1.22,1,4.55,3439,6.88,150,0.31,37
208.64,92802,8546,22,500,40,1.14,1,4.55,3439,6.88,20,0.04,38
209.69,93305,8558,22,503,12,1.06,1,4.55,3439,6.88,10,0.02,38
210.8,93808,8570,22,503,12,1.1,1,4.55,3439,6.88,145,0.37,38
211.92,94312,8590,22,504,20,1.12,1,4.55,3439,6.88,55,0.12,38
213.09,94813,8610,22,501,20,1.17,1,4.55,3439,6.88,5,0.01,39
214.18,95313,8634,22,500,24,1.1,1,4.55,3439,6.88,15,0.03,39
215.34,95817,8658,22,504,24,1.15,1,4.55,3439,6.88,35,0.09,39
216.52,96319,8690,22,502,32,1.18,1,4.55,3439,6.88,45,0.09,39
217.74,96819,8726,22,500,36,1.22,1,4.55,3439,6.88,20,0.05,40
219.03,97320,8742,22,501,16,1.29,1,4.55,3439,6.88,235,0.59,40
220.18,97821,8758,22,501,16,1.16,1,4.55,3439,6.88,75,0.17,40
221.41,98323,8794,22,502,36,1.23,1,4.55,3439,6.88,15,0.03,40
222.53,98823,8810,22,500,16,1.12,1,4.55,3439,6.88,140,0.33,40
223.75,99325,8830,22,502,20,1.22,1,4.55,3439,6.88,15,0.03,41
224.96,99826,8846,22,501,16,1.22,1,4.55,3439,6.88,195,0.47,42
226.41,100328,8870,22,502,24,1.45,1,4.55,3439,6.88,10,0.03,42
227.63,100831,8878,22,503,8,1.21,1,4.55,3439,6.88,345,0.8,43
229.12,101331,8898,22,500,20,1.49,1,4.55,3439,6.88,170,0.61,43
230.36,101835,8930,22,504,32,1.24,1,4.55,3439,6.88,65,0.15,43
231.56,102337,8970,22,502,40,1.2,1,4.55,3439,6.88,25,0.05,46
232.82,102838,8990,22,501,20,1.26,1,4.55,3439,6.88,30,0.06,46
234.05,103339,9026,22,501,36,1.23,1,4.55,3439,6.88,105,0.24,46
235.25,103839,9066,22,500,40,1.21,1,4.55,3439,6.88,10,0.03,46
236.56,104343,9090,22,504,24,1.3,1,4.55,3439,6.88,10,0.03,47
237.71,104843,9110,22,500,20,1.15,1,4.55,3439,6.88,175,0.42,47
238.95,105346,9138,22,503,28,1.24,1,4.55,3439,6.88,25,0.08,47
240.24,105850,9166,22,504,28,1.28,1,4.55,3439,6.88,65,0.18,47
241.48,106352,9174,22,502,8,1.24,1,4.55,3439,6.88,370,0.89,47
242.72,106855,9198,22,503,24,1.24,1,4.55,3439,6.88,10,0.03,47
243.91,107359,9214,22,504,16,1.18,1,4.55,3439,6.88,25,0.06,47
245.06,107862,9226,22,503,12,1.16,1,4.55,3439,6.88,105,0.25,47
246.32,108366,9238,22,504,12,1.26,1,4.55,3439,6.88,195,0.49,47
247.51,108866,9274,22,500,36,1.18,1,4.55,3439,6.88,50,0.13,47
248.83,109369,9310,22,503,36,1.32,1,4.55,3439,6.88,120,0.32,48
250.1,109871,9322,22,502,12,1.27,1,4.55,3439,6.88,45,0.12,48
251.42,110375,9342,22,504,20,1.33,1,4.55,3439,6.88,10,0.02,48
252.65,110879,9362,22,504,20,1.23,1,4.55,3439,6.88,10,0.03,48
253.93,111383,9390,22,504,28,1.28,1,4.55,3439,6.88,55,0.12,48
255.19,111884,9410,22,501,20,1.26,1,4.55,3439,6.88,230,0.54,48
256.42,112385,9454,22,501,44,1.23,1,4.55,3439,6.88,20,0.05,50
257.77,112889,9486,22,504,32,1.34,1,4.55,3439,6.88,45,0.1,50
259.05,113389,9518,22,500,32,1.28,1,4.55,3439,6.88,175,0.46,51
260.24,113892,9542,22,503,24,1.19,1,4.55,3439,6.88,70,0.17,51
261.43,114395,9570,22,503,28,1.18,1,4.55,3439,6.88,35,0.09,51
262.63,114898,9598,22,503,28,1.21,1,4.55,3439,6.88,240,0.59,51
263.89,115401,9622,22,503,24,1.25,1,4.55,3439,6.88,30,0.06,51
265.06,115905,9646,22,504,24,1.17,1,4.55,3439,6.88,195,0.41,51
266.37,116409,9662,22,504,16,1.31,1,4.55,3439,6.88,70,0.17,51
267.77,116912,9702,22,503,40,1.4,1,4.55,3439,6.88,35,0.09,52
269.03,117413,9730,22,501,28,1.26,1,4.55,3439,6.88,15,0.04,53
270.21,117913,9766,22,500,36,1.18,1,4.55,3439,6.88,15,0.04,55
271.27,118414,9794,22,501,28,1.06,1,4.55,3439,6.88,20,0.04,55
272.48,118916,9802,22,502,8,1.21,1,4.55,3439,6.88,265,0.66,55
274.8,119420,9818,22,504,16,2.32,1,4.55,3439,6.88,15,0.04,55
275.98,119920,9842,22,500,24,1.18,1,4.55,3439,6.88,80,0.2,56
277.2,120423,9866,22,503,24,1.22,1,4.55,3439,6.88,130,0.3,58
278.5,120924,9886,22,501,20,1.3,1,4.55,3439,6.88,60,0.13,59
279.68,121428,9902,22,504,16,1.18,1,4.55,3439,6.88,60,0.15,59
280.92,121929,9930,22,501,28,1.24,1,4.55,3439,6.88,55,0.15,59
282.21,122431,9938,22,502,8,1.29,1,4.55,3439,6.88,205,0.55,59
283.75,122933,9954,22,502,16,1.54,1,4.55,3439,6.88,20,0.05,59
285.05,123437,9994,22,504,40,1.3,1,4.55,3439,6.88,90,0.25,60
286.23,123939,10014,22,502,20,1.18,1,4.55,3439,6.88,10,0.02,60
287.48,124440,10038,22,501,24,1.25,1,4.55,3439,6.88,245,0.6,60
288.62,124942,10062,22,502,24,1.14,1,4.55,3439,6.88,45,0.08,60
289.81,125446,10098,22,504,36,1.19,1,4.55,3439,6.88,160,0.37,60
290.95,125949,10126,22,503,28,1.14,1,4.55,3439,6.88,35,0.09,60
292.08,126451,10134,22,502,8,1.13,1,4.55,3439,6.88,140,0.31,61
293.31,126955,10162,22,504,28,1.23,1,4.55,3439,6.88,30,0.08,62
294.49,127459,10182,22,504,20,1.18,1,4.55,3439,6.88,5,0.02,62
295.75,127960,10206,22,501,24,1.26,1,4.55,3439,6.88,45,0.12,62
297.03,128462,10234,22,502,28,1.28,1,4.55,3439,6.88,55,0.15,62
298.18,128962,10266,22,500,32,1.15,1,4.55,3439,6.88,5,0.01,63
299.29,129464,10274,22,502,8,1.11,1,4.55,3439,6.88,150,0.34,63
300.44,129965,10294,22,501,20,1.15,1,4.55,3439,6.88,115,0.31,63
301.74,130469,10314,22,504,20,1.3,1,4.55,3439,6.88,10,0.02,64
302.82,130972,10342,22,503,28,1.08,1,4.55,3439,6.88,25,0.05,64
303.94,131474,10370,22,502,28,1.13,1,4.55,3439,6.88,20,0.05,64
305.21,131978,10410,22,504,40,1.27,1,4.55,3439,6.88,30,0.08,64
306.37,132481,10430,22,503,20,1.16,1,4.55,3439,6.88,60,0.15,64
307.64,132983,10438,22,502,8,1.26,1,4.55,3439,6.88,265,0.59,65
308.87,133483,10458,22,500,20,1.24,1,4.55,3439,6.88,140,0.35,65
310.05,133984,10498,22,501,40,1.18,1,4.55,3439,6.88,25,0.05,66
311.18,134485,10518,22,501,20,1.12,1,4.55,3439,6.88,5,0.01,67
312.43,134985,10550,22,500,32,1.25,1,4.55,3439,6.88,100,0.28,69
313.67,135486,10562,22,501,12,1.24,1,4.55,3439,6.88,95,0.24,69
314.83,135990,10582,22,504,20,1.16,1,4.55,3439,6.88,140,0.33,70
316.1,136491,10618,22,501,36,1.26,1,4.55,3439,6.88,75,0.19,70
317.3,136991,10666,22,500,48,1.2,2,9.09,3439,6.88,15,0.03,70
318.67,137491,10682,22,500,16,1.37,1,4.55,3439,6.88,35,0.09,70
320,137992,10706,22,501,24,1.33,1,4.55,3439,6.88,135,0.32,72
321.34,138496,10726,22,504,20,1.34,1,4.55,3439,6.88,70,0.18,72
322.57,138998,10750,22,502,24,1.23,1,4.55,3439,6.88,85,0.19,73
323.74,139500,10758,22,502,8,1.17,1,4.55,3439,6.88,250,0.6,73
324.89,140000,10770,22,500,12,1.15,1,4.55,3439,6.88,15,0.03,73
326,140503,10794,22,503,24,1.11,1,4.55,3439,6.88,10,0.02,73
327.15,141004,10818,22,501,24,1.15,1,4.55,3439,6.88,50,0.1,74
328.3,141508,10850,22,504,32,1.15,1,4.55,3439,6.88,70,0.16,75
329.49,142008,10882,22,500,32,1.18,1,4.55,3439,6.88,10,0.03,76
330.84,142509,10910,22,501,28,1.35,1,4.55,3439,6.88,150,0.38,77
332,143010,10926,22,501,16,1.16,1,4.55,3439,6.88,70,0.15,78
333.1,143512,10946,22,502,20,1.1,1,4.55,3439,6.88,40,0.09,78
334.89,144016,10962,22,504,16,1.78,1,4.55,3439,6.88,75,0.74,79
336.1,144518,10970,22,502,8,1.21,1,4.55,3439,6.88,100,0.23,79
337.37,145018,10990,22,500,20,1.27,1,4.55,3439,6.88,175,0.52,79
338.7,145521,11022,22,503,32,1.33,1,4.55,3439,6.88,20,0.05,80
339.91,146021,11038,22,500,16,1.21,1,4.55,3439,6.88,185,0.44,80
341.07,146522,11058,22,501,20,1.16,1,4.55,3439,6.88,100,0.26,80
342.22,147024,11086,22,502,28,1.15,1,4.55,3439,6.88,130,0.27,80
343.42,147525,11122,22,501,36,1.2,2,9.09,3439,6.88,20,0.05,80
344.7,148025,11138,22,500,16,1.27,1,4.55,3439,6.88,30,0.07,80
345.97,148529,11154,22,504,16,1.27,1,4.55,3439,6.88,120,0.29,81
347.13,149033,11166,22,504,12,1.16,1,4.55,3439,6.88,80,0.19,81
348.35,149536,11194,22,503,28,1.22,1,4.55,3439,6.88,90,0.24,81
349.54,150039,11214,22,503,20,1.19,1,4.55,3439,6.88,90,0.21,81
350.73,150539,11234,22,500,20,1.19,1,4.55,3439,6.88,230,0.53,81
351.89,151039,11250,22,500,16,1.16,1,4.55,3439,6.88,25,0.06,81
353.14,151542,11262,22,503,12,1.24,1,4.55,3439,6.88,60,0.16,81
354.38,152045,11294,22,503,32,1.24,1,4.55,3439,6.88,20,0.04,82
355.63,152546,11322,22,501,28,1.25,1,4.55,3439,6.88,25,0.07,83
356.96,153049,11334,22,503,12,1.33,1,4.55,3439,6.88,265,0.72,83
358.19,153550,11354,22,501,20,1.23,1,4.55,3439,6.88,165,0.39,83
359.4,154051,11370,22,501,16,1.21,1,4.55,3439,6.88,130,0.31,84
360.5,154555,11378,22,504,8,1.1,1,4.55,3439,6.88,125,0.28,84
361.55,155058,11398,22,503,20,1.06,1,4.55,3439,6.88,170,0.36,84
362.66,155559,11418,22,501,20,1.11,1,4.55,3439,6.88,0,0,84
363.85,156059,11462,22,500,44,1.19,1,4.55,3439,6.88,40,0.1,84
365.03,156563,11498,22,504,36,1.19,1,4.55,3439,6.88,55,0.12,84
366.17,157064,11534,22,501,36,1.14,1,4.55,3439,6.88,20,0.04,85
367.69,157565,11570,22,501,36,1.52,1,4.55,3439,6.88,115,0.24,86
368.83,158067,11594,22,502,24,1.14,1,4.55,3439,6.88,85,0.19,87
369.96,158567,11618,22,500,24,1.13,1,4.55,3439,6.88,125,0.29,87
371.12,159069,11626,22,502,8,1.16,1,4.55,3439,6.88,125,0.29,88
372.26,159569,11646,22,500,20,1.15,1,4.55,3439,6.88,10,0.03,88
373.5,160073,11658,22,504,12,1.24,1,4.55,3439,6.88,95,0.2,88
374.69,160573,11690,22,500,32,1.18,1,4.55,3439,6.88,190,0.44,88
375.84,161077,11726,22,504,36,1.15,1,4.55,3439,6.88,55,0.13,88
377.11,161579,11738,22,502,12,1.27,1,4.55,3439,6.88,195,0.49,88
378.57,162079,11754,22,500,16,1.46,1,4.55,3439,6.88,115,0.37,88
379.89,162583,11782,22,504,28,1.32,1,4.55,3439,6.88,165,0.4,88
381.02,163085,11806,22,502,24,1.12,1,4.55,3439,6.88,15,0.04,88
382.39,163587,11826,22,502,20,1.37,1,4.55,3439,6.88,245,0.63,88
383.66,164088,11842,22,501,16,1.27,1,4.55,3439,6.88,300,0.79,88
384.95,164592,11858,22,504,16,1.29,1,4.55,3439,6.88,105,0.27,88
386.17,165093,11882,22,501,24,1.22,1,4.55,3439,6.88,65,0.12,89
387.3,165594,11902,22,501,20,1.13,1,4.55,3439,6.88,15,0.03,89
388.56,166096,11906,22,502,4,1.25,1,4.55,3439,6.88,385,0.92,89
390,166598,11934,22,502,28,1.45,1,4.55,3439,6.88,90,0.21,90
391.31,167101,11958,22,503,24,1.31,1,4.55,3439,6.88,210,0.5,91
392.54,167601,11974,22,500,16,1.23,1,4.55,3439,6.88,85,0.2,91
393.78,168101,12010,22,500,36,1.24,1,4.55,3439,6.88,35,0.08,91
394.97,168605,12026,22,504,16,1.19,1,4.55,3439,6.88,10,0.03,93
396.19,169107,12050,22,502,24,1.22,1,4.55,3439,6.88,105,0.29,93
397.56,169611,12074,22,504,24,1.37,1,4.55,3439,6.88,85,0.21,93
398.88,170114,12086,22,503,12,1.33,1,4.55,3439,6.88,30,0.09,93
400.13,170614,12094,22,500,8,1.25,1,4.55,3439,6.88,5,0.01,93
401.89,171116,12134,22,502,40,1.76,1,4.55,3439,6.88,45,0.11,94
403,171616,12150,22,500,16,1.12,1,4.55,3439,6.88,310,0.65,94
404.24,172117,12182,22,501,32,1.24,1,4.55,3439,6.88,10,0.02,94
405.34,172620,12198,22,503,16,1.1,1,4.55,3439,6.88,35,0.07,94
406.63,173124,12214,22,504,16,1.3,1,4.55,3439,6.88,25,0.08,94
407.91,173624,12230,22,500,16,1.28,1,4.55,3439,6.88,45,0.12,94
409.18,174125,12250,22,501,20,1.26,1,4.55,3439,6.88,125,0.31,94
410.32,174627,12266,22,502,16,1.14,1,4.55,3439,6.88,155,0.35,94
411.57,175128,12302,22,501,36,1.25,1,4.55,3439,6.88,95,0.23,94
412.84,175629,12330,22,501,28,1.27,1,4.55,3439,6.88,50,0.12,94
414.2,176132,12354,22,503,24,1.36,2,9.09,3439,6.88,180,0.44,94
415.36,176636,12378,22,504,24,1.15,1,4.55,3439,6.88,25,0.06,95
416.55,177136,12398,22,500,20,1.19,1,4.55,3439,6.88,75,0.18,95
417.87,177637,12418,22,501,20,1.32,1,4.55,3439,6.88,45,0.12,95
419.08,178137,12434,22,500,16,1.21,1,4.55,3439,6.88,25,0.06,95
420.28,178640,12458,22,503,24,1.21,1,4.55,3439,6.88,45,0.12,95
421.49,179142,12486,22,502,28,1.21,1,4.55,3439,6.88,110,0.27,95
422.7,179646,12510,22,504,24,1.21,1,4.55,3439,6.88,5,0.01,96
424.06,180150,12526,22,504,16,1.36,1,4.55,3439,6.88,150,0.4,97
425.31,180654,12550,22,504,24,1.25,1,4.55,3439,6.88,10,0.03,97
426.72,181156,12574,22,502,24,1.42,1,4.55,3439,6.88,30,0.08,97
427.9,181657,12590,22,501,16,1.18,1,4.55,3439,6.88,250,0.55,97
429.1,182158,12622,22,501,32,1.21,1,4.55,3439,6.88,10,0.02,97
430.31,182662,12634,22,504,12,1.21,1,4.55,3439,6.88,135,0.3,97
431.62,183162,12650,22,500,16,1.31,1,4.55,3439,6.88,105,0.25,97
432.87,183666,12666,22,504,16,1.25,1,4.55,3439,6.88,85,0.19,97
434.09,184167,12682,22,501,16,1.22,1,4.55,3439,6.88,5,0.01,97
435.33,184671,12694,22,504,12,1.24,1,4.55,3439,6.88,245,0.58,97
436.5,185172,12706,22,501,12,1.17,1,4.55,3439,6.88,150,0.33,97
437.71,185676,12742,22,504,36,1.2,1,4.55,3439,6.88,5,0.01,99
439.04,186180,12782,22,504,40,1.33,1,4.55,3439,6.88,5,0.02,99
440.28,186683,12806,22,503,24,1.24,1,4.55,3439,6.88,135,0.35,99
441.47,187187,12830,22,504,24,1.19,1,4.55,3439,6.88,110,0.24,99
442.7,187688,12842,22,501,12,1.23,1,4.55,3439,6.88,130,0.46,99
443.98,188190,12874,22,502,32,1.28,1,4.55,3439,6.88,10,0.03,100
445.25,188694,12918,22,504,44,1.27,1,4.55,3439,6.88,20,0.05,102
446.51,189194,12938,22,500,20,1.26,1,4.55,3439,6.88,0,0,103
447.64,189697,12950,22,503,12,1.13,1,4.55,3439,6.88,335,0.78,103
448.93,190201,12974,22,504,24,1.29,1,4.55,3439,6.88,180,0.47,103
450.13,190705,12998,22,504,24,1.2,1,4.55,3439,6.88,25,0.09,105
451.3,191207,13018,22,502,20,1.17,1,4.55,3439,6.88,100,0.21,105
452.5,191709,13054,22,502,36,1.2,1,4.55,3439,6.88,20,0.05,106
453.69,192212,13074,22,503,20,1.19,1,4.55,3439,6.88,15,0.03,106
454.89,192713,13102,22,501,28,1.2,1,4.55,3439,6.88,45,0.09,106
456.13,193217,13118,22,504,16,1.24,1,4.55,3439,6.88,20,0.04,106
457.67,193721,13138,22,504,20,1.54,1,4.55,3439,6.88,95,0.22,107
458.91,194222,13174,22,501,36,1.24,1,4.55,3439,6.88,20,0.05,108
460.23,194726,13190,22,504,16,1.33,1,4.55,3439,6.88,160,0.44,108
461.5,195228,13214,22,502,24,1.27,1,4.55,3439,6.88,5,0.01,108
462.73,195731,13226,22,503,12,1.23,1,4.55,3439,6.88,155,0.41,108
464.04,196234,13266,22,503,40,1.31,1,4.55,3439,6.88,95,0.24,108
465.44,196736,13274,22,502,8,1.4,1,4.55,3439,6.88,320,0.72,108
466.78,197236,13298,22,500,24,1.34,1,4.55,3439,6.88,85,0.22,109
468.21,197740,13310,22,504,12,1.43,1,4.55,3439,6.88,15,0.04,110
469.4,198240,13342,22,500,32,1.19,1,4.55,3439,6.88,100,0.24,110
470.61,198741,13386,22,501,44,1.21,1,4.55,3439,6.88,125,0.3,110
471.76,199241,13402,22,500,16,1.16,1,4.55,3439,6.88,95,0.25,110
472.9,199743,13430,22,502,28,1.14,1,4.55,3439,6.88,25,0.07,110
474.05,200246,13458,22,503,28,1.15,1,4.55,3439,6.88,230,0.52,110
475.26,200747,13478,22,501,20,1.21,1,4.55,3439,6.88,50,0.12,110
476.48,201249,13502,22,502,24,1.22,1,4.55,3439,6.88,75,0.19,110
477.73,201752,13530,22,503,28,1.25,1,4.55,3439,6.88,15,0.04,110
478.98,202256,13546,22,504,16,1.25,1,4.55,3439,6.88,75,0.2,110
480.64,202759,13558,22,503,12,1.66,1,4.55,3439,6.88,170,0.74,110
481.82,203259,13574,22,500,16,1.18,1,4.55,3439,6.88,90,0.25,111
483.13,203760,13578,22,501,4,1.31,1,4.55,3439,6.88,200,0.47,111
484.33,204262,13590,22,502,12,1.21,1,4.55,3439,6.88,10,0.02,111
485.57,204765,13618,22,503,28,1.23,1,4.55,3439,6.88,150,0.4,112
486.89,205269,13646,22,504,28,1.33,1,4.55,3439,6.88,25,0.07,113
488.29,205769,13662,22,500,16,1.39,1,4.55,3439,6.88,5,0.01,113
489.37,206270,13686,22,501,24,1.09,1,4.55,3439,6.88,75,0.15,113
490.63,206771,13726,22,501,40,1.26,1,4.55,3439,6.88,45,0.1,113
491.8,207272,13766,22,501,40,1.16,1,4.55,3439,6.88,45,0.11,114
492.91,207775,13790,22,503,24,1.11,1,4.55,3439,6.88,55,0.11,114
494.16,208278,13826,22,503,36,1.25,1,4.55,3439,6.88,115,0.29,116
495.46,208781,13850,22,503,24,1.3,1,4.55,3439,6.88,5,0.01,116
496.79,209284,13886,22,503,36,1.33,1,4.55,3439,6.88,170,0.47,118
498.11,209786,13914,22,502,28,1.32,1,4.55,3439,6.88,85,0.2,118
499.31,210289,13942,22,503,28,1.2,1,4.55,3439,6.88,20,0.05,119
500.63,210793,13958,22,504,16,1.31,1,4.55,3439,6.88,45,0.1,119
501.87,211294,13990,22,501,32,1.25,1,4.55,3439,6.88,90,0.21,120
503.05,211796,14014,22,502,24,1.18,1,4.55,3439,6.88,70,0.19,120
504.39,212297,14042,22,501,28,1.34,1,4.55,3439,6.88,40,0.11,120
505.63,212798,14070,22,501,28,1.25,1,4.55,3439,6.88,60,0.13,121
506.81,213299,14086,22,501,16,1.18,1,4.55,3439,6.88,100,0.24,121
508.05,213802,14098,22,503,12,1.23,1,4.55,3439,6.88,15,0.04,121
509.34,214304,14122,22,502,24,1.3,1,4.55,3439,6.88,20,0.04,121
510.72,214806,14142,22,502,20,1.38,1,4.55,3439,6.88,60,0.2,121
511.9,215308,14150,22,502,8,1.18,1,4.55,3439,6.88,40,0.08,121
513.19,215811,14170,22,503,20,1.29,1,4.55,3439,6.88,80,0.2,121
514.33,216312,14194,22,501,24,1.14,1,4.55,3439,6.88,10,0.02,121
515.56,216815,14218,22,503,24,1.23,1,4.55,3439,6.88,45,0.11,121
516.86,217318,14250,22,503,32,1.3,1,4.55,3439,6.88,15,0.03,122
517.95,217821,14286,22,503,36,1.09,1,4.55,3439,6.88,65,0.16,122
519.25,218324,14306,22,503,20,1.31,1,4.55,3439,6.88,75,0.18,122
520.59,218825,14326,22,501,20,1.34,1,4.55,3439,6.88,75,0.2,122
521.91,219326,14342,22,501,16,1.31,1,4.55,3439,6.88,130,0.36,122
523.45,219826,14370,22,500,28,1.55,1,4.55,3439,6.88,45,0.12,123
524.87,220328,14402,22,502,32,1.41,1,4.55,3439,6.88,25,0.08,124
526.26,220829,14426,22,501,24,1.4,1,4.55,3439,6.88,120,0.32,124
527.47,221331,14450,22,502,24,1.21,1,4.55,3439,6.88,5,0.01,124
528.67,221832,14478,22,501,28,1.2,1,4.55,3439,6.88,160,0.4,124
529.93,222334,14510,22,502,32,1.26,1,4.55,3439,6.88,90,0.23,125
531.17,222835,14530,22,501,20,1.23,1,4.55,3439,6.88,150,0.38,125
532.39,223339,14554,22,504,24,1.22,1,4.55,3439,6.88,45,0.1,125
533.68,223839,14574,22,500,20,1.3,1,4.55,3439,6.88,65,0.16,125
534.83,224340,14618,22,501,44,1.15,1,4.55,3439,6.88,35,0.08,125
536.04,224843,14642,22,503,24,1.21,1,4.55,3439,6.88,25,0.08,125
537.24,225343,14674,22,500,32,1.2,1,4.55,3439,6.88,145,0.33,126
538.58,225847,14702,22,504,28,1.34,1,4.55,3439,6.88,50,0.13,126
539.83,226347,14730,22,500,28,1.24,1,4.55,3439,6.88,40,0.1,127
541.06,226847,14754,22,500,24,1.24,1,4.55,3439,6.88,30,0.1,127
542.41,227349,14786,22,502,32,1.34,1,4.55,3439,6.88,20,0.04,127
543.6,227850,14814,22,501,28,1.2,1,4.55,3439,6.88,55,0.13,127
544.94,228354,14830,22,504,16,1.33,1,4.55,3439,6.88,115,0.3,127
546.35,228854,14846,22,500,16,1.41,1,4.55,3439,6.88,60,0.15,127
547.6,229356,14882,22,502,36,1.25,1,4.55,3439,6.88,25,0.06,127
548.72,229857,14902,22,501,20,1.12,1,4.55,3439,6.88,10,0.01,128
549.95,230357,14918,22,500,16,1.23,1,4.55,3439,6.88,180,0.46,128
551.17,230858,14922,22,501,4,1.22,1,4.55,3439,6.88,350,0.86,128
552.29,231358,14942,22,500,20,1.12,1,4.55,3439,6.88,0,0,128
553.54,231860,14962,22,502,20,1.25,1,4.55,3439,6.88,85,0.22,128
554.77,232363,14974,22,503,12,1.23,1,4.55,3439,6.88,85,0.18,128
555.85,232864,15002,22,501,28,1.07,1,4.55,3439,6.88,5,0.01,128
557.05,233365,15022,22,501,20,1.21,1,4.55,3439,6.88,225,0.59,128
558.58,233869,15038,22,504,16,1.53,1,4.55,3439,6.88,120,0.32,128
559.8,234370,15054,22,501,16,1.21,1,4.55,3439,6.88,90,0.22,129
561.14,234872,15070,22,502,16,1.35,1,4.55,3439,6.88,185,0.51,129
562.44,235376,15082,22,504,12,1.3,1,4.55,3439,6.88,410,1.07,130
563.74,235880,15126,22,504,44,1.31,1,4.55,3439,6.88,65,0.19,130
564.95,236381,15130,22,501,4,1.2,1,4.55,3439,6.88,10,0.02,130
566.1,236881,15158,22,500,28,1.15,1,4.55,3439,6.88,65,0.15,130
567.35,237384,15198,22,503,40,1.25,1,4.55,3439,6.88,80,0.21,130
568.51,237888,15214,22,504,16,1.17,1,4.55,3439,6.88,95,0.21,130
569.91,238388,15234,22,500,20,1.4,1,4.55,3439,6.88,110,0.3,131
571.09,238889,15254,22,501,20,1.17,1,4.55,3439,6.88,120,0.29,132
572.31,239393,15286,22,504,32,1.22,1,4.55,3439,6.88,35,0.07,132
573.48,239894,15310,22,501,24,1.17,1,4.55,3439,6.88,115,0.26,133
574.6,240396,15334,22,502,24,1.12,1,4.55,3439,6.88,5,0.01,133
575.78,240898,15362,22,502,28,1.19,1,4.55,3439,6.88,100,0.24,135
577.12,241398,15382,22,500,20,1.34,1,4.55,3439,6.88,105,0.26,135
578.33,241899,15406,22,501,24,1.21,1,4.55,3439,6.88,55,0.12,135
579.42,242400,15422,22,501,16,1.09,1,4.55,3439,6.88,45,0.1,135
580.71,242900,15450,22,500,28,1.29,1,4.55,3439,6.88,30,0.07,135
581.92,243404,15462,22,504,12,1.21,1,4.55,3439,6.88,370,0.91,135
583.17,243904,15482,22,500,20,1.24,1,4.55,3439,6.88,340,0.84,135
584.69,244405,15494,22,501,12,1.52,1,4.55,3439,6.88,130,0.32,135
585.86,244909,15506,22,504,12,1.17,1,4.55,3439,6.88,110,0.25,135
586.99,245409,15534,22,500,28,1.13,1,4.55,3439,6.88,45,0.11,135
588.2,245909,15562,22,500,28,1.21,1,4.55,3439,6.88,80,0.17,136
589.33,246412,15570,22,503,8,1.13,1,4.55,3439,6.88,105,0.24,136
590.55,246916,15594,22,504,24,1.22,1,4.55,3439,6.88,65,0.18,136
591.84,247420,15618,22,504,24,1.29,1,4.55,3439,6.88,35,0.11,137
593.08,247921,15650,22,501,32,1.24,1,4.55,3439,6.88,95,0.21,138
594.26,248423,15658,22,502,8,1.18,1,4.55,3439,6.88,335,0.78,138
595.39,248925,15666,22,502,8,1.13,1,4.55,3439,6.88,50,0.11,138
596.54,249426,15694,22,501,28,1.15,1,4.55,3439,6.88,205,0.47,138
597.81,249930,15706,22,504,12,1.27,1,4.55,3439,6.88,45,0.13,138
599.03,250430,15718,22,500,12,1.22,1,4.55,3439,6.88,140,0.33,139
600.28,250930,15742,22,500,24,1.24,1,4.55,3439,6.88,35,0.09,139
601.72,251432,15766,22,502,24,1.44,1,4.55,3439,6.88,160,0.38,139
603.05,251935,15778,22,503,12,1.33,1,4.55,3439,6.88,460,1.21,140
604.41,252439,15798,22,504,20,1.36,1,4.55,3439,6.88,205,0.55,140
605.68,252943,15830,22,504,32,1.28,1,4.55,3439,6.88,15,0.04,140
606.9,253445,15850,22,502,20,1.22,1,4.55,3439,6.88,100,0.24,140
608.12,253948,15878,22,503,28,1.22,1,4.55,3439,6.88,55,0.13,140
609.36,254451,15898,22,503,20,1.24,1,4.55,3439,6.88,120,0.3,141
610.53,254955,15918,22,504,20,1.17,1,4.55,3439,6.88,115,0.29,142
611.8,255455,15938,22,500,20,1.27,1,4.55,3439,6.88,45,0.12,143
613.12,255957,15958,22,502,20,1.32,1,4.55,3439,6.88,135,0.34,143
614.37,256459,15978,22,502,20,1.25,1,4.55,3439,6.88,5,0.01,143
615.54,256961,16002,22,502,24,1.17,1,4.55,3439,6.88,75,0.18,144
616.72,257463,16030,22,502,28,1.17,1,4.55,3439,6.88,5,0.01,145
618.13,257965,16046,22,502,16,1.41,1,4.55,3439,6.88,75,0.17,145
619.42,258465,16066,22,500,20,1.29,1,4.55,3439,6.88,60,0.17,145
620.61,258969,16094,22,504,28,1.19,1,4.55,3439,6.88,130,0.32,147
621.85,259469,16110,22,500,16,1.24,1,4.55,3439,6.88,80,0.19,147
623.11,259972,16122,22,503,12,1.25,1,4.55,3439,6.88,390,0.99,148
624.25,260474,16158,22,502,36,1.15,1,4.55,3439,6.88,45,0.11,149
625.51,260975,16182,22,501,24,1.25,1,4.55,3439,6.88,85,0.22,149
626.8,261477,16206,22,502,24,1.29,1,4.55,3439,6.88,145,0.35,149
628.04,261977,16238,22,500,32,1.25,1,4.55,3439,6.88,65,0.16,149
629.21,262479,16246,22,502,8,1.17,1,4.55,3439,6.88,115,0.29,149
630.54,262981,16270,22,502,24,1.32,1,4.55,3439,6.88,145,0.42,150
631.83,263482,16302,22,501,32,1.29,1,4.55,3439,6.88,5,0.01,150
633.14,263984,16318,22,502,16,1.32,1,4.55,3439,6.88,45,0.1,150
634.4,264485,16346,22,501,28,1.26,1,4.55,3439,6.88,115,0.29,150
635.81,264987,16390,22,502,44,1.41,1,4.55,3439,6.88,50,0.11,150
637.1,265489,16402,22,502,12,1.28,1,4.55,3439,6.88,55,0.15,150
638.32,265991,16430,22,502,28,1.23,1,4.55,3439,6.88,85,0.19,150
639.66,266495,16450,22,504,20,1.33,1,4.55,3439,6.88,95,0.26,151
640.92,266995,16482,22,500,32,1.26,1,4.55,3439,6.88,10,0.03,151
642.17,267497,16498,22,502,16,1.25,1,4.55,3439,6.88,250,0.68,151
643.38,268000,16534,22,503,36,1.21,1,4.55,3439,6.88,85,0.19,151
644.65,268502,16554,22,502,20,1.27,1,4.55,3439,6.88,60,0.15,152
646.38,269004,16574,22,502,20,1.74,1,4.55,3439,6.88,5,0.53,153
647.65,269507,16606,22,503,32,1.26,1,4.55,3439,6.88,65,0.16,154
648.86,270008,16622,22,501,16,1.22,1,4.55,3439,6.88,95,0.24,154
650.16,270512,16638,22,504,16,1.29,1,4.55,3439,6.88,125,0.4,154
651.4,271014,16646,22,502,8,1.24,1,4.55,3439,6.88,325,0.82,154
652.51,271516,16674,22,502,28,1.12,1,4.55,3439,6.88,140,0.32,154
653.72,272016,16686,22,500,12,1.21,1,4.55,3439,6.88,15,0.03,154
654.97,272520,16694,22,504,8,1.25,1,4.55,3439,6.88,115,0.29,154
656.31,273022,16738,22,502,44,1.33,1,4.55,3439,6.88,85,0.2,154
657.54,273522,16758,22,500,20,1.23,1,4.55,3439,6.88,160,0.42,155
659.25,274024,16778,22,502,20,1.71,1,4.55,3439,6.88,115,0.32,156
660.7,274526,16810,22,502,32,1.45,1,4.55,3439,6.88,35,0.08,156
661.96,275027,16826,22,501,16,1.26,1,4.55,3439,6.88,85,0.21,156
663.41,275528,16858,22,501,32,1.45,1,4.55,3439,6.88,20,0.07,156
664.73,276031,16870,22,503,12,1.32,1,4.55,3439,6.88,320,0.86,156
666.03,276535,16886,22,504,16,1.3,1,4.55,3439,6.88,265,0.72,157
667.23,277038,16918,22,503,32,1.2,1,4.55,3439,6.88,85,0.18,157
668.55,277539,16930,22,501,12,1.32,1,4.55,3439,6.88,20,0.04,157
669.93,278042,16942,22,503,12,1.38,1,4.55,3439,6.88,285,0.78,157
671.19,278542,16978,22,500,36,1.26,1,4.55,3439,6.88,35,0.08,158
672.52,279046,17010,22,504,32,1.33,1,4.55,3439,6.88,85,0.31,158
673.71,279548,17030,22,502,20,1.2,1,4.55,3439,6.88,40,0.09,158
675.01,280048,17054,22,500,24,1.29,1,4.55,3439,6.88,340,0.87,159
676.27,280549,17070,22,501,16,1.26,1,4.55,3439,6.88,5,0.01,159
677.69,281049,17098,22,500,28,1.43,1,4.55,3439,6.88,75,0.22,159
679.08,281552,17106,22,503,8,1.39,1,4.55,3439,6.88,415,1.11,159
680.76,282054,17130,22,502,24,1.68,1,4.55,3439,6.88,5,0.01,159
682.19,282558,17162,22,504,32,1.43,1,4.55,3439,6.88,60,0.16,159
683.55,283060,17178,22,502,16,1.36,1,4.55,3439,6.88,225,0.62,159
684.91,283563,17214,22,503,36,1.36,1,4.55,3439,6.88,20,0.07,160
686.2,284066,17238,22,503,24,1.29,1,4.55,3439,6.88,45,0.11,160
687.55,284566,17278,22,500,40,1.35,1,4.55,3439,6.88,30,0.07,163
688.93,285067,17298,22,501,20,1.38,1,4.55,3439,6.88,0,0,163
690.23,285570,17326,22,503,28,1.3,1,4.55,3439,6.88,5,0.01,164
691.55,286074,17350,22,504,24,1.32,1,4.55,3439,6.88,15,0.05,165
692.82,286577,17358,22,503,8,1.27,1,4.55,3439,6.88,15,0.05,165
694.22,287079,17378,22,502,20,1.4,1,4.55,3439,6.88,65,0.17,166
695.49,287582,17410,22,503,32,1.27,1,4.55,3439,6.88,20,0.05,166
697.06,288085,17438,22,503,28,1.57,1,4.55,3439,6.88,20,0.05,167
698.41,288589,17474,22,504,36,1.36,1,4.55,3439,6.88,160,0.42,169
699.64,289090,17490,22,501,16,1.23,1,4.55,3439,6.88,115,0.27,169
700.99,289593,17502,22,503,12,1.35,1,4.55,3439,6.88,25,0.06,170
702.23,290093,17526,22,500,24,1.24,1,4.55,3439,6.88,25,0.08,170
703.44,290595,17570,22,502,44,1.21,1,4.55,3439,6.88,20,0.07,170
705.04,291096,17622,22,501,52,1.59,1,4.55,3439,6.88,25,0.16,171
706.24,291599,17634,22,503,12,1.2,1,4.55,3439,6.88,300,0.71,171
707.64,292102,17662,22,503,28,1.4,2,9.09,3439,6.88,120,0.35,172
708.91,292606,17698,22,504,36,1.27,1,4.55,3439,6.88,155,0.35,173
710.07,293109,17710,22,503,12,1.16,1,4.55,3439,6.88,435,1.02,173
711.25,293613,17730,22,504,20,1.18,1,4.55,3439,6.88,5,0.01,174
712.91,294115,17758,22,502,28,1.66,1,4.55,3439,6.88,55,0.21,174
714.78,294615,17782,22,500,24,1.87,1,4.55,3439,6.88,30,0.08,175
716.06,295115,17790,22,500,8,1.29,1,4.55,3439,6.88,235,0.55,175
717.41,295618,17802,22,503,12,1.35,1,4.55,3439,6.88,175,0.5,175
718.73,296122,17822,22,504,20,1.32,1,4.55,3439,6.88,70,0.17,175
720.67,296624,17846,22,502,24,1.94,1,4.55,3439,6.88,100,0.25,175
721.94,297126,17890,22,502,44,1.27,1,4.55,3439,6.88,15,0.03,177
723.19,297626,17910,22,500,20,1.25,1,4.55,3439,6.88,15,0.03,178
724.5,298129,17950,22,503,40,1.31,1,4.55,3439,6.88,20,0.1,179
725.76,298633,17974,22,504,24,1.26,1,4.55,3439,6.88,20,0.05,179
727.48,299137,17990,22,504,16,1.72,1,4.55,3439,6.88,265,0.87,180
728.76,299639,17998,22,502,8,1.28,1,4.55,3439,6.88,330,0.8,180
730.11,300139,18022,22,500,24,1.35,1,4.55,3439,6.88,85,0.23,180
731.44,300639,18046,22,500,24,1.33,1,4.55,3439,6.88,50,0.14,181
732.69,301140,18050,22,501,4,1.25,1,4.55,3439,6.88,485,1.21,181
734.27,301640,18074,22,500,24,1.58,1,4.55,3439,6.88,55,0.16,181
735.88,302141,18106,22,501,32,1.61,1,4.55,3439,6.88,90,0.26,181
737.19,302644,18122,22,503,16,1.31,1,4.55,3439,6.88,10,0.02,182
738.54,303146,18146,22,502,24,1.35,1,4.55,3439,6.88,100,0.29,183
739.8,303647,18174,22,501,28,1.26,1,4.55,3439,6.88,5,0.01,183
741.11,304149,18198,22,502,24,1.31,1,4.55,3439,6.88,110,0.27,183
742.36,304649,18214,22,500,16,1.25,1,4.55,3439,6.88,25,0.06,183
743.61,305151,18242,22,502,28,1.25,1,4.55,3439,6.88,25,0.07,183
744.86,305651,18262,22,500,20,1.25,1,4.55,3439,6.88,15,0.03,183
746.11,306151,18294,22,500,32,1.24,1,4.55,3439,6.88,95,0.25,184
747.42,306653,18310,22,502,16,1.32,1,4.55,3439,6.88,25,0.07,184
748.76,307156,18334,22,503,24,1.34,1,4.55,3439,6.88,175,0.54,184
750.06,307658,18366,22,502,32,1.29,1,4.55,3439,6.88,100,0.25,184
751.38,308159,18390,22,501,24,1.32,1,4.55,3439,6.88,50,0.11,184
752.7,308661,18414,22,502,24,1.32,1,4.55,3439,6.88,30,0.08,185
754.03,309165,18434,22,504,20,1.33,1,4.55,3439,6.88,70,0.16,185
755.39,309666,18454,22,501,20,1.35,1,4.55,3439,6.88,75,0.17,185
757,310169,18474,22,503,20,1.62,1,4.55,3439,6.88,115,0.37,185
758.24,310670,18502,22,501,28,1.24,1,4.55,3439,6.88,10,0.03,185
759.54,311173,18510,22,503,8,1.3,1,4.55,3439,6.88,375,0.95,185
761.02,311677,18530,22,504,20,1.48,1,4.55,3439,6.88,60,0.18,186
762.35,312181,18558,22,504,28,1.32,1,4.55,3439,6.88,120,0.31,186
763.64,312682,18590,22,501,32,1.29,1,4.55,3439,6.88,45,0.09,187
764.9,313184,18622,22,502,32,1.25,1,4.55,3439,6.88,145,0.36,187
766.19,313688,18638,22,504,16,1.3,1,4.55,3439,6.88,85,0.21,188
767.46,314191,18678,22,503,40,1.26,1,4.55,3439,6.88,20,0.06,190
768.77,314691,18694,22,500,16,1.31,1,4.55,3439,6.88,105,0.29,190
770.04,315193,18718,22,502,24,1.27,1,4.55,3439,6.88,20,0.05,190
771.2,315695,18742,22,502,24,1.16,1,4.55,3439,6.88,30,0.07,191
772.63,316199,18774,22,504,32,1.44,1,4.55,3439,6.88,20,0.06,191
774.36,316699,18810,22,500,36,1.73,1,4.55,3439,6.88,70,0.23,191
775.9,317199,18834,22,500,24,1.54,1,4.55,3439,6.88,75,0.23,191
777.23,317702,18846,22,503,12,1.33,1,4.55,3439,6.88,5,0.01,191
778.43,318205,18882,22,503,36,1.19,1,4.55,3439,6.88,25,0.07,192
779.74,318708,18898,22,503,16,1.31,1,4.55,3439,6.88,160,0.4,192
781.08,319208,18918,22,500,20,1.34,1,4.55,3439,6.88,260,0.72,192
782.58,319710,18930,22,502,12,1.5,1,4.55,3439,6.88,210,0.64,192
783.91,320211,18934,22,501,4,1.33,1,4.55,3439,6.88,155,0.38,192
785.26,320711,18966,22,500,32,1.36,1,4.55,3439,6.88,0,0,193
786.64,321213,18994,22,502,28,1.38,1,4.55,3439,6.88,35,0.07,194
788.17,321717,19006,22,504,12,1.53,1,4.55,3439,6.88,340,1.14,194
789.38,322217,19018,22,500,12,1.2,1,4.55,3439,6.88,0,0,194
790.5,322719,19038,22,502,20,1.13,1,4.55,3439,6.88,0,0,194
791.78,323222,19062,22,503,24,1.28,1,4.55,3439,6.88,75,0.22,194
793.15,323723,19086,22,501,24,1.37,1,4.55,3439,6.88,105,0.25,194
794.55,324227,19102,22,504,16,1.4,1,4.55,3439,6.88,210,0.55,194
795.95,324728,19114,22,501,12,1.4,1,4.55,3439,6.88,320,0.89,194
797.35,325231,19138,22,503,24,1.4,1,4.55,3439,6.88,5,0.01,194
798.85,325734,19150,22,503,12,1.5,1,4.55,3439,6.88,75,0.28,194
800.32,326234,19162,22,500,12,1.47,1,4.55,3439,6.88,120,0.37,194
801.75,326736,19186,22,502,24,1.42,1,4.55,3439,6.88,110,0.31,195
803.26,327238,19222,22,502,36,1.52,1,4.55,3439,6.88,120,0.43,195
804.59,327738,19254,22,500,32,1.33,1,4.55,3439,6.88,45,0.1,197
805.96,328242,19262,22,504,8,1.37,1,4.55,3439,6.88,180,0.48,197
807.64,328744,19286,22,502,24,1.68,1,4.55,3439,6.88,30,0.06,197
808.93,329247,19314,22,503,28,1.29,1,4.55,3439,6.88,100,0.28,197
810.37,329751,19338,22,504,24,1.44,1,4.55,3439,6.88,15,0.05,197
811.59,330253,19362,22,502,24,1.22,1,4.55,3439,6.88,20,0.05,198
812.98,330755,19390,22,502,28,1.39,1,4.55,3439,6.88,160,0.39,198
814.44,331256,19410,22,501,20,1.47,1,4.55,3439,6.88,20,0.06,198
815.95,331756,19438,22,500,28,1.51,1,4.55,3439,6.88,45,0.11,199
817.32,332259,19450,22,503,12,1.36,1,4.55,3439,6.88,165,0.41,199
818.6,332760,19470,22,501,20,1.28,1,4.55,3439,6.88,45,0.1,200
819.93,333261,19498,22,501,28,1.33,1,4.55,3439,6.88,30,0.09,200
821.17,333765,19530,22,504,32,1.24,1,4.55,3439,6.88,10,0.02,200
822.41,334265,19550,22,500,20,1.24,1,4.55,3439,6.88,210,0.53,200
823.73,334766,19554,22,501,4,1.32,1,4.55,3439,6.88,230,0.61,200
825.15,335270,19574,22,504,20,1.42,1,4.55,3439,6.88,140,0.35,200
826.56,335771,19606,22,501,32,1.41,1,4.55,3439,6.88,110,0.39,201
827.79,336273,19634,22,502,28,1.23,1,4.55,3439,6.88,20,0.04,201
829.3,336773,19674,22,500,40,1.51,1,4.55,3439,6.88,0,0,202
830.59,337274,19694,22,501,20,1.3,1,4.55,3439,6.88,75,0.21,202
831.95,337776,19718,22,502,24,1.35,1,4.55,3439,6.88,210,0.58,203
833.31,338276,19734,22,500,16,1.37,1,4.55,3439,6.88,225,0.58,204
834.76,338778,19758,22,502,24,1.44,1,4.55,3439,6.88,20,0.05,204
836.01,339281,19786,22,503,28,1.25,1,4.55,3439,6.88,40,0.09,204
837.35,339785,19798,22,504,12,1.34,1,4.55,3439,6.88,50,0.16,204
838.67,340289,19822,22,504,24,1.32,1,4.55,3439,6.88,10,0.04,204
840.02,340789,19850,22,500,28,1.35,1,4.55,3439,6.88,15,0.04,204
841.38,341292,19874,22,503,24,1.36,1,4.55,3439,6.88,55,0.14,204
842.63,341793,19894,22,501,20,1.25,1,4.55,3439,6.88,275,0.71,204
844.07,342294,19926,22,501,32,1.44,1,4.55,3439,6.88,45,0.13,204
845.51,342797,19950,22,503,24,1.44,1,4.55,3439,6.88,20,0.06,204
846.85,343300,19978,22,503,28,1.34,1,4.55,3439,6.88,25,0.06,204
848.1,343801,19998,22,501,20,1.25,1,4.55,3439,6.88,265,0.67,204
849.31,344304,20018,22,503,20,1.21,1,4.55,3439,6.88,315,0.72,205
850.53,344805,20022,22,501,4,1.23,1,4.55,3439,6.88,210,0.52,205
852,345309,20042,22,504,20,1.47,1,4.55,3439,6.88,5,0.01,206
853.34,345812,20082,22,503,40,1.33,1,4.55,3439,6.88,10,0.03,206
854.74,346312,20102,22,500,20,1.4,1,4.55,3439,6.88,20,0.05,206
856.1,346815,20122,22,503,20,1.37,1,4.55,3439,6.88,130,0.29,206
857.41,347315,20146,22,500,24,1.3,1,4.55,3439,6.88,70,0.19,206
858.72,347816,20150,22,501,4,1.31,1,4.55,3439,6.88,450,1.18,207
860.23,348320,20178,22,504,28,1.51,1,4.55,3439,6.88,30,0.07,207
861.59,348822,20190,22,502,12,1.36,1,4.55,3439,6.88,265,0.79,207
863.13,349325,20226,22,503,36,1.55,1,4.55,3439,6.88,25,0.06,207
864.43,349827,20246,22,502,20,1.3,1,4.55,3439,6.88,20,0.04,208
865.64,350331,20258,22,504,12,1.2,1,4.55,3439,6.88,20,0.05,208
866.96,350835,20282,22,504,24,1.32,1,4.55,3439,6.88,30,0.09,209
868.48,351337,20298,22,502,16,1.52,1,4.55,3439,6.88,155,0.57,209
869.76,351837,20314,22,500,16,1.28,1,4.55,3439,6.88,70,0.19,209
871.07,352340,20338,22,503,24,1.31,1,4.55,3439,6.88,65,0.15,209
872.32,352840,20350,22,500,12,1.25,1,4.55,3439,6.88,20,0.05,210
873.8,353342,20366,22,502,16,1.48,1,4.55,3439,6.88,55,0.13,211
875.09,353843,20390,22,501,24,1.29,1,4.55,3439,6.88,210,0.58,211
876.35,354344,20394,22,501,4,1.26,1,4.55,3439,6.88,265,0.68,211
877.73,354844,20410,22,500,16,1.38,1,4.55,3439,6.88,20,0.15,211
878.99,355346,20438,22,502,28,1.26,1,4.55,3439,6.88,160,0.41,212
880.23,355849,20450,22,503,12,1.24,1,4.55,3439,6.88,65,0.14,212
881.49,356353,20474,22,504,24,1.25,1,4.55,3439,6.88,95,0.25,214
882.63,356853,20502,22,500,28,1.15,1,4.55,3439,6.88,80,0.18,214
883.91,357355,20526,22,502,24,1.28,1,4.55,3439,6.88,25,0.07,215
885.57,357856,20546,22,501,20,1.65,1,4.55,3439,6.88,45,0.4,216
887.25,358357,20562,22,501,16,1.69,1,4.55,3439,6.88,125,0.38,216
888.44,358857,20582,22,500,20,1.18,1,4.55,3439,6.88,50,0.11,216
889.75,359358,20610,22,501,28,1.32,1,4.55,3439,6.88,30,0.08,216
891.55,359860,20634,22,502,24,1.79,1,4.55,3439,6.88,25,0.09,217
893.07,360360,20642,22,500,8,1.52,1,4.55,3439,6.88,130,0.36,217
894.54,360861,20674,22,501,32,1.47,1,4.55,3439,6.88,30,0.07,219
895.75,361365,20698,22,504,24,1.21,1,4.55,3439,6.88,140,0.3,221
897.34,361865,20726,22,500,28,1.6,1,4.55,3439,6.88,155,0.44,221
898.61,362368,20738,22,503,12,1.26,1,4.55,3439,6.88,125,0.34,221
900.01,362869,20754,22,501,16,1.4,1,4.55,3439,6.88,35,0.07,221
901.44,363370,20782,22,501,28,1.43,1,4.55,3439,6.88,65,0.2,221
902.71,363871,20802,22,501,20,1.27,1,4.55,3439,6.88,15,0.04,221
904.07,364374,20810,22,503,8,1.36,1,4.55,3439,6.88,200,0.52,221
905.21,364877,20818,22,503,8,1.14,1,4.55,3439,6.88,10,0.02,222
906.49,365379,20846,22,502,28,1.28,1,4.55,3439,6.88,215,0.55,222
907.9,365880,20866,22,501,20,1.41,1,4.55,3439,6.88,240,0.67,223
909.27,366383,20890,22,503,24,1.37,1,4.55,3439,6.88,100,0.28,223
910.72,366883,20914,22,500,24,1.45,1,4.55,3439,6.88,215,0.62,223
912.13,367384,20922,22,501,8,1.42,1,4.55,3439,6.88,285,0.75,223
913.34,367886,20938,22,502,16,1.21,1,4.55,3439,6.88,240,0.57,224
914.74,368388,20974,22,502,36,1.4,1,4.55,3439,6.88,50,0.15,225
915.97,368888,20994,22,500,20,1.23,1,4.55,3439,6.88,220,0.54,225
917.29,369388,21014,22,500,20,1.31,1,4.55,3439,6.88,45,0.1,225
918.64,369892,21038,22,504,24,1.35,1,4.55,3439,6.88,110,0.28,225
920.06,370396,21078,22,504,40,1.42,1,4.55,3439,6.88,90,0.24,225
921.47,370896,21090,22,500,12,1.41,1,4.55,3439,6.88,185,0.48,225
922.85,371397,21122,22,501,32,1.38,1,4.55,3439,6.88,25,0.07,225
924.19,371898,21146,22,501,24,1.35,1,4.55,3439,6.88,70,0.2,225
925.46,372399,21182,22,501,36,1.27,1,4.55,3439,6.88,35,0.09,225
926.77,372902,21198,22,503,16,1.3,1,4.55,3439,6.88,45,0.11,226
928.02,373405,21222,22,503,24,1.26,1,4.55,3439,6.88,40,0.09,226
929.45,373908,21234,22,503,12,1.43,1,4.55,3439,6.88,155,0.45,226
930.7,374412,21266,22,504,32,1.24,1,4.55,3439,6.88,145,0.33,227
932.02,374914,21286,22,502,20,1.32,1,4.55,3439,6.88,110,0.31,228
933.35,375415,21314,22,501,28,1.33,1,4.55,3439,6.88,40,0.11,228
934.69,375919,21334,22,504,20,1.35,1,4.55,3439,6.88,60,0.19,228
936.22,376420,21358,22,501,24,1.53,1,4.55,3439,6.88,5,0.01,229
937.45,376921,21378,22,501,20,1.23,1,4.55,3439,6.88,10,0.03,229
938.77,377422,21382,22,501,4,1.32,1,4.55,3439,6.88,155,0.43,229
939.95,377923,21386,22,501,4,1.19,1,4.55,3439,6.88,455,1.09,229
941.24,378426,21418,22,503,32,1.29,1,4.55,3439,6.88,50,0.13,230
942.92,378929,21434,22,503,16,1.68,1,4.55,3439,6.88,225,0.73,231
944.3,379432,21478,22,503,44,1.37,1,4.55,3439,6.88,80,0.22,231
945.49,379936,21490,22,504,12,1.19,1,4.55,3439,6.88,15,0.03,231
946.93,380439,21498,22,503,8,1.43,1,4.55,3439,6.88,105,0.29,231
948.19,380942,21534,22,503,36,1.27,1,4.55,3439,6.88,70,0.18,232
949.48,381444,21562,22,502,28,1.29,1,4.55,3439,6.88,65,0.15,232
950.82,381945,21598,22,501,36,1.34,1,4.55,3439,6.88,15,0.04,234
952.34,382445,21634,22,500,36,1.52,1,4.55,3439,6.88,90,0.27,235
953.63,382949,21650,22,504,16,1.28,1,4.55,3439,6.88,65,0.17,235
955.04,383452,21682,22,503,32,1.41,1,4.55,3439,6.88,100,0.21,235
956.38,383954,21710,22,502,28,1.34,1,4.55,3439,6.88,20,0.07,237
957.8,384457,21750,22,503,40,1.42,1,4.55,3439,6.88,165,0.45,241
959.13,384958,21754,22,501,4,1.34,1,4.55,3439,6.88,350,0.9,241
960.46,385458,21782,22,500,28,1.33,1,4.55,3439,6.88,125,0.4,242
961.85,385959,21794,22,501,12,1.39,1,4.55,3439,6.88,280,0.74,242
963.31,386463,21822,22,504,28,1.45,1,4.55,3439,6.88,60,0.13,244
964.85,386967,21870,22,504,48,1.54,1,4.55,3439,6.88,55,0.13,246
966.17,387469,21878,22,502,8,1.32,1,4.55,3439,6.88,450,1.17,246
967.6,387973,21890,22,504,12,1.43,1,4.55,3439,6.88,95,0.29,246
968.97,388473,21898,22,500,8,1.37,1,4.55,3439,6.88,105,0.24,246
970.49,388977,21922,22,504,24,1.52,1,4.55,3439,6.88,35,0.09,246
971.99,389477,21950,22,500,28,1.5,1,4.55,3439,6.88,5,0.01,248
973.15,389979,21974,22,502,24,1.16,1,4.55,3439,6.88,55,0.13,248
974.5,390481,22014,22,502,40,1.35,1,4.55,3439,6.88,5,0.02,248
975.72,390982,22042,22,501,28,1.22,1,4.55,3439,6.88,60,0.16,249
976.99,391485,22050,22,503,8,1.27,1,4.55,3439,6.88,70,0.18,250
978.51,391988,22062,22,503,12,1.51,1,4.55,3439,6.88,40,0.12,250
979.85,392489,22078,22,501,16,1.35,1,4.55,3439,6.88,195,0.47,251
981.28,392992,22106,22,503,28,1.42,1,4.55,3439,6.88,45,0.13,251
982.83,393495,22118,22,503,12,1.55,1,4.55,3439,6.88,95,0.3,252
984.27,393996,22138,22,501,20,1.44,1,4.55,3439,6.88,250,0.69,252
985.59,394496,22166,22,500,28,1.32,1,4.55,3439,6.88,50,0.11,253
986.9,394997,22198,22,501,32,1.31,1,4.55,3439,6.88,10,0.03,254
988.34,395497,22218,22,500,20,1.45,1,4.55,3439,6.88,35,0.08,254
989.66,395997,22234,22,500,16,1.32,1,4.55,3439,6.88,215,0.57,254
991.02,396497,22262,22,500,28,1.37,1,4.55,3439,6.88,20,0.05,255
992.47,397000,22278,22,503,16,1.45,1,4.55,3439,6.88,35,0.1,257
993.96,397502,22306,22,502,28,1.49,1,4.55,3439,6.88,10,0.02,257
995.34,398003,22326,22,501,20,1.38,1,4.55,3439,6.88,160,0.43,258
996.66,398503,22366,22,500,40,1.32,1,4.55,3439,6.88,135,0.31,259
997.92,399003,22386,22,500,20,1.26,1,4.55,3439,6.88,35,0.1,259
999.24,399507,22418,22,504,32,1.32,1,4.55,3439,6.88,15,0.03,259
1000.63,400009,22446,22,502,28,1.39,1,4.55,3439,6.88,135,0.37,260
1001.95,400511,22470,22,502,24,1.32,1,4.55,3439,6.88,100,0.31,260
1003.44,401015,22506,22,504,36,1.49,1,4.55,3439,6.88,25,0.07,260
1004.76,401518,22530,22,503,24,1.32,1,4.55,3439,6.88,180,0.42,260
1006.19,402020,22558,22,502,28,1.43,1,4.55,3439,6.88,20,0.07,260
1007.55,402521,22598,22,501,40,1.36,1,4.55,3439,6.88,20,0.06,261
1009.03,403024,22606,22,503,8,1.48,1,4.55,3439,6.88,50,0.13,261
1010.34,403527,22638,22,503,32,1.31,1,4.55,3439,6.88,10,0.02,261
1011.85,404029,22654,22,502,16,1.51,1,4.55,3439,6.88,65,0.15,261
1013.18,404529,22674,22,500,20,1.32,1,4.55,3439,6.88,130,0.3,262
1014.55,405033,22682,22,504,8,1.38,1,4.55,3439,6.88,240,0.65,262
1015.79,405535,22690,22,502,8,1.23,1,4.55,3439,6.88,90,0.24,262
1017.24,406037,22722,22,502,32,1.45,1,4.55,3439,6.88,70,0.15,262
1018.59,406541,22754,22,504,32,1.35,1,4.55,3439,6.88,10,0.03,262
1019.83,407043,22774,22,502,20,1.25,1,4.55,3439,6.88,30,0.09,262
1021.18,407545,22782,22,502,8,1.35,1,4.55,3439,6.88,75,0.17,262
1022.72,408045,22802,22,500,20,1.54,1,4.55,3439,6.88,70,0.19,264
1024.02,408545,22814,22,500,12,1.3,1,4.55,3439,6.88,35,0.07,264
1025.27,409048,22826,22,503,12,1.25,1,4.55,3439,6.88,95,0.22,264
1026.81,409550,22858,22,502,32,1.54,1,4.55,3439,6.88,35,0.15,264
1028.09,410052,22894,22,502,36,1.28,1,4.55,3439,6.88,35,0.07,264
1029.37,410552,22914,22,500,20,1.27,1,4.55,3439,6.88,25,0.08,264
1030.7,411055,22934,22,503,20,1.33,1,4.55,3439,6.88,30,0.09,265
1032.13,411556,22958,22,501,24,1.43,1,4.55,3439,6.88,55,0.13,265
1033.47,412056,22974,22,500,16,1.33,1,4.55,3439,6.88,255,0.6,266
1034.65,412558,22982,22,502,8,1.18,1,4.55,3439,6.88,50,0.15,266
1036.03,413062,23014,22,504,32,1.39,1,4.55,3439,6.88,25,0.08,266
1037.48,413564,23050,22,502,36,1.44,1,4.55,3439,6.88,75,0.2,266
1038.77,414068,23062,22,504,12,1.29,1,4.55,3439,6.88,105,0.27,266
1040.16,414570,23078,22,502,16,1.38,1,4.55,3439,6.88,35,0.1,267
1041.41,415070,23106,22,500,28,1.26,1,4.55,3439,6.88,0,0,267
1042.79,415573,23126,22,503,20,1.38,1,4.55,3439,6.88,130,0.4,267
1044.38,416074,23146,22,501,20,1.59,1,4.55,3439,6.88,70,0.18,267
1045.71,416574,23166,22,500,20,1.33,1,4.55,3439,6.88,145,0.38,267
1047.14,417075,23210,22,501,44,1.42,1,4.55,3439,6.88,115,0.32,267
1048.55,417578,23234,22,503,24,1.41,1,4.55,3439,6.88,30,0.08,267
1049.79,418081,23266,22,503,32,1.24,1,4.55,3439,6.88,110,0.23,268
1051.08,418585,23290,22,504,24,1.29,1,4.55,3439,6.88,40,0.12,268
1052.4,419088,23298,22,503,8,1.32,1,4.55,3439,6.88,40,0.1,268
1053.72,419590,23322,22,502,24,1.32,1,4.55,3439,6.88,130,0.35,269
1055.15,420092,23358,22,502,36,1.43,1,4.55,3439,6.88,35,0.11,269
1056.55,420592,23370,22,500,12,1.4,1,4.55,3439,6.88,260,0.75,270
1057.89,421094,23382,22,502,12,1.33,1,4.55,3439,6.88,230,0.56,270
1059.2,421594,23426,22,500,44,1.31,1,4.55,3439,6.88,5,0.01,271
1060.4,422095,23442,22,501,16,1.21,1,4.55,3439,6.88,165,0.38,272
1061.81,422596,23470,22,501,28,1.41,1,4.55,3439,6.88,100,0.27,273
1063.2,423098,23474,22,502,4,1.39,1,4.55,3439,6.88,240,0.68,273
1064.65,423602,23490,22,504,16,1.44,1,4.55,3439,6.88,45,0.13,274
1066.02,424104,23514,22,502,24,1.37,1,4.55,3439,6.88,105,0.29,274
1067.52,424608,23550,22,504,36,1.51,1,4.55,3439,6.88,85,0.22,275
1069.01,425111,23562,22,503,12,1.49,1,4.55,3439,6.88,215,0.64,275
1070.83,425613,23582,22,502,20,1.83,1,4.55,3439,6.88,45,0.65,275
1072.36,426114,23594,22,501,12,1.52,1,4.55,3439,6.88,130,0.33,276
1073.68,426618,23610,22,504,16,1.32,1,4.55,3439,6.88,115,0.29,277
1074.87,427121,23634,22,503,24,1.19,1,4.55,3439,6.88,10,0.03,277
1076.06,427623,23638,22,502,4,1.2,1,4.55,3439,6.88,80,0.23,277
1077.44,428123,23658,22,500,20,1.37,1,4.55,3439,6.88,170,0.51,277
1078.64,428623,23670,22,500,12,1.21,1,4.55,3439,6.88,5,0.01,277
1079.95,429124,23690,22,501,20,1.31,1,4.55,3439,6.88,35,0.1,277
1081.41,429625,23718,22,501,28,1.46,1,4.55,3439,6.88,20,0.05,277
1082.82,430127,23742,22,502,24,1.41,1,4.55,3439,6.88,25,0.07,277
1084.33,430630,23770,22,503,28,1.51,1,4.55,3439,6.88,40,0.12,279
1085.7,431132,23806,22,502,36,1.37,1,4.55,3439,6.88,25,0.07,279
1087.1,431635,23818,22,503,12,1.41,1,4.55,3439,6.88,130,0.34,279
1088.43,432138,23842,22,503,24,1.33,1,4.55,3439,6.88,150,0.38,280
1089.82,432638,23870,22,500,28,1.39,1,4.55,3439,6.88,0,0,280
1091.16,433138,23882,22,500,12,1.34,1,4.55,3439,6.88,195,0.46,280
1092.4,433641,23910,22,503,28,1.24,1,4.55,3439,6.88,60,0.16,280
1093.78,434143,23922,22,502,12,1.38,1,4.55,3439,6.88,60,0.18,280
1095.15,434645,23938,22,502,16,1.37,1,4.55,3439,6.88,25,0.05,281
1096.39,435149,23954,22,504,16,1.24,1,4.55,3439,6.88,45,0.12,281
1097.82,435652,23986,22,503,32,1.43,1,4.55,3439,6.88,125,0.32,282
1099.11,436154,24014,22,502,28,1.3,1,4.55,3439,6.88,95,0.26,284
1100.69,436654,24046,22,500,32,1.57,1,4.55,3439,6.88,20,0.25,284
1102.19,437154,24102,22,500,56,1.5,1,4.55,3439,6.88,50,0.17,286
1103.6,437656,24110,22,502,8,1.41,1,4.55,3439,6.88,120,0.36,286
1104.99,438158,24134,22,502,24,1.39,1,4.55,3439,6.88,80,0.2,286
1106.47,438660,24158,22,502,24,1.49,1,4.55,3439,6.88,15,0.05,288
1107.81,439161,24182,22,501,24,1.34,1,4.55,3439,6.88,105,0.32,288
1109.13,439665,24198,22,504,16,1.32,1,4.55,3439,6.88,135,0.3,288
1110.4,440169,24206,22,504,8,1.26,1,4.55,3439,6.88,55,0.14,288
1111.66,440671,24214,22,502,8,1.27,1,4.55,3439,6.88,310,0.78,288
1112.97,441171,24234,22,500,20,1.31,1,4.55,3439,6.88,95,0.28,288
1114.46,441674,24266,22,503,32,1.49,1,4.55,3439,6.88,10,0.03,289
1115.83,442176,24302,22,502,36,1.37,1,4.55,3439,6.88,60,0.16,289
1117.28,442676,24322,22,500,20,1.45,1,4.55,3439,6.88,115,0.34,289
1118.7,443178,24346,22,502,24,1.42,1,4.55,3439,6.88,110,0.34,289
1120.06,443681,24374,22,503,28,1.36,1,4.55,3439,6.88,60,0.19,289
1121.48,444183,24386,22,502,12,1.42,1,4.55,3439,6.88,10,0.03,289
1122.95,444683,24430,22,500,44,1.46,1,4.55,3439,6.88,10,0.02,289
1124.27,445187,24454,22,504,24,1.32,1,4.55,3439,6.88,20,0.06,290
1125.66,445688,24466,22,501,12,1.39,1,4.55,3439,6.88,65,0.17,290
1126.99,446190,24502,22,502,36,1.33,1,4.55,3439,6.88,45,0.09,290
1128.3,446690,24542,22,500,40,1.31,1,4.55,3439,6.88,10,0.03,290
1129.63,447194,24566,22,504,24,1.33,1,4.55,3439,6.88,5,0.01,290
1131.02,447698,24582,22,504,16,1.39,1,4.55,3439,6.88,50,0.16,292
1132.64,448202,24598,22,504,16,1.62,1,4.55,3439,6.88,145,0.37,293
1133.82,448705,24626,22,503,28,1.19,1,4.55,3439,6.88,70,0.18,293
1135.09,449208,24634,22,503,8,1.26,1,4.55,3439,6.88,20,0.05,293
1136.41,449710,24662,22,502,28,1.33,1,4.55,3439,6.88,25,0.07,293
1138.02,450212,24686,22,502,24,1.6,1,4.55,3439,6.88,65,0.17,294
1139.35,450712,24710,22,500,24,1.33,1,4.55,3439,6.88,125,0.3,294
1140.74,451213,24750,22,501,40,1.39,1,4.55,3439,6.88,30,0.07,295
1141.94,451715,24758,22,502,8,1.2,1,4.55,3439,6.88,155,0.32,295
1143.13,452216,24774,22,501,16,1.19,1,4.55,3439,6.88,120,0.28,296
1144.28,452716,24794,22,500,20,1.15,1,4.55,3439,6.88,155,0.35,297
1145.55,453218,24818,22,502,24,1.27,1,4.55,3439,6.88,85,0.23,297
1146.81,453718,24818,22,500,0,1.25,0,0,3439,6.88,585,1.49,297
1148.17,454218,24858,22,500,40,1.37,1,4.55,3439,6.88,45,0.13,297
1150.01,454718,24874,22,500,16,1.83,1,4.55,3439,6.88,250,1.2,298
1151.43,455219,24902,22,501,28,1.42,1,4.55,3439,6.88,175,0.53,299
1152.72,455719,24930,22,500,28,1.29,1,4.55,3439,6.88,110,0.31,299
1154.18,456221,24942,22,502,12,1.46,1,4.55,3439,6.88,5,0.01,299
1155.46,456722,24962,22,501,20,1.28,1,4.55,3439,6.88,25,0.07,299
1156.78,457226,24982,22,504,20,1.32,1,4.55,3439,6.88,5,0.01,299
1158.21,457727,24998,22,501,16,1.43,1,4.55,3439,6.88,210,0.67,299
1159.61,458227,25022,22,500,24,1.4,1,4.55,3439,6.88,10,0.03,299
1160.78,458727,25038,22,500,16,1.17,1,4.55,3439,6.88,135,0.37,300
1162.23,459228,25082,22,501,44,1.45,1,4.55,3439,6.88,15,0.04,301
1163.65,459729,25114,22,501,32,1.42,1,4.55,3439,6.88,5,0.01,301
1165.28,460229,25142,22,500,28,1.62,1,4.55,3439,6.88,140,0.39,302
1166.56,460733,25154,22,504,12,1.28,1,4.55,3439,6.88,55,0.14,302
1168.17,461237,25190,22,504,36,1.62,1,4.55,3439,6.88,20,0.06,302
1169.52,461740,25202,22,503,12,1.34,1,4.55,3439,6.88,195,0.47,302
1171,462241,25214,22,501,12,1.48,1,4.55,3439,6.88,5,0.02,302
1172.38,462742,25222,22,501,8,1.38,1,4.55,3439,6.88,210,0.55,302
1173.64,463246,25254,22,504,32,1.26,1,4.55,3439,6.88,50,0.13,303
1175.04,463750,25270,22,504,16,1.4,1,4.55,3439,6.88,20,0.06,303
1176.34,464251,25294,22,501,24,1.3,1,4.55,3439,6.88,90,0.21,304
1177.7,464755,25310,22,504,16,1.36,1,4.55,3439,6.88,270,0.73,304
1179.14,465258,25338,22,503,28,1.44,1,4.55,3439,6.88,5,0.01,304
1180.5,465759,25354,22,501,16,1.36,1,4.55,3439,6.88,225,0.62,305
1181.87,466259,25370,22,500,16,1.36,1,4.55,3439,6.88,65,0.17,305
1183.06,466762,25398,22,503,28,1.19,1,4.55,3439,6.88,5,0.01,306
1184.51,467263,25410,22,501,12,1.45,1,4.55,3439,6.88,240,0.65,306
1185.78,467766,25418,22,503,8,1.27,1,4.55,3439,6.88,65,0.14,306
1186.93,468269,25438,22,503,20,1.15,1,4.55,3439,6.88,55,0.12,306
1188.18,468773,25458,22,504,20,1.24,1,4.55,3439,6.88,65,0.16,306
1189.37,469274,25486,22,501,28,1.2,1,4.55,3439,6.88,80,0.2,306
1190.64,469777,25514,22,503,28,1.27,1,4.55,3439,6.88,40,0.11,306
1191.87,470281,25530,22,504,16,1.23,1,4.55,3439,6.88,80,0.19,306
1192.96,470781,25546,22,500,16,1.09,1,4.55,3439,6.88,5,0,306
1194.15,471284,25558,22,503,12,1.18,1,4.55,3439,6.88,25,0.07,306
1195.33,471786,25582,22,502,24,1.18,1,4.55,3439,6.88,75,0.2,307
1196.55,472290,25602,22,504,20,1.22,1,4.55,3439,6.88,85,0.21,307
1197.83,472791,25643,23,501,41,1.27,1,4.35,3439,6.88,45,0.1,308
1199.21,473291,25655,23,500,12,1.38,1,4.35,3439,6.88,100,0.27,308
1200.42,473794,25679,23,503,24,1.21,1,4.35,3439,6.88,95,0.24,309
1201.75,474297,25715,23,503,36,1.33,1,4.35,3439,6.88,5,0.02,310
1203.06,474800,25751,23,503,36,1.31,1,4.35,3439,6.88,80,0.17,312
1204.4,475303,25775,23,503,24,1.33,1,4.35,3439,6.88,135,0.34,312
1205.46,475806,25799,23,503,24,1.06,1,4.35,3439,6.88,40,0.09,312
1206.57,476309,25831,23,503,32,1.12,1,4.35,3439,6.88,75,0.16,312
1207.75,476811,25863,23,502,32,1.17,1,4.35,3439,6.88,15,0.04,312
1208.91,477311,25887,23,500,24,1.16,1,4.35,3439,6.88,40,0.1,312
1210.01,477815,25915,23,504,28,1.1,1,4.35,3439,6.88,75,0.15,312
1211.33,478316,25935,23,501,20,1.32,1,4.35,3439,6.88,35,0.08,312
1212.48,478818,25963,23,502,28,1.15,1,4.35,3439,6.88,80,0.18,312
1213.74,479322,25987,23,504,24,1.26,1,4.35,3439,6.88,145,0.35,312
1214.95,479823,26015,23,501,28,1.21,1,4.35,3439,6.88,75,0.18,312
1216.32,480323,26027,23,500,12,1.37,1,4.35,3439,6.88,10,0.03,312
1217.47,480825,26055,23,502,28,1.16,1,4.35,3439,6.88,50,0.12,312
1218.86,481326,26083,23,501,28,1.39,1,4.35,3439,6.88,85,0.25,312
1220.27,481830,26099,23,504,16,1.41,1,4.35,3439,6.88,75,0.16,312
1221.55,482331,26111,23,501,12,1.28,1,4.35,3439,6.88,180,0.46,312
1223.18,482835,26143,23,504,32,1.63,1,4.35,3439,6.88,25,0.25,312
1224.88,483336,26167,23,501,24,1.71,1,4.35,3439,6.88,5,0.01,312
1226.17,483840,26179,23,504,12,1.29,1,4.35,3439,6.88,150,0.43,312
1227.68,484340,26207,23,500,28,1.51,1,4.35,3439,6.88,50,0.12,312
1229.04,484842,26219,23,502,12,1.36,1,4.35,3439,6.88,15,0.06,312
1230.26,485345,26227,23,503,8,1.23,1,4.35,3439,6.88,115,0.26,312
1231.55,485845,26259,23,500,32,1.29,1,4.35,3439,6.88,25,0.06,312
1232.89,486345,26271,23,500,12,1.34,1,4.35,3439,6.88,110,0.31,312
1234.3,486847,26279,23,502,8,1.41,1,4.35,3439,6.88,335,0.99,312
1235.54,487349,26307,23,502,28,1.25,1,4.35,3439,6.88,75,0.19,313
1236.89,487852,26327,23,503,20,1.34,1,4.35,3439,6.88,95,0.31,314
1238.18,488352,26351,23,500,24,1.29,1,4.35,3439,6.88,10,0.02,315
1239.46,488855,26379,23,503,28,1.29,1,4.35,3439,6.88,145,0.39,315
1240.78,489355,26415,23,500,36,1.31,1,4.35,3439,6.88,5,0.02,315
1242,489857,26431,23,502,16,1.22,1,4.35,3439,6.88,10,0.03,315
1243.29,490358,26435,23,501,4,1.29,1,4.35,3439,6.88,230,0.58,315
1244.53,490860,26471,23,502,36,1.24,1,4.35,3439,6.88,5,0.01,316
1246.2,491363,26495,23,503,24,1.66,1,4.35,3439,6.88,10,0.03,316
1247.53,491863,26515,23,500,20,1.34,1,4.35,3439,6.88,95,0.27,316
1248.82,492364,26567,23,501,52,1.28,1,4.35,3439,6.88,15,0.04,317
1250,492864,26567,23,500,0,1.19,0,0,3439,6.88,515,1.22,317
1251.38,493367,26595,23,503,28,1.38,1,4.35,3439,6.88,20,0.05,317
1252.76,493869,26615,23,502,20,1.38,1,4.35,3439,6.88,90,0.36,317
1254.32,494370,26635,23,501,20,1.56,1,4.35,3439,6.88,110,0.3,317
1.32,503,4619,25,503,4619,1.32,2,8,191,0.56,310,0.76,1
2.48,1004,4623,25,501,4,1.16,1,4,486,1.16,325,0.77,1
3.57,1505,4935,25,501,312,1.08,1,4,816,1.82,10,0.03,1
4.55,2005,4935,25,500,0,0.99,0,0,816,1.82,510,1.02,1
5.69,2507,5216,25,502,281,1.14,3,12,816,1.82,220,0.41,1
6.75,3008,5242,25,501,26,1.06,1,4,816,1.82,450,0.93,1
7.76,3509,5246,25,501,4,1,1,4,866,1.82,85,0.19,1
8.8,4013,5254,26,504,8,1.05,2,7.69,866,1.82,475,0.98,2
9.91,4517,5266,26,504,12,1.1,1,3.85,866,1.82,350,0.75,2
10.93,5020,5278,26,503,12,1.02,1,3.85,866,1.82,5,0.01,3
12.06,5521,5282,26,501,4,1.13,1,3.85,866,1.82,130,0.31,3
13.18,6025,5294,26,504,12,1.12,1,3.85,866,1.82,45,0.1,3
14.23,6528,5298,26,503,4,1.05,1,3.85,866,1.82,325,0.66,3
15.27,7031,5318,26,503,20,1.04,1,3.85,866,1.82,220,0.46,3
16.34,7533,5326,26,502,8,1.07,1,3.85,866,1.82,80,0.18,4
17.5,8037,5342,26,504,16,1.16,1,3.85,866,1.82,45,0.1,5
18.52,8537,5342,26,500,0,1.02,0,0,866,1.82,545,1.12,5
19.57,9040,5354,26,503,12,1.05,1,3.85,866,1.82,265,0.6,5
20.79,9542,6094,28,502,740,1.22,3,10.71,866,1.82,75,0.18,7
21.94,10045,6102,28,503,8,1.15,1,3.57,866,1.82,50,0.12,7
23.16,10549,6118,28,504,16,1.21,1,3.57,866,1.82,70,0.16,7
24.22,11049,6138,28,500,20,1.07,1,3.57,866,1.82,130,0.3,8
25.25,11551,6138,28,502,0,1.03,1,3.57,866,1.82,330,0.66,8
26.2,12052,6138,27,501,0,0.94,1,3.7,866,1.82,480,0.9,8
27.13,12554,6146,27,502,8,0.93,1,3.7,866,1.82,150,0.28,8
28.13,13054,6146,27,500,0,1,0,0,866,1.82,650,1.28,8
29.03,13554,6146,27,500,0,0.9,0,0,866,1.82,1150,2.18,8
30.07,14055,6150,27,501,4,1.04,1,3.7,1551,2.98,100,0.23,8
31.03,14556,6154,27,501,4,0.97,1,3.7,1551,2.98,15,0.04,8
32.13,15058,6201,28,502,47,1.1,2,7.14,1551,2.98,370,0.85,9
33.13,15559,6213,28,501,12,1,1,3.57,1551,2.98,5,0.01,9
34.29,16060,6217,28,501,4,1.15,1,3.57,1551,2.98,190,0.44,9
35.33,16561,6221,28,501,4,1.05,1,3.57,1551,2.98,240,0.49,9
36.35,17063,6225,28,502,4,1.02,1,3.57,1551,2.98,205,0.45,9
37.47,17563,6225,28,500,0,1.12,0,0,1551,2.98,705,1.58,9
38.58,18065,6233,28,502,8,1.1,1,3.57,1551,2.98,20,0.04,9
39.68,18566,6241,28,501,8,1.1,1,3.57,1551,2.98,115,0.25,9
40.81,19069,6245,28,503,4,1.14,1,3.57,1551,2.98,60,0.12,9
41.89,19571,6253,28,502,8,1.07,1,3.57,1551,2.98,45,0.09,9
42.97,20072,6257,28,501,4,1.08,1,3.57,1551,2.98,380,0.81,9
44.14,20574,6265,28,502,8,1.17,1,3.57,1551,2.98,195,0.48,9
45.22,21077,6277,28,503,12,1.08,1,3.57,1551,2.98,125,0.28,9
46.23,21578,6281,28,501,4,1.01,1,3.57,1551,2.98,200,0.43,9
47.33,22078,6281,28,500,0,1.09,0,0,1551,2.98,700,1.52,9
48.45,22580,6289,28,502,8,1.13,1,3.57,1551,2.98,415,0.92,9
49.45,23080,6289,28,500,0,1,0,0,1551,2.98,915,1.91,9
50.53,23584,6293,28,504,4,1.08,1,3.57,1551,2.98,300,0.66,9
51.68,24084,6305,28,500,12,1.16,1,3.57,1551,2.98,55,0.11,9
52.8,24586,6325,28,502,20,1.12,1,3.57,1551,2.98,300,0.7,10
54.07,25086,6341,28,500,16,1.26,1,3.57,1551,2.98,110,0.26,10
55.23,25588,6349,28,502,8,1.16,1,3.57,1551,2.98,25,0.05,10
56.45,26090,6361,28,502,12,1.22,1,3.57,1551,2.98,65,0.16,10
57.6,26593,6365,28,503,4,1.15,1,3.57,1551,2.98,45,0.11,10
58.69,27096,6373,28,503,8,1.09,1,3.57,1551,2.98,25,0.07,10
59.88,27598,6381,28,502,8,1.19,1,3.57,1551,2.98,145,0.37,10
61,28100,6389,28,502,8,1.11,1,3.57,1551,2.98,30,0.07,10
62.1,28602,6409,28,502,20,1.1,1,3.57,1551,2.98,135,0.31,10
63.22,29105,6437,28,503,28,1.12,1,3.57,1551,2.98,165,0.38,10
64.45,29606,6449,28,501,12,1.23,2,7.14,1551,2.98,100,0.24,10
65.6,30107,6469,28,501,20,1.14,1,3.57,1551,2.98,220,0.51,10
66.65,30607,6481,28,500,12,1.05,1,3.57,1551,2.98,70,0.16,10
67.87,31111,6497,28,504,16,1.23,1,3.57,1551,2.98,125,0.29,10
68.95,31611,6513,28,500,16,1.08,1,3.57,1551,2.98,175,0.37,10
70.09,32115,6537,28,504,24,1.14,1,3.57,1551,2.98,45,0.11,10
71.2,32617,6565,28,502,28,1.11,1,3.57,1551,2.98,0,0,10
72.28,33118,6585,28,501,20,1.09,1,3.57,1551,2.98,45,0.13,10
73.4,33619,6589,28,501,4,1.12,1,3.57,1551,2.98,115,0.28,10
74.6,34122,6617,28,503,28,1.2,1,3.57,1551,2.98,55,0.12,11
75.71,34623,6621,28,501,4,1.11,1,3.57,1551,2.98,60,0.13,11
76.79,35125,6637,28,502,16,1.08,1,3.57,1551,2.98,185,0.41,11
77.97,35629,6657,28,504,20,1.18,1,3.57,1551,2.98,75,0.19,11
79.13,36133,6669,28,504,12,1.16,1,3.57,1551,2.98,25,0.08,11
80.55,36635,6693,28,502,24,1.42,1,3.57,1551,2.98,5,0.01,13
81.75,37138,6725,28,503,32,1.2,1,3.57,1551,2.98,15,0.03,13
82.91,37640,6737,28,502,12,1.16,1,3.57,1551,2.98,80,0.21,13
84.24,38141,6753,28,501,16,1.33,1,3.57,1551,2.98,280,0.77,13
85.44,38645,6781,28,504,28,1.2,1,3.57,1551,2.98,35,0.08,13
86.67,39147,6789,28,502,8,1.23,1,3.57,1551,2.98,175,0.45,13
88.04,39651,6813,28,504,24,1.37,2,7.14,1551,2.98,15,0.04,13
89.32,40151,6849,28,500,36,1.29,1,3.57,1551,2.98,0,0,13
90.55,40655,6869,28,504,20,1.23,1,3.57,1551,2.98,235,0.51,14
91.76,41157,6893,28,502,24,1.21,1,3.57,1551,2.98,5,0.02,14
92.96,41661,6913,28,504,20,1.2,1,3.57,1551,2.98,25,0.06,14
94.19,42163,6929,28,502,16,1.23,1,3.57,1551,2.98,105,0.27,14
95.56,42663,6929,28,500,0,1.37,0,0,1551,2.98,605,1.63,14
96.77,43165,6949,28,502,20,1.21,1,3.57,1551,2.98,35,0.08,14
98,43668,6961,28,503,12,1.23,1,3.57,1551,2.98,70,0.16,14
99.27,44169,6977,28,501,16,1.27,1,3.57,1551,2.98,135,0.32,14
100.47,44672,7009,28,503,32,1.2,1,3.57,1551,2.98,30,0.06,14
101.57,45172,7021,28,500,12,1.1,1,3.57,1551,2.98,95,0.19,14
102.72,45676,7049,28,504,28,1.15,1,3.57,1551,2.98,40,0.1,14
103.87,46179,7073,28,503,24,1.16,1,3.57,1551,2.98,35,0.07,14
105.03,46679,7093,28,500,20,1.16,1,3.57,1551,2.98,25,0.07,14
106.44,47179,7093,28,500,0,1.41,0,0,1551,2.98,525,1.48,14
107.84,47680,7117,28,501,24,1.4,1,3.57,1551,2.98,135,0.33,14
108.92,48184,7129,28,504,12,1.07,1,3.57,1551,2.98,40,0.09,14
110.26,48688,7141,28,504,12,1.34,1,3.57,1551,2.98,95,0.25,14
111.52,49192,7173,28,504,32,1.26,1,3.57,1551,2.98,40,0.08,15
112.68,49696,7185,28,504,12,1.16,1,3.57,1551,2.98,10,0.03,15
113.79,50199,7193,28,503,8,1.12,1,3.57,1551,2.98,190,0.38,15
114.97,50700,7213,28,501,20,1.18,1,3.57,1551,2.98,225,0.56,15
116.28,51200,7237,28,500,24,1.32,1,3.57,1551,2.98,165,0.42,15
117.5,51703,7253,28,503,16,1.22,1,3.57,1551,2.98,290,0.66,15
118.77,52203,7269,28,500,16,1.27,1,3.57,1551,2.98,80,0.21,15
120.07,52706,7285,28,503,16,1.3,1,3.57,1551,2.98,110,0.29,15
121.31,53207,7305,28,501,20,1.23,1,3.57,1551,2.98,125,0.38,15
122.47,53709,7345,28,502,40,1.16,1,3.57,1551,2.98,35,0.1,16
123.72,54212,7385,28,503,40,1.25,1,3.57,1551,2.98,20,0.05,16
124.93,54716,7397,28,504,12,1.21,1,3.57,1551,2.98,395,0.96,17
126.03,55220,7417,28,504,20,1.1,1,3.57,1551,2.98,25,0.05,18
127.15,55721,7453,28,501,36,1.12,1,3.57,1551,2.98,20,0.03,19
128.37,56225,7481,28,504,28,1.23,1,3.57,1551,2.98,20,0.05,19
129.66,56727,7509,28,502,28,1.29,1,3.57,1551,2.98,5,0.01,19
130.85,57229,7533,28,502,24,1.19,1,3.57,1551,2.98,45,0.09,20
132.13,57730,7561,28,501,28,1.28,1,3.57,1551,2.98,75,0.19,20
133.33,58231,7585,28,501,24,1.21,1,3.57,1551,2.98,75,0.15,20
134.6,58735,7601,28,504,16,1.26,1,3.57,1551,2.98,130,0.36,20
135.82,59236,7617,28,501,16,1.22,1,3.57,1551,2.98,80,0.2,20
137.05,59740,7641,28,504,24,1.23,1,3.57,1551,2.98,70,0.18,20
138.2,60240,7661,28,500,20,1.15,1,3.57,1551,2.98,0,0,20
139.41,60744,7685,28,504,24,1.21,1,3.57,1551,2.98,70,0.14,21
140.6,61247,7693,28,503,8,1.2,1,3.57,1551,2.98,90,0.24,21
141.87,61751,7705,28,504,12,1.27,1,3.57,1551,2.98,40,0.07,21
143.21,62254,7733,28,503,28,1.34,1,3.57,1551,2.98,285,0.8,21
144.58,62757,7753,28,503,20,1.37,1,3.57,1551,2.98,60,0.16,21
145.75,63259,7773,28,502,20,1.17,1,3.57,1551,2.98,140,0.29,21
146.93,63761,7801,28,502,28,1.18,1,3.57,1551,2.98,15,0.04,21
148.2,64263,7821,28,502,20,1.28,1,3.57,1551,2.98,0,0,22
149.46,64764,7853,28,501,32,1.25,1,3.57,1551,2.98,15,0.03,22
150.66,65265,7877,28,501,24,1.2,1,3.57,1551,2.98,10,0.03,24
151.83,65765,7897,28,500,20,1.18,1,3.57,1551,2.98,10,0.02,24
153.07,66266,7909,28,501,12,1.23,1,3.57,1551,2.98,235,0.54,24
154.37,66770,7933,28,504,24,1.3,1,3.57,1551,2.98,35,0.08,26
155.65,67272,7953,28,502,20,1.28,1,3.57,1551,2.98,40,0.1,26
156.93,67772,7977,28,500,24,1.28,1,3.57,1551,2.98,125,0.36,27
158.28,68276,7993,28,504,16,1.36,1,3.57,1551,2.98,85,0.2,27
159.58,68779,7997,28,503,4,1.3,1,3.57,1551,2.98,320,0.81,27
160.85,69280,8013,28,501,16,1.27,1,3.57,1551,2.98,205,0.48,27
162.17,69784,8033,28,504,20,1.32,1,3.57,1551,2.98,130,0.33,27
163.35,70285,8049,28,501,16,1.18,1,3.57,1551,2.98,320,0.75,27
164.53,70789,8069,28,504,20,1.18,1,3.57,1551,2.98,115,0.23,27
165.72,71292,8093,28,503,24,1.19,1,3.57,1551,2.98,85,0.22,27
166.99,71795,8117,28,503,24,1.27,1,3.57,1551,2.98,25,0.06,27
168.28,72297,8145,28,502,28,1.29,1,3.57,1551,2.98,120,0.35,28
169.56,72799,8165,28,502,20,1.28,1,3.57,1551,2.98,45,0.1,28
170.8,73302,8185,28,503,20,1.25,1,3.57,1551,2.98,275,0.7,28
171.99,73805,8213,28,503,28,1.19,1,3.57,1551,2.98,70,0.14,28
173.18,74308,8221,28,503,8,1.19,1,3.57,1551,2.98,45,0.13,28
174.46,74811,8233,28,503,12,1.28,1,3.57,1551,2.98,150,0.37,28
175.69,75313,8253,28,502,20,1.23,1,3.57,1551,2.98,35,0.08,28
176.86,75816,8265,28,503,12,1.17,1,3.57,1551,2.98,480,1.11,28
178.15,76316,8289,28,500,24,1.29,1,3.57,1551,2.98,40,0.09,28
179.26,76816,8325,28,500,36,1.11,1,3.57,1551,2.98,50,0.12,30
180.45,77320,8345,28,504,20,1.19,1,3.57,1551,2.98,65,0.17,30
181.6,77820,8369,28,500,24,1.15,1,3.57,1551,2.98,30,0.08,30
182.83,78320,8393,28,500,24,1.23,1,3.57,1551,2.98,70,0.17,30
184.09,78824,8421,28,504,28,1.26,1,3.57,1551,2.98,120,0.31,30
185.24,79327,8441,28,503,20,1.15,1,3.57,1551,2.98,135,0.29,31
186.46,79827,8469,28,500,28,1.22,1,3.57,1551,2.98,75,0.19,31
187.64,80330,8489,28,503,20,1.17,1,3.57,1551,2.98,20,0.05,31
188.91,80831,8521,28,501,32,1.27,1,3.57,1551,2.98,20,0.04,31
190.05,81335,8537,28,504,16,1.14,1,3.57,1551,2.98,125,0.3,31
191.15,81839,8553,28,504,16,1.1,1,3.57,1551,2.98,300,0.65,31
192.3,82341,8589,28,502,36,1.15,1,3.57,1551,2.98,35,0.08,31
193.46,82845,8605,28,504,16,1.16,1,3.57,1551,2.98,90,0.2,31
194.66,83346,8625,28,501,20,1.2,1,3.57,1551,2.98,15,0.05,31
195.86,83848,8649,28,502,24,1.2,1,3.57,1551,2.98,125,0.31,31
197.02,84348,8665,28,500,16,1.16,1,3.57,1551,2.98,5,0.01,31
198.08,84851,8673,28,503,8,1.06,1,3.57,1551,2.98,240,0.5,31
199.13,85354,8697,28,503,24,1.04,1,3.57,1551,2.98,15,0.03,31
200.34,85855,8713,28,501,16,1.21,1,3.57,1551,2.98,140,0.31,31
201.49,86355,8737,28,500,24,1.15,1,3.57,1551,2.98,35,0.08,31
202.7,86858,8753,28,503,16,1.22,1,3.57,1551,2.98,110,0.31,32
203.92,87360,8773,28,502,20,1.22,1,3.57,1551,2.98,60,0.16,32
205.15,87860,8817,28,500,44,1.23,1,3.57,1551,2.98,130,0.29,32
206.42,88364,8857,28,504,40,1.27,1,3.57,1551,2.98,110,0.28,32
207.66,88866,8877,28,502,20,1.24,1,3.57,1551,2.98,45,0.1,33
208.78,89370,8901,28,504,24,1.12,1,3.57,1551,2.98,5,0,33
209.88,89870,8921,28,500,20,1.1,1,3.57,1551,2.98,120,0.25,34
211.15,90372,8937,28,502,16,1.27,1,3.57,1551,2.98,135,0.33,34
212.33,90874,8953,28,502,16,1.18,1,3.57,1551,2.98,110,0.23,34
213.53,91374,8965,28,500,12,1.21,1,3.57,1551,2.98,50,0.13,34
214.76,91874,8965,28,500,0,1.23,0,0,1551,2.98,550,1.36,34
215.88,92377,8989,28,503,24,1.12,1,3.57,1551,2.98,55,0.11,36
217.06,92881,9001,28,504,12,1.18,1,3.57,1551,2.98,10,0.02,37
218.28,93384,9013,28,503,12,1.22,1,3.57,1551,2.98,115,0.27,37
219.56,93885,9025,28,501,12,1.28,1,3.57,1551,2.98,80,0.19,37
220.72,94386,9045,28,501,20,1.16,1,3.57,1551,2.98,125,0.31,38
221.98,94890,9073,28,504,28,1.26,1,3.57,1551,2.98,110,0.28,38
223.33,95394,9101,28,504,28,1.35,1,3.57,1551,2.98,105,0.28,39
224.58,95896,9137,28,502,36,1.25,1,3.57,1551,2.98,5,0.01,39
225.73,96400,9165,28,504,28,1.14,1,3.57,1551,2.98,35,0.07,39
226.87,96901,9185,28,501,20,1.14,1,3.57,1551,2.98,105,0.22,39
227.97,97404,9193,28,503,8,1.11,1,3.57,1551,2.98,355,0.76,39
229.08,97907,9217,28,503,24,1.11,1,3.57,1551,2.98,40,0.1,40
230.46,98408,9253,28,501,36,1.38,1,3.57,1551,2.98,95,0.23,40
231.66,98911,9273,28,503,20,1.2,1,3.57,1551,2.98,15,0.03,40
232.81,99414,9293,28,503,20,1.16,1,3.57,1551,2.98,220,0.51,40
233.99,99916,9321,28,502,28,1.18,1,3.57,1551,2.98,15,0.03,40
235.21,100418,9345,28,502,24,1.22,1,3.57,1551,2.98,150,0.39,40
236.41,100919,9369,28,501,24,1.2,1,3.57,1551,2.98,105,0.22,40
237.65,101422,9377,28,503,8,1.24,1,3.57,1551,2.98,100,0.25,40
238.8,101923,9425,28,501,48,1.15,1,3.57,1551,2.98,5,0.02,40
239.92,102424,9449,28,501,24,1.12,1,3.57,1551,2.98,5,0.01,41
241.08,102925,9478,28,501,29,1.17,2,7.14,1551,2.98,65,0.17,42
242.34,103429,9502,28,504,24,1.26,1,3.57,1551,2.98,290,0.68,42
243.44,103933,9538,28,504,36,1.1,1,3.57,1551,2.98,10,0.02,44
244.6,104436,9554,28,503,16,1.15,1,3.57,1551,2.98,65,0.15,44
245.81,104936,9578,28,500,24,1.21,1,3.57,1551,2.98,110,0.28,44
246.96,105438,9594,28,502,16,1.15,1,3.57,1551,2.98,135,0.29,44
248.16,105942,9606,28,504,12,1.21,1,3.57,1551,2.98,40,0.12,44
249.45,106442,9626,28,500,20,1.28,1,3.57,1551,2.98,70,0.18,44
250.69,106942,9646,28,500,20,1.24,1,3.57,1551,2.98,10,0.03,44
251.89,107444,9678,28,502,32,1.2,1,3.57,1551,2.98,75,0.17,44
253.2,107944,9690,28,500,12,1.31,1,3.57,1551,2.98,135,0.27,44
254.38,108444,9710,28,500,20,1.18,1,3.57,1551,2.98,235,0.59,44
255.6,108945,9742,28,501,32,1.22,1,3.57,1551,2.98,25,0.06,44
256.82,109447,9758,28,502,16,1.23,1,3.57,1551,2.98,45,0.09,44
258.11,109949,9782,28,502,24,1.28,1,3.57,1551,2.98,30,0.08,44
259.31,110452,9814,28,503,32,1.2,1,3.57,1551,2.98,55,0.11,45
260.47,110954,9822,28,502,8,1.16,1,3.57,1551,2.98,285,0.71,45
261.58,111454,9842,28,500,20,1.11,1,3.57,1551,2.98,320,0.71,47
262.83,111955,9882,28,501,40,1.25,1,3.57,1551,2.98,5,0.01,47
263.98,112459,9894,28,504,12,1.16,1,3.57,1551,2.98,95,0.23,47
265.24,112963,9918,28,504,24,1.26,1,3.57,1551,2.98,10,0.03,47
266.5,113466,9926,28,503,8,1.25,1,3.57,1551,2.98,10,0.03,47
267.85,113966,9942,28,500,16,1.35,1,3.57,1551,2.98,70,0.18,47
269.1,114468,9966,28,502,24,1.25,1,3.57,1551,2.98,25,0.07,47
270.28,114972,10002,28,504,36,1.19,1,3.57,1551,2.98,45,0.08,48
271.47,115473,10030,28,501,28,1.18,1,3.57,1551,2.98,30,0.07,49
272.67,115974,10066,28,501,36,1.2,1,3.57,1551,2.98,5,0.01,49
273.89,116477,10078,28,503,12,1.22,1,3.57,1551,2.98,120,0.32,49
275.24,116978,10094,28,501,16,1.35,1,3.57,1551,2.98,100,0.27,49
276.51,117478,10122,28,500,28,1.27,1,3.57,1551,2.98,70,0.16,49
277.59,117978,10138,28,500,16,1.08,1,3.57,1551,2.98,60,0.13,50
278.84,118478,10154,28,500,16,1.25,1,3.57,1551,2.98,25,0.06,50
280.07,118980,10182,28,502,28,1.23,1,3.57,1551,2.98,65,0.14,50
281.29,119482,10194,28,502,12,1.22,1,3.57,1551,2.98,5,0.01,50
282.48,119986,10214,28,504,20,1.19,1,3.57,1551,2.98,135,0.33,51
283.74,120490,10242,28,504,28,1.26,1,3.57,1551,2.98,5,0.01,52
284.91,120990,10254,28,500,12,1.17,1,3.57,1551,2.98,5,0.01,52
286.27,121490,10274,28,500,20,1.35,1,3.57,1551,2.98,15,0.05,52
287.59,121990,10302,28,500,28,1.33,1,3.57,1551,2.98,25,0.08,53
288.73,122490,10322,28,500,20,1.13,1,3.57,1551,2.98,255,0.55,53
289.87,122993,10358,28,503,36,1.15,1,3.57,1551,2.98,15,0.04,55
291.02,123497,10382,28,504,24,1.15,1,3.57,1551,2.98,5,0.01,56
292.27,123998,10402,28,501,20,1.25,1,3.57,1551,2.98,45,0.11,57
293.43,124500,10422,28,502,20,1.16,1,3.57,1551,2.98,155,0.36,57
294.55,125001,10446,28,501,24,1.12,1,3.57,1551,2.98,85,0.21,57
295.9,125505,10474,28,504,28,1.35,1,3.57,1551,2.98,220,0.57,57
297.1,126008,10510,28,503,36,1.19,1,3.57,1551,2.98,35,0.07,57
298.38,126510,10514,28,502,4,1.29,1,3.57,1551,2.98,35,0.09,57
299.61,127012,10530,28,502,16,1.23,1,3.57,1551,2.98,0,0,57
300.89,127515,10542,28,503,12,1.28,1,3.57,1551,2.98,70,0.18,57
302.16,128019,10562,28,504,20,1.26,1,3.57,1551,2.98,20,0.06,57
303.39,128523,10598,28,504,36,1.24,1,3.57,1551,2.98,125,0.29,59
304.61,129025,10622,28,502,24,1.22,1,3.57,1551,2.98,5,0.01,59
305.7,129527,10630,28,502,8,1.09,1,3.57,1551,2.98,315,0.69,59
306.87,130029,10662,28,502,32,1.17,1,3.57,1551,2.98,160,0.39,59
308.09,130531,10678,28,502,16,1.22,1,3.57,1551,2.98,55,0.12,59
309.35,131034,10698,28,503,20,1.25,2,7.14,1551,2.98,5,0.01,59
310.57,131534,10718,28,500,20,1.22,1,3.57,1551,2.98,105,0.26,59
311.74,132034,10750,28,500,32,1.17,1,3.57,1551,2.98,35,0.07,60
312.99,132536,10770,28,502,20,1.25,1,3.57,1551,2.98,85,0.2,60
314.22,133036,10802,28,500,32,1.23,1,3.57,1551,2.98,95,0.26,60
315.39,133537,10810,28,501,8,1.18,1,3.57,1551,2.98,335,0.78,60
316.69,134038,10830,28,501,20,1.29,1,3.57,1551,2.98,15,0.04,61
318.04,134539,10846,28,501,16,1.35,1,3.57,1551,2.98,20,0.06,61
319.21,135039,10862,28,500,16,1.17,1,3.57,1551,2.98,50,0.13,61
320.4,135539,10874,28,500,12,1.19,1,3.57,1551,2.98,155,0.41,61
321.57,136040,10906,28,501,32,1.17,1,3.57,1551,2.98,20,0.05,61
322.78,136542,10930,28,502,24,1.21,1,3.57,1551,2.98,15,0.04,61
323.97,137042,10966,28,500,36,1.19,1,3.57,1551,2.98,95,0.19,61
325.17,137544,10974,28,502,8,1.2,1,3.57,1551,2.98,205,0.52,61
326.4,138045,10998,28,501,24,1.23,1,3.57,1551,2.98,60,0.15,62
327.64,138545,11030,28,500,32,1.23,1,3.57,1551,2.98,25,0.05,62
328.93,139046,11046,28,501,16,1.29,1,3.57,1551,2.98,85,0.22,62
330.18,139547,11058,28,501,12,1.25,1,3.57,1551,2.98,320,0.78,62
331.43,140049,11078,28,502,20,1.25,1,3.57,1551,2.98,0,0,63
332.66,140553,11086,28,504,8,1.24,1,3.57,1551,2.98,195,0.47,63
333.99,141057,11102,28,504,16,1.33,1,3.57,1551,2.98,55,0.15,63
335.2,141558,11118,28,501,16,1.2,1,3.57,1551,2.98,80,0.19,63
336.55,142062,11134,28,504,16,1.36,1,3.57,1551,2.98,5,0.01,64
337.79,142564,11154,28,502,20,1.24,1,3.57,1551,2.98,85,0.18,66
338.97,143065,11174,28,501,20,1.18,1,3.57,1551,2.98,55,0.14,66
340.26,143569,11198,28,504,24,1.3,1,3.57,1551,2.98,55,0.12,66
341.42,144069,11206,28,500,8,1.15,1,3.57,1551,2.98,25,0.06,66
342.65,144573,11234,28,504,28,1.23,1,3.57,1551,2.98,50,0.13,67
344.03,145073,11278,28,500,44,1.38,1,3.57,1551,2.98,30,0.08,67
345.35,145573,11314,28,500,36,1.32,1,3.57,1551,2.98,10,0.03,68
346.67,146077,11346,28,504,32,1.32,1,3.57,1551,2.98,70,0.21,69
347.92,146580,11382,28,503,36,1.25,1,3.57,1551,2.98,140,0.34,69
349.14,147080,11402,28,500,20,1.22,1,3.57,1551,2.98,40,0.09,69
350.41,147584,11418,28,504,16,1.27,1,3.57,1551,2.98,120,0.28,69
351.71,148086,11426,28,502,8,1.3,1,3.57,1551,2.98,35,0.09,69
353.03,148589,11446,28,503,20,1.32,1,3.57,1551,2.98,150,0.36,70
354.22,149089,11466,28,500,20,1.19,1,3.57,1551,2.98,25,0.05,70
355.37,149591,11470,28,502,4,1.14,1,3.57,1551,2.98,355,0.85,70
356.64,150094,11482,28,503,12,1.28,1,3.57,1551,2.98,95,0.24,71
357.95,150597,11526,28,503,44,1.31,1,3.57,1551,2.98,55,0.14,71
359.15,151098,11546,28,501,20,1.2,1,3.57,1551,2.98,370,0.86,71
360.41,151602,11578,28,504,32,1.25,1,3.57,1551,2.98,35,0.1,71
361.63,152102,11602,28,500,24,1.23,1,3.57,1551,2.98,70,0.2,71
362.96,152603,11626,28,501,24,1.32,1,3.57,1551,2.98,25,0.07,71
364.12,153105,11654,28,502,28,1.17,1,3.57,1551,2.98,95,0.24,71
365.41,153605,11674,28,500,20,1.28,1,3.57,1551,2.98,115,0.33,71
366.69,154109,11694,28,504,20,1.28,1,3.57,1551,2.98,95,0.22,71
368.05,154610,11718,28,501,24,1.37,1,3.57,1551,2.98,125,0.35,71
369.35,155111,11746,28,501,28,1.3,1,3.57,1551,2.98,265,0.67,73
370.65,155613,11762,28,502,16,1.3,1,3.57,1551,2.98,65,0.16,73
371.92,156117,11778,28,504,16,1.27,1,3.57,1551,2.98,360,0.9,73
373.14,156617,11810,28,500,32,1.22,1,3.57,1551,2.98,120,0.26,74
374.4,157117,11834,28,500,24,1.26,1,3.57,1551,2.98,65,0.16,74
375.64,157620,11842,28,503,8,1.24,1,3.57,1551,2.98,70,0.18,74
376.78,158121,11858,28,501,16,1.14,1,3.57,1551,2.98,330,0.76,75
378.04,158622,11882,28,501,24,1.26,1,3.57,1551,2.98,5,0.02,76
379.29,159124,11922,28,502,40,1.25,1,3.57,1551,2.98,5,0.02,77
380.45,159624,11942,28,500,20,1.16,1,3.57,1551,2.98,85,0.21,78
381.68,160124,11970,28,500,28,1.24,1,3.57,1551,2.98,85,0.2,79
383.03,160626,11994,28,502,24,1.35,1,3.57,1551,2.98,25,0.09,80
384.36,161128,12058,28,502,64,1.33,1,3.57,1551,2.98,20,0.04,80
385.67,161632,12102,28,504,44,1.3,2,7.14,1551,2.98,25,0.06,80
386.89,162134,12126,28,502,24,1.22,1,3.57,1551,2.98,130,0.3,80
388.18,162635,12150,28,501,24,1.29,1,3.57,1551,2.98,20,0.04,80
389.34,163136,12166,28,501,16,1.16,1,3.57,1551,2.98,30,0.07,80
390.6,163639,12186,28,503,20,1.26,1,3.57,1551,2.98,125,0.35,80
391.8,164141,12218,28,502,32,1.19,1,3.57,1551,2.98,55,0.14,80
393.04,164642,12222,28,501,4,1.24,1,3.57,1551,2.98,400,1,81
394.37,165143,12250,28,501,28,1.33,1,3.57,1551,2.98,30,0.09,82
395.83,165644,12286,28,501,36,1.46,1,3.57,1551,2.98,80,0.2,82
397.08,166144,12302,28,500,16,1.25,1,3.57,1551,2.98,105,0.28,83
398.37,166645,12322,28,501,20,1.28,1,3.57,1551,2.98,75,0.19,83
399.75,167148,12346,28,503,24,1.39,1,3.57,1551,2.98,20,0.05,85
401.12,167652,12366,28,504,20,1.37,1,3.57,1551,2.98,120,0.33,85
402.38,168155,12386,28,503,20,1.26,1,3.57,1551,2.98,15,0.03,85
403.71,168657,12418,28,502,32,1.33,1,3.57,1551,2.98,165,0.41,86
404.89,169159,12434,28,502,16,1.18,1,3.57,1551,2.98,110,0.24,87
405.97,169660,12438,28,501,4,1.08,1,3.57,1551,2.98,375,0.81,88
407.17,170161,12458,28,501,20,1.2,1,3.57,1551,2.98,170,0.38,88
408.44,170665,12486,28,504,28,1.27,1,3.57,1551,2.98,115,0.29,88
409.89,171165,12502,28,500,16,1.45,1,3.57,1551,2.98,95,0.26,88
411.22,171668,12534,28,503,32,1.33,1,3.57,1551,2.98,155,0.43,88
412.43,172170,12562,28,502,28,1.22,1,3.57,1551,2.98,15,0.04,88
413.7,172671,12574,28,501,12,1.27,1,3.57,1551,2.98,195,0.45,88
414.95,173172,12610,28,501,36,1.24,1,3.57,1551,2.98,195,0.54,89
416.2,173672,12622,28,500,12,1.25,1,3.57,1551,2.98,115,0.28,89
417.37,174174,12638,28,502,16,1.16,1,3.57,1551,2.98,115,0.24,90
418.67,174675,12654,28,501,16,1.3,1,3.57,1551,2.98,285,0.71,90
419.92,175176,12662,28,501,8,1.26,1,3.57,1551,2.98,185,0.48,91
421.15,175679,12678,28,503,16,1.23,1,3.57,1551,2.98,30,0.08,91
422.42,176179,12702,28,500,24,1.27,1,3.57,1551,2.98,20,0.05,92
423.79,176682,12734,28,503,32,1.37,1,3.57,1551,2.98,5,0.01,92
425.12,177183,12750,28,501,16,1.33,1,3.57,1551,2.98,85,0.25,92
426.33,177684,12786,28,501,36,1.21,1,3.57,1551,2.98,80,0.19,92
427.61,178184,12814,28,500,28,1.28,1,3.57,1551,2.98,125,0.33,92
429,178684,12830,28,500,16,1.39,1,3.57,1551,2.98,30,0.08,92
430.25,179187,12842,28,503,12,1.25,1,3.57,1551,2.98,110,0.26,92
431.42,179688,12866,28,501,24,1.18,1,3.57,1551,2.98,280,0.65,92
432.64,180192,12882,28,504,16,1.22,1,3.57,1551,2.98,50,0.12,92
433.88,180693,12902,28,501,20,1.24,1,3.57,1551,2.98,75,0.17,92
435.06,181196,12930,28,503,28,1.18,1,3.57,1551,2.98,215,0.48,92
436.33,181696,12966,28,500,36,1.28,1,3.57,1551,2.98,55,0.14,92
437.57,182198,12986,28,502,20,1.23,1,3.57,1551,2.98,140,0.36,93
438.73,182701,13014,28,503,28,1.16,1,3.57,1551,2.98,25,0.06,94
439.92,183201,13034,28,500,20,1.18,1,3.57,1551,2.98,70,0.15,94
441.14,183703,13050,28,502,16,1.22,1,3.57,1551,2.98,215,0.52,94
442.38,184204,13070,28,501,20,1.24,1,3.57,1551,2.98,195,0.5,95
443.79,184707,13078,28,503,8,1.41,1,3.57,1551,2.98,30,0.09,96
445.14,185208,13098,28,501,20,1.35,1,3.57,1551,2.98,120,0.27,96
446.33,185708,13134,28,500,36,1.19,1,3.57,1551,2.98,40,0.11,97
447.64,186209,13174,28,501,40,1.31,1,3.57,1551,2.98,205,0.51,98
448.92,186713,13206,28,504,32,1.28,1,3.57,1551,2.98,125,0.32,98
450.21,187217,13218,28,504,12,1.28,1,3.57,1551,2.98,30,0.08,98
451.45,187721,13238,28,504,20,1.25,1,3.57,1551,2.98,5,0.01,98
452.71,188221,13262,28,500,24,1.26,1,3.57,1551,2.98,115,0.27,98
454.13,188724,13286,28,503,24,1.42,1,3.57,1551,2.98,35,0.11,99
455.47,189226,13322,28,502,36,1.34,1,3.57,1551,2.98,35,0.09,100
456.89,189726,13338,28,500,16,1.42,1,3.57,1551,2.98,160,0.45,100
458.29,190227,13350,28,501,12,1.4,1,3.57,1551,2.98,90,0.24,100
459.61,190727,13362,28,500,12,1.32,1,3.57,1551,2.98,20,0.05,101
460.87,191227,13386,28,500,24,1.26,1,3.57,1551,2.98,150,0.37,102
462.14,191728,13402,28,501,16,1.27,1,3.57,1551,2.98,180,0.44,102
463.44,192230,13418,28,502,16,1.3,1,3.57,1551,2.98,85,0.23,103
464.65,192730,13430,28,500,12,1.21,1,3.57,1551,2.98,185,0.42,104
465.82,193231,13462,28,501,32,1.17,1,3.57,1551,2.98,75,0.15,104
467.03,193734,13482,28,503,20,1.22,1,3.57,1551,2.98,80,0.15,104
468.15,194235,13506,28,501,24,1.12,1,3.57,1551,2.98,160,0.43,104
469.37,194737,13526,28,502,20,1.22,1,3.57,1551,2.98,110,0.28,104
470.63,195237,13554,28,500,28,1.26,1,3.57,1551,2.98,15,0.04,104
471.92,195737,13570,28,500,16,1.29,1,3.57,1551,2.98,45,0.11,105
473.14,196239,13590,28,502,20,1.22,1,3.57,1551,2.98,25,0.06,105
474.34,196739,13618,28,500,28,1.2,1,3.57,1551,2.98,40,0.1,105
475.64,197241,13642,28,502,24,1.31,1,3.57,1551,2.98,15,0.04,106
476.83,197744,13658,28,503,16,1.18,1,3.57,1551,2.98,85,0.21,106
478,198248,13666,28,504,8,1.17,1,3.57,1551,2.98,100,0.19,106
479.31,198749,13682,28,501,16,1.31,1,3.57,1551,2.98,10,0.03,106
480.52,199252,13690,28,503,8,1.21,1,3.57,1551,2.98,125,0.29,106
481.63,199754,13722,28,502,32,1.12,1,3.57,1551,2.98,10,0.02,106
482.91,200255,13746,28,501,24,1.27,1,3.57,1551,2.98,115,0.31,106
484.1,200757,13766,28,502,20,1.2,1,3.57,1551,2.98,55,0.13,106
485.21,201258,13790,28,501,24,1.11,1,3.57,1551,2.98,200,0.41,108
486.29,201758,13806,28,500,16,1.08,1,3.57,1551,2.98,60,0.14,108
487.43,202258,13822,28,500,16,1.14,1,3.57,1551,2.98,250,0.57,108
488.74,202758,13846,28,500,24,1.3,1,3.57,1551,2.98,35,0.1,108
490.12,203260,13854,28,502,8,1.39,1,3.57,1551,2.98,35,0.1,108
491.45,203762,13874,28,502,20,1.32,1,3.57,1551,2.98,20,0.06,108
492.67,204264,13882,28,502,8,1.23,1,3.57,1551,2.98,200,0.49,108
493.86,204764,13902,28,500,20,1.19,1,3.57,1551,2.98,10,0.03,108
495.15,205266,13918,28,502,16,1.28,1,3.57,1551,2.98,95,0.23,108
496.29,205767,13942,28,501,24,1.14,1,3.57,1551,2.98,45,0.12,108
497.6,206269,13986,28,502,44,1.3,1,3.57,1551,2.98,50,0.11,109
498.8,206770,14022,28,501,36,1.2,1,3.57,1551,2.98,25,0.07,109
500.07,207272,14034,28,502,12,1.27,1,3.57,1551,2.98,80,0.19,109
501.28,207775,14054,28,503,20,1.21,1,3.57,1551,2.98,5,0.01,110
502.51,208275,14070,28,500,16,1.24,1,3.57,1551,2.98,40,0.09,111
503.91,208776,14090,28,501,20,1.4,1,3.57,1551,2.98,205,0.52,111
505.17,209280,14106,28,504,16,1.26,1,3.57,1551,2.98,120,0.31,112
506.39,209780,14130,28,500,24,1.23,1,3.57,1551,2.98,20,0.04,112
507.67,210280,14146,28,500,16,1.28,1,3.57,1551,2.98,80,0.2,112
508.9,210783,14186,28,503,40,1.23,1,3.57,1551,2.98,5,0.01,112
510.19,211283,14198,28,500,12,1.29,1,3.57,1551,2.98,185,0.45,112
511.27,211784,14206,28,501,8,1.07,1,3.57,1551,2.98,340,0.73,112
512.41,212286,14250,28,502,44,1.14,1,3.57,1551,2.98,130,0.26,112
513.44,212786,14266,28,500,16,1.03,1,3.57,1551,2.98,0,0,112
514.73,213287,14282,28,501,16,1.29,1,3.57,1551,2.98,10,0.03,112
515.94,213787,14306,28,500,24,1.21,1,3.57,1551,2.98,195,0.45,112
517.18,214291,14346,28,504,40,1.24,1,3.57,1551,2.98,70,0.21,113
518.4,214792,14370,28,501,24,1.22,1,3.57,1551,2.98,40,0.11,114
519.74,215296,14394,28,504,24,1.34,1,3.57,1551,2.98,270,0.79,114
521.01,215798,14402,28,502,8,1.27,1,3.57,1551,2.98,85,0.22,114
522.35,216301,14414,28,503,12,1.34,1,3.57,1551,2.98,240,0.68,114
523.67,216805,14430,28,504,16,1.32,1,3.57,1551,2.98,60,0.17,114
525.04,217305,14454,28,500,24,1.36,1,3.57,1551,2.98,95,0.22,115
526.35,217805,14486,28,500,32,1.32,1,3.57,1551,2.98,5,0.01,115
527.68,218309,14494,28,504,8,1.32,1,3.57,1551,2.98,170,0.48,116
528.98,218813,14518,28,504,24,1.3,1,3.57,1551,2.98,70,0.19,116
530.27,219314,14546,28,501,28,1.29,1,3.57,1551,2.98,105,0.24,116
531.39,219814,14562,28,500,16,1.12,1,3.57,1551,2.98,55,0.12,116
532.61,220317,14590,28,503,28,1.22,1,3.57,1551,2.98,0,0,116
533.88,220821,14602,28,504,12,1.27,1,3.57,1551,2.98,325,0.83,116
535.14,221324,14614,28,503,12,1.26,1,3.57,1551,2.98,40,0.08,116
536.58,221826,14650,28,502,36,1.44,1,3.57,1551,2.98,175,0.44,119
537.7,222327,14686,28,501,36,1.11,1,3.57,1551,2.98,15,0.04,120
538.82,222829,14722,28,502,36,1.12,1,3.57,1551,2.98,55,0.13,121
539.98,223332,14746,28,503,24,1.17,1,3.57,1551,2.98,60,0.14,121
541.24,223833,14782,28,501,36,1.26,1,3.57,1551,2.98,105,0.23,121
542.36,224335,14790,28,502,8,1.12,1,3.57,1551,2.98,405,0.92,121
543.54,224837,14810,28,502,20,1.17,1,3.57,1551,2.98,35,0.08,121
544.71,225341,14850,28,504,40,1.17,1,3.57,1551,2.98,65,0.14,122
545.85,225844,14866,28,503,16,1.14,1,3.57,1551,2.98,105,0.23,122
547.05,226348,14894,28,504,28,1.2,1,3.57,1551,2.98,25,0.09,123
548.23,226851,14922,28,503,28,1.18,1,3.57,1551,2.98,95,0.21,123
549.32,227351,14934,28,500,12,1.09,1,3.57,1551,2.98,25,0.05,123
550.61,227852,14970,28,501,36,1.29,1,3.57,1551,2.98,85,0.2,123
551.8,228355,14998,28,503,28,1.19,1,3.57,1551,2.98,25,0.05,123
553.13,228855,15018,28,500,20,1.33,1,3.57,1551,2.98,10,0.03,124
554.48,229356,15034,28,501,16,1.35,1,3.57,1551,2.98,50,0.12,124
555.57,229860,15058,28,504,24,1.08,1,3.57,1551,2.98,40,0.08,124
556.82,230362,15094,28,502,36,1.25,1,3.57,1551,2.98,50,0.13,125
558.13,230866,15130,28,504,36,1.31,1,3.57,1551,2.98,180,0.49,125
559.41,231369,15166,28,503,36,1.28,1,3.57,1551,2.98,5,0.02,126
560.63,231871,15182,28,502,16,1.22,1,3.57,1551,2.98,15,0.04,126
561.85,232374,15194,28,503,12,1.22,1,3.57,1551,2.98,95,0.2,126
563.11,232878,15222,28,504,28,1.25,1,3.57,1551,2.98,5,0.01,127
564.31,233379,15250,28,501,28,1.2,1,3.57,1551,2.98,85,0.19,127
565.53,233883,15266,28,504,16,1.22,1,3.57,1551,2.98,190,0.48,127
566.84,234383,15286,28,500,20,1.31,1,3.57,1551,2.98,145,0.36,127
567.97,234884,15290,28,501,4,1.13,1,3.57,1551,2.98,335,0.74,127
569.06,235385,15314,28,501,24,1.09,1,3.57,1551,2.98,225,0.47,127
570.32,235887,15334,28,502,20,1.27,1,3.57,1551,2.98,55,0.14,127
571.52,236390,15358,28,503,24,1.2,1,3.57,1551,2.98,5,0.01,127
572.75,236890,15374,28,500,16,1.23,1,3.57,1551,2.98,120,0.3,128
574,237393,15398,28,503,24,1.24,1,3.57,1551,2.98,85,0.21,128
575.25,237893,15418,28,500,20,1.25,1,3.57,1551,2.98,115,0.29,128
576.52,238395,15438,28,502,20,1.27,1,3.57,1551,2.98,40,0.1,128
577.93,238897,15462,28,502,24,1.41,1,3.57,1551,2.98,150,0.49,128
579.09,239399,15470,28,502,8,1.17,1,3.57,1551,2.98,60,0.13,129
580.3,239902,15482,28,503,12,1.2,1,3.57,1551,2.98,50,0.11,129
581.65,240404,15502,28,502,20,1.35,1,3.57,1551,2.98,25,0.09,130
582.99,240907,15534,28,503,32,1.34,1,3.57,1551,2.98,70,0.19,130
584.29,241408,15554,28,501,20,1.31,1,3.57,1551,2.98,20,0.06,130
585.57,241912,15574,28,504,20,1.27,1,3.57,1551,2.98,85,0.21,130
586.73,242413,15578,28,501,4,1.16,1,3.57,1551,2.98,20,0.05,130
587.93,242915,15598,28,502,20,1.21,1,3.57,1551,2.98,110,0.25,132
589.13,243416,15618,28,501,20,1.2,1,3.57,1551,2.98,100,0.24,133
590.48,243917,15638,28,501,20,1.34,1,3.57,1551,2.98,160,0.44,133
591.72,244420,15650,28,503,12,1.25,1,3.57,1551,2.98,10,0.01,133
593.24,244924,15666,28,504,16,1.52,1,3.57,1551,2.98,220,0.86,133
594.49,245425,15686,28,501,20,1.25,1,3.57,1551,2.98,75,0.18,133
595.69,245926,15710,28,501,24,1.2,1,3.57,1551,2.98,30,0.09,134
596.99,246426,15746,28,500,36,1.29,1,3.57,1551,2.98,85,0.24,134
598.26,246926,15782,28,500,36,1.27,1,3.57,1551,2.98,10,0.02,135
599.43,247426,15798,28,500,16,1.17,1,3.57,1551,2.98,30,0.08,135
600.79,247929,15826,28,503,28,1.36,1,3.57,1551,2.98,30,0.08,135
602.09,248432,15854,28,503,28,1.3,1,3.57,1551,2.98,35,0.08,135
603.35,248936,15898,28,504,44,1.26,1,3.57,1551,2.98,35,0.07,136
604.59,249437,15902,28,501,4,1.25,1,3.57,1551,2.98,25,0.09,136
605.96,249937,15938,28,500,36,1.36,1,3.57,1551,2.98,45,0.1,136
607.25,250439,15958,28,502,20,1.29,1,3.57,1551,2.98,10,0.03,136
608.61,250942,15970,28,503,12,1.36,1,3.57,1551,2.98,10,0.04,136
609.89,251443,15990,28,501,20,1.28,1,3.57,1551,2.98,250,0.56,136
611.17,251945,16014,28,502,24,1.28,1,3.57,1551,2.98,55,0.12,136
612.35,252446,16018,28,501,4,1.18,1,3.57,1551,2.98,200,0.46,136
613.54,252948,16042,28,502,24,1.19,1,3.57,1551,2.98,235,0.53,136
614.84,253452,16074,28,504,32,1.3,1,3.57,1551,2.98,70,0.17,138
616.01,253954,16098,28,502,24,1.17,1,3.57,1551,2.98,100,0.24,138
617.3,254457,16114,28,503,16,1.29,1,3.57,1551,2.98,30,0.08,138
618.57,254961,16142,28,504,28,1.26,1,3.57,1551,2.98,70,0.18,138
619.83,255464,16162,28,503,20,1.27,1,3.57,1551,2.98,35,0.09,139
621.9,255967,16190,28,503,28,2.07,1,3.57,1551,2.98,100,0.46,139
624.12,256469,16210,28,502,20,2.22,1,3.57,1551,2.98,90,0.4,139
626.44,256972,16230,28,503,20,2.32,1,3.57,1551,2.98,140,0.54,139
627.92,257474,16254,28,502,24,1.48,1,3.57,1551,2.98,135,0.36,139
629.18,257975,16278,28,501,24,1.26,1,3.57,1551,2.98,30,0.07,139
630.39,258479,16302,28,504,24,1.21,1,3.57,1551,2.98,115,0.26,139
631.47,258980,16322,28,501,20,1.09,1,3.57,1551,2.98,35,0.08,140
632.68,259480,16354,28,500,32,1.2,1,3.57,1551,2.98,90,0.21,141
633.82,259984,16374,28,504,20,1.14,1,3.57,1551,2.98,80,0.2,141
635.14,260488,16402,28,504,28,1.31,1,3.57,1551,2.98,170,0.41,141
636.42,260988,16422,28,500,20,1.29,1,3.57,1551,2.98,0,0,141
637.72,261491,16462,28,503,40,1.3,1,3.57,1551,2.98,80,0.18,142
639.11,261992,16502,28,501,40,1.39,1,3.57,1551,2.98,40,0.12,142
640.37,262493,16518,28,501,16,1.26,1,3.57,1551,2.98,65,0.22,142
641.64,262997,16538,28,504,20,1.27,1,3.57,1551,2.98,15,0.03,142
642.96,263497,16558,28,500,20,1.32,1,3.57,1551,2.98,20,0.06,142
644.17,263998,16582,28,501,24,1.21,1,3.57,1551,2.98,0,0,142
645.4,264500,16606,28,502,24,1.23,1,3.57,1551,2.98,15,0.04,142
646.76,265003,16622,28,503,16,1.36,1,3.57,1551,2.98,55,0.17,142
648.01,265504,16650,28,501,28,1.25,1,3.57,1551,2.98,110,0.3,143
649.29,266007,16670,28,503,20,1.28,1,3.57,1551,2.98,35,0.09,143
650.47,266510,16686,28,503,16,1.18,1,3.57,1551,2.98,110,0.23,144
651.69,267012,16702,28,502,16,1.22,1,3.57,1551,2.98,5,0.01,144
652.91,267513,16734,28,501,32,1.22,1,3.57,1551,2.98,150,0.34,145
654.18,268016,16778,28,503,44,1.27,1,3.57,1551,2.98,15,0.04,145
655.39,268518,16806,28,502,28,1.21,1,3.57,1551,2.98,80,0.2,145
656.73,269019,16838,28,501,32,1.34,1,3.57,1551,2.98,135,0.32,145
657.82,269522,16862,28,503,24,1.09,1,3.57,1551,2.98,200,0.44,145
659.1,270023,16902,28,501,40,1.28,1,3.57,1551,2.98,75,0.22,145
660.37,270523,16938,28,500,36,1.27,1,3.57,1551,2.98,55,0.14,146
661.59,271023,16970,28,500,32,1.23,1,3.57,1551,2.98,5,0.01,147
662.86,271524,16982,28,501,12,1.26,1,3.57,1551,2.98,25,0.06,147
664.05,272024,16998,28,500,16,1.19,1,3.57,1551,2.98,35,0.09,147
665.32,272527,17026,28,503,28,1.27,1,3.57,1551,2.98,5,0.01,147
666.57,273029,17046,28,502,20,1.25,1,3.57,1551,2.98,50,0.14,147
667.76,273531,17050,28,502,4,1.19,1,3.57,1551,2.98,410,0.96,147
668.96,274031,17066,28,500,16,1.21,1,3.57,1551,2.98,35,0.09,147
670.28,274533,17102,28,502,36,1.32,1,3.57,1551,2.98,20,0.05,148
671.58,275035,17122,28,502,20,1.3,1,3.57,1551,2.98,45,0.11,148
672.82,275537,17158,28,502,36,1.24,1,3.57,1551,2.98,20,0.05,148
674.04,276038,17178,28,501,20,1.22,1,3.57,1551,2.98,120,0.26,148
675.15,276541,17190,28,503,12,1.11,1,3.57,1551,2.98,30,0.06,148
676.37,277044,17218,28,503,28,1.21,1,3.57,1551,2.98,30,0.08,149
677.75,277547,17230,28,503,12,1.39,1,3.57,1551,2.98,240,0.65,149
679.1,278048,17250,28,501,20,1.34,1,3.57,1551,2.98,70,0.16,149
680.43,278550,17282,28,502,32,1.34,1,3.57,1551,2.98,10,0.02,149
681.54,279051,17298,28,501,16,1.11,1,3.57,1551,2.98,135,0.28,149
682.73,279553,17306,28,502,8,1.18,1,3.57,1551,2.98,30,0.06,149
683.88,280057,17322,28,504,16,1.15,1,3.57,1551,2.98,195,0.46,150
684.94,280559,17338,28,502,16,1.06,1,3.57,1551,2.98,5,0.01,150
686.17,281060,17362,28,501,24,1.22,1,3.57,1551,2.98,155,0.39,150
687.39,281560,17402,28,500,40,1.22,1,3.57,1551,2.98,115,0.29,150
688.59,282062,17410,28,502,8,1.21,1,3.57,1551,2.98,300,0.73,150
689.84,282562,17426,28,500,16,1.25,1,3.57,1551,2.98,130,0.32,150
691.15,283065,17446,28,503,20,1.31,1,3.57,1551,2.98,25,0.07,150
692.48,283565,17482,28,500,36,1.33,1,3.57,1551,2.98,5,0.01,151
693.67,284065,17506,28,500,24,1.19,1,3.57,1551,2.98,360,0.84,151
695.01,284569,17522,28,504,16,1.34,1,3.57,1551,2.98,200,0.54,151
696.24,285072,17554,28,503,32,1.24,1,3.57,1551,2.98,120,0.28,154
697.54,285575,17586,28,503,32,1.3,1,3.57,1551,2.98,5,0.01,154
698.69,286077,17594,28,502,8,1.14,1,3.57,1551,2.98,40,0.09,154
699.86,286581,17606,28,504,12,1.17,1,3.57,1551,2.98,25,0.06,154
701.13,287083,17634,28,502,28,1.27,1,3.57,1551,2.98,65,0.16,154
702.39,287583,17658,28,500,24,1.26,1,3.57,1551,2.98,45,0.13,154
703.78,288084,17678,28,501,20,1.39,1,3.57,1551,2.98,60,0.17,154
705.02,288585,17694,28,501,16,1.24,1,3.57,1551,2.98,15,0.03,154
706.21,289085,17710,28,500,16,1.19,1,3.57,1551,2.98,95,0.22,154
707.54,289588,17718,28,503,8,1.33,1,3.57,1551,2.98,50,0.14,154
708.8,290091,17746,28,503,28,1.26,1,3.57,1551,2.98,15,0.03,154
710.13,290592,17766,28,501,20,1.32,1,3.57,1551,2.98,120,0.35,154
711.45,291096,17794,28,504,28,1.33,1,3.57,1551,2.98,15,0.04,155
712.66,291599,17830,28,503,36,1.21,1,3.57,1551,2.98,20,0.03,156
713.87,292102,17842,28,503,12,1.21,1,3.57,1551,2.98,10,0.02,156
715.1,292603,17862,28,501,20,1.23,1,3.57,1551,2.98,50,0.14,157
716.38,293105,17902,28,502,40,1.28,1,3.57,1551,2.98,10,0.03,157
717.6,293605,17922,28,500,20,1.22,1,3.57,1551,2.98,25,0.07,157
718.96,294107,17938,28,502,16,1.36,1,3.57,1551,2.98,20,0.06,157
720.33,294610,17978,28,503,40,1.37,1,3.57,1551,2.98,60,0.17,157
721.52,295112,17994,28,502,16,1.2,1,3.57,1551,2.98,35,0.1,158
722.85,295616,18030,28,504,36,1.33,1,3.57,1551,2.98,30,0.08,159
724.17,296120,18058,28,504,28,1.32,1,3.57,1551,2.98,115,0.32,159
725.42,296621,18086,28,501,28,1.25,1,3.57,1551,2.98,0,0,160
726.77,297121,18122,28,500,36,1.34,1,3.57,1551,2.98,10,0.03,161
728.09,297625,18146,28,504,24,1.32,1,3.57,1551,2.98,75,0.17,161
729.33,298126,18170,28,501,24,1.24,1,3.57,1551,2.98,55,0.13,161
730.57,298626,18198,28,500,28,1.24,1,3.57,1551,2.98,15,0.02,162
731.81,299126,18238,28,500,40,1.23,1,3.57,1551,2.98,15,0.03,162
733.05,299627,18254,28,501,16,1.25,1,3.57,1551,2.98,40,0.1,162
734.3,300129,18278,28,502,24,1.25,1,3.57,1551,2.98,65,0.14,163
735.61,300633,18310,28,504,32,1.31,1,3.57,1551,2.98,40,0.09,163
736.89,301137,18330,28,504,20,1.28,1,3.57,1551,2.98,135,0.31,163
738.16,301637,18358,28,500,28,1.27,1,3.57,1551,2.98,115,0.28,163
739.39,302137,18378,28,500,20,1.23,1,3.57,1551,2.98,135,0.31,163
740.73,302639,18398,28,502,20,1.34,1,3.57,1551,2.98,35,0.11,164
742.09,303141,18422,28,502,24,1.36,1,3.57,1551,2.98,70,0.19,164
743.36,303644,18454,28,503,32,1.27,1,3.57,1551,2.98,130,0.32,164
744.71,304144,18474,28,500,20,1.35,1,3.57,1551,2.98,35,0.08,164
745.95,304644,18482,28,500,8,1.24,1,3.57,1551,2.98,495,1.23,164
747.28,305147,18522,28,503,40,1.33,1,3.57,1551,2.98,25,0.08,164
748.6,305649,18550,28,502,28,1.32,1,3.57,1551,2.98,90,0.25,164
749.84,306150,18578,28,501,28,1.25,1,3.57,1551,2.98,5,0,164
751.08,306652,18586,28,502,8,1.23,1,3.57,1551,2.98,65,0.18,164
752.34,307154,18610,28,502,24,1.26,1,3.57,1551,2.98,195,0.5,164
753.91,307656,18634,28,502,24,1.57,1,3.57,1551,2.98,10,0.03,165
755.44,308156,18666,28,500,32,1.53,1,3.57,1551,2.98,0,0,165
756.76,308660,18698,28,504,32,1.32,1,3.57,1551,2.98,45,0.12,165
758,309161,18718,28,501,20,1.24,1,3.57,1551,2.98,15,0.04,166
759.25,309661,18746,28,500,28,1.25,1,3.57,1551,2.98,10,0.03,166
760.54,310162,18770,28,501,24,1.29,1,3.57,1551,2.98,5,0.01,166
761.89,310664,18786,28,502,16,1.35,1,3.57,1551,2.98,160,0.42,167
763.21,311165,18798,28,501,12,1.32,1,3.57,1551,2.98,35,0.07,167
764.48,311665,18818,28,500,20,1.27,1,3.57,1551,2.98,35,0.08,167
765.8,312168,18858,28,503,40,1.32,1,3.57,1551,2.98,5,0.01,168
767.02,312672,18874,28,504,16,1.22,1,3.57,1551,2.98,295,0.71,168
768.25,313173,18898,28,501,24,1.24,1,3.57,1551,2.98,275,0.68,169
769.6,313676,18942,28,503,44,1.34,1,3.57,1551,2.98,10,0.02,170
770.87,314180,18950,28,504,8,1.28,1,3.57,1551,2.98,85,0.22,170
772.12,314683,18994,28,503,44,1.25,1,3.57,1551,2.98,5,0.01,170
773.33,315183,19022,28,500,28,1.21,1,3.57,1551,2.98,105,0.26,170
774.7,315687,19034,28,504,12,1.37,1,3.57,1551,2.98,290,0.77,170
776.02,316188,19058,28,501,24,1.32,1,3.57,1551,2.98,5,0.02,170
777.26,316689,19082,28,501,24,1.24,1,3.57,1551,2.98,145,0.36,170
778.59,317192,19102,28,503,20,1.34,1,3.57,1551,2.98,20,0.06,170
779.82,317694,19130,28,502,28,1.23,1,3.57,1551,2.98,160,0.37,171
781.14,318198,19142,28,504,12,1.32,1,3.57,1551,2.98,45,0.1,171
782.34,318699,19158,28,501,16,1.2,1,3.57,1551,2.98,145,0.35,171
783.66,319202,19170,28,503,12,1.31,1,3.57,1551,2.98,225,0.59,171
785.05,319704,19194,28,502,24,1.39,1,3.57,1551,2.98,45,0.12,172
786.37,320207,19210,28,503,16,1.32,1,3.57,1551,2.98,70,0.17,172
787.7,320711,19234,28,504,24,1.33,1,3.57,1551,2.98,95,0.3,173
788.99,321211,19250,28,500,16,1.29,1,3.57,1551,2.98,0,0,173
790.31,321715,19270,28,504,20,1.33,1,3.57,1551,2.98,15,0.03,173
791.75,322215,19298,28,500,28,1.44,1,3.57,1551,2.98,75,0.22,174
793.25,322717,19322,28,502,24,1.5,1,3.57,1551,2.98,5,0.01,175
794.8,323220,19342,28,503,20,1.55,1,3.57,1551,2.98,170,0.51,175
796.2,323722,19366,28,502,24,1.4,1,3.57,1551,2.98,210,0.56,175
797.36,324224,19386,28,502,20,1.16,1,3.57,1551,2.98,180,0.43,176
798.53,324727,19410,28,503,24,1.17,1,3.57,1551,2.98,5,0.01,177
799.71,325230,19422,28,503,12,1.17,1,3.57,1551,2.98,175,0.37,177
801.07,325734,19438,28,504,16,1.37,1,3.57,1551,2.98,130,0.35,178
802.38,326237,19462,28,503,24,1.3,1,3.57,1551,2.98,10,0.01,178
803.72,326739,19490,28,502,28,1.35,1,3.57,1551,2.98,50,0.13,178
804.96,327241,19514,28,502,24,1.24,1,3.57,1551,2.98,200,0.47,178
806.13,327742,19530,28,501,16,1.16,1,3.57,1551,2.98,135,0.34,178
807.47,328245,19554,28,503,24,1.34,1,3.57,1551,2.98,60,0.16,179
808.76,328749,19582,28,504,28,1.29,1,3.57,1551,2.98,100,0.24,179
810,329249,19630,28,500,48,1.24,1,3.57,1551,2.98,0,0,180
811.29,329749,19658,28,500,28,1.29,1,3.57,1551,2.98,10,0.02,180
812.68,330253,19674,28,504,16,1.38,1,3.57,1551,2.98,50,0.14,180
814.1,330756,19702,28,503,28,1.43,1,3.57,1551,2.98,25,0.08,180
815.45,331257,19726,28,501,24,1.35,1,3.57,1551,2.98,10,0.03,181
816.7,331759,19746,28,502,20,1.25,1,3.57,1551,2.98,10,0.03,181
817.92,332260,19770,28,501,24,1.21,1,3.57,1551,2.98,50,0.14,181
819.3,332760,19782,28,500,12,1.39,1,3.57,1551,2.98,70,0.2,182
820.57,333262,19810,28,502,28,1.26,1,3.57,1551,2.98,5,0.01,182
821.87,333764,19842,28,502,32,1.3,1,3.57,1551,2.98,95,0.24,182
823.07,334266,19862,28,502,20,1.2,1,3.57,1551,2.98,160,0.39,182
824.24,334770,19878,28,504,16,1.17,1,3.57,1551,2.98,35,0.09,183
825.56,335272,19898,28,502,20,1.33,1,3.57,1551,2.98,35,0.08,183
826.83,335772,19922,28,500,24,1.27,1,3.57,1551,2.98,100,0.26,183
828.15,336274,19942,28,502,20,1.32,1,3.57,1551,2.98,80,0.2,183
829.39,336778,19962,28,504,20,1.24,1,3.57,1551,2.98,95,0.25,183
830.65,337280,19990,28,502,28,1.26,1,3.57,1551,2.98,230,0.6,183
831.96,337784,20006,28,504,16,1.32,1,3.57,1551,2.98,205,0.5,183
833.29,338287,20018,28,503,12,1.32,1,3.57,1551,2.98,360,0.95,183
834.64,338791,20046,28,504,28,1.36,1,3.57,1551,2.98,25,0.09,184
835.89,339292,20066,28,501,20,1.25,1,3.57,1551,2.98,70,0.16,184
837.1,339792,20078,28,500,12,1.21,1,3.57,1551,2.98,70,0.16,184
838.37,340296,20098,28,504,20,1.27,1,3.57,1551,2.98,35,0.09,186
839.56,340797,20114,28,501,16,1.2,1,3.57,1551,2.98,150,0.37,186
840.91,341301,20130,28,504,16,1.35,1,3.57,1551,2.98,55,0.19,186
842.18,341803,20154,28,502,24,1.27,1,3.57,1551,2.98,85,0.2,186
843.36,342303,20186,28,500,32,1.18,1,3.57,1551,2.98,65,0.16,186
844.74,342806,20206,28,503,20,1.38,1,3.57,1551,2.98,45,0.13,187
845.92,343306,20242,28,500,36,1.18,1,3.57,1551,2.98,0,0,188
847.15,343806,20258,28,500,16,1.23,1,3.57,1551,2.98,155,0.38,188
848.42,344309,20278,28,503,20,1.27,1,3.57,1551,2.98,35,0.09,188
849.84,344812,20318,28,503,40,1.42,1,3.57,1551,2.98,10,0.04,188
851.07,345314,20358,28,502,40,1.23,1,3.57,1551,2.98,50,0.13,188
852.4,345817,20398,28,503,40,1.32,1,3.57,1551,2.98,55,0.13,189
853.69,346318,20430,28,501,32,1.3,1,3.57,1551,2.98,65,0.14,189
854.9,346821,20454,28,503,24,1.21,1,3.57,1551,2.98,50,0.1,189
856.12,347324,20462,28,503,8,1.22,1,3.57,1551,2.98,115,0.27,189
857.35,347824,20478,28,500,16,1.23,1,3.57,1551,2.98,15,0.04,190
858.59,348326,20498,28,502,20,1.23,1,3.57,1551,2.98,155,0.34,190
859.85,348827,20502,28,501,4,1.26,1,3.57,1551,2.98,470,1.17,190
861.09,349330,20526,28,503,24,1.24,1,3.57,1551,2.98,110,0.28,190
862.28,349833,20550,28,503,24,1.19,1,3.57,1551,2.98,5,0.01,191
863.49,350337,20574,28,504,24,1.21,1,3.57,1551,2.98,5,0.01,191
864.68,350839,20594,28,502,20,1.19,1,3.57,1551,2.98,150,0.36,191
865.97,351343,20630,28,504,36,1.29,1,3.57,1551,2.98,5,0.01,192
867.22,351844,20650,28,501,20,1.25,1,3.57,1551,2.98,20,0.04,193
868.43,352345,20670,28,501,20,1.22,1,3.57,1551,2.98,175,0.4,193
869.6,352846,20690,28,501,20,1.17,1,3.57,1551,2.98,50,0.09,193
870.79,353346,20714,28,500,24,1.19,1,3.57,1551,2.98,5,0.01,194
872.02,353846,20734,28,500,20,1.22,1,3.57,1551,2.98,135,0.29,194
873.15,354349,20770,28,503,36,1.13,1,3.57,1551,2.98,70,0.19,196
874.42,354849,20782,28,500,12,1.27,1,3.57,1551,2.98,65,0.21,196
875.67,355350,20818,28,501,36,1.25,1,3.57,1551,2.98,25,0.05,197
876.93,355852,20838,28,502,20,1.26,1,3.57,1551,2.98,180,0.4,198
878.13,356352,20858,28,500,20,1.21,1,3.57,1551,2.98,45,0.12,198
879.55,356852,20874,28,500,16,1.41,1,3.57,1551,2.98,145,0.43,198
880.81,357354,20906,28,502,32,1.26,1,3.57,1551,2.98,80,0.19,198
882.08,357856,20934,28,502,28,1.27,1,3.57,1551,2.98,30,0.07,198
883.37,358358,20942,28,502,8,1.29,1,3.57,1551,2.98,40,0.1,198
884.59,358862,20970,28,504,28,1.22,1,3.57,1551,2.98,90,0.24,198
885.77,359364,20994,28,502,24,1.18,1,3.57,1551,2.98,15,0.04,198
887.1,359867,21026,28,503,32,1.33,2,7.14,1551,2.98,145,0.42,199
888.35,360370,21054,28,503,28,1.25,1,3.57,1551,2.98,20,0.05,199
889.58,360874,21082,28,504,28,1.23,1,3.57,1551,2.98,15,0.04,199
890.84,361377,21090,28,503,8,1.26,1,3.57,1551,2.98,205,0.52,199
892.1,361878,21102,28,501,12,1.26,1,3.57,1551,2.98,100,0.22,199
893.27,362379,21130,28,501,28,1.17,1,3.57,1551,2.98,10,0.02,200
894.5,362880,21154,28,501,24,1.24,1,3.57,1551,2.98,80,0.23,200
895.76,363380,21182,28,500,28,1.26,1,3.57,1551,2.98,10,0.02,200
897.01,363882,21202,28,502,20,1.25,1,3.57,1551,2.98,20,0.05,200
898.35,364386,21214,28,504,12,1.34,1,3.57,1551,2.98,110,0.26,200
899.78,364886,21242,28,500,28,1.44,1,3.57,1551,2.98,10,0.03,200
901.13,365386,21274,28,500,32,1.35,1,3.57,1551,2.98,115,0.31,200
902.43,365887,21294,28,501,20,1.3,1,3.57,1551,2.98,30,0.1,200
903.73,366391,21310,28,504,16,1.3,1,3.57,1551,2.98,10,0.02,200
905.01,366895,21330,28,504,20,1.28,1,3.57,1551,2.98,60,0.15,200
906.36,367396,21334,28,501,4,1.35,1,3.57,1551,2.98,75,0.2,200
907.55,367897,21366,28,501,32,1.19,1,3.57,1551,2.98,70,0.15,200
908.67,368399,21374,28,502,8,1.12,1,3.57,1551,2.98,215,0.45,200
909.82,368899,21402,28,500,28,1.16,1,3.57,1551,2.98,35,0.09,201
911.17,369401,21410,28,502,8,1.34,1,3.57,1551,2.98,110,0.31,201
912.58,369902,21430,28,501,20,1.41,1,3.57,1551,2.98,185,0.55,201
913.82,370406,21458,28,504,28,1.25,1,3.57,1551,2.98,25,0.05,202
915.1,370909,21474,28,503,16,1.28,1,3.57,1551,2.98,85,0.2,202
916.48,371413,21486,28,504,12,1.38,1,3.57,1551,2.98,305,0.89,202
917.86,371917,21510,28,504,24,1.38,1,3.57,1551,2.98,30,0.06,203
919.07,372417,21530,28,500,20,1.22,1,3.57,1551,2.98,25,0.06,204
920.25,372917,21562,28,500,32,1.18,1,3.57,1551,2.98,95,0.23,204
921.6,373417,21582,28,500,20,1.34,1,3.57,1551,2.98,215,0.6,204
922.82,373917,21598,28,500,16,1.22,1,3.57,1551,2.98,20,0.05,204
924.07,374421,21630,28,504,32,1.25,1,3.57,1551,2.98,15,0.03,204
925.38,374922,21666,28,501,36,1.31,1,3.57,1551,2.98,5,0.01,204
926.61,375423,21686,28,501,20,1.23,1,3.57,1551,2.98,55,0.13,205
928,375925,21718,28,502,32,1.4,1,3.57,1551,2.98,15,0.04,205
929.27,376428,21746,28,503,28,1.27,1,3.57,1551,2.98,15,0.04,206
930.51,376930,21762,28,502,16,1.24,1,3.57,1551,2.98,195,0.5,206
931.77,377433,21798,28,503,36,1.26,1,3.57,1551,2.98,90,0.23,207
933.02,377933,21798,28,500,0,1.25,0,0,1551,2.98,590,1.47,207
934.27,378435,21834,28,502,36,1.26,1,3.57,1551,2.98,65,0.17,207
935.65,378937,21854,28,502,20,1.38,1,3.57,1551,2.98,135,0.37,208
937.08,379440,21882,28,503,28,1.43,1,3.57,1551,2.98,35,0.12,211
938.5,379943,21914,28,503,32,1.42,1,3.57,1551,2.98,135,0.36,211
939.71,380447,21926,28,504,12,1.21,1,3.57,1551,2.98,80,0.17,211
940.93,380951,21942,28,504,16,1.22,1,3.57,1551,2.98,60,0.16,211
942.26,381455,21982,28,504,40,1.33,1,3.57,1551,2.98,65,0.18,211
943.64,381957,22006,28,502,24,1.38,1,3.57,1551,2.98,20,0.07,211
944.83,382459,22062,28,502,56,1.19,1,3.57,1551,2.98,95,0.28,211
945.99,382963,22094,28,504,32,1.16,1,3.57,1551,2.98,15,0.03,211
947.16,383466,22114,28,503,20,1.17,1,3.57,1551,2.98,70,0.21,211
948.45,383967,22130,28,501,16,1.29,1,3.57,1551,2.98,125,0.33,211
949.7,384469,22146,28,502,16,1.26,1,3.57,1551,2.98,100,0.25,212
951.05,384971,22178,28,502,32,1.35,1,3.57,1551,2.98,30,0.06,212
952.29,385475,22194,28,504,16,1.24,1,3.57,1551,2.98,260,0.69,212
953.61,385975,22210,28,500,16,1.31,1,3.57,1551,2.98,65,0.18,212
954.81,386478,22242,28,503,32,1.2,1,3.57,1551,2.98,125,0.32,212
956.19,386982,22274,28,504,32,1.38,1,3.57,1551,2.98,65,0.2,213
957.48,387484,22306,28,502,32,1.29,1,3.57,1551,2.98,150,0.33,213
958.76,387988,22338,28,504,32,1.28,1,3.57,1551,2.98,15,0.06,213
959.96,388488,22358,28,500,20,1.2,1,3.57,1551,2.98,5,0.01,213
961.26,388989,22390,28,501,32,1.3,1,3.57,1551,2.98,105,0.27,213
962.52,389490,22422,28,501,32,1.27,1,3.57,1551,2.98,30,0.07,213
963.79,389991,22462,28,501,40,1.27,1,3.57,1551,2.98,30,0.09,213
965.12,390493,22486,28,502,24,1.33,1,3.57,1551,2.98,50,0.11,213
966.21,390996,22498,28,503,12,1.09,1,3.57,1551,2.98,25,0.05,214
967.41,391500,22542,28,504,44,1.2,1,3.57,1551,2.98,50,0.11,214
968.59,392002,22562,28,502,20,1.18,1,3.57,1551,2.98,255,0.6,215
969.79,392506,22586,28,504,24,1.2,1,3.57,1551,2.98,90,0.22,215
970.98,393007,22590,28,501,4,1.19,1,3.57,1551,2.98,200,0.43,215
972.23,393507,22626,28,500,36,1.25,1,3.57,1551,2.98,15,0.05,216
973.43,394007,22670,28,500,44,1.2,1,3.57,1551,2.98,60,0.15,216
974.66,394509,22686,28,502,16,1.23,1,3.57,1551,2.98,120,0.31,216
975.89,395013,22706,28,504,20,1.23,1,3.57,1551,2.98,150,0.36,216
977.04,395516,22738,28,503,32,1.15,1,3.57,1551,2.98,75,0.17,216
978.29,396016,22766,28,500,28,1.25,1,3.57,1551,2.98,70,0.17,216
979.59,396517,22794,28,501,28,1.3,1,3.57,1551,2.98,155,0.42,216
980.95,397018,22834,28,501,40,1.36,1,3.57,1551,2.98,175,0.52,217
982.35,397521,22850,28,503,16,1.4,1,3.57,1551,2.98,35,0.09,217
983.8,398025,22866,28,504,16,1.45,1,3.57,1551,2.98,170,0.43,217
985.09,398525,22898,28,500,32,1.28,1,3.57,1551,2.98,40,0.11,217
986.47,399026,22934,28,501,36,1.38,1,3.57,1551,2.98,5,0.02,217
987.63,399528,22950,28,502,16,1.17,1,3.57,1551,2.98,135,0.32,217
988.98,400031,22986,28,503,36,1.34,1,3.57,1551,2.98,5,0.01,217
990.31,400534,23002,28,503,16,1.33,1,3.57,1551,2.98,180,0.48,218
991.59,401034,23030,28,500,28,1.28,1,3.57,1551,2.98,55,0.14,219
992.81,401535,23050,28,501,20,1.22,1,3.57,1551,2.98,150,0.39,219
994.1,402037,23082,28,502,32,1.29,1,3.57,1551,2.98,120,0.3,220
995.27,402537,23102,28,500,20,1.18,1,3.57,1551,2.98,105,0.25,220
996.56,403040,23130,28,503,28,1.29,1,3.57,1551,2.98,145,0.39,220
997.95,403540,23154,28,500,24,1.38,1,3.57,1551,2.98,50,0.15,220
999.15,404042,23178,28,502,24,1.2,1,3.57,1551,2.98,20,0.04,220
1000.35,404544,23214,28,502,36,1.21,1,3.57,1551,2.98,35,0.08,220
1001.58,405047,23230,28,503,16,1.23,1,3.57,1551,2.98,100,0.23,220
1002.82,405551,23246,28,504,16,1.23,1,3.57,1551,2.98,195,0.48,220
1004.06,406054,23258,28,503,12,1.25,1,3.57,1551,2.98,100,0.24,220
1005.37,406558,23290,28,504,32,1.31,1,3.57,1551,2.98,5,0.02,220
1006.69,407062,23302,28,504,12,1.32,1,3.57,1551,2.98,30,0.08,220
1008.06,407563,23326,28,501,24,1.37,1,3.57,1551,2.98,45,0.12,221
1009.36,408067,23342,28,504,16,1.3,1,3.57,1551,2.98,160,0.43,222
1010.88,408570,23366,28,503,24,1.52,1,3.57,1551,2.98,30,0.09,222
1012.18,409074,23374,28,504,8,1.31,1,3.57,1551,2.98,350,0.89,222
1013.62,409574,23390,28,500,16,1.43,1,3.57,1551,2.98,135,0.44,222
1015.13,410076,23414,28,502,24,1.51,1,3.57,1551,2.98,30,0.1,223
1016.41,410576,23426,28,500,12,1.28,1,3.57,1551,2.98,80,0.19,223
1017.89,411077,23458,28,501,32,1.48,1,3.57,1551,2.98,70,0.21,223
1019.22,411577,23482,28,500,24,1.33,1,3.57,1551,2.98,130,0.33,223
1020.5,412080,23494,28,503,12,1.28,1,3.57,1551,2.98,5,0.01,223
1021.76,412583,23530,28,503,36,1.27,1,3.57,1551,2.98,15,0.04,223
1023.07,413084,23550,28,501,20,1.31,1,3.57,1551,2.98,20,0.06,223
1024.34,413584,23574,28,500,24,1.27,1,3.57,1551,2.98,5,0.01,223
1025.59,414084,23594,28,500,20,1.25,1,3.57,1551,2.98,15,0.04,223
1026.88,414588,23614,28,504,20,1.29,1,3.57,1551,2.98,50,0.13,223
1028.18,415090,23642,28,502,28,1.3,1,3.57,1551,2.98,20,0.05,224
1029.48,415590,23662,28,500,20,1.31,1,3.57,1551,2.98,200,0.54,224
1030.7,416094,23674,28,504,12,1.21,1,3.57,1551,2.98,85,0.2,224
1031.89,416597,23702,28,503,28,1.19,1,3.57,1551,2.98,70,0.18,225
1033.16,417097,23758,28,500,56,1.27,1,3.57,1551,2.98,5,0.01,225
1034.45,417598,23798,28,501,40,1.29,1,3.57,1551,2.98,25,0.07,226
1035.9,418101,23818,28,503,20,1.45,1,3.57,1551,2.98,80,0.2,226
1037.15,418603,23834,28,502,16,1.25,1,3.57,1551,2.98,125,0.31,226
1038.76,419105,23882,28,502,48,1.61,1,3.57,1551,2.98,35,0.1,227
1040.13,419605,23902,28,500,20,1.37,1,3.57,1551,2.98,75,0.21,227
1041.34,420105,23918,28,500,16,1.21,1,3.57,1551,2.98,5,0.01,228
1042.69,420608,23938,28,503,20,1.35,1,3.57,1551,2.98,160,0.43,228
1044.1,421108,23954,28,500,16,1.41,1,3.57,1551,2.98,205,0.61,228
1045.34,421609,23982,28,501,28,1.23,1,3.57,1551,2.98,5,0.01,228
1046.58,422110,24002,28,501,20,1.24,1,3.57,1551,2.98,235,0.59,228
1047.92,422612,24010,28,502,8,1.34,1,3.57,1551,2.98,285,0.72,228
1049.27,423113,24030,28,501,20,1.36,1,3.57,1551,2.98,90,0.24,228
1050.63,423616,24058,28,503,28,1.36,1,3.57,1551,2.98,40,0.13,228
1052.15,424120,24086,28,504,28,1.52,1,3.57,1551,2.98,30,0.08,230
1053.63,424622,24114,28,502,28,1.48,1,3.57,1551,2.98,15,0.05,231
1055.2,425125,24126,28,503,12,1.57,1,3.57,1551,2.98,75,0.25,231
1056.54,425627,24158,28,502,32,1.34,1,3.57,1551,2.98,20,0.06,232
1057.93,426130,24170,28,503,12,1.39,1,3.57,1551,2.98,105,0.3,232
1059.34,426630,24190,28,500,20,1.41,1,3.57,1551,2.98,10,0.03,232
1060.59,427132,24214,28,502,24,1.24,1,3.57,1551,2.98,40,0.11,233
1061.92,427632,24234,28,500,20,1.33,1,3.57,1551,2.98,20,0.05,234
1063.15,428134,24254,28,502,20,1.23,1,3.57,1551,2.98,10,0.02,234
1064.55,428636,24286,28,502,32,1.41,1,3.57,1551,2.98,115,0.28,234
1065.75,429137,24302,28,501,16,1.2,1,3.57,1551,2.98,20,0.04,235
1066.93,429641,24318,28,504,16,1.18,1,3.57,1551,2.98,45,0.11,235
1068.13,430142,24358,28,501,40,1.2,1,3.57,1551,2.98,110,0.28,235
1069.33,430644,24366,28,502,8,1.2,1,3.57,1551,2.98,150,0.39,235
1070.66,431148,24390,28,504,24,1.33,1,3.57,1551,2.98,50,0.11,236
1071.91,431649,24406,28,501,16,1.25,1,3.57,1551,2.98,90,0.24,237
1073.32,432151,24426,28,502,20,1.41,1,3.57,1551,2.98,55,0.16,239
1074.66,432651,24450,28,500,24,1.34,1,3.57,1551,2.98,30,0.08,240
1075.95,433155,24478,28,504,28,1.3,1,3.57,1551,2.98,40,0.12,241
1077.32,433658,24498,28,503,20,1.36,1,3.57,1551,2.98,10,0.03,242
1078.59,434161,24530,28,503,32,1.27,1,3.57,1551,2.98,80,0.2,242
1079.89,434661,24538,28,500,8,1.3,1,3.57,1551,2.98,205,0.49,242
1081.34,435161,24570,28,500,32,1.45,1,3.57,1551,2.98,25,0.06,242
1082.68,435663,24606,28,502,36,1.34,1,3.57,1551,2.98,145,0.35,242
1083.89,436164,24634,28,501,28,1.2,1,3.57,1551,2.98,130,0.35,245
1085.26,436664,24654,28,500,20,1.37,1,3.57,1551,2.98,105,0.26,246
1086.52,437167,24702,28,503,48,1.26,1,3.57,1551,2.98,65,0.15,248
1087.79,437670,24722,28,503,20,1.26,1,3.57,1551,2.98,20,0.04,248
1089.05,438172,24742,28,502,20,1.26,1,3.57,1551,2.98,20,0.05,249
1090.26,438675,24774,28,503,32,1.21,1,3.57,1551,2.98,10,0.02,250
1091.45,439178,24798,28,503,24,1.19,1,3.57,1551,2.98,145,0.33,252
1092.64,439681,24814,28,503,16,1.19,1,3.57,1551,2.98,70,0.15,253
1093.76,440181,24838,28,500,24,1.12,1,3.57,1551,2.98,15,0.03,255
1095.03,440683,24874,28,502,36,1.27,1,3.57,1551,2.98,100,0.29,256
1096.35,441184,24906,28,501,32,1.32,1,3.57,1551,2.98,55,0.13,256
1097.65,441687,24922,28,503,16,1.3,1,3.57,1551,2.98,170,0.48,256
1098.93,442191,24954,28,504,32,1.28,1,3.57,1551,2.98,190,0.48,257
1100.15,442693,24986,28,502,32,1.22,1,3.57,1551,2.98,5,0.01,258
1101.52,443197,25002,28,504,16,1.37,1,3.57,1551,2.98,215,0.55,258
1102.73,443701,25014,28,504,12,1.21,1,3.57,1551,2.98,145,0.3,258
1103.9,444205,25054,28,504,40,1.16,1,3.57,1551,2.98,20,0.04,258
1104.99,444709,25078,28,504,24,1.09,1,3.57,1551,2.98,75,0.17,258
1106.19,445210,25094,28,501,16,1.2,1,3.57,1551,2.98,345,0.84,259
1107.47,445714,25110,28,504,16,1.28,1,3.57,1551,2.98,185,0.45,259
1108.74,446216,25118,28,502,8,1.27,1,3.57,1551,2.98,370,0.92,259
1109.99,446718,25146,28,502,28,1.25,1,3.57,1551,2.98,70,0.19,260
1111.32,447218,25166,28,500,20,1.32,1,3.57,1551,2.98,80,0.21,261
1112.57,447719,25190,28,501,24,1.26,1,3.57,1551,2.98,90,0.24,261
1113.99,448221,25198,28,502,8,1.41,1,3.57,1551,2.98,195,0.48,261
1115.15,448721,25198,28,500,0,1.17,0,0,1551,2.98,695,1.65,261
1116.28,449222,25218,28,501,20,1.13,1,3.57,1551,2.98,80,0.17,262
1117.58,449725,25230,28,503,12,1.3,1,3.57,1551,2.98,85,0.24,262
1119,450228,25258,28,503,28,1.42,1,3.57,1551,2.98,20,0.06,263
1120.39,450729,25278,28,501,20,1.39,1,3.57,1551,2.98,35,0.11,263
1121.67,451233,25294,28,504,16,1.29,1,3.57,1551,2.98,105,0.21,263
1122.95,451733,25326,28,500,32,1.27,1,3.57,1551,2.98,35,0.1,264
1124.21,452236,25338,28,503,12,1.26,1,3.57,1551,2.98,35,0.09,264
1125.34,452736,25358,28,500,20,1.13,1,3.57,1551,2.98,80,0.2,266
1126.68,453236,25382,28,500,24,1.34,1,3.57,1551,2.98,185,0.53,267
1127.94,453737,25398,28,501,16,1.26,1,3.57,1551,2.98,175,0.46,267
1129.06,454237,25414,28,500,16,1.12,1,3.57,1551,2.98,45,0.1,267
1130.35,454741,25442,28,504,28,1.29,1,3.57,1551,2.98,10,0.02,267
1131.46,455243,25462,28,502,20,1.1,1,3.57,1551,2.98,15,0.03,267
1132.77,455746,25486,28,503,24,1.31,1,3.57,1551,2.98,105,0.31,268
1134.16,456250,25498,28,504,12,1.39,1,3.57,1551,2.98,50,0.12,268
1135.43,456754,25510,28,504,12,1.27,1,3.57,1551,2.98,35,0.09,268
1136.73,457258,25518,28,504,8,1.29,1,3.57,1551,2.98,65,0.16,268
1137.99,457762,25546,28,504,28,1.27,1,3.57,1551,2.98,115,0.29,268
1139.12,458266,25558,28,504,12,1.13,1,3.57,1551,2.98,90,0.21,269
1140.35,458767,25578,28,501,20,1.23,1,3.57,1551,2.98,100,0.22,269
1141.62,459267,25598,28,500,20,1.27,1,3.57,1551,2.98,180,0.47,269
1142.82,459771,25618,28,504,20,1.19,1,3.57,1551,2.98,55,0.12,269
1144.14,460274,25642,28,503,24,1.32,1,3.57,1551,2.98,30,0.09,270
1145.39,460775,25662,28,501,20,1.25,1,3.57,1551,2.98,120,0.28,270
1146.72,461278,25702,28,503,40,1.33,1,3.57,1551,2.98,20,0.06,271
1148,461781,25742,28,503,40,1.27,1,3.57,1551,2.98,25,0.06,273
1149.35,462285,25758,28,504,16,1.35,1,3.57,1551,2.98,10,0.02,273
1150.56,462785,25778,28,500,20,1.21,1,3.57,1551,2.98,100,0.22,274
1151.77,463285,25794,28,500,16,1.21,1,3.57,1551,2.98,230,0.57,274
1153.1,463789,25826,28,504,32,1.33,1,3.57,1551,2.98,85,0.21,275
1154.37,464291,25842,28,502,16,1.27,1,3.57,1551,2.98,230,0.61,275
1155.75,464795,25862,28,504,20,1.38,1,3.57,1551,2.98,145,0.36,275
1157.02,465299,25886,28,504,24,1.27,1,3.57,1551,2.98,145,0.34,275
1158.25,465803,25918,28,504,32,1.22,1,3.57,1551,2.98,5,0.02,275
1159.88,466304,25930,28,501,12,1.63,1,3.57,1551,2.98,40,0.14,276
1161.36,466804,25962,28,500,32,1.48,1,3.57,1551,2.98,310,0.79,276
1162.51,467306,25990,28,502,28,1.14,1,3.57,1551,2.98,5,0.01,276
1163.74,467809,26014,28,503,24,1.23,1,3.57,1551,2.98,85,0.19,276
1164.99,468309,26026,28,500,12,1.25,1,3.57,1551,2.98,65,0.15,276
1166.27,468811,26054,28,502,28,1.28,1,3.57,1551,2.98,35,0.1,277
1167.42,469315,26066,28,504,12,1.16,1,3.57,1551,2.98,40,0.09,277
1168.7,469818,26094,28,503,28,1.28,1,3.57,1551,2.98,35,0.08,278
1169.92,470319,26126,28,501,32,1.21,1,3.57,1551,2.98,45,0.13,278
1171.17,470822,26154,28,503,28,1.26,1,3.57,1551,2.98,10,0.02,278
1172.38,471325,26170,28,503,16,1.2,1,3.57,1551,2.98,50,0.11,278
1173.76,471825,26190,28,500,20,1.39,1,3.57,1551,2.98,45,0.15,278
1175.1,472325,26214,28,500,24,1.34,1,3.57,1551,2.98,50,0.13,278
1176.5,472829,26246,28,504,32,1.4,1,3.57,1551,2.98,5,0.02,278
1177.83,473330,26258,28,501,12,1.32,1,3.57,1551,2.98,75,0.22,278
1179.1,473834,26274,28,504,16,1.27,1,3.57,1551,2.98,20,0.05,278
1180.43,474335,26302,28,501,28,1.33,1,3.57,1551,2.98,15,0.04,278
1181.72,474836,26358,28,501,56,1.29,1,3.57,1551,2.98,45,0.12,279
1182.99,475338,26366,28,502,8,1.27,1,3.57,1551,2.98,100,0.25,280
1184.33,475840,26398,28,502,32,1.34,1,3.57,1551,2.98,85,0.24,280
1185.72,476341,26418,28,501,20,1.39,1,3.57,1551,2.98,40,0.1,280
1186.98,476845,26430,28,504,12,1.26,1,3.57,1551,2.98,255,0.61,280
1188.19,477345,26446,28,500,16,1.21,1,3.57,1551,2.98,160,0.42,280
1189.5,477845,26494,28,500,48,1.31,1,3.57,1551,2.98,40,0.11,281
1190.85,478348,26518,28,503,24,1.35,1,3.57,1551,2.98,95,0.33,281
1192.06,478848,26526,28,500,8,1.21,1,3.57,1551,2.98,30,0.1,281
1193.24,479351,26538,28,503,12,1.18,1,3.57,1551,2.98,10,0.03,281
1194.46,479851,26578,28,500,40,1.22,1,3.57,1551,2.98,105,0.26,283
1195.75,480354,26598,28,503,20,1.29,1,3.57,1551,2.98,90,0.23,284
1196.95,480858,26638,28,504,40,1.2,1,3.57,1551,2.98,125,0.34,284
1198.15,481358,26662,28,500,24,1.2,1,3.57,1551,2.98,30,0.08,285
1199.54,481861,26682,28,503,20,1.39,1,3.57,1551,2.98,45,0.12,285
1201.12,482361,26718,28,500,36,1.58,1,3.57,1551,2.98,35,0.09,285
1202.42,482861,26726,28,500,8,1.3,1,3.57,1551,2.98,185,0.5,285
1203.83,483361,26758,28,500,32,1.4,1,3.57,1551,2.98,75,0.2,286
1205.15,483864,26782,28,503,24,1.33,1,3.57,1551,2.98,25,0.07,286
1206.43,484367,26794,28,503,12,1.27,1,3.57,1551,2.98,5,0.02,286
1207.71,484867,26830,28,500,36,1.29,1,3.57,1551,2.98,35,0.08,287
1209.07,485371,26870,28,504,40,1.35,1,3.57,1551,2.98,95,0.26,288
1210.25,485871,26906,28,500,36,1.19,1,3.57,1551,2.98,10,0.03,288
1211.77,486371,26938,28,500,32,1.52,1,3.57,1551,2.98,120,0.34,288
1213.13,486873,26958,28,502,20,1.36,1,3.57,1551,2.98,145,0.39,288
1214.35,487376,26978,28,503,20,1.22,1,3.57,1551,2.98,35,0.08,288
1215.63,487877,26998,28,501,20,1.27,1,3.57,1551,2.98,30,0.08,288
1216.91,488381,27014,28,504,16,1.28,1,3.57,1551,2.98,145,0.37,289
1218.22,488882,27062,28,501,48,1.31,1,3.57,1551,2.98,110,0.25,290
1219.51,489382,27098,28,500,36,1.3,1,3.57,1551,2.98,160,0.43,290
1220.74,489884,27114,28,502,16,1.23,1,3.57,1551,2.98,110,0.25,290
1221.96,490387,27138,28,503,24,1.22,1,3.57,1551,2.98,20,0.04,290
1223.26,490889,27178,28,502,40,1.3,1,3.57,1551,2.98,75,0.2,291
1224.59,491389,27206,28,500,28,1.32,1,3.57,1551,2.98,5,0.02,291
1226,491890,27218,28,501,12,1.41,1,3.57,1551,2.98,75,0.21,291
1227.36,492391,27242,28,501,24,1.36,1,3.57,1551,2.98,80,0.22,291
1228.81,492894,27266,28,503,24,1.45,1,3.57,1551,2.98,185,0.53,291
1230.09,493397,27290,28,503,24,1.28,1,3.57,1551,2.98,95,0.24,291
1.16,500,4623,22,500,4623,1.16,3,13.64,102,0.19,375,0.91,1
2.29,1002,4623,22,502,0,1.13,1,4.55,447,1.07,430,0.97,1
3.33,1502,4623,22,500,0,1.04,0,0,447,1.07,930,2.01,1
4.38,2003,4938,22,501,315,1.05,1,4.55,981,2.12,450,0.95,1
5.43,2503,4947,24,500,9,1.05,4,16.67,981,2.12,60,0.12,2
6.76,3005,5946,25,502,999,1.33,6,24,981,2.12,50,0.12,4
7.82,3507,5946,25,502,0,1.06,1,4,981,2.12,230,0.45,4
8.95,4009,5990,24,502,44,1.13,4,16.67,981,2.12,145,0.34,5
9.96,4513,5990,24,504,0,1.01,2,8.33,981,2.12,30,0.05,5
10.98,5014,6034,24,501,44,1.03,2,8.33,981,2.12,35,0.07,6
12.2,5516,6035,25,502,1,1.22,1,4,981,2.12,60,0.18,7
13.42,6016,6035,25,500,0,1.21,0,0,981,2.12,560,1.4,7
14.33,6517,6042,25,501,7,0.91,1,4,981,2.12,220,0.38,7
15.44,7017,6042,25,500,0,1.11,0,0,981,2.12,720,1.49,7
16.57,7517,6042,25,500,0,1.13,0,0,981,2.12,1220,2.62,7
17.71,8018,6046,25,501,4,1.14,1,4,1561,3.38,160,0.37,7
18.68,8519,6050,25,501,4,0.98,1,4,1561,3.38,210,0.44,7
19.82,9020,6050,24,501,0,1.14,1,4.17,1561,3.38,375,0.81,7
20.75,9520,6050,24,500,0,0.93,0,0,1561,3.38,875,1.74,7
21.93,10020,6050,24,500,0,1.18,0,0,1561,3.38,1375,2.92,7
22.9,10520,6050,24,500,0,0.97,0,0,1561,3.38,1875,3.88,7
24,11020,6050,24,500,0,1.11,0,0,1561,3.38,2375,4.99,7
25.13,11520,6050,24,500,0,1.13,0,0,1561,3.38,2875,6.12,7
26.27,12020,6050,24,500,0,1.14,0,0,1561,3.38,3375,7.26,7
27.26,12520,6050,24,500,0,0.99,0,0,1561,3.38,3875,8.25,7
28.31,13020,6050,24,500,0,1.05,0,0,1561,3.38,4375,9.3,7
29.47,13520,6050,24,500,0,1.16,0,0,1561,3.38,4875,10.46,7
30.51,14020,6050,24,500,0,1.04,0,0,1561,3.38,5375,11.5,7
31.57,14520,6050,24,500,0,1.06,0,0,1561,3.38,5875,12.56,7
32.65,15020,6050,24,500,0,1.08,0,0,1561,3.38,6375,13.64,7
33.78,15520,6050,24,500,0,1.13,0,0,1561,3.38,6875,14.77,7
34.71,16020,6050,24,500,0,0.93,0,0,1561,3.38,7375,15.69,7
35.72,16520,6050,24,500,0,1.01,0,0,1561,3.38,7875,16.71,7
36.79,17020,6050,24,500,0,1.07,0,0,1561,3.38,8375,17.77,7
37.91,17520,6050,24,500,0,1.12,0,0,1561,3.38,8875,18.89,7
39.05,18020,6050,24,500,0,1.14,0,0,1561,3.38,9375,20.04,7
40.21,18523,6058,24,503,8,1.17,1,4.17,9482,20.24,205,0.47,8
41.4,19023,6058,24,500,0,1.18,0,0,9482,20.24,705,1.65,8
42.54,19523,6058,24,500,0,1.14,0,0,9482,20.24,1205,2.8,8
43.65,20023,6058,24,500,0,1.11,0,0,9482,20.24,1705,3.91,8
44.83,20524,6062,24,501,4,1.18,1,4.17,9482,20.24,300,0.71,9
45.94,21025,6066,24,501,4,1.11,1,4.17,9482,20.24,35,0.1,9
47.15,21525,6066,24,500,0,1.21,0,0,9482,20.24,535,1.31,9
48.35,22026,6070,24,501,4,1.21,1,4.17,9482,20.24,125,0.3,10
49.38,22527,6074,24,501,4,1.02,1,4.17,9482,20.24,85,0.16,11
50.51,23027,6074,24,500,0,1.13,0,0,9482,20.24,585,1.29,11
51.65,23528,6078,24,501,4,1.14,1,4.17,9482,20.24,190,0.44,11
52.75,24029,6082,24,501,4,1.1,1,4.17,9482,20.24,125,0.28,11
53.92,24533,6094,24,504,12,1.16,1,4.17,9482,20.24,55,0.13,11
55,25035,6098,24,502,4,1.09,1,4.17,9482,20.24,435,0.95,11
56.04,25536,6105,24,501,7,1.03,1,4.17,9482,20.24,205,0.44,12
57.01,26036,6105,24,500,0,0.98,0,0,9482,20.24,705,1.41,12
58.23,26538,6121,24,502,16,1.22,2,8.33,9482,20.24,330,0.83,12
59.35,27038,6133,24,500,12,1.12,1,4.17,9482,20.24,200,0.39,12
60.59,27542,6141,24,504,8,1.24,1,4.17,9482,20.24,275,0.69,13
61.78,28043,6153,24,501,12,1.19,1,4.17,9482,20.24,295,0.67,13
62.89,28545,6161,24,502,8,1.11,1,4.17,9482,20.24,35,0.08,13
64.03,29047,6169,24,502,8,1.14,1,4.17,9482,20.24,155,0.34,13
65.18,29551,6181,24,504,12,1.15,1,4.17,9482,20.24,175,0.4,15
66.34,30054,6189,24,503,8,1.16,1,4.17,9482,20.24,170,0.36,15
67.47,30557,6197,24,503,8,1.13,1,4.17,9482,20.24,125,0.35,15
68.63,31058,6217,24,501,20,1.17,1,4.17,9482,20.24,35,0.09,16
69.97,31559,6221,24,501,4,1.33,1,4.17,9482,20.24,410,1.1,16
71.12,32059,6237,24,500,16,1.15,1,4.17,9482,20.24,180,0.44,17
72.2,32563,6249,24,504,12,1.08,1,4.17,9482,20.24,60,0.12,17
73.36,33065,6277,24,502,28,1.16,1,4.17,9482,20.24,30,0.05,17
74.5,33567,6285,24,502,8,1.14,1,4.17,9482,20.24,5,0.01,18
75.51,34070,6289,24,503,4,1,1,4.17,9482,20.24,340,0.67,18
76.69,34574,6305,24,504,16,1.18,1,4.17,9482,20.24,10,0.03,18
77.92,35076,6341,24,502,36,1.23,2,8.33,9482,20.24,0,0,18
79.1,35577,6345,24,501,4,1.18,1,4.17,9482,20.24,10,0.02,18
80.25,36079,6369,24,502,24,1.15,1,4.17,9482,20.24,45,0.13,18
81.49,36579,6385,24,500,16,1.25,1,4.17,9482,20.24,0,0,19
82.64,37080,6389,24,501,4,1.15,1,4.17,9482,20.24,110,0.23,19
83.79,37581,6405,24,501,16,1.15,1,4.17,9482,20.24,170,0.41,19
84.91,38085,6437,24,504,32,1.11,1,4.17,9482,20.24,20,0.04,19
85.98,38586,6465,24,501,28,1.07,1,4.17,9482,20.24,120,0.23,19
87.17,39089,6493,24,503,28,1.19,1,4.17,9482,20.24,10,0.02,19
88.28,39591,6509,24,502,16,1.11,1,4.17,9482,20.24,265,0.57,19
89.4,40092,6529,24,501,20,1.12,1,4.17,9482,20.24,105,0.23,19
90.53,40594,6557,24,502,28,1.13,1,4.17,9482,20.24,90,0.22,19
91.68,41098,6573,24,504,16,1.15,1,4.17,9482,20.24,335,0.74,20
92.69,41600,6581,24,502,8,1.02,1,4.17,9482,20.24,120,0.24,20
93.76,42103,6609,24,503,28,1.07,1,4.17,9482,20.24,55,0.09,20
94.81,42604,6645,24,501,36,1.05,2,8.33,9482,20.24,100,0.21,20
96.05,43108,6665,24,504,20,1.23,1,4.17,9482,20.24,145,0.34,21
97.23,43609,6681,24,501,16,1.18,1,4.17,9482,20.24,90,0.2,22
98.43,44112,6693,24,503,12,1.21,1,4.17,9482,20.24,420,1,22
99.59,44616,6709,24,504,16,1.15,1,4.17,9482,20.24,240,0.55,22
100.85,45118,6729,24,502,20,1.26,1,4.17,9482,20.24,15,0.04,23
102.08,45622,6745,24,504,16,1.23,1,4.17,9482,20.24,20,0.05,23
103.29,46126,6761,24,504,16,1.21,1,4.17,9482,20.24,125,0.3,24
104.4,46627,6765,24,501,4,1.11,1,4.17,9482,20.24,330,0.69,24
105.56,47127,6817,24,500,52,1.16,1,4.17,9482,20.24,5,0.01,26
106.73,47628,6837,24,501,20,1.17,1,4.17,9482,20.24,30,0.07,26
107.96,48131,6845,24,503,8,1.23,1,4.17,9482,20.24,175,0.42,26
109.34,48631,6885,24,500,40,1.38,1,4.17,9482,20.24,170,0.45,26
110.62,49135,6897,24,504,12,1.28,1,4.17,9482,20.24,85,0.21,26
111.93,49637,6905,24,502,8,1.31,1,4.17,9482,20.24,290,0.74,26
113.21,50139,6929,24,502,24,1.28,1,4.17,9482,20.24,160,0.4,26
114.42,50639,6961,24,500,32,1.22,1,4.17,9482,20.24,60,0.15,27
115.67,51143,6973,24,504,12,1.25,1,4.17,9482,20.24,40,0.11,27
116.84,51645,6993,24,502,20,1.17,1,4.17,9482,20.24,65,0.16,28
117.92,52147,7009,24,502,16,1.09,1,4.17,9482,20.24,230,0.5,29
119.17,52651,7033,24,504,24,1.24,2,8.33,9482,20.24,45,0.11,29
120.35,53154,7045,24,503,12,1.19,1,4.17,9482,20.24,105,0.28,29
121.46,53656,7069,24,502,24,1.1,1,4.17,9482,20.24,5,0.01,30
122.65,54156,7081,24,500,12,1.19,1,4.17,9482,20.24,50,0.11,30
123.9,54656,7089,24,500,8,1.25,1,4.17,9482,20.24,260,0.64,31
125.15,55160,7121,24,504,32,1.25,2,8.33,9482,20.24,90,0.21,31
126.35,55664,7145,24,504,24,1.2,1,4.17,9482,20.24,280,0.68,31
127.52,56168,7165,24,504,20,1.18,1,4.17,9482,20.24,100,0.23,31
128.72,56672,7181,24,504,16,1.19,1,4.17,9482,20.24,65,0.14,31
129.93,57176,7205,24,504,24,1.22,1,4.17,9482,20.24,20,0.06,31
131.17,57679,7221,24,503,16,1.24,2,8.33,9482,20.24,30,0.06,32
132.4,58180,7237,24,501,16,1.23,1,4.17,9482,20.24,175,0.45,32
133.69,58684,7269,24,504,32,1.29,1,4.17,9482,20.24,20,0.07,33
134.88,59186,7285,24,502,16,1.19,2,8.33,9482,20.24,35,0.08,33
136.08,59690,7317,24,504,32,1.2,1,4.17,9482,20.24,20,0.04,34
137.28,60194,7349,24,504,32,1.2,1,4.17,9482,20.24,5,0.01,35
138.54,60695,7369,24,501,20,1.26,1,4.17,9482,20.24,60,0.14,35
139.67,61197,7393,24,502,24,1.13,1,4.17,9482,20.24,120,0.26,35
140.79,61698,7413,24,501,20,1.11,1,4.17,9482,20.24,25,0.04,35
142.04,62201,7441,24,503,28,1.25,1,4.17,9482,20.24,5,0.01,35
143.3,62702,7457,24,501,16,1.26,1,4.17,9482,20.24,135,0.32,35
144.52,63206,7481,24,504,24,1.22,1,4.17,9482,20.24,70,0.15,35
145.69,63706,7505,24,500,24,1.16,1,4.17,9482,20.24,115,0.27,35
146.87,64206,7525,24,500,20,1.19,1,4.17,9482,20.24,30,0.07,35
148.01,64706,7561,24,500,36,1.13,1,4.17,9482,20.24,0,0,36
149.23,65208,7573,24,502,12,1.22,1,4.17,9482,20.24,285,0.71,36
150.46,65711,7601,24,503,28,1.23,1,4.17,9482,20.24,145,0.4,36
151.8,66215,7629,24,504,28,1.33,1,4.17,9482,20.24,150,0.37,36
152.97,66719,7657,24,504,28,1.18,1,4.17,9482,20.24,85,0.19,36
154.26,67220,7673,24,501,16,1.29,1,4.17,9482,20.24,135,0.38,36
155.46,67721,7697,24,501,24,1.2,1,4.17,9482,20.24,40,0.11,36
156.72,68223,7721,24,502,24,1.25,1,4.17,9482,20.24,115,0.27,38
157.93,68723,7741,24,500,20,1.21,1,4.17,9482,20.24,95,0.22,39
159.14,69226,7749,24,503,8,1.22,1,4.17,9482,20.24,175,0.43,39
160.34,69730,7793,24,504,44,1.2,1,4.17,9482,20.24,5,0.01,41
161.5,70230,7813,24,500,20,1.16,1,4.17,9482,20.24,80,0.2,42
162.85,70734,7841,24,504,28,1.35,1,4.17,9482,20.24,70,0.18,42
164.12,71237,7853,24,503,12,1.28,1,4.17,9482,20.24,5,0.01,42
165.34,71737,7869,24,500,16,1.22,1,4.17,9482,20.24,65,0.15,43
166.55,72240,7897,24,503,28,1.21,1,4.17,9482,20.24,135,0.31,43
167.63,72740,7921,24,500,24,1.08,1,4.17,9482,20.24,20,0.04,43
168.89,73241,7949,24,501,28,1.26,1,4.17,9482,20.24,10,0.03,43
170.04,73741,7969,24,500,20,1.15,1,4.17,9482,20.24,45,0.1,43
171.34,74241,8025,24,500,56,1.3,1,4.17,9482,20.24,15,0.04,43
172.49,74741,8045,24,500,20,1.15,1,4.17,9482,20.24,85,0.17,43
173.79,75244,8069,24,503,24,1.31,1,4.17,9482,20.24,55,0.13,43
174.99,75744,8093,24,500,24,1.2,1,4.17,9482,20.24,50,0.11,43
176.16,76248,8109,24,504,16,1.16,1,4.17,9482,20.24,15,0.02,43
177.29,76749,8121,24,501,12,1.14,1,4.17,9482,20.24,15,0.03,43
178.48,77249,8157,24,500,36,1.19,1,4.17,9482,20.24,30,0.07,44
179.7,77751,8185,24,502,28,1.22,1,4.17,9482,20.24,40,0.09,46
180.9,78252,8201,24,501,16,1.2,1,4.17,9482,20.24,170,0.38,47
182.03,78753,8229,24,501,28,1.13,1,4.17,9482,20.24,15,0.04,47
183.25,79256,8253,24,503,24,1.22,1,4.17,9482,20.24,10,0.02,48
184.55,79756,8277,24,500,24,1.3,1,4.17,9482,20.24,100,0.26,49
185.81,80259,8297,24,503,20,1.25,1,4.17,9482,20.24,115,0.31,49
187.15,80761,8305,24,502,8,1.35,1,4.17,9482,20.24,330,0.87,49
188.38,81265,8317,24,504,12,1.23,1,4.17,9482,20.24,35,0.08,49
189.62,81768,8345,24,503,28,1.24,1,4.17,9482,20.24,30,0.06,49
190.75,82268,8365,24,500,20,1.12,1,4.17,9482,20.24,180,0.42,49
191.86,82769,8381,24,501,16,1.11,1,4.17,9482,20.24,75,0.16,49
193.05,83269,8405,24,500,24,1.19,1,4.17,9482,20.24,50,0.13,50
194.08,83769,8409,24,500,4,1.02,2,8.33,9482,20.24,465,0.93,50
195.11,84269,8409,24,500,0,1.04,0,0,9482,20.24,965,1.96,50
196.13,84769,8409,24,500,0,1.02,0,0,9482,20.24,1465,2.99,50
197.08,85269,8409,24,500,0,0.94,0,0,9482,20.24,1965,3.93,50
198.06,85770,8417,24,501,8,0.98,2,8.33,9482,20.24,455,0.9,50
199.15,86270,8417,24,500,0,1.09,0,0,9482,20.24,955,1.99,50
200.21,86770,8417,24,500,0,1.06,0,0,9482,20.24,1455,3.05,50
201.33,87270,8417,24,500,0,1.11,0,0,9482,20.24,1955,4.17,50
202.43,87770,8417,24,500,0,1.1,0,0,9482,20.24,2455,5.27,50
203.48,88270,8417,24,500,0,1.04,0,0,9482,20.24,2955,6.31,50
204.59,88771,8421,24,501,4,1.12,1,4.17,9482,20.24,395,0.86,51
205.59,89271,8421,24,500,0,1,0,0,9482,20.24,895,1.86,51
206.62,89774,8425,24,503,4,1.02,1,4.17,9482,20.24,440,0.9,51
207.67,90276,8433,24,502,8,1.05,1,4.17,9482,20.24,295,0.61,51
208.77,90777,8437,24,501,4,1.1,1,4.17,9482,20.24,450,0.98,51
209.84,91278,8441,24,501,4,1.07,1,4.17,9482,20.24,285,0.62,51
210.95,91779,8445,24,501,4,1.11,1,4.17,9482,20.24,105,0.25,51
212,92279,8445,24,500,0,1.05,0,0,9482,20.24,605,1.3,51
213.16,92779,8445,24,500,0,1.16,0,0,9482,20.24,1105,2.46,51
214.28,93280,8449,24,501,4,1.11,1,4.17,9482,20.24,110,0.24,51
215.35,93781,8453,24,501,4,1.07,1,4.17,9482,20.24,465,0.99,51
216.44,94285,8469,24,504,16,1.1,1,4.17,9482,20.24,55,0.12,51
217.57,94785,8469,24,500,0,1.12,0,0,9482,20.24,555,1.25,51
218.6,95285,8469,24,500,0,1.03,0,0,9482,20.24,1055,2.28,51
219.63,95788,8477,24,503,8,1.03,1,4.17,9482,20.24,280,0.56,52
220.69,96292,8489,24,504,12,1.06,1,4.17,9482,20.24,90,0.21,53
221.72,96796,8505,24,504,16,1.03,2,8.33,9482,20.24,10,0.02,53
222.91,97297,8509,24,501,4,1.19,1,4.17,9482,20.24,335,0.81,53
224.03,97801,8533,24,504,24,1.12,1,4.17,9482,20.24,15,0.03,54
225.17,98304,8545,24,503,12,1.14,1,4.17,9482,20.24,170,0.37,54
226.36,98806,8569,24,502,24,1.19,2,8.33,9482,20.24,115,0.31,54
227.5,99308,8589,24,502,20,1.14,2,8.33,9482,20.24,65,0.15,54
228.67,99808,8601,24,500,12,1.17,1,4.17,9482,20.24,5,0.01,54
229.86,100309,8637,24,501,36,1.2,1,4.17,9482,20.24,35,0.08,54
231.04,100813,8649,24,504,12,1.18,1,4.17,9482,20.24,60,0.13,55
232.22,101313,8681,24,500,32,1.18,1,4.17,9482,20.24,80,0.2,55
233.51,101813,8697,24,500,16,1.29,1,4.17,9482,20.24,70,0.19,55
234.8,102314,8701,24,501,4,1.29,1,4.17,9482,20.24,365,0.93,55
235.96,102815,8725,24,501,24,1.16,1,4.17,9482,20.24,140,0.34,55
237.16,103319,8737,24,504,12,1.2,2,8.33,9482,20.24,225,0.54,55
238.36,103823,8761,24,504,24,1.2,1,4.17,9482,20.24,35,0.09,55
239.62,104323,8773,24,500,12,1.26,1,4.17,9482,20.24,180,0.45,56
240.62,104825,8781,24,502,8,1,1,4.17,9482,20.24,65,0.13,56
241.75,105327,8789,24,502,8,1.13,1,4.17,9482,20.24,220,0.5,56
242.92,105831,8813,24,504,24,1.17,1,4.17,9482,20.24,95,0.19,58
244.04,106333,8829,24,502,16,1.12,1,4.17,9482,20.24,150,0.3,58
245.2,106833,8853,24,500,24,1.16,1,4.17,9482,20.24,55,0.14,58
246.45,107336,8877,24,503,24,1.25,1,4.17,9482,20.24,80,0.18,59
247.49,107840,8893,24,504,16,1.04,1,4.17,9482,20.24,140,0.27,59
248.79,108340,8901,24,500,8,1.3,1,4.17,9482,20.24,320,0.87,59
249.99,108843,8917,24,503,16,1.2,1,4.17,9482,20.24,85,0.22,60
251.25,109344,8949,24,501,32,1.26,1,4.17,9482,20.24,125,0.29,60
252.47,109845,8969,24,501,20,1.22,1,4.17,9482,20.24,65,0.16,60
253.88,110348,8981,24,503,12,1.41,1,4.17,9482,20.24,205,0.53,61
255.06,110850,8989,24,502,8,1.19,1,4.17,9482,20.24,75,0.19,61
256.28,111350,9005,24,500,16,1.22,1,4.17,9482,20.24,395,0.95,63
257.48,111851,9021,24,501,16,1.19,1,4.17,9482,20.24,65,0.14,63
258.67,112352,9041,24,501,20,1.19,1,4.17,9482,20.24,60,0.14,63
259.78,112853,9073,24,501,32,1.11,2,8.33,9482,20.24,190,0.4,63
260.93,113357,9089,24,504,16,1.15,1,4.17,9482,20.24,200,0.48,64
262.06,113858,9105,24,501,16,1.13,1,4.17,9482,20.24,85,0.19,64
263.27,114358,9133,24,500,28,1.21,1,4.17,9482,20.24,35,0.1,64
264.32,114860,9145,24,502,12,1.06,1,4.17,9482,20.24,120,0.26,64
265.53,115361,9153,24,501,8,1.2,2,8.33,9482,20.24,115,0.27,64
266.78,115863,9173,24,502,20,1.25,1,4.17,9482,20.24,15,0.03,64
268.03,116367,9201,24,504,28,1.25,1,4.17,9482,20.24,45,0.13,64
269.26,116870,9209,24,503,8,1.24,1,4.17,9482,20.24,20,0.14,64
270.46,117370,9237,24,500,28,1.2,1,4.17,9482,20.24,25,0.06,64
271.72,117874,9265,24,504,28,1.26,1,4.17,9482,20.24,105,0.27,65
272.89,118374,9305,24,500,40,1.17,1,4.17,9482,20.24,0,0,65
274.06,118876,9313,24,502,8,1.17,1,4.17,9482,20.24,135,0.29,65
275.27,119376,9353,24,500,40,1.21,1,4.17,9482,20.24,5,0.01,66
276.47,119878,9369,24,502,16,1.19,1,4.17,9482,20.24,15,0.03,67
277.68,120380,9397,24,502,28,1.21,1,4.17,9482,20.24,45,0.09,67
278.9,120881,9413,24,501,16,1.22,1,4.17,9482,20.24,50,0.11,67
280.15,121383,9421,24,502,8,1.25,1,4.17,9482,20.24,200,0.47,67
281.3,121887,9445,24,504,24,1.16,1,4.17,9482,20.24,45,0.12,67
282.56,122390,9453,24,503,8,1.25,2,8.33,9482,20.24,350,0.87,67
283.91,122893,9461,24,503,8,1.35,1,4.17,9482,20.24,180,0.46,67
285.06,123397,9485,24,504,24,1.16,2,8.33,9482,20.24,5,0.02,67
286.33,123901,9509,24,504,24,1.27,1,4.17,9482,20.24,90,0.2,68
287.63,124404,9517,24,503,8,1.3,1,4.17,9482,20.24,230,0.58,68
288.89,124904,9541,24,500,24,1.26,1,4.17,9482,20.24,30,0.06,68
290.15,125407,9557,24,503,16,1.26,1,4.17,9482,20.24,120,0.32,68
291.34,125911,9593,24,504,36,1.19,1,4.17,9482,20.24,35,0.08,68
292.6,126411,9613,24,500,20,1.26,1,4.17,9482,20.24,35,0.09,68
293.77,126915,9625,24,504,12,1.18,1,4.17,9482,20.24,345,0.82,69
294.94,127415,9633,24,500,8,1.17,2,8.33,9482,20.24,140,0.34,69
296.23,127916,9637,24,501,4,1.29,1,4.17,9482,20.24,370,0.95,69
297.45,128416,9657,24,500,20,1.22,1,4.17,9482,20.24,150,0.37,69
298.62,128917,9673,24,501,16,1.17,1,4.17,9482,20.24,15,0.03,71
299.65,129417,9689,24,500,16,1.03,1,4.17,9482,20.24,140,0.28,71
300.84,129920,9701,24,503,12,1.19,1,4.17,9482,20.24,320,0.75,72
302.06,130422,9721,24,502,20,1.22,1,4.17,9482,20.24,5,0.01,72
303.23,130922,9721,24,500,0,1.17,0,0,9482,20.24,505,1.18,72
304.37,131423,9737,24,501,16,1.13,1,4.17,9482,20.24,185,0.42,72
305.6,131923,9769,24,500,32,1.23,1,4.17,9482,20.24,35,0.08,73
306.87,132424,9793,24,501,24,1.27,1,4.17,9482,20.24,135,0.38,74
308.09,132924,9805,24,500,12,1.22,1,4.17,9482,20.24,135,0.31,74
309.33,133428,9829,24,504,24,1.24,1,4.17,9482,20.24,30,0.08,74
310.57,133932,9841,24,504,12,1.24,1,4.17,9482,20.24,10,0.03,74
311.73,134435,9853,24,503,12,1.16,1,4.17,9482,20.24,20,0.05,75
312.99,134936,9881,24,501,28,1.26,1,4.17,9482,20.24,55,0.11,76
314.23,135436,9913,24,500,32,1.24,1,4.17,9482,20.24,95,0.22,76
315.41,135940,9929,24,504,16,1.19,1,4.17,9482,20.24,65,0.15,76
316.53,136443,9961,24,503,32,1.12,1,4.17,9482,20.24,5,0.01,77
317.68,136943,9981,24,500,20,1.15,1,4.17,9482,20.24,25,0.06,77
318.87,137446,10005,24,503,24,1.19,1,4.17,9482,20.24,35,0.08,78
320.1,137947,10021,24,501,16,1.23,1,4.17,9482,20.24,35,0.08,79
321.46,138447,10041,24,500,20,1.36,1,4.17,9482,20.24,110,0.31,79
322.66,138950,10049,24,503,8,1.2,1,4.17,9482,20.24,35,0.08,79
323.77,139451,10077,24,501,28,1.11,1,4.17,9482,20.24,0,0,79
324.92,139955,10097,24,504,20,1.15,1,4.17,9482,20.24,85,0.2,79
326.34,140456,10121,24,501,24,1.42,1,4.17,9482,20.24,35,0.12,80
327.81,140957,10141,24,501,20,1.47,1,4.17,9482,20.24,75,0.22,80
329.14,141458,10161,24,501,20,1.32,1,4.17,9482,20.24,150,0.39,80
330.39,141961,10173,24,503,12,1.25,1,4.17,9482,20.24,25,0.07,80
331.68,142461,10193,24,500,20,1.29,1,4.17,9482,20.24,90,0.24,80
332.93,142963,10197,24,502,4,1.25,1,4.17,9482,20.24,285,0.74,80
334.22,143467,10217,24,504,20,1.29,1,4.17,9482,20.24,190,0.49,80
335.5,143967,10241,24,500,24,1.28,1,4.17,9482,20.24,15,0.04,81
336.73,144469,10265,24,502,24,1.23,1,4.17,9482,20.24,245,0.62,81
337.88,144969,10297,24,500,32,1.15,1,4.17,9482,20.24,5,0.01,81
339.05,145469,10309,24,500,12,1.17,1,4.17,9482,20.24,110,0.27,81
340.18,145973,10329,24,504,20,1.13,1,4.17,9482,20.24,15,0.04,81
341.5,146473,10349,24,500,20,1.33,1,4.17,9482,20.24,30,0.08,81
342.85,146975,10381,24,502,32,1.35,1,4.17,9482,20.24,60,0.16,82
344.18,147479,10405,24,504,24,1.33,1,4.17,9482,20.24,150,0.41,83
345.51,147981,10441,24,502,36,1.33,1,4.17,9482,20.24,5,0.01,83
346.63,148485,10461,24,504,20,1.13,1,4.17,9482,20.24,40,0.09,83
347.8,148986,10477,24,501,16,1.17,1,4.17,9482,20.24,35,0.07,83
349.11,149489,10497,24,503,20,1.31,1,4.17,9482,20.24,135,0.35,83
350.43,149992,10541,24,503,44,1.32,1,4.17,9482,20.24,15,0.03,84
351.76,150494,10569,24,502,28,1.33,1,4.17,9482,20.24,60,0.15,84
353.04,150998,10581,24,504,12,1.28,1,4.17,9482,20.24,80,0.21,84
354.33,151499,10617,24,501,36,1.3,1,4.17,9482,20.24,10,0.02,84
355.62,152003,10641,24,504,24,1.29,1,4.17,9482,20.24,180,0.46,84
356.88,152504,10669,24,501,28,1.26,1,4.17,9482,20.24,55,0.15,84
358.15,153007,10681,24,503,12,1.27,1,4.17,9482,20.24,60,0.15,84
359.4,153509,10685,24,502,4,1.26,1,4.17,9482,20.24,40,0.09,84
360.6,154011,10705,24,502,20,1.19,1,4.17,9482,20.24,15,0.04,84
361.95,154511,10741,24,500,36,1.35,1,4.17,9482,20.24,0,0,85
363.14,155015,10749,24,504,8,1.2,1,4.17,9482,20.24,245,0.56,86
364.29,155516,10773,24,501,24,1.15,1,4.17,9482,20.24,40,0.09,87
365.58,156018,10793,24,502,20,1.28,1,4.17,9482,20.24,25,0.07,87
366.8,156520,10817,24,502,24,1.22,1,4.17,9482,20.24,30,0.09,88
368,157022,10833,24,502,16,1.2,1,4.17,9482,20.24,60,0.14,89
369.19,157526,10881,24,504,48,1.19,1,4.17,9482,20.24,15,0.04,89
370.38,158030,10897,24,504,16,1.19,1,4.17,9482,20.24,45,0.11,89
371.68,158530,10945,24,500,48,1.3,1,4.17,9482,20.24,35,0.08,91
372.93,159033,10953,24,503,8,1.25,1,4.17,9482,20.24,195,0.48,91
374.17,159537,10969,24,504,16,1.23,1,4.17,9482,20.24,55,0.13,91
375.39,160040,10977,24,503,8,1.22,1,4.17,9482,20.24,380,0.94,92
376.72,160543,11013,24,503,36,1.33,1,4.17,9482,20.24,20,0.06,93
377.86,161045,11053,24,502,40,1.14,1,4.17,9482,20.24,25,0.07,94
379.11,161548,11069,24,503,16,1.25,1,4.17,9482,20.24,230,0.58,95
380.32,162050,11089,24,502,20,1.21,1,4.17,9482,20.24,110,0.27,95
381.55,162554,11097,24,504,8,1.23,1,4.17,9482,20.24,35,0.09,95
382.79,163058,11113,24,504,16,1.24,1,4.17,9482,20.24,5,0.01,95
383.98,163558,11145,24,500,32,1.19,1,4.17,9482,20.24,75,0.17,96
385.25,164059,11165,24,501,20,1.27,1,4.17,9482,20.24,30,0.07,96
386.59,164562,11185,24,503,20,1.34,1,4.17,9482,20.24,20,0.05,96
387.8,165062,11205,24,500,20,1.21,1,4.17,9482,20.24,50,0.14,96
389.02,165563,11225,24,501,20,1.23,1,4.17,9482,20.24,90,0.22,96
390.2,166063,11245,24,500,20,1.18,1,4.17,9482,20.24,140,0.3,96
391.35,166567,11261,24,504,16,1.14,1,4.17,9482,20.24,150,0.36,96
392.61,167067,11289,24,500,28,1.26,1,4.17,9482,20.24,160,0.39,96
393.79,167571,11313,24,504,24,1.18,1,4.17,9482,20.24,25,0.06,97
394.97,168075,11337,24,504,24,1.18,1,4.17,9482,20.24,120,0.29,97
396.1,168577,11357,24,502,20,1.13,1,4.17,9482,20.24,245,0.54,98
397.31,169080,11381,24,503,24,1.21,1,4.17,9482,20.24,25,0.05,98
398.46,169583,11393,24,503,12,1.15,1,4.17,9482,20.24,70,0.16,98
399.64,170083,11409,24,500,16,1.18,1,4.17,9482,20.24,55,0.16,98
400.86,170585,11429,24,502,20,1.22,1,4.17,9482,20.24,200,0.42,98
402.18,171085,11449,24,500,20,1.32,1,4.17,9482,20.24,10,0.04,98
403.42,171586,11481,24,501,32,1.24,1,4.17,9482,20.24,50,0.1,98
404.7,172089,11497,24,503,16,1.27,1,4.17,9482,20.24,135,0.35,98
405.95,172590,11525,24,501,28,1.25,1,4.17,9482,20.24,5,0.01,98
407.23,173093,11557,24,503,32,1.28,1,4.17,9482,20.24,55,0.13,98
408.55,173593,11589,24,500,32,1.32,1,4.17,9482,20.24,5,0.01,99
409.75,174096,11601,24,503,12,1.2,1,4.17,9482,20.24,200,0.48,99
410.92,174597,11641,24,501,40,1.17,1,4.17,9482,20.24,180,0.4,99
412.1,175097,11661,24,500,20,1.18,1,4.17,9482,20.24,40,0.09,99
413.27,175599,11669,24,502,8,1.17,1,4.17,9482,20.24,80,0.2,99
414.61,176103,11681,24,504,12,1.34,1,4.17,9482,20.24,240,0.65,99
415.95,176605,11693,24,502,12,1.34,1,4.17,9482,20.24,160,0.45,100
417.18,177109,11705,24,504,12,1.22,1,4.17,9482,20.24,175,0.43,100
418.51,177612,11745,24,503,40,1.34,1,4.17,9482,20.24,85,0.27,100
419.75,178115,11757,24,503,12,1.24,1,4.17,9482,20.24,10,0.02,100
420.95,178615,11777,24,500,20,1.2,1,4.17,9482,20.24,250,0.61,100
422.28,179116,11805,24,501,28,1.33,1,4.17,9482,20.24,45,0.11,101
423.51,179617,11809,24,501,4,1.23,1,4.17,9482,20.24,95,0.22,101
424.71,180120,11849,24,503,40,1.2,1,4.17,9482,20.24,70,0.18,102
425.93,180623,11857,24,503,8,1.22,1,4.17,9482,20.24,130,0.32,102
427.15,181124,11885,24,501,28,1.21,2,8.33,9482,20.24,15,0.04,103
428.42,181624,11909,24,500,24,1.28,1,4.17,9482,20.24,105,0.29,104
429.62,182124,11909,24,500,0,1.2,0,0,9482,20.24,605,1.5,104
430.81,182628,11925,24,504,16,1.19,1,4.17,9482,20.24,210,0.51,104
432.17,183132,11949,24,504,24,1.35,1,4.17,9482,20.24,55,0.13,104
433.53,183633,11977,24,501,28,1.37,1,4.17,9482,20.24,100,0.24,106
434.74,184134,11981,24,501,4,1.2,1,4.17,9482,20.24,330,0.75,106
436,184635,12001,24,501,20,1.26,1,4.17,9482,20.24,55,0.11,106
437.26,185135,12033,24,500,32,1.26,1,4.17,9482,20.24,5,0.01,107
438.43,185636,12049,24,501,16,1.17,1,4.17,9482,20.24,15,0.03,108
439.61,186138,12097,24,502,48,1.18,1,4.17,9482,20.24,5,0.01,108
440.75,186642,12105,24,504,8,1.14,1,4.17,9482,20.24,290,0.69,108
441.96,187143,12133,24,501,28,1.22,1,4.17,9482,20.24,10,0.02,108
443.05,187645,12153,24,502,20,1.09,1,4.17,9482,20.24,125,0.29,108
444.22,188149,12165,24,504,12,1.17,1,4.17,9482,20.24,285,0.62,108
445.5,188652,12185,24,503,20,1.28,1,4.17,9482,20.24,170,0.44,108
446.67,189155,12209,24,503,24,1.16,1,4.17,9482,20.24,100,0.23,108
447.78,189655,12237,24,500,28,1.11,1,4.17,9482,20.24,0,0,108
449.06,190157,12245,24,502,8,1.29,1,4.17,9482,20.24,15,0.04,108
450.32,190658,12265,24,501,20,1.26,1,4.17,9482,20.24,80,0.21,108
451.54,191158,12289,24,500,24,1.22,1,4.17,9482,20.24,20,0.05,108
452.9,191662,12301,24,504,12,1.36,1,4.17,9482,20.24,30,0.1,108
454.19,192164,12345,24,502,44,1.29,1,4.17,9482,20.24,15,0.03,108
455.48,192668,12369,24,504,24,1.29,1,4.17,9482,20.24,190,0.53,108
456.8,193169,12389,24,501,20,1.32,1,4.17,9482,20.24,60,0.16,108
457.95,193671,12417,24,502,28,1.15,1,4.17,9482,20.24,20,0.05,108
459.18,194173,12437,24,502,20,1.23,1,4.17,9482,20.24,155,0.37,108
460.4,194673,12453,24,500,16,1.22,1,4.17,9482,20.24,150,0.37,108
461.59,195176,12477,24,503,24,1.2,1,4.17,9482,20.24,85,0.23,108
462.83,195677,12493,24,501,16,1.23,1,4.17,9482,20.24,0,0,108
464.12,196179,12513,24,502,20,1.29,1,4.17,9482,20.24,110,0.26,109
465.43,196679,12537,24,500,24,1.31,1,4.17,9482,20.24,15,0.03,109
466.55,197181,12573,24,502,36,1.12,1,4.17,9482,20.24,65,0.13,109
467.86,197683,12581,24,502,8,1.31,1,4.17,9482,20.24,180,0.46,109
469.07,198184,12629,24,501,48,1.21,1,4.17,9482,20.24,15,0.04,111
470.22,198685,12661,24,501,32,1.15,1,4.17,9482,20.24,135,0.27,112
471.32,199186,12665,24,501,4,1.1,1,4.17,9482,20.24,310,0.69,112
472.49,199687,12685,24,501,20,1.17,1,4.17,9482,20.24,25,0.06,112
473.71,200189,12701,24,502,16,1.23,1,4.17,9482,20.24,10,0.03,112
474.86,200689,12717,24,500,16,1.15,1,4.17,9482,20.24,175,0.38,114
476.02,201193,12749,24,504,32,1.16,1,4.17,9482,20.24,20,0.05,114
477.16,201694,12753,24,501,4,1.14,1,4.17,9482,20.24,435,1,114
478.35,202195,12757,24,501,4,1.19,1,4.17,9482,20.24,190,0.48,115
479.59,202698,12765,24,503,8,1.23,1,4.17,9482,20.24,210,0.53,115
480.75,203198,12785,24,500,20,1.16,1,4.17,9482,20.24,60,0.15,116
481.92,203701,12801,24,503,16,1.17,1,4.17,9482,20.24,140,0.37,116
483.16,204204,12817,24,503,16,1.24,1,4.17,9482,20.24,125,0.32,116
484.44,204708,12841,24,504,24,1.27,1,4.17,9482,20.24,65,0.14,116
485.81,205209,12881,24,501,40,1.38,1,4.17,9482,20.24,55,0.15,116
487.06,205709,12909,24,500,28,1.24,1,4.17,9482,20.24,30,0.08,116
488.33,206213,12941,24,504,32,1.28,1,4.17,9482,20.24,25,0.08,117
489.5,206717,12953,24,504,12,1.17,1,4.17,9482,20.24,85,0.19,117
490.62,207218,12957,24,501,4,1.12,1,4.17,9482,20.24,500,1.12,117
491.93,207721,12993,24,503,36,1.31,1,4.17,9482,20.24,35,0.08,117
493.27,208224,13013,24,503,20,1.34,1,4.17,9482,20.24,175,0.49,117
494.54,208725,13037,24,501,24,1.27,1,4.17,9482,20.24,30,0.09,117
495.75,209228,13045,24,503,8,1.22,1,4.17,9482,20.24,230,0.52,117
497.07,209731,13065,24,503,20,1.32,1,4.17,9482,20.24,55,0.14,117
498.22,210231,13085,24,500,20,1.14,1,4.17,9482,20.24,25,0.08,117
499.41,210732,13117,24,501,32,1.19,1,4.17,9482,20.24,30,0.08,117
500.66,211233,13121,24,501,4,1.25,1,4.17,9482,20.24,240,0.59,117
501.97,211734,13141,24,501,20,1.31,1,4.17,9482,20.24,55,0.17,117
503.17,212236,13149,24,502,8,1.2,1,4.17,9482,20.24,195,0.45,117
504.47,212736,13177,24,500,28,1.3,1,4.17,9482,20.24,75,0.21,118
505.77,213239,13189,24,503,12,1.3,1,4.17,9482,20.24,85,0.19,118
507.05,213742,13209,24,503,20,1.28,1,4.17,9482,20.24,80,0.21,118
508.46,214243,13229,24,501,20,1.41,1,4.17,9482,20.24,225,0.59,119
509.76,214747,13289,24,504,60,1.3,1,4.17,9482,20.24,5,0.01,120
510.97,215248,13321,24,501,32,1.2,1,4.17,9482,20.24,70,0.18,121
512.22,215751,13341,24,503,20,1.25,1,4.17,9482,20.24,105,0.27,122
513.49,216252,13361,24,501,20,1.27,1,4.17,9482,20.24,35,0.08,122
514.84,216753,13377,24,501,16,1.35,1,4.17,9482,20.24,135,0.36,122
516.12,217253,13393,24,500,16,1.29,1,4.17,9482,20.24,0,0,122
517.33,217753,13405,24,500,12,1.21,1,4.17,9482,20.24,275,0.69,122
518.63,218256,13433,24,503,28,1.29,1,4.17,9482,20.24,20,0.05,122
519.91,218757,13453,24,501,20,1.28,1,4.17,9482,20.24,10,0.03,122
521.09,219260,13485,24,503,32,1.19,1,4.17,9482,20.24,180,0.42,123
522.35,219761,13505,24,501,20,1.26,1,4.17,9482,20.24,80,0.22,123
523.66,220264,13537,24,503,32,1.3,1,4.17,9482,20.24,50,0.15,123
525.01,220768,13553,24,504,16,1.35,1,4.17,9482,20.24,125,0.33,124
526.24,221269,13577,24,501,24,1.23,1,4.17,9482,20.24,30,0.06,125
527.55,221769,13597,24,500,20,1.31,1,4.17,9482,20.24,0,0,125
528.93,222273,13641,24,504,44,1.37,1,4.17,9482,20.24,50,0.15,125
530.24,222774,13673,24,501,32,1.31,1,4.17,9482,20.24,30,0.08,125
531.53,223277,13681,24,503,8,1.3,1,4.17,9482,20.24,115,0.32,125
532.85,223781,13709,24,504,28,1.32,1,4.17,9482,20.24,80,0.19,125
534.06,224284,13721,24,503,12,1.21,1,4.17,9482,20.24,125,0.29,126
535.33,224788,13733,24,504,12,1.27,1,4.17,9482,20.24,60,0.15,126
536.67,225290,13757,24,502,24,1.34,1,4.17,9482,20.24,50,0.15,126
537.93,225790,13773,24,500,16,1.26,1,4.17,9482,20.24,5,0.01,126
539.17,226293,13801,24,503,28,1.24,1,4.17,9482,20.24,40,0.09,126
540.51,226795,13821,24,502,20,1.34,1,4.17,9482,20.24,95,0.25,126
541.69,227295,13845,24,500,24,1.18,1,4.17,9482,20.24,45,0.11,126
542.91,227799,13857,24,504,12,1.22,1,4.17,9482,20.24,335,0.78,126
544.12,228301,13865,24,502,8,1.21,1,4.17,9482,20.24,385,0.93,126
545.3,228801,13893,24,500,28,1.17,1,4.17,9482,20.24,40,0.08,127
546.6,229303,13913,24,502,20,1.31,1,4.17,9482,20.24,225,0.58,127
547.81,229803,13937,24,500,24,1.21,1,4.17,9482,20.24,15,0.03,128
549.05,230305,13953,24,502,16,1.24,1,4.17,9482,20.24,150,0.38,128
550.23,230809,13965,24,504,12,1.18,1,4.17,9482,20.24,125,0.31,128
551.42,231309,13993,24,500,28,1.2,1,4.17,9482,20.24,30,0.07,128
552.53,231813,14005,24,504,12,1.11,1,4.17,9482,20.24,355,0.74,128
553.81,232313,14021,24,500,16,1.28,1,4.17,9482,20.24,75,0.2,128
554.96,232813,14033,24,500,12,1.14,1,4.17,9482,20.24,75,0.16,128
556.04,233316,14081,24,503,48,1.08,1,4.17,9482,20.24,175,0.38,128
557.22,233817,14097,24,501,16,1.18,1,4.17,9482,20.24,175,0.4,129
558.4,234318,14109,24,501,12,1.18,1,4.17,9482,20.24,15,0.03,129
559.63,234819,14133,24,501,24,1.23,1,4.17,9482,20.24,20,0.05,130
560.91,235323,14149,24,504,16,1.28,1,4.17,9482,20.24,35,0.06,130
562.12,235824,14201,24,501,52,1.21,1,4.17,9482,20.24,0,0,130
563.31,236327,14213,24,503,12,1.19,1,4.17,9482,20.24,90,0.21,130
564.52,236827,14249,24,500,36,1.2,1,4.17,9482,20.24,30,0.09,131
565.75,237329,14277,24,502,28,1.24,1,4.17,9482,20.24,10,0.02,131
567,237832,14309,24,503,32,1.25,1,4.17,9482,20.24,65,0.16,131
568.21,238332,14329,24,500,20,1.2,1,4.17,9482,20.24,15,0.03,131
569.38,238834,14349,24,502,20,1.17,1,4.17,9482,20.24,185,0.41,132
570.58,239338,14369,24,504,20,1.2,1,4.17,9482,20.24,35,0.1,132
571.84,239841,14389,24,503,20,1.26,1,4.17,9482,20.24,50,0.12,132
573.15,240341,14405,24,500,16,1.31,1,4.17,9482,20.24,110,0.27,132
574.53,240845,14425,24,504,20,1.38,1,4.17,9482,20.24,115,0.34,132
575.76,241349,14473,24,504,48,1.23,1,4.17,9482,20.24,65,0.14,135
577.01,241849,14485,24,500,12,1.25,1,4.17,9482,20.24,315,0.82,135
578.19,242351,14517,24,502,32,1.18,1,4.17,9482,20.24,5,0.01,135
579.4,242853,14541,24,502,24,1.21,1,4.17,9482,20.24,60,0.15,136
580.55,243355,14561,24,502,20,1.15,1,4.17,9482,20.24,20,0.05,136
581.78,243855,14569,24,500,8,1.24,1,4.17,9482,20.24,230,0.54,136
583.28,244357,14605,24,502,36,1.5,1,4.17,9482,20.24,15,0.04,136
584.49,244858,14653,24,501,48,1.21,1,4.17,9482,20.24,35,0.08,136
585.77,245360,14669,24,502,16,1.27,1,4.17,9482,20.24,130,0.32,136
586.95,245862,14677,24,502,8,1.19,1,4.17,9482,20.24,220,0.52,136
588.32,246365,14689,24,503,12,1.36,1,4.17,9482,20.24,230,0.66,136
589.63,246865,14709,24,500,20,1.31,1,4.17,9482,20.24,0,0,136
591,247367,14745,24,502,36,1.37,1,4.17,9482,20.24,20,0.06,136
592.4,247869,14765,24,502,20,1.4,1,4.17,9482,20.24,15,0.03,136
593.65,248370,14805,24,501,40,1.26,1,4.17,9482,20.24,60,0.13,138
594.85,248870,14849,24,500,44,1.2,1,4.17,9482,20.24,10,0.02,138
596.01,249373,14857,24,503,8,1.16,1,4.17,9482,20.24,80,0.2,138
597.25,249877,14873,24,504,16,1.24,1,4.17,9482,20.24,310,0.76,138
598.62,250381,14885,24,504,12,1.37,1,4.17,9482,20.24,80,0.21,138
599.86,250881,14921,24,500,36,1.24,1,4.17,9482,20.24,105,0.28,138
601.06,251384,14949,24,503,28,1.2,1,4.17,9482,20.24,45,0.11,138
602.36,251888,14965,24,504,16,1.3,1,4.17,9482,20.24,130,0.31,138
603.63,252390,14977,24,502,12,1.26,1,4.17,9482,20.24,215,0.58,139
604.91,252893,15021,24,503,44,1.28,1,4.17,9482,20.24,5,0.01,139
606.19,253393,15069,24,500,48,1.28,1,4.17,9482,20.24,130,0.35,139
607.43,253895,15093,24,502,24,1.24,1,4.17,9482,20.24,35,0.07,139
608.8,254395,15129,24,500,36,1.37,1,4.17,9482,20.24,100,0.23,139
609.99,254895,15137,24,500,8,1.19,1,4.17,9482,20.24,250,0.61,139
611.23,255395,15165,24,500,28,1.24,1,4.17,9482,20.24,0,0,139
612.45,255897,15189,24,502,24,1.21,1,4.17,9482,20.24,15,0.04,139
613.64,256400,15205,24,503,16,1.2,1,4.17,9482,20.24,65,0.17,139
614.8,256900,15221,24,500,16,1.16,1,4.17,9482,20.24,45,0.11,139
615.96,257403,15241,24,503,20,1.16,1,4.17,9482,20.24,40,0.1,139
617.11,257906,15261,24,503,20,1.14,1,4.17,9482,20.24,100,0.23,140
618.18,258407,15273,24,501,12,1.08,1,4.17,9482,20.24,215,0.42,140
619.22,258907,15285,24,500,12,1.04,1,4.17,9482,20.24,260,0.55,140
620.53,259410,15309,24,503,24,1.3,1,4.17,9482,20.24,40,0.11,140
621.7,259914,15337,24,504,28,1.17,1,4.17,9482,20.24,25,0.04,141
622.97,260416,15353,24,502,16,1.27,1,4.17,9482,20.24,50,0.18,141
624.42,260916,15405,24,500,52,1.45,1,4.17,9482,20.24,105,0.27,142
625.59,261417,15429,24,501,24,1.17,1,4.17,9482,20.24,80,0.21,143
626.89,261921,15449,24,504,20,1.3,1,4.17,9482,20.24,250,0.63,143
628.15,262421,15465,24,500,16,1.26,1,4.17,9482,20.24,25,0.07,143
629.45,262922,15497,24,501,32,1.3,1,4.17,9482,20.24,20,0.05,143
630.64,263423,15513,24,501,16,1.2,1,4.17,9482,20.24,195,0.43,143
631.87,263923,15529,24,500,16,1.23,1,4.17,9482,20.24,190,0.45,143
633.04,264423,15545,24,500,16,1.17,1,4.17,9482,20.24,60,0.14,143
634.28,264927,15573,24,504,28,1.24,1,4.17,9482,20.24,65,0.18,143
635.59,265431,15589,24,504,16,1.32,1,4.17,9482,20.24,280,0.73,143
636.84,265931,15609,24,500,20,1.25,1,4.17,9482,20.24,105,0.27,144
638.01,266434,15617,24,503,8,1.17,1,4.17,9482,20.24,225,0.51,144
639.23,266938,15629,24,504,12,1.22,1,4.17,9482,20.24,345,0.86,144
640.57,267441,15661,24,503,32,1.34,1,4.17,9482,20.24,15,0.04,144
641.95,267945,15673,24,504,12,1.38,1,4.17,9482,20.24,200,0.57,145
643.38,268449,15697,24,504,24,1.43,1,4.17,9482,20.24,180,0.48,145
644.68,268951,15717,24,502,20,1.3,1,4.17,9482,20.24,50,0.15,146
646.02,269454,15737,24,503,20,1.34,1,4.17,9482,20.24,70,0.17,146
647.3,269956,15765,24,502,28,1.28,1,4.17,9482,20.24,10,0.02,146
648.59,270460,15785,24,504,20,1.29,1,4.17,9482,20.24,60,0.18,146
649.85,270963,15797,24,503,12,1.26,1,4.17,9482,20.24,290,0.71,146
651.16,271466,15833,24,503,36,1.32,1,4.17,9482,20.24,80,0.21,146
652.35,271967,15837,24,501,4,1.19,1,4.17,9482,20.24,395,0.92,146
653.59,272469,15865,24,502,28,1.24,1,4.17,9482,20.24,120,0.32,147
654.87,272970,15877,24,501,12,1.28,1,4.17,9482,20.24,385,0.96,147
656.24,273472,15901,24,502,24,1.37,1,4.17,9482,20.24,30,0.09,148
657.53,273976,15929,24,504,28,1.29,1,4.17,9482,20.24,25,0.05,148
658.74,274478,15933,24,502,4,1.21,1,4.17,9482,20.24,320,0.74,149
659.87,274981,15957,24,503,24,1.13,1,4.17,9482,20.24,215,0.5,149
660.99,275481,15973,24,500,16,1.12,1,4.17,9482,20.24,15,0.03,149
662.35,275984,15997,24,503,24,1.36,1,4.17,9482,20.24,70,0.17,150
663.6,276488,16009,24,504,12,1.25,1,4.17,9482,20.24,50,0.12,150
664.93,276990,16029,24,502,20,1.33,1,4.17,9482,20.24,15,0.04,150
666.19,277490,16049,24,500,20,1.26,1,4.17,9482,20.24,95,0.21,150
667.43,277993,16069,24,503,20,1.24,1,4.17,9482,20.24,115,0.29,150
668.66,278494,16073,24,501,4,1.23,1,4.17,9482,20.24,120,0.32,150
669.94,278998,16101,24,504,28,1.28,1,4.17,9482,20.24,30,0.07,150
671.15,279498,16129,24,500,28,1.21,1,4.17,9482,20.24,220,0.52,150
672.44,279999,16149,24,501,20,1.29,1,4.17,9482,20.24,90,0.26,150
673.79,280502,16161,24,503,12,1.35,1,4.17,9482,20.24,200,0.52,151
675.04,281004,16189,24,502,28,1.25,1,4.17,9482,20.24,75,0.16,151
676.15,281504,16201,24,500,12,1.11,1,4.17,9482,20.24,110,0.25,153
677.42,282005,16217,24,501,16,1.26,1,4.17,9482,20.24,195,0.46,153
678.62,282509,16245,24,504,28,1.2,1,4.17,9482,20.24,135,0.29,153
679.79,283010,16269,24,501,24,1.17,1,4.17,9482,20.24,225,0.5,153
680.93,283511,16305,24,501,36,1.15,1,4.17,9482,20.24,35,0.08,153
682.27,284015,16321,24,504,16,1.34,1,4.17,9482,20.24,70,0.15,153
683.7,284519,16337,24,504,16,1.43,1,4.17,9482,20.24,55,0.13,155
685.05,285023,16345,24,504,8,1.35,1,4.17,9482,20.24,25,0.05,156
686.21,285526,16357,24,503,12,1.15,1,4.17,9482,20.24,120,0.34,156
687.46,286026,16373,24,500,16,1.25,1,4.17,9482,20.24,5,0.02,156
688.74,286526,16409,24,500,36,1.28,1,4.17,9482,20.24,80,0.21,157
690.01,287029,16437,24,503,28,1.27,1,4.17,9482,20.24,65,0.17,157
691.38,287533,16469,24,504,32,1.37,1,4.17,9482,20.24,70,0.19,159
692.67,288037,16485,24,504,16,1.29,1,4.17,9482,20.24,25,0.07,159
694.03,288539,16493,24,502,8,1.37,1,4.17,9482,20.24,155,0.41,159
695.24,289042,16529,24,503,36,1.2,1,4.17,9482,20.24,35,0.1,159
696.44,289545,16553,24,503,24,1.2,1,4.17,9482,20.24,160,0.37,159
697.61,290047,16565,24,502,12,1.17,1,4.17,9482,20.24,115,0.27,159
698.93,290550,16601,24,503,36,1.32,1,4.17,9482,20.24,80,0.21,159
700.21,291050,16625,24,500,24,1.28,1,4.17,9482,20.24,170,0.44,159
701.49,291551,16637,24,501,12,1.28,1,4.17,9482,20.24,65,0.15,159
702.81,292053,16665,24,502,28,1.32,1,4.17,9482,20.24,0,0,159
704.07,292555,16685,24,502,20,1.26,1,4.17,9482,20.24,80,0.19,159
705.2,293058,16693,24,503,8,1.13,1,4.17,9482,20.24,335,0.76,159
706.36,293560,16701,24,502,8,1.17,1,4.17,9482,20.24,100,0.25,159
707.65,294064,16729,24,504,28,1.29,1,4.17,9482,20.24,145,0.38,159
708.91,294567,16757,24,503,28,1.25,1,4.17,9482,20.24,25,0.06,159
710.17,295068,16777,24,501,20,1.27,1,4.17,9482,20.24,45,0.12,160
711.51,295568,16829,24,500,52,1.34,1,4.17,9482,20.24,20,0.06,161
712.81,296071,16857,24,503,28,1.3,1,4.17,9482,20.24,50,0.14,162
714.22,296573,16865,24,502,8,1.41,1,4.17,9482,20.24,320,0.88,162
715.66,297074,16881,24,501,16,1.44,1,4.17,9482,20.24,25,0.08,162
716.92,297574,16897,24,500,16,1.26,1,4.17,9482,20.24,90,0.24,164
718.23,298075,16901,24,501,4,1.31,1,4.17,9482,20.24,480,1.26,164
719.54,298579,16941,24,504,40,1.31,1,4.17,9482,20.24,5,0.01,165
720.88,299079,16957,24,500,16,1.34,1,4.17,9482,20.24,35,0.09,165
722.06,299581,16973,24,502,16,1.18,1,4.17,9482,20.24,40,0.1,165
723.33,300085,17005,24,504,32,1.27,1,4.17,9482,20.24,30,0.08,165
724.64,300589,17029,24,504,24,1.32,1,4.17,9482,20.24,60,0.13,165
725.94,301089,17041,24,500,12,1.3,1,4.17,9482,20.24,170,0.49,166
727.2,301593,17057,24,504,16,1.26,1,4.17,9482,20.24,65,0.2,166
728.53,302096,17081,24,503,24,1.33,1,4.17,9482,20.24,75,0.21,166
729.85,302600,17097,24,504,16,1.31,1,4.17,9482,20.24,90,0.25,166
731.19,303103,17125,24,503,28,1.35,1,4.17,9482,20.24,115,0.35,166
732.52,303605,17145,24,502,20,1.33,1,4.17,9482,20.24,95,0.25,166
733.89,304106,17157,24,501,12,1.38,1,4.17,9482,20.24,100,0.27,166
735.09,304609,17185,24,503,28,1.19,1,4.17,9482,20.24,55,0.12,166
736.38,305112,17197,24,503,12,1.3,1,4.17,9482,20.24,10,0.02,166
737.63,305612,17249,24,500,52,1.25,1,4.17,9482,20.24,50,0.11,166
738.84,306116,17269,24,504,20,1.21,1,4.17,9482,20.24,145,0.37,166
740.06,306620,17305,24,504,36,1.22,1,4.17,9482,20.24,45,0.09,166
741.3,307123,17317,24,503,12,1.24,1,4.17,9482,20.24,185,0.47,166
742.53,307626,17329,24,503,12,1.23,1,4.17,9482,20.24,230,0.58,166
743.69,308128,17369,24,502,40,1.16,1,4.17,9482,20.24,175,0.4,167
744.9,308632,17409,24,504,40,1.21,1,4.17,9482,20.24,10,0.02,167
746.15,309136,17417,24,504,8,1.24,1,4.17,9482,20.24,330,0.85,168
747.41,309640,17429,24,504,12,1.26,1,4.17,9482,20.24,225,0.52,168
748.74,310141,17465,24,501,36,1.33,1,4.17,9482,20.24,130,0.36,168
750.15,310643,17493,24,502,28,1.41,1,4.17,9482,20.24,90,0.24,168
751.47,311144,17513,24,501,20,1.32,1,4.17,9482,20.24,85,0.19,168
752.68,311648,17537,24,504,24,1.21,1,4.17,9482,20.24,5,0.01,169
753.97,312151,17545,24,503,8,1.29,1,4.17,9482,20.24,190,0.46,169
755.33,312655,17557,24,504,12,1.36,1,4.17,9482,20.24,95,0.2,171
756.63,313159,17573,24,504,16,1.3,1,4.17,9482,20.24,45,0.13,171
757.89,313662,17601,24,503,28,1.26,1,4.17,9482,20.24,270,0.66,171
759.17,314164,17609,24,502,8,1.28,1,4.17,9482,20.24,185,0.51,171
760.67,314668,17641,24,504,32,1.51,1,4.17,9482,20.24,5,0.02,171
762.12,315171,17657,24,503,16,1.45,1,4.17,9482,20.24,55,0.17,171
763.46,315672,17677,24,501,20,1.34,1,4.17,9482,20.24,185,0.47,172
764.67,316176,17701,24,504,24,1.21,1,4.17,9482,20.24,80,0.17,172
765.97,316678,17733,24,502,32,1.3,1,4.17,9482,20.24,10,0.03,172
767.21,317182,17765,24,504,32,1.24,1,4.17,9482,20.24,20,0.07,172
768.5,317683,17781,24,501,16,1.29,1,4.17,9482,20.24,85,0.21,172
769.85,318184,17817,24,501,36,1.35,1,4.17,9482,20.24,10,0.02,172
771.21,318685,17873,24,501,56,1.36,1,4.17,9482,20.24,5,0.01,173
772.53,319188,17893,24,503,20,1.32,1,4.17,9482,20.24,120,0.32,173
773.85,319688,17913,24,500,20,1.32,1,4.17,9482,20.24,75,0.2,173
775.29,320192,17933,24,504,20,1.45,1,4.17,9482,20.24,15,0.04,173
776.7,320695,17941,24,503,8,1.4,1,4.17,9482,20.24,15,0.02,173
778.06,321196,17957,24,501,16,1.36,1,4.17,9482,20.24,90,0.26,173
779.38,321698,17989,24,502,32,1.32,1,4.17,9482,20.24,70,0.2,174
780.66,322198,18013,24,500,24,1.28,1,4.17,9482,20.24,205,0.52,174
782.04,322701,18029,24,503,16,1.39,1,4.17,9482,20.24,250,0.71,174
783.31,323202,18041,24,501,12,1.27,1,4.17,9482,20.24,55,0.12,174
784.55,323706,18057,24,504,16,1.24,1,4.17,9482,20.24,150,0.4,174
785.84,324209,18085,24,503,28,1.28,1,4.17,9482,20.24,60,0.17,174
787.21,324709,18101,24,500,16,1.37,1,4.17,9482,20.24,295,0.82,174
788.48,325212,18125,24,503,24,1.27,1,4.17,9482,20.24,115,0.23,174
789.67,325715,18165,24,503,40,1.19,1,4.17,9482,20.24,45,0.12,175
790.91,326215,18185,24,500,20,1.24,1,4.17,9482,20.24,95,0.25,176
792.2,326717,18201,24,502,16,1.29,1,4.17,9482,20.24,75,0.21,176
793.47,327221,18217,24,504,16,1.28,1,4.17,9482,20.24,30,0.07,176
794.7,327724,18237,24,503,20,1.23,1,4.17,9482,20.24,85,0.22,176
796.02,328226,18293,24,502,56,1.32,1,4.17,9482,20.24,15,0.04,177
797.26,328726,18321,24,500,28,1.24,1,4.17,9482,20.24,35,0.09,177
798.55,329227,18341,24,501,20,1.29,1,4.17,9482,20.24,5,0.01,177
800,329728,18365,24,501,24,1.45,1,4.17,9482,20.24,40,0.1,177
801.35,330229,18369,24,501,4,1.34,1,4.17,9482,20.24,10,0.02,177
802.52,330733,18397,24,504,28,1.17,1,4.17,9482,20.24,55,0.12,177
803.7,331235,18421,24,502,24,1.19,1,4.17,9482,20.24,30,0.07,177
805.02,331735,18441,24,500,20,1.32,1,4.17,9482,20.24,15,0.03,177
806.27,332237,18449,24,502,8,1.25,1,4.17,9482,20.24,135,0.33,177
807.52,332740,18469,24,503,20,1.25,1,4.17,9482,20.24,5,0.02,177
808.83,333243,18493,24,503,24,1.31,1,4.17,9482,20.24,170,0.47,177
810.03,333743,18509,24,500,16,1.21,1,4.17,9482,20.24,20,0.05,177
811.31,334246,18541,24,503,32,1.28,1,4.17,9482,20.24,10,0.02,177
812.59,334750,18553,24,504,12,1.28,1,4.17,9482,20.24,30,0.06,177
814.02,335252,18569,24,502,16,1.42,1,4.17,9482,20.24,5,0.01,177
815.35,335755,18597,24,503,28,1.34,1,4.17,9482,20.24,205,0.49,177
816.56,336255,18617,24,500,20,1.21,1,4.17,9482,20.24,5,0.01,177
817.77,336757,18645,24,502,28,1.21,1,4.17,9482,20.24,45,0.12,178
819.03,337259,18673,24,502,28,1.26,1,4.17,9482,20.24,200,0.52,179
820.23,337760,18689,24,501,16,1.2,1,4.17,9482,20.24,35,0.07,179
821.4,338262,18721,24,502,32,1.17,1,4.17,9482,20.24,50,0.11,180
822.73,338762,18765,24,500,44,1.33,1,4.17,9482,20.24,10,0.04,180
824.32,339265,18789,24,503,24,1.59,1,4.17,9482,20.24,25,0.07,181
825.6,339766,18813,24,501,24,1.28,1,4.17,9482,20.24,175,0.47,182
826.87,340270,18841,24,504,28,1.28,1,4.17,9482,20.24,50,0.14,182
828.15,340770,18857,24,500,16,1.28,1,4.17,9482,20.24,5,0.01,182
829.54,341272,18881,24,502,24,1.39,1,4.17,9482,20.24,15,0.04,182
830.87,341774,18901,24,502,20,1.33,1,4.17,9482,20.24,45,0.1,182
832.32,342278,18917,24,504,16,1.45,1,4.17,9482,20.24,25,0.07,182
833.62,342782,18941,24,504,24,1.3,1,4.17,9482,20.24,35,0.11,182
834.72,343284,18961,24,502,20,1.11,1,4.17,9482,20.24,90,0.24,182
836.1,343785,18973,24,501,12,1.37,1,4.17,9482,20.24,120,0.28,182
837.4,344285,19005,24,500,32,1.31,1,4.17,9482,20.24,80,0.21,182
838.76,344789,19021,24,504,16,1.36,1,4.17,9482,20.24,130,0.36,182
840.17,345291,19089,24,502,68,1.41,1,4.17,9482,20.24,45,0.13,184
841.47,345794,19105,24,503,16,1.3,1,4.17,9482,20.24,275,0.69,184
842.68,346295,19121,24,501,16,1.21,1,4.17,9482,20.24,30,0.06,184
843.99,346799,19165,24,504,44,1.32,1,4.17,9482,20.24,5,0.02,186
845.28,347302,19185,24,503,20,1.29,1,4.17,9482,20.24,175,0.4,186
846.66,347806,19193,24,504,8,1.37,1,4.17,9482,20.24,455,1.26,186
847.98,348306,19217,24,500,24,1.32,1,4.17,9482,20.24,0,0,186
849.22,348808,19237,24,502,20,1.24,1,4.17,9482,20.24,35,0.08,186
850.48,349310,19241,24,502,4,1.26,1,4.17,9482,20.24,460,1.15,186
851.78,349812,19265,24,502,24,1.3,1,4.17,9482,20.24,20,0.07,186
853.18,350312,19277,24,500,12,1.4,1,4.17,9482,20.24,440,1.17,188
854.48,350812,19317,24,500,40,1.3,1,4.17,9482,20.24,15,0.05,189
855.7,351314,19341,24,502,24,1.22,1,4.17,9482,20.24,245,0.55,189
856.97,351814,19365,24,500,24,1.27,1,4.17,9482,20.24,20,0.07,189
858.32,352316,19389,24,502,24,1.35,1,4.17,9482,20.24,75,0.22,190
859.68,352818,19421,24,502,32,1.36,1,4.17,9482,20.24,10,0.03,191
860.98,353318,19437,24,500,16,1.3,1,4.17,9482,20.24,135,0.39,191
862.41,353820,19469,24,502,32,1.42,1,4.17,9482,20.24,60,0.18,191
863.6,354320,19489,24,500,20,1.19,1,4.17,9482,20.24,65,0.16,191
864.95,354822,19521,24,502,32,1.35,1,4.17,9482,20.24,180,0.49,191
866.32,355324,19529,24,502,8,1.37,1,4.17,9482,20.24,175,0.43,191
867.69,355827,19541,24,503,12,1.38,1,4.17,9482,20.24,30,0.08,191
868.93,356329,19565,24,502,24,1.23,1,4.17,9482,20.24,45,0.13,191
870.32,356831,19589,24,502,24,1.39,1,4.17,9482,20.24,10,0.03,192
871.5,357331,19613,24,500,24,1.18,1,4.17,9482,20.24,30,0.08,192
872.81,357831,19645,24,500,32,1.31,1,4.17,9482,20.24,35,0.09,192
874.07,358333,19673,24,502,28,1.26,1,4.17,9482,20.24,135,0.33,192
875.45,358835,19697,24,502,24,1.39,1,4.17,9482,20.24,15,0.05,192
876.97,359338,19725,24,503,28,1.51,1,4.17,9482,20.24,150,0.45,192
878.38,359840,19749,24,502,24,1.42,1,4.17,9482,20.24,65,0.18,192
879.77,360342,19769,24,502,20,1.38,1,4.17,9482,20.24,295,0.8,192
881.02,360842,19785,24,500,16,1.25,1,4.17,9482,20.24,0,0,193
882.19,361344,19805,24,502,20,1.17,1,4.17,9482,20.24,355,0.77,194
883.43,361846,19833,24,502,28,1.24,1,4.17,9482,20.24,65,0.18,194
884.65,362348,19877,24,502,44,1.22,1,4.17,9482,20.24,45,0.1,194
885.96,362851,19905,24,503,28,1.31,2,8.33,9482,20.24,30,0.09,194
887.35,363352,19933,24,501,28,1.4,1,4.17,9482,20.24,100,0.3,194
888.71,363855,19957,24,503,24,1.36,1,4.17,9482,20.24,230,0.66,194
889.99,364358,19989,24,503,32,1.28,1,4.17,9482,20.24,10,0.02,195
891.26,364861,20001,24,503,12,1.26,1,4.17,9482,20.24,55,0.15,195
892.49,365365,20025,24,504,24,1.23,1,4.17,9482,20.24,70,0.16,195
893.81,365866,20053,24,501,28,1.32,1,4.17,9482,20.24,10,0.03,195
895.08,366370,20077,24,504,24,1.27,1,4.17,9482,20.24,105,0.24,195
896.63,366872,20101,24,502,24,1.56,1,4.17,9482,20.24,40,0.16,195
897.89,367375,20125,24,503,24,1.25,1,4.17,9482,20.24,45,0.11,195
899.22,367878,20133,24,503,8,1.33,1,4.17,9482,20.24,185,0.5,195
900.4,368381,20161,24,503,28,1.18,1,4.17,9482,20.24,5,0.01,195
901.58,368882,20173,24,501,12,1.19,1,4.17,9482,20.24,195,0.46,195
902.95,369386,20185,24,504,12,1.36,1,4.17,9482,20.24,40,0.09,195
904.2,369890,20201,24,504,16,1.25,1,4.17,9482,20.24,75,0.19,196
905.4,370393,20237,24,503,36,1.2,1,4.17,9482,20.24,15,0.04,196
906.92,370897,20261,24,504,24,1.52,1,4.17,9482,20.24,90,0.28,196
908.2,371400,20277,24,503,16,1.28,1,4.17,9482,20.24,120,0.3,196
909.49,371902,20281,24,502,4,1.28,1,4.17,9482,20.24,340,0.9,196
910.76,372402,20309,24,500,28,1.27,1,4.17,9482,20.24,5,0.02,196
912.14,372902,20345,24,500,36,1.38,1,4.17,9482,20.24,5,0.02,198
913.67,373402,20381,24,500,36,1.53,1,4.17,9482,20.24,5,0.02,198
915.05,373902,20393,24,500,12,1.38,1,4.17,9482,20.24,90,0.25,198
916.34,374405,20425,24,503,32,1.29,1,4.17,9482,20.24,70,0.19,198
917.71,374909,20437,24,504,12,1.37,1,4.17,9482,20.24,360,1,198
919.19,375413,20453,24,504,16,1.48,1,4.17,9482,20.24,200,0.54,199
920.48,375916,20461,24,503,8,1.29,1,4.17,9482,20.24,30,0.07,199
921.84,376416,20501,24,500,40,1.36,1,4.17,9482,20.24,100,0.26,200
923.12,376919,20541,24,503,40,1.28,1,4.17,9482,20.24,45,0.1,200
924.27,377420,20557,24,501,16,1.14,1,4.17,9482,20.24,140,0.34,200
925.54,377921,20581,24,501,24,1.27,1,4.17,9482,20.24,35,0.08,200
926.85,378422,20605,24,501,24,1.31,1,4.17,9482,20.24,20,0.07,200
928.06,378922,20633,24,500,28,1.21,1,4.17,9482,20.24,5,0.02,201
929.36,379424,20661,24,502,28,1.3,1,4.17,9482,20.24,5,0.01,201
930.67,379925,20685,24,501,24,1.31,1,4.17,9482,20.24,40,0.11,201
931.91,380425,20713,24,500,28,1.24,1,4.17,9482,20.24,45,0.11,201
933.26,380927,20741,24,502,28,1.35,1,4.17,9482,20.24,35,0.09,201
934.76,381431,20761,24,504,20,1.5,1,4.17,9482,20.24,210,0.53,201
936.04,381935,20781,24,504,20,1.29,1,4.17,9482,20.24,25,0.07,201
937.23,382439,20797,24,504,16,1.19,1,4.17,9482,20.24,215,0.47,201
938.4,382943,20813,24,504,16,1.17,1,4.17,9482,20.24,10,0.03,202
939.62,383445,20833,24,502,20,1.22,1,4.17,9482,20.24,5,0.02,202
941.03,383948,20853,24,503,20,1.4,1,4.17,9482,20.24,190,0.55,203
942.6,384452,20881,24,504,28,1.57,1,4.17,9482,20.24,125,0.37,204
944.14,384952,20913,24,500,32,1.54,1,4.17,9482,20.24,15,0.05,204
945.46,385453,20933,24,501,20,1.32,1,4.17,9482,20.24,20,0.05,204
946.88,385955,20953,24,502,20,1.42,1,4.17,9482,20.24,10,0.03,205
948.25,386458,20985,24,503,32,1.37,1,4.17,9482,20.24,40,0.13,205
949.62,386962,21013,24,504,28,1.37,1,4.17,9482,20.24,75,0.21,206
950.87,387463,21037,24,501,24,1.25,1,4.17,9482,20.24,65,0.16,207
952.27,387963,21065,24,500,28,1.4,1,4.17,9482,20.24,295,0.79,208
953.56,388466,21073,24,503,8,1.29,1,4.17,9482,20.24,65,0.19,208
955.02,388968,21089,24,502,16,1.46,1,4.17,9482,20.24,130,0.47,208
956.4,389471,21097,24,503,8,1.38,1,4.17,9482,20.24,40,0.1,208
957.67,389974,21125,24,503,28,1.27,1,4.17,9482,20.24,65,0.19,208
959.06,390477,21137,24,503,12,1.39,1,4.17,9482,20.24,10,0.03,208
960.38,390977,21153,24,500,16,1.32,1,4.17,9482,20.24,90,0.25,208
961.73,391481,21165,24,504,12,1.35,1,4.17,9482,20.24,105,0.25,209
963.15,391983,21173,24,502,8,1.42,1,4.17,9482,20.24,30,0.09,209
964.47,392483,21213,24,500,40,1.33,1,4.17,9482,20.24,80,0.22,209
965.62,392985,21229,24,502,16,1.14,1,4.17,9482,20.24,45,0.11,209
967,393488,21249,24,503,20,1.38,1,4.17,9482,20.24,80,0.22,209
968.38,393992,21273,24,504,24,1.38,1,4.17,9482,20.24,50,0.13,211
969.71,394496,21293,24,504,20,1.34,1,4.17,9482,20.24,5,0.01,211
971.02,394999,21305,24,503,12,1.31,1,4.17,9482,20.24,70,0.17,211
972.27,395501,21329,24,502,24,1.25,1,4.17,9482,20.24,20,0.06,212
973.67,396005,21357,24,504,28,1.4,1,4.17,9482,20.24,5,0.01,212
974.95,396505,21397,24,500,40,1.28,1,4.17,9482,20.24,80,0.2,212
976.16,397005,21405,24,500,8,1.21,1,4.17,9482,20.24,190,0.43,213
977.53,397505,21425,24,500,20,1.37,1,4.17,9482,20.24,0,0,213
978.78,398009,21445,24,504,20,1.25,1,4.17,9482,20.24,75,0.2,213
980.06,398513,21473,24,504,28,1.28,1,4.17,9482,20.24,60,0.14,213
981.24,399013,21493,24,500,20,1.18,1,4.17,9482,20.24,20,0.05,213
982.83,399514,21517,24,501,24,1.6,1,4.17,9482,20.24,85,0.27,214
984.27,400016,21545,24,502,28,1.44,1,4.17,9482,20.24,130,0.34,214
985.75,400516,21569,24,500,24,1.48,1,4.17,9482,20.24,0,0,214
987.23,401020,21593,24,504,24,1.48,1,4.17,9482,20.24,45,0.14,214
988.54,401522,21613,24,502,20,1.3,1,4.17,9482,20.24,5,0.02,215
989.7,402026,21629,24,504,16,1.16,1,4.17,9482,20.24,125,0.25,215
990.97,402529,21653,24,503,24,1.27,1,4.17,9482,20.24,120,0.34,215
992.41,403032,21665,24,503,12,1.44,1,4.17,9482,20.24,10,0.02,215
993.81,403532,21693,24,500,28,1.41,1,4.17,9482,20.24,20,0.06,215
995.17,404032,21709,24,500,16,1.36,1,4.17,9482,20.24,60,0.13,215
996.43,404536,21737,24,504,28,1.26,1,4.17,9482,20.24,55,0.15,217
997.66,405038,21765,24,502,28,1.24,1,4.17,9482,20.24,135,0.33,218
998.83,405539,21769,24,501,4,1.16,1,4.17,9482,20.24,400,0.94,218
1000.11,406040,21785,24,501,16,1.28,1,4.17,9482,20.24,45,0.12,218
1001.74,406544,21813,24,504,28,1.63,1,4.17,9482,20.24,75,0.31,218
1003.37,407046,21837,24,502,24,1.63,1,4.17,9482,20.24,15,0.03,218
1004.7,407548,21869,24,502,32,1.32,1,4.17,9482,20.24,15,0.03,218
1005.96,408049,21909,24,501,40,1.26,1,4.17,9482,20.24,135,0.37,218
1007.22,408553,21945,24,504,36,1.26,1,4.17,9482,20.24,30,0.08,219
1008.41,409053,21953,24,500,8,1.19,1,4.17,9482,20.24,175,0.41,219
1009.65,409556,21977,24,503,24,1.24,1,4.17,9482,20.24,20,0.05,219
1010.97,410059,22017,24,503,40,1.32,1,4.17,9482,20.24,20,0.06,219
1012.2,410562,22037,24,503,20,1.23,1,4.17,9482,20.24,25,0.06,219
1013.52,411066,22049,24,504,12,1.32,1,4.17,9482,20.24,270,0.66,219
1014.82,411568,22061,24,502,12,1.3,1,4.17,9482,20.24,30,0.07,219
1016.1,412071,22073,24,503,12,1.28,1,4.17,9482,20.24,65,0.19,219
1017.43,412572,22113,24,501,40,1.34,1,4.17,9482,20.24,5,0.02,220
1018.83,413073,22117,24,501,4,1.4,1,4.17,9482,20.24,45,0.11,220
1020.13,413576,22145,24,503,28,1.3,1,4.17,9482,20.24,20,0.04,220
1021.38,414078,22169,24,502,24,1.24,1,4.17,9482,20.24,40,0.1,220
1022.95,414582,22201,24,504,32,1.57,1,4.17,9482,20.24,95,0.31,220
1024.29,415084,22229,24,502,28,1.34,1,4.17,9482,20.24,50,0.13,221
1025.53,415588,22261,24,504,32,1.24,1,4.17,9482,20.24,45,0.12,221
1026.71,416091,22273,24,503,12,1.18,1,4.17,9482,20.24,335,0.78,221
1027.91,416595,22317,24,504,44,1.2,1,4.17,9482,20.24,35,0.09,221
1029.24,417096,22345,24,501,28,1.33,1,4.17,9482,20.24,60,0.16,221
1030.62,417600,22373,24,504,28,1.37,1,4.17,9482,20.24,70,0.19,221
1032.03,418103,22397,24,503,24,1.41,1,4.17,9482,20.24,5,0.02,221
1033.35,418604,22409,24,501,12,1.32,1,4.17,9482,20.24,40,0.1,221
1034.75,419104,22425,24,500,16,1.4,1,4.17,9482,20.24,0,0,221
1036.12,419608,22449,24,504,24,1.37,1,4.17,9482,20.24,180,0.53,221
1037.44,420109,22477,24,501,28,1.32,1,4.17,9482,20.24,15,0.03,221
1038.78,420609,22501,24,500,24,1.34,1,4.17,9482,20.24,115,0.32,221
1040.09,421109,22525,24,500,24,1.3,1,4.17,9482,20.24,20,0.05,222
1041.3,421613,22553,24,504,28,1.21,1,4.17,9482,20.24,15,0.04,222
1042.6,422113,22585,24,500,32,1.3,1,4.17,9482,20.24,30,0.07,222
1043.78,422616,22601,24,503,16,1.19,1,4.17,9482,20.24,45,0.09,223
1045.11,423117,22617,24,501,16,1.33,1,4.17,9482,20.24,95,0.26,223
1046.46,423619,22641,24,502,24,1.35,1,4.17,9482,20.24,95,0.22,224
1047.89,424122,22653,24,503,12,1.43,1,4.17,9482,20.24,55,0.13,224
1049.23,424623,22669,24,501,16,1.34,1,4.17,9482,20.24,25,0.08,224
1050.51,425127,22697,24,504,28,1.28,1,4.17,9482,20.24,55,0.14,224
1051.75,425630,22705,24,503,8,1.24,1,4.17,9482,20.24,65,0.15,224
1053.01,426134,22709,24,504,4,1.26,1,4.17,9482,20.24,190,0.49,224
1054.39,426637,22745,24,503,36,1.39,1,4.17,9482,20.24,30,0.07,224
1055.66,427141,22761,24,504,16,1.26,1,4.17,9482,20.24,65,0.19,224
1056.89,427645,22781,24,504,20,1.24,1,4.17,9482,20.24,140,0.34,224
1058.14,428146,22801,24,501,20,1.24,1,4.17,9482,20.24,75,0.18,224
1059.47,428650,22817,24,504,16,1.33,1,4.17,9482,20.24,125,0.33,224
1060.72,429154,22841,24,504,24,1.26,1,4.17,9482,20.24,240,0.61,224
1061.96,429657,22865,24,503,24,1.24,1,4.17,9482,20.24,160,0.44,224
1063.2,430158,22885,24,501,20,1.24,1,4.17,9482,20.24,185,0.45,225
1064.48,430662,22909,24,504,24,1.28,1,4.17,9482,20.24,55,0.14,228
1065.66,431162,22937,24,500,28,1.18,1,4.17,9482,20.24,80,0.18,229
1066.78,431664,22969,24,502,32,1.11,1,4.17,9482,20.24,25,0.06,231
1068.09,432166,22997,24,502,28,1.32,1,4.17,9482,20.24,35,0.1,232
1069.31,432667,23029,24,501,32,1.22,1,4.17,9482,20.24,5,0.02,232
1070.55,433167,23061,24,500,32,1.25,1,4.17,9482,20.24,5,0.01,232
1071.81,433668,23085,24,501,24,1.25,1,4.17,9482,20.24,50,0.11,233
1073.19,434168,23105,24,500,20,1.38,1,4.17,9482,20.24,35,0.1,233
1074.49,434670,23133,24,502,28,1.3,1,4.17,9482,20.24,30,0.07,233
1075.89,435173,23173,24,503,40,1.4,1,4.17,9482,20.24,25,0.07,235
1077.15,435675,23205,24,502,32,1.26,1,4.17,9482,20.24,65,0.2,235
1078.38,436179,23225,24,504,20,1.23,1,4.17,9482,20.24,35,0.09,235
1079.55,436679,23245,24,500,20,1.17,1,4.17,9482,20.24,75,0.17,235
1080.87,437181,23277,24,502,32,1.31,1,4.17,9482,20.24,35,0.11,235
1082.22,437685,23285,24,504,8,1.35,1,4.17,9482,20.24,25,0.07,235
1083.46,438188,23325,24,503,40,1.24,1,4.17,9482,20.24,10,0.03,235
1084.87,438692,23337,24,504,12,1.41,1,4.17,9482,20.24,175,0.52,235
1086.05,439192,23353,24,500,16,1.18,1,4.17,9482,20.24,90,0.19,235
1087.23,439696,23365,24,504,12,1.18,1,4.17,9482,20.24,55,0.12,235
1088.65,440197,23393,24,501,28,1.42,1,4.17,9482,20.24,30,0.08,236
1089.89,440698,23417,24,501,24,1.24,1,4.17,9482,20.24,165,0.41,236
1091.3,441202,23441,24,504,24,1.41,1,4.17,9482,20.24,65,0.14,236
1092.36,441706,23457,24,504,16,1.07,1,4.17,9482,20.24,25,0.05,236
1093.55,442209,23477,24,503,20,1.18,1,4.17,9482,20.24,105,0.27,236
1094.76,442710,23501,24,501,24,1.22,1,4.17,9482,20.24,105,0.22,236
1095.98,443214,23513,24,504,12,1.22,1,4.17,9482,20.24,205,0.54,236
1097.27,443716,23557,24,502,44,1.28,1,4.17,9482,20.24,35,0.1,238
1098.48,444220,23589,24,504,32,1.21,1,4.17,9482,20.24,15,0.04,239
1099.77,444721,23621,24,501,32,1.29,1,4.17,9482,20.24,5,0.01,240
1100.89,445224,23625,24,503,4,1.12,1,4.17,9482,20.24,365,0.81,240
1102.01,445726,23657,24,502,32,1.12,1,4.17,9482,20.24,30,0.07,241
1103.1,446228,23685,24,502,28,1.1,1,4.17,9482,20.24,35,0.07,241
1104.31,446728,23701,24,500,16,1.21,1,4.17,9482,20.24,65,0.17,241
1105.58,447229,23733,24,501,32,1.27,1,4.17,9482,20.24,25,0.06,241
1106.84,447732,23765,24,503,32,1.26,1,4.17,9482,20.24,20,0.05,242
1108.15,448234,23785,24,502,20,1.31,1,4.17,9482,20.24,30,0.08,242
1109.38,448734,23801,24,500,16,1.23,1,4.17,9482,20.24,55,0.12,242
1110.75,449236,23821,24,502,20,1.37,1,4.17,9482,20.24,170,0.47,242
1111.92,449737,23825,24,501,4,1.17,1,4.17,9482,20.24,30,0.07,242
1113.19,450241,23845,24,504,20,1.27,1,4.17,9482,20.24,30,0.07,242
1114.44,450741,23889,24,500,44,1.25,1,4.17,9482,20.24,15,0.04,242
1115.69,451243,23909,24,502,20,1.25,1,4.17,9482,20.24,10,0.02,242
1116.95,451746,23929,24,503,20,1.26,1,4.17,9482,20.24,330,0.83,242
1118.17,452246,23945,24,500,16,1.22,1,4.17,9482,20.24,65,0.14,242
1119.49,452750,23965,24,504,20,1.32,1,4.17,9482,20.24,5,0.01,243
1120.77,453252,23993,24,502,28,1.28,1,4.17,9482,20.24,115,0.3,244
1122,453754,24013,24,502,20,1.23,1,4.17,9482,20.24,80,0.2,244
1123.36,454255,24037,24,501,24,1.37,1,4.17,9482,20.24,70,0.17,245
1124.62,454758,24049,24,503,12,1.25,1,4.17,9482,20.24,225,0.57,245
1126.01,455260,24081,24,502,32,1.4,1,4.17,9482,20.24,25,0.06,246
1127.21,455760,24105,24,500,24,1.2,1,4.17,9482,20.24,5,0.01,246
1128.47,456264,24121,24,504,16,1.26,1,4.17,9482,20.24,35,0.1,246
1129.69,456766,24145,24,502,24,1.23,1,4.17,9482,20.24,35,0.07,247
1130.93,457268,24165,24,502,20,1.24,1,4.17,9482,20.24,10,0.03,247
1132.3,457770,24173,24,502,8,1.37,1,4.17,9482,20.24,35,0.13,248
1133.62,458273,24181,24,503,8,1.32,1,4.17,9482,20.24,165,0.44,248
1134.8,458776,24193,24,503,12,1.18,1,4.17,9482,20.24,270,0.63,248
1136.1,459278,24217,24,502,24,1.31,1,4.17,9482,20.24,115,0.29,248
1137.56,459782,24237,24,504,20,1.46,1,4.17,9482,20.24,55,0.18,248
1138.91,460284,24257,24,502,20,1.35,1,4.17,9482,20.24,30,0.09,248
1140.11,460784,24273,24,500,16,1.2,1,4.17,9482,20.24,175,0.42,249
1141.42,461286,24301,24,502,28,1.31,1,4.17,9482,20.24,90,0.22,250
1142.82,461790,24313,24,504,12,1.41,1,4.17,9482,20.24,225,0.68,250
1144.17,462294,24345,24,504,32,1.35,1,4.17,9482,20.24,45,0.11,250
1145.34,462795,24369,24,501,24,1.17,1,4.17,9482,20.24,30,0.07,250
1146.65,463297,24385,24,502,16,1.31,1,4.17,9482,20.24,75,0.2,250
1148.13,463801,24405,24,504,20,1.48,1,4.17,9482,20.24,50,0.11,251
1149.32,464303,24413,24,502,8,1.19,1,4.17,9482,20.24,45,0.11,251
1150.56,464803,24437,24,500,24,1.24,1,4.17,9482,20.24,70,0.2,251
1151.77,465307,24461,24,504,24,1.21,1,4.17,9482,20.24,5,0.01,251
1153.12,465811,24505,24,504,44,1.34,1,4.17,9482,20.24,65,0.16,251
1154.27,466312,24525,24,501,20,1.16,1,4.17,9482,20.24,30,0.07,251
1155.61,466816,24541,24,504,16,1.33,1,4.17,9482,20.24,235,0.62,251
1156.97,467319,24565,24,503,24,1.36,1,4.17,9482,20.24,75,0.2,252
1158.28,467819,24589,24,500,24,1.32,1,4.17,9482,20.24,60,0.14,252
1159.52,468321,24609,24,502,20,1.24,1,4.17,9482,20.24,75,0.21,252
1160.98,468821,24649,24,500,40,1.46,1,4.17,9482,20.24,110,0.31,252
1162.32,469322,24685,24,501,36,1.33,1,4.17,9482,20.24,20,0.05,252
1163.54,469822,24717,24,500,32,1.22,1,4.17,9482,20.24,5,0.02,252
1164.9,470322,24737,24,500,20,1.36,1,4.17,9482,20.24,110,0.29,253
1166.27,470823,24757,24,501,20,1.37,1,4.17,9482,20.24,85,0.19,253
1167.56,471327,24769,24,504,12,1.29,1,4.17,9482,20.24,235,0.58,253
1168.78,471828,24785,24,501,16,1.23,1,4.17,9482,20.24,0,0,253
1170.1,472328,24813,24,500,28,1.32,1,4.17,9482,20.24,15,0.03,253
1171.29,472830,24821,24,502,8,1.19,1,4.17,9482,20.24,210,0.53,253
1172.68,473332,24845,24,502,24,1.39,1,4.17,9482,20.24,40,0.1,253
1174.02,473836,24869,24,504,24,1.34,1,4.17,9482,20.24,65,0.16,253
1175.32,474339,24893,24,503,24,1.3,1,4.17,9482,20.24,65,0.17,255
1176.61,474842,24913,24,503,20,1.29,1,4.17,9482,20.24,160,0.4,255
1177.78,475342,24925,24,500,12,1.17,1,4.17,9482,20.24,145,0.32,255
1178.96,475844,24933,24,502,8,1.18,1,4.17,9482,20.24,320,0.74,255
1180.25,476346,24961,24,502,28,1.29,1,4.17,9482,20.24,15,0.03,255
1181.43,476847,24977,24,501,16,1.18,1,4.17,9482,20.24,40,0.08,255
1182.79,477348,24993,24,501,16,1.36,1,4.17,9482,20.24,250,0.67,255
1183.98,477849,25021,24,501,28,1.19,1,4.17,9482,20.24,65,0.14,257
1185.18,478351,25029,24,502,8,1.2,1,4.17,9482,20.24,335,0.82,258
1186.42,478851,25037,24,500,8,1.23,1,4.17,9482,20.24,390,0.94,258
1187.74,479355,25061,24,504,24,1.32,1,4.17,9482,20.24,45,0.11,258
1189.09,479858,25077,24,503,16,1.35,1,4.17,9482,20.24,105,0.25,258
1190.43,480361,25105,24,503,28,1.34,1,4.17,9482,20.24,115,0.32,258
1191.7,480864,25121,24,503,16,1.27,1,4.17,9482,20.24,80,0.18,259
1193.08,481368,25153,24,504,32,1.38,1,4.17,9482,20.24,55,0.17,259
1194.43,481868,25169,24,500,16,1.34,1,4.17,9482,20.24,300,0.77,259
1195.97,482370,25213,24,502,44,1.54,1,4.17,9482,20.24,60,0.17,260
1197.21,482870,25249,24,500,36,1.24,1,4.17,9482,20.24,25,0.06,261
1198.48,483371,25273,24,501,24,1.28,1,4.17,9482,20.24,65,0.19,261
1199.72,483872,25285,24,501,12,1.24,1,4.17,9482,20.24,115,0.28,261
1201.08,484375,25309,24,503,24,1.36,1,4.17,9482,20.24,15,0.04,261
1202.35,484879,25325,24,504,16,1.27,1,4.17,9482,20.24,275,0.71,262
1203.55,485381,25349,24,502,24,1.2,1,4.17,9482,20.24,85,0.19,263
1204.81,485882,25385,24,501,36,1.26,1,4.17,9482,20.24,120,0.33,264
1206.18,486386,25401,24,504,16,1.38,1,4.17,9482,20.24,260,0.76,264
1207.44,486889,25413,24,503,12,1.26,1,4.17,9482,20.24,35,0.09,264
1208.75,487391,25437,24,502,24,1.31,1,4.17,9482,20.24,60,0.15,264
1210,487892,25473,24,501,36,1.24,1,4.17,9482,20.24,45,0.12,264
1211.23,488393,25485,24,501,12,1.23,1,4.17,9482,20.24,180,0.46,265
1212.43,488893,25509,24,500,24,1.2,1,4.17,9482,20.24,20,0.05,265
1213.7,489393,25529,24,500,20,1.27,1,4.17,9482,20.24,40,0.08,265
1215.24,489895,25557,24,502,28,1.54,1,4.17,9482,20.24,0,0,266
1216.5,490398,25577,24,503,20,1.25,1,4.17,9482,20.24,30,0.08,266
1217.84,490901,25609,24,503,32,1.34,2,8.33,9482,20.24,35,0.11,266
1218.97,491402,25645,24,501,36,1.14,1,4.17,9482,20.24,10,0.03,266
1220.32,491906,25665,24,504,20,1.34,1,4.17,9482,20.24,10,0.02,268
1221.55,492406,25681,24,500,16,1.23,1,4.17,9482,20.24,10,0.02,268
1222.77,492908,25685,24,502,4,1.23,1,4.17,9482,20.24,220,0.54,268
1224.18,493411,25697,24,503,12,1.41,1,4.17,9482,20.24,295,0.83,268
0.93,502,4700,24,502,4700,0.93,1,4.17,2,0,500,0.93,1
1.82,1002,4702,24,500,2,0.88,2,8.33,708,1.32,75,0.12,2
2.8,1502,4702,24,500,0,0.98,0,0,708,1.32,575,1.1,2
3.97,2005,5415,26,503,713,1.17,4,15.38,708,1.32,110,0.24,4
5.02,2507,5539,26,502,124,1.05,1,3.85,708,1.32,300,0.63,4
5.97,3007,5539,26,500,0,0.95,0,0,708,1.32,800,1.58,4
6.99,3508,5578,26,501,39,1.02,1,3.85,1286,2.57,15,0.03,5
8.02,4008,5578,26,500,0,1.03,0,0,1286,2.57,515,1.06,5
9.1,4508,5578,26,500,0,1.08,0,0,1286,2.57,1015,2.14,5
10.22,5009,5585,26,501,7,1.12,1,3.85,1286,2.58,280,0.69,5
11.15,5509,5585,26,500,0,0.92,0,0,1286,2.58,780,1.61,5
12.1,6011,5589,26,502,4,0.96,1,3.85,1286,2.58,350,0.66,5
13.31,6511,5589,26,500,0,1.21,0,0,1286,2.58,850,1.87,5
14.57,7011,5589,26,500,0,1.26,0,0,1286,2.58,1350,3.13,5
15.75,7512,5593,26,501,4,1.18,1,3.85,1776,4.12,75,0.19,5
16.93,8013,5597,26,501,4,1.19,1,3.85,1776,4.12,140,0.33,5
18.14,8514,5601,26,501,4,1.21,1,3.85,1776,4.12,360,0.85,5
19.32,9014,5617,26,500,16,1.17,1,3.85,1776,4.12,30,0.09,5
20.44,9516,5625,26,502,8,1.12,1,3.85,1776,4.12,70,0.15,5
21.7,10016,5625,26,500,0,1.26,0,0,1776,4.12,570,1.41,5
22.89,10518,5633,26,502,8,1.19,1,3.85,1776,4.12,150,0.34,5
24.02,11018,5633,26,500,0,1.13,0,0,1776,4.12,650,1.47,5
25.11,11519,5637,26,501,4,1.09,1,3.85,1776,4.12,330,0.7,5
26.14,12020,5641,26,501,4,1.03,1,3.85,1776,4.12,20,0.04,5
27.29,12521,5645,26,501,4,1.15,1,3.85,1776,4.12,20,0.04,5
28.38,13025,5649,26,504,4,1.09,1,3.85,1776,4.12,110,0.23,5
29.46,13525,5649,26,500,0,1.08,0,0,1776,4.12,610,1.32,5
30.51,14025,5661,26,500,12,1.05,1,3.85,1776,4.12,210,0.43,6
31.55,14527,5669,26,502,8,1.04,1,3.85,1776,4.12,85,0.18,6
32.78,15030,5677,26,503,8,1.23,1,3.85,1776,4.12,50,0.12,6
34,15533,5689,26,503,12,1.22,1,3.85,1776,4.12,30,0.07,6
35.2,16033,5689,26,500,0,1.2,0,0,1776,4.12,530,1.27,6
36.44,16534,5709,26,501,20,1.24,1,3.85,1776,4.12,115,0.27,6
37.64,17035,5709,25,501,0,1.2,1,4,1776,4.12,350,0.76,6
38.66,17535,5709,25,500,0,1.02,0,0,1776,4.12,850,1.79,6
39.73,18035,5709,25,500,0,1.07,0,0,1776,4.12,1350,2.86,6
40.8,18535,5709,25,500,0,1.07,0,0,1776,4.12,1850,3.93,6
41.76,19035,5709,25,500,0,0.96,0,0,1776,4.12,2350,4.89,6
42.74,19535,5709,25,500,0,0.98,0,0,1776,4.12,2850,5.87,6
43.74,20035,5709,25,500,0,1,0,0,1776,4.12,3350,6.87,6
44.74,20535,5709,25,500,0,1,0,0,1776,4.12,3850,7.87,6
45.73,21035,5709,25,500,0,0.99,0,0,1776,4.12,4350,8.85,6
46.67,21535,5709,25,500,0,0.94,0,0,1776,4.12,4850,9.8,6
47.7,22035,5709,25,500,0,1.03,0,0,1776,4.12,5350,10.83,6
48.6,22535,5709,25,500,0,0.9,0,0,1776,4.12,5850,11.73,6
49.51,23035,5709,25,500,0,0.91,0,0,1776,4.12,6350,12.64,6
50.49,23535,5709,25,500,0,0.98,0,0,1776,4.12,6850,13.62,6
51.49,24035,5709,25,500,0,1,0,0,1776,4.12,7350,14.62,6
52.56,24535,5709,25,500,0,1.07,0,0,1776,4.12,7850,15.69,6
53.51,25035,5709,25,500,0,0.95,0,0,1776,4.12,8350,16.64,6
54.51,25535,5709,25,500,0,1,0,0,1776,4.12,8850,17.64,6
55.57,26035,5709,25,500,0,1.06,0,0,1776,4.12,9350,18.7,6
56.67,26535,5709,25,500,0,1.1,0,0,1776,4.12,9850,19.8,6
57.69,27035,5709,25,500,0,1.02,0,0,1776,4.12,10350,20.82,6
58.81,27535,5709,25,500,0,1.12,0,0,1776,4.12,10850,21.94,6
59.85,28035,5709,25,500,0,1.04,0,0,1776,4.12,11350,22.98,6
60.97,28535,5709,25,500,0,1.11,0,0,1776,4.12,11850,24.1,6
61.98,29036,5713,25,501,4,1.01,1,4,11981,24.36,370,0.74,6
63.06,29536,5713,25,500,0,1.08,0,0,11981,24.36,870,1.83,6
64.07,30036,5713,25,500,0,1.01,0,0,11981,24.36,1370,2.84,6
65.02,30536,5713,25,500,0,0.95,0,0,11981,24.36,1870,3.78,6
65.93,31036,5713,25,500,0,0.91,0,0,11981,24.36,2370,4.7,6
66.99,31536,5713,25,500,0,1.06,0,0,11981,24.36,2870,5.75,6
67.96,32036,5713,25,500,0,0.98,0,0,11981,24.36,3370,6.73,6
69.03,32536,5713,25,500,0,1.07,0,0,11981,24.36,3870,7.79,6
70.08,33036,5713,25,500,0,1.05,0,0,11981,24.36,4370,8.84,6
71.18,33536,5713,25,500,0,1.1,0,0,11981,24.36,4870,9.94,6
72.09,34036,5713,25,500,0,0.91,0,0,11981,24.36,5370,10.85,6
73.04,34536,5721,25,500,8,0.96,1,4,11981,24.36,90,0.21,6
74.05,35036,5729,25,500,8,1.01,1,4,11981,24.36,50,0.11,7
74.99,35536,5729,25,500,0,0.94,0,0,11981,24.36,550,1.05,7
75.92,36036,5729,25,500,0,0.93,0,0,11981,24.36,1050,1.98,7
77.01,36536,5729,25,500,0,1.09,0,0,11981,24.36,1550,3.07,7
78.04,37036,5729,25,500,0,1.03,0,0,11981,24.36,2050,4.1,7
79.15,37536,5729,25,500,0,1.11,0,0,11981,24.36,2550,5.21,7
80.27,38036,5729,25,500,0,1.12,0,0,11981,24.36,3050,6.32,7
81.27,38538,5737,25,502,8,1,1,4,11981,24.36,10,0.02,7
82.41,39038,5737,25,500,0,1.14,0,0,11981,24.36,510,1.15,7
83.4,39538,5737,25,500,0,0.99,0,0,11981,24.36,1010,2.14,7
84.41,40039,5741,25,501,4,1.02,1,4,11981,24.36,70,0.13,7
85.48,40541,5745,25,502,4,1.07,1,4,11981,24.36,155,0.31,7
86.41,41041,5753,25,500,8,0.93,2,8,11981,24.36,200,0.39,8
87.46,41541,5769,25,500,16,1.06,1,4,11981,24.36,20,0.04,9
88.56,42045,5773,25,504,4,1.1,1,4,11981,24.36,295,0.66,9
89.79,42546,5777,25,501,4,1.22,1,4,11981,24.36,5,0.01,9
90.9,43048,5785,25,502,8,1.11,1,4,11981,24.36,45,0.11,9
92.07,43549,5789,25,501,4,1.17,1,4,11981,24.36,485,1.14,9
93.2,44053,5842,26,504,53,1.13,4,15.38,11981,24.36,145,0.37,10
94.32,44556,5854,26,503,12,1.12,1,3.85,11981,24.36,300,0.66,10
95.41,45056,5870,26,500,16,1.09,1,3.85,11981,24.36,60,0.13,10
96.42,45560,5898,26,504,28,1.01,1,3.85,11981,24.36,55,0.12,11
97.45,46064,5914,26,504,16,1.03,1,3.85,11981,24.36,5,0.01,11
98.58,46565,5926,26,501,12,1.13,2,7.69,11981,24.36,50,0.09,12
99.65,47066,5930,26,501,4,1.07,1,3.85,11981,24.36,190,0.39,12
100.83,47570,5938,26,504,8,1.18,1,3.85,11981,24.36,175,0.42,12
101.99,48074,5954,26,504,16,1.17,1,3.85,11981,24.36,195,0.46,12
103.15,48574,5954,26,500,0,1.16,0,0,11981,24.36,695,1.62,12
104.55,49077,5966,26,503,12,1.4,1,3.85,11981,24.36,100,0.28,12
105.8,49580,5974,26,503,8,1.25,2,7.69,11981,24.36,115,0.26,12
107.06,50082,5994,26,502,20,1.26,2,7.69,11981,24.36,75,0.22,12
108.29,50582,6002,26,500,8,1.23,1,3.85,11981,24.36,230,0.56,12
109.49,51086,6030,26,504,28,1.2,1,3.85,11981,24.36,115,0.31,12
110.97,51590,6042,26,504,12,1.47,1,3.85,11981,24.36,20,0.08,12
112.15,52090,6074,26,500,32,1.19,1,3.85,11981,24.36,100,0.23,12
113.46,52590,6086,26,500,12,1.31,1,3.85,11981,24.36,130,0.37,12
114.61,53091,6102,26,501,16,1.15,1,3.85,11981,24.36,30,0.05,12
115.84,53595,6118,26,504,16,1.23,1,3.85,11981,24.36,105,0.25,12
116.96,54098,6142,26,503,24,1.12,1,3.85,11981,24.36,135,0.28,12
118.23,54602,6158,26,504,16,1.27,1,3.85,11981,24.36,235,0.66,12
119.51,55103,6174,26,501,16,1.29,1,3.85,11981,24.36,110,0.27,12
120.71,55603,6194,26,500,20,1.2,1,3.85,11981,24.36,150,0.3,12
121.75,56105,6202,26,502,8,1.04,1,3.85,11981,24.36,120,0.21,12
122.93,56608,6222,26,503,20,1.18,1,3.85,11981,24.36,40,0.1,12
124.17,57109,6234,26,501,12,1.24,1,3.85,11981,24.36,40,0.11,12
125.33,57610,6246,26,501,12,1.16,1,3.85,11981,24.36,75,0.19,14
126.55,58112,6258,26,502,12,1.23,1,3.85,11981,24.36,45,0.11,15
127.72,58612,6270,26,500,12,1.16,1,3.85,11981,24.36,145,0.37,15
128.86,59115,6294,26,503,24,1.14,1,3.85,11981,24.36,30,0.07,15
130.03,59615,6306,26,500,12,1.17,1,3.85,11981,24.36,130,0.31,15
131.11,60117,6330,26,502,24,1.08,1,3.85,11981,24.36,40,0.08,16
132.29,60617,6350,26,500,20,1.18,1,3.85,11981,24.36,100,0.29,16
133.6,61118,6370,26,501,20,1.31,1,3.85,11981,24.36,45,0.16,16
134.9,61620,6406,26,502,36,1.3,1,3.85,11981,24.36,10,0.02,19
136.29,62121,6426,26,501,20,1.39,1,3.85,11981,24.36,40,0.09,19
137.54,62622,6442,26,501,16,1.25,1,3.85,11981,24.36,85,0.25,20
138.95,63125,6462,26,503,20,1.42,1,3.85,11981,24.36,75,0.18,20
140.17,63626,6482,26,501,20,1.22,1,3.85,11981,24.36,200,0.47,20
141.41,64128,6494,26,502,12,1.24,1,3.85,11981,24.36,90,0.23,20
142.62,64629,6506,26,501,12,1.21,1,3.85,11981,24.36,240,0.59,21
143.86,65132,6534,26,503,28,1.23,1,3.85,11981,24.36,25,0.06,22
145.09,65632,6566,26,500,32,1.24,1,3.85,11981,24.36,20,0.04,23
146.38,66134,6586,26,502,20,1.29,1,3.85,11981,24.36,45,0.13,23
147.53,66635,6610,26,501,24,1.15,1,3.85,11981,24.36,25,0.05,24
148.76,67138,6618,26,503,8,1.22,1,3.85,11981,24.36,255,0.65,24
149.99,67641,6650,26,503,32,1.23,1,3.85,11981,24.36,80,0.19,24
151.11,68141,6666,26,500,16,1.13,1,3.85,11981,24.36,225,0.51,24
152.48,68642,6682,26,501,16,1.37,1,3.85,11981,24.36,120,0.29,24
153.77,69142,6710,26,500,28,1.29,1,3.85,11981,24.36,45,0.1,24
155.11,69642,6726,26,500,16,1.34,1,3.85,11981,24.36,130,0.33,24
156.49,70142,6742,26,500,16,1.38,1,3.85,11981,24.36,195,0.47,25
157.72,70642,6774,26,500,32,1.23,1,3.85,11981,24.36,45,0.1,26
158.99,71143,6798,26,501,24,1.27,1,3.85,11981,24.36,15,0.04,26
160.2,71644,6826,26,501,28,1.21,1,3.85,11981,24.36,100,0.27,26
161.43,72147,6854,26,503,28,1.24,1,3.85,11981,24.36,75,0.23,27
162.69,72651,6870,26,504,16,1.25,1,3.85,11981,24.36,5,0.02,27
163.89,73155,6898,26,504,28,1.21,1,3.85,11981,24.36,40,0.12,28
165.05,73655,6926,26,500,28,1.16,1,3.85,11981,24.36,0,0,28
166.21,74156,6946,26,501,20,1.16,1,3.85,11981,24.36,10,0.02,29
167.34,74656,6966,26,500,20,1.13,1,3.85,11981,24.36,155,0.37,29
168.57,75156,6994,26,500,28,1.23,1,3.85,11981,24.36,10,0.03,30
169.97,75659,7006,26,503,12,1.4,1,3.85,11981,24.36,65,0.16,31
171.12,76159,7030,26,500,24,1.15,1,3.85,11981,24.36,45,0.08,31
172.36,76663,7046,26,504,16,1.24,1,3.85,11981,24.36,85,0.22,31
173.47,77164,7058,26,501,12,1.11,1,3.85,11981,24.36,50,0.11,32
174.65,77666,7066,26,502,8,1.18,1,3.85,11981,24.36,400,0.95,32
175.8,78166,7082,26,500,16,1.15,2,7.69,11981,24.36,95,0.2,33
176.88,78668,7102,26,502,20,1.08,1,3.85,11981,24.36,25,0.05,33
178.17,79170,7110,26,502,8,1.29,1,3.85,11981,24.36,160,0.49,34
179.61,79671,7114,26,501,4,1.44,1,3.85,11981,24.36,320,0.92,34
180.81,80175,7130,26,504,16,1.2,1,3.85,11981,24.36,25,0.05,34
182.13,80677,7150,26,502,20,1.32,1,3.85,11981,24.36,85,0.23,34
183.39,81177,7162,26,500,12,1.26,1,3.85,11981,24.36,75,0.18,34
184.61,81678,7194,26,501,32,1.22,1,3.85,11981,24.36,70,0.16,34
185.93,82181,7226,26,503,32,1.32,1,3.85,11981,24.36,230,0.6,34
187.39,82684,7238,26,503,12,1.45,1,3.85,11981,24.36,130,0.48,34
188.9,83185,7266,26,501,28,1.52,1,3.85,11981,24.36,5,0.01,34
190.13,83685,7282,26,500,16,1.23,1,3.85,11981,24.36,25,0.06,34
191.58,84186,7298,26,501,16,1.45,1,3.85,11981,24.36,15,0.04,34
192.83,84686,7310,26,500,12,1.25,1,3.85,11981,24.36,100,0.23,35
194.16,85186,7346,26,500,36,1.32,1,3.85,11981,24.36,50,0.14,35
195.45,85689,7358,26,503,12,1.3,1,3.85,11981,24.36,50,0.12,35
196.89,86192,7366,26,503,8,1.44,1,3.85,11981,24.36,15,0.03,35
198.15,86695,7374,26,503,8,1.26,1,3.85,11981,24.36,45,0.13,35
199.44,87197,7402,26,502,28,1.29,1,3.85,11981,24.36,20,0.06,36
200.7,87698,7426,26,501,24,1.26,1,3.85,11981,24.36,20,0.05,37
201.99,88200,7442,26,502,16,1.29,1,3.85,11981,24.36,55,0.16,37
203.33,88704,7466,26,504,24,1.34,1,3.85,11981,24.36,60,0.16,37
204.53,89204,7498,26,500,32,1.21,1,3.85,11981,24.36,10,0.03,38
205.69,89704,7518,26,500,20,1.16,1,3.85,11981,24.36,155,0.38,38
206.9,90207,7534,26,503,16,1.21,1,3.85,11981,24.36,105,0.24,38
208.15,90707,7546,26,500,12,1.25,1,3.85,11981,24.36,20,0.05,38
209.36,91207,7566,26,500,20,1.21,1,3.85,11981,24.36,20,0.05,38
210.62,91707,7578,26,500,12,1.26,1,3.85,11981,24.36,170,0.43,38
211.79,92207,7614,26,500,36,1.17,1,3.85,11981,24.36,95,0.22,38
213,92711,7642,26,504,28,1.22,1,3.85,11981,24.36,15,0.04,38
214.34,93212,7658,26,501,16,1.34,1,3.85,11981,24.36,0,0,38
215.57,93714,7678,26,502,20,1.23,1,3.85,11981,24.36,5,0.01,38
217.09,94217,7722,26,503,44,1.52,1,3.85,11981,24.36,0,0,40
218.4,94721,7730,26,504,8,1.31,1,3.85,11981,24.36,320,0.8,40
219.66,95225,7758,26,504,28,1.26,1,3.85,11981,24.36,60,0.16,40
220.9,95727,7782,26,502,24,1.24,1,3.85,11981,24.36,55,0.16,40
222.2,96227,7806,26,500,24,1.3,1,3.85,11981,24.36,55,0.13,41
223.44,96730,7846,26,503,40,1.24,1,3.85,11981,24.36,110,0.26,42
224.67,97234,7866,26,504,20,1.23,1,3.85,11981,24.36,105,0.25,42
225.96,97734,7886,26,500,20,1.28,1,3.85,11981,24.36,120,0.33,42
227.24,98236,7906,26,502,20,1.28,1,3.85,11981,24.36,10,0.02,42
228.41,98739,7918,26,503,12,1.18,1,3.85,11981,24.36,125,0.24,43
229.6,99242,7946,26,503,28,1.19,1,3.85,11981,24.36,35,0.07,43
230.89,99743,7962,26,501,16,1.28,1,3.85,11981,24.36,10,0.02,44
232.17,100247,7986,26,504,24,1.28,1,3.85,11981,24.36,5,0.02,44
233.31,100750,8022,26,503,36,1.14,1,3.85,11981,24.36,15,0.03,44
234.51,101251,8026,26,501,4,1.19,1,3.85,11981,24.36,325,0.8,44
235.6,101751,8050,26,500,24,1.1,1,3.85,11981,24.36,0,0,44
236.83,102254,8066,26,503,16,1.22,1,3.85,11981,24.36,40,0.1,44
238.05,102756,8094,26,502,28,1.22,1,3.85,11981,24.36,125,0.3,45
239.23,103258,8118,26,502,24,1.18,1,3.85,11981,24.36,5,0.01,45
240.43,103760,8142,26,502,24,1.2,1,3.85,11981,24.36,90,0.19,45
241.51,104261,8146,26,501,4,1.08,1,3.85,11981,24.36,175,0.35,45
242.7,104761,8162,26,500,16,1.19,1,3.85,11981,24.36,125,0.3,45
243.88,105261,8194,26,500,32,1.18,1,3.85,11981,24.36,35,0.08,46
245.12,105763,8226,26,502,32,1.23,1,3.85,11981,24.36,10,0.02,46
246.43,106264,8254,26,501,28,1.31,1,3.85,11981,24.36,95,0.22,47
247.57,106766,8282,26,502,28,1.14,1,3.85,11981,24.36,115,0.27,48
248.74,107267,8294,26,501,12,1.18,1,3.85,11981,24.36,170,0.41,48
249.96,107767,8310,26,500,16,1.22,1,3.85,11981,24.36,30,0.06,48
251.1,108269,8314,26,502,4,1.13,1,3.85,11981,24.36,335,0.73,49
252.23,108771,8334,26,502,20,1.13,1,3.85,11981,24.36,30,0.06,49
253.52,109275,8350,26,504,16,1.29,1,3.85,11981,24.36,100,0.27,50
254.7,109778,8362,26,503,12,1.18,1,3.85,11981,24.36,340,0.78,51
255.9,110278,8374,26,500,12,1.2,1,3.85,11981,24.36,455,1.09,51
257.12,110781,8386,26,503,12,1.22,1,3.85,11981,24.36,195,0.51,52
258.37,111281,8398,26,500,12,1.25,1,3.85,11981,24.36,65,0.13,52
259.67,111781,8430,26,500,32,1.3,1,3.85,11981,24.36,75,0.24,52
261.06,112283,8438,26,502,8,1.39,1,3.85,11981,24.36,15,0.04,52
262.27,112783,8458,26,500,20,1.2,1,3.85,11981,24.36,40,0.11,52
263.4,113284,8462,26,501,4,1.13,1,3.85,11981,24.36,445,1,52
264.62,113788,8498,26,504,36,1.23,1,3.85,11981,24.36,5,0.01,52
265.86,114290,8518,26,502,20,1.23,1,3.85,11981,24.36,110,0.3,52
267.02,114791,8542,26,501,24,1.16,1,3.85,11981,24.36,40,0.1,52
268.25,115291,8558,26,500,16,1.23,1,3.85,11981,24.36,55,0.11,53
269.5,115791,8570,26,500,12,1.25,1,3.85,11981,24.36,195,0.49,53
270.71,116295,8582,26,504,12,1.2,1,3.85,11981,24.36,170,0.42,53
271.98,116797,8606,26,502,24,1.27,1,3.85,11981,24.36,50,0.11,53
273.22,117298,8626,26,501,20,1.24,1,3.85,11981,24.36,10,0.03,54
274.51,117799,8670,26,501,44,1.29,1,3.85,11981,24.36,30,0.08,56
275.83,118303,8686,26,504,16,1.32,1,3.85,11981,24.36,55,0.13,56
277.1,118806,8698,26,503,12,1.27,1,3.85,11981,24.36,75,0.17,56
278.24,119307,8746,26,501,48,1.14,1,3.85,11981,24.36,65,0.14,56
279.49,119811,8758,26,504,12,1.25,1,3.85,11981,24.36,95,0.24,56
280.71,120315,8778,26,504,20,1.22,1,3.85,11981,24.36,240,0.59,56
281.79,120817,8794,26,502,16,1.08,1,3.85,11981,24.36,220,0.44,56
282.94,121319,8810,26,502,16,1.15,1,3.85,11981,24.36,85,0.23,57
284.15,121821,8834,26,502,24,1.21,1,3.85,11981,24.36,5,0.01,57
285.28,122324,8858,26,503,24,1.14,1,3.85,11981,24.36,85,0.17,57
286.56,122828,8874,26,504,16,1.27,1,3.85,11981,24.36,40,0.1,57
287.81,123331,8910,26,503,36,1.25,1,3.85,11981,24.36,0,0,57
289.03,123834,8918,26,503,8,1.22,1,3.85,11981,24.36,200,0.47,57
290.19,124335,8942,26,501,24,1.16,1,3.85,11981,24.36,30,0.08,57
291.52,124838,8954,26,503,12,1.33,1,3.85,11981,24.36,130,0.36,57
292.9,125339,8990,26,501,36,1.38,1,3.85,11981,24.36,50,0.13,58
294.24,125841,9006,26,502,16,1.34,1,3.85,11981,24.36,250,0.59,58
295.52,126344,9018,26,503,12,1.28,1,3.85,11981,24.36,65,0.16,58
296.64,126848,9030,26,504,12,1.13,1,3.85,11981,24.36,140,0.31,58
297.86,127350,9054,26,502,24,1.22,1,3.85,11981,24.36,20,0.05,58
299.12,127851,9082,26,501,28,1.26,1,3.85,11981,24.36,100,0.27,58
300.35,128352,9110,26,501,28,1.23,1,3.85,11981,24.36,65,0.16,58
301.51,128852,9142,26,500,32,1.15,1,3.85,11981,24.36,5,0.01,59
302.73,129353,9166,26,501,24,1.22,1,3.85,11981,24.36,80,0.19,59
303.98,129856,9194,26,503,28,1.25,1,3.85,11981,24.36,100,0.24,59
305.35,130360,9210,26,504,16,1.37,1,3.85,11981,24.36,130,0.35,59
306.56,130862,9246,26,502,36,1.2,1,3.85,11981,24.36,20,0.06,60
307.93,131366,9286,26,504,40,1.38,1,3.85,11981,24.36,30,0.08,61
309.25,131870,9302,26,504,16,1.32,1,3.85,11981,24.36,135,0.4,61
310.43,132374,9326,26,504,24,1.18,1,3.85,11981,24.36,15,0.03,61
311.58,132876,9362,26,502,36,1.15,1,3.85,11981,24.36,25,0.05,62
312.82,133380,9374,26,504,12,1.24,1,3.85,11981,24.36,285,0.69,62
314.13,133884,9394,26,504,20,1.31,1,3.85,11981,24.36,100,0.26,62
315.54,134385,9418,26,501,24,1.41,1,3.85,11981,24.36,165,0.49,62
316.77,134887,9458,26,502,40,1.23,1,3.85,11981,24.36,45,0.1,63
318.02,135390,9470,26,503,12,1.25,1,3.85,11981,24.36,40,0.09,63
319.3,135894,9486,26,504,16,1.28,1,3.85,11981,24.36,170,0.44,64
320.72,136395,9510,26,501,24,1.42,1,3.85,11981,24.36,145,0.41,64
322.09,136897,9538,26,502,28,1.37,1,3.85,11981,24.36,70,0.19,64
323.41,137398,9542,26,501,4,1.32,1,3.85,11981,24.36,255,0.69,64
324.6,137898,9562,26,500,20,1.19,1,3.85,11981,24.36,5,0.01,64
325.8,138398,9590,26,500,28,1.2,1,3.85,11981,24.36,170,0.38,64
327,138899,9626,26,501,36,1.2,1,3.85,11981,24.36,180,0.45,65
328.2,139402,9650,26,503,24,1.2,1,3.85,11981,24.36,80,0.18,66
329.46,139903,9678,26,501,28,1.26,1,3.85,11981,24.36,5,0.01,66
330.71,140404,9686,26,501,8,1.25,1,3.85,11981,24.36,280,0.69,66
331.98,140906,9714,26,502,28,1.27,1,3.85,11981,24.36,105,0.28,66
333.17,141406,9730,26,500,16,1.19,1,3.85,11981,24.36,45,0.12,66
334.5,141906,9758,26,500,28,1.33,1,3.85,11981,24.36,15,0.04,67
335.75,142407,9770,26,501,12,1.25,1,3.85,11981,24.36,215,0.55,68
337.04,142907,9782,26,500,12,1.28,1,3.85,11981,24.36,5,0.02,68
338.45,143408,9802,26,501,20,1.41,1,3.85,11981,24.36,130,0.32,68
339.66,143908,9830,26,500,28,1.21,1,3.85,11981,24.36,20,0.04,68
340.92,144409,9846,26,501,16,1.26,1,3.85,11981,24.36,15,0.03,69
342.05,144911,9874,26,502,28,1.13,1,3.85,11981,24.36,15,0.04,69
343.35,145415,9898,26,504,24,1.3,1,3.85,11981,24.36,30,0.07,70
344.57,145919,9922,26,504,24,1.22,1,3.85,11981,24.36,45,0.09,70
345.8,146423,9954,26,504,32,1.22,1,3.85,11981,24.36,85,0.19,70
347,146926,9990,26,503,36,1.2,1,3.85,11981,24.36,5,0.01,71
348.24,147427,10006,26,501,16,1.24,1,3.85,11981,24.36,305,0.74,71
349.41,147927,10030,26,500,24,1.17,1,3.85,11981,24.36,185,0.42,72
350.66,148429,10046,26,502,16,1.26,1,3.85,11981,24.36,260,0.66,72
351.92,148932,10058,26,503,12,1.26,1,3.85,11981,24.36,205,0.51,72
353.13,149432,10078,26,500,20,1.21,1,3.85,11981,24.36,50,0.11,73
354.36,149932,10102,26,500,24,1.23,1,3.85,11981,24.36,20,0.05,73
355.68,150433,10122,26,501,20,1.32,1,3.85,11981,24.36,25,0.07,73
356.88,150933,10146,26,500,24,1.2,1,3.85,11981,24.36,60,0.14,73
358.06,151434,10170,26,501,24,1.18,1,3.85,11981,24.36,30,0.07,73
359.22,151936,10190,26,502,20,1.16,1,3.85,11981,24.36,20,0.04,74
360.44,152436,10206,26,500,16,1.21,1,3.85,11981,24.36,180,0.45,74
361.6,152940,10222,26,504,16,1.17,1,3.85,11981,24.36,155,0.34,74
362.77,153440,10258,26,500,36,1.16,1,3.85,11981,24.36,155,0.35,75
363.95,153942,10294,26,502,36,1.18,1,3.85,11981,24.36,10,0.03,76
365.11,154446,10330,26,504,36,1.16,1,3.85,11981,24.36,80,0.17,76
366.22,154947,10334,26,501,4,1.11,1,3.85,11981,24.36,345,0.76,76
367.41,155449,10342,26,502,8,1.19,1,3.85,11981,24.36,305,0.73,76
368.65,155949,10382,26,500,40,1.25,1,3.85,11981,24.36,40,0.12,76
369.91,156451,10390,26,502,8,1.26,1,3.85,11981,24.36,120,0.32,77
371.2,156954,10430,26,503,40,1.29,1,3.85,11981,24.36,120,0.29,77
372.39,157454,10450,26,500,20,1.18,1,3.85,11981,24.36,5,0.01,78
373.57,157958,10478,26,504,28,1.19,1,3.85,11981,24.36,120,0.26,78
374.76,158462,10502,26,504,24,1.19,1,3.85,11981,24.36,40,0.08,78
375.92,158966,10514,26,504,12,1.15,1,3.85,11981,24.36,100,0.23,79
377.12,159470,10538,26,504,24,1.21,1,3.85,11981,24.36,125,0.34,80
378.35,159971,10558,26,501,20,1.22,1,3.85,11981,24.36,10,0.03,80
379.58,160475,10582,26,504,24,1.23,1,3.85,11981,24.36,10,0.03,80
380.75,160978,10598,26,503,16,1.17,1,3.85,11981,24.36,30,0.07,80
381.95,161481,10614,26,503,16,1.2,1,3.85,11981,24.36,110,0.24,80
383.08,161983,10654,26,502,40,1.13,1,3.85,11981,24.36,45,0.12,82
384.31,162485,10686,26,502,32,1.22,1,3.85,11981,24.36,25,0.06,82
385.56,162985,10702,26,500,16,1.25,1,3.85,11981,24.36,95,0.21,82
386.8,163487,10722,26,502,20,1.25,1,3.85,11981,24.36,155,0.37,82
388.02,163989,10742,26,502,20,1.22,1,3.85,11981,24.36,50,0.12,82
389.08,164489,10762,26,500,20,1.06,1,3.85,11981,24.36,125,0.28,82
390.33,164991,10786,26,502,24,1.25,1,3.85,11981,24.36,150,0.35,83
391.58,165493,10810,26,502,24,1.25,1,3.85,11981,24.36,5,0.01,83
392.94,165995,10834,26,502,24,1.36,1,3.85,11981,24.36,10,0.02,83
394.21,166498,10846,26,503,12,1.27,1,3.85,11981,24.36,160,0.37,83
395.42,166998,10858,26,500,12,1.21,1,3.85,11981,24.36,50,0.11,83
396.62,167501,10898,26,503,40,1.21,1,3.85,11981,24.36,70,0.16,83
397.79,168005,10914,26,504,16,1.17,1,3.85,11981,24.36,25,0.06,83
399.01,168505,10938,26,500,24,1.22,1,3.85,11981,24.36,30,0.07,83
400.26,169008,10958,26,503,20,1.24,1,3.85,11981,24.36,185,0.43,83
401.51,169509,10982,26,501,24,1.25,1,3.85,11981,24.36,110,0.28,84
402.69,170009,10998,26,500,16,1.18,1,3.85,11981,24.36,70,0.19,84
403.96,170510,11018,26,501,20,1.27,1,3.85,11981,24.36,60,0.14,84
405.15,171013,11030,26,503,12,1.19,1,3.85,11981,24.36,80,0.2,84
406.27,171516,11054,26,503,24,1.12,1,3.85,11981,24.36,80,0.17,84
407.55,172019,11074,26,503,20,1.28,1,3.85,11981,24.36,60,0.14,84
408.78,172520,11094,26,501,20,1.23,1,3.85,11981,24.36,100,0.25,85
410.02,173024,11122,26,504,28,1.24,1,3.85,11981,24.36,95,0.26,85
411.28,173528,11134,26,504,12,1.25,1,3.85,11981,24.36,180,0.43,85
412.46,174030,11154,26,502,20,1.18,1,3.85,11981,24.36,185,0.42,85
413.58,174531,11158,26,501,4,1.12,1,3.85,11981,24.36,45,0.1,85
414.78,175031,11170,26,500,12,1.2,1,3.85,11981,24.36,225,0.53,86
415.83,175531,11202,26,500,32,1.05,1,3.85,11981,24.36,80,0.15,86
417.05,176032,11230,26,501,28,1.22,1,3.85,11981,24.36,25,0.05,86
418.23,176532,11250,26,500,20,1.18,1,3.85,11981,24.36,25,0.06,86
419.45,177036,11286,26,504,36,1.22,1,3.85,11981,24.36,20,0.04,86
420.64,177540,11318,26,504,32,1.2,1,3.85,11981,24.36,35,0.08,86
421.84,178042,11334,26,502,16,1.19,1,3.85,11981,24.36,290,0.66,86
423.02,178542,11358,26,500,24,1.18,1,3.85,11981,24.36,105,0.23,86
424.39,179043,11374,26,501,16,1.37,1,3.85,11981,24.36,315,0.95,86
425.73,179545,11386,26,502,12,1.34,1,3.85,11981,24.36,255,0.63,86
426.92,180048,11410,26,503,24,1.19,1,3.85,11981,24.36,100,0.21,86
428.12,180551,11434,26,503,24,1.19,1,3.85,11981,24.36,130,0.29,87
429.45,181054,11462,26,503,28,1.33,1,3.85,11981,24.36,45,0.13,87
430.78,181558,11498,26,504,36,1.33,1,3.85,11981,24.36,35,0.1,87
432.01,182059,11518,26,501,20,1.23,1,3.85,11981,24.36,5,0.01,87
433.23,182560,11538,26,501,20,1.22,1,3.85,11981,24.36,170,0.43,87
434.59,183063,11562,26,503,24,1.36,1,3.85,11981,24.36,55,0.14,87
435.8,183564,11566,26,501,4,1.21,1,3.85,11981,24.36,345,0.82,87
436.89,184067,11586,26,503,20,1.08,1,3.85,11981,24.36,145,0.35,87
438.09,184571,11598,26,504,12,1.21,1,3.85,11981,24.36,145,0.35,87
439.29,185071,11610,26,500,12,1.2,1,3.85,11981,24.36,80,0.2,88
440.47,185574,11622,26,503,12,1.18,1,3.85,11981,24.36,55,0.13,88
441.71,186075,11626,26,501,4,1.23,1,3.85,11981,24.36,500,1.23,89
443.01,186576,11654,26,501,28,1.3,1,3.85,11981,24.36,65,0.18,89
444.32,187077,11686,26,501,32,1.31,1,3.85,11981,24.36,20,0.06,89
445.5,187579,11706,26,502,20,1.18,1,3.85,11981,24.36,80,0.17,90
446.72,188080,11738,26,501,32,1.22,1,3.85,11981,24.36,0,0,90
448.03,188581,11770,26,501,32,1.31,1,3.85,11981,24.36,5,0.02,92
449.34,189085,11798,26,504,28,1.31,1,3.85,11981,24.36,45,0.11,93
450.6,189587,11822,26,502,24,1.26,1,3.85,11981,24.36,85,0.2,93
451.78,190090,11842,26,503,20,1.18,1,3.85,11981,24.36,80,0.2,94
453.01,190593,11850,26,503,8,1.24,1,3.85,11981,24.36,250,0.61,94
454.22,191093,11882,26,500,32,1.2,1,3.85,11981,24.36,65,0.15,95
455.46,191594,11902,26,501,20,1.24,1,3.85,11981,24.36,75,0.17,95
456.8,192097,11910,26,503,8,1.35,1,3.85,11981,24.36,230,0.58,95
458.07,192597,11926,26,500,16,1.26,1,3.85,11981,24.36,40,0.12,96
459.35,193097,11942,26,500,16,1.28,1,3.85,11981,24.36,90,0.21,96
460.56,193599,11966,26,502,24,1.22,1,3.85,11981,24.36,140,0.3,96
461.73,194099,11982,26,500,16,1.16,1,3.85,11981,24.36,10,0.02,96
462.93,194601,12006,26,502,24,1.2,1,3.85,11981,24.36,200,0.53,96
464.26,195101,12022,26,500,16,1.33,1,3.85,11981,24.36,20,0.04,97
465.59,195601,12054,26,500,32,1.33,1,3.85,11981,24.36,15,0.03,98
466.77,196101,12074,26,500,20,1.18,1,3.85,11981,24.36,65,0.14,98
467.88,196604,12086,26,503,12,1.12,1,3.85,11981,24.36,365,0.8,98
469.02,197106,12094,26,502,8,1.13,1,3.85,11981,24.36,105,0.23,98
470.14,197607,12142,26,501,48,1.12,1,3.85,11981,24.36,5,0.01,100
471.37,198111,12158,26,504,16,1.23,1,3.85,11981,24.36,280,0.72,101
472.56,198611,12194,26,500,36,1.19,1,3.85,11981,24.36,50,0.09,102
473.72,199113,12214,26,502,20,1.16,1,3.85,11981,24.36,45,0.09,102
474.91,199615,12238,26,502,24,1.19,1,3.85,11981,24.36,125,0.27,103
476.05,200119,12254,26,504,16,1.14,1,3.85,11981,24.36,275,0.63,104
477.23,200621,12290,26,502,36,1.17,1,3.85,11981,24.36,0,0,104
478.42,201125,12302,26,504,12,1.19,1,3.85,11981,24.36,155,0.38,104
479.56,201627,12326,26,502,24,1.14,1,3.85,11981,24.36,105,0.23,104
480.76,202130,12350,26,503,24,1.2,1,3.85,11981,24.36,105,0.27,105
481.92,202630,12366,26,500,16,1.15,1,3.85,11981,24.36,75,0.2,105
483.12,203134,12390,26,504,24,1.21,1,3.85,11981,24.36,100,0.25,106
484.28,203635,12410,26,501,20,1.16,1,3.85,11981,24.36,5,0.01,106
485.62,204136,12430,26,501,20,1.34,1,3.85,11981,24.36,20,0.06,106
486.91,204637,12442,26,501,12,1.29,1,3.85,11981,24.36,105,0.28,106
488.1,205141,12462,26,504,20,1.19,1,3.85,11981,24.36,95,0.21,106
489.32,205644,12490,26,503,28,1.22,1,3.85,11981,24.36,55,0.14,106
490.59,206148,12522,26,504,32,1.27,1,3.85,11981,24.36,45,0.13,107
491.76,206649,12526,26,501,4,1.18,1,3.85,11981,24.36,150,0.34,107
492.98,207149,12526,26,500,0,1.22,0,0,11981,24.36,650,1.55,107
494.39,207650,12546,26,501,20,1.42,1,3.85,11981,24.36,5,0.01,107
495.58,208152,12570,26,502,24,1.19,1,3.85,11981,24.36,85,0.22,107
496.76,208652,12582,26,500,12,1.18,1,3.85,11981,24.36,150,0.35,107
498,209155,12610,26,503,28,1.23,1,3.85,11981,24.36,45,0.11,108
499.33,209656,12638,26,501,28,1.33,1,3.85,11981,24.36,185,0.46,109
500.67,210160,12650,26,504,12,1.34,1,3.85,11981,24.36,70,0.16,110
501.91,210664,12682,26,504,32,1.24,1,3.85,11981,24.36,15,0.04,111
503.18,211168,12702,26,504,20,1.27,1,3.85,11981,24.36,60,0.13,111
504.31,211671,12726,26,503,24,1.12,1,3.85,11981,24.36,130,0.33,112
505.61,212175,12754,26,504,28,1.31,1,3.85,11981,24.36,190,0.45,113
506.81,212676,12770,26,501,16,1.2,1,3.85,11981,24.36,25,0.06,113
508.38,213177,12798,26,501,28,1.57,1,3.85,11981,24.36,75,0.24,113
509.59,213677,12814,26,500,16,1.21,1,3.85,11981,24.36,90,0.24,113
510.87,214180,12842,26,503,28,1.28,1,3.85,11981,24.36,115,0.29,113
512.11,214683,12866,26,503,24,1.24,1,3.85,11981,24.36,0,0,114
513.27,215183,12882,26,500,16,1.16,1,3.85,11981,24.36,5,0.01,114
514.47,215687,12894,26,504,12,1.2,1,3.85,11981,24.36,110,0.28,115
515.74,216190,12918,26,503,24,1.27,1,3.85,11981,24.36,200,0.52,116
517.08,216693,12958,26,503,40,1.34,1,3.85,11981,24.36,10,0.03,116
518.52,217196,12974,26,503,16,1.44,1,3.85,11981,24.36,5,0.02,116
519.73,217696,13006,26,500,32,1.21,1,3.85,11981,24.36,30,0.07,116
520.93,218199,13018,26,503,12,1.21,1,3.85,11981,24.36,120,0.29,116
522.18,218699,13050,26,500,32,1.25,1,3.85,11981,24.36,60,0.16,116
523.57,219201,13078,26,502,28,1.39,1,3.85,11981,24.36,25,0.07,116
524.81,219703,13102,26,502,24,1.24,1,3.85,11981,24.36,125,0.31,116
526.11,220203,13114,26,500,12,1.3,1,3.85,11981,24.36,220,0.56,116
527.3,220705,13150,26,502,36,1.19,1,3.85,11981,24.36,20,0.05,116
528.51,221206,13170,26,501,20,1.21,1,3.85,11981,24.36,5,0.01,116
529.74,221707,13194,26,501,24,1.23,1,3.85,11981,24.36,55,0.14,116
531.08,222211,13230,26,504,36,1.34,1,3.85,11981,24.36,30,0.07,116
532.37,222713,13258,26,502,28,1.29,1,3.85,11981,24.36,210,0.57,117
533.67,223213,13286,26,500,28,1.3,1,3.85,11981,24.36,80,0.2,117
534.86,223713,13314,26,500,28,1.19,1,3.85,11981,24.36,30,0.07,117
536.13,224216,13326,26,503,12,1.27,1,3.85,11981,24.36,260,0.69,117
537.42,224719,13338,26,503,12,1.29,1,3.85,11981,24.36,75,0.19,117
538.72,225222,13362,26,503,24,1.3,1,3.85,11981,24.36,20,0.06,117
540.09,225722,13382,26,500,20,1.37,1,3.85,11981,24.36,45,0.11,117
541.45,226222,13414,26,500,32,1.36,1,3.85,11981,24.36,110,0.28,117
543.01,226726,13430,26,504,16,1.55,1,3.85,11981,24.36,125,0.37,118
544.22,227230,13478,26,504,48,1.21,1,3.85,11981,24.36,25,0.06,120
545.46,227730,13510,26,500,32,1.25,1,3.85,11981,24.36,145,0.36,120
546.75,228233,13534,26,503,24,1.28,1,3.85,11981,24.36,5,0.01,120
547.97,228737,13542,26,504,8,1.22,1,3.85,11981,24.36,305,0.73,121
549.12,229238,13582,26,501,40,1.15,1,3.85,11981,24.36,15,0.03,121
550.48,229741,13590,26,503,8,1.36,1,3.85,11981,24.36,170,0.41,121
551.68,230242,13614,26,501,24,1.2,1,3.85,11981,24.36,30,0.09,121
552.97,230745,13638,26,503,24,1.29,1,3.85,11981,24.36,30,0.07,121
554.29,231245,13654,26,500,16,1.32,1,3.85,11981,24.36,115,0.26,121
555.49,231748,13666,26,503,12,1.2,1,3.85,11981,24.36,15,0.03,121
556.76,232252,13686,26,504,20,1.26,1,3.85,11981,24.36,80,0.2,121
557.99,232753,13718,26,501,32,1.23,1,3.85,11981,24.36,5,0.01,122
559.15,233253,13762,26,500,44,1.16,1,3.85,11981,24.36,15,0.04,123
560.34,233754,13766,26,501,4,1.19,1,3.85,11981,24.36,135,0.32,123
561.58,234258,13782,26,504,16,1.25,1,3.85,11981,24.36,5,0.02,123
562.73,234758,13802,26,500,20,1.15,1,3.85,11981,24.36,0,0,123
563.91,235260,13818,26,502,16,1.18,1,3.85,11981,24.36,375,0.85,123
565.22,235762,13858,26,502,40,1.3,1,3.85,11981,24.36,50,0.11,123
566.44,236262,13858,26,500,0,1.22,0,0,11981,24.36,550,1.33,123
567.55,236764,13894,26,502,36,1.11,1,3.85,11981,24.36,25,0.05,123
568.87,237264,13926,26,500,32,1.31,1,3.85,11981,24.36,15,0.04,124
570.14,237765,13950,26,501,24,1.27,1,3.85,11981,24.36,55,0.14,124
571.16,238265,13966,26,500,16,1.03,1,3.85,11981,24.36,5,0.01,124
572.37,238768,13998,26,503,32,1.21,1,3.85,11981,24.36,5,0.01,124
573.75,239271,14022,26,503,24,1.38,1,3.85,11981,24.36,30,0.07,124
574.98,239773,14030,26,502,8,1.23,1,3.85,11981,24.36,80,0.23,124
576.23,240275,14042,26,502,12,1.25,1,3.85,11981,24.36,55,0.11,124
577.35,240775,14062,26,500,20,1.12,1,3.85,11981,24.36,35,0.1,124
578.51,241279,14082,26,504,20,1.16,1,3.85,11981,24.36,150,0.34,124
579.68,241779,14102,26,500,20,1.17,1,3.85,11981,24.36,5,0.02,125
580.99,242281,14122,26,502,20,1.31,1,3.85,11981,24.36,40,0.11,125
582.32,242784,14158,26,503,36,1.33,1,3.85,11981,24.36,130,0.35,126
583.6,243287,14186,26,503,28,1.28,1,3.85,11981,24.36,30,0.07,127
585.1,243788,14214,26,501,28,1.5,1,3.85,11981,24.36,150,0.4,127
586.21,244289,14242,26,501,28,1.11,1,3.85,11981,24.36,80,0.16,127
587.35,244792,14254,26,503,12,1.14,1,3.85,11981,24.36,305,0.68,127
588.65,245293,14262,26,501,8,1.3,1,3.85,11981,24.36,45,0.12,127
590.05,245795,14274,26,502,12,1.4,1,3.85,11981,24.36,45,0.12,127
591.25,246299,14298,26,504,24,1.2,1,3.85,11981,24.36,40,0.08,127
592.46,246799,14314,26,500,16,1.21,1,3.85,11981,24.36,110,0.27,128
593.78,247303,14326,26,504,12,1.32,1,3.85,11981,24.36,170,0.52,128
594.97,247806,14334,26,503,8,1.19,1,3.85,11981,24.36,65,0.18,128
596.15,248310,14350,26,504,16,1.18,1,3.85,11981,24.36,125,0.28,128
597.38,248810,14358,26,500,8,1.23,1,3.85,11981,24.36,190,0.48,128
598.49,249313,14382,26,503,24,1.11,1,3.85,11981,24.36,120,0.27,128
599.61,249814,14410,26,501,28,1.12,1,3.85,11981,24.36,85,0.2,128
600.8,250316,14418,26,502,8,1.19,1,3.85,11981,24.36,110,0.26,128
602,250818,14450,26,502,32,1.2,1,3.85,11981,24.36,100,0.27,128
603.3,251318,14478,26,500,28,1.31,1,3.85,11981,24.36,105,0.24,128
604.49,251820,14530,26,502,52,1.19,1,3.85,11981,24.36,80,0.16,128
605.72,252324,14546,26,504,16,1.23,1,3.85,11981,24.36,80,0.2,128
607.1,252825,14566,26,501,20,1.37,1,3.85,11981,24.36,195,0.55,129
608.4,253326,14594,26,501,28,1.3,1,3.85,11981,24.36,20,0.06,129
609.62,253828,14610,26,502,16,1.22,1,3.85,11981,24.36,45,0.1,129
610.94,254330,14634,26,502,24,1.32,1,3.85,11981,24.36,15,0.03,130
612.19,254834,14650,26,504,16,1.25,1,3.85,11981,24.36,200,0.5,130
613.53,255336,14686,26,502,36,1.34,1,3.85,11981,24.36,15,0.05,130
614.95,255840,14718,26,504,32,1.43,1,3.85,11981,24.36,120,0.37,131
616.24,256343,14734,26,503,16,1.29,1,3.85,11981,24.36,100,0.24,131
617.47,256844,14762,26,501,28,1.23,1,3.85,11981,24.36,15,0.03,132
618.82,257345,14786,26,501,24,1.35,1,3.85,11981,24.36,110,0.35,132
620.24,257848,14810,26,503,24,1.42,1,3.85,11981,24.36,235,0.59,132
621.39,258352,14822,26,504,12,1.15,1,3.85,11981,24.36,80,0.19,132
622.5,258856,14838,26,504,16,1.11,1,3.85,11981,24.36,70,0.14,132
623.86,259356,14850,26,500,12,1.36,1,3.85,11981,24.36,10,0.03,133
625,259859,14870,26,503,20,1.13,1,3.85,11981,24.36,170,0.35,133
626.22,260362,14886,26,503,16,1.23,1,3.85,11981,24.36,195,0.45,133
627.37,260863,14910,26,501,24,1.15,1,3.85,11981,24.36,35,0.07,133
628.57,261367,14918,26,504,8,1.2,1,3.85,11981,24.36,185,0.41,133
629.89,261871,14938,26,504,20,1.32,1,3.85,11981,24.36,130,0.32,133
631.21,262374,14966,26,503,28,1.32,1,3.85,11981,24.36,105,0.26,134
632.5,262877,14974,26,503,8,1.29,1,3.85,11981,24.36,10,0.03,134
633.76,263377,15002,26,500,28,1.26,1,3.85,11981,24.36,20,0.05,135
635.05,263879,15038,26,502,36,1.29,1,3.85,11981,24.36,25,0.06,135
636.25,264383,15050,26,504,12,1.19,1,3.85,11981,24.36,80,0.18,135
637.45,264884,15082,26,501,32,1.21,1,3.85,11981,24.36,175,0.42,135
638.62,265388,15106,26,504,24,1.17,1,3.85,11981,24.36,50,0.12,135
639.89,265888,15126,26,500,20,1.27,1,3.85,11981,24.36,150,0.4,135
641.1,266392,15146,26,504,20,1.21,1,3.85,11981,24.36,120,0.28,135
642.2,266896,15162,26,504,16,1.1,1,3.85,11981,24.36,90,0.2,135
643.44,267397,15166,26,501,4,1.24,1,3.85,11981,24.36,185,0.5,135
644.7,267901,15206,26,504,40,1.26,1,3.85,11981,24.36,35,0.09,135
645.97,268401,15226,26,500,20,1.27,1,3.85,11981,24.36,270,0.67,135
647.17,268901,15234,26,500,8,1.2,1,3.85,11981,24.36,175,0.41,136
648.34,269405,15286,26,504,52,1.17,1,3.85,11981,24.36,5,0.01,136
649.5,269907,15322,26,502,36,1.16,1,3.85,11981,24.36,10,0.02,136
650.72,270409,15342,26,502,20,1.22,1,3.85,11981,24.36,25,0.06,136
652.02,270912,15362,26,503,20,1.3,1,3.85,11981,24.36,220,0.61,136
653.32,271414,15394,26,502,32,1.3,1,3.85,11981,24.36,5,0.02,136
654.45,271916,15434,26,502,40,1.13,2,7.69,11981,24.36,65,0.15,137
655.73,272416,15470,26,500,36,1.28,1,3.85,11981,24.36,100,0.22,137
656.94,272916,15486,26,500,16,1.2,1,3.85,11981,24.36,50,0.12,137
658.29,273420,15502,26,504,16,1.36,1,3.85,11981,24.36,120,0.3,137
659.58,273924,15510,26,504,8,1.29,1,3.85,11981,24.36,50,0.12,137
660.8,274425,15526,26,501,16,1.22,1,3.85,11981,24.36,60,0.12,137
662.1,274929,15538,26,504,12,1.3,1,3.85,11981,24.36,175,0.44,137
663.44,275432,15550,26,503,12,1.34,1,3.85,11981,24.36,150,0.39,137
664.65,275935,15562,26,503,12,1.22,1,3.85,11981,24.36,15,0.04,137
666.03,276437,15582,26,502,20,1.38,1,3.85,11981,24.36,45,0.13,139
667.37,276937,15614,26,500,32,1.33,1,3.85,11981,24.36,0,0,139
668.67,277439,15634,26,502,20,1.3,1,3.85,11981,24.36,135,0.35,139
669.93,277940,15654,26,501,20,1.26,1,3.85,11981,24.36,20,0.05,139
671.18,278441,15666,26,501,12,1.25,1,3.85,11981,24.36,335,0.83,139
672.37,278944,15694,26,503,28,1.19,1,3.85,11981,24.36,20,0.04,139
673.68,279445,15718,26,501,24,1.31,1,3.85,11981,24.36,45,0.12,140
675,279948,15746,26,503,28,1.32,1,3.85,11981,24.36,5,0.01,141
676.26,280451,15770,26,503,24,1.26,1,3.85,11981,24.36,85,0.2,141
677.5,280953,15810,26,502,40,1.24,1,3.85,11981,24.36,30,0.09,141
678.91,281454,15830,26,501,20,1.41,1,3.85,11981,24.36,60,0.15,141
680.07,281958,15858,26,504,28,1.17,1,3.85,11981,24.36,95,0.22,141
681.36,282460,15874,26,502,16,1.28,1,3.85,11981,24.36,45,0.11,142
682.58,282961,15886,26,501,12,1.22,1,3.85,11981,24.36,5,0.01,142
683.83,283464,15918,26,503,32,1.25,1,3.85,11981,24.36,85,0.2,142
685.11,283964,15946,26,500,28,1.28,1,3.85,11981,24.36,10,0.03,142
686.36,284464,15962,26,500,16,1.25,1,3.85,11981,24.36,45,0.1,144
687.49,284967,15998,26,503,36,1.13,1,3.85,11981,24.36,60,0.14,145
688.6,285470,16018,26,503,20,1.11,1,3.85,11981,24.36,40,0.1,145
689.84,285973,16042,26,503,24,1.24,1,3.85,11981,24.36,120,0.29,145
691.13,286477,16066,26,504,24,1.3,1,3.85,11981,24.36,40,0.11,146
692.45,286977,16098,26,500,32,1.32,1,3.85,11981,24.36,50,0.11,146
693.65,287478,16118,26,501,20,1.2,1,3.85,11981,24.36,0,0,147
694.99,287980,16154,26,502,36,1.34,1,3.85,11981,24.36,15,0.04,147
696.16,288481,16170,26,501,16,1.17,1,3.85,11981,24.36,45,0.11,148
697.44,288985,16182,26,504,12,1.28,1,3.85,11981,24.36,25,0.06,148
698.92,289488,16190,26,503,8,1.48,1,3.85,11981,24.36,300,0.87,148
700.21,289990,16230,26,502,40,1.3,1,3.85,11981,24.36,5,0.01,148
701.36,290491,16246,26,501,16,1.14,1,3.85,11981,24.36,30,0.08,148
702.53,290991,16262,26,500,16,1.17,1,3.85,11981,24.36,10,0.02,148
703.75,291495,16274,26,504,12,1.22,1,3.85,11981,24.36,325,0.74,148
705.01,291996,16294,26,501,20,1.26,1,3.85,11981,24.36,70,0.17,148
706.5,292498,16318,26,502,24,1.49,1,3.85,11981,24.36,5,0.02,149
707.75,292999,16334,26,501,16,1.25,1,3.85,11981,24.36,280,0.72,149
708.95,293501,16370,26,502,36,1.2,1,3.85,11981,24.36,25,0.04,149
710.09,294002,16398,26,501,28,1.14,1,3.85,11981,24.36,40,0.08,150
711.48,294506,16434,26,504,36,1.39,1,3.85,11981,24.36,95,0.26,150
712.79,295006,16458,26,500,24,1.31,1,3.85,11981,24.36,260,0.68,151
713.92,295510,16494,26,504,36,1.13,1,3.85,11981,24.36,50,0.12,152
715.29,296010,16506,26,500,12,1.37,1,3.85,11981,24.36,170,0.48,152
716.71,296511,16510,26,501,4,1.42,1,3.85,11981,24.36,145,0.37,152
717.93,297014,16518,26,503,8,1.22,1,3.85,11981,24.36,10,0.03,152
719.25,297518,16550,26,504,32,1.32,1,3.85,11981,24.36,25,0.07,153
720.5,298021,16562,26,503,12,1.25,1,3.85,11981,24.36,95,0.22,154
721.76,298524,16574,26,503,12,1.26,1,3.85,11981,24.36,40,0.11,154
723.08,299026,16598,26,502,24,1.32,1,3.85,11981,24.36,135,0.35,154
724.33,299529,16606,26,503,8,1.24,1,3.85,11981,24.36,20,0.04,155
725.56,300033,16622,26,504,16,1.24,1,3.85,11981,24.36,15,0.04,156
726.81,300537,16642,26,504,20,1.25,1,3.85,11981,24.36,100,0.25,157
727.98,301041,16662,26,504,20,1.17,1,3.85,11981,24.36,70,0.19,157
729.18,301545,16670,26,504,8,1.2,1,3.85,11981,24.36,235,0.54,157
730.43,302048,16682,26,503,12,1.26,1,3.85,11981,24.36,90,0.21,158
731.69,302551,16686,26,503,4,1.25,1,3.85,11981,24.36,430,1.06,158
732.82,303055,16710,26,504,24,1.14,2,7.69,11981,24.36,80,0.15,158
734.16,303558,16746,26,503,36,1.34,1,3.85,11981,24.36,20,0.06,158
735.32,304058,16770,26,500,24,1.16,1,3.85,11981,24.36,60,0.16,158
736.61,304562,16810,26,504,40,1.29,1,3.85,11981,24.36,5,0.01,158
737.87,305062,16846,26,500,36,1.26,1,3.85,11981,24.36,45,0.1,158
739.06,305565,16890,26,503,44,1.19,1,3.85,11981,24.36,35,0.07,161
740.28,306068,16918,26,503,28,1.22,1,3.85,11981,24.36,215,0.51,161
741.53,306572,16942,26,504,24,1.25,1,3.85,11981,24.36,150,0.36,162
742.78,307075,16962,26,503,20,1.25,1,3.85,11981,24.36,60,0.14,162
744,307578,16986,26,503,24,1.22,1,3.85,11981,24.36,30,0.08,162
745.28,308078,17010,26,500,24,1.28,1,3.85,11981,24.36,135,0.31,162
746.54,308582,17038,26,504,28,1.26,1,3.85,11981,24.36,20,0.05,162
747.8,309084,17046,26,502,8,1.26,1,3.85,11981,24.36,225,0.56,162
748.97,309587,17074,26,503,28,1.17,1,3.85,11981,24.36,5,0.01,162
750.23,310088,17102,26,501,28,1.26,1,3.85,11981,24.36,155,0.34,162
751.43,310591,17114,26,503,12,1.2,1,3.85,11981,24.36,40,0.08,162
752.6,311092,17134,26,501,20,1.17,1,3.85,11981,24.36,55,0.13,162
753.87,311596,17158,26,504,24,1.26,1,3.85,11981,24.36,50,0.12,162
755.07,312096,17190,26,500,32,1.2,1,3.85,11981,24.36,50,0.13,162
756.21,312596,17214,26,500,24,1.15,1,3.85,11981,24.36,45,0.11,164
757.48,313098,17234,26,502,20,1.27,1,3.85,11981,24.36,15,0.03,165
758.62,313602,17258,26,504,24,1.14,1,3.85,11981,24.36,95,0.24,165
759.92,314102,17278,26,500,20,1.3,1,3.85,11981,24.36,0,0,165
761.14,314604,17310,26,502,32,1.22,1,3.85,11981,24.36,0,0,166
762.45,315107,17346,26,503,36,1.31,1,3.85,11981,24.36,20,0.05,166
763.74,315610,17366,26,503,20,1.29,1,3.85,11981,24.36,10,0.03,168
765.01,316110,17406,26,500,40,1.27,1,3.85,11981,24.36,75,0.19,169
766.33,316611,17442,26,501,36,1.33,1,3.85,11981,24.36,60,0.15,169
767.6,317114,17470,26,503,28,1.27,1,3.85,11981,24.36,25,0.05,169
768.8,317618,17474,26,504,4,1.2,1,3.85,11981,24.36,190,0.47,169
770.17,318122,17506,26,504,32,1.36,1,3.85,11981,24.36,120,0.28,170
771.41,318623,17518,26,501,12,1.24,1,3.85,11981,24.36,20,0.06,170
772.66,319125,17542,26,502,24,1.26,1,3.85,11981,24.36,45,0.09,170
773.88,319628,17574,26,503,32,1.21,1,3.85,11981,24.36,25,0.07,170
775.13,320130,17590,26,502,16,1.25,1,3.85,11981,24.36,195,0.47,172
776.41,320633,17602,26,503,12,1.29,1,3.85,11981,24.36,120,0.34,172
777.68,321137,17618,26,504,16,1.26,1,3.85,11981,24.36,5,0.01,173
778.84,321639,17626,26,502,8,1.16,1,3.85,11981,24.36,95,0.22,174
780.2,322142,17646,26,503,20,1.37,1,3.85,11981,24.36,45,0.12,174
781.46,322644,17662,26,502,16,1.26,1,3.85,11981,24.36,5,0.02,174
782.72,323144,17690,26,500,28,1.26,1,3.85,11981,24.36,25,0.06,174
783.94,323644,17718,26,500,28,1.22,1,3.85,11981,24.36,75,0.18,174
785.15,324148,17726,26,504,8,1.21,1,3.85,11981,24.36,85,0.2,174
786.47,324650,17746,26,502,20,1.32,1,3.85,11981,24.36,270,0.72,174
787.71,325153,17762,26,503,16,1.24,1,3.85,11981,24.36,175,0.4,174
789.01,325657,17798,26,504,36,1.3,1,3.85,11981,24.36,10,0.03,174
790.2,326160,17814,26,503,16,1.19,1,3.85,11981,24.36,25,0.05,174
791.4,326664,17830,26,504,16,1.2,1,3.85,11981,24.36,210,0.5,175
792.69,327166,17850,26,502,20,1.29,1,3.85,11981,24.36,265,0.64,175
793.95,327669,17858,26,503,8,1.26,1,3.85,11981,24.36,185,0.47,175
795.14,328169,17874,26,500,16,1.19,1,3.85,11981,24.36,135,0.32,175
796.41,328672,17886,26,503,12,1.27,1,3.85,11981,24.36,135,0.32,175
797.66,329176,17926,26,504,40,1.25,1,3.85,11981,24.36,60,0.14,176
798.9,329678,17950,26,502,24,1.24,1,3.85,11981,24.36,100,0.26,176
800.25,330181,17958,26,503,8,1.35,1,3.85,11981,24.36,120,0.41,176
801.5,330682,17994,26,501,36,1.26,1,3.85,11981,24.36,65,0.16,176
802.75,331184,18018,26,502,24,1.25,1,3.85,11981,24.36,20,0.05,176
803.91,331684,18034,26,500,16,1.16,1,3.85,11981,24.36,195,0.45,176
805.23,332186,18054,26,502,20,1.32,1,3.85,11981,24.36,40,0.1,176
806.52,332690,18070,26,504,16,1.29,1,3.85,11981,24.36,45,0.11,177
807.77,333191,18094,26,501,24,1.25,1,3.85,11981,24.36,15,0.04,177
809.03,333693,18126,26,502,32,1.26,1,3.85,11981,24.36,15,0.02,178
810.32,334196,18146,26,503,20,1.29,1,3.85,11981,24.36,65,0.18,178
811.68,334696,18146,26,500,0,1.36,0,0,11981,24.36,565,1.53,178
812.96,335196,18178,26,500,32,1.28,1,3.85,11981,24.36,15,0.05,178
814.22,335696,18194,26,500,16,1.26,1,3.85,11981,24.36,180,0.48,178
815.52,336200,18210,26,504,16,1.3,1,3.85,11981,24.36,220,0.51,178
816.67,336704,18214,26,504,4,1.15,1,3.85,11981,24.36,165,0.38,178
817.79,337204,18230,26,500,16,1.12,1,3.85,11981,24.36,155,0.35,178
819.09,337706,18238,26,502,8,1.3,1,3.85,11981,24.36,160,0.38,178
820.21,338207,18246,26,501,8,1.13,1,3.85,11981,24.36,5,0.02,178
821.39,338709,18258,26,502,12,1.18,1,3.85,11981,24.36,75,0.16,178
822.51,339209,18282,26,500,24,1.12,1,3.85,11981,24.36,50,0.13,178
823.83,339711,18314,26,502,32,1.32,1,3.85,11981,24.36,70,0.19,178
825.13,340211,18326,26,500,12,1.29,1,3.85,11981,24.36,40,0.11,178
826.43,340714,18342,26,503,16,1.31,1,3.85,11981,24.36,90,0.23,178
827.56,341217,18354,26,503,12,1.13,1,3.85,11981,24.36,275,0.62,178
828.78,341719,18386,26,502,32,1.22,1,3.85,11981,24.36,55,0.12,178
830.08,342223,18398,26,504,12,1.3,1,3.85,11981,24.36,165,0.45,178
831.32,342725,18434,26,502,36,1.23,1,3.85,11981,24.36,130,0.32,179
832.39,343225,18474,26,500,40,1.08,1,3.85,11981,24.36,30,0.06,180
833.53,343728,18486,26,503,12,1.14,1,3.85,11981,24.36,5,0.01,180
834.75,344231,18510,26,503,24,1.21,1,3.85,11981,24.36,50,0.13,180
835.95,344732,18550,26,501,40,1.21,1,3.85,11981,24.36,15,0.04,181
837.29,345236,18594,26,504,44,1.33,1,3.85,11981,24.36,80,0.2,183
838.64,345739,18646,26,503,52,1.35,1,3.85,11981,24.36,55,0.16,184
839.82,346242,18658,26,503,12,1.18,1,3.85,11981,24.36,145,0.38,184
841.07,346742,18678,26,500,20,1.24,1,3.85,11981,24.36,135,0.34,184
842.35,347245,18686,26,503,8,1.28,1,3.85,11981,24.36,15,0.03,184
843.59,347747,18690,26,502,4,1.24,1,3.85,11981,24.36,305,0.76,184
844.74,348250,18698,26,503,8,1.15,1,3.85,11981,24.36,435,0.99,184
845.96,348752,18730,26,502,32,1.22,1,3.85,11981,24.36,45,0.11,186
847.23,349256,18758,26,504,28,1.27,1,3.85,11981,24.36,15,0.04,186
848.45,349760,18770,26,504,12,1.22,1,3.85,11981,24.36,295,0.72,186
849.68,350262,18786,26,502,16,1.23,1,3.85,11981,24.36,40,0.11,186
850.97,350764,18830,26,502,44,1.29,1,3.85,11981,24.36,10,0.02,187
852.22,351268,18842,26,504,12,1.25,1,3.85,11981,24.36,110,0.25,187
853.46,351768,18870,26,500,28,1.24,1,3.85,11981,24.36,65,0.19,187
854.93,352270,18890,26,502,20,1.46,1,3.85,11981,24.36,110,0.32,188
856.26,352770,18906,26,500,16,1.33,1,3.85,11981,24.36,155,0.44,188
857.65,353272,18922,26,502,16,1.39,1,3.85,11981,24.36,235,0.68,188
858.8,353774,18958,26,502,36,1.15,1,3.85,11981,24.36,50,0.11,188
860.11,354278,18982,26,504,24,1.31,1,3.85,11981,24.36,35,0.09,188
861.25,354778,18998,26,500,16,1.15,1,3.85,11981,24.36,0,0,188
862.59,355280,19022,26,502,24,1.34,1,3.85,11981,24.36,10,0.03,188
863.77,355780,19038,26,500,16,1.18,1,3.85,11981,24.36,240,0.56,189
865.01,356282,19046,26,502,8,1.24,1,3.85,11981,24.36,165,0.44,189
866.17,356786,19070,26,504,24,1.16,1,3.85,11981,24.36,15,0.05,190
867.41,357287,19094,26,501,24,1.24,1,3.85,11981,24.36,105,0.26,191
868.69,357788,19098,26,501,4,1.27,1,3.85,11981,24.36,230,0.54,191
869.98,358288,19126,26,500,28,1.29,1,3.85,11981,24.36,200,0.53,191
871.28,358791,19162,26,503,36,1.3,1,3.85,11981,24.36,120,0.27,191
872.6,359295,19194,26,504,32,1.32,1,3.85,11981,24.36,55,0.14,191
873.79,359799,19214,26,504,20,1.19,1,3.85,11981,24.36,60,0.15,192
875.05,360299,19254,26,500,40,1.26,1,3.85,11981,24.36,45,0.13,193
876.25,360802,19266,26,503,12,1.2,1,3.85,11981,24.36,60,0.14,194
877.42,361305,19282,26,503,16,1.17,2,7.69,11981,24.36,125,0.3,194
878.81,361809,19290,26,504,8,1.4,1,3.85,11981,24.36,245,0.72,194
880.06,362311,19318,26,502,28,1.25,1,3.85,11981,24.36,25,0.06,195
881.21,362814,19342,26,503,24,1.15,1,3.85,11981,24.36,90,0.19,195
882.41,363314,19358,26,500,16,1.19,1,3.85,11981,24.36,45,0.12,195
883.59,363816,19382,26,502,24,1.18,1,3.85,11981,24.36,230,0.51,195
884.75,364317,19398,26,501,16,1.16,1,3.85,11981,24.36,90,0.24,195
885.97,364818,19430,26,501,32,1.22,1,3.85,11981,24.36,30,0.07,195
887.15,365318,19458,26,500,28,1.18,1,3.85,11981,24.36,60,0.17,195
888.45,365821,19474,26,503,16,1.29,1,3.85,11981,24.36,180,0.47,195
889.62,366325,19486,26,504,12,1.18,1,3.85,11981,24.36,55,0.17,195
890.79,366829,19498,26,504,12,1.17,1,3.85,11981,24.36,335,0.82,195
892.03,367333,19518,26,504,20,1.24,1,3.85,11981,24.36,130,0.35,195
893.3,367836,19546,26,503,28,1.27,1,3.85,11981,24.36,125,0.29,197
894.53,368339,19570,26,503,24,1.23,1,3.85,11981,24.36,120,0.32,197
895.78,368843,19594,26,504,24,1.26,1,3.85,11981,24.36,75,0.18,197
896.99,369344,19622,26,501,28,1.21,1,3.85,11981,24.36,35,0.07,197
898.05,369848,19638,26,504,16,1.06,1,3.85,11981,24.36,30,0.07,197
899.25,370352,19666,26,504,28,1.2,1,3.85,11981,24.36,15,0.03,197
900.52,370852,19682,26,500,16,1.27,1,3.85,11981,24.36,95,0.25,197
901.77,371356,19714,26,504,32,1.25,1,3.85,11981,24.36,55,0.13,197
903.03,371856,19742,26,500,28,1.26,1,3.85,11981,24.36,130,0.32,198
904.27,372356,19758,26,500,16,1.24,1,3.85,11981,24.36,125,0.3,198
905.4,372858,19790,26,502,32,1.13,1,3.85,11981,24.36,25,0.07,200
906.59,373360,19814,26,502,24,1.19,1,3.85,11981,24.36,80,0.18,201
907.83,373862,19854,26,502,40,1.25,1,3.85,11981,24.36,10,0.03,201
909.11,374364,19862,26,502,8,1.28,1,3.85,11981,24.36,105,0.27,201
910.34,374867,19898,26,503,36,1.23,1,3.85,11981,24.36,5,0.01,201
911.6,375369,19906,26,502,8,1.27,1,3.85,11981,24.36,420,1.07,201
912.9,375872,19930,26,503,24,1.3,1,3.85,11981,24.36,60,0.18,202
914.43,376375,19946,26,503,16,1.53,1,3.85,11981,24.36,250,0.79,202
915.82,376878,19970,26,503,24,1.38,1,3.85,11981,24.36,80,0.2,202
917.09,377380,19990,26,502,20,1.27,1,3.85,11981,24.36,140,0.4,203
918.33,377884,19998,26,504,8,1.25,1,3.85,11981,24.36,185,0.48,203
919.66,378388,20026,26,504,28,1.32,1,3.85,11981,24.36,70,0.16,203
920.99,378892,20050,26,504,24,1.34,1,3.85,11981,24.36,70,0.19,203
922.24,379392,20058,26,500,8,1.25,1,3.85,11981,24.36,110,0.28,203
923.49,379896,20070,26,504,12,1.25,1,3.85,11981,24.36,235,0.56,203
924.7,380398,20078,26,502,8,1.21,1,3.85,11981,24.36,160,0.37,203
926.04,380902,20106,26,504,28,1.34,1,3.85,11981,24.36,100,0.23,203
927.28,381403,20146,26,501,40,1.24,1,3.85,11981,24.36,5,0.01,204
928.41,381907,20178,26,504,32,1.13,1,3.85,11981,24.36,45,0.1,204
929.65,382410,20210,26,503,32,1.24,1,3.85,11981,24.36,135,0.31,204
930.84,382912,20214,26,502,4,1.19,1,3.85,11981,24.36,60,0.15,204
932.2,383416,20242,26,504,28,1.35,1,3.85,11981,24.36,15,0.04,205
933.55,383919,20266,26,503,24,1.35,1,3.85,11981,24.36,95,0.27,206
934.91,384421,20290,26,502,24,1.36,1,3.85,11981,24.36,125,0.28,206
936.15,384922,20302,26,501,12,1.24,1,3.85,11981,24.36,30,0.09,206
937.4,385425,20322,26,503,20,1.25,1,3.85,11981,24.36,15,0.03,206
938.56,385926,20346,26,501,24,1.17,1,3.85,11981,24.36,130,0.3,207
939.96,386426,20382,26,500,36,1.39,1,3.85,11981,24.36,80,0.2,209
941.25,386927,20406,26,501,24,1.3,1,3.85,11981,24.36,60,0.15,210
942.55,387431,20418,26,504,12,1.3,1,3.85,11981,24.36,120,0.29,211
943.82,387933,20442,26,502,24,1.27,1,3.85,11981,24.36,65,0.15,211
945.03,388437,20446,26,504,4,1.21,1,3.85,11981,24.36,230,0.56,211
946.25,388941,20474,26,504,28,1.22,1,3.85,11981,24.36,40,0.09,211
947.5,389442,20490,26,501,16,1.26,1,3.85,11981,24.36,225,0.54,211
948.72,389944,20498,26,502,8,1.22,1,3.85,11981,24.36,230,0.55,212
949.96,390444,20542,26,500,44,1.23,1,3.85,11981,24.36,55,0.13,212
951.18,390947,20550,26,503,8,1.22,1,3.85,11981,24.36,380,0.92,212
952.34,391448,20586,26,501,36,1.16,1,3.85,11981,24.36,60,0.13,214
953.65,391950,20606,26,502,20,1.31,1,3.85,11981,24.36,165,0.43,214
954.83,392452,20614,26,502,8,1.18,1,3.85,11981,24.36,65,0.15,214
956.11,392955,20638,26,503,24,1.28,1,3.85,11981,24.36,80,0.18,214
957.33,393458,20662,26,503,24,1.22,1,3.85,11981,24.36,120,0.31,215
958.7,393959,20678,26,501,16,1.37,1,3.85,11981,24.36,80,0.19,215
959.98,394461,20702,26,502,24,1.28,1,3.85,11981,24.36,30,0.09,215
961.26,394963,20734,26,502,32,1.29,1,3.85,11981,24.36,15,0.04,215
962.47,395467,20766,26,504,32,1.2,1,3.85,11981,24.36,150,0.38,216
963.78,395968,20798,26,501,32,1.32,1,3.85,11981,24.36,30,0.07,217
964.98,396468,20814,26,500,16,1.19,1,3.85,11981,24.36,305,0.71,217
966.33,396971,20834,26,503,20,1.36,1,3.85,11981,24.36,305,0.88,217
967.54,397473,20882,26,502,48,1.2,1,3.85,11981,24.36,25,0.07,217
968.77,397974,20902,26,501,20,1.23,1,3.85,11981,24.36,15,0.03,217
970.18,398475,20926,26,501,24,1.42,1,3.85,11981,24.36,25,0.07,217
971.47,398978,20954,26,503,28,1.29,1,3.85,11981,24.36,40,0.12,217
972.76,399480,20986,26,502,32,1.29,1,3.85,11981,24.36,10,0.03,217
974.07,399982,21002,26,502,16,1.32,1,3.85,11981,24.36,135,0.36,217
975.33,400482,21018,26,500,16,1.25,1,3.85,11981,24.36,195,0.47,218
976.48,400984,21042,26,502,24,1.16,1,3.85,11981,24.36,105,0.24,218
977.64,401487,21050,26,503,8,1.16,1,3.85,11981,24.36,480,1.1,218
978.98,401990,21070,26,503,20,1.34,1,3.85,11981,24.36,190,0.49,218
980.2,402490,21102,26,500,32,1.22,1,3.85,11981,24.36,125,0.33,219
981.53,402991,21122,26,501,20,1.34,1,3.85,11981,24.36,5,0.01,219
982.87,403493,21138,26,502,16,1.34,1,3.85,11981,24.36,105,0.24,220
984.15,403994,21162,26,501,24,1.28,1,3.85,11981,24.36,30,0.09,221
985.42,404494,21178,26,500,16,1.28,1,3.85,11981,24.36,75,0.17,221
986.59,404996,21202,26,502,24,1.17,1,3.85,11981,24.36,15,0.03,221
987.88,405497,21238,26,501,36,1.29,1,3.85,11981,24.36,25,0.07,221
989.13,406001,21258,26,504,20,1.25,1,3.85,11981,24.36,70,0.16,221
990.42,406503,21282,26,502,24,1.3,1,3.85,11981,24.36,75,0.16,221
991.6,407007,21286,26,504,4,1.17,1,3.85,11981,24.36,225,0.48,221
992.66,407511,21322,26,504,36,1.07,1,3.85,11981,24.36,40,0.1,221
993.92,408012,21342,26,501,20,1.26,1,3.85,11981,24.36,125,0.29,221
995.13,408512,21374,26,500,32,1.2,1,3.85,11981,24.36,40,0.11,221
996.53,409016,21390,26,504,16,1.4,1,3.85,11981,24.36,50,0.13,221
997.78,409520,21406,26,504,16,1.25,1,3.85,11981,24.36,140,0.35,221
998.94,410023,21418,26,503,12,1.16,1,3.85,11981,24.36,270,0.61,221
1000.24,410526,21442,26,503,24,1.3,1,3.85,11981,24.36,60,0.13,221
1001.49,411026,21466,26,500,24,1.24,1,3.85,11981,24.36,5,0.01,222
1002.68,411528,21482,26,502,16,1.2,1,3.85,11981,24.36,70,0.16,222
1003.93,412028,21506,26,500,24,1.25,1,3.85,11981,24.36,75,0.16,222
1005.12,412530,21530,26,502,24,1.19,1,3.85,11981,24.36,20,0.06,222
1006.3,413034,21538,26,504,8,1.18,1,3.85,11981,24.36,330,0.84,222
1007.55,413538,21574,26,504,36,1.25,1,3.85,11981,24.36,195,0.55,223
1008.8,414041,21610,26,503,36,1.25,1,3.85,11981,24.36,95,0.22,223
1009.97,414545,21622,26,504,12,1.16,1,3.85,11981,24.36,35,0.08,223
1011.28,415045,21658,26,500,36,1.31,1,3.85,11981,24.36,10,0.03,223
1012.56,415547,21690,26,502,32,1.28,1,3.85,11981,24.36,10,0.02,223
1013.75,416048,21730,26,501,40,1.19,1,3.85,11981,24.36,55,0.14,223
1014.92,416552,21762,26,504,32,1.17,1,3.85,11981,24.36,35,0.1,223
1016.21,417055,21778,26,503,16,1.29,1,3.85,11981,24.36,25,0.09,224
1017.42,417556,21826,26,501,48,1.21,1,3.85,11981,24.36,40,0.09,224
1018.75,418059,21850,26,503,24,1.33,1,3.85,11981,24.36,135,0.37,225
1019.99,418563,21878,26,504,28,1.23,1,3.85,11981,24.36,5,0.01,225
1021.18,419065,21890,26,502,12,1.2,1,3.85,11981,24.36,250,0.59,225
1022.37,419567,21918,26,502,28,1.18,1,3.85,11981,24.36,25,0.07,225
1023.71,420071,21950,26,504,32,1.35,1,3.85,11981,24.36,40,0.08,225
1024.92,420575,21962,26,504,12,1.21,1,3.85,11981,24.36,95,0.25,225
1026.14,421078,21994,26,503,32,1.22,1,3.85,11981,24.36,40,0.11,226
1027.43,421578,22018,26,500,24,1.29,1,3.85,11981,24.36,5,0.01,226
1028.6,422081,22050,26,503,32,1.16,1,3.85,11981,24.36,25,0.04,227
1029.78,422583,22058,26,502,8,1.18,1,3.85,11981,24.36,120,0.29,227
1031.03,423085,22090,26,502,32,1.25,1,3.85,11981,24.36,85,0.16,228
1032.13,423585,22118,26,500,28,1.1,1,3.85,11981,24.36,20,0.06,230
1033.41,424087,22150,26,502,32,1.28,1,3.85,11981,24.36,80,0.21,230
1034.68,424588,22174,26,501,24,1.27,1,3.85,11981,24.36,115,0.31,230
1035.95,425091,22194,26,503,20,1.28,1,3.85,11981,24.36,85,0.2,230
1037.12,425593,22202,26,502,8,1.17,1,3.85,11981,24.36,50,0.12,231
1038.29,426095,22222,26,502,20,1.17,1,3.85,11981,24.36,200,0.48,231
1039.65,426596,22254,26,501,32,1.36,1,3.85,11981,24.36,35,0.09,232
1040.87,427100,22270,26,504,16,1.22,1,3.85,11981,24.36,25,0.04,232
1042.12,427603,22302,26,503,32,1.25,1,3.85,11981,24.36,85,0.2,233
1043.36,428107,22310,26,504,8,1.24,1,3.85,11981,24.36,300,0.73,233
1044.62,428608,22314,26,501,4,1.26,1,3.85,11981,24.36,410,1.02,233
1045.92,429108,22338,26,500,24,1.31,1,3.85,11981,24.36,180,0.44,233
1047.19,429609,22362,26,501,24,1.26,1,3.85,11981,24.36,15,0.04,235
1048.4,430112,22386,26,503,24,1.22,1,3.85,11981,24.36,100,0.25,235
1049.54,430613,22406,26,501,20,1.14,1,3.85,11981,24.36,70,0.14,237
1050.71,431113,22438,26,500,32,1.17,1,3.85,11981,24.36,10,0.02,238
1052.17,431615,22458,26,502,20,1.46,1,3.85,11981,24.36,240,0.63,239
1053.42,432115,22478,26,500,20,1.25,1,3.85,11981,24.36,80,0.19,240
1054.71,432617,22502,26,502,24,1.29,1,3.85,11981,24.36,10,0.02,240
1056.03,433117,22518,26,500,16,1.32,1,3.85,11981,24.36,0,0,240
1057.24,433618,22546,26,501,28,1.21,1,3.85,11981,24.36,100,0.25,241
1058.5,434121,22570,26,503,24,1.26,1,3.85,11981,24.36,65,0.14,242
1059.9,434621,22598,26,500,28,1.4,1,3.85,11981,24.36,5,0.02,242
1061.04,435125,22622,26,504,24,1.14,1,3.85,11981,24.36,100,0.19,243
1062.21,435625,22650,26,500,28,1.17,1,3.85,11981,24.36,30,0.08,243
1063.41,436126,22670,26,501,20,1.2,1,3.85,11981,24.36,170,0.41,245
1064.59,436629,22694,26,503,24,1.18,1,3.85,11981,24.36,140,0.34,246
1065.88,437130,22726,26,501,32,1.3,1,3.85,11981,24.36,110,0.28,246
1067.03,437632,22750,26,502,24,1.15,1,3.85,11981,24.36,10,0.03,248
1068.26,438133,22762,26,501,12,1.23,1,3.85,11981,24.36,250,0.65,248
1069.5,438637,22786,26,504,24,1.24,1,3.85,11981,24.36,60,0.13,248
1070.78,439137,22818,26,500,32,1.27,1,3.85,11981,24.36,105,0.29,248
1072.05,439638,22822,26,501,4,1.27,1,3.85,11981,24.36,190,0.42,248
1073.13,440140,22846,26,502,24,1.08,1,3.85,11981,24.36,60,0.13,248
1074.35,440641,22870,26,501,24,1.22,1,3.85,11981,24.36,145,0.31,249
1075.66,441143,22902,26,502,32,1.31,1,3.85,11981,24.36,80,0.2,249
1077.03,441647,22914,26,504,12,1.37,1,3.85,11981,24.36,50,0.09,249
1078.19,442151,22950,26,504,36,1.16,1,3.85,11981,24.36,50,0.12,250
1079.35,442653,22982,26,502,32,1.16,1,3.85,11981,24.36,180,0.44,250
1080.6,443156,22994,26,503,12,1.25,1,3.85,11981,24.36,140,0.34,250
1081.92,443658,23022,26,502,28,1.31,1,3.85,11981,24.36,50,0.17,251
1083.23,444162,23034,26,504,12,1.32,1,3.85,11981,24.36,325,0.89,251
1084.58,444666,23054,26,504,20,1.35,1,3.85,11981,24.36,90,0.26,251
1085.8,445170,23090,26,504,36,1.22,1,3.85,11981,24.36,10,0.03,251
1087.08,445670,23110,26,500,20,1.28,1,3.85,11981,24.36,40,0.09,252
1088.45,446174,23122,26,504,12,1.36,1,3.85,11981,24.36,180,0.5,252
1089.63,446677,23134,26,503,12,1.19,1,3.85,11981,24.36,130,0.32,252
1090.88,447180,23146,26,503,12,1.25,1,3.85,11981,24.36,130,0.31,252
1092.13,447682,23182,26,502,36,1.25,1,3.85,11981,24.36,35,0.07,253
1093.46,448185,23198,26,503,16,1.33,1,3.85,11981,24.36,25,0.06,253
1094.68,448689,23210,26,504,12,1.22,1,3.85,11981,24.36,75,0.17,253
1095.92,449193,23226,26,504,16,1.24,1,3.85,11981,24.36,195,0.52,253
1097.19,449694,23246,26,501,20,1.27,1,3.85,11981,24.36,120,0.29,253
1098.42,450197,23274,26,503,28,1.23,1,3.85,11981,24.36,195,0.49,254
1099.8,450701,23282,26,504,8,1.38,1,3.85,11981,24.36,65,0.2,254
1101.05,451202,23298,26,501,16,1.25,1,3.85,11981,24.36,200,0.47,254
1102.37,451706,23334,26,504,36,1.32,1,3.85,11981,24.36,5,0.02,254
1103.6,452209,23358,26,503,24,1.23,1,3.85,11981,24.36,25,0.06,255
1104.83,452711,23398,26,502,40,1.24,1,3.85,11981,24.36,45,0.09,256
1105.99,453214,23430,26,503,32,1.15,1,3.85,11981,24.36,30,0.07,257
1107.21,453717,23458,26,503,28,1.22,1,3.85,11981,24.36,25,0.06,258
1108.43,454218,23490,26,501,32,1.22,1,3.85,11981,24.36,15,0.04,259
1109.56,454721,23502,26,503,12,1.14,1,3.85,11981,24.36,25,0.05,259
1110.79,455223,23514,26,502,12,1.23,1,3.85,11981,24.36,45,0.11,259
1111.96,455727,23550,26,504,36,1.17,1,3.85,11981,24.36,10,0.01,260
1113.23,456231,23578,26,504,28,1.27,1,3.85,11981,24.36,25,0.06,260
1114.57,456733,23586,26,502,8,1.34,1,3.85,11981,24.36,150,0.4,260
1115.84,457237,23606,26,504,20,1.26,1,3.85,11981,24.36,70,0.16,260
1117.15,457740,23638,26,503,32,1.32,1,3.85,11981,24.36,10,0.03,260
1118.42,458241,23662,26,501,24,1.27,1,3.85,11981,24.36,15,0.03,261
1119.6,458741,23698,26,500,36,1.18,1,3.85,11981,24.36,15,0.02,261
1120.8,459241,23734,26,500,36,1.2,1,3.85,11981,24.36,30,0.07,261
1122.07,459744,23746,26,503,12,1.27,1,3.85,11981,24.36,240,0.6,261
1123.18,460248,23758,26,504,12,1.11,1,3.85,11981,24.36,95,0.24,261
1124.31,460750,23794,26,502,36,1.14,1,3.85,11981,24.36,5,0.02,262
1125.54,461251,23814,26,501,20,1.23,1,3.85,11981,24.36,130,0.3,262
1126.72,461753,23838,26,502,24,1.17,1,3.85,11981,24.36,60,0.15,262
1127.93,462255,23858,26,502,20,1.21,1,3.85,11981,24.36,175,0.38,262
1129.11,462758,23878,26,503,20,1.18,1,3.85,11981,24.36,5,0.01,262
1130.4,463261,23906,26,503,28,1.29,1,3.85,11981,24.36,95,0.24,262
1131.57,463763,23926,26,502,20,1.16,1,3.85,11981,24.36,10,0.02,262
1132.8,464265,23946,26,502,20,1.23,1,3.85,11981,24.36,30,0.09,262
1134.19,464765,23962,26,500,16,1.4,1,3.85,11981,24.36,175,0.43,262
1135.43,465267,23982,26,502,20,1.24,1,3.85,11981,24.36,55,0.15,262
1136.69,465769,24006,26,502,24,1.26,1,3.85,11981,24.36,260,0.68,262
1137.95,466273,24018,26,504,12,1.26,1,3.85,11981,24.36,35,0.09,263
1139.15,466775,24046,26,502,28,1.2,1,3.85,11981,24.36,60,0.14,264
1140.45,467276,24062,26,501,16,1.3,1,3.85,11981,24.36,225,0.59,264
1141.71,467776,24086,26,500,24,1.26,1,3.85,11981,24.36,0,0,265
1143.14,468278,24110,26,502,24,1.43,1,3.85,11981,24.36,140,0.38,266
1144.31,468782,24126,26,504,16,1.17,1,3.85,11981,24.36,200,0.49,266
1145.53,469286,24142,26,504,16,1.22,1,3.85,11981,24.36,310,0.74,266
1146.86,469789,24174,26,503,32,1.33,1,3.85,11981,24.36,130,0.33,267
1148.15,470290,24202,26,501,28,1.3,1,3.85,11981,24.36,20,0.04,268
1149.54,470794,24214,26,504,12,1.39,1,3.85,11981,24.36,190,0.63,268
1150.66,471298,24222,26,504,8,1.12,1,3.85,11981,24.36,310,0.73,268
1151.75,471801,24254,26,503,32,1.09,1,3.85,11981,24.36,80,0.19,269
1153.01,472302,24286,26,501,32,1.26,1,3.85,11981,24.36,55,0.14,269
1154.24,472805,24302,26,503,16,1.23,1,3.85,11981,24.36,10,0.02,269
1155.46,473306,24330,26,501,28,1.22,1,3.85,11981,24.36,25,0.07,269
1156.63,473809,24350,26,503,20,1.17,1,3.85,11981,24.36,30,0.1,269
1157.93,474312,24374,26,503,24,1.3,1,3.85,11981,24.36,85,0.23,270
1159.28,474814,24398,26,502,24,1.35,1,3.85,11981,24.36,75,0.21,270
1160.38,475314,24418,26,500,20,1.11,1,3.85,11981,24.36,130,0.28,271
1161.46,475814,24434,26,500,16,1.08,1,3.85,11981,24.36,105,0.18,271
1162.6,476316,24454,26,502,20,1.14,1,3.85,11981,24.36,15,0.04,271
1163.88,476820,24482,26,504,28,1.28,1,3.85,11981,24.36,170,0.47,271
1165.06,477322,24490,26,502,8,1.18,1,3.85,11981,24.36,140,0.33,271
1166.24,477822,24514,26,500,24,1.18,1,3.85,11981,24.36,55,0.13,272
1167.63,478326,24526,26,504,12,1.39,1,3.85,11981,24.36,120,0.31,273
1168.8,478826,24554,26,500,28,1.17,1,3.85,11981,24.36,25,0.06,274
1170.05,479330,24590,26,504,36,1.25,1,3.85,11981,24.36,55,0.16,275
1171.34,479830,24602,26,500,12,1.29,1,3.85,11981,24.36,130,0.4,275
1172.56,480331,24642,26,501,40,1.22,1,3.85,11981,24.36,50,0.12,277
1173.77,480834,24670,26,503,28,1.21,1,3.85,11981,24.36,125,0.28,277
1174.95,481336,24710,26,502,40,1.18,1,3.85,11981,24.36,50,0.14,278
1176.26,481836,24742,26,500,32,1.3,1,3.85,11981,24.36,140,0.51,278
1177.52,482337,24782,26,501,40,1.26,1,3.85,11981,24.36,5,0.01,278
1178.75,482839,24806,26,502,24,1.23,1,3.85,11981,24.36,30,0.06,278
1180.16,483343,24822,26,504,16,1.41,1,3.85,11981,24.36,105,0.32,278
1181.39,483847,24838,26,504,16,1.23,1,3.85,11981,24.36,255,0.56,278
1182.59,484348,24850,26,501,12,1.2,1,3.85,11981,24.36,160,0.4,278
1183.76,484848,24874,26,500,24,1.18,1,3.85,11981,24.36,15,0.04,278
1184.97,485350,24894,26,502,20,1.2,1,3.85,11981,24.36,5,0.01,279
1186.1,485854,24914,26,504,20,1.14,1,3.85,11981,24.36,50,0.12,279
1187.38,486358,24958,26,504,44,1.28,1,3.85,11981,24.36,10,0.02,279
1188.58,486860,24966,26,502,8,1.2,1,3.85,11981,24.36,95,0.23,279
1189.97,487363,24978,26,503,12,1.39,1,3.85,11981,24.36,165,0.43,279
1191.26,487865,25006,26,502,28,1.28,1,3.85,11981,24.36,5,0.01,279
1192.61,488368,25034,26,503,28,1.36,1,3.85,11981,24.36,170,0.49,279
1193.99,488870,25054,26,502,20,1.37,1,3.85,11981,24.36,35,0.11,279
1195.27,489372,25070,26,502,16,1.28,1,3.85,11981,24.36,260,0.62,279
1196.53,489874,25086,26,502,16,1.25,1,3.85,11981,24.36,170,0.4,279
1197.71,490374,25102,26,500,16,1.18,1,3.85,11981,24.36,15,0.04,279
1198.9,490875,25138,26,501,36,1.19,1,3.85,11981,24.36,5,0.02,279
1200.2,491379,25162,26,504,24,1.3,1,3.85,11981,24.36,25,0.06,279
1201.54,491882,25190,26,503,28,1.34,1,3.85,11981,24.36,65,0.17,279
1202.72,492382,25206,26,500,16,1.18,1,3.85,11981,24.36,170,0.35,280
1203.86,492882,25234,26,500,28,1.14,1,3.85,11981,24.36,5,0.01,280
1205.16,493386,25250,26,504,16,1.31,1,3.85,11981,24.36,115,0.29,280
0.97,504,4715,20,504,4715,0.97,3,15,186,0.39,235,0.44,1
1.9,1006,4716,20,502,1,0.93,1,5,587,1.09,150,0.28,2
2.71,1507,4839,20,501,123,0.8,1,5,587,1.09,195,0.3,2
3.7,2007,4839,20,500,0,0.99,0,0,587,1.09,695,1.29,2
4.66,2507,4839,20,500,0,0.97,0,0,587,1.09,1195,2.26,2
5.83,3007,4859,19,500,20,1.17,2,10.53,1456,2.9,155,0.34,2
6.92,3507,4859,19,500,0,1.09,0,0,1456,2.9,655,1.43,2
8.01,4007,4859,19,500,0,1.1,0,0,1456,2.9,1155,2.53,2
9.19,4507,4859,19,500,0,1.18,0,0,1456,2.9,1655,3.7,2
10.2,5007,4859,19,500,0,1,0,0,1456,2.9,2155,4.71,2
11.34,5507,4859,19,500,0,1.14,0,0,1456,2.9,2655,5.85,2
12.4,6010,4875,19,503,16,1.06,1,5.26,2861,6.31,35,0.06,2
13.53,6512,4879,19,502,4,1.14,1,5.26,2861,6.31,275,0.65,2
14.81,7013,5566,21,501,687,1.28,3,14.29,2861,6.31,180,0.39,3
15.78,7514,5570,21,501,4,0.97,1,4.76,2861,6.31,425,0.81,3
16.7,8016,5578,21,502,8,0.92,1,4.76,2861,6.31,15,0.03,3
17.74,8520,5582,21,504,4,1.04,1,4.76,2861,6.31,160,0.32,3
18.94,9024,5582,21,504,0,1.2,1,4.76,2861,6.31,385,0.93,3
20.01,9528,5586,21,504,4,1.07,1,4.76,2861,6.31,335,0.68,3
21.11,10029,5586,21,501,0,1.1,1,4.76,2861,6.31,210,0.46,3
22.12,10530,5590,21,501,4,1.01,1,4.76,2861,6.31,470,0.95,3
23.18,11030,5590,21,500,0,1.05,0,0,2861,6.31,970,2,3
24.15,11530,5590,21,500,0,0.97,0,0,2861,6.31,1470,2.97,3
25.09,12031,5594,21,501,4,0.94,1,4.76,2861,6.31,75,0.14,3
26.04,12531,5594,21,500,0,0.95,0,0,2861,6.31,575,1.09,3
27.02,13031,5602,21,500,8,0.98,2,9.52,2861,6.31,40,0.06,3
28.08,13531,5602,21,500,0,1.06,0,0,2861,6.31,540,1.13,3
29.13,14031,5602,21,500,0,1.05,0,0,2861,6.31,1040,2.18,3
30.15,14531,5602,21,500,0,1.03,0,0,2861,6.31,1540,3.2,3
31.16,15031,5602,21,500,0,1.01,0,0,2861,6.31,2040,4.21,3
32.11,15531,5602,21,500,0,0.95,0,0,2861,6.31,2540,5.16,3
33.08,16031,5602,21,500,0,0.97,0,0,2861,6.31,3040,6.13,3
34.14,16534,5610,21,503,8,1.06,1,4.76,3117,6.31,190,0.43,3
35.27,17035,5614,21,501,4,1.13,1,4.76,3117,6.31,405,0.91,3
36.56,17535,5614,21,500,0,1.29,0,0,3117,6.31,905,2.2,3
37.86,18035,5614,21,500,0,1.3,0,0,3117,6.31,1405,3.49,3
39.11,18536,5618,21,501,4,1.25,1,4.76,3117,6.31,85,0.2,4
40.43,19037,5622,21,501,4,1.32,1,4.76,3117,6.31,185,0.47,4
41.67,19538,5638,21,501,16,1.24,1,4.76,3117,6.31,60,0.14,4
42.98,20041,5646,21,503,8,1.31,1,4.76,3117,6.31,270,0.68,4
44.04,20542,5662,21,501,16,1.05,1,4.76,3117,6.31,75,0.13,4
45.23,21046,5666,21,504,4,1.19,1,4.76,3117,6.31,280,0.68,4
46.5,21547,5670,21,501,4,1.27,1,4.76,3117,6.31,70,0.16,4
47.72,22049,5682,21,502,12,1.23,1,4.76,3117,6.31,20,0.05,5
48.9,22552,5702,21,503,20,1.18,2,9.52,3117,6.31,65,0.18,6
50.08,23055,5726,21,503,24,1.18,1,4.76,3117,6.31,30,0.06,6
51.27,23556,5746,21,501,20,1.19,1,4.76,3117,6.31,70,0.16,6
52.51,24058,5762,21,502,16,1.24,1,4.76,3117,6.31,120,0.31,8
53.68,24560,5774,21,502,12,1.17,1,4.76,3117,6.31,105,0.23,9
54.81,25061,5790,21,501,16,1.13,1,4.76,3117,6.31,140,0.33,10
55.99,25565,5806,21,504,16,1.19,1,4.76,3117,6.31,5,0.01,10
57.18,26068,5834,21,503,28,1.19,1,4.76,3117,6.31,70,0.19,11
58.33,26570,5842,21,502,8,1.15,1,4.76,3117,6.31,20,0.06,11
59.51,27073,5854,21,503,12,1.18,1,4.76,3117,6.31,30,0.06,11
60.55,27573,5866,21,500,12,1.05,1,4.76,3117,6.31,145,0.29,11
61.81,28073,5890,21,500,24,1.26,1,4.76,3117,6.31,45,0.08,11
62.93,28573,5906,21,500,16,1.12,1,4.76,3117,6.31,5,0.01,11
64.13,29075,5938,21,502,32,1.2,1,4.76,3117,6.31,35,0.08,11
65.3,29576,5962,21,501,24,1.17,1,4.76,3117,6.31,0,0,11
66.49,30080,5994,21,504,32,1.19,1,4.76,3117,6.31,40,0.09,11
67.68,30584,6030,21,504,36,1.19,2,9.52,3117,6.31,55,0.14,11
68.89,31085,6050,21,501,20,1.21,1,4.76,3117,6.31,60,0.14,11
70.17,31587,6070,21,502,20,1.28,1,4.76,3117,6.31,120,0.31,11
71.38,32090,6106,21,503,36,1.21,1,4.76,3117,6.31,60,0.14,11
72.54,32592,6138,21,502,32,1.16,1,4.76,3117,6.31,20,0.05,11
73.75,33092,6154,21,500,16,1.21,1,4.76,3117,6.31,245,0.59,11
75.02,33594,6174,21,502,20,1.26,1,4.76,3117,6.31,90,0.21,11
76.15,34097,6186,21,503,12,1.14,2,9.52,3117,6.31,95,0.24,11
77.43,34597,6218,21,500,32,1.28,1,4.76,3117,6.31,15,0.04,11
78.63,35101,6234,21,504,16,1.2,1,4.76,3117,6.31,130,0.31,11
79.86,35601,6246,21,500,12,1.23,1,4.76,3117,6.31,75,0.18,13
81.04,36102,6270,21,501,24,1.18,1,4.76,3117,6.31,45,0.12,13
82.25,36606,6282,21,504,12,1.2,1,4.76,3117,6.31,45,0.1,13
83.51,37107,6326,21,501,44,1.26,2,9.52,3117,6.31,20,0.05,13
84.71,37610,6350,21,503,24,1.2,1,4.76,3117,6.31,30,0.09,14
86.03,38111,6370,21,501,20,1.32,1,4.76,3117,6.31,140,0.41,14
87.25,38612,6374,21,501,4,1.22,1,4.76,3117,6.31,65,0.14,14
88.57,39114,6390,21,502,16,1.32,1,4.76,3117,6.31,75,0.21,14
89.74,39616,6410,21,502,20,1.18,1,4.76,3117,6.31,100,0.18,14
90.96,40116,6426,21,500,16,1.21,1,4.76,3117,6.31,205,0.5,15
92.1,40620,6458,21,504,32,1.15,1,4.76,3117,6.31,75,0.19,15
93.31,41123,6470,21,503,12,1.21,1,4.76,3117,6.31,55,0.11,15
94.54,41626,6482,21,503,12,1.23,1,4.76,3117,6.31,80,0.21,16
95.92,42129,6506,21,503,24,1.38,1,4.76,3117,6.31,120,0.29,16
97.13,42629,6522,21,500,16,1.21,1,4.76,3117,6.31,10,0.02,16
98.29,43133,6538,21,504,16,1.16,1,4.76,3117,6.31,25,0.06,16
99.56,43637,6550,21,504,12,1.27,1,4.76,3117,6.31,55,0.15,16
100.82,44139,6574,21,502,24,1.26,1,4.76,3117,6.31,10,0.03,17
101.99,44640,6590,21,501,16,1.17,1,4.76,3117,6.31,40,0.09,17
103.11,45142,6610,21,502,20,1.12,1,4.76,3117,6.31,5,0.01,18
104.28,45646,6622,21,504,12,1.17,1,4.76,3117,6.31,5,0.01,18
105.59,46149,6650,21,503,28,1.31,1,4.76,3117,6.31,170,0.47,18
106.79,46652,6674,21,503,24,1.2,1,4.76,3117,6.31,45,0.11,18
107.86,47153,6678,21,501,4,1.07,1,4.76,3117,6.31,100,0.2,18
109.12,47657,6706,21,504,28,1.26,1,4.76,3117,6.31,10,0.02,18
110.25,48158,6738,21,501,32,1.13,1,4.76,3117,6.31,30,0.07,18
111.41,48661,6746,21,503,8,1.16,1,4.76,3117,6.31,130,0.3,19
112.44,49165,6754,21,504,8,1.03,1,4.76,3117,6.31,140,0.28,19
113.51,49669,6762,21,504,8,1.07,1,4.76,3117,6.31,165,0.35,19
114.51,50172,6786,21,503,24,1,1,4.76,3117,6.31,50,0.08,19
115.71,50674,6798,21,502,12,1.21,2,9.52,3117,6.31,105,0.25,19
116.83,51175,6802,21,501,4,1.12,1,4.76,3117,6.31,385,0.86,20
118.02,51676,6806,21,501,4,1.18,1,4.76,3117,6.31,80,0.17,20
119.23,52179,6830,21,503,24,1.21,1,4.76,3117,6.31,110,0.26,20
120.29,52680,6846,21,501,16,1.06,1,4.76,3117,6.31,75,0.18,20
121.35,53182,6858,21,502,12,1.06,1,4.76,3117,6.31,390,0.81,20
122.46,53684,6874,21,502,16,1.11,1,4.76,3117,6.31,105,0.24,20
123.67,54187,6902,21,503,28,1.21,1,4.76,3117,6.31,140,0.32,21
124.81,54691,6914,21,504,12,1.14,1,4.76,3117,6.31,35,0.08,21
125.9,55191,6938,21,500,24,1.1,1,4.76,3117,6.31,245,0.53,22
127,55693,6950,21,502,12,1.1,1,4.76,3117,6.31,150,0.31,22
128.14,56197,6970,21,504,20,1.14,1,4.76,3117,6.31,90,0.19,22
129.19,56700,6986,21,503,16,1.05,1,4.76,3117,6.31,50,0.11,22
130.32,57204,7018,21,504,32,1.13,1,4.76,3117,6.31,40,0.08,22
131.4,57707,7042,21,503,24,1.07,1,4.76,3117,6.31,95,0.19,23
132.46,58209,7054,21,502,12,1.06,1,4.76,3117,6.31,20,0.04,23
133.6,58709,7074,21,500,20,1.14,1,4.76,3117,6.31,110,0.25,23
134.71,59209,7090,21,500,16,1.11,1,4.76,3117,6.31,115,0.26,23
135.86,59709,7122,21,500,32,1.16,1,4.76,3117,6.31,35,0.08,23
137.12,60209,7138,21,500,16,1.26,1,4.76,3117,6.31,55,0.13,23
138.33,60709,7146,21,500,8,1.21,1,4.76,3117,6.31,60,0.15,23
139.52,61211,7166,21,502,20,1.19,1,4.76,3117,6.31,10,0.02,23
140.8,61715,7194,21,504,28,1.28,1,4.76,3117,6.31,35,0.07,24
142.08,62219,7214,21,504,20,1.27,1,4.76,3117,6.31,60,0.15,25
143.33,62723,7282,21,504,68,1.26,1,4.76,3117,6.31,10,0.02,25
144.71,63225,7302,21,502,20,1.37,1,4.76,3117,6.31,20,0.05,25
145.86,63725,7330,21,500,28,1.15,1,4.76,3117,6.31,200,0.44,27
147.17,64229,7346,21,504,16,1.31,1,4.76,3117,6.31,155,0.46,27
148.4,64730,7374,21,501,28,1.23,1,4.76,3117,6.31,20,0.05,28
149.63,65231,7398,21,501,24,1.23,1,4.76,3117,6.31,20,0.06,28
150.78,65732,7418,21,501,20,1.16,1,4.76,3117,6.31,10,0.02,28
151.83,66235,7442,21,503,24,1.05,1,4.76,3117,6.31,5,0.01,29
153.04,66738,7462,21,503,20,1.21,1,4.76,3117,6.31,50,0.13,29
154.42,67238,7486,21,500,24,1.38,1,4.76,3117,6.31,0,0,29
155.81,67742,7494,21,504,8,1.39,1,4.76,3117,6.31,390,1.01,29
157.01,68243,7514,21,501,20,1.2,1,4.76,3117,6.31,330,0.83,29
158.23,68744,7534,21,501,20,1.22,1,4.76,3117,6.31,50,0.13,30
159.45,69245,7558,21,501,24,1.22,1,4.76,3117,6.31,25,0.06,30
160.73,69747,7566,21,502,8,1.29,1,4.76,3117,6.31,125,0.32,31
161.9,70247,7586,21,500,20,1.17,1,4.76,3117,6.31,25,0.05,32
162.98,70751,7610,21,504,24,1.08,1,4.76,3117,6.31,20,0.05,32
164.17,71255,7626,21,504,16,1.19,1,4.76,3117,6.31,75,0.17,33
165.31,71755,7650,21,500,24,1.14,1,4.76,3117,6.31,0,0,33
166.57,72257,7670,21,502,20,1.26,1,4.76,3117,6.31,10,0.02,33
167.67,72757,7690,21,500,20,1.1,1,4.76,3117,6.31,25,0.05,33
168.92,73259,7734,21,502,44,1.24,1,4.76,3117,6.31,50,0.13,35
170.23,73760,7766,21,501,32,1.31,1,4.76,3117,6.31,245,0.64,35
171.42,74262,7782,21,502,16,1.19,1,4.76,3117,6.31,145,0.33,35
172.67,74764,7802,21,502,20,1.25,1,4.76,3117,6.31,195,0.51,35
173.89,75267,7814,21,503,12,1.23,1,4.76,3117,6.31,15,0.04,35
175.02,75769,7846,21,502,32,1.13,1,4.76,3117,6.31,135,0.32,37
176.24,76272,7862,21,503,16,1.22,1,4.76,3117,6.31,85,0.24,37
177.49,76772,7878,21,500,16,1.25,1,4.76,3117,6.31,140,0.35,38
178.91,77276,7906,21,504,28,1.43,1,4.76,3117,6.31,150,0.45,38
180.19,77780,7926,21,504,20,1.28,1,4.76,3117,6.31,85,0.22,39
181.43,78284,7954,21,504,28,1.24,1,4.76,3117,6.31,65,0.18,39
182.72,78784,7974,21,500,20,1.29,1,4.76,3117,6.31,5,0.01,40
184,79287,7998,21,503,24,1.28,1,4.76,3117,6.31,75,0.19,41
185.34,79787,8018,21,500,20,1.34,1,4.76,3117,6.31,90,0.25,41
186.66,80290,8042,21,503,24,1.32,1,4.76,3117,6.31,210,0.57,42
187.93,80793,8062,21,503,20,1.27,1,4.76,3117,6.31,70,0.16,42
189.22,81297,8090,21,504,28,1.29,1,4.76,3117,6.31,50,0.12,42
190.47,81800,8098,21,503,8,1.25,1,4.76,3117,6.31,230,0.59,42
191.68,82301,8122,21,501,24,1.21,1,4.76,3117,6.31,150,0.35,42
192.87,82805,8138,21,504,16,1.18,1,4.76,3117,6.31,65,0.16,42
194.22,83309,8166,21,504,28,1.36,1,4.76,3117,6.31,110,0.29,42
195.55,83811,8174,21,502,8,1.33,1,4.76,3117,6.31,40,0.09,42
196.78,84312,8178,21,501,4,1.22,1,4.76,3117,6.31,150,0.36,42
198.07,84812,8206,21,500,28,1.3,1,4.76,3117,6.31,90,0.25,42
199.36,85314,8250,21,502,44,1.29,1,4.76,3117,6.31,85,0.21,43
200.69,85817,8274,21,503,24,1.33,1,4.76,3117,6.31,25,0.07,43
202.12,86321,8286,21,504,12,1.43,1,4.76,3117,6.31,290,0.7,43
203.36,86822,8306,21,501,20,1.24,1,4.76,3117,6.31,320,0.78,44
204.62,87323,8346,21,501,40,1.26,1,4.76,3117,6.31,110,0.27,44
205.95,87825,8386,21,502,40,1.33,1,4.76,3117,6.31,65,0.2,44
207.19,88325,8426,21,500,40,1.24,1,4.76,3117,6.31,65,0.18,45
208.5,88825,8462,21,500,36,1.31,1,4.76,3117,6.31,95,0.2,45
209.61,89327,8470,21,502,8,1.1,1,4.76,3117,6.31,340,0.72,46
210.93,89831,8498,21,504,28,1.32,1,4.76,3117,6.31,150,0.36,48
212.16,90334,8518,21,503,20,1.23,1,4.76,3117,6.31,50,0.13,49
213.39,90837,8526,21,503,8,1.24,1,4.76,3117,6.31,55,0.12,49
214.58,91337,8550,21,500,24,1.19,1,4.76,3117,6.31,150,0.33,49
215.87,91840,8562,21,503,12,1.29,1,4.76,3117,6.31,95,0.25,49
217.16,92341,8594,21,501,32,1.28,1,4.76,3117,6.31,35,0.08,49
218.33,92844,8646,21,503,52,1.18,1,4.76,3117,6.31,25,0.05,49
219.65,93348,8658,21,504,12,1.32,1,4.76,3117,6.31,20,0.07,49
221.05,93848,8670,21,500,12,1.4,1,4.76,3117,6.31,175,0.44,49
222.48,94349,8706,21,501,36,1.42,1,4.76,3117,6.31,10,0.03,49
223.8,94849,8718,21,500,12,1.32,1,4.76,3117,6.31,25,0.05,49
225.09,95352,8742,21,503,24,1.29,1,4.76,3117,6.31,60,0.14,50
226.21,95856,8754,21,504,12,1.12,1,4.76,3117,6.31,25,0.05,50
227.48,96356,8790,21,500,36,1.28,1,4.76,3117,6.31,150,0.39,50
228.86,96860,8806,21,504,16,1.38,1,4.76,3117,6.31,100,0.19,50
230.43,97360,8834,21,500,28,1.57,1,4.76,3117,6.31,50,0.13,50
231.57,97862,8854,21,502,20,1.14,2,9.52,3117,6.31,260,0.52,50
232.93,98365,8878,21,503,24,1.36,1,4.76,3117,6.31,45,0.15,50
234.31,98867,8894,21,502,16,1.38,1,4.76,3117,6.31,15,0.03,50
235.71,99367,8962,21,500,68,1.39,2,9.52,3117,6.31,0,0,51
237.19,99871,8986,21,504,24,1.48,1,4.76,3117,6.31,70,0.2,51
238.34,100372,9006,21,501,20,1.16,1,4.76,3117,6.31,110,0.26,51
239.52,100874,9046,21,502,40,1.17,1,4.76,3117,6.31,70,0.16,51
240.75,101376,9074,21,502,28,1.23,1,4.76,3117,6.31,105,0.23,51
242.1,101879,9086,21,503,12,1.35,1,4.76,3117,6.31,215,0.56,52
243.46,102383,9110,21,504,24,1.36,1,4.76,3117,6.31,10,0.04,52
244.77,102886,9142,21,503,32,1.32,1,4.76,3117,6.31,20,0.06,52
246.17,103388,9166,21,502,24,1.4,1,4.76,3117,6.31,100,0.28,52
247.42,103889,9190,21,501,24,1.24,1,4.76,3117,6.31,55,0.21,53
248.59,104390,9210,21,501,20,1.18,1,4.76,3117,6.31,45,0.1,53
249.78,104892,9218,21,502,8,1.19,1,4.76,3117,6.31,210,0.49,53
250.97,105393,9234,21,501,16,1.18,1,4.76,3117,6.31,160,0.37,53
252.3,105896,9266,21,503,32,1.34,1,4.76,3117,6.31,135,0.35,54
253.62,106399,9294,21,503,28,1.32,1,4.76,3117,6.31,155,0.42,55
254.94,106903,9310,21,504,16,1.32,1,4.76,3117,6.31,115,0.33,55
256.22,107405,9330,21,502,20,1.28,1,4.76,3117,6.31,25,0.1,55
257.37,107906,9362,21,501,32,1.15,1,4.76,3117,6.31,10,0.02,56
258.56,108406,9390,21,500,28,1.19,1,4.76,3117,6.31,65,0.17,56
259.66,108910,9406,21,504,16,1.1,1,4.76,3117,6.31,30,0.07,56
260.85,109414,9422,21,504,16,1.19,1,4.76,3117,6.31,105,0.26,56
262.12,109915,9454,21,501,32,1.27,1,4.76,3117,6.31,30,0.07,57
263.47,110417,9470,21,502,16,1.35,1,4.76,3117,6.31,210,0.65,57
265.26,110918,9474,21,501,4,1.79,1,4.76,3117,6.31,340,1.22,57
266.72,111421,9494,21,503,20,1.46,1,4.76,3117,6.31,185,0.46,57
268.01,111924,9518,21,503,24,1.29,1,4.76,3117,6.31,80,0.23,57
269.19,112425,9534,21,501,16,1.18,1,4.76,3117,6.31,5,0.01,57
270.4,112925,9558,21,500,24,1.21,1,4.76,3117,6.31,35,0.09,57
271.96,113429,9570,21,504,12,1.56,1,4.76,3117,6.31,95,0.24,57
273.15,113929,9598,21,500,28,1.2,1,4.76,3117,6.31,115,0.25,57
274.36,114431,9634,21,502,36,1.2,1,4.76,3117,6.31,20,0.05,60
275.5,114933,9666,21,502,32,1.14,1,4.76,3117,6.31,85,0.17,60
276.72,115436,9686,21,503,20,1.22,1,4.76,3117,6.31,40,0.1,61
277.98,115936,9734,21,500,48,1.26,1,4.76,3117,6.31,25,0.07,61
279.23,116439,9750,21,503,16,1.25,1,4.76,3117,6.31,185,0.44,62
280.47,116940,9782,21,501,32,1.24,1,4.76,3117,6.31,20,0.05,62
281.85,117440,9814,21,500,32,1.38,1,4.76,3117,6.31,15,0.04,63
283.15,117942,9826,21,502,12,1.3,1,4.76,3117,6.31,90,0.23,64
284.37,118445,9842,21,503,16,1.22,1,4.76,3117,6.31,90,0.22,65
285.5,118946,9862,21,501,20,1.13,1,4.76,3117,6.31,165,0.35,65
286.66,119447,9894,21,501,32,1.17,1,4.76,3117,6.31,10,0.03,65
288.06,119950,9930,21,503,36,1.39,1,4.76,3117,6.31,65,0.17,65
289.33,120450,9958,21,500,28,1.28,1,4.76,3117,6.31,75,0.18,65
290.6,120952,9982,21,502,24,1.27,1,4.76,3117,6.31,55,0.13,65
291.89,121452,10002,21,500,20,1.29,1,4.76,3117,6.31,75,0.19,65
293.37,121955,10034,21,503,32,1.48,1,4.76,3117,6.31,100,0.2,65
294.6,122455,10046,21,500,12,1.23,1,4.76,3117,6.31,150,0.4,65
295.89,122959,10062,21,504,16,1.3,1,4.76,3117,6.31,130,0.33,65
297.29,123459,10094,21,500,32,1.39,1,4.76,3117,6.31,90,0.24,65
298.63,123959,10138,21,500,44,1.35,1,4.76,3117,6.31,35,0.09,65
300.03,124462,10150,21,503,12,1.4,1,4.76,3117,6.31,20,0.05,65
301.35,124966,10182,21,504,32,1.32,1,4.76,3117,6.31,125,0.33,65
302.7,125466,10226,21,500,44,1.35,1,4.76,3117,6.31,10,0.02,65
304.07,125967,10238,21,501,12,1.37,1,4.76,3117,6.31,10,0.03,65
305.5,126468,10280,21,501,42,1.43,2,9.52,3117,6.31,45,0.13,66
306.85,126970,10312,21,502,32,1.35,1,4.76,3117,6.31,80,0.24,67
308.17,127473,10324,21,503,12,1.32,1,4.76,3117,6.31,45,0.11,67
309.46,127977,10344,21,504,20,1.28,1,4.76,3117,6.31,20,0.05,67
310.85,128481,10364,21,504,20,1.39,2,9.52,3117,6.31,70,0.2,68
312.18,128984,10384,21,503,20,1.33,1,4.76,3117,6.31,80,0.25,68
313.51,129485,10420,21,501,36,1.33,1,4.76,3117,6.31,130,0.28,68
314.68,129989,10432,21,504,12,1.17,1,4.76,3117,6.31,250,0.6,68
315.86,130492,10452,21,503,20,1.18,1,4.76,3117,6.31,60,0.12,68
317.12,130995,10476,21,503,24,1.26,1,4.76,3117,6.31,20,0.05,68
318.28,131498,10496,21,503,20,1.16,1,4.76,3117,6.31,40,0.1,69
319.55,132001,10504,21,503,8,1.27,1,4.76,3117,6.31,75,0.21,69
320.77,132504,10548,21,503,44,1.22,1,4.76,3117,6.31,10,0.03,69
322.15,133007,10588,21,503,40,1.38,1,4.76,3117,6.31,25,0.07,69
323.58,133508,10608,21,501,20,1.42,1,4.76,3117,6.31,45,0.12,69
325.15,134010,10616,21,502,8,1.57,1,4.76,3117,6.31,65,0.2,69
326.54,134510,10628,21,500,12,1.39,1,4.76,3117,6.31,320,0.86,69
327.74,135014,10644,21,504,16,1.21,1,4.76,3117,6.31,65,0.16,70
329.08,135518,10660,21,504,16,1.33,1,4.76,3117,6.31,160,0.44,70
330.34,136020,10680,21,502,20,1.26,1,4.76,3117,6.31,45,0.09,70
331.62,136522,10708,21,502,28,1.29,1,4.76,3117,6.31,70,0.2,71
333.08,137022,10724,21,500,16,1.46,1,4.76,3117,6.31,70,0.2,71
334.28,137526,10744,21,504,20,1.2,1,4.76,3117,6.31,45,0.11,71
335.55,138029,10756,21,503,12,1.27,1,4.76,3117,6.31,105,0.24,71
336.73,138531,10760,21,502,4,1.18,1,4.76,3117,6.31,190,0.44,71
337.87,139033,10768,21,502,8,1.14,1,4.76,3117,6.31,50,0.09,71
339.18,139537,10796,21,504,28,1.31,1,4.76,3117,6.31,210,0.52,72
340.44,140038,10800,21,501,4,1.26,1,4.76,3117,6.31,305,0.74,72
341.74,140538,10820,21,500,20,1.3,1,4.76,3117,6.31,40,0.1,73
343.11,141039,10832,21,501,12,1.37,1,4.76,3117,6.31,55,0.14,73
344.6,141539,10864,21,500,32,1.49,1,4.76,3117,6.31,20,0.05,73
345.99,142040,10896,21,501,32,1.39,1,4.76,3117,6.31,135,0.29,74
347.17,142544,10912,21,504,16,1.18,1,4.76,3117,6.31,65,0.16,74
348.38,143047,10940,21,503,28,1.21,1,4.76,3117,6.31,10,0.02,75
349.48,143548,10972,21,501,32,1.1,1,4.76,3117,6.31,40,0.1,76
350.66,144049,10996,21,501,24,1.18,1,4.76,3117,6.31,40,0.09,76
351.9,144550,11040,21,501,44,1.24,1,4.76,3117,6.31,0,0,76
353.14,145051,11084,21,501,44,1.24,1,4.76,3117,6.31,20,0.05,77
354.54,145555,11112,21,504,28,1.4,1,4.76,3117,6.31,20,0.06,78
355.72,146057,11148,21,502,36,1.18,1,4.76,3117,6.31,5,0.01,78
356.9,146558,11160,21,501,12,1.18,1,4.76,3117,6.31,185,0.41,78
358.22,147060,11184,21,502,24,1.32,1,4.76,3117,6.31,205,0.58,79
359.37,147563,11216,21,503,32,1.15,1,4.76,3117,6.31,5,0.01,80
360.58,148063,11232,21,500,16,1.21,1,4.76,3117,6.31,140,0.35,81
361.81,148565,11252,21,502,20,1.23,1,4.76,3117,6.31,35,0.09,82
363.07,149067,11272,21,502,20,1.26,1,4.76,3117,6.31,145,0.34,83
364.24,149569,11296,21,502,24,1.17,1,4.76,3117,6.31,75,0.17,83
365.57,150070,11316,21,501,20,1.34,1,4.76,3117,6.31,20,0.06,83
366.89,150571,11332,21,501,16,1.32,1,4.76,3117,6.31,35,0.09,83
368.22,151075,11364,21,504,32,1.33,1,4.76,3117,6.31,20,0.06,84
369.5,151578,11396,21,503,32,1.28,1,4.76,3117,6.31,0,0,85
370.75,152081,11408,21,503,12,1.25,1,4.76,3117,6.31,40,0.09,86
372.1,152583,11416,21,502,8,1.35,1,4.76,3117,6.31,205,0.48,86
373.48,153087,11428,21,504,12,1.38,1,4.76,3117,6.31,290,0.82,86
374.7,153588,11432,21,501,4,1.22,1,4.76,3117,6.31,5,0.01,86
375.94,154091,11460,21,503,28,1.24,1,4.76,3117,6.31,120,0.27,86
377.25,154595,11496,21,504,36,1.31,1,4.76,3117,6.31,90,0.25,87
378.43,155095,11536,21,500,40,1.19,1,4.76,3117,6.31,0,0,88
379.62,155598,11552,21,503,16,1.19,1,4.76,3117,6.31,35,0.08,88
380.92,156099,11576,21,501,24,1.3,1,4.76,3117,6.31,0,0,89
382.23,156601,11604,21,502,28,1.31,1,4.76,3117,6.31,15,0.04,89
383.55,157103,11640,21,502,36,1.33,1,4.76,3117,6.31,115,0.27,91
384.86,157603,11672,21,500,32,1.31,1,4.76,3117,6.31,10,0.02,91
386.05,158103,11692,21,500,20,1.19,1,4.76,3117,6.31,160,0.38,91
387.25,158606,11712,21,503,20,1.2,1,4.76,3117,6.31,60,0.15,92
388.46,159109,11744,21,503,32,1.21,1,4.76,3117,6.31,20,0.05,92
389.68,159612,11768,21,503,24,1.22,1,4.76,3117,6.31,155,0.4,92
390.94,160114,11788,21,502,20,1.25,1,4.76,3117,6.31,315,0.75,92
392.22,160618,11832,21,504,44,1.29,1,4.76,3117,6.31,65,0.18,93
393.63,161118,11848,21,500,16,1.41,1,4.76,3117,6.31,180,0.59,93
394.83,161618,11868,21,500,20,1.2,1,4.76,3117,6.31,40,0.1,94
396.23,162122,11892,21,504,24,1.4,1,4.76,3117,6.31,50,0.13,94
397.49,162624,11916,21,502,24,1.26,1,4.76,3117,6.31,40,0.09,94
398.79,163127,11940,21,503,24,1.31,1,4.76,3117,6.31,10,0.02,96
400.02,163631,11964,21,504,24,1.22,1,4.76,3117,6.31,35,0.06,96
401.25,164132,12004,21,501,40,1.24,1,4.76,3117,6.31,45,0.12,96
402.36,164636,12036,21,504,32,1.11,1,4.76,3117,6.31,65,0.16,96
403.64,165137,12060,21,501,24,1.28,1,4.76,3117,6.31,55,0.13,97
404.96,165638,12080,21,501,20,1.32,1,4.76,3117,6.31,65,0.18,97
406.14,166141,12092,21,503,12,1.17,1,4.76,3117,6.31,340,0.78,97
407.37,166641,12124,21,500,32,1.24,1,4.76,3117,6.31,35,0.07,97
408.64,167145,12152,21,504,28,1.26,1,4.76,3117,6.31,60,0.12,100
409.87,167649,12200,21,504,48,1.23,1,4.76,3117,6.31,65,0.17,101
411.15,168153,12212,21,504,12,1.28,1,4.76,3117,6.31,90,0.24,101
412.5,168653,12264,21,500,52,1.35,1,4.76,3117,6.31,5,0.02,103
413.75,169157,12288,21,504,24,1.24,1,4.76,3117,6.31,140,0.38,103
415.04,169661,12320,21,504,32,1.3,1,4.76,3117,6.31,55,0.16,103
416.28,170165,12336,21,504,16,1.24,1,4.76,3117,6.31,40,0.11,103
417.62,170669,12356,21,504,20,1.34,1,4.76,3117,6.31,35,0.14,103
418.9,171173,12372,21,504,16,1.27,1,4.76,3117,6.31,105,0.27,103
420.22,171674,12384,21,501,12,1.32,1,4.76,3117,6.31,120,0.36,103
421.62,172175,12404,21,501,20,1.4,1,4.76,3117,6.31,185,0.45,103
422.89,172677,12424,21,502,20,1.26,1,4.76,3117,6.31,95,0.26,103
424.2,173179,12448,21,502,24,1.31,1,4.76,3117,6.31,110,0.25,103
425.57,173679,12468,21,500,20,1.38,1,4.76,3117,6.31,75,0.17,103
426.98,174183,12484,21,504,16,1.4,1,4.76,3117,6.31,205,0.59,103
428.3,174686,12516,21,503,32,1.33,1,4.76,3117,6.31,50,0.12,103
429.52,175187,12536,21,501,20,1.22,1,4.76,3117,6.31,180,0.41,103
430.59,175689,12556,21,502,20,1.07,1,4.76,3117,6.31,20,0.05,104
431.77,176193,12588,21,504,32,1.18,1,4.76,3117,6.31,45,0.08,105
432.96,176696,12612,21,503,24,1.19,1,4.76,3117,6.31,50,0.12,105
434.36,177196,12640,21,500,28,1.39,1,4.76,3117,6.31,45,0.12,106
435.74,177698,12652,21,502,12,1.39,1,4.76,3117,6.31,400,1.09,107
437.03,178202,12672,21,504,20,1.28,1,4.76,3117,6.31,25,0.05,108
438.22,178706,12684,21,504,12,1.19,1,4.76,3117,6.31,150,0.38,108
439.62,179210,12704,21,504,20,1.4,1,4.76,3117,6.31,5,0.02,108
440.97,179714,12728,21,504,24,1.35,1,4.76,3117,6.31,130,0.34,108
442.26,180216,12736,21,502,8,1.29,1,4.76,3117,6.31,50,0.1,108
443.56,180720,12752,21,504,16,1.3,1,4.76,3117,6.31,10,0.03,108
444.86,181223,12764,21,503,12,1.3,1,4.76,3117,6.31,200,0.5,108
446.36,181726,12784,21,503,20,1.5,1,4.76,3117,6.31,110,0.35,108
447.79,182230,12800,21,504,16,1.43,1,4.76,3117,6.31,200,0.51,108
449,182731,12820,21,501,20,1.21,1,4.76,3117,6.31,75,0.18,109
450.21,183234,12840,21,503,20,1.22,1,4.76,3117,6.31,65,0.17,109
451.49,183734,12860,21,500,20,1.28,1,4.76,3117,6.31,45,0.12,109
452.84,184237,12888,21,503,28,1.35,1,4.76,3117,6.31,5,0.01,109
454.2,184737,12908,21,500,20,1.35,1,4.76,3117,6.31,30,0.08,109
455.5,185241,12936,21,504,28,1.31,1,4.76,3117,6.31,300,0.85,109
456.88,185741,12936,21,500,0,1.37,0,0,3117,6.31,800,2.22,109
458.31,186242,12980,21,501,44,1.43,1,4.76,3117,6.31,140,0.43,109
459.45,186745,13000,21,503,20,1.14,1,4.76,3117,6.31,100,0.2,110
460.81,187245,13016,21,500,16,1.36,1,4.76,3117,6.31,225,0.59,110
461.97,187748,13032,21,503,16,1.16,1,4.76,3117,6.31,70,0.15,110
463.2,188251,13064,21,503,32,1.23,1,4.76,3117,6.31,45,0.14,110
464.47,188753,13096,21,502,32,1.27,1,4.76,3117,6.31,10,0.02,110
465.85,189256,13136,21,503,40,1.39,1,4.76,3117,6.31,100,0.27,113
467.12,189760,13160,21,504,24,1.27,1,4.76,3117,6.31,85,0.19,113
468.5,190262,13188,21,502,28,1.38,1,4.76,3117,6.31,35,0.09,113
469.83,190765,13200,21,503,12,1.32,1,4.76,3117,6.31,185,0.49,113
471.19,191265,13224,21,500,24,1.36,1,4.76,3117,6.31,150,0.47,113
472.46,191765,13240,21,500,16,1.27,1,4.76,3117,6.31,45,0.12,113
473.6,192267,13260,21,502,20,1.14,1,4.76,3117,6.31,25,0.06,114
474.8,192768,13280,21,501,20,1.2,1,4.76,3117,6.31,15,0.03,114
476.07,193270,13312,21,502,32,1.27,1,4.76,3117,6.31,15,0.04,114
477.24,193774,13324,21,504,12,1.16,1,4.76,3117,6.31,280,0.64,114
478.36,194278,13356,21,504,32,1.13,1,4.76,3117,6.31,15,0.02,115
479.61,194779,13380,21,501,24,1.24,1,4.76,3117,6.31,105,0.24,116
480.98,195280,13412,21,501,32,1.38,1,4.76,3117,6.31,70,0.18,116
482.19,195784,13436,21,504,24,1.2,1,4.76,3117,6.31,5,0.01,117
483.43,196286,13456,21,502,20,1.24,1,4.76,3117,6.31,55,0.13,118
484.61,196788,13488,21,502,32,1.19,1,4.76,3117,6.31,70,0.17,118
485.81,197290,13496,21,502,8,1.2,1,4.76,3117,6.31,195,0.44,118
487.08,197790,13524,21,500,28,1.26,1,4.76,3117,6.31,45,0.12,119
488.3,198291,13540,21,501,16,1.23,1,4.76,3117,6.31,40,0.1,120
489.59,198793,13548,21,502,8,1.29,1,4.76,3117,6.31,405,1.04,120
490.88,199293,13568,21,500,20,1.28,1,4.76,3117,6.31,140,0.36,120
492.1,199796,13600,21,503,32,1.23,1,4.76,3117,6.31,65,0.17,120
493.41,200296,13632,21,500,32,1.31,1,4.76,3117,6.31,170,0.43,123
494.64,200799,13672,21,503,40,1.23,1,4.76,3117,6.31,65,0.17,124
496.05,201299,13700,21,500,28,1.41,1,4.76,3117,6.31,55,0.16,124
497.28,201801,13728,21,502,28,1.23,1,4.76,3117,6.31,230,0.56,124
498.49,202302,13756,21,501,28,1.21,1,4.76,3117,6.31,50,0.11,124
499.69,202806,13784,21,504,28,1.2,1,4.76,3117,6.31,25,0.07,124
500.96,203307,13800,21,501,16,1.27,1,4.76,3117,6.31,100,0.26,124
502.15,203811,13812,21,504,12,1.19,1,4.76,3117,6.31,20,0.06,124
503.4,204311,13840,21,500,28,1.25,1,4.76,3117,6.31,135,0.34,125
504.68,204814,13856,21,503,16,1.28,1,4.76,3117,6.31,10,0.02,126
505.93,205317,13872,21,503,16,1.25,1,4.76,3117,6.31,225,0.56,126
507.27,205821,13896,21,504,24,1.33,1,4.76,3117,6.31,165,0.42,126
508.49,206321,13916,21,500,20,1.22,1,4.76,3117,6.31,175,0.47,126
509.78,206822,13932,21,501,16,1.29,1,4.76,3117,6.31,15,0.03,126
511.13,207323,13948,21,501,16,1.35,1,4.76,3117,6.31,300,0.83,126
512.46,207827,13968,21,504,20,1.33,1,4.76,3117,6.31,10,0.03,126
513.69,208328,14004,21,501,36,1.22,1,4.76,3117,6.31,65,0.17,127
515.02,208832,14020,21,504,16,1.33,1,4.76,3117,6.31,205,0.51,127
516.25,209332,14044,21,500,24,1.23,1,4.76,3117,6.31,70,0.19,127
517.55,209835,14068,21,503,24,1.3,1,4.76,3117,6.31,85,0.24,128
518.81,210338,14080,21,503,12,1.26,1,4.76,3117,6.31,210,0.5,129
519.96,210842,14096,21,504,16,1.15,1,4.76,3117,6.31,60,0.15,129
521.28,211343,14120,21,501,24,1.32,1,4.76,3117,6.31,80,0.2,130
522.47,211845,14140,21,502,20,1.19,1,4.76,3117,6.31,65,0.13,130
523.66,212347,14188,21,502,48,1.19,1,4.76,3117,6.31,20,0.05,130
524.84,212850,14212,21,503,24,1.18,1,4.76,3117,6.31,105,0.26,130
526.15,213352,14240,21,502,28,1.31,1,4.76,3117,6.31,80,0.21,132
527.32,213852,14256,21,500,16,1.17,1,4.76,3117,6.31,85,0.19,132
528.58,214355,14268,21,503,12,1.26,1,4.76,3117,6.31,105,0.26,132
529.81,214858,14280,21,503,12,1.23,1,4.76,3117,6.31,175,0.43,132
531.07,215359,14320,21,501,40,1.26,1,4.76,3117,6.31,15,0.04,132
532.39,215860,14324,21,501,4,1.33,1,4.76,3117,6.31,305,0.8,132
533.62,216362,14336,21,502,12,1.23,1,4.76,3117,6.31,75,0.17,133
534.86,216863,14372,21,501,36,1.24,1,4.76,3117,6.31,0,0,133
536.32,217365,14388,21,502,16,1.45,1,4.76,3117,6.31,95,0.23,134
537.56,217868,14400,21,503,12,1.24,1,4.76,3117,6.31,60,0.13,134
538.76,218369,14428,21,501,28,1.2,1,4.76,3117,6.31,110,0.25,134
540.04,218872,14460,21,503,32,1.28,1,4.76,3117,6.31,110,0.29,134
541.28,219372,14488,21,500,28,1.24,1,4.76,3117,6.31,0,0,134
542.58,219874,14496,21,502,8,1.3,1,4.76,3117,6.31,35,0.1,134
543.83,220376,14516,21,502,20,1.25,1,4.76,3117,6.31,40,0.1,134
545.22,220879,14540,21,503,24,1.4,1,4.76,3117,6.31,5,0.01,134
546.43,221380,14572,21,501,32,1.21,1,4.76,3117,6.31,15,0.03,134
547.62,221880,14596,21,500,24,1.19,1,4.76,3117,6.31,50,0.15,134
548.9,222383,14624,21,503,28,1.28,1,4.76,3117,6.31,5,0.02,134
550.18,222883,14656,21,500,32,1.28,1,4.76,3117,6.31,35,0.08,134
551.48,223383,14688,21,500,32,1.3,1,4.76,3117,6.31,95,0.23,134
552.72,223885,14696,21,502,8,1.25,1,4.76,3117,6.31,270,0.71,134
553.99,224389,14712,21,504,16,1.27,1,4.76,3117,6.31,80,0.19,135
555.21,224893,14748,21,504,36,1.22,1,4.76,3117,6.31,130,0.31,137
556.51,225396,14760,21,503,12,1.3,1,4.76,3117,6.31,85,0.23,137
557.76,225898,14768,21,502,8,1.26,1,4.76,3117,6.31,105,0.26,137
559.04,226400,14776,21,502,8,1.28,1,4.76,3117,6.31,205,0.54,137
560.43,226904,14804,21,504,28,1.39,1,4.76,3117,6.31,5,0.01,138
561.6,227407,14828,21,503,24,1.17,1,4.76,3117,6.31,40,0.09,138
562.85,227907,14852,21,500,24,1.24,1,4.76,3117,6.31,65,0.18,139
564.02,228410,14884,21,503,32,1.18,1,4.76,3117,6.31,85,0.24,139
565.35,228914,14908,21,504,24,1.33,1,4.76,3117,6.31,70,0.24,140
566.67,229418,14924,21,504,16,1.32,1,4.76,3117,6.31,90,0.22,140
567.93,229919,14944,21,501,20,1.27,1,4.76,3117,6.31,35,0.09,141
569.32,230422,14968,21,503,24,1.39,1,4.76,3117,6.31,20,0.04,141
570.56,230926,14980,21,504,12,1.25,1,4.76,3117,6.31,15,0.04,141
571.72,231426,15004,21,500,24,1.15,1,4.76,3117,6.31,10,0.02,142
572.96,231928,15052,21,502,48,1.25,1,4.76,3117,6.31,110,0.27,142
574.19,232429,15088,21,501,36,1.23,1,4.76,3117,6.31,60,0.15,143
575.4,232931,15104,21,502,16,1.21,1,4.76,3117,6.31,25,0.06,143
576.54,233435,15124,21,504,20,1.13,1,4.76,3117,6.31,25,0.06,144
577.8,233938,15140,21,503,16,1.26,1,4.76,3117,6.31,145,0.39,144
579.08,234439,15164,21,501,24,1.28,1,4.76,3117,6.31,180,0.48,144
580.17,234943,15180,21,504,16,1.09,1,4.76,3117,6.31,85,0.18,145
581.42,235445,15192,21,502,12,1.25,1,4.76,3117,6.31,170,0.42,145
582.61,235945,15208,21,500,16,1.19,1,4.76,3117,6.31,165,0.39,145
583.82,236445,15216,21,500,8,1.21,1,4.76,3117,6.31,270,0.64,145
585.05,236948,15236,21,503,20,1.23,1,4.76,3117,6.31,55,0.11,146
586.31,237450,15268,21,502,32,1.26,1,4.76,3117,6.31,120,0.25,146
587.51,237951,15296,21,501,28,1.21,1,4.76,3117,6.31,60,0.16,146
588.73,238454,15316,21,503,20,1.22,1,4.76,3117,6.31,25,0.07,147
590,238958,15328,21,504,12,1.27,1,4.76,3117,6.31,105,0.3,147
591.33,239461,15340,21,503,12,1.33,1,4.76,3117,6.31,25,0.07,147
592.49,239963,15360,21,502,20,1.16,1,4.76,3117,6.31,50,0.09,147
593.63,240463,15388,21,500,28,1.14,1,4.76,3117,6.31,15,0.04,147
594.89,240967,15412,21,504,24,1.27,1,4.76,3117,6.31,65,0.17,147
596.13,241469,15444,21,502,32,1.24,1,4.76,3117,6.31,130,0.32,147
597.34,241972,15468,21,503,24,1.21,1,4.76,3117,6.31,40,0.1,147
598.46,242473,15484,21,501,16,1.13,1,4.76,3117,6.31,100,0.23,147
599.61,242973,15512,21,500,28,1.15,1,4.76,3117,6.31,0,0,147
600.78,243476,15544,21,503,32,1.16,1,4.76,3117,6.31,85,0.23,148
601.98,243976,15564,21,500,20,1.21,1,4.76,3117,6.31,5,0.02,148
603.19,244479,15576,21,503,12,1.2,1,4.76,3117,6.31,200,0.45,148
604.47,244980,15608,21,501,32,1.29,1,4.76,3117,6.31,80,0.26,148
606.08,245484,15624,21,504,16,1.61,1,4.76,3117,6.31,185,0.55,148
607.31,245985,15668,21,501,44,1.23,1,4.76,3117,6.31,55,0.12,148
608.85,246485,15692,21,500,24,1.54,1,4.76,3117,6.31,0,0,148
610.19,246987,15712,21,502,20,1.34,1,4.76,3117,6.31,45,0.13,148
611.58,247488,15736,21,501,24,1.39,1,4.76,3117,6.31,65,0.18,148
612.86,247992,15760,21,504,24,1.28,1,4.76,3117,6.31,55,0.15,148
614.15,248493,15776,21,501,16,1.29,1,4.76,3117,6.31,145,0.4,148
615.43,248993,15804,21,500,28,1.28,1,4.76,3117,6.31,5,0.01,149
616.73,249495,15832,21,502,28,1.31,1,4.76,3117,6.31,65,0.16,149
618.01,249995,15864,21,500,32,1.28,1,4.76,3117,6.31,15,0.03,149
619.33,250499,15900,21,504,36,1.32,1,4.76,3117,6.31,70,0.22,151
620.46,251001,15916,21,502,16,1.13,1,4.76,3117,6.31,120,0.3,151
621.72,251503,15940,21,502,24,1.26,1,4.76,3117,6.31,0,0,151
623.12,252006,15972,21,503,32,1.4,1,4.76,3117,6.31,70,0.24,151
624.42,252507,15992,21,501,20,1.3,1,4.76,3117,6.31,10,0.03,152
625.68,253009,16012,21,502,20,1.26,1,4.76,3117,6.31,145,0.37,152
626.86,253513,16048,21,504,36,1.18,1,4.76,3117,6.31,30,0.06,152
628.09,254013,16064,21,500,16,1.23,1,4.76,3117,6.31,165,0.4,152
629.29,254514,16092,21,501,28,1.2,1,4.76,3117,6.31,5,0.01,152
630.47,255014,16104,21,500,12,1.18,1,4.76,3117,6.31,205,0.52,152
631.76,255517,16132,21,503,28,1.29,1,4.76,3117,6.31,35,0.07,152
632.92,256019,16152,21,502,20,1.16,1,4.76,3117,6.31,120,0.26,152
634.1,256522,16172,21,503,20,1.17,1,4.76,3117,6.31,70,0.16,152
635.27,257025,16192,21,503,20,1.17,1,4.76,3117,6.31,15,0.04,153
636.4,257525,16228,21,500,36,1.13,1,4.76,3117,6.31,10,0.02,153
637.73,258028,16240,21,503,12,1.34,1,4.76,3117,6.31,130,0.32,153
639.02,258532,16256,21,504,16,1.28,1,4.76,3117,6.31,165,0.42,153
640.16,259033,16280,21,501,24,1.14,1,4.76,3117,6.31,5,0.01,153
641.33,259533,16292,21,500,12,1.18,1,4.76,3117,6.31,60,0.14,153
642.49,260035,16316,21,502,24,1.15,1,4.76,3117,6.31,200,0.42,154
643.61,260535,16336,21,500,20,1.12,1,4.76,3117,6.31,70,0.13,155
644.78,261037,16340,21,502,4,1.17,1,4.76,3117,6.31,75,0.16,155
646,261537,16384,21,500,44,1.22,1,4.76,3117,6.31,40,0.1,155
647.2,262037,16404,21,500,20,1.2,1,4.76,3117,6.31,105,0.26,155
648.39,262537,16428,21,500,24,1.19,1,4.76,3117,6.31,30,0.08,155
649.64,263039,16436,21,502,8,1.25,1,4.76,3117,6.31,30,0.08,155
650.81,263543,16460,21,504,24,1.17,1,4.76,3117,6.31,80,0.21,157
652.11,264045,16484,21,502,24,1.31,1,4.76,3117,6.31,5,0.01,157
653.13,264547,16504,21,502,20,1.02,1,4.76,3117,6.31,70,0.16,159
654.26,265048,16528,21,501,24,1.13,1,4.76,3117,6.31,55,0.11,159
655.5,265551,16552,21,503,24,1.24,1,4.76,3117,6.31,70,0.2,159
656.8,266055,16576,21,504,24,1.3,1,4.76,3117,6.31,15,0.04,160
657.99,266556,16580,21,501,4,1.19,1,4.76,3117,6.31,380,0.89,161
659.19,267058,16588,21,502,8,1.2,1,4.76,3117,6.31,250,0.63,161
660.51,267559,16604,21,501,16,1.32,1,4.76,3117,6.31,35,0.09,161
661.64,268059,16604,21,500,0,1.13,0,0,3117,6.31,535,1.22,161
662.81,268560,16640,21,501,36,1.17,1,4.76,3117,6.31,45,0.12,161
664.04,269063,16660,21,503,20,1.23,1,4.76,3117,6.31,35,0.09,161
665.36,269566,16692,21,503,32,1.33,1,4.76,3117,6.31,20,0.06,161
666.63,270068,16720,21,502,28,1.27,1,4.76,3117,6.31,10,0.02,161
667.89,270571,16740,21,503,20,1.26,1,4.76,3117,6.31,20,0.07,162
669.01,271075,16748,21,504,8,1.12,1,4.76,3117,6.31,395,0.86,162
670.22,271575,16776,21,500,28,1.21,1,4.76,3117,6.31,20,0.04,162
671.44,272077,16816,21,502,40,1.22,1,4.76,3117,6.31,5,0.01,162
672.76,272578,16832,21,501,16,1.31,1,4.76,3117,6.31,180,0.5,162
674.03,273081,16856,21,503,24,1.27,1,4.76,3117,6.31,160,0.34,162
675.29,273581,16876,21,500,20,1.26,1,4.76,3117,6.31,175,0.44,162
676.56,274085,16908,21,504,32,1.28,1,4.76,3117,6.31,120,0.3,162
677.62,274585,16940,21,500,32,1.06,1,4.76,3117,6.31,0,0,163
678.79,275089,16956,21,504,16,1.17,1,4.76,3117,6.31,110,0.22,163
680.06,275589,16984,21,500,28,1.27,1,4.76,3117,6.31,100,0.3,163
681.65,276089,17000,21,500,16,1.59,1,4.76,3117,6.31,115,0.36,163
682.97,276590,17032,21,501,32,1.32,1,4.76,3117,6.31,70,0.18,163
684.34,277091,17064,21,501,32,1.37,1,4.76,3117,6.31,100,0.24,164
685.59,277591,17100,21,500,36,1.26,1,4.76,3117,6.31,100,0.25,165
686.91,278093,17132,21,502,32,1.31,1,4.76,3117,6.31,105,0.28,165
688.11,278595,17136,21,502,4,1.21,1,4.76,3117,6.31,340,0.81,165
689.25,279097,17152,21,502,16,1.14,1,4.76,3117,6.31,230,0.51,165
690.55,279598,17184,21,501,32,1.3,1,4.76,3117,6.31,10,0.02,165
691.78,280102,17200,21,504,16,1.23,1,4.76,3117,6.31,20,0.04,165
692.91,280606,17212,21,504,12,1.13,1,4.76,3117,6.31,170,0.39,165
694.2,281110,17236,21,504,24,1.29,1,4.76,3117,6.31,15,0.03,165
695.39,281610,17248,21,500,12,1.19,1,4.76,3117,6.31,215,0.53,165
696.66,282111,17268,21,501,20,1.27,1,4.76,3117,6.31,85,0.19,165
697.82,282615,17292,21,504,24,1.16,1,4.76,3117,6.31,35,0.09,166
698.9,283119,17324,21,504,32,1.08,1,4.76,3117,6.31,70,0.14,166
700.13,283620,17340,21,501,16,1.22,1,4.76,3117,6.31,85,0.19,167
701.32,284121,17348,21,501,8,1.19,1,4.76,3117,6.31,205,0.48,167
702.53,284623,17372,21,502,24,1.21,1,4.76,3117,6.31,100,0.24,167
703.78,285126,17384,21,503,12,1.26,1,4.76,3117,6.31,165,0.42,168
704.96,285629,17416,21,503,32,1.18,1,4.76,3117,6.31,110,0.22,168
706.04,286130,17436,21,501,20,1.08,1,4.76,3117,6.31,25,0.06,168
707.26,286634,17452,21,504,16,1.22,1,4.76,3117,6.31,130,0.32,168
708.55,287136,17488,21,502,36,1.29,1,4.76,3117,6.31,10,0.02,168
709.87,287638,17512,21,502,24,1.32,1,4.76,3117,6.31,130,0.34,168
711.13,288139,17528,21,501,16,1.26,1,4.76,3117,6.31,40,0.09,168
712.33,288643,17544,21,504,16,1.2,1,4.76,3117,6.31,50,0.15,168
713.57,289145,17568,21,502,24,1.25,1,4.76,3117,6.31,90,0.22,168
714.77,289646,17608,21,501,40,1.19,1,4.76,3117,6.31,55,0.12,168
715.98,290147,17624,21,501,16,1.22,1,4.76,3117,6.31,5,0.02,168
717.2,290647,17636,21,500,12,1.22,1,4.76,3117,6.31,25,0.05,168
718.42,291148,17664,21,501,28,1.22,1,4.76,3117,6.31,5,0.02,168
719.63,291649,17684,21,501,20,1.21,1,4.76,3117,6.31,100,0.23,168
720.86,292153,17696,21,504,12,1.23,1,4.76,3117,6.31,95,0.25,168
722.06,292653,17716,21,500,20,1.2,1,4.76,3117,6.31,10,0.02,168
723.32,293154,17736,21,501,20,1.26,1,4.76,3117,6.31,110,0.25,168
724.43,293657,17748,21,503,12,1.11,1,4.76,3117,6.31,50,0.12,168
725.7,294161,17796,21,504,48,1.27,1,4.76,3117,6.31,60,0.15,168
726.99,294661,17816,21,500,20,1.29,1,4.76,3117,6.31,85,0.22,168
728.2,295164,17828,21,503,12,1.21,1,4.76,3117,6.31,165,0.4,168
729.38,295667,17840,21,503,12,1.18,1,4.76,3117,6.31,210,0.51,168
730.59,296167,17868,21,500,28,1.21,1,4.76,3117,6.31,0,0,168
731.75,296671,17884,21,504,16,1.16,1,4.76,3117,6.31,215,0.56,168
733.06,297175,17896,21,504,12,1.31,1,4.76,3117,6.31,285,0.73,169
734.33,297678,17924,21,503,28,1.27,1,4.76,3117,6.31,30,0.08,169
735.58,298181,17940,21,503,16,1.25,1,4.76,3117,6.31,90,0.25,170
736.79,298683,17964,21,502,24,1.21,1,4.76,3117,6.31,165,0.38,171
737.99,299187,17996,21,504,32,1.2,1,4.76,3117,6.31,5,0.01,172
739.29,299689,18024,21,502,28,1.3,1,4.76,3117,6.31,60,0.17,172
740.48,300189,18044,21,500,20,1.19,1,4.76,3117,6.31,25,0.06,172
741.71,300691,18068,21,502,24,1.23,1,4.76,3117,6.31,55,0.13,173
742.84,301194,18096,21,503,28,1.13,1,4.76,3117,6.31,35,0.06,173
743.98,301695,18112,21,501,16,1.14,1,4.76,3117,6.31,275,0.66,173
745.18,302199,18124,21,504,12,1.2,1,4.76,3117,6.31,130,0.3,173
746.31,302699,18144,21,500,20,1.14,1,4.76,3117,6.31,55,0.14,173
747.5,303203,18176,21,504,32,1.18,1,4.76,3117,6.31,65,0.16,175
748.6,303703,18192,21,500,16,1.1,1,4.76,3117,6.31,5,0.02,175
749.88,304204,18224,21,501,32,1.28,1,4.76,3117,6.31,125,0.28,175
751.08,304707,18236,21,503,12,1.21,1,4.76,3117,6.31,200,0.47,175
752.31,305210,18252,21,503,16,1.23,1,4.76,3117,6.31,25,0.05,175
753.61,305714,18276,21,504,24,1.3,1,4.76,3117,6.31,20,0.04,175
754.94,306215,18296,21,501,20,1.32,1,4.76,3117,6.31,130,0.33,175
756.33,306717,18316,21,502,20,1.39,1,4.76,3117,6.31,185,0.56,175
757.59,307219,18336,21,502,20,1.27,1,4.76,3117,6.31,100,0.27,175
758.85,307722,18356,21,503,20,1.26,1,4.76,3117,6.31,155,0.41,175
760.17,308222,18384,21,500,28,1.31,1,4.76,3117,6.31,80,0.19,175
761.35,308722,18412,21,500,28,1.18,1,4.76,3117,6.31,5,0.01,175
762.39,309222,18440,21,500,28,1.04,1,4.76,3117,6.31,25,0.06,176
763.65,309725,18476,21,503,36,1.26,1,4.76,3117,6.31,30,0.07,176
764.93,310226,18496,21,501,20,1.28,1,4.76,3117,6.31,60,0.15,176
766.15,310730,18536,21,504,40,1.22,1,4.76,3117,6.31,45,0.11,176
767.42,311233,18564,21,503,28,1.27,1,4.76,3117,6.31,25,0.05,176
768.73,311736,18572,21,503,8,1.31,1,4.76,3117,6.31,60,0.15,176
770.06,312236,18592,21,500,20,1.32,1,4.76,3117,6.31,85,0.24,176
771.39,312740,18620,21,504,28,1.33,1,4.76,3117,6.31,75,0.2,177
772.66,313243,18624,21,503,4,1.28,1,4.76,3117,6.31,270,0.66,177
773.79,313745,18644,21,502,20,1.12,1,4.76,3117,6.31,125,0.26,177
775.03,314247,18664,21,502,20,1.24,1,4.76,3117,6.31,25,0.06,177
776.17,314749,18684,21,502,20,1.14,1,4.76,3117,6.31,10,0.02,177
777.54,315251,18692,21,502,8,1.37,1,4.76,3117,6.31,160,0.5,178
778.8,315753,18720,21,502,28,1.26,1,4.76,3117,6.31,25,0.07,178
779.95,316257,18736,21,504,16,1.16,1,4.76,3117,6.31,30,0.07,178
781.28,316761,18764,21,504,28,1.32,1,4.76,3117,6.31,95,0.26,178
782.63,317263,18800,21,502,36,1.35,1,4.76,3117,6.31,25,0.06,178
783.93,317767,18828,21,504,28,1.3,1,4.76,3117,6.31,70,0.19,179
785.13,318270,18856,21,503,28,1.21,1,4.76,3117,6.31,145,0.39,179
786.44,318771,18880,21,501,24,1.3,1,4.76,3117,6.31,75,0.16,180
787.68,319275,18896,21,504,16,1.24,1,4.76,3117,6.31,170,0.45,180
788.98,319775,18924,21,500,28,1.31,1,4.76,3117,6.31,180,0.46,180
790.28,320277,18952,21,502,28,1.3,1,4.76,3117,6.31,10,0.02,181
791.58,320779,18960,21,502,8,1.3,1,4.76,3117,6.31,35,0.07,181
792.87,321280,18984,21,501,24,1.29,1,4.76,3117,6.31,165,0.45,181
794.05,321784,19016,21,504,32,1.18,1,4.76,3117,6.31,70,0.15,181
795.35,322285,19036,21,501,20,1.3,1,4.76,3117,6.31,40,0.1,181
796.53,322788,19040,21,503,4,1.18,1,4.76,3117,6.31,420,0.96,181
797.77,323292,19060,21,504,20,1.24,1,4.76,3117,6.31,110,0.26,181
798.94,323792,19096,21,500,36,1.17,1,4.76,3117,6.31,50,0.11,182
800.06,324292,19128,21,500,32,1.12,1,4.76,3117,6.31,5,0.01,183
801.21,324792,19160,21,500,32,1.15,1,4.76,3117,6.31,20,0.05,183
802.39,325295,19188,21,503,28,1.18,1,4.76,3117,6.31,110,0.28,183
803.7,325796,19212,21,501,24,1.31,1,4.76,3117,6.31,50,0.12,183
805.04,326300,19236,21,504,24,1.34,1,4.76,3117,6.31,15,0.05,184
806.46,326800,19264,21,500,28,1.42,1,4.76,3117,6.31,50,0.16,184
807.73,327301,19288,21,501,24,1.27,1,4.76,3117,6.31,30,0.08,184
808.96,327804,19308,21,503,20,1.23,1,4.76,3117,6.31,40,0.09,184
810.27,328305,19348,21,501,40,1.3,1,4.76,3117,6.31,65,0.17,184
811.63,328805,19376,21,500,28,1.36,1,4.76,3117,6.31,0,0,184
812.9,329305,19392,21,500,16,1.27,1,4.76,3117,6.31,235,0.57,184
814.17,329809,19416,21,504,24,1.27,1,4.76,3117,6.31,110,0.29,185
815.44,330311,19448,21,502,32,1.28,1,4.76,3117,6.31,95,0.23,185
816.72,330812,19480,21,501,32,1.28,1,4.76,3117,6.31,30,0.07,185
818.31,331316,19520,21,504,40,1.59,1,4.76,3117,6.31,65,0.19,185
819.65,331817,19540,21,501,20,1.34,1,4.76,3117,6.31,20,0.05,185
820.89,332319,19556,21,502,16,1.23,1,4.76,3117,6.31,140,0.36,185
822.14,332819,19572,21,500,16,1.26,1,4.76,3117,6.31,60,0.15,185
823.32,333319,19608,21,500,36,1.17,1,4.76,3117,6.31,15,0.03,185
824.59,333821,19636,21,502,28,1.28,1,4.76,3117,6.31,60,0.14,185
