timestamp,runs,unique_features,corpus_size
1.11,503,5065,25
2.15,1004,5066,25
3.17,1505,5198,25
4.28,2008,5242,25
5.29,2509,5246,25
6.29,3009,5246,25
7.38,3509,5246,25
8.41,4009,5246,25
9.46,4512,5258,25
10.56,5016,5270,25
11.73,5520,5282,25
12.79,6020,5298,25
13.82,6521,5302,25
14.92,7025,5314,25
16,7525,5339,26
17.2,8028,5351,26
18.29,8531,5363,26
19.4,9032,5379,26
20.51,9535,5391,26
21.88,10039,6103,28
23.13,10543,6119,28
24.06,11043,6123,26
25.16,11547,6123,24
26.22,12047,6123,24
27.23,12547,6123,24
28.19,13047,6123,24
29.19,13548,6123,23
30.23,14049,6127,23
31.16,14551,6127,23
32.25,15051,6127,23
33.29,15551,6127,23
34.34,16051,6127,23
35.35,16551,6127,23
36.26,17051,6127,23
37.31,17552,6173,23
38.34,18055,6173,23
39.41,18555,6173,23
40.37,19055,6173,23
41.28,19555,6173,23
42.21,20055,6173,23
43.27,20555,6173,23
44.26,21055,6173,23
45.31,21559,6173,22
46.43,22059,6173,22
47.49,22559,6173,22
48.55,23060,6177,22
49.52,23562,6185,22
50.57,24065,6197,22
51.53,24567,6201,22
52.62,25067,6205,22
53.59,25569,6213,22
54.63,26073,6225,22
55.52,26576,6233,22
56.48,27078,6241,22
57.61,27580,6245,22
58.66,28080,6245,22
59.8,28584,6257,22
60.97,29086,6265,22
62.07,29586,6277,22
63.15,30086,6277,22
64.16,30587,6281,22
65.2,31088,6285,22
66.17,31591,6285,22
67.18,32094,6293,22
68.06,32594,6293,22
69.05,33095,6297,22
70.07,33595,6297,22
71.09,34097,6301,22
72.15,34597,6301,22
73.19,35100,6313,22
74.16,35602,6321,22
75.17,36105,6329,22
76.27,36609,6341,22
77.41,37111,6349,22
78.7,37614,6357,22
79.92,38114,6369,22
81.08,38615,6373,22
82.36,39116,6381,22
83.57,39617,6401,22
84.7,40118,6421,22
85.98,40619,6453,22
87.16,41119,6481,22
88.3,41620,6485,22
89.34,42120,6494,22
90.35,42622,6506,22
91.35,43123,6542,22
92.43,43623,6542,22
93.58,44123,6550,22
94.71,44625,6582,22
95.8,45125,6598,22
97.03,45625,6614,22
98.13,46126,6618,22
99.21,46626,6638,22
100.28,47129,6650,22
101.37,47630,6682,22
102.51,48130,6702,22
103.57,48630,6718,22
104.71,49132,6734,22
105.83,49634,6742,22
106.87,50135,6762,22
108.05,50635,6798,22
109.27,51139,6814,22
110.41,51639,6830,22
111.59,52143,6858,22
112.77,52646,6878,22
113.87,53147,6914,22
114.93,53649,6930,22
116,54149,6946,22
117.2,54650,6970,22
118.35,55152,7006,22
119.52,55656,7026,22
120.66,56158,7042,22
121.8,56661,7074,22
122.94,57164,7102,22
124.02,57668,7110,22
125.16,58169,7138,22
126.42,58669,7158,22
127.6,59173,7174,22
128.79,59675,7186,22
129.98,60177,7206,22
131.22,60678,7234,22
132.53,61178,7250,22
133.66,61680,7270,22
134.8,62182,7278,22
136.18,62686,7306,22
137.39,63186,7338,22
138.72,63688,7358,22
139.87,64192,7374,22
141.01,64696,7386,22
142.19,65198,7394,22
143.29,65699,7422,22
144.55,66201,7454,22
145.75,66704,7466,22
146.84,67207,7486,22
148.04,67707,7510,22
149.25,68210,7554,22
150.46,68712,7582,22
151.6,69214,7606,22
153.11,69717,7626,22
154.34,70220,7638,22
155.51,70720,7650,22
156.69,71223,7678,22
157.84,71725,7686,22
159.06,72229,7706,22
160.23,72729,7742,22
161.45,73231,7746,22
162.64,73733,7782,22
163.87,74236,7822,22
165.04,74736,7842,22
166.13,75236,7858,22
167.37,75736,7858,22
168.47,76240,7890,22
169.58,76740,7902,22
170.75,77243,7934,22
172.02,77743,7934,22
173.24,78245,7954,22
174.4,78747,7994,22
175.55,79250,8014,22
176.86,79752,8022,22
178.07,80255,8050,22
179.43,80757,8058,22
180.58,81258,8086,22
181.84,81762,8102,22
183.04,82263,8106,22
184.25,82766,8126,22
185.4,83266,8138,22
186.69,83767,8146,22
187.81,84271,8166,22
189.12,84772,8182,22
190.37,85274,8198,22
191.7,85775,8210,22
193.14,86279,8242,22
194.32,86782,8250,22
195.37,87284,8286,22
196.47,87785,8310,22
197.65,88285,8330,22
198.83,88788,8358,22
200.02,89290,8402,22
201.24,89792,8430,22
202.45,90296,8438,22
203.66,90799,8458,22
205.01,91300,8482,22
206.27,91800,8498,22
207.49,92302,8506,22
208.64,92802,8546,22
209.69,93305,8558,22
210.8,93808,8570,22
211.92,94312,8590,22
213.09,94813,8610,22
214.18,95313,8634,22
215.34,95817,8658,22
216.52,96319,8690,22
217.74,96819,8726,22
219.03,97320,8742,22
220.18,97821,8758,22
221.41,98323,8794,22
222.53,98823,8810,22
223.75,99325,8830,22
224.96,99826,8846,22
226.41,100328,8870,22
227.63,100831,8878,22
229.12,101331,8898,22
230.36,101835,8930,22
231.56,102337,8970,22
232.82,102838,8990,22
234.05,103339,9026,22
235.25,103839,9066,22
236.56,104343,9090,22
237.71,104843,9110,22
238.95,105346,9138,22
240.24,105850,9166,22
241.48,106352,9174,22
242.72,106855,9198,22
243.91,107359,9214,22
245.06,107862,9226,22
246.32,108366,9238,22
247.51,108866,9274,22
248.83,109369,9310,22
250.1,109871,9322,22
251.42,110375,9342,22
252.65,110879,9362,22
253.93,111383,9390,22
255.19,111884,9410,22
256.42,112385,9454,22
257.77,112889,9486,22
259.05,113389,9518,22
260.24,113892,9542,22
261.43,114395,9570,22
262.63,114898,9598,22
263.89,115401,9622,22
265.06,115905,9646,22
266.37,116409,9662,22
267.77,116912,9702,22
269.03,117413,9730,22
270.21,117913,9766,22
271.27,118414,9794,22
272.48,118916,9802,22
274.8,119420,9818,22
275.98,119920,9842,22
277.2,120423,9866,22
278.5,120924,9886,22
279.68,121428,9902,22
280.92,121929,9930,22
282.21,122431,9938,22
283.75,122933,9954,22
285.05,123437,9994,22
286.23,123939,10014,22
287.48,124440,10038,22
288.62,124942,10062,22
289.81,125446,10098,22
290.95,125949,10126,22
292.08,126451,10134,22
293.31,126955,10162,22
294.49,127459,10182,22
295.75,127960,10206,22
297.03,128462,10234,22
298.18,128962,10266,22
299.29,129464,10274,22
300.44,129965,10294,22
301.74,130469,10314,22
302.82,130972,10342,22
303.94,131474,10370,22
305.21,131978,10410,22
306.37,132481,10430,22
307.64,132983,10438,22
308.87,133483,10458,22
310.05,133984,10498,22
311.18,134485,10518,22
312.43,134985,10550,22
313.67,135486,10562,22
314.83,135990,10582,22
316.1,136491,10618,22
317.3,136991,10666,22
318.67,137491,10682,22
320,137992,10706,22
321.34,138496,10726,22
322.57,138998,10750,22
323.74,139500,10758,22
324.89,140000,10770,22
326,140503,10794,22
327.15,141004,10818,22
328.3,141508,10850,22
329.49,142008,10882,22
330.84,142509,10910,22
332,143010,10926,22
333.1,143512,10946,22
334.89,144016,10962,22
336.1,144518,10970,22
337.37,145018,10990,22
338.7,145521,11022,22
339.91,146021,11038,22
341.07,146522,11058,22
342.22,147024,11086,22
343.42,147525,11122,22
344.7,148025,11138,22
345.97,148529,11154,22
347.13,149033,11166,22
348.35,149536,11194,22
349.54,150039,11214,22
350.73,150539,11234,22
351.89,151039,11250,22
353.14,151542,11262,22
354.38,152045,11294,22
355.63,152546,11322,22
356.96,153049,11334,22
358.19,153550,11354,22
359.4,154051,11370,22
360.5,154555,11378,22
361.55,155058,11398,22
362.66,155559,11418,22
363.85,156059,11462,22
365.03,156563,11498,22
366.17,157064,11534,22
367.69,157565,11570,22
368.83,158067,11594,22
369.96,158567,11618,22
371.12,159069,11626,22
372.26,159569,11646,22
373.5,160073,11658,22
374.69,160573,11690,22
375.84,161077,11726,22
377.11,161579,11738,22
378.57,162079,11754,22
379.89,162583,11782,22
381.02,163085,11806,22
382.39,163587,11826,22
383.66,164088,11842,22
384.95,164592,11858,22
386.17,165093,11882,22
387.3,165594,11902,22
388.56,166096,11906,22
390,166598,11934,22
391.31,167101,11958,22
392.54,167601,11974,22
393.78,168101,12010,22
394.97,168605,12026,22
396.19,169107,12050,22
397.56,169611,12074,22
398.88,170114,12086,22
400.13,170614,12094,22
401.89,171116,12134,22
403,171616,12150,22
404.24,172117,12182,22
405.34,172620,12198,22
406.63,173124,12214,22
407.91,173624,12230,22
409.18,174125,12250,22
410.32,174627,12266,22
411.57,175128,12302,22
412.84,175629,12330,22
414.2,176132,12354,22
415.36,176636,12378,22
416.55,177136,12398,22
417.87,177637,12418,22
419.08,178137,12434,22
420.28,178640,12458,22
421.49,179142,12486,22
422.7,179646,12510,22
424.06,180150,12526,22
425.31,180654,12550,22
426.72,181156,12574,22
427.9,181657,12590,22
429.1,182158,12622,22
430.31,182662,12634,22
431.62,183162,12650,22
432.87,183666,12666,22
434.09,184167,12682,22
435.33,184671,12694,22
436.5,185172,12706,22
437.71,185676,12742,22
439.04,186180,12782,22
440.28,186683,12806,22
441.47,187187,12830,22
442.7,187688,12842,22
443.98,188190,12874,22
445.25,188694,12918,22
446.51,189194,12938,22
447.64,189697,12950,22
448.93,190201,12974,22
450.13,190705,12998,22
451.3,191207,13018,22
452.5,191709,13054,22
453.69,192212,13074,22
454.89,192713,13102,22
456.13,193217,13118,22
457.67,193721,13138,22
458.91,194222,13174,22
460.23,194726,13190,22
461.5,195228,13214,22
462.73,195731,13226,22
464.04,196234,13266,22
465.44,196736,13274,22
466.78,197236,13298,22
468.21,197740,13310,22
469.4,198240,13342,22
470.61,198741,13386,22
471.76,199241,13402,22
472.9,199743,13430,22
474.05,200246,13458,22
475.26,200747,13478,22
476.48,201249,13502,22
477.73,201752,13530,22
478.98,202256,13546,22
480.64,202759,13558,22
481.82,203259,13574,22
483.13,203760,13578,22
484.33,204262,13590,22
485.57,204765,13618,22
486.89,205269,13646,22
488.29,205769,13662,22
489.37,206270,13686,22
490.63,206771,13726,22
491.8,207272,13766,22
492.91,207775,13790,22
494.16,208278,13826,22
495.46,208781,13850,22
496.79,209284,13886,22
498.11,209786,13914,22
499.31,210289,13942,22
500.63,210793,13958,22
501.87,211294,13990,22
503.05,211796,14014,22
504.39,212297,14042,22
505.63,212798,14070,22
506.81,213299,14086,22
508.05,213802,14098,22
509.34,214304,14122,22
510.72,214806,14142,22
511.9,215308,14150,22
513.19,215811,14170,22
514.33,216312,14194,22
515.56,216815,14218,22
516.86,217318,14250,22
517.95,217821,14286,22
519.25,218324,14306,22
520.59,218825,14326,22
521.91,219326,14342,22
523.45,219826,14370,22
524.87,220328,14402,22
526.26,220829,14426,22
527.47,221331,14450,22
528.67,221832,14478,22
529.93,222334,14510,22
531.17,222835,14530,22
532.39,223339,14554,22
533.68,223839,14574,22
534.83,224340,14618,22
536.04,224843,14642,22
537.24,225343,14674,22
538.58,225847,14702,22
539.83,226347,14730,22
541.06,226847,14754,22
542.41,227349,14786,22
543.6,227850,14814,22
544.94,228354,14830,22
546.35,228854,14846,22
547.6,229356,14882,22
548.72,229857,14902,22
549.95,230357,14918,22
551.17,230858,14922,22
552.29,231358,14942,22
553.54,231860,14962,22
554.77,232363,14974,22
555.85,232864,15002,22
557.05,233365,15022,22
558.58,233869,15038,22
559.8,234370,15054,22
561.14,234872,15070,22
562.44,235376,15082,22
563.74,235880,15126,22
564.95,236381,15130,22
566.1,236881,15158,22
567.35,237384,15198,22
568.51,237888,15214,22
569.91,238388,15234,22
571.09,238889,15254,22
572.31,239393,15286,22
573.48,239894,15310,22
574.6,240396,15334,22
575.78,240898,15362,22
577.12,241398,15382,22
578.33,241899,15406,22
579.42,242400,15422,22
580.71,242900,15450,22
581.92,243404,15462,22
583.17,243904,15482,22
584.69,244405,15494,22
585.86,244909,15506,22
586.99,245409,15534,22
588.2,245909,15562,22
589.33,246412,15570,22
590.55,246916,15594,22
591.84,247420,15618,22
593.08,247921,15650,22
594.26,248423,15658,22
595.39,248925,15666,22
596.54,249426,15694,22
597.81,249930,15706,22
599.03,250430,15718,22
600.28,250930,15742,22
601.72,251432,15766,22
603.05,251935,15778,22
604.41,252439,15798,22
605.68,252943,15830,22
606.9,253445,15850,22
608.12,253948,15878,22
609.36,254451,15898,22
610.53,254955,15918,22
611.8,255455,15938,22
613.12,255957,15958,22
614.37,256459,15978,22
615.54,256961,16002,22
616.72,257463,16030,22
618.13,257965,16046,22
619.42,258465,16066,22
620.61,258969,16094,22
621.85,259469,16110,22
623.11,259972,16122,22
624.25,260474,16158,22
625.51,260975,16182,22
626.8,261477,16206,22
628.04,261977,16238,22
629.21,262479,16246,22
630.54,262981,16270,22
631.83,263482,16302,22
633.14,263984,16318,22
634.4,264485,16346,22
635.81,264987,16390,22
637.1,265489,16402,22
638.32,265991,16430,22
639.66,266495,16450,22
640.92,266995,16482,22
642.17,267497,16498,22
643.38,268000,16534,22
644.65,268502,16554,22
646.38,269004,16574,22
647.65,269507,16606,22
648.86,270008,16622,22
650.16,270512,16638,22
651.4,271014,16646,22
652.51,271516,16674,22
653.72,272016,16686,22
654.97,272520,16694,22
656.31,273022,16738,22
657.54,273522,16758,22
659.25,274024,16778,22
660.7,274526,16810,22
661.96,275027,16826,22
663.41,275528,16858,22
664.73,276031,16870,22
666.03,276535,16886,22
667.23,277038,16918,22
668.55,277539,16930,22
669.93,278042,16942,22
671.19,278542,16978,22
672.52,279046,17010,22
673.71,279548,17030,22
675.01,280048,17054,22
676.27,280549,17070,22
677.69,281049,17098,22
679.08,281552,17106,22
680.76,282054,17130,22
682.19,282558,17162,22
683.55,283060,17178,22
684.91,283563,17214,22
686.2,284066,17238,22
687.55,284566,17278,22
688.93,285067,17298,22
690.23,285570,17326,22
691.55,286074,17350,22
692.82,286577,17358,22
694.22,287079,17378,22
695.49,287582,17410,22
697.06,288085,17438,22
698.41,288589,17474,22
699.64,289090,17490,22
700.99,289593,17502,22
702.23,290093,17526,22
703.44,290595,17570,22
705.04,291096,17622,22
706.24,291599,17634,22
707.64,292102,17662,22
708.91,292606,17698,22
710.07,293109,17710,22
711.25,293613,17730,22
712.91,294115,17758,22
714.78,294615,17782,22
716.06,295115,17790,22
717.41,295618,17802,22
718.73,296122,17822,22
720.67,296624,17846,22
721.94,297126,17890,22
723.19,297626,17910,22
724.5,298129,17950,22
725.76,298633,17974,22
727.48,299137,17990,22
728.76,299639,17998,22
730.11,300139,18022,22
731.44,300639,18046,22
732.69,301140,18050,22
734.27,301640,18074,22
735.88,302141,18106,22
737.19,302644,18122,22
738.54,303146,18146,22
739.8,303647,18174,22
741.11,304149,18198,22
742.36,304649,18214,22
743.61,305151,18242,22
744.86,305651,18262,22
746.11,306151,18294,22
747.42,306653,18310,22
748.76,307156,18334,22
750.06,307658,18366,22
751.38,308159,18390,22
752.7,308661,18414,22
754.03,309165,18434,22
755.39,309666,18454,22
757,310169,18474,22
758.24,310670,18502,22
759.54,311173,18510,22
761.02,311677,18530,22
762.35,312181,18558,22
763.64,312682,18590,22
764.9,313184,18622,22
766.19,313688,18638,22
767.46,314191,18678,22
768.77,314691,18694,22
770.04,315193,18718,22
771.2,315695,18742,22
772.63,316199,18774,22
774.36,316699,18810,22
775.9,317199,18834,22
777.23,317702,18846,22
778.43,318205,18882,22
779.74,318708,18898,22
781.08,319208,18918,22
782.58,319710,18930,22
783.91,320211,18934,22
785.26,320711,18966,22
786.64,321213,18994,22
788.17,321717,19006,22
789.38,322217,19018,22
790.5,322719,19038,22
791.78,323222,19062,22
793.15,323723,19086,22
794.55,324227,19102,22
795.95,324728,19114,22
797.35,325231,19138,22
798.85,325734,19150,22
800.32,326234,19162,22
801.75,326736,19186,22
803.26,327238,19222,22
804.59,327738,19254,22
805.96,328242,19262,22
807.64,328744,19286,22
808.93,329247,19314,22
810.37,329751,19338,22
811.59,330253,19362,22
812.98,330755,19390,22
814.44,331256,19410,22
815.95,331756,19438,22
817.32,332259,19450,22
818.6,332760,19470,22
819.93,333261,19498,22
821.17,333765,19530,22
822.41,334265,19550,22
823.73,334766,19554,22
825.15,335270,19574,22
826.56,335771,19606,22
827.79,336273,19634,22
829.3,336773,19674,22
830.59,337274,19694,22
831.95,337776,19718,22
833.31,338276,19734,22
834.76,338778,19758,22
836.01,339281,19786,22
837.35,339785,19798,22
838.67,340289,19822,22
840.02,340789,19850,22
841.38,341292,19874,22
842.63,341793,19894,22
844.07,342294,19926,22
845.51,342797,19950,22
846.85,343300,19978,22
848.1,343801,19998,22
849.31,344304,20018,22
850.53,344805,20022,22
852,345309,20042,22
853.34,345812,20082,22
854.74,346312,20102,22
856.1,346815,20122,22
857.41,347315,20146,22
858.72,347816,20150,22
860.23,348320,20178,22
861.59,348822,20190,22
863.13,349325,20226,22
864.43,349827,20246,22
865.64,350331,20258,22
866.96,350835,20282,22
868.48,351337,20298,22
869.76,351837,20314,22
871.07,352340,20338,22
872.32,352840,20350,22
873.8,353342,20366,22
875.09,353843,20390,22
876.35,354344,20394,22
877.73,354844,20410,22
878.99,355346,20438,22
880.23,355849,20450,22
881.49,356353,20474,22
882.63,356853,20502,22
883.91,357355,20526,22
885.57,357856,20546,22
887.25,358357,20562,22
888.44,358857,20582,22
889.75,359358,20610,22
891.55,359860,20634,22
893.07,360360,20642,22
894.54,360861,20674,22
895.75,361365,20698,22
897.34,361865,20726,22
898.61,362368,20738,22
900.01,362869,20754,22
901.44,363370,20782,22
902.71,363871,20802,22
904.07,364374,20810,22
905.21,364877,20818,22
906.49,365379,20846,22
907.9,365880,20866,22
909.27,366383,20890,22
910.72,366883,20914,22
912.13,367384,20922,22
913.34,367886,20938,22
914.74,368388,20974,22
915.97,368888,20994,22
917.29,369388,21014,22
918.64,369892,21038,22
920.06,370396,21078,22
921.47,370896,21090,22
922.85,371397,21122,22
924.19,371898,21146,22
925.46,372399,21182,22
926.77,372902,21198,22
928.02,373405,21222,22
929.45,373908,21234,22
930.7,374412,21266,22
932.02,374914,21286,22
933.35,375415,21314,22
934.69,375919,21334,22
936.22,376420,21358,22
937.45,376921,21378,22
938.77,377422,21382,22
939.95,377923,21386,22
941.24,378426,21418,22
942.92,378929,21434,22
944.3,379432,21478,22
945.49,379936,21490,22
946.93,380439,21498,22
948.19,380942,21534,22
949.48,381444,21562,22
950.82,381945,21598,22
952.34,382445,21634,22
953.63,382949,21650,22
955.04,383452,21682,22
956.38,383954,21710,22
957.8,384457,21750,22
959.13,384958,21754,22
960.46,385458,21782,22
961.85,385959,21794,22
963.31,386463,21822,22
964.85,386967,21870,22
966.17,387469,21878,22
967.6,387973,21890,22
968.97,388473,21898,22
970.49,388977,21922,22
971.99,389477,21950,22
973.15,389979,21974,22
974.5,390481,22014,22
975.72,390982,22042,22
976.99,391485,22050,22
978.51,391988,22062,22
979.85,392489,22078,22
981.28,392992,22106,22
982.83,393495,22118,22
984.27,393996,22138,22
985.59,394496,22166,22
986.9,394997,22198,22
988.34,395497,22218,22
989.66,395997,22234,22
991.02,396497,22262,22
992.47,397000,22278,22
993.96,397502,22306,22
995.34,398003,22326,22
996.66,398503,22366,22
997.92,399003,22386,22
999.24,399507,22418,22
1000.63,400009,22446,22
1001.95,400511,22470,22
1003.44,401015,22506,22
1004.76,401518,22530,22
1006.19,402020,22558,22
1007.55,402521,22598,22
1009.03,403024,22606,22
1010.34,403527,22638,22
1011.85,404029,22654,22
1013.18,404529,22674,22
1014.55,405033,22682,22
1015.79,405535,22690,22
1017.24,406037,22722,22
1018.59,406541,22754,22
1019.83,407043,22774,22
1021.18,407545,22782,22
1022.72,408045,22802,22
1024.02,408545,22814,22
1025.27,409048,22826,22
1026.81,409550,22858,22
1028.09,410052,22894,22
1029.37,410552,22914,22
1030.7,411055,22934,22
1032.13,411556,22958,22
1033.47,412056,22974,22
1034.65,412558,22982,22
1036.03,413062,23014,22
1037.48,413564,23050,22
1038.77,414068,23062,22
1040.16,414570,23078,22
1041.41,415070,23106,22
1042.79,415573,23126,22
1044.38,416074,23146,22
1045.71,416574,23166,22
1047.14,417075,23210,22
1048.55,417578,23234,22
1049.79,418081,23266,22
1051.08,418585,23290,22
1052.4,419088,23298,22
1053.72,419590,23322,22
1055.15,420092,23358,22
1056.55,420592,23370,22
1057.89,421094,23382,22
1059.2,421594,23426,22
1060.4,422095,23442,22
1061.81,422596,23470,22
1063.2,423098,23474,22
1064.65,423602,23490,22
1066.02,424104,23514,22
1067.52,424608,23550,22
1069.01,425111,23562,22
1070.83,425613,23582,22
1072.36,426114,23594,22
1073.68,426618,23610,22
1074.87,427121,23634,22
1076.06,427623,23638,22
1077.44,428123,23658,22
1078.64,428623,23670,22
1079.95,429124,23690,22
1081.41,429625,23718,22
1082.82,430127,23742,22
1084.33,430630,23770,22
1085.7,431132,23806,22
1087.1,431635,23818,22
1088.43,432138,23842,22
1089.82,432638,23870,22
1091.16,433138,23882,22
1092.4,433641,23910,22
1093.78,434143,23922,22
1095.15,434645,23938,22
1096.39,435149,23954,22
1097.82,435652,23986,22
1099.11,436154,24014,22
1100.69,436654,24046,22
1102.19,437154,24102,22
1103.6,437656,24110,22
1104.99,438158,24134,22
1106.47,438660,24158,22
1107.81,439161,24182,22
1109.13,439665,24198,22
1110.4,440169,24206,22
1111.66,440671,24214,22
1112.97,441171,24234,22
1114.46,441674,24266,22
1115.83,442176,24302,22
1117.28,442676,24322,22
1118.7,443178,24346,22
1120.06,443681,24374,22
1121.48,444183,24386,22
1122.95,444683,24430,22
1124.27,445187,24454,22
1125.66,445688,24466,22
1126.99,446190,24502,22
1128.3,446690,24542,22
1129.63,447194,24566,22
1131.02,447698,24582,22
1132.64,448202,24598,22
1133.82,448705,24626,22
1135.09,449208,24634,22
1136.41,449710,24662,22
1138.02,450212,24686,22
1139.35,450712,24710,22
1140.74,451213,24750,22
1141.94,451715,24758,22
1143.13,452216,24774,22
1144.28,452716,24794,22
1145.55,453218,24818,22
1146.81,453718,24818,22
1148.17,454218,24858,22
1150.01,454718,24874,22
1151.43,455219,24902,22
1152.72,455719,24930,22
1154.18,456221,24942,22
1155.46,456722,24962,22
1156.78,457226,24982,22
1158.21,457727,24998,22
1159.61,458227,25022,22
1160.78,458727,25038,22
1162.23,459228,25082,22
1163.65,459729,25114,22
1165.28,460229,25142,22
1166.56,460733,25154,22
1168.17,461237,25190,22
1169.52,461740,25202,22
1171,462241,25214,22
1172.38,462742,25222,22
1173.64,463246,25254,22
1175.04,463750,25270,22
1176.34,464251,25294,22
1177.7,464755,25310,22
1179.14,465258,25338,22
1180.5,465759,25354,22
1181.87,466259,25370,22
1183.06,466762,25398,22
1184.51,467263,25410,22
1185.78,467766,25418,22
1186.93,468269,25438,22
1188.18,468773,25458,22
1189.37,469274,25486,22
1190.64,469777,25514,22
1191.87,470281,25530,22
1192.96,470781,25546,22
1194.15,471284,25558,22
1195.33,471786,25582,22
1196.55,472290,25602,22
1197.83,472791,25643,23
1199.21,473291,25655,23
1200.42,473794,25679,23
1201.75,474297,25715,23
1203.06,474800,25751,23
1204.4,475303,25775,23
1205.46,475806,25799,23
1206.57,476309,25831,23
1207.75,476811,25863,23
1208.91,477311,25887,23
1210.01,477815,25915,23
1211.33,478316,25935,23
1212.48,478818,25963,23
1213.74,479322,25987,23
1214.95,479823,26015,23
1216.32,480323,26027,23
1217.47,480825,26055,23
1218.86,481326,26083,23
1220.27,481830,26099,23
1221.55,482331,26111,23
1223.18,482835,26143,23
1224.88,483336,26167,23
1226.17,483840,26179,23
1227.68,484340,26207,23
1229.04,484842,26219,23
1230.26,485345,26227,23
1231.55,485845,26259,23
1232.89,486345,26271,23
1234.3,486847,26279,23
1235.54,487349,26307,23
1236.89,487852,26327,23
1238.18,488352,26351,23
1239.46,488855,26379,23
1240.78,489355,26415,23
1242,489857,26431,23
1243.29,490358,26435,23
1244.53,490860,26471,23
1246.2,491363,26495,23
1247.53,491863,26515,23
1248.82,492364,26567,23
1250,492864,26567,23
1251.38,493367,26595,23
1252.76,493869,26615,23
1254.32,494370,26635,23
1.32,503,4619,25
2.48,1004,4623,25
3.57,1505,4935,25
4.55,2005,4935,25
5.69,2507,5216,25
6.75,3008,5242,25
7.76,3509,5246,25
8.8,4013,5254,26
9.91,4517,5266,26
10.93,5020,5278,26
12.06,5521,5282,26
13.18,6025,5294,26
14.23,6528,5298,26
15.27,7031,5318,26
16.34,7533,5326,26
17.5,8037,5342,26
18.52,8537,5342,26
19.57,9040,5354,26
20.79,9542,6094,28
21.94,10045,6102,28
23.16,10549,6118,28
24.22,11049,6138,28
25.25,11551,6138,28
26.2,12052,6138,27
27.13,12554,6146,27
28.13,13054,6146,27
29.03,13554,6146,27
30.07,14055,6150,27
31.03,14556,6154,27
32.13,15058,6201,28
33.13,15559,6213,28
34.29,16060,6217,28
35.33,16561,6221,28
36.35,17063,6225,28
37.47,17563,6225,28
38.58,18065,6233,28
39.68,18566,6241,28
40.81,19069,6245,28
41.89,19571,6253,28
42.97,20072,6257,28
44.14,20574,6265,28
45.22,21077,6277,28
46.23,21578,6281,28
47.33,22078,6281,28
48.45,22580,6289,28
49.45,23080,6289,28
50.53,23584,6293,28
51.68,24084,6305,28
52.8,24586,6325,28
54.07,25086,6341,28
55.23,25588,6349,28
56.45,26090,6361,28
57.6,26593,6365,28
58.69,27096,6373,28
59.88,27598,6381,28
61,28100,6389,28
62.1,28602,6409,28
63.22,29105,6437,28
64.45,29606,6449,28
65.6,30107,6469,28
66.65,30607,6481,28
67.87,31111,6497,28
68.95,31611,6513,28
70.09,32115,6537,28
71.2,32617,6565,28
72.28,33118,6585,28
73.4,33619,6589,28
74.6,34122,6617,28
75.71,34623,6621,28
76.79,35125,6637,28
77.97,35629,6657,28
79.13,36133,6669,28
80.55,36635,6693,28
81.75,37138,6725,28
82.91,37640,6737,28
84.24,38141,6753,28
85.44,38645,6781,28
86.67,39147,6789,28
88.04,39651,6813,28
89.32,40151,6849,28
90.55,40655,6869,28
91.76,41157,6893,28
92.96,41661,6913,28
94.19,42163,6929,28
95.56,42663,6929,28
96.77,43165,6949,28
98,43668,6961,28
99.27,44169,6977,28
100.47,44672,7009,28
101.57,45172,7021,28
102.72,45676,7049,28
103.87,46179,7073,28
105.03,46679,7093,28
106.44,47179,7093,28
107.84,47680,7117,28
108.92,48184,7129,28
110.26,48688,7141,28
111.52,49192,7173,28
112.68,49696,7185,28
113.79,50199,7193,28
114.97,50700,7213,28
116.28,51200,7237,28
117.5,51703,7253,28
118.77,52203,7269,28
120.07,52706,7285,28
121.31,53207,7305,28
122.47,53709,7345,28
123.72,54212,7385,28
124.93,54716,7397,28
126.03,55220,7417,28
127.15,55721,7453,28
128.37,56225,7481,28
129.66,56727,7509,28
130.85,57229,7533,28
132.13,57730,7561,28
133.33,58231,7585,28
134.6,58735,7601,28
135.82,59236,7617,28
137.05,59740,7641,28
138.2,60240,7661,28
139.41,60744,7685,28
140.6,61247,7693,28
141.87,61751,7705,28
143.21,62254,7733,28
144.58,62757,7753,28
145.75,63259,7773,28
146.93,63761,7801,28
148.2,64263,7821,28
149.46,64764,7853,28
150.66,65265,7877,28
151.83,65765,7897,28
153.07,66266,7909,28
154.37,66770,7933,28
155.65,67272,7953,28
156.93,67772,7977,28
158.28,68276,7993,28
159.58,68779,7997,28
160.85,69280,8013,28
162.17,69784,8033,28
163.35,70285,8049,28
164.53,70789,8069,28
165.72,71292,8093,28
166.99,71795,8117,28
168.28,72297,8145,28
169.56,72799,8165,28
170.8,73302,8185,28
171.99,73805,8213,28
173.18,74308,8221,28
174.46,74811,8233,28
175.69,75313,8253,28
176.86,75816,8265,28
178.15,76316,8289,28
179.26,76816,8325,28
180.45,77320,8345,28
181.6,77820,8369,28
182.83,78320,8393,28
184.09,78824,8421,28
185.24,79327,8441,28
186.46,79827,8469,28
187.64,80330,8489,28
188.91,80831,8521,28
190.05,81335,8537,28
191.15,81839,8553,28
192.3,82341,8589,28
193.46,82845,8605,28
194.66,83346,8625,28
195.86,83848,8649,28
197.02,84348,8665,28
198.08,84851,8673,28
199.13,85354,8697,28
200.34,85855,8713,28
201.49,86355,8737,28
202.7,86858,8753,28
203.92,87360,8773,28
205.15,87860,8817,28
206.42,88364,8857,28
207.66,88866,8877,28
208.78,89370,8901,28
209.88,89870,8921,28
211.15,90372,8937,28
212.33,90874,8953,28
213.53,91374,8965,28
214.76,91874,8965,28
215.88,92377,8989,28
217.06,92881,9001,28
218.28,93384,9013,28
219.56,93885,9025,28
220.72,94386,9045,28
221.98,94890,9073,28
223.33,95394,9101,28
224.58,95896,9137,28
225.73,96400,9165,28
226.87,96901,9185,28
227.97,97404,9193,28
229.08,97907,9217,28
230.46,98408,9253,28
231.66,98911,9273,28
232.81,99414,9293,28
233.99,99916,9321,28
235.21,100418,9345,28
236.41,100919,9369,28
237.65,101422,9377,28
238.8,101923,9425,28
239.92,102424,9449,28
241.08,102925,9478,28
242.34,103429,9502,28
243.44,103933,9538,28
244.6,104436,9554,28
245.81,104936,9578,28
246.96,105438,9594,28
248.16,105942,9606,28
249.45,106442,9626,28
250.69,106942,9646,28
251.89,107444,9678,28
253.2,107944,9690,28
254.38,108444,9710,28
255.6,108945,9742,28
256.82,109447,9758,28
258.11,109949,9782,28
259.31,110452,9814,28
260.47,110954,9822,28
261.58,111454,9842,28
262.83,111955,9882,28
263.98,112459,9894,28
265.24,112963,9918,28
266.5,113466,9926,28
267.85,113966,9942,28
269.1,114468,9966,28
270.28,114972,10002,28
271.47,115473,10030,28
272.67,115974,10066,28
273.89,116477,10078,28
275.24,116978,10094,28
276.51,117478,10122,28
277.59,117978,10138,28
278.84,118478,10154,28
280.07,118980,10182,28
281.29,119482,10194,28
282.48,119986,10214,28
283.74,120490,10242,28
284.91,120990,10254,28
286.27,121490,10274,28
287.59,121990,10302,28
288.73,122490,10322,28
289.87,122993,10358,28
291.02,123497,10382,28
292.27,123998,10402,28
293.43,124500,10422,28
294.55,125001,10446,28
295.9,125505,10474,28
297.1,126008,10510,28
298.38,126510,10514,28
299.61,127012,10530,28
300.89,127515,10542,28
302.16,128019,10562,28
303.39,128523,10598,28
304.61,129025,10622,28
305.7,129527,10630,28
306.87,130029,10662,28
308.09,130531,10678,28
309.35,131034,10698,28
310.57,131534,10718,28
311.74,132034,10750,28
312.99,132536,10770,28
314.22,133036,10802,28
315.39,133537,10810,28
316.69,134038,10830,28
318.04,134539,10846,28
319.21,135039,10862,28
320.4,135539,10874,28
321.57,136040,10906,28
322.78,136542,10930,28
323.97,137042,10966,28
325.17,137544,10974,28
326.4,138045,10998,28
327.64,138545,11030,28
328.93,139046,11046,28
330.18,139547,11058,28
331.43,140049,11078,28
332.66,140553,11086,28
333.99,141057,11102,28
335.2,141558,11118,28
336.55,142062,11134,28
337.79,142564,11154,28
338.97,143065,11174,28
340.26,143569,11198,28
341.42,144069,11206,28
342.65,144573,11234,28
344.03,145073,11278,28
345.35,145573,11314,28
346.67,146077,11346,28
347.92,146580,11382,28
349.14,147080,11402,28
350.41,147584,11418,28
351.71,148086,11426,28
353.03,148589,11446,28
354.22,149089,11466,28
355.37,149591,11470,28
356.64,150094,11482,28
357.95,150597,11526,28
359.15,151098,11546,28
360.41,151602,11578,28
361.63,152102,11602,28
362.96,152603,11626,28
364.12,153105,11654,28
365.41,153605,11674,28
366.69,154109,11694,28
368.05,154610,11718,28
369.35,155111,11746,28
370.65,155613,11762,28
371.92,156117,11778,28
373.14,156617,11810,28
374.4,157117,11834,28
375.64,157620,11842,28
376.78,158121,11858,28
378.04,158622,11882,28
379.29,159124,11922,28
380.45,159624,11942,28
381.68,160124,11970,28
383.03,160626,11994,28
384.36,161128,12058,28
385.67,161632,12102,28
386.89,162134,12126,28
388.18,162635,12150,28
389.34,163136,12166,28
390.6,163639,12186,28
391.8,164141,12218,28
393.04,164642,12222,28
394.37,165143,12250,28
395.83,165644,12286,28
397.08,166144,12302,28
398.37,166645,12322,28
399.75,167148,12346,28
401.12,167652,12366,28
402.38,168155,12386,28
403.71,168657,12418,28
404.89,169159,12434,28
405.97,169660,12438,28
407.17,170161,12458,28
408.44,170665,12486,28
409.89,171165,12502,28
411.22,171668,12534,28
412.43,172170,12562,28
413.7,172671,12574,28
414.95,173172,12610,28
416.2,173672,12622,28
417.37,174174,12638,28
418.67,174675,12654,28
419.92,175176,12662,28
421.15,175679,12678,28
422.42,176179,12702,28
423.79,176682,12734,28
425.12,177183,12750,28
426.33,177684,12786,28
427.61,178184,12814,28
429,178684,12830,28
430.25,179187,12842,28
431.42,179688,12866,28
432.64,180192,12882,28
433.88,180693,12902,28
435.06,181196,12930,28
436.33,181696,12966,28
437.57,182198,12986,28
438.73,182701,13014,28
439.92,183201,13034,28
441.14,183703,13050,28
442.38,184204,13070,28
443.79,184707,13078,28
445.14,185208,13098,28
446.33,185708,13134,28
447.64,186209,13174,28
448.92,186713,13206,28
450.21,187217,13218,28
451.45,187721,13238,28
452.71,188221,13262,28
454.13,188724,13286,28
455.47,189226,13322,28
456.89,189726,13338,28
458.29,190227,13350,28
459.61,190727,13362,28
460.87,191227,13386,28
462.14,191728,13402,28
463.44,192230,13418,28
464.65,192730,13430,28
465.82,193231,13462,28
467.03,193734,13482,28
468.15,194235,13506,28
469.37,194737,13526,28
470.63,195237,13554,28
471.92,195737,13570,28
473.14,196239,13590,28
474.34,196739,13618,28
475.64,197241,13642,28
476.83,197744,13658,28
478,198248,13666,28
479.31,198749,13682,28
480.52,199252,13690,28
481.63,199754,13722,28
482.91,200255,13746,28
484.1,200757,13766,28
485.21,201258,13790,28
486.29,201758,13806,28
487.43,202258,13822,28
488.74,202758,13846,28
490.12,203260,13854,28
491.45,203762,13874,28
492.67,204264,13882,28
493.86,204764,13902,28
495.15,205266,13918,28
496.29,205767,13942,28
497.6,206269,13986,28
498.8,206770,14022,28
500.07,207272,14034,28
501.28,207775,14054,28
502.51,208275,14070,28
503.91,208776,14090,28
505.17,209280,14106,28
506.39,209780,14130,28
507.67,210280,14146,28
508.9,210783,14186,28
510.19,211283,14198,28
511.27,211784,14206,28
512.41,212286,14250,28
513.44,212786,14266,28
514.73,213287,14282,28
515.94,213787,14306,28
517.18,214291,14346,28
518.4,214792,14370,28
519.74,215296,14394,28
521.01,215798,14402,28
522.35,216301,14414,28
523.67,216805,14430,28
525.04,217305,14454,28
526.35,217805,14486,28
527.68,218309,14494,28
528.98,218813,14518,28
530.27,219314,14546,28
531.39,219814,14562,28
532.61,220317,14590,28
533.88,220821,14602,28
535.14,221324,14614,28
536.58,221826,14650,28
537.7,222327,14686,28
538.82,222829,14722,28
539.98,223332,14746,28
541.24,223833,14782,28
542.36,224335,14790,28
543.54,224837,14810,28
544.71,225341,14850,28
545.85,225844,14866,28
547.05,226348,14894,28
548.23,226851,14922,28
549.32,227351,14934,28
550.61,227852,14970,28
551.8,228355,14998,28
553.13,228855,15018,28
554.48,229356,15034,28
555.57,229860,15058,28
556.82,230362,15094,28
558.13,230866,15130,28
559.41,231369,15166,28
560.63,231871,15182,28
561.85,232374,15194,28
563.11,232878,15222,28
564.31,233379,15250,28
565.53,233883,15266,28
566.84,234383,15286,28
567.97,234884,15290,28
569.06,235385,15314,28
570.32,235887,15334,28
571.52,236390,15358,28
572.75,236890,15374,28
574,237393,15398,28
575.25,237893,15418,28
576.52,238395,15438,28
577.93,238897,15462,28
579.09,239399,15470,28
580.3,239902,15482,28
581.65,240404,15502,28
582.99,240907,15534,28
584.29,241408,15554,28
585.57,241912,15574,28
586.73,242413,15578,28
587.93,242915,15598,28
589.13,243416,15618,28
590.48,243917,15638,28
591.72,244420,15650,28
593.24,244924,15666,28
594.49,245425,15686,28
595.69,245926,15710,28
596.99,246426,15746,28
598.26,246926,15782,28
599.43,247426,15798,28
600.79,247929,15826,28
602.09,248432,15854,28
603.35,248936,15898,28
604.59,249437,15902,28
605.96,249937,15938,28
607.25,250439,15958,28
608.61,250942,15970,28
609.89,251443,15990,28
611.17,251945,16014,28
612.35,252446,16018,28
613.54,252948,16042,28
614.84,253452,16074,28
616.01,253954,16098,28
617.3,254457,16114,28
618.57,254961,16142,28
619.83,255464,16162,28
621.9,255967,16190,28
624.12,256469,16210,28
626.44,256972,16230,28
627.92,257474,16254,28
629.18,257975,16278,28
630.39,258479,16302,28
631.47,258980,16322,28
632.68,259480,16354,28
633.82,259984,16374,28
635.14,260488,16402,28
636.42,260988,16422,28
637.72,261491,16462,28
639.11,261992,16502,28
640.37,262493,16518,28
641.64,262997,16538,28
642.96,263497,16558,28
644.17,263998,16582,28
645.4,264500,16606,28
646.76,265003,16622,28
648.01,265504,16650,28
649.29,266007,16670,28
650.47,266510,16686,28
651.69,267012,16702,28
652.91,267513,16734,28
654.18,268016,16778,28
655.39,268518,16806,28
656.73,269019,16838,28
657.82,269522,16862,28
659.1,270023,16902,28
660.37,270523,16938,28
661.59,271023,16970,28
662.86,271524,16982,28
664.05,272024,16998,28
665.32,272527,17026,28
666.57,273029,17046,28
667.76,273531,17050,28
668.96,274031,17066,28
670.28,274533,17102,28
671.58,275035,17122,28
672.82,275537,17158,28
674.04,276038,17178,28
675.15,276541,17190,28
676.37,277044,17218,28
677.75,277547,17230,28
679.1,278048,17250,28
680.43,278550,17282,28
681.54,279051,17298,28
682.73,279553,17306,28
683.88,280057,17322,28
684.94,280559,17338,28
686.17,281060,17362,28
687.39,281560,17402,28
688.59,282062,17410,28
689.84,282562,17426,28
691.15,283065,17446,28
692.48,283565,17482,28
693.67,284065,17506,28
695.01,284569,17522,28
696.24,285072,17554,28
697.54,285575,17586,28
698.69,286077,17594,28
699.86,286581,17606,28
701.13,287083,17634,28
702.39,287583,17658,28
703.78,288084,17678,28
705.02,288585,17694,28
706.21,289085,17710,28
707.54,289588,17718,28
708.8,290091,17746,28
710.13,290592,17766,28
711.45,291096,17794,28
712.66,291599,17830,28
713.87,292102,17842,28
715.1,292603,17862,28
716.38,293105,17902,28
717.6,293605,17922,28
718.96,294107,17938,28
720.33,294610,17978,28
721.52,295112,17994,28
722.85,295616,18030,28
724.17,296120,18058,28
725.42,296621,18086,28
726.77,297121,18122,28
728.09,297625,18146,28
729.33,298126,18170,28
730.57,298626,18198,28
731.81,299126,18238,28
733.05,299627,18254,28
734.3,300129,18278,28
735.61,300633,18310,28
736.89,301137,18330,28
738.16,301637,18358,28
739.39,302137,18378,28
740.73,302639,18398,28
742.09,303141,18422,28
743.36,303644,18454,28
744.71,304144,18474,28
745.95,304644,18482,28
747.28,305147,18522,28
748.6,305649,18550,28
749.84,306150,18578,28
751.08,306652,18586,28
752.34,307154,18610,28
753.91,307656,18634,28
755.44,308156,18666,28
756.76,308660,18698,28
758,309161,18718,28
759.25,309661,18746,28
760.54,310162,18770,28
761.89,310664,18786,28
763.21,311165,18798,28
764.48,311665,18818,28
765.8,312168,18858,28
767.02,312672,18874,28
768.25,313173,18898,28
769.6,313676,18942,28
770.87,314180,18950,28
772.12,314683,18994,28
773.33,315183,19022,28
774.7,315687,19034,28
776.02,316188,19058,28
777.26,316689,19082,28
778.59,317192,19102,28
779.82,317694,19130,28
781.14,318198,19142,28
782.34,318699,19158,28
783.66,319202,19170,28
785.05,319704,19194,28
786.37,320207,19210,28
787.7,320711,19234,28
788.99,321211,19250,28
790.31,321715,19270,28
791.75,322215,19298,28
793.25,322717,19322,28
794.8,323220,19342,28
796.2,323722,19366,28
797.36,324224,19386,28
798.53,324727,19410,28
799.71,325230,19422,28
801.07,325734,19438,28
802.38,326237,19462,28
803.72,326739,19490,28
804.96,327241,19514,28
806.13,327742,19530,28
807.47,328245,19554,28
808.76,328749,19582,28
810,329249,19630,28
811.29,329749,19658,28
812.68,330253,19674,28
814.1,330756,19702,28
815.45,331257,19726,28
816.7,331759,19746,28
817.92,332260,19770,28
819.3,332760,19782,28
820.57,333262,19810,28
821.87,333764,19842,28
823.07,334266,19862,28
824.24,334770,19878,28
825.56,335272,19898,28
826.83,335772,19922,28
828.15,336274,19942,28
829.39,336778,19962,28
830.65,337280,19990,28
831.96,337784,20006,28
833.29,338287,20018,28
834.64,338791,20046,28
835.89,339292,20066,28
837.1,339792,20078,28
838.37,340296,20098,28
839.56,340797,20114,28
840.91,341301,20130,28
842.18,341803,20154,28
843.36,342303,20186,28
844.74,342806,20206,28
845.92,343306,20242,28
847.15,343806,20258,28
848.42,344309,20278,28
849.84,344812,20318,28
851.07,345314,20358,28
852.4,345817,20398,28
853.69,346318,20430,28
854.9,346821,20454,28
856.12,347324,20462,28
857.35,347824,20478,28
858.59,348326,20498,28
859.85,348827,20502,28
861.09,349330,20526,28
862.28,349833,20550,28
863.49,350337,20574,28
864.68,350839,20594,28
865.97,351343,20630,28
867.22,351844,20650,28
868.43,352345,20670,28
869.6,352846,20690,28
870.79,353346,20714,28
872.02,353846,20734,28
873.15,354349,20770,28
874.42,354849,20782,28
875.67,355350,20818,28
876.93,355852,20838,28
878.13,356352,20858,28
879.55,356852,20874,28
880.81,357354,20906,28
882.08,357856,20934,28
883.37,358358,20942,28
884.59,358862,20970,28
885.77,359364,20994,28
887.1,359867,21026,28
888.35,360370,21054,28
889.58,360874,21082,28
890.84,361377,21090,28
892.1,361878,21102,28
893.27,362379,21130,28
894.5,362880,21154,28
895.76,363380,21182,28
897.01,363882,21202,28
898.35,364386,21214,28
899.78,364886,21242,28
901.13,365386,21274,28
902.43,365887,21294,28
903.73,366391,21310,28
905.01,366895,21330,28
906.36,367396,21334,28
907.55,367897,21366,28
908.67,368399,21374,28
909.82,368899,21402,28
911.17,369401,21410,28
912.58,369902,21430,28
913.82,370406,21458,28
915.1,370909,21474,28
916.48,371413,21486,28
917.86,371917,21510,28
919.07,372417,21530,28
920.25,372917,21562,28
921.6,373417,21582,28
922.82,373917,21598,28
924.07,374421,21630,28
925.38,374922,21666,28
926.61,375423,21686,28
928,375925,21718,28
929.27,376428,21746,28
930.51,376930,21762,28
931.77,377433,21798,28
933.02,377933,21798,28
934.27,378435,21834,28
935.65,378937,21854,28
937.08,379440,21882,28
938.5,379943,21914,28
939.71,380447,21926,28
940.93,380951,21942,28
942.26,381455,21982,28
943.64,381957,22006,28
944.83,382459,22062,28
945.99,382963,22094,28
947.16,383466,22114,28
948.45,383967,22130,28
949.7,384469,22146,28
951.05,384971,22178,28
952.29,385475,22194,28
953.61,385975,22210,28
954.81,386478,22242,28
956.19,386982,22274,28
957.48,387484,22306,28
958.76,387988,22338,28
959.96,388488,22358,28
961.26,388989,22390,28
962.52,389490,22422,28
963.79,389991,22462,28
965.12,390493,22486,28
966.21,390996,22498,28
967.41,391500,22542,28
968.59,392002,22562,28
969.79,392506,22586,28
970.98,393007,22590,28
972.23,393507,22626,28
973.43,394007,22670,28
974.66,394509,22686,28
975.89,395013,22706,28
977.04,395516,22738,28
978.29,396016,22766,28
979.59,396517,22794,28
980.95,397018,22834,28
982.35,397521,22850,28
983.8,398025,22866,28
985.09,398525,22898,28
986.47,399026,22934,28
987.63,399528,22950,28
988.98,400031,22986,28
990.31,400534,23002,28
991.59,401034,23030,28
992.81,401535,23050,28
994.1,402037,23082,28
995.27,402537,23102,28
996.56,403040,23130,28
997.95,403540,23154,28
999.15,404042,23178,28
1000.35,404544,23214,28
1001.58,405047,23230,28
1002.82,405551,23246,28
1004.06,406054,23258,28
1005.37,406558,23290,28
1006.69,407062,23302,28
1008.06,407563,23326,28
1009.36,408067,23342,28
1010.88,408570,23366,28
1012.18,409074,23374,28
1013.62,409574,23390,28
1015.13,410076,23414,28
1016.41,410576,23426,28
1017.89,411077,23458,28
1019.22,411577,23482,28
1020.5,412080,23494,28
1021.76,412583,23530,28
1023.07,413084,23550,28
1024.34,413584,23574,28
1025.59,414084,23594,28
1026.88,414588,23614,28
1028.18,415090,23642,28
1029.48,415590,23662,28
1030.7,416094,23674,28
1031.89,416597,23702,28
1033.16,417097,23758,28
1034.45,417598,23798,28
1035.9,418101,23818,28
1037.15,418603,23834,28
1038.76,419105,23882,28
1040.13,419605,23902,28
1041.34,420105,23918,28
1042.69,420608,23938,28
1044.1,421108,23954,28
1045.34,421609,23982,28
1046.58,422110,24002,28
1047.92,422612,24010,28
1049.27,423113,24030,28
1050.63,423616,24058,28
1052.15,424120,24086,28
1053.63,424622,24114,28
1055.2,425125,24126,28
1056.54,425627,24158,28
1057.93,426130,24170,28
1059.34,426630,24190,28
1060.59,427132,24214,28
1061.92,427632,24234,28
1063.15,428134,24254,28
1064.55,428636,24286,28
1065.75,429137,24302,28
1066.93,429641,24318,28
1068.13,430142,24358,28
1069.33,430644,24366,28
1070.66,431148,24390,28
1071.91,431649,24406,28
1073.32,432151,24426,28
1074.66,432651,24450,28
1075.95,433155,24478,28
1077.32,433658,24498,28
1078.59,434161,24530,28
1079.89,434661,24538,28
1081.34,435161,24570,28
1082.68,435663,24606,28
1083.89,436164,24634,28
1085.26,436664,24654,28
1086.52,437167,24702,28
1087.79,437670,24722,28
1089.05,438172,24742,28
1090.26,438675,24774,28
1091.45,439178,24798,28
1092.64,439681,24814,28
1093.76,440181,24838,28
1095.03,440683,24874,28
1096.35,441184,24906,28
1097.65,441687,24922,28
1098.93,442191,24954,28
1100.15,442693,24986,28
1101.52,443197,25002,28
1102.73,443701,25014,28
1103.9,444205,25054,28
1104.99,444709,25078,28
1106.19,445210,25094,28
1107.47,445714,25110,28
1108.74,446216,25118,28
1109.99,446718,25146,28
1111.32,447218,25166,28
1112.57,447719,25190,28
1113.99,448221,25198,28
1115.15,448721,25198,28
1116.28,449222,25218,28
1117.58,449725,25230,28
1119,450228,25258,28
1120.39,450729,25278,28
1121.67,451233,25294,28
1122.95,451733,25326,28
1124.21,452236,25338,28
1125.34,452736,25358,28
1126.68,453236,25382,28
1127.94,453737,25398,28
1129.06,454237,25414,28
1130.35,454741,25442,28
1131.46,455243,25462,28
1132.77,455746,25486,28
1134.16,456250,25498,28
1135.43,456754,25510,28
1136.73,457258,25518,28
1137.99,457762,25546,28
1139.12,458266,25558,28
1140.35,458767,25578,28
1141.62,459267,25598,28
1142.82,459771,25618,28
1144.14,460274,25642,28
1145.39,460775,25662,28
1146.72,461278,25702,28
1148,461781,25742,28
1149.35,462285,25758,28
1150.56,462785,25778,28
1151.77,463285,25794,28
1153.1,463789,25826,28
1154.37,464291,25842,28
1155.75,464795,25862,28
1157.02,465299,25886,28
1158.25,465803,25918,28
1159.88,466304,25930,28
1161.36,466804,25962,28
1162.51,467306,25990,28
1163.74,467809,26014,28
1164.99,468309,26026,28
1166.27,468811,26054,28
1167.42,469315,26066,28
1168.7,469818,26094,28
1169.92,470319,26126,28
1171.17,470822,26154,28
1172.38,471325,26170,28
1173.76,471825,26190,28
1175.1,472325,26214,28
1176.5,472829,26246,28
1177.83,473330,26258,28
1179.1,473834,26274,28
1180.43,474335,26302,28
1181.72,474836,26358,28
1182.99,475338,26366,28
1184.33,475840,26398,28
1185.72,476341,26418,28
1186.98,476845,26430,28
1188.19,477345,26446,28
1189.5,477845,26494,28
1190.85,478348,26518,28
1192.06,478848,26526,28
1193.24,479351,26538,28
1194.46,479851,26578,28
1195.75,480354,26598,28
1196.95,480858,26638,28
1198.15,481358,26662,28
1199.54,481861,26682,28
1201.12,482361,26718,28
1202.42,482861,26726,28
1203.83,483361,26758,28
1205.15,483864,26782,28
1206.43,484367,26794,28
1207.71,484867,26830,28
1209.07,485371,26870,28
1210.25,485871,26906,28
1211.77,486371,26938,28
1213.13,486873,26958,28
1214.35,487376,26978,28
1215.63,487877,26998,28
1216.91,488381,27014,28
1218.22,488882,27062,28
1219.51,489382,27098,28
1220.74,489884,27114,28
1221.96,490387,27138,28
1223.26,490889,27178,28
1224.59,491389,27206,28
1226,491890,27218,28
1227.36,492391,27242,28
1228.81,492894,27266,28
1230.09,493397,27290,28
1.16,500,4623,22
2.29,1002,4623,22
3.33,1502,4623,22
4.38,2003,4938,22
5.43,2503,4947,24
6.76,3005,5946,25
7.82,3507,5946,25
8.95,4009,5990,24
9.96,4513,5990,24
10.98,5014,6034,24
12.2,5516,6035,25
13.42,6016,6035,25
14.33,6517,6042,25
15.44,7017,6042,25
16.57,7517,6042,25
17.71,8018,6046,25
18.68,8519,6050,25
19.82,9020,6050,24
20.75,9520,6050,24
21.93,10020,6050,24
22.9,10520,6050,24
24,11020,6050,24
25.13,11520,6050,24
26.27,12020,6050,24
27.26,12520,6050,24
28.31,13020,6050,24
29.47,13520,6050,24
30.51,14020,6050,24
31.57,14520,6050,24
32.65,15020,6050,24
33.78,15520,6050,24
34.71,16020,6050,24
35.72,16520,6050,24
36.79,17020,6050,24
37.91,17520,6050,24
39.05,18020,6050,24
40.21,18523,6058,24
41.4,19023,6058,24
42.54,19523,6058,24
43.65,20023,6058,24
44.83,20524,6062,24
45.94,21025,6066,24
47.15,21525,6066,24
48.35,22026,6070,24
49.38,22527,6074,24
50.51,23027,6074,24
51.65,23528,6078,24
52.75,24029,6082,24
53.92,24533,6094,24
55,25035,6098,24
56.04,25536,6105,24
57.01,26036,6105,24
58.23,26538,6121,24
59.35,27038,6133,24
60.59,27542,6141,24
61.78,28043,6153,24
62.89,28545,6161,24
64.03,29047,6169,24
65.18,29551,6181,24
66.34,30054,6189,24
67.47,30557,6197,24
68.63,31058,6217,24
69.97,31559,6221,24
71.12,32059,6237,24
72.2,32563,6249,24
73.36,33065,6277,24
74.5,33567,6285,24
75.51,34070,6289,24
76.69,34574,6305,24
77.92,35076,6341,24
79.1,35577,6345,24
80.25,36079,6369,24
81.49,36579,6385,24
82.64,37080,6389,24
83.79,37581,6405,24
84.91,38085,6437,24
85.98,38586,6465,24
87.17,39089,6493,24
88.28,39591,6509,24
89.4,40092,6529,24
90.53,40594,6557,24
91.68,41098,6573,24
92.69,41600,6581,24
93.76,42103,6609,24
94.81,42604,6645,24
96.05,43108,6665,24
97.23,43609,6681,24
98.43,44112,6693,24
99.59,44616,6709,24
100.85,45118,6729,24
102.08,45622,6745,24
103.29,46126,6761,24
104.4,46627,6765,24
105.56,47127,6817,24
106.73,47628,6837,24
107.96,48131,6845,24
109.34,48631,6885,24
110.62,49135,6897,24
111.93,49637,6905,24
113.21,50139,6929,24
114.42,50639,6961,24
115.67,51143,6973,24
116.84,51645,6993,24
117.92,52147,7009,24
119.17,52651,7033,24
120.35,53154,7045,24
121.46,53656,7069,24
122.65,54156,7081,24
123.9,54656,7089,24
125.15,55160,7121,24
126.35,55664,7145,24
127.52,56168,7165,24
128.72,56672,7181,24
129.93,57176,7205,24
131.17,57679,7221,24
132.4,58180,7237,24
133.69,58684,7269,24
134.88,59186,7285,24
136.08,59690,7317,24
137.28,60194,7349,24
138.54,60695,7369,24
139.67,61197,7393,24
140.79,61698,7413,24
142.04,62201,7441,24
143.3,62702,7457,24
144.52,63206,7481,24
145.69,63706,7505,24
146.87,64206,7525,24
148.01,64706,7561,24
149.23,65208,7573,24
150.46,65711,7601,24
151.8,66215,7629,24
152.97,66719,7657,24
154.26,67220,7673,24
155.46,67721,7697,24
156.72,68223,7721,24
157.93,68723,7741,24
159.14,69226,7749,24
160.34,69730,7793,24
161.5,70230,7813,24
162.85,70734,7841,24
164.12,71237,7853,24
165.34,71737,7869,24
166.55,72240,7897,24
167.63,72740,7921,24
168.89,73241,7949,24
170.04,73741,7969,24
171.34,74241,8025,24
172.49,74741,8045,24
173.79,75244,8069,24
174.99,75744,8093,24
176.16,76248,8109,24
177.29,76749,8121,24
178.48,77249,8157,24
179.7,77751,8185,24
180.9,78252,8201,24
182.03,78753,8229,24
183.25,79256,8253,24
184.55,79756,8277,24
185.81,80259,8297,24
187.15,80761,8305,24
188.38,81265,8317,24
189.62,81768,8345,24
190.75,82268,8365,24
191.86,82769,8381,24
193.05,83269,8405,24
194.08,83769,8409,24
195.11,84269,8409,24
196.13,84769,8409,24
197.08,85269,8409,24
198.06,85770,8417,24
199.15,86270,8417,24
200.21,86770,8417,24
201.33,87270,8417,24
202.43,87770,8417,24
203.48,88270,8417,24
204.59,88771,8421,24
205.59,89271,8421,24
206.62,89774,8425,24
207.67,90276,8433,24
208.77,90777,8437,24
209.84,91278,8441,24
210.95,91779,8445,24
212,92279,8445,24
213.16,92779,8445,24
214.28,93280,8449,24
215.35,93781,8453,24
216.44,94285,8469,24
217.57,94785,8469,24
218.6,95285,8469,24
219.63,95788,8477,24
220.69,96292,8489,24
221.72,96796,8505,24
222.91,97297,8509,24
224.03,97801,8533,24
225.17,98304,8545,24
226.36,98806,8569,24
227.5,99308,8589,24
228.67,99808,8601,24
229.86,100309,8637,24
231.04,100813,8649,24
232.22,101313,8681,24
233.51,101813,8697,24
234.8,102314,8701,24
235.96,102815,8725,24
237.16,103319,8737,24
238.36,103823,8761,24
239.62,104323,8773,24
240.62,104825,8781,24
241.75,105327,8789,24
242.92,105831,8813,24
244.04,106333,8829,24
245.2,106833,8853,24
246.45,107336,8877,24
247.49,107840,8893,24
248.79,108340,8901,24
249.99,108843,8917,24
251.25,109344,8949,24
252.47,109845,8969,24
253.88,110348,8981,24
255.06,110850,8989,24
256.28,111350,9005,24
257.48,111851,9021,24
258.67,112352,9041,24
259.78,112853,9073,24
260.93,113357,9089,24
262.06,113858,9105,24
263.27,114358,9133,24
264.32,114860,9145,24
265.53,115361,9153,24
266.78,115863,9173,24
268.03,116367,9201,24
269.26,116870,9209,24
270.46,117370,9237,24
271.72,117874,9265,24
272.89,118374,9305,24
274.06,118876,9313,24
275.27,119376,9353,24
276.47,119878,9369,24
277.68,120380,9397,24
278.9,120881,9413,24
280.15,121383,9421,24
281.3,121887,9445,24
282.56,122390,9453,24
283.91,122893,9461,24
285.06,123397,9485,24
286.33,123901,9509,24
287.63,124404,9517,24
288.89,124904,9541,24
290.15,125407,9557,24
291.34,125911,9593,24
292.6,126411,9613,24
293.77,126915,9625,24
294.94,127415,9633,24
296.23,127916,9637,24
297.45,128416,9657,24
298.62,128917,9673,24
299.65,129417,9689,24
300.84,129920,9701,24
302.06,130422,9721,24
303.23,130922,9721,24
304.37,131423,9737,24
305.6,131923,9769,24
306.87,132424,9793,24
308.09,132924,9805,24
309.33,133428,9829,24
310.57,133932,9841,24
311.73,134435,9853,24
312.99,134936,9881,24
314.23,135436,9913,24
315.41,135940,9929,24
316.53,136443,9961,24
317.68,136943,9981,24
318.87,137446,10005,24
320.1,137947,10021,24
321.46,138447,10041,24
322.66,138950,10049,24
323.77,139451,10077,24
324.92,139955,10097,24
326.34,140456,10121,24
327.81,140957,10141,24
329.14,141458,10161,24
330.39,141961,10173,24
331.68,142461,10193,24
332.93,142963,10197,24
334.22,143467,10217,24
335.5,143967,10241,24
336.73,144469,10265,24
337.88,144969,10297,24
339.05,145469,10309,24
340.18,145973,10329,24
341.5,146473,10349,24
342.85,146975,10381,24
344.18,147479,10405,24
345.51,147981,10441,24
346.63,148485,10461,24
347.8,148986,10477,24
349.11,149489,10497,24
350.43,149992,10541,24
351.76,150494,10569,24
353.04,150998,10581,24
354.33,151499,10617,24
355.62,152003,10641,24
356.88,152504,10669,24
358.15,153007,10681,24
359.4,153509,10685,24
360.6,154011,10705,24
361.95,154511,10741,24
363.14,155015,10749,24
364.29,155516,10773,24
365.58,156018,10793,24
366.8,156520,10817,24
368,157022,10833,24
369.19,157526,10881,24
370.38,158030,10897,24
371.68,158530,10945,24
372.93,159033,10953,24
374.17,159537,10969,24
375.39,160040,10977,24
376.72,160543,11013,24
377.86,161045,11053,24
379.11,161548,11069,24
380.32,162050,11089,24
381.55,162554,11097,24
382.79,163058,11113,24
383.98,163558,11145,24
385.25,164059,11165,24
386.59,164562,11185,24
387.8,165062,11205,24
389.02,165563,11225,24
390.2,166063,11245,24
391.35,166567,11261,24
392.61,167067,11289,24
393.79,167571,11313,24
394.97,168075,11337,24
396.1,168577,11357,24
397.31,169080,11381,24
398.46,169583,11393,24
399.64,170083,11409,24
400.86,170585,11429,24
402.18,171085,11449,24
403.42,171586,11481,24
404.7,172089,11497,24
405.95,172590,11525,24
407.23,173093,11557,24
408.55,173593,11589,24
409.75,174096,11601,24
410.92,174597,11641,24
412.1,175097,11661,24
413.27,175599,11669,24
414.61,176103,11681,24
415.95,176605,11693,24
417.18,177109,11705,24
418.51,177612,11745,24
419.75,178115,11757,24
420.95,178615,11777,24
422.28,179116,11805,24
423.51,179617,11809,24
424.71,180120,11849,24
425.93,180623,11857,24
427.15,181124,11885,24
428.42,181624,11909,24
429.62,182124,11909,24
430.81,182628,11925,24
432.17,183132,11949,24
433.53,183633,11977,24
434.74,184134,11981,24
436,184635,12001,24
437.26,185135,12033,24
438.43,185636,12049,24
439.61,186138,12097,24
440.75,186642,12105,24
441.96,187143,12133,24
443.05,187645,12153,24
444.22,188149,12165,24
445.5,188652,12185,24
446.67,189155,12209,24
447.78,189655,12237,24
449.06,190157,12245,24
450.32,190658,12265,24
451.54,191158,12289,24
452.9,191662,12301,24
454.19,192164,12345,24
455.48,192668,12369,24
456.8,193169,12389,24
457.95,193671,12417,24
459.18,194173,12437,24
460.4,194673,12453,24
461.59,195176,12477,24
462.83,195677,12493,24
464.12,196179,12513,24
465.43,196679,12537,24
466.55,197181,12573,24
467.86,197683,12581,24
469.07,198184,12629,24
470.22,198685,12661,24
471.32,199186,12665,24
472.49,199687,12685,24
473.71,200189,12701,24
474.86,200689,12717,24
476.02,201193,12749,24
477.16,201694,12753,24
478.35,202195,12757,24
479.59,202698,12765,24
480.75,203198,12785,24
481.92,203701,12801,24
483.16,204204,12817,24
484.44,204708,12841,24
485.81,205209,12881,24
487.06,205709,12909,24
488.33,206213,12941,24
489.5,206717,12953,24
490.62,207218,12957,24
491.93,207721,12993,24
493.27,208224,13013,24
494.54,208725,13037,24
495.75,209228,13045,24
497.07,209731,13065,24
498.22,210231,13085,24
499.41,210732,13117,24
500.66,211233,13121,24
501.97,211734,13141,24
503.17,212236,13149,24
504.47,212736,13177,24
505.77,213239,13189,24
507.05,213742,13209,24
508.46,214243,13229,24
509.76,214747,13289,24
510.97,215248,13321,24
512.22,215751,13341,24
513.49,216252,13361,24
514.84,216753,13377,24
516.12,217253,13393,24
517.33,217753,13405,24
518.63,218256,13433,24
519.91,218757,13453,24
521.09,219260,13485,24
522.35,219761,13505,24
523.66,220264,13537,24
525.01,220768,13553,24
526.24,221269,13577,24
527.55,221769,13597,24
528.93,222273,13641,24
530.24,222774,13673,24
531.53,223277,13681,24
532.85,223781,13709,24
534.06,224284,13721,24
535.33,224788,13733,24
536.67,225290,13757,24
537.93,225790,13773,24
539.17,226293,13801,24
540.51,226795,13821,24
541.69,227295,13845,24
542.91,227799,13857,24
544.12,228301,13865,24
545.3,228801,13893,24
546.6,229303,13913,24
547.81,229803,13937,24
549.05,230305,13953,24
550.23,230809,13965,24
551.42,231309,13993,24
552.53,231813,14005,24
553.81,232313,14021,24
554.96,232813,14033,24
556.04,233316,14081,24
557.22,233817,14097,24
558.4,234318,14109,24
559.63,234819,14133,24
560.91,235323,14149,24
562.12,235824,14201,24
563.31,236327,14213,24
564.52,236827,14249,24
565.75,237329,14277,24
567,237832,14309,24
568.21,238332,14329,24
569.38,238834,14349,24
570.58,239338,14369,24
571.84,239841,14389,24
573.15,240341,14405,24
574.53,240845,14425,24
575.76,241349,14473,24
577.01,241849,14485,24
578.19,242351,14517,24
579.4,242853,14541,24
580.55,243355,14561,24
581.78,243855,14569,24
583.28,244357,14605,24
584.49,244858,14653,24
585.77,245360,14669,24
586.95,245862,14677,24
588.32,246365,14689,24
589.63,246865,14709,24
591,247367,14745,24
592.4,247869,14765,24
593.65,248370,14805,24
594.85,248870,14849,24
596.01,249373,14857,24
597.25,249877,14873,24
598.62,250381,14885,24
599.86,250881,14921,24
601.06,251384,14949,24
602.36,251888,14965,24
603.63,252390,14977,24
604.91,252893,15021,24
606.19,253393,15069,24
607.43,253895,15093,24
608.8,254395,15129,24
609.99,254895,15137,24
611.23,255395,15165,24
612.45,255897,15189,24
613.64,256400,15205,24
614.8,256900,15221,24
615.96,257403,15241,24
617.11,257906,15261,24
618.18,258407,15273,24
619.22,258907,15285,24
620.53,259410,15309,24
621.7,259914,15337,24
622.97,260416,15353,24
624.42,260916,15405,24
625.59,261417,15429,24
626.89,261921,15449,24
628.15,262421,15465,24
629.45,262922,15497,24
630.64,263423,15513,24
631.87,263923,15529,24
633.04,264423,15545,24
634.28,264927,15573,24
635.59,265431,15589,24
636.84,265931,15609,24
638.01,266434,15617,24
639.23,266938,15629,24
640.57,267441,15661,24
641.95,267945,15673,24
643.38,268449,15697,24
644.68,268951,15717,24
646.02,269454,15737,24
647.3,269956,15765,24
648.59,270460,15785,24
649.85,270963,15797,24
651.16,271466,15833,24
652.35,271967,15837,24
653.59,272469,15865,24
654.87,272970,15877,24
656.24,273472,15901,24
657.53,273976,15929,24
658.74,274478,15933,24
659.87,274981,15957,24
660.99,275481,15973,24
662.35,275984,15997,24
663.6,276488,16009,24
664.93,276990,16029,24
666.19,277490,16049,24
667.43,277993,16069,24
668.66,278494,16073,24
669.94,278998,16101,24
671.15,279498,16129,24
672.44,279999,16149,24
673.79,280502,16161,24
675.04,281004,16189,24
676.15,281504,16201,24
677.42,282005,16217,24
678.62,282509,16245,24
679.79,283010,16269,24
680.93,283511,16305,24
682.27,284015,16321,24
683.7,284519,16337,24
685.05,285023,16345,24
686.21,285526,16357,24
687.46,286026,16373,24
688.74,286526,16409,24
690.01,287029,16437,24
691.38,287533,16469,24
692.67,288037,16485,24
694.03,288539,16493,24
695.24,289042,16529,24
696.44,289545,16553,24
697.61,290047,16565,24
698.93,290550,16601,24
700.21,291050,16625,24
701.49,291551,16637,24
702.81,292053,16665,24
704.07,292555,16685,24
705.2,293058,16693,24
706.36,293560,16701,24
707.65,294064,16729,24
708.91,294567,16757,24
710.17,295068,16777,24
711.51,295568,16829,24
712.81,296071,16857,24
714.22,296573,16865,24
715.66,297074,16881,24
716.92,297574,16897,24
718.23,298075,16901,24
719.54,298579,16941,24
720.88,299079,16957,24
722.06,299581,16973,24
723.33,300085,17005,24
724.64,300589,17029,24
725.94,301089,17041,24
727.2,301593,17057,24
728.53,302096,17081,24
729.85,302600,17097,24
731.19,303103,17125,24
732.52,303605,17145,24
733.89,304106,17157,24
735.09,304609,17185,24
736.38,305112,17197,24
737.63,305612,17249,24
738.84,306116,17269,24
740.06,306620,17305,24
741.3,307123,17317,24
742.53,307626,17329,24
743.69,308128,17369,24
744.9,308632,17409,24
746.15,309136,17417,24
747.41,309640,17429,24
748.74,310141,17465,24
750.15,310643,17493,24
751.47,311144,17513,24
752.68,311648,17537,24
753.97,312151,17545,24
755.33,312655,17557,24
756.63,313159,17573,24
757.89,313662,17601,24
759.17,314164,17609,24
760.67,314668,17641,24
762.12,315171,17657,24
763.46,315672,17677,24
764.67,316176,17701,24
765.97,316678,17733,24
767.21,317182,17765,24
768.5,317683,17781,24
769.85,318184,17817,24
771.21,318685,17873,24
772.53,319188,17893,24
773.85,319688,17913,24
775.29,320192,17933,24
776.7,320695,17941,24
778.06,321196,17957,24
779.38,321698,17989,24
780.66,322198,18013,24
782.04,322701,18029,24
783.31,323202,18041,24
784.55,323706,18057,24
785.84,324209,18085,24
787.21,324709,18101,24
788.48,325212,18125,24
789.67,325715,18165,24
790.91,326215,18185,24
792.2,326717,18201,24
793.47,327221,18217,24
794.7,327724,18237,24
796.02,328226,18293,24
797.26,328726,18321,24
798.55,329227,18341,24
800,329728,18365,24
801.35,330229,18369,24
802.52,330733,18397,24
803.7,331235,18421,24
805.02,331735,18441,24
806.27,332237,18449,24
807.52,332740,18469,24
808.83,333243,18493,24
810.03,333743,18509,24
811.31,334246,18541,24
812.59,334750,18553,24
814.02,335252,18569,24
815.35,335755,18597,24
816.56,336255,18617,24
817.77,336757,18645,24
819.03,337259,18673,24
820.23,337760,18689,24
821.4,338262,18721,24
822.73,338762,18765,24
824.32,339265,18789,24
825.6,339766,18813,24
826.87,340270,18841,24
828.15,340770,18857,24
829.54,341272,18881,24
830.87,341774,18901,24
832.32,342278,18917,24
833.62,342782,18941,24
834.72,343284,18961,24
836.1,343785,18973,24
837.4,344285,19005,24
838.76,344789,19021,24
840.17,345291,19089,24
841.47,345794,19105,24
842.68,346295,19121,24
843.99,346799,19165,24
845.28,347302,19185,24
846.66,347806,19193,24
847.98,348306,19217,24
849.22,348808,19237,24
850.48,349310,19241,24
851.78,349812,19265,24
853.18,350312,19277,24
854.48,350812,19317,24
855.7,351314,19341,24
856.97,351814,19365,24
858.32,352316,19389,24
859.68,352818,19421,24
860.98,353318,19437,24
862.41,353820,19469,24
863.6,354320,19489,24
864.95,354822,19521,24
866.32,355324,19529,24
867.69,355827,19541,24
868.93,356329,19565,24
870.32,356831,19589,24
871.5,357331,19613,24
872.81,357831,19645,24
874.07,358333,19673,24
875.45,358835,19697,24
876.97,359338,19725,24
878.38,359840,19749,24
879.77,360342,19769,24
881.02,360842,19785,24
882.19,361344,19805,24
883.43,361846,19833,24
884.65,362348,19877,24
885.96,362851,19905,24
887.35,363352,19933,24
888.71,363855,19957,24
889.99,364358,19989,24
891.26,364861,20001,24
892.49,365365,20025,24
893.81,365866,20053,24
895.08,366370,20077,24
896.63,366872,20101,24
897.89,367375,20125,24
899.22,367878,20133,24
900.4,368381,20161,24
901.58,368882,20173,24
902.95,369386,20185,24
904.2,369890,20201,24
905.4,370393,20237,24
906.92,370897,20261,24
908.2,371400,20277,24
909.49,371902,20281,24
910.76,372402,20309,24
912.14,372902,20345,24
913.67,373402,20381,24
915.05,373902,20393,24
916.34,374405,20425,24
917.71,374909,20437,24
919.19,375413,20453,24
920.48,375916,20461,24
921.84,376416,20501,24
923.12,376919,20541,24
924.27,377420,20557,24
925.54,377921,20581,24
926.85,378422,20605,24
928.06,378922,20633,24
929.36,379424,20661,24
930.67,379925,20685,24
931.91,380425,20713,24
933.26,380927,20741,24
934.76,381431,20761,24
936.04,381935,20781,24
937.23,382439,20797,24
938.4,382943,20813,24
939.62,383445,20833,24
941.03,383948,20853,24
942.6,384452,20881,24
944.14,384952,20913,24
945.46,385453,20933,24
946.88,385955,20953,24
948.25,386458,20985,24
949.62,386962,21013,24
950.87,387463,21037,24
952.27,387963,21065,24
953.56,388466,21073,24
955.02,388968,21089,24
956.4,389471,21097,24
957.67,389974,21125,24
959.06,390477,21137,24
960.38,390977,21153,24
961.73,391481,21165,24
963.15,391983,21173,24
964.47,392483,21213,24
965.62,392985,21229,24
967,393488,21249,24
968.38,393992,21273,24
969.71,394496,21293,24
971.02,394999,21305,24
972.27,395501,21329,24
973.67,396005,21357,24
974.95,396505,21397,24
976.16,397005,21405,24
977.53,397505,21425,24
978.78,398009,21445,24
980.06,398513,21473,24
981.24,399013,21493,24
982.83,399514,21517,24
984.27,400016,21545,24
985.75,400516,21569,24
987.23,401020,21593,24
988.54,401522,21613,24
989.7,402026,21629,24
990.97,402529,21653,24
992.41,403032,21665,24
993.81,403532,21693,24
995.17,404032,21709,24
996.43,404536,21737,24
997.66,405038,21765,24
998.83,405539,21769,24
1000.11,406040,21785,24
1001.74,406544,21813,24
1003.37,407046,21837,24
1004.7,407548,21869,24
1005.96,408049,21909,24
1007.22,408553,21945,24
1008.41,409053,21953,24
1009.65,409556,21977,24
1010.97,410059,22017,24
1012.2,410562,22037,24
1013.52,411066,22049,24
1014.82,411568,22061,24
1016.1,412071,22073,24
1017.43,412572,22113,24
1018.83,413073,22117,24
1020.13,413576,22145,24
1021.38,414078,22169,24
1022.95,414582,22201,24
1024.29,415084,22229,24
1025.53,415588,22261,24
1026.71,416091,22273,24
1027.91,416595,22317,24
1029.24,417096,22345,24
1030.62,417600,22373,24
1032.03,418103,22397,24
1033.35,418604,22409,24
1034.75,419104,22425,24
1036.12,419608,22449,24
1037.44,420109,22477,24
1038.78,420609,22501,24
1040.09,421109,22525,24
1041.3,421613,22553,24
1042.6,422113,22585,24
1043.78,422616,22601,24
1045.11,423117,22617,24
1046.46,423619,22641,24
1047.89,424122,22653,24
1049.23,424623,22669,24
1050.51,425127,22697,24
1051.75,425630,22705,24
1053.01,426134,22709,24
1054.39,426637,22745,24
1055.66,427141,22761,24
1056.89,427645,22781,24
1058.14,428146,22801,24
1059.47,428650,22817,24
1060.72,429154,22841,24
1061.96,429657,22865,24
1063.2,430158,22885,24
1064.48,430662,22909,24
1065.66,431162,22937,24
1066.78,431664,22969,24
1068.09,432166,22997,24
1069.31,432667,23029,24
1070.55,433167,23061,24
1071.81,433668,23085,24
1073.19,434168,23105,24
1074.49,434670,23133,24
1075.89,435173,23173,24
1077.15,435675,23205,24
1078.38,436179,23225,24
1079.55,436679,23245,24
1080.87,437181,23277,24
1082.22,437685,23285,24
1083.46,438188,23325,24
1084.87,438692,23337,24
1086.05,439192,23353,24
1087.23,439696,23365,24
1088.65,440197,23393,24
1089.89,440698,23417,24
1091.3,441202,23441,24
1092.36,441706,23457,24
1093.55,442209,23477,24
1094.76,442710,23501,24
1095.98,443214,23513,24
1097.27,443716,23557,24
1098.48,444220,23589,24
1099.77,444721,23621,24
1100.89,445224,23625,24
1102.01,445726,23657,24
1103.1,446228,23685,24
1104.31,446728,23701,24
1105.58,447229,23733,24
1106.84,447732,23765,24
1108.15,448234,23785,24
1109.38,448734,23801,24
1110.75,449236,23821,24
1111.92,449737,23825,24
1113.19,450241,23845,24
1114.44,450741,23889,24
1115.69,451243,23909,24
1116.95,451746,23929,24
1118.17,452246,23945,24
1119.49,452750,23965,24
1120.77,453252,23993,24
1122,453754,24013,24
1123.36,454255,24037,24
1124.62,454758,24049,24
1126.01,455260,24081,24
1127.21,455760,24105,24
1128.47,456264,24121,24
1129.69,456766,24145,24
1130.93,457268,24165,24
1132.3,457770,24173,24
1133.62,458273,24181,24
1134.8,458776,24193,24
1136.1,459278,24217,24
1137.56,459782,24237,24
1138.91,460284,24257,24
1140.11,460784,24273,24
1141.42,461286,24301,24
1142.82,461790,24313,24
1144.17,462294,24345,24
1145.34,462795,24369,24
1146.65,463297,24385,24
1148.13,463801,24405,24
1149.32,464303,24413,24
1150.56,464803,24437,24
1151.77,465307,24461,24
1153.12,465811,24505,24
1154.27,466312,24525,24
1155.61,466816,24541,24
1156.97,467319,24565,24
1158.28,467819,24589,24
1159.52,468321,24609,24
1160.98,468821,24649,24
1162.32,469322,24685,24
1163.54,469822,24717,24
1164.9,470322,24737,24
1166.27,470823,24757,24
1167.56,471327,24769,24
1168.78,471828,24785,24
1170.1,472328,24813,24
1171.29,472830,24821,24
1172.68,473332,24845,24
1174.02,473836,24869,24
1175.32,474339,24893,24
1176.61,474842,24913,24
1177.78,475342,24925,24
1178.96,475844,24933,24
1180.25,476346,24961,24
1181.43,476847,24977,24
1182.79,477348,24993,24
1183.98,477849,25021,24
1185.18,478351,25029,24
1186.42,478851,25037,24
1187.74,479355,25061,24
1189.09,479858,25077,24
1190.43,480361,25105,24
1191.7,480864,25121,24
1193.08,481368,25153,24
1194.43,481868,25169,24
1195.97,482370,25213,24
1197.21,482870,25249,24
1198.48,483371,25273,24
1199.72,483872,25285,24
1201.08,484375,25309,24
1202.35,484879,25325,24
1203.55,485381,25349,24
1204.81,485882,25385,24
1206.18,486386,25401,24
1207.44,486889,25413,24
1208.75,487391,25437,24
1210,487892,25473,24
1211.23,488393,25485,24
1212.43,488893,25509,24
1213.7,489393,25529,24
1215.24,489895,25557,24
1216.5,490398,25577,24
1217.84,490901,25609,24
1218.97,491402,25645,24
1220.32,491906,25665,24
1221.55,492406,25681,24
1222.77,492908,25685,24
1224.18,493411,25697,24
0.93,502,4700,24
1.82,1002,4702,24
2.8,1502,4702,24
3.97,2005,5415,26
5.02,2507,5539,26
5.97,3007,5539,26
6.99,3508,5578,26
8.02,4008,5578,26
9.1,4508,5578,26
10.22,5009,5585,26
11.15,5509,5585,26
12.1,6011,5589,26
13.31,6511,5589,26
14.57,7011,5589,26
15.75,7512,5593,26
16.93,8013,5597,26
18.14,8514,5601,26
19.32,9014,5617,26
20.44,9516,5625,26
21.7,10016,5625,26
22.89,10518,5633,26
24.02,11018,5633,26
25.11,11519,5637,26
26.14,12020,5641,26
27.29,12521,5645,26
28.38,13025,5649,26
29.46,13525,5649,26
30.51,14025,5661,26
31.55,14527,5669,26
32.78,15030,5677,26
34,15533,5689,26
35.2,16033,5689,26
36.44,16534,5709,26
37.64,17035,5709,25
38.66,17535,5709,25
39.73,18035,5709,25
40.8,18535,5709,25
41.76,19035,5709,25
42.74,19535,5709,25
43.74,20035,5709,25
44.74,20535,5709,25
45.73,21035,5709,25
46.67,21535,5709,25
47.7,22035,5709,25
48.6,22535,5709,25
49.51,23035,5709,25
50.49,23535,5709,25
51.49,24035,5709,25
52.56,24535,5709,25
53.51,25035,5709,25
54.51,25535,5709,25
55.57,26035,5709,25
56.67,26535,5709,25
57.69,27035,5709,25
58.81,27535,5709,25
59.85,28035,5709,25
60.97,28535,5709,25
61.98,29036,5713,25
63.06,29536,5713,25
64.07,30036,5713,25
65.02,30536,5713,25
65.93,31036,5713,25
66.99,31536,5713,25
67.96,32036,5713,25
69.03,32536,5713,25
70.08,33036,5713,25
71.18,33536,5713,25
72.09,34036,5713,25
73.04,34536,5721,25
74.05,35036,5729,25
74.99,35536,5729,25
75.92,36036,5729,25
77.01,36536,5729,25
78.04,37036,5729,25
79.15,37536,5729,25
80.27,38036,5729,25
81.27,38538,5737,25
82.41,39038,5737,25
83.4,39538,5737,25
84.41,40039,5741,25
85.48,40541,5745,25
86.41,41041,5753,25
87.46,41541,5769,25
88.56,42045,5773,25
89.79,42546,5777,25
90.9,43048,5785,25
92.07,43549,5789,25
93.2,44053,5842,26
94.32,44556,5854,26
95.41,45056,5870,26
96.42,45560,5898,26
97.45,46064,5914,26
98.58,46565,5926,26
99.65,47066,5930,26
100.83,47570,5938,26
101.99,48074,5954,26
103.15,48574,5954,26
104.55,49077,5966,26
105.8,49580,5974,26
107.06,50082,5994,26
108.29,50582,6002,26
109.49,51086,6030,26
110.97,51590,6042,26
112.15,52090,6074,26
113.46,52590,6086,26
114.61,53091,6102,26
115.84,53595,6118,26
116.96,54098,6142,26
118.23,54602,6158,26
119.51,55103,6174,26
120.71,55603,6194,26
121.75,56105,6202,26
122.93,56608,6222,26
124.17,57109,6234,26
125.33,57610,6246,26
126.55,58112,6258,26
127.72,58612,6270,26
128.86,59115,6294,26
130.03,59615,6306,26
131.11,60117,6330,26
132.29,60617,6350,26
133.6,61118,6370,26
134.9,61620,6406,26
136.29,62121,6426,26
137.54,62622,6442,26
138.95,63125,6462,26
140.17,63626,6482,26
141.41,64128,6494,26
142.62,64629,6506,26
143.86,65132,6534,26
145.09,65632,6566,26
146.38,66134,6586,26
147.53,66635,6610,26
148.76,67138,6618,26
149.99,67641,6650,26
151.11,68141,6666,26
152.48,68642,6682,26
153.77,69142,6710,26
155.11,69642,6726,26
156.49,70142,6742,26
157.72,70642,6774,26
158.99,71143,6798,26
160.2,71644,6826,26
161.43,72147,6854,26
162.69,72651,6870,26
163.89,73155,6898,26
165.05,73655,6926,26
166.21,74156,6946,26
167.34,74656,6966,26
168.57,75156,6994,26
169.97,75659,7006,26
171.12,76159,7030,26
172.36,76663,7046,26
173.47,77164,7058,26
174.65,77666,7066,26
175.8,78166,7082,26
176.88,78668,7102,26
178.17,79170,7110,26
179.61,79671,7114,26
180.81,80175,7130,26
182.13,80677,7150,26
183.39,81177,7162,26
184.61,81678,7194,26
185.93,82181,7226,26
187.39,82684,7238,26
188.9,83185,7266,26
190.13,83685,7282,26
191.58,84186,7298,26
192.83,84686,7310,26
194.16,85186,7346,26
195.45,85689,7358,26
196.89,86192,7366,26
198.15,86695,7374,26
199.44,87197,7402,26
200.7,87698,7426,26
201.99,88200,7442,26
203.33,88704,7466,26
204.53,89204,7498,26
205.69,89704,7518,26
206.9,90207,7534,26
208.15,90707,7546,26
209.36,91207,7566,26
210.62,91707,7578,26
211.79,92207,7614,26
213,92711,7642,26
214.34,93212,7658,26
215.57,93714,7678,26
217.09,94217,7722,26
218.4,94721,7730,26
219.66,95225,7758,26
220.9,95727,7782,26
222.2,96227,7806,26
223.44,96730,7846,26
224.67,97234,7866,26
225.96,97734,7886,26
227.24,98236,7906,26
228.41,98739,7918,26
229.6,99242,7946,26
230.89,99743,7962,26
232.17,100247,7986,26
233.31,100750,8022,26
234.51,101251,8026,26
235.6,101751,8050,26
236.83,102254,8066,26
238.05,102756,8094,26
239.23,103258,8118,26
240.43,103760,8142,26
241.51,104261,8146,26
242.7,104761,8162,26
243.88,105261,8194,26
245.12,105763,8226,26
246.43,106264,8254,26
247.57,106766,8282,26
248.74,107267,8294,26
249.96,107767,8310,26
251.1,108269,8314,26
252.23,108771,8334,26
253.52,109275,8350,26
254.7,109778,8362,26
255.9,110278,8374,26
257.12,110781,8386,26
258.37,111281,8398,26
259.67,111781,8430,26
261.06,112283,8438,26
262.27,112783,8458,26
263.4,113284,8462,26
264.62,113788,8498,26
265.86,114290,8518,26
267.02,114791,8542,26
268.25,115291,8558,26
269.5,115791,8570,26
270.71,116295,8582,26
271.98,116797,8606,26
273.22,117298,8626,26
274.51,117799,8670,26
275.83,118303,8686,26
277.1,118806,8698,26
278.24,119307,8746,26
279.49,119811,8758,26
280.71,120315,8778,26
281.79,120817,8794,26
282.94,121319,8810,26
284.15,121821,8834,26
285.28,122324,8858,26
286.56,122828,8874,26
287.81,123331,8910,26
289.03,123834,8918,26
290.19,124335,8942,26
291.52,124838,8954,26
292.9,125339,8990,26
294.24,125841,9006,26
295.52,126344,9018,26
296.64,126848,9030,26
297.86,127350,9054,26
299.12,127851,9082,26
300.35,128352,9110,26
301.51,128852,9142,26
302.73,129353,9166,26
303.98,129856,9194,26
305.35,130360,9210,26
306.56,130862,9246,26
307.93,131366,9286,26
309.25,131870,9302,26
310.43,132374,9326,26
311.58,132876,9362,26
312.82,133380,9374,26
314.13,133884,9394,26
315.54,134385,9418,26
316.77,134887,9458,26
318.02,135390,9470,26
319.3,135894,9486,26
320.72,136395,9510,26
322.09,136897,9538,26
323.41,137398,9542,26
324.6,137898,9562,26
325.8,138398,9590,26
327,138899,9626,26
328.2,139402,9650,26
329.46,139903,9678,26
330.71,140404,9686,26
331.98,140906,9714,26
333.17,141406,9730,26
334.5,141906,9758,26
335.75,142407,9770,26
337.04,142907,9782,26
338.45,143408,9802,26
339.66,143908,9830,26
340.92,144409,9846,26
342.05,144911,9874,26
343.35,145415,9898,26
344.57,145919,9922,26
345.8,146423,9954,26
347,146926,9990,26
348.24,147427,10006,26
349.41,147927,10030,26
350.66,148429,10046,26
351.92,148932,10058,26
353.13,149432,10078,26
354.36,149932,10102,26
355.68,150433,10122,26
356.88,150933,10146,26
358.06,151434,10170,26
359.22,151936,10190,26
360.44,152436,10206,26
361.6,152940,10222,26
362.77,153440,10258,26
363.95,153942,10294,26
365.11,154446,10330,26
366.22,154947,10334,26
367.41,155449,10342,26
368.65,155949,10382,26
369.91,156451,10390,26
371.2,156954,10430,26
372.39,157454,10450,26
373.57,157958,10478,26
374.76,158462,10502,26
375.92,158966,10514,26
377.12,159470,10538,26
378.35,159971,10558,26
379.58,160475,10582,26
380.75,160978,10598,26
381.95,161481,10614,26
383.08,161983,10654,26
384.31,162485,10686,26
385.56,162985,10702,26
386.8,163487,10722,26
388.02,163989,10742,26
389.08,164489,10762,26
390.33,164991,10786,26
391.58,165493,10810,26
392.94,165995,10834,26
394.21,166498,10846,26
395.42,166998,10858,26
396.62,167501,10898,26
397.79,168005,10914,26
399.01,168505,10938,26
400.26,169008,10958,26
401.51,169509,10982,26
402.69,170009,10998,26
403.96,170510,11018,26
405.15,171013,11030,26
406.27,171516,11054,26
407.55,172019,11074,26
408.78,172520,11094,26
410.02,173024,11122,26
411.28,173528,11134,26
412.46,174030,11154,26
413.58,174531,11158,26
414.78,175031,11170,26
415.83,175531,11202,26
417.05,176032,11230,26
418.23,176532,11250,26
419.45,177036,11286,26
420.64,177540,11318,26
421.84,178042,11334,26
423.02,178542,11358,26
424.39,179043,11374,26
425.73,179545,11386,26
426.92,180048,11410,26
428.12,180551,11434,26
429.45,181054,11462,26
430.78,181558,11498,26
432.01,182059,11518,26
433.23,182560,11538,26
434.59,183063,11562,26
435.8,183564,11566,26
436.89,184067,11586,26
438.09,184571,11598,26
439.29,185071,11610,26
440.47,185574,11622,26
441.71,186075,11626,26
443.01,186576,11654,26
444.32,187077,11686,26
445.5,187579,11706,26
446.72,188080,11738,26
448.03,188581,11770,26
449.34,189085,11798,26
450.6,189587,11822,26
451.78,190090,11842,26
453.01,190593,11850,26
454.22,191093,11882,26
455.46,191594,11902,26
456.8,192097,11910,26
458.07,192597,11926,26
459.35,193097,11942,26
460.56,193599,11966,26
461.73,194099,11982,26
462.93,194601,12006,26
464.26,195101,12022,26
465.59,195601,12054,26
466.77,196101,12074,26
467.88,196604,12086,26
469.02,197106,12094,26
470.14,197607,12142,26
471.37,198111,12158,26
472.56,198611,12194,26
473.72,199113,12214,26
474.91,199615,12238,26
476.05,200119,12254,26
477.23,200621,12290,26
478.42,201125,12302,26
479.56,201627,12326,26
480.76,202130,12350,26
481.92,202630,12366,26
483.12,203134,12390,26
484.28,203635,12410,26
485.62,204136,12430,26
486.91,204637,12442,26
488.1,205141,12462,26
489.32,205644,12490,26
490.59,206148,12522,26
491.76,206649,12526,26
492.98,207149,12526,26
494.39,207650,12546,26
495.58,208152,12570,26
496.76,208652,12582,26
498,209155,12610,26
499.33,209656,12638,26
500.67,210160,12650,26
501.91,210664,12682,26
503.18,211168,12702,26
504.31,211671,12726,26
505.61,212175,12754,26
506.81,212676,12770,26
508.38,213177,12798,26
509.59,213677,12814,26
510.87,214180,12842,26
512.11,214683,12866,26
513.27,215183,12882,26
514.47,215687,12894,26
515.74,216190,12918,26
517.08,216693,12958,26
518.52,217196,12974,26
519.73,217696,13006,26
520.93,218199,13018,26
522.18,218699,13050,26
523.57,219201,13078,26
524.81,219703,13102,26
526.11,220203,13114,26
527.3,220705,13150,26
528.51,221206,13170,26
529.74,221707,13194,26
531.08,222211,13230,26
532.37,222713,13258,26
533.67,223213,13286,26
534.86,223713,13314,26
536.13,224216,13326,26
537.42,224719,13338,26
538.72,225222,13362,26
540.09,225722,13382,26
541.45,226222,13414,26
543.01,226726,13430,26
544.22,227230,13478,26
545.46,227730,13510,26
546.75,228233,13534,26
547.97,228737,13542,26
549.12,229238,13582,26
550.48,229741,13590,26
551.68,230242,13614,26
552.97,230745,13638,26
554.29,231245,13654,26
555.49,231748,13666,26
556.76,232252,13686,26
557.99,232753,13718,26
559.15,233253,13762,26
560.34,233754,13766,26
561.58,234258,13782,26
562.73,234758,13802,26
563.91,235260,13818,26
565.22,235762,13858,26
566.44,236262,13858,26
567.55,236764,13894,26
568.87,237264,13926,26
570.14,237765,13950,26
571.16,238265,13966,26
572.37,238768,13998,26
573.75,239271,14022,26
574.98,239773,14030,26
576.23,240275,14042,26
577.35,240775,14062,26
578.51,241279,14082,26
579.68,241779,14102,26
580.99,242281,14122,26
582.32,242784,14158,26
583.6,243287,14186,26
585.1,243788,14214,26
586.21,244289,14242,26
587.35,244792,14254,26
588.65,245293,14262,26
590.05,245795,14274,26
591.25,246299,14298,26
592.46,246799,14314,26
593.78,247303,14326,26
594.97,247806,14334,26
596.15,248310,14350,26
597.38,248810,14358,26
598.49,249313,14382,26
599.61,249814,14410,26
600.8,250316,14418,26
602,250818,14450,26
603.3,251318,14478,26
604.49,251820,14530,26
605.72,252324,14546,26
607.1,252825,14566,26
608.4,253326,14594,26
609.62,253828,14610,26
610.94,254330,14634,26
612.19,254834,14650,26
613.53,255336,14686,26
614.95,255840,14718,26
616.24,256343,14734,26
617.47,256844,14762,26
618.82,257345,14786,26
620.24,257848,14810,26
621.39,258352,14822,26
622.5,258856,14838,26
623.86,259356,14850,26
625,259859,14870,26
626.22,260362,14886,26
627.37,260863,14910,26
628.57,261367,14918,26
629.89,261871,14938,26
631.21,262374,14966,26
632.5,262877,14974,26
633.76,263377,15002,26
635.05,263879,15038,26
636.25,264383,15050,26
637.45,264884,15082,26
638.62,265388,15106,26
639.89,265888,15126,26
641.1,266392,15146,26
642.2,266896,15162,26
643.44,267397,15166,26
644.7,267901,15206,26
645.97,268401,15226,26
647.17,268901,15234,26
648.34,269405,15286,26
649.5,269907,15322,26
650.72,270409,15342,26
652.02,270912,15362,26
653.32,271414,15394,26
654.45,271916,15434,26
655.73,272416,15470,26
656.94,272916,15486,26
658.29,273420,15502,26
659.58,273924,15510,26
660.8,274425,15526,26
662.1,274929,15538,26
663.44,275432,15550,26
664.65,275935,15562,26
666.03,276437,15582,26
667.37,276937,15614,26
668.67,277439,15634,26
669.93,277940,15654,26
671.18,278441,15666,26
672.37,278944,15694,26
673.68,279445,15718,26
675,279948,15746,26
676.26,280451,15770,26
677.5,280953,15810,26
678.91,281454,15830,26
680.07,281958,15858,26
681.36,282460,15874,26
682.58,282961,15886,26
683.83,283464,15918,26
685.11,283964,15946,26
686.36,284464,15962,26
687.49,284967,15998,26
688.6,285470,16018,26
689.84,285973,16042,26
691.13,286477,16066,26
692.45,286977,16098,26
693.65,287478,16118,26
694.99,287980,16154,26
696.16,288481,16170,26
697.44,288985,16182,26
698.92,289488,16190,26
700.21,289990,16230,26
701.36,290491,16246,26
702.53,290991,16262,26
703.75,291495,16274,26
705.01,291996,16294,26
706.5,292498,16318,26
707.75,292999,16334,26
708.95,293501,16370,26
710.09,294002,16398,26
711.48,294506,16434,26
712.79,295006,16458,26
713.92,295510,16494,26
715.29,296010,16506,26
716.71,296511,16510,26
717.93,297014,16518,26
719.25,297518,16550,26
720.5,298021,16562,26
721.76,298524,16574,26
723.08,299026,16598,26
724.33,299529,16606,26
725.56,300033,16622,26
726.81,300537,16642,26
727.98,301041,16662,26
729.18,301545,16670,26
730.43,302048,16682,26
731.69,302551,16686,26
732.82,303055,16710,26
734.16,303558,16746,26
735.32,304058,16770,26
736.61,304562,16810,26
737.87,305062,16846,26
739.06,305565,16890,26
740.28,306068,16918,26
741.53,306572,16942,26
742.78,307075,16962,26
744,307578,16986,26
745.28,308078,17010,26
746.54,308582,17038,26
747.8,309084,17046,26
748.97,309587,17074,26
750.23,310088,17102,26
751.43,310591,17114,26
752.6,311092,17134,26
753.87,311596,17158,26
755.07,312096,17190,26
756.21,312596,17214,26
757.48,313098,17234,26
758.62,313602,17258,26
759.92,314102,17278,26
761.14,314604,17310,26
762.45,315107,17346,26
763.74,315610,17366,26
765.01,316110,17406,26
766.33,316611,17442,26
767.6,317114,17470,26
768.8,317618,17474,26
770.17,318122,17506,26
771.41,318623,17518,26
772.66,319125,17542,26
773.88,319628,17574,26
775.13,320130,17590,26
776.41,320633,17602,26
777.68,321137,17618,26
778.84,321639,17626,26
780.2,322142,17646,26
781.46,322644,17662,26
782.72,323144,17690,26
783.94,323644,17718,26
785.15,324148,17726,26
786.47,324650,17746,26
787.71,325153,17762,26
789.01,325657,17798,26
790.2,326160,17814,26
791.4,326664,17830,26
792.69,327166,17850,26
793.95,327669,17858,26
795.14,328169,17874,26
796.41,328672,17886,26
797.66,329176,17926,26
798.9,329678,17950,26
800.25,330181,17958,26
801.5,330682,17994,26
802.75,331184,18018,26
803.91,331684,18034,26
805.23,332186,18054,26
806.52,332690,18070,26
807.77,333191,18094,26
809.03,333693,18126,26
810.32,334196,18146,26
811.68,334696,18146,26
812.96,335196,18178,26
814.22,335696,18194,26
815.52,336200,18210,26
816.67,336704,18214,26
817.79,337204,18230,26
819.09,337706,18238,26
820.21,338207,18246,26
821.39,338709,18258,26
822.51,339209,18282,26
823.83,339711,18314,26
825.13,340211,18326,26
826.43,340714,18342,26
827.56,341217,18354,26
828.78,341719,18386,26
830.08,342223,18398,26
831.32,342725,18434,26
832.39,343225,18474,26
833.53,343728,18486,26
834.75,344231,18510,26
835.95,344732,18550,26
837.29,345236,18594,26
838.64,345739,18646,26
839.82,346242,18658,26
841.07,346742,18678,26
842.35,347245,18686,26
843.59,347747,18690,26
844.74,348250,18698,26
845.96,348752,18730,26
847.23,349256,18758,26
848.45,349760,18770,26
849.68,350262,18786,26
850.97,350764,18830,26
852.22,351268,18842,26
853.46,351768,18870,26
854.93,352270,18890,26
856.26,352770,18906,26
857.65,353272,18922,26
858.8,353774,18958,26
860.11,354278,18982,26
861.25,354778,18998,26
862.59,355280,19022,26
863.77,355780,19038,26
865.01,356282,19046,26
866.17,356786,19070,26
867.41,357287,19094,26
868.69,357788,19098,26
869.98,358288,19126,26
871.28,358791,19162,26
872.6,359295,19194,26
873.79,359799,19214,26
875.05,360299,19254,26
876.25,360802,19266,26
877.42,361305,19282,26
878.81,361809,19290,26
880.06,362311,19318,26
881.21,362814,19342,26
882.41,363314,19358,26
883.59,363816,19382,26
884.75,364317,19398,26
885.97,364818,19430,26
887.15,365318,19458,26
888.45,365821,19474,26
889.62,366325,19486,26
890.79,366829,19498,26
892.03,367333,19518,26
893.3,367836,19546,26
894.53,368339,19570,26
895.78,368843,19594,26
896.99,369344,19622,26
898.05,369848,19638,26
899.25,370352,19666,26
900.52,370852,19682,26
901.77,371356,19714,26
903.03,371856,19742,26
904.27,372356,19758,26
905.4,372858,19790,26
906.59,373360,19814,26
907.83,373862,19854,26
909.11,374364,19862,26
910.34,374867,19898,26
911.6,375369,19906,26
912.9,375872,19930,26
914.43,376375,19946,26
915.82,376878,19970,26
917.09,377380,19990,26
918.33,377884,19998,26
919.66,378388,20026,26
920.99,378892,20050,26
922.24,379392,20058,26
923.49,379896,20070,26
924.7,380398,20078,26
926.04,380902,20106,26
927.28,381403,20146,26
928.41,381907,20178,26
929.65,382410,20210,26
930.84,382912,20214,26
932.2,383416,20242,26
933.55,383919,20266,26
934.91,384421,20290,26
936.15,384922,20302,26
937.4,385425,20322,26
938.56,385926,20346,26
939.96,386426,20382,26
941.25,386927,20406,26
942.55,387431,20418,26
943.82,387933,20442,26
945.03,388437,20446,26
946.25,388941,20474,26
947.5,389442,20490,26
948.72,389944,20498,26
949.96,390444,20542,26
951.18,390947,20550,26
952.34,391448,20586,26
953.65,391950,20606,26
954.83,392452,20614,26
956.11,392955,20638,26
957.33,393458,20662,26
958.7,393959,20678,26
959.98,394461,20702,26
961.26,394963,20734,26
962.47,395467,20766,26
963.78,395968,20798,26
964.98,396468,20814,26
966.33,396971,20834,26
967.54,397473,20882,26
968.77,397974,20902,26
970.18,398475,20926,26
971.47,398978,20954,26
972.76,399480,20986,26
974.07,399982,21002,26
975.33,400482,21018,26
976.48,400984,21042,26
977.64,401487,21050,26
978.98,401990,21070,26
980.2,402490,21102,26
981.53,402991,21122,26
982.87,403493,21138,26
984.15,403994,21162,26
985.42,404494,21178,26
986.59,404996,21202,26
987.88,405497,21238,26
989.13,406001,21258,26
990.42,406503,21282,26
991.6,407007,21286,26
992.66,407511,21322,26
993.92,408012,21342,26
995.13,408512,21374,26
996.53,409016,21390,26
997.78,409520,21406,26
998.94,410023,21418,26
1000.24,410526,21442,26
1001.49,411026,21466,26
1002.68,411528,21482,26
1003.93,412028,21506,26
1005.12,412530,21530,26
1006.3,413034,21538,26
1007.55,413538,21574,26
1008.8,414041,21610,26
1009.97,414545,21622,26
1011.28,415045,21658,26
1012.56,415547,21690,26
1013.75,416048,21730,26
1014.92,416552,21762,26
1016.21,417055,21778,26
1017.42,417556,21826,26
1018.75,418059,21850,26
1019.99,418563,21878,26
1021.18,419065,21890,26
1022.37,419567,21918,26
1023.71,420071,21950,26
1024.92,420575,21962,26
1026.14,421078,21994,26
1027.43,421578,22018,26
1028.6,422081,22050,26
1029.78,422583,22058,26
1031.03,423085,22090,26
1032.13,423585,22118,26
1033.41,424087,22150,26
1034.68,424588,22174,26
1035.95,425091,22194,26
1037.12,425593,22202,26
1038.29,426095,22222,26
1039.65,426596,22254,26
1040.87,427100,22270,26
1042.12,427603,22302,26
1043.36,428107,22310,26
1044.62,428608,22314,26
1045.92,429108,22338,26
1047.19,429609,22362,26
1048.4,430112,22386,26
1049.54,430613,22406,26
1050.71,431113,22438,26
1052.17,431615,22458,26
1053.42,432115,22478,26
1054.71,432617,22502,26
1056.03,433117,22518,26
1057.24,433618,22546,26
1058.5,434121,22570,26
1059.9,434621,22598,26
1061.04,435125,22622,26
1062.21,435625,22650,26
1063.41,436126,22670,26
1064.59,436629,22694,26
1065.88,437130,22726,26
1067.03,437632,22750,26
1068.26,438133,22762,26
1069.5,438637,22786,26
1070.78,439137,22818,26
1072.05,439638,22822,26
1073.13,440140,22846,26
1074.35,440641,22870,26
1075.66,441143,22902,26
1077.03,441647,22914,26
1078.19,442151,22950,26
1079.35,442653,22982,26
1080.6,443156,22994,26
1081.92,443658,23022,26
1083.23,444162,23034,26
1084.58,444666,23054,26
1085.8,445170,23090,26
1087.08,445670,23110,26
1088.45,446174,23122,26
1089.63,446677,23134,26
1090.88,447180,23146,26
1092.13,447682,23182,26
1093.46,448185,23198,26
1094.68,448689,23210,26
1095.92,449193,23226,26
1097.19,449694,23246,26
1098.42,450197,23274,26
1099.8,450701,23282,26
1101.05,451202,23298,26
1102.37,451706,23334,26
1103.6,452209,23358,26
1104.83,452711,23398,26
1105.99,453214,23430,26
1107.21,453717,23458,26
1108.43,454218,23490,26
1109.56,454721,23502,26
1110.79,455223,23514,26
1111.96,455727,23550,26
1113.23,456231,23578,26
1114.57,456733,23586,26
1115.84,457237,23606,26
1117.15,457740,23638,26
1118.42,458241,23662,26
1119.6,458741,23698,26
1120.8,459241,23734,26
1122.07,459744,23746,26
1123.18,460248,23758,26
1124.31,460750,23794,26
1125.54,461251,23814,26
1126.72,461753,23838,26
1127.93,462255,23858,26
1129.11,462758,23878,26
1130.4,463261,23906,26
1131.57,463763,23926,26
1132.8,464265,23946,26
1134.19,464765,23962,26
1135.43,465267,23982,26
1136.69,465769,24006,26
1137.95,466273,24018,26
1139.15,466775,24046,26
1140.45,467276,24062,26
1141.71,467776,24086,26
1143.14,468278,24110,26
1144.31,468782,24126,26
1145.53,469286,24142,26
1146.86,469789,24174,26
1148.15,470290,24202,26
1149.54,470794,24214,26
1150.66,471298,24222,26
1151.75,471801,24254,26
1153.01,472302,24286,26
1154.24,472805,24302,26
1155.46,473306,24330,26
1156.63,473809,24350,26
1157.93,474312,24374,26
1159.28,474814,24398,26
1160.38,475314,24418,26
1161.46,475814,24434,26
1162.6,476316,24454,26
1163.88,476820,24482,26
1165.06,477322,24490,26
1166.24,477822,24514,26
1167.63,478326,24526,26
1168.8,478826,24554,26
1170.05,479330,24590,26
1171.34,479830,24602,26
1172.56,480331,24642,26
1173.77,480834,24670,26
1174.95,481336,24710,26
1176.26,481836,24742,26
1177.52,482337,24782,26
1178.75,482839,24806,26
1180.16,483343,24822,26
1181.39,483847,24838,26
1182.59,484348,24850,26
1183.76,484848,24874,26
1184.97,485350,24894,26
1186.1,485854,24914,26
1187.38,486358,24958,26
1188.58,486860,24966,26
1189.97,487363,24978,26
1191.26,487865,25006,26
1192.61,488368,25034,26
1193.99,488870,25054,26
1195.27,489372,25070,26
1196.53,489874,25086,26
1197.71,490374,25102,26
1198.9,490875,25138,26
1200.2,491379,25162,26
1201.54,491882,25190,26
1202.72,492382,25206,26
1203.86,492882,25234,26
1205.16,493386,25250,26
0.97,504,4715,20
1.9,1006,4716,20
2.71,1507,4839,20
3.7,2007,4839,20
4.66,2507,4839,20
5.83,3007,4859,19
6.92,3507,4859,19
8.01,4007,4859,19
9.19,4507,4859,19
10.2,5007,4859,19
11.34,5507,4859,19
12.4,6010,4875,19
13.53,6512,4879,19
14.81,7013,5566,21
15.78,7514,5570,21
16.7,8016,5578,21
17.74,8520,5582,21
18.94,9024,5582,21
20.01,9528,5586,21
21.11,10029,5586,21
22.12,10530,5590,21
23.18,11030,5590,21
24.15,11530,5590,21
25.09,12031,5594,21
26.04,12531,5594,21
27.02,13031,5602,21
28.08,13531,5602,21
29.13,14031,5602,21
30.15,14531,5602,21
31.16,15031,5602,21
32.11,15531,5602,21
33.08,16031,5602,21
34.14,16534,5610,21
35.27,17035,5614,21
36.56,17535,5614,21
37.86,18035,5614,21
39.11,18536,5618,21
40.43,19037,5622,21
41.67,19538,5638,21
42.98,20041,5646,21
44.04,20542,5662,21
45.23,21046,5666,21
46.5,21547,5670,21
47.72,22049,5682,21
48.9,22552,5702,21
50.08,23055,5726,21
51.27,23556,5746,21
52.51,24058,5762,21
53.68,24560,5774,21
54.81,25061,5790,21
55.99,25565,5806,21
57.18,26068,5834,21
58.33,26570,5842,21
59.51,27073,5854,21
60.55,27573,5866,21
61.81,28073,5890,21
62.93,28573,5906,21
64.13,29075,5938,21
65.3,29576,5962,21
66.49,30080,5994,21
67.68,30584,6030,21
68.89,31085,6050,21
70.17,31587,6070,21
71.38,32090,6106,21
72.54,32592,6138,21
73.75,33092,6154,21
75.02,33594,6174,21
76.15,34097,6186,21
77.43,34597,6218,21
78.63,35101,6234,21
79.86,35601,6246,21
81.04,36102,6270,21
82.25,36606,6282,21
83.51,37107,6326,21
84.71,37610,6350,21
86.03,38111,6370,21
87.25,38612,6374,21
88.57,39114,6390,21
89.74,39616,6410,21
90.96,40116,6426,21
92.1,40620,6458,21
93.31,41123,6470,21
94.54,41626,6482,21
95.92,42129,6506,21
97.13,42629,6522,21
98.29,43133,6538,21
99.56,43637,6550,21
100.82,44139,6574,21
101.99,44640,6590,21
103.11,45142,6610,21
104.28,45646,6622,21
105.59,46149,6650,21
106.79,46652,6674,21
107.86,47153,6678,21
109.12,47657,6706,21
110.25,48158,6738,21
111.41,48661,6746,21
112.44,49165,6754,21
113.51,49669,6762,21
114.51,50172,6786,21
115.71,50674,6798,21
116.83,51175,6802,21
118.02,51676,6806,21
119.23,52179,6830,21
120.29,52680,6846,21
121.35,53182,6858,21
122.46,53684,6874,21
123.67,54187,6902,21
124.81,54691,6914,21
125.9,55191,6938,21
127,55693,6950,21
128.14,56197,6970,21
129.19,56700,6986,21
130.32,57204,7018,21
131.4,57707,7042,21
132.46,58209,7054,21
133.6,58709,7074,21
134.71,59209,7090,21
135.86,59709,7122,21
137.12,60209,7138,21
138.33,60709,7146,21
139.52,61211,7166,21
140.8,61715,7194,21
142.08,62219,7214,21
143.33,62723,7282,21
144.71,63225,7302,21
145.86,63725,7330,21
147.17,64229,7346,21
148.4,64730,7374,21
149.63,65231,7398,21
150.78,65732,7418,21
151.83,66235,7442,21
153.04,66738,7462,21
154.42,67238,7486,21
155.81,67742,7494,21
157.01,68243,7514,21
158.23,68744,7534,21
159.45,69245,7558,21
160.73,69747,7566,21
161.9,70247,7586,21
162.98,70751,7610,21
164.17,71255,7626,21
165.31,71755,7650,21
166.57,72257,7670,21
167.67,72757,7690,21
168.92,73259,7734,21
170.23,73760,7766,21
171.42,74262,7782,21
172.67,74764,7802,21
173.89,75267,7814,21
175.02,75769,7846,21
176.24,76272,7862,21
177.49,76772,7878,21
178.91,77276,7906,21
180.19,77780,7926,21
181.43,78284,7954,21
182.72,78784,7974,21
184,79287,7998,21
185.34,79787,8018,21
186.66,80290,8042,21
187.93,80793,8062,21
189.22,81297,8090,21
190.47,81800,8098,21
191.68,82301,8122,21
192.87,82805,8138,21
194.22,83309,8166,21
195.55,83811,8174,21
196.78,84312,8178,21
198.07,84812,8206,21
199.36,85314,8250,21
200.69,85817,8274,21
202.12,86321,8286,21
203.36,86822,8306,21
204.62,87323,8346,21
205.95,87825,8386,21
207.19,88325,8426,21
208.5,88825,8462,21
209.61,89327,8470,21
210.93,89831,8498,21
212.16,90334,8518,21
213.39,90837,8526,21
214.58,91337,8550,21
215.87,91840,8562,21
217.16,92341,8594,21
218.33,92844,8646,21
219.65,93348,8658,21
221.05,93848,8670,21
222.48,94349,8706,21
223.8,94849,8718,21
225.09,95352,8742,21
226.21,95856,8754,21
227.48,96356,8790,21
228.86,96860,8806,21
230.43,97360,8834,21
231.57,97862,8854,21
232.93,98365,8878,21
234.31,98867,8894,21
235.71,99367,8962,21
237.19,99871,8986,21
238.34,100372,9006,21
239.52,100874,9046,21
240.75,101376,9074,21
242.1,101879,9086,21
243.46,102383,9110,21
244.77,102886,9142,21
246.17,103388,9166,21
247.42,103889,9190,21
248.59,104390,9210,21
249.78,104892,9218,21
250.97,105393,9234,21
252.3,105896,9266,21
253.62,106399,9294,21
254.94,106903,9310,21
256.22,107405,9330,21
257.37,107906,9362,21
258.56,108406,9390,21
259.66,108910,9406,21
260.85,109414,9422,21
262.12,109915,9454,21
263.47,110417,9470,21
265.26,110918,9474,21
266.72,111421,9494,21
268.01,111924,9518,21
269.19,112425,9534,21
270.4,112925,9558,21
271.96,113429,9570,21
273.15,113929,9598,21
274.36,114431,9634,21
275.5,114933,9666,21
276.72,115436,9686,21
277.98,115936,9734,21
279.23,116439,9750,21
280.47,116940,9782,21
281.85,117440,9814,21
283.15,117942,9826,21
284.37,118445,9842,21
285.5,118946,9862,21
286.66,119447,9894,21
288.06,119950,9930,21
289.33,120450,9958,21
290.6,120952,9982,21
291.89,121452,10002,21
293.37,121955,10034,21
294.6,122455,10046,21
295.89,122959,10062,21
297.29,123459,10094,21
298.63,123959,10138,21
300.03,124462,10150,21
301.35,124966,10182,21
302.7,125466,10226,21
304.07,125967,10238,21
305.5,126468,10280,21
306.85,126970,10312,21
308.17,127473,10324,21
309.46,127977,10344,21
310.85,128481,10364,21
312.18,128984,10384,21
313.51,129485,10420,21
314.68,129989,10432,21
315.86,130492,10452,21
317.12,130995,10476,21
318.28,131498,10496,21
319.55,132001,10504,21
320.77,132504,10548,21
322.15,133007,10588,21
323.58,133508,10608,21
325.15,134010,10616,21
326.54,134510,10628,21
327.74,135014,10644,21
329.08,135518,10660,21
330.34,136020,10680,21
331.62,136522,10708,21
333.08,137022,10724,21
334.28,137526,10744,21
335.55,138029,10756,21
336.73,138531,10760,21
337.87,139033,10768,21
339.18,139537,10796,21
340.44,140038,10800,21
341.74,140538,10820,21
343.11,141039,10832,21
344.6,141539,10864,21
345.99,142040,10896,21
347.17,142544,10912,21
348.38,143047,10940,21
349.48,143548,10972,21
350.66,144049,10996,21
351.9,144550,11040,21
353.14,145051,11084,21
354.54,145555,11112,21
355.72,146057,11148,21
356.9,146558,11160,21
358.22,147060,11184,21
359.37,147563,11216,21
360.58,148063,11232,21
361.81,148565,11252,21
363.07,149067,11272,21
364.24,149569,11296,21
365.57,150070,11316,21
366.89,150571,11332,21
368.22,151075,11364,21
369.5,151578,11396,21
370.75,152081,11408,21
372.1,152583,11416,21
373.48,153087,11428,21
374.7,153588,11432,21
375.94,154091,11460,21
377.25,154595,11496,21
378.43,155095,11536,21
379.62,155598,11552,21
380.92,156099,11576,21
382.23,156601,11604,21
383.55,157103,11640,21
384.86,157603,11672,21
386.05,158103,11692,21
387.25,158606,11712,21
388.46,159109,11744,21
389.68,159612,11768,21
390.94,160114,11788,21
392.22,160618,11832,21
393.63,161118,11848,21
394.83,161618,11868,21
396.23,162122,11892,21
397.49,162624,11916,21
398.79,163127,11940,21
400.02,163631,11964,21
401.25,164132,12004,21
402.36,164636,12036,21
403.64,165137,12060,21
404.96,165638,12080,21
406.14,166141,12092,21
407.37,166641,12124,21
408.64,167145,12152,21
409.87,167649,12200,21
411.15,168153,12212,21
412.5,168653,12264,21
413.75,169157,12288,21
415.04,169661,12320,21
416.28,170165,12336,21
417.62,170669,12356,21
418.9,171173,12372,21
420.22,171674,12384,21
421.62,172175,12404,21
422.89,172677,12424,21
424.2,173179,12448,21
425.57,173679,12468,21
426.98,174183,12484,21
428.3,174686,12516,21
429.52,175187,12536,21
430.59,175689,12556,21
431.77,176193,12588,21
432.96,176696,12612,21
434.36,177196,12640,21
435.74,177698,12652,21
437.03,178202,12672,21
438.22,178706,12684,21
439.62,179210,12704,21
440.97,179714,12728,21
442.26,180216,12736,21
443.56,180720,12752,21
444.86,181223,12764,21
446.36,181726,12784,21
447.79,182230,12800,21
449,182731,12820,21
450.21,183234,12840,21
451.49,183734,12860,21
452.84,184237,12888,21
454.2,184737,12908,21
455.5,185241,12936,21
456.88,185741,12936,21
458.31,186242,12980,21
459.45,186745,13000,21
460.81,187245,13016,21
461.97,187748,13032,21
463.2,188251,13064,21
464.47,188753,13096,21
465.85,189256,13136,21
467.12,189760,13160,21
468.5,190262,13188,21
469.83,190765,13200,21
471.19,191265,13224,21
472.46,191765,13240,21
473.6,192267,13260,21
474.8,192768,13280,21
476.07,193270,13312,21
477.24,193774,13324,21
478.36,194278,13356,21
479.61,194779,13380,21
480.98,195280,13412,21
482.19,195784,13436,21
483.43,196286,13456,21
484.61,196788,13488,21
485.81,197290,13496,21
487.08,197790,13524,21
488.3,198291,13540,21
489.59,198793,13548,21
490.88,199293,13568,21
492.1,199796,13600,21
493.41,200296,13632,21
494.64,200799,13672,21
496.05,201299,13700,21
497.28,201801,13728,21
498.49,202302,13756,21
499.69,202806,13784,21
500.96,203307,13800,21
502.15,203811,13812,21
503.4,204311,13840,21
504.68,204814,13856,21
505.93,205317,13872,21
507.27,205821,13896,21
508.49,206321,13916,21
509.78,206822,13932,21
511.13,207323,13948,21
512.46,207827,13968,21
513.69,208328,14004,21
515.02,208832,14020,21
516.25,209332,14044,21
517.55,209835,14068,21
518.81,210338,14080,21
519.96,210842,14096,21
521.28,211343,14120,21
522.47,211845,14140,21
523.66,212347,14188,21
524.84,212850,14212,21
526.15,213352,14240,21
527.32,213852,14256,21
528.58,214355,14268,21
529.81,214858,14280,21
531.07,215359,14320,21
532.39,215860,14324,21
533.62,216362,14336,21
534.86,216863,14372,21
536.32,217365,14388,21
537.56,217868,14400,21
538.76,218369,14428,21
540.04,218872,14460,21
541.28,219372,14488,21
542.58,219874,14496,21
543.83,220376,14516,21
545.22,220879,14540,21
546.43,221380,14572,21
547.62,221880,14596,21
548.9,222383,14624,21
550.18,222883,14656,21
551.48,223383,14688,21
552.72,223885,14696,21
553.99,224389,14712,21
555.21,224893,14748,21
556.51,225396,14760,21
557.76,225898,14768,21
559.04,226400,14776,21
560.43,226904,14804,21
561.6,227407,14828,21
562.85,227907,14852,21
564.02,228410,14884,21
565.35,228914,14908,21
566.67,229418,14924,21
567.93,229919,14944,21
569.32,230422,14968,21
570.56,230926,14980,21
571.72,231426,15004,21
572.96,231928,15052,21
574.19,232429,15088,21
575.4,232931,15104,21
576.54,233435,15124,21
577.8,233938,15140,21
579.08,234439,15164,21
580.17,234943,15180,21
581.42,235445,15192,21
582.61,235945,15208,21
583.82,236445,15216,21
585.05,236948,15236,21
586.31,237450,15268,21
587.51,237951,15296,21
588.73,238454,15316,21
590,238958,15328,21
591.33,239461,15340,21
592.49,239963,15360,21
593.63,240463,15388,21
594.89,240967,15412,21
596.13,241469,15444,21
597.34,241972,15468,21
598.46,242473,15484,21
599.61,242973,15512,21
600.78,243476,15544,21
601.98,243976,15564,21
603.19,244479,15576,21
604.47,244980,15608,21
606.08,245484,15624,21
607.31,245985,15668,21
608.85,246485,15692,21
610.19,246987,15712,21
611.58,247488,15736,21
612.86,247992,15760,21
614.15,248493,15776,21
615.43,248993,15804,21
616.73,249495,15832,21
618.01,249995,15864,21
619.33,250499,15900,21
620.46,251001,15916,21
621.72,251503,15940,21
623.12,252006,15972,21
624.42,252507,15992,21
625.68,253009,16012,21
626.86,253513,16048,21
628.09,254013,16064,21
629.29,254514,16092,21
630.47,255014,16104,21
631.76,255517,16132,21
632.92,256019,16152,21
634.1,256522,16172,21
635.27,257025,16192,21
636.4,257525,16228,21
637.73,258028,16240,21
639.02,258532,16256,21
640.16,259033,16280,21
641.33,259533,16292,21
642.49,260035,16316,21
643.61,260535,16336,21
644.78,261037,16340,21
646,261537,16384,21
647.2,262037,16404,21
648.39,262537,16428,21
649.64,263039,16436,21
650.81,263543,16460,21
652.11,264045,16484,21
653.13,264547,16504,21
654.26,265048,16528,21
655.5,265551,16552,21
656.8,266055,16576,21
657.99,266556,16580,21
659.19,267058,16588,21
660.51,267559,16604,21
661.64,268059,16604,21
662.81,268560,16640,21
664.04,269063,16660,21
665.36,269566,16692,21
666.63,270068,16720,21
667.89,270571,16740,21
669.01,271075,16748,21
670.22,271575,16776,21
671.44,272077,16816,21
672.76,272578,16832,21
674.03,273081,16856,21
675.29,273581,16876,21
676.56,274085,16908,21
677.62,274585,16940,21
678.79,275089,16956,21
680.06,275589,16984,21
681.65,276089,17000,21
682.97,276590,17032,21
684.34,277091,17064,21
685.59,277591,17100,21
686.91,278093,17132,21
688.11,278595,17136,21
689.25,279097,17152,21
690.55,279598,17184,21
691.78,280102,17200,21
692.91,280606,17212,21
694.2,281110,17236,21
695.39,281610,17248,21
696.66,282111,17268,21
697.82,282615,17292,21
698.9,283119,17324,21
700.13,283620,17340,21
701.32,284121,17348,21
702.53,284623,17372,21
703.78,285126,17384,21
704.96,285629,17416,21
706.04,286130,17436,21
707.26,286634,17452,21
708.55,287136,17488,21
709.87,287638,17512,21
711.13,288139,17528,21
712.33,288643,17544,21
713.57,289145,17568,21
714.77,289646,17608,21
715.98,290147,17624,21
717.2,290647,17636,21
718.42,291148,17664,21
719.63,291649,17684,21
720.86,292153,17696,21
722.06,292653,17716,21
723.32,293154,17736,21
724.43,293657,17748,21
725.7,294161,17796,21
726.99,294661,17816,21
728.2,295164,17828,21
729.38,295667,17840,21
730.59,296167,17868,21
731.75,296671,17884,21
733.06,297175,17896,21
734.33,297678,17924,21
735.58,298181,17940,21
736.79,298683,17964,21
737.99,299187,17996,21
739.29,299689,18024,21
740.48,300189,18044,21
741.71,300691,18068,21
742.84,301194,18096,21
743.98,301695,18112,21
745.18,302199,18124,21
746.31,302699,18144,21
747.5,303203,18176,21
748.6,303703,18192,21
749.88,304204,18224,21
751.08,304707,18236,21
752.31,305210,18252,21
753.61,305714,18276,21
754.94,306215,18296,21
756.33,306717,18316,21
757.59,307219,18336,21
758.85,307722,18356,21
760.17,308222,18384,21
761.35,308722,18412,21
762.39,309222,18440,21
763.65,309725,18476,21
764.93,310226,18496,21
766.15,310730,18536,21
767.42,311233,18564,21
768.73,311736,18572,21
770.06,312236,18592,21
771.39,312740,18620,21
772.66,313243,18624,21
773.79,313745,18644,21
775.03,314247,18664,21
776.17,314749,18684,21
777.54,315251,18692,21
778.8,315753,18720,21
779.95,316257,18736,21
781.28,316761,18764,21
782.63,317263,18800,21
783.93,317767,18828,21
785.13,318270,18856,21
786.44,318771,18880,21
787.68,319275,18896,21
788.98,319775,18924,21
790.28,320277,18952,21
791.58,320779,18960,21
792.87,321280,18984,21
794.05,321784,19016,21
795.35,322285,19036,21
796.53,322788,19040,21
797.77,323292,19060,21
798.94,323792,19096,21
800.06,324292,19128,21
801.21,324792,19160,21
802.39,325295,19188,21
803.7,325796,19212,21
805.04,326300,19236,21
806.46,326800,19264,21
807.73,327301,19288,21
808.96,327804,19308,21
810.27,328305,19348,21
811.63,328805,19376,21
812.9,329305,19392,21
814.17,329809,19416,21
815.44,330311,19448,21
816.72,330812,19480,21
818.31,331316,19520,21
819.65,331817,19540,21
820.89,332319,19556,21
822.14,332819,19572,21
823.32,333319,19608,21
824.59,333821,19636,21
1.12,503,4873,26
2.22,1003,5823,29
3.26,1506,5834,29
4.25,2007,5962,29
5.27,2508,5975,29
6.33,3011,6004,29
7.33,3513,6004,29
8.28,4016,6010,29
9.35,4518,6061,29
10.34,5019,6061,28
11.33,5519,6061,28
12.22,6019,6061,28
13.28,6520,6065,28
14.29,7020,6065,28
15.28,7521,6067,28
16.29,8021,6067,28
17.34,8521,6075,28
18.4,9021,6075,28
19.45,9524,6085,28
20.49,10026,6089,28
21.41,10528,6097,28
22.4,11028,6097,28
23.42,11528,6097,28
24.37,12028,6097,28
25.41,12528,6097,28
26.52,13028,6097,28
27.47,13528,6097,28
28.64,14029,6101,28
29.79,14533,6117,28
30.85,15035,6129,27
31.77,15535,6129,27
32.84,16035,6129,27
33.85,16535,6129,27
34.89,17035,6129,27
35.82,17535,6129,27
36.7,18035,6129,27
37.65,18535,6129,27
38.67,19036,6133,27
39.62,19536,6133,27
40.55,20036,6133,27
41.6,20538,6137,27
42.74,21039,6141,27
43.85,21542,6149,27
44.78,22044,6153,27
45.75,22546,6161,27
46.94,23046,6165,27
48.02,23547,6169,27
49.08,24048,6173,27
50.21,24549,6177,27
51.31,25051,6181,27
52.3,25551,6193,27
53.24,26053,6201,27
54.09,26555,6209,27
55.22,27058,6217,27
56.43,27561,6225,27
57.71,28063,6233,27
58.78,28565,6241,27
59.85,29065,6257,27
61,29565,6257,27
62.22,30065,6257,27
63.44,30567,6265,27
64.62,31071,6277,27
65.82,31575,6289,27
66.92,32078,6297,27
68.14,32581,6325,27
69.2,33083,6333,27
70.41,33587,6365,27
71.61,34088,6369,27
72.84,34590,6385,27
73.95,35090,6401,27
75.24,35592,6405,27
76.46,36093,6421,27
77.77,36597,6437,27
78.94,37099,6453,27
80.12,37601,6461,27
81.34,38104,6481,27
82.5,38604,6501,27
83.72,39107,6513,27
84.91,39609,6521,27
86.09,40109,6541,27
87.24,40611,6549,27
88.38,41114,6573,27
89.55,41616,6597,27
90.82,42116,6625,27
92.08,42619,6637,27
93.28,43123,6665,27
94.43,43627,6701,27
95.75,44127,6701,27
97.02,44628,6741,27
98.29,45132,6753,27
99.51,45635,6781,27
100.73,46136,6801,27
101.92,46636,6825,27
103.02,47138,6833,27
104.15,47638,6865,27
105.28,48142,6885,27
106.39,48646,6905,27
107.54,49148,6913,27
108.71,49648,6929,27
110.08,50149,6953,27
111.25,50650,6985,27
112.42,51153,7001,27
113.67,51653,7001,27
114.76,52154,7033,27
115.92,52654,7065,27
117.17,53154,7093,27
118.39,53656,7113,27
119.68,54160,7129,27
120.9,54660,7141,27
122.08,55160,7141,27
123.27,55660,7165,27
124.42,56160,7189,27
125.6,56664,7209,27
126.7,57168,7237,27
127.86,57672,7289,27
128.97,58172,7301,27
130.17,58673,7305,27
131.2,59175,7317,27
132.35,59676,7337,27
133.66,60180,7349,27
134.86,60684,7369,27
136.05,61188,7385,27
137.34,61690,7401,27
138.62,62193,7421,27
139.9,62696,7437,27
141.25,63200,7453,27
142.49,63700,7465,27
143.66,64204,7477,27
144.75,64705,7513,27
145.97,65209,7541,27
147.15,65712,7561,27
148.31,66215,7589,27
149.56,66719,7609,27
150.74,67220,7625,27
151.89,67722,7633,27
153.09,68223,7637,27
154.2,68726,7649,27
155.42,69228,7657,27
156.82,69731,7681,27
158.21,70234,7689,27
159.47,70734,7721,27
160.72,71235,7737,27
161.89,71739,7761,27
163.03,72240,7777,27
164.16,72741,7813,27
165.33,73243,7849,27
166.48,73747,7865,27
167.7,74247,7897,27
168.9,74749,7905,27
170.26,75252,7929,27
171.65,75756,7937,27
172.9,76256,7953,27
174.11,76758,7977,27
175.38,77258,7993,27
176.54,77758,8025,27
177.77,78260,8033,27
178.94,78762,8073,27
180.16,79264,8101,27
181.32,79768,8125,27
182.38,80271,8141,27
183.52,80772,8169,27
184.61,81272,8181,27
185.75,81775,8193,27
186.95,82275,8221,27
188.06,82779,8237,27
189.21,83281,8253,27
190.47,83782,8273,27
191.64,84285,8285,27
192.85,84787,8313,27
193.94,85291,8345,27
195.06,85793,8353,27
196.21,86297,8365,27
197.48,86798,8401,27
198.78,87300,8437,27
200.08,87800,8465,27
201.37,88303,8473,27
202.6,88804,8489,27
203.75,89305,8493,27
204.82,89807,8517,27
205.88,90310,8537,27
206.96,90811,8561,27
208.17,91313,8569,27
209.34,91813,8585,27
210.52,92313,8597,27
211.75,92817,8617,27
213.09,93320,8629,27
214.3,93821,8641,27
215.5,94325,8669,27
216.76,94826,8693,27
218.04,95326,8713,27
219.27,95826,8733,27
220.4,96326,8745,27
221.55,96827,8765,27
222.74,97329,8785,27
223.93,97832,8829,27
225.07,98332,8861,27
226.21,98833,8873,27
227.43,99337,8901,27
228.69,99837,8929,27
229.77,100338,8941,27
230.88,100840,8949,27
232.18,101342,8965,27
233.39,101843,8985,27
234.62,102347,9025,27
235.67,102850,9057,27
236.79,103353,9069,27
237.95,103856,9077,27
239.05,104356,9093,27
240.29,104858,9113,27
241.44,105360,9141,27
242.68,105861,9185,27
243.93,106361,9205,27
245.02,106863,9225,27
246.22,107363,9241,27
247.4,107864,9253,27
248.62,108364,9293,27
249.85,108866,9317,27
251.07,109367,9341,27
252.3,109867,9377,27
253.62,110368,9397,27
254.66,110868,9417,27
255.8,111371,9429,27
257.17,111874,9441,27
258.53,112375,9465,27
259.88,112879,9505,27
261.09,113382,9529,27
262.31,113883,9553,27
263.52,114383,9569,27
264.77,114884,9597,27
265.98,115385,9601,27
267.24,115889,9617,27
268.5,116389,9657,27
269.65,116890,9681,27
270.96,117392,9705,27
272.27,117894,9737,27
273.45,118394,9749,27
274.71,118896,9761,27
275.79,119396,9797,27
276.9,119898,9821,27
278.19,120398,9833,27
279.41,120900,9857,27
280.55,121402,9881,27
281.77,121905,9897,27
283,122409,9929,27
284.09,122913,9949,27
285.32,123416,9985,27
286.55,123919,10005,27
287.71,124421,10041,27
288.77,124922,10045,27
289.84,125423,10093,27
291.08,125926,10101,27
292.25,126427,10105,27
293.45,126930,10125,27
294.69,127430,10145,27
295.72,127930,10169,27
296.86,128431,10197,27
298.09,128934,10225,27
299.25,129434,10257,27
300.53,129934,10273,27
301.84,130436,10277,27
303.14,130940,10305,27
304.48,131442,10325,27
305.63,131944,10353,27
306.77,132447,10389,27
308.09,132950,10413,27
309.29,133452,10421,27
310.54,133955,10429,27
311.78,134457,10449,27
313.1,134959,10489,27
314.17,135463,10513,27
315.48,135964,10533,27
316.88,136465,10557,27
318.06,136966,10589,27
319.34,137466,10625,27
320.51,137970,10633,27
321.7,138470,10661,27
322.85,138972,10669,27
324.09,139476,10701,27
325.2,139980,10713,27
326.27,140482,10733,27
327.37,140984,10757,27
328.36,141484,10769,27
329.59,141986,10793,27
330.74,142488,10825,27
331.87,142990,10853,27
333.02,143494,10881,27
334.17,143994,10917,27
335.29,144496,10933,27
336.38,144997,10949,27
337.52,145501,10977,27
338.69,146001,11005,27
339.87,146502,11021,27
341.15,147005,11053,27
342.43,147505,11081,27
343.82,148005,11121,27
345.03,148505,11149,27
346.22,149006,11173,27
347.33,149508,11177,27
348.55,150009,11193,27
349.8,150510,11213,27
351.02,151014,11245,27
352.18,151514,11277,27
353.51,152018,11293,27
354.78,152521,11309,27
356,153022,11325,27
357.26,153524,11361,27
358.47,154028,11385,27
359.54,154528,11401,27
360.61,155030,11405,27
361.76,155533,11433,27
362.91,156036,11457,27
363.95,156539,11481,27
365.11,157042,11509,27
366.27,157544,11529,27
367.46,158044,11545,27
368.71,158544,11577,27
369.97,159045,11597,27
371.2,159548,11617,27
372.4,160049,11637,27
373.74,160551,11681,27
374.94,161053,11709,27
376.16,161553,11725,27
377.53,162055,11753,27
378.72,162557,11781,27
379.83,163060,11793,27
381.17,163562,11833,27
382.48,164063,11857,27
383.7,164563,11869,27
385.18,165064,11897,27
386.38,165566,11905,27
387.63,166066,11925,27
388.91,166569,11945,27
390.04,167070,11973,27
391.25,167571,11993,27
392.46,168073,12025,27
393.7,168576,12037,27
394.91,169078,12057,27
396.07,169578,12069,27
397.21,170081,12093,27
398.45,170585,12121,27
399.65,171085,12157,27
400.82,171589,12185,27
401.99,172092,12209,27
403.11,172592,12225,27
404.19,173092,12249,27
405.41,173594,12265,27
406.57,174095,12297,27
407.7,174596,12317,27
408.93,175098,12345,27
410.05,175600,12369,27
411.33,176104,12385,27
412.52,176605,12389,27
413.83,177109,12405,27
415.09,177613,12433,27
416.27,178114,12437,27
417.57,178615,12465,27
418.81,179117,12489,27
419.98,179619,12497,27
421.09,180120,12529,27
422.32,180623,12549,27
423.72,181124,12577,27
425.11,181624,12605,27
426.46,182128,12609,27
427.62,182629,12629,27
428.82,183131,12653,27
430.15,183634,12681,27
431.41,184137,12709,27
432.61,184641,12721,27
433.91,185145,12753,27
435.12,185646,12789,27
436.36,186149,12829,27
437.54,186653,12841,27
438.69,187154,12865,27
439.93,187655,12885,27
441.24,188155,12897,27
442.47,188658,12929,27
443.63,189160,12965,27
444.76,189664,12981,27
445.94,190168,12993,27
447.06,190671,13029,27
448.21,191173,13049,27
449.42,191677,13085,27
450.52,192178,13105,27
451.72,192682,13121,27
452.89,193182,13137,27
454,193682,13149,27
455.24,194182,13169,27
456.53,194685,13189,27
457.69,195187,13201,27
458.89,195691,13229,27
460.01,196191,13261,27
461.23,196693,13269,27
462.37,197196,13293,27
463.53,197699,13321,27
464.71,198200,13325,27
465.91,198701,13357,27
467.29,199201,13385,27
468.53,199701,13421,27
469.79,200201,13433,27
470.9,200701,13445,27
472.01,201205,13457,27
473.24,201707,13477,27
474.51,202210,13509,27
475.58,202711,13537,27
476.89,203213,13541,27
478.15,203717,13545,27
479.26,204217,13565,27
480.48,204721,13593,27
481.65,205225,13609,27
482.91,205728,13625,27
484.15,206230,13649,27
485.35,206734,13673,27
486.45,207236,13685,27
487.56,207739,13713,27
488.81,208242,13741,27
490.16,208742,13753,27
491.36,209246,13777,27
492.58,209750,13805,27
493.79,210250,13845,27
494.89,210753,13869,27
496.01,211254,13881,27
497.35,211754,13913,27
498.45,212258,13929,27
499.55,212760,13945,27
500.66,213260,13945,27
501.76,213763,13957,27
502.94,214267,13973,27
504.2,214770,13997,27
505.43,215271,14013,27
506.67,215774,14017,27
507.99,216274,14029,27
509.38,216778,14053,27
510.64,217282,14069,27
511.98,217784,14105,27
513.17,218285,14117,27
514.31,218788,14133,27
515.45,219292,14153,27
516.66,219796,14181,27
517.84,220297,14217,27
519.02,220799,14245,27
520.58,221302,14269,27
521.95,221802,14293,27
523.13,222303,14313,27
524.28,222803,14345,27
525.45,223303,14377,27
526.75,223806,14385,27
527.88,224307,14397,27
529.13,224810,14421,27
530.43,225311,14449,27
531.62,225815,14481,27
532.78,226319,14505,27
533.99,226822,14517,27
535.2,227322,14537,27
536.5,227825,14565,27
537.82,228326,14593,27
538.97,228827,14605,27
540.19,229330,14625,27
541.3,229834,14653,27
542.49,230336,14697,27
543.64,230837,14709,27
544.77,231339,14733,27
545.93,231839,14749,27
546.94,232341,14777,27
548.01,232841,14793,27
549.13,233344,14813,27
550.26,233848,14829,27
551.27,234348,14841,27
552.39,234851,14865,27
553.67,235353,14901,27
554.85,235853,14949,27
556.24,236356,14961,27
557.6,236856,14985,27
558.93,237358,15017,27
560.08,237858,15033,27
561.32,238361,15049,27
562.54,238864,15069,27
563.93,239366,15097,27
565.24,239870,15125,27
566.55,240371,15149,27
567.6,240875,15173,27
568.8,241379,15213,27
569.99,241880,15225,27
571.11,242383,15253,27
572.22,242884,15277,27
573.43,243385,15305,27
574.6,243887,15329,27
575.87,244391,15345,27
577.12,244892,15361,27
578.62,245393,15389,27
579.78,245895,15401,27
580.99,246398,15417,27
582.28,246901,15441,27
583.65,247404,15465,27
585.01,247905,15497,27
586.36,248406,15517,27
587.5,248910,15549,27
588.74,249412,15557,27
590.1,249914,15577,27
591.36,250414,15597,27
592.58,250916,15609,27
593.7,251419,15633,27
594.97,251919,15657,27
596.13,252422,15677,27
597.29,252924,15697,27
598.58,253424,15713,27
599.81,253924,15733,27
601,254427,15765,27
602.11,254930,15785,27
603.37,255434,15813,27
604.71,255938,15865,27
606.13,256439,15885,27
607.34,256940,15909,27
608.68,257443,15937,27
609.97,257947,15957,27
611.25,258448,15981,27
612.42,258948,15997,27
613.74,259449,16033,27
614.92,259952,16049,27
616.19,260455,16069,27
617.54,260955,16089,27
618.79,261459,16105,27
619.9,261959,16129,27
621.09,262463,16137,27
622.3,262965,16145,27
623.52,263467,16177,27
624.9,263968,16181,27
626.14,264468,16201,27
627.3,264972,16225,27
628.6,265475,16253,27
629.76,265975,16285,27
631.02,266475,16305,27
632.29,266977,16337,27
633.38,267477,16373,27
634.57,267978,16393,27
635.73,268481,16429,27
636.98,268981,16449,27
638.15,269482,16461,27
639.31,269986,16497,27
640.62,270490,16513,27
641.83,270994,16537,27
643.02,271497,16581,27
644.19,272000,16601,27
645.39,272504,16629,27
646.6,273008,16653,27
647.79,273508,16669,27
649.06,274011,16689,27
650.19,274511,16721,27
651.39,275014,16737,27
652.71,275516,16765,27
653.95,276020,16793,27
655.1,276522,16813,27
656.31,277022,16837,27
657.48,277525,16857,27
658.57,278029,16873,27
659.81,278530,16897,27
661.02,279030,16909,27
662.12,279530,16929,27
663.35,280033,16941,27
664.62,280535,16957,27
665.72,281035,16965,27
666.95,281539,16993,27
668.17,282039,17025,27
669.39,282539,17069,27
670.74,283040,17085,27
671.88,283540,17105,27
673.07,284043,17129,27
674.37,284544,17149,27
675.75,285047,17177,27
677.01,285548,17197,27
678.3,286051,17237,27
679.67,286555,17261,27
680.91,287056,17293,27
682.2,287556,17317,27
683.47,288060,17329,27
684.81,288561,17353,27
686.06,289061,17365,27
687.34,289561,17381,27
688.66,290063,17405,27
689.77,290566,17437,27
691.18,291066,17465,27
692.62,291566,17493,27
693.84,292069,17529,27
695.12,292571,17569,27
696.37,293075,17581,27
697.49,293576,17601,27
698.74,294078,17625,27
700.17,294578,17641,27
701.46,295080,17661,27
702.97,295580,17685,27
704.32,296082,17705,27
705.52,296582,17733,27
706.72,297084,17753,27
708.11,297584,17777,27
709.49,298085,17781,27
710.68,298589,17797,27
711.92,299089,17817,27
713.15,299591,17825,27
714.29,300094,17853,27
715.45,300598,17881,27
716.79,301100,17905,27
718.13,301600,17941,27
719.46,302101,17953,27
720.7,302605,17985,27
721.85,303105,18013,27
723,303609,18029,27
724.09,304109,18045,27
725.29,304611,18065,27
727.15,305111,18097,27
728.64,305613,18109,27
729.87,306116,18121,27
731.22,306617,18137,27
732.62,307118,18161,27
734.06,307621,18197,27
735.29,308122,18225,27
736.61,308623,18253,27
737.94,309126,18265,27
739.17,309630,18285,27
740.52,310134,18317,27
741.74,310636,18337,27
742.98,311140,18369,27
744.29,311644,18385,27
745.84,312144,18421,27
746.99,312644,18441,27
748.35,313147,18469,27
749.44,313647,18497,27
750.57,314150,18521,27
751.77,314654,18537,27
752.86,315155,18557,27
754.05,315659,18569,27
755.29,316160,18601,27
756.48,316664,18633,27
757.88,317165,18653,27
759.32,317669,18665,27
760.93,318173,18709,27
762.11,318676,18729,27
763.24,319177,18753,27
764.42,319681,18785,27
765.63,320183,18817,27
766.92,320684,18821,27
768.52,321186,18829,27
769.83,321690,18849,27
771.06,322190,18869,27
772.49,322690,18881,27
773.77,323194,18909,27
775.1,323696,18941,27
776.34,324198,18961,27
777.55,324699,18993,27
778.94,325203,19005,27
780.35,325705,19013,27
781.74,326205,19037,27
783.01,326705,19057,27
784.24,327205,19085,27
785.56,327706,19089,27
787,328210,19129,27
788.4,328712,19165,27
790.04,329213,19189,27
791.27,329716,19197,27
792.59,330219,19213,27
793.92,330721,19229,27
795.2,331222,19261,27
796.61,331725,19273,27
797.96,332228,19313,27
799.27,332729,19345,27
800.57,333233,19361,27
801.94,333733,19397,27
803.22,334234,19417,27
804.62,334734,19453,27
805.79,335237,19481,27
807.09,335740,19497,27
808.52,336244,19513,27
809.79,336747,19517,27
810.95,337248,19533,27
812.32,337751,19545,27
813.35,338252,19573,27
814.47,338752,19573,27
815.64,339253,19597,27
816.96,339756,19625,27
818.17,340256,19645,27
819.4,340759,19665,27
820.54,341262,19689,27
821.76,341762,19705,27
823.14,342265,19717,27
824.39,342768,19733,27
825.58,343269,19773,27
826.76,343772,19785,27
828.03,344273,19801,27
829.45,344775,19841,27
830.77,345276,19873,27
832.14,345776,19889,27
833.37,346277,19901,27
834.64,346777,19913,27
835.9,347280,19933,27
837.24,347784,19945,27
838.65,348288,19973,27
839.92,348792,20005,27
841.24,349295,20029,27
842.53,349796,20053,27
844.27,350300,20073,27
845.53,350801,20101,27
846.75,351301,20113,27
847.96,351804,20153,27
849.24,352306,20173,27
850.61,352810,20197,27
851.93,353312,20229,27
853.25,353813,20249,27
854.44,354314,20265,27
855.63,354818,20277,27
856.95,355318,20309,27
858.19,355820,20333,27
859.64,356322,20341,27
861.19,356822,20373,27
862.35,357324,20377,27
863.69,357828,20389,27
864.92,358328,20417,27
866.23,358828,20425,27
867.39,359329,20449,27
868.71,359831,20485,27
870.07,360334,20509,27
871.31,360838,20529,27
872.54,361339,20545,27
873.91,361843,20569,27
875.14,362343,20601,27
876.4,362843,20621,27
877.67,363346,20657,27
879.1,363847,20677,27
880.33,364351,20709,27
881.6,364853,20733,27
882.79,365356,20745,27
884.1,365858,20761,27
885.24,366361,20781,27
886.43,366865,20797,27
887.66,367369,20829,27
888.82,367871,20845,27
889.91,368372,20849,27
891.15,368874,20861,27
892.46,369377,20881,27
893.84,369880,20921,27
895.32,370382,20941,27
896.64,370885,20965,27
897.92,371386,20989,27
899.04,371887,21005,27
900.23,372391,21029,27
901.45,372891,21049,27
902.64,373393,21069,27
903.84,373895,21077,27
904.99,374397,21085,27
906.31,374899,21097,27
907.62,375402,21129,27
909.04,375904,21169,27
910.36,376406,21193,27
911.53,376909,21217,27
912.92,377410,21249,27
914.18,377912,21257,27
915.48,378416,21289,27
916.82,378916,21321,27
918.16,379416,21345,27
919.33,379917,21361,27
920.53,380417,21381,27
922.07,380920,21405,27
923.46,381423,21425,27
924.9,381924,21445,27
926.25,382425,21461,27
927.52,382927,21469,27
928.81,383428,21517,27
930.04,383930,21537,27
931.55,384433,21541,27
932.84,384935,21561,27
934.17,385437,21589,27
935.48,385941,21601,27
936.79,386445,21637,27
938.19,386947,21657,27
939.43,387448,21677,27
940.69,387952,21705,27
942.02,388452,21725,27
943.37,388955,21749,27
944.79,389459,21765,27
946.04,389959,21773,27
947.29,390461,21797,27
948.58,390964,21805,27
949.86,391467,21837,27
950.96,391969,21841,27
952.19,392470,21845,27
953.46,392971,21865,27
954.62,393471,21881,27
956.05,393973,21901,27
957.25,394476,21913,27
958.5,394978,21933,27
959.9,395480,21957,27
961.21,395983,21965,27
962.42,396484,21993,27
963.51,396984,21993,27
964.69,397487,22001,27
966.01,397989,22017,27
967.26,398490,22037,27
968.51,398992,22069,27
969.86,399495,22089,27
971.04,399997,22097,27
972.36,400501,22129,27
973.8,401002,22161,27
975.04,401505,22177,27
976.28,402006,22201,27
977.6,402510,22225,27
978.87,403012,22245,27
980.15,403515,22273,27
981.37,404019,22297,27
982.68,404519,22325,27
983.89,405022,22349,27
985.15,405522,22373,27
986.38,406023,22377,27
987.75,406524,22393,27
988.91,407027,22401,27
990.08,407530,22421,27
991.49,408030,22461,27
992.85,408533,22473,27
994.14,409037,22493,27
995.52,409540,22501,27
996.75,410043,22525,27
998.09,410544,22553,27
999.36,411048,22585,27
1000.74,411551,22593,27
1001.94,412053,22601,27
1003.1,412554,22621,27
1004.31,413054,22633,27
1005.46,413554,22677,27
1006.64,414058,22721,27
1007.84,414559,22745,27
1009.21,415062,22757,27
1010.52,415566,22785,27
1011.86,416068,22813,27
1013.2,416570,22837,27
1014.43,417071,22861,27
1015.88,417574,22893,27
1017.12,418076,22901,27
1018.42,418576,22917,27
1019.82,419080,22953,27
1021.06,419583,22965,27
1022.47,420085,22981,27
1023.8,420588,22997,27
1025.21,421090,23037,27
1026.5,421590,23061,27
1027.73,422091,23081,27
1029.08,422595,23125,27
1030.35,423097,23145,27
1031.65,423600,23169,27
1032.77,424100,23181,27
1034.1,424601,23221,27
1035.24,425105,23241,27
1036.65,425606,23257,27
1037.84,426109,23273,27
1039.07,426611,23293,27
1040.18,427115,23321,27
1041.29,427619,23341,27
1042.63,428121,23385,27
1043.79,428624,23405,27
1045.1,429127,23449,27
1046.34,429629,23465,27
1047.71,430131,23493,27
1048.93,430633,23521,27
1050.08,431136,23541,27
1051.29,431640,23573,27
1052.47,432140,23593,27
1053.86,432640,23609,27
1055.11,433141,23645,27
1056.41,433644,23653,27
1057.66,434144,23685,27
1059.12,434644,23709,27
1060.35,435147,23721,27
1061.85,435649,23761,27
1063.09,436152,23789,27
1064.27,436652,23809,27
1065.48,437153,23857,27
1066.7,437657,23873,27
1067.96,438161,23913,27
1069.05,438664,23937,27
1070.33,439168,23989,27
1071.52,439670,23997,27
1072.85,440171,24021,27
1074.08,440672,24033,27
1075.43,441173,24045,27
1076.74,441674,24061,27
1077.9,442174,24089,27
1079.21,442675,24117,27
1080.51,443175,24117,27
1081.68,443679,24133,27
1082.85,444179,24149,27
1084.04,444679,24161,27
1085.29,445180,24181,27
1086.57,445684,24197,27
1087.91,446187,24201,27
1089.02,446688,24221,27
1090.31,447188,24233,27
1091.58,447689,24253,27
1092.85,448191,24281,27
1094.2,448694,24305,27
1095.47,449197,24329,27
1096.73,449700,24353,27
1098.07,450201,24369,27
1099.31,450702,24409,27
1100.56,451205,24421,27
1101.7,451708,24433,27
1102.93,452211,24453,27
1104.19,452713,24477,27
1105.46,453215,24497,27
1106.64,453717,24525,27
1107.9,454218,24545,27
1109.14,454722,24573,27
1110.36,455222,24605,27
1111.55,455722,24629,27
1112.92,456226,24661,27
1114.23,456730,24677,27
1115.41,457230,24713,27
1116.77,457733,24721,27
1118.09,458233,24733,27
1119.32,458733,24741,27
1120.52,459237,24753,27
1121.83,459740,24777,27
1122.98,460243,24805,27
1124.44,460747,24849,27
1126,461249,24861,27
1127.26,461750,24881,27
1128.49,462253,24893,27
1129.7,462754,24925,27
1130.86,463254,24941,27
1132.12,463758,24965,27
1133.4,464260,24981,27
1134.77,464763,25005,27
1136.22,465263,25021,27
1137.58,465765,25057,27
1138.87,466266,25069,27
1139.89,466769,25105,27
1141.03,467273,25125,27
1142.18,467773,25133,27
1143.35,468275,25157,27
1144.77,468777,25189,27
1146.04,469281,25221,27
1147.48,469782,25253,27
1148.76,470286,25281,27
1150.05,470789,25317,27
1151.27,471292,25349,27
1152.44,471794,25353,27
1153.58,472298,25389,27
1154.9,472798,25413,27
1156.2,473302,25421,27
1157.83,473803,25441,27
1159.37,474303,25449,27
1160.74,474806,25457,27
1162.05,475307,25497,27
1163.44,475808,25517,27
1164.69,476308,25541,27
1166.24,476808,25561,27
1167.5,477311,25585,27
1168.8,477815,25597,27
1170.03,478318,25645,27
1171.23,478821,25693,27
1172.53,479325,25717,27
1173.8,479828,25741,27
1174.9,480328,25765,27
1176.09,480829,25785,27
1177.26,481331,25813,27
1178.54,481831,25861,27
1179.99,482332,25897,27
1181.29,482832,25913,27
1182.52,483336,25949,27
1183.75,483840,25961,27
1185.14,484340,25973,27
1186.39,484843,25997,27
1187.67,485344,26017,27
1188.93,485845,26033,27
1190,486346,26057,27
1191.27,486850,26081,27
1192.35,487350,26097,27
1193.68,487854,26129,27
1195.07,488358,26173,27
1196.49,488859,26193,27
1197.83,489363,26213,27
1199.1,489863,26229,27
1200.47,490365,26249,27
1201.72,490867,26277,27
1202.98,491369,26297,27
1204.25,491870,26313,27
1205.57,492372,26333,27
1206.96,492875,26345,27
1208.32,493376,26361,27
1209.57,493878,26369,27
1211.42,494382,26393,27
1212.49,494883,26397,27
1213.57,495386,26425,27
1214.91,495890,26449,27
1216.21,496394,26461,27
1217.44,496894,26497,27
1218.7,497395,26525,27
1219.99,497897,26553,27
1221.29,498398,26581,27
1222.42,498898,26609,27
1223.59,499402,26625,27
1224.83,499906,26657,27
1226.15,500410,26685,27
1227.42,500911,26709,27
1228.74,501412,26737,27
1229.94,501912,26761,27
1231.06,502415,26789,27
1232.17,502916,26813,27
1233.46,503417,26833,27
1234.76,503920,26849,27
1235.94,504424,26873,27
1237.42,504926,26913,27
1238.67,505430,26945,27
1239.96,505932,26953,27
1241.19,506432,26977,27
1242.45,506935,27021,27
1243.68,507435,27053,27
1244.97,507936,27089,27
1246.23,508437,27113,27
1247.98,508941,27153,27
1249.23,509441,27189,27
1250.53,509942,27213,27
1251.78,510444,27237,27
1252.99,510948,27277,27
1254.2,511452,27297,27
1255.6,511954,27321,27
1256.86,512457,27345,27
1258.15,512960,27373,27
1259.36,513462,27397,27
1260.55,513964,27421,27
1261.89,514464,27477,27
1263.04,514966,27497,27
1264.27,515470,27521,27
1265.56,515974,27537,27
1266.9,516478,27569,27
1268.2,516978,27589,27
1269.48,517480,27621,27
1270.82,517983,27641,27
1272.07,518485,27681,27
1273.28,518987,27705,27
1274.59,519488,27737,27
1275.97,519988,27761,27
1277.33,520491,27781,27
1278.59,520995,27809,27
1279.84,521495,27833,27
1281.24,521995,27849,27
1282.48,522498,27877,27
1283.88,522999,27889,27
1285.06,523502,27917,27
1286.33,524002,27933,27
1287.49,524504,27977,27
1288.81,525006,27997,27
1290.15,525508,28029,27
1291.44,526012,28057,27
1292.75,526512,28089,27
1293.97,527012,28109,27
1295.28,527516,28121,27
1296.58,528020,28161,27
1297.87,528523,28177,27
1299.04,529024,28217,27
1300.28,529528,28265,27
1301.59,530028,28301,27
1302.88,530529,28325,27
1304.24,531030,28345,27
1305.62,531530,28365,27
1306.84,532033,28389,27
1308.13,532533,28425,27
1309.37,533035,28433,27
1310.53,533536,28445,27
1311.91,534040,28477,27
1313.13,534541,28493,27
1314.34,535043,28509,27
1315.57,535547,28517,27
1316.87,536051,28557,27
1318.24,536554,28593,27
1319.43,537057,28609,27
1320.74,537560,28641,27
1321.96,538062,28673,27
1323.3,538563,28705,27
1324.61,539066,28729,27
1325.95,539569,28753,27
1327.26,540071,28789,27
1328.69,540574,28813,27
1329.93,541078,28845,27
1331.12,541578,28873,27
1332.36,542081,28897,27
1333.72,542582,28945,27
1335.02,543085,28965,27
1336.45,543587,28981,27
1337.72,544089,29017,27
1338.94,544590,29037,27
1340.25,545090,29069,27
1341.54,545590,29089,27
1342.96,546090,29101,27
1344.22,546592,29109,27
1345.55,547093,29153,27
1346.93,547594,29197,27
1348.24,548094,29225,27
1349.39,548595,29229,27
1350.5,549097,29237,27
1351.87,549599,29273,27
1353.38,550099,29321,27
1354.73,550599,29341,27
1356.05,551102,29373,27
1357.29,551604,29385,27
1358.51,552106,29405,27
1360.14,552606,29425,27
1361.55,553107,29437,27
1363.03,553607,29465,27
1364.42,554107,29485,27
1365.57,554611,29513,27
1366.91,555113,29537,27
1368.25,555613,29553,27
1369.62,556117,29585,27
1371,556621,29609,27
1372.29,557124,29625,27
1373.75,557628,29641,27
1375.02,558129,29661,27
1376.37,558632,29697,27
1377.65,559133,29701,27
1378.9,559634,29721,27
1380.35,560136,29745,27
1381.63,560640,29757,27
1382.79,561142,29777,27
1384.09,561646,29805,27
1385.25,562148,29825,27
1386.46,562648,29833,27
1387.74,563148,29861,27
1389.04,563649,29889,27
1390.36,564150,29921,27
1391.68,564651,29941,27
1393,565152,29961,27
1394.22,565656,29977,27
1395.49,566156,29997,27
1396.91,566659,30025,27
1398.27,567163,30041,27
1399.66,567666,30069,27
1401.06,568168,30097,27
1402.52,568668,30121,27
1403.82,569172,30137,27
1405.32,569675,30165,27
1406.7,570175,30181,27
1408.17,570677,30209,27
1409.5,571179,30213,27
1410.88,571681,30233,27
1412.16,572181,30269,27
1413.41,572685,30285,27
1414.65,573189,30305,27
1415.89,573689,30329,27
1417.08,574189,30369,27
1418.48,574693,30397,27
1419.84,575195,30405,27
1421.08,575698,30433,27
1422.45,576198,30469,27
1423.83,576699,30501,27
1425,577202,30533,27
1426.4,577703,30561,27
1427.63,578207,30593,27
1428.87,578708,30629,27
1430.17,579208,30653,27
1431.45,579708,30677,27
1432.75,580209,30681,27
1434.06,580709,30693,27
1435.19,581212,30705,27
1436.49,581714,30749,27
1437.69,582215,30777,27
1438.94,582719,30805,27
1440.11,583220,30821,27
1441.41,583722,30841,27
1442.78,584224,30869,27
1444.1,584724,30897,27
1445.34,585225,30921,27
1446.54,585726,30945,27
1447.88,586229,30961,27
1449.29,586732,30977,27
1450.59,587234,30993,27
1452.24,587738,31025,27
1453.62,588241,31045,27
1454.88,588745,31057,27
1456.1,589246,31081,27
1457.54,589749,31125,27
1458.8,590251,31133,27
1460.12,590754,31141,27
1461.35,591254,31161,27
1462.6,591755,31185,27
1463.99,592255,31201,27
1465.05,592755,31217,27
1466.16,593259,31245,27
1467.28,593761,31257,27
1468.45,594264,31281,27
1469.76,594768,31309,27
1470.95,595270,31337,27
1472.26,595774,31357,27
1473.6,596274,31389,27
1474.8,596777,31413,27
1475.91,597279,31421,27
1477.06,597781,31429,27
1478.28,598283,31453,27
1479.64,598786,31473,27
1480.94,599290,31489,27
1482.34,599792,31505,27
1483.56,600295,31525,27
1484.83,600798,31553,27
1486.11,601301,31565,27
1487.32,601804,31589,27
1488.71,602305,31621,27
1490.15,602806,31653,27
1491.37,603308,31681,27
1492.75,603808,31689,27
1494.06,604310,31709,27
1495.46,604814,31717,27
1496.67,605318,31749,27
1497.91,605820,31757,27
1499.16,606323,31769,27
1500.42,606823,31785,27
1501.76,607327,31805,27
1502.98,607830,31825,27
1504.2,608333,31837,27
1505.61,608834,31865,27
1506.8,609335,31901,27
1508.27,609836,31925,27
1509.61,610338,31953,27
1511,610840,31981,27
1512.33,611340,32009,27
1513.61,611843,32021,27
1514.99,612347,32053,27
1516.36,612851,32069,27
1517.85,613354,32121,27
1519.12,613857,32161,27
1520.38,614359,32185,27
1521.67,614862,32193,27
1522.86,615366,32209,27
1524.12,615866,32237,27
1525.39,616366,32281,27
1526.62,616869,32305,27
1527.86,617372,32341,27
1528.99,617873,32361,27
1530.35,618377,32397,27
1531.53,618880,32429,27
1532.78,619384,32441,27
1533.99,619888,32469,27
1535.21,620389,32493,27
1536.44,620893,32537,27
1537.7,621393,32565,27
1538.84,621893,32589,27
1540.12,622396,32613,27
1541.46,622897,32633,27
1542.69,623397,32653,27
1544.15,623899,32681,27
1545.44,624401,32701,27
1546.72,624901,32725,27
1548.02,625402,32745,27
1549.34,625902,32773,27
1550.67,626402,32789,27
1551.92,626906,32813,27
1553.16,627407,32829,27
1554.42,627910,32849,27
1555.85,628414,32889,27
1557.17,628918,32921,27
1558.51,629420,32929,27
1559.97,629922,32953,27
1561.25,630425,32973,27
1562.59,630928,32981,27
1563.84,631430,33005,27
1565.11,631932,33029,27
1566.35,632436,33061,27
1567.67,632936,33089,27
1568.99,633437,33093,27
1570.25,633937,33117,27
1571.6,634438,33137,27
1572.87,634940,33157,27
1574.11,635440,33173,27
1575.47,635942,33217,27
1576.76,636445,33237,27
1578.14,636949,33265,27
1579.51,637452,33297,27
1580.93,637955,33341,27
1582.23,638456,33357,27
1583.46,638958,33365,27
1584.62,639462,33385,27
1585.79,639966,33409,27
1587.01,640466,33433,27
1588.16,640967,33453,27
1589.48,641471,33477,27
1590.59,641971,33505,27
1592.04,642475,33533,27
1593.3,642975,33549,27
1594.63,643478,33573,27
1595.8,643982,33593,27
1597.09,644486,33625,27
1598.44,644987,33661,27
1599.76,645487,33685,27
1601.07,645990,33705,27
1602.45,646491,33749,27
1603.84,646991,33781,27
1605.07,647492,33805,27
1606.37,647994,33813,27
1607.63,648495,33817,27
1608.93,648999,33829,27
1610.28,649499,33853,27
1611.52,650001,33865,27
1612.74,650504,33885,27
1614.04,651005,33905,27
1615.18,651509,33921,27
1616.54,652013,33933,27
1617.82,652515,33949,27
1619.03,653019,33961,27
1620.3,653521,33985,27
1621.55,654023,34025,27
1622.87,654523,34041,27
1624.08,655026,34053,27
1625.45,655529,34093,27
1626.66,656033,34117,27
1627.86,656537,34149,27
1629.15,657038,34153,27
1630.49,657538,34173,27
1631.73,658039,34213,27
1632.94,658541,34241,27
1634.32,659044,34261,27
1635.72,659546,34281,27
1637.04,660050,34305,27
1638.38,660551,34329,27
1639.75,661054,34349,27
1641.16,661558,34373,27
1642.38,662059,34385,27
1643.77,662561,34421,27
1645.14,663062,34441,27
1646.38,663565,34457,27
1647.68,664067,34477,27
1648.95,664571,34505,27
1650.47,665074,34533,27
1651.8,665576,34541,27
1652.96,666077,34553,27
1654.44,666579,34573,27
1655.78,667079,34601,27
1657.08,667583,34621,27
1658.4,668087,34645,27
1659.73,668589,34669,27
1661.07,669092,34709,27
1662.22,669594,34717,27
1663.55,670095,34741,27
1664.91,670599,34757,27
1666.21,671102,34781,27
1667.4,671602,34801,27
1668.64,672103,34825,27
1670.03,672606,34837,27
1671.34,673107,34865,27
1672.56,673607,34877,27
1673.9,674109,34901,27
1675.15,674612,34913,27
1676.47,675113,34949,27
1677.7,675614,34973,27
1679.06,676118,35001,27
1680.34,676618,35021,27
1681.6,677119,35049,27
1682.98,677621,35065,27
1684.25,678124,35093,27
1685.54,678626,35117,27
1686.7,679130,35129,27
1687.98,679634,35165,27
1689.23,680134,35185,27
1690.55,680634,35217,27
1691.92,681134,35237,27
1693.27,681635,35265,27
1694.52,682138,35285,27
1695.77,682638,35305,27
1697.25,683140,35325,27
1698.64,683643,35349,27
1699.86,684145,35365,27
1701.27,684649,35393,27
1702.59,685149,35413,27
1704.17,685650,35417,27
1705.47,686152,35437,27
1706.75,686654,35457,27
1708.16,687156,35489,27
1709.46,687657,35505,27
1710.75,688157,35533,27
1711.98,688657,35561,27
1713.29,689161,35573,27
1714.76,689664,35581,27
1715.96,690164,35613,27
1717.26,690667,35625,27
1718.62,691169,35657,27
1719.88,691669,35685,27
1721.2,692171,35717,27
1722.63,692675,35749,27
1723.91,693179,35773,27
1725.21,693679,35801,27
1726.56,694179,35821,27
1727.83,694682,35833,27
1729.27,695183,35865,27
1730.55,695685,35885,27
1731.92,696185,35905,27
1733.47,696687,35929,27
1734.66,697187,35953,27
1735.84,697691,35969,27
1737.12,698191,35997,27
1738.37,698691,36021,27
1739.71,699192,36053,27
1741.08,699696,36065,27
1742.55,700199,36093,27
1743.85,700699,36129,27
1745.37,701199,36145,27
1746.68,701702,36173,27
1747.93,702206,36181,27
1749.24,702708,36205,27
1750.56,703212,36229,27
1751.91,703712,36245,27
1753.33,704213,36261,27
1754.69,704717,36285,27
1756.25,705217,36301,27
1757.72,705720,36329,27
1759.23,706220,36349,27
1760.65,706724,36365,27
1762.07,707228,36381,27
1763.79,707732,36421,27
1765.17,708236,36457,27
1766.67,708740,36481,27
1768.01,709243,36513,27
1769.39,709746,36545,27
1770.68,710248,36561,27
1772.03,710749,36589,27
1773.35,711250,36613,27
1774.66,711753,36637,27
1776.02,712256,36665,27
1777.39,712759,36697,27
1778.75,713259,36697,27
1780.06,713761,36713,27
1781.38,714265,36741,27
1782.75,714766,36757,27
1784.09,715268,36773,27
1785.45,715768,36801,27
1786.63,716271,36825,27
1788,716772,36861,27
1789.42,717275,36897,27
1790.72,717779,36917,27
1792.01,718281,36937,27
1793.54,718782,36957,27
1795.02,719283,36961,27
1796.34,719787,36993,27
1797.67,720290,37001,27
1798.99,720793,37025,27
1800.28,721297,37045,27
1801.66,721798,37049,27
1802.93,722299,37069,27
1804.28,722803,37089,27
1805.67,723303,37117,27
1806.95,723805,37141,27
1808.21,724306,37165,27
1809.47,724808,37181,27
1810.82,725311,37205,27
1812.1,725815,37229,27
1813.34,726316,37233,27
1814.63,726819,37269,27
1815.89,727323,37293,27
1817.08,727827,37305,27
1818.39,728327,37325,27
1819.63,728830,37337,27
1820.88,729330,37365,27
1822.14,729833,37389,27
1823.5,730333,37389,27
1824.9,730833,37421,27
1826.15,731336,37433,27
1827.58,731839,37461,27
1828.85,732340,37485,27
1830.1,732840,37509,27
1831.52,733342,37549,27
1832.85,733843,37553,27
1834.3,734347,37593,27
1835.58,734848,37629,27
1836.91,735352,37653,27
1838.13,735853,37669,27
1839.58,736357,37693,27
1840.86,736857,37705,27
1842.12,737358,37741,27
1843.47,737859,37761,27
1844.86,738363,37781,27
1846.25,738863,37797,27
1847.53,739366,37821,27
1848.81,739867,37841,27
1850.19,740368,37869,27
1851.45,740871,37885,27
1852.87,741375,37917,27
1854.13,741876,37945,27
1855.58,742376,37961,27
1856.79,742878,37997,27
1858.13,743379,38009,27
1859.34,743883,38017,27
1860.63,744385,38049,27
1862,744889,38065,27
1863.31,745389,38085,27
1864.69,745890,38105,27
1866.05,746394,38133,27
1867.5,746895,38149,27
1868.96,747398,38157,27
1870.2,747902,38177,27
1871.53,748405,38213,27
1872.88,748908,38237,27
1874.24,749408,38265,27
1875.57,749911,38273,27
1876.76,750412,38309,27
1878.15,750915,38337,27
1879.4,751416,38357,27
1880.78,751919,38365,27
1882.01,752419,38389,27
1883.33,752921,38425,27
1884.9,753425,38441,27
1886.16,753926,38457,27
1887.57,754429,38493,27
1888.89,754931,38533,27
1890.3,755433,38557,27
1891.68,755937,38585,27
1893.06,756437,38613,27
1894.46,756941,38633,27
1895.66,757444,38653,27
1896.97,757946,38677,27
1898.15,758446,38713,27
1899.5,758946,38725,27
1900.67,759447,38753,27
1901.94,759947,38773,27
1903.21,760450,38797,27
1904.73,760950,38821,27
1906.09,761452,38841,27
1907.38,761952,38865,27
1908.79,762455,38889,27
1909.9,762955,38901,27
1911.11,763458,38909,27
1912.43,763962,38937,27
1913.63,764462,38977,27
1914.94,764964,39001,27
1916.32,765467,39021,27
1917.78,765970,39037,27
1918.98,766470,39073,27
1920.36,766970,39097,27
1921.58,767474,39121,27
1922.91,767976,39153,27
1924.14,768480,39181,27
1925.52,768981,39205,27
1926.89,769484,39225,27
1928.1,769988,39245,27
1929.44,770492,39261,27
1930.69,770996,39293,27
1932.1,771500,39321,27
1933.44,772001,39341,27
1934.63,772503,39373,27
1935.94,773004,39397,27
1937.23,773508,39429,27
1938.56,774011,39461,27
1939.93,774511,39497,27
1941.17,775014,39509,27
1942.43,775516,39537,27
1943.83,776020,39565,27
1945.02,776522,39585,27
1946.29,777024,39593,27
1947.69,777528,39621,27
1949.01,778032,39633,27
1950.51,778533,39649,27
1951.83,779035,39677,27
1953.02,779539,39693,27
1954.39,780042,39725,27
1955.85,780544,39749,27
1957.26,781048,39761,27
1958.44,781548,39801,27
1959.62,782050,39841,27
1960.89,782554,39881,27
1962.19,783055,39909,27
1963.49,783557,39925,27
1964.91,784061,39961,27
1966.3,784564,39981,27
1967.74,785067,40001,27
1969.03,785568,40017,27
1970.27,786072,40033,27
1971.66,786572,40053,27
1973.01,787074,40077,27
1974.3,787574,40097,27
1975.5,788075,40121,27
1976.83,788579,40153,27
1978.25,789081,40181,27
1979.47,789584,40197,27
1980.82,790085,40229,27
1982.34,790588,40261,27
1983.85,791092,40277,27
1985.15,791594,40301,27
1986.52,792094,40333,27
1987.68,792594,40353,27
1989.02,793096,40393,27
1990.31,793598,40413,27
1991.56,794102,40429,27
1993,794605,40437,27
1994.26,795105,40469,27
1995.69,795606,40485,27
1996.97,796110,40501,27
1998.38,796610,40521,27
1999.76,797112,40565,27
2001.03,797613,40569,27
2002.47,798115,40597,27
2003.81,798617,40637,27
2005.21,799120,40661,27
2006.49,799624,40669,27
2007.73,800128,40697,27
2009.04,800629,40721,27
2010.25,801130,40745,27
2011.55,801631,40773,27
2012.77,802133,40805,27
2014.24,802637,40813,27
2015.54,803140,40841,27
2016.66,803640,40861,27
2018,804140,40893,27
2019.28,804640,40917,27
2020.75,805144,40933,27
2022.03,805647,40961,27
2023.35,806149,40981,27
2024.66,806651,41013,27
2025.94,807152,41033,27
2027.17,807655,41069,27
2028.56,808158,41101,27
2029.96,808661,41137,27
2031.22,809164,41169,27
2032.4,809666,41205,27
2033.83,810170,41229,27
2035.3,810673,41249,27
2036.73,811175,41273,27
2037.99,811677,41289,27
2039.17,812178,41313,27
2040.48,812679,41337,27
2041.76,813182,41345,27
2043.01,813686,41373,27
2044.31,814187,41393,27
2045.49,814690,41405,27
2046.89,815192,41421,27
2048.09,815695,41433,27
2049.42,816197,41465,27
2050.76,816697,41485,27
2052.09,817200,41497,27
2053.44,817704,41521,27
2054.84,818207,41541,27
2056.12,818710,41561,27
2057.76,819212,41569,27
2059.09,819716,41581,27
2060.39,820219,41593,27
2061.83,820721,41617,27
2063.28,821224,41637,27
2064.62,821724,41661,27
2066.11,822227,41685,27
2067.26,822727,41701,27
2068.62,823227,41713,27
2069.84,823730,41737,27
2070.98,824230,41753,27
2072.5,824733,41769,27
2073.67,825236,41789,27
2075.01,825739,41805,27
2076.33,826240,41833,27
2077.65,826741,41837,27
2079.09,827242,41861,27
2080.32,827742,41889,27
2081.56,828244,41901,27
2082.84,828745,41921,27
2084.03,829245,41933,27
2085.33,829748,41969,27
2086.63,830251,41977,27
2087.83,830755,42001,27
2089.25,831258,42013,27
2090.5,831759,42041,27
2091.95,832263,42057,27
2093.16,832763,42077,27
2094.54,833263,42085,27
2096.03,833766,42097,27
2097.41,834270,42109,27
2098.66,834773,42149,27
2099.98,835274,42169,27
2101.19,835778,42205,27
2102.46,836280,42209,27
2103.66,836781,42233,27
2104.96,837281,42273,27
2106.3,837781,42281,27
2107.44,838282,42305,27
2108.79,838785,42313,27
2110.04,839287,42337,27
2111.34,839788,42373,27
2112.64,840292,42393,27
2113.93,840795,42405,27
2115.33,841295,42433,27
2116.6,841799,42453,27
2118.07,842299,42489,27
2119.26,842802,42509,27
2120.87,843304,42557,27
2122.15,843805,42565,27
2123.5,844309,42589,27
2124.81,844809,42609,27
2126.05,845310,42625,27
2127.5,845811,42653,27
2128.76,846311,42677,27
2130.03,846812,42697,27
2131.35,847313,42721,27
2132.52,847816,42733,27
2133.83,848316,42753,27
2135.12,848818,42781,27
2136.65,849320,42805,27
2138.03,849824,42849,27
2139.37,850325,42869,27
2140.72,850826,42889,27
2141.94,851328,42909,27
2143.29,851832,42941,27
2144.38,852335,42965,27
2145.81,852836,42981,27
2147.02,853336,43009,27
2148.37,853838,43029,27
2149.67,854340,43049,27
2150.92,854842,43065,27
2152.4,855345,43077,27
2153.77,855849,43105,27
2155.09,856351,43125,27
2156.34,856853,43161,27
2157.68,857354,43193,27
2158.87,857854,43193,27
2159.98,858358,43229,27
2161.36,858861,43241,27
2162.61,859364,43249,27
2163.81,859867,43281,27
2165.23,860371,43305,27
2166.47,860872,43345,27
2167.95,861372,43373,27
2169.24,861875,43417,27
2170.54,862377,43437,27
2171.79,862879,43445,27
2173.11,863383,43469,27
2174.44,863883,43477,27
2175.68,864387,43485,27
2176.95,864887,43509,27
2178.17,865391,43517,27
2179.43,865895,43533,27
2180.7,866399,43577,27
2181.9,866903,43593,27
2183.12,867404,43609,27
2184.47,867905,43641,27
2185.79,868409,43657,27
2187.32,868911,43681,27
2188.62,869414,43713,27
2189.97,869915,43741,27
1.21,502,4404,25
2.32,1005,4719,25
3.43,1506,4751,25
4.55,2007,4780,25
5.62,2507,4781,25
6.69,3009,4895,24
7.87,3513,4895,24
8.99,4014,4895,24
9.95,4514,4895,24
11,5014,4895,24
12.26,5517,5589,26
13.28,6017,5589,26
14.34,6521,5589,26
15.43,7021,5589,26
16.55,7521,5589,26
17.57,8021,5589,26
18.57,8521,5589,26
19.59,9021,5589,26
20.63,9521,5589,26
21.69,10021,5589,26
22.83,10521,5589,26
23.86,11021,5589,26
24.85,11522,5593,26
25.98,12022,5593,26
27,12523,5593,25
28,13024,5597,25
29.07,13524,5597,25
30.08,14025,5601,25
31.08,14525,5601,25
32.09,15025,5601,25
33.11,15525,5601,25
34.21,16025,5601,25
35.31,16525,5601,25
36.26,17025,5601,25
37.28,17526,5605,25
38.35,18026,5605,25
39.42,18529,5613,25
40.58,19030,5621,25
41.8,19531,5637,25
42.91,20032,5641,25
44.17,20534,5645,25
45.27,21038,5661,25
46.34,21539,5665,25
47.48,22041,5685,25
48.68,22541,5693,25
49.81,23041,5705,25
50.92,23541,5717,25
51.95,24043,5733,25
53.06,24543,5749,25
54.23,25045,5773,25
55.38,25548,5789,25
56.51,26049,5793,25
57.75,26551,5801,25
58.95,27055,5805,25
60.24,27556,5809,25
61.51,28058,5825,25
62.57,28562,5841,25
63.71,29062,5865,25
64.81,29565,5885,25
65.97,30065,5901,25
67.16,30565,5917,25
68.49,31068,5925,25
69.81,31570,5953,25
71.06,32072,5961,25
72.33,32575,5989,25
73.64,33079,6001,25
74.96,33581,6033,25
76.12,34083,6045,25
77.28,34587,6057,25
78.46,35089,6061,25
79.66,35592,6073,25
80.93,36094,6081,25
82.24,36594,6097,25
83.59,37097,6121,25
84.85,37600,6133,25
86.02,38100,6145,25
87.31,38603,6157,25
88.58,39107,6173,25
89.93,39608,6193,25
91.2,40111,6229,25
92.43,40614,6253,25
93.72,41116,6265,25
94.9,41620,6285,25
96.2,42120,6305,25
97.47,42623,6317,25
98.58,43123,6329,25
99.78,43625,6341,25
101.09,44125,6353,25
102.31,44626,6373,25
103.51,45129,6385,25
104.68,45629,6401,25
105.84,46132,6421,25
106.98,46636,6445,25
108.1,47140,6465,25
109.36,47643,6501,25
110.53,48145,6529,25
111.71,48649,6541,25
112.91,49151,6549,25
114.11,49652,6577,25
115.13,50156,6593,25
116.27,50659,6617,25
117.56,51163,6633,25
118.76,51663,6633,25
119.88,52163,6633,25
121.06,52663,6653,25
122.18,53167,6677,25
123.44,53667,6697,25
124.68,54168,6713,25
125.88,54672,6757,25
127.06,55172,6777,25
128.4,55675,6789,25
129.76,56177,6825,25
131.05,56681,6853,25
132.45,57182,6873,25
133.81,57684,6917,25
135.12,58187,6929,25
136.42,58688,6965,25
137.87,59191,6977,25
139.39,59692,7001,25
140.71,60194,7021,25
141.9,60698,7033,25
143.24,61202,7045,25
144.5,61705,7085,25
145.73,62206,7109,25
147,62710,7129,25
148.24,63212,7153,25
149.54,63713,7177,25
150.71,64215,7201,25
151.93,64718,7213,25
153.29,65222,7265,25
154.49,65725,7289,25
155.91,66226,7313,25
157.28,66729,7325,25
158.42,67232,7345,25
159.54,67736,7353,25
160.93,68240,7381,25
162.35,68740,7421,25
163.73,69241,7425,25
165.08,69741,7441,25
166.38,70242,7461,25
167.69,70743,7477,25
168.84,71247,7505,25
170.1,71749,7521,25
171.4,72249,7545,25
172.67,72749,7577,25
173.94,73251,7601,25
175.22,73752,7613,25
176.45,74252,7649,25
177.74,74755,7673,25
178.94,75256,7697,25
180.16,75757,7721,25
181.5,76258,7737,25
182.77,76759,7749,25
184.09,77261,7757,25
185.4,77762,7781,25
186.71,78265,7825,25
188.1,78767,7833,25
189.37,79269,7853,25
190.62,79771,7881,25
192.01,80273,7901,25
193.27,80775,7929,25
194.56,81275,7929,25
195.87,81777,7941,25
197.21,82278,7957,25
198.37,82780,7985,25
199.53,83281,8013,25
200.68,83783,8033,25
201.97,84286,8045,25
203.21,84789,8053,25
204.43,85293,8085,25
205.71,85797,8125,25
206.97,86299,8137,25
208.29,86799,8165,25
209.5,87302,8221,25
210.74,87805,8229,25
212.1,88307,8245,25
213.41,88809,8253,25
214.74,89312,8265,25
215.95,89812,8289,25
217.22,90313,8305,25
218.56,90815,8313,25
220.06,91318,8329,25
221.47,91818,8349,25
222.73,92322,8393,25
223.97,92824,8413,25
225.3,93327,8425,25
226.45,93829,8453,25
227.8,94332,8473,25
229.03,94832,8493,25
230.19,95334,8501,25
231.33,95834,8525,25
232.45,96335,8549,25
233.61,96838,8577,25
234.98,97339,8605,25
236.22,97840,8613,25
237.37,98342,8633,25
238.5,98844,8657,25
239.75,99346,8689,25
240.94,99849,8717,25
242.24,100353,8725,25
243.45,100856,8757,25
244.61,101359,8765,25
246,101862,8793,25
247.18,102365,8833,25
248.42,102867,8865,25
249.5,103367,8893,25
250.7,103869,8921,25
251.93,104371,8945,25
253.14,104875,8961,25
254.3,105378,8973,25
255.51,105881,9013,25
256.76,106384,9029,25
258.01,106888,9049,25
259.23,107391,9081,25
260.31,107892,9105,25
261.58,108393,9137,25
262.67,108893,9149,25
263.88,109397,9177,25
265.12,109898,9201,25
266.36,110401,9213,25
267.47,110905,9241,25
268.58,111408,9265,25
269.78,111909,9281,25
270.89,112413,9297,25
272,112914,9317,25
273.24,113418,9353,25
274.4,113920,9369,25
275.49,114424,9405,25
276.6,114925,9425,25
277.88,115429,9461,25
279.2,115930,9481,25
280.45,116433,9505,25
281.68,116935,9529,25
282.93,117436,9569,25
284.13,117937,9597,25
285.39,118438,9601,25
286.74,118942,9617,25
287.87,119445,9629,25
289.14,119949,9657,25
290.36,120453,9685,25
291.81,120954,9713,25
293.04,121456,9745,25
294.37,121957,9773,25
295.63,122458,9789,25
296.93,122962,9801,25
298.18,123464,9841,25
299.44,123964,9877,25
300.62,124467,9901,25
301.85,124967,9913,25
303.2,125469,9933,25
304.49,125969,9965,25
305.74,126472,9993,25
306.94,126975,10005,25
308.13,127475,10037,25
309.24,127976,10057,25
310.49,128480,10089,25
311.68,128983,10117,25
312.93,129484,10141,25
314.12,129986,10161,25
315.37,130487,10177,25
316.57,130987,10205,25
317.89,131487,10225,25
319.09,131989,10253,25
320.37,132493,10277,25
321.64,132997,10305,25
322.87,133499,10341,25
324.02,134002,10353,25
325.28,134506,10365,25
326.46,135006,10385,25
327.65,135508,10393,25
328.72,136009,10429,25
329.92,136513,10445,25
331.15,137013,10465,25
332.3,137516,10497,25
333.59,138019,10517,25
334.91,138519,10533,25
336.23,139019,10553,25
337.44,139523,10569,25
338.52,140023,10636,26
339.73,140525,10668,26
341.06,141027,10684,26
342.39,141531,10692,26
343.64,142033,10724,26
344.99,142534,10740,26
346.36,143034,10756,26
347.68,143534,10776,26
349,144038,10808,26
350.18,144540,10816,26
351.42,145040,10844,26
352.73,145540,10860,26
354.05,146044,10884,26
355.42,146544,10904,26
356.8,147048,10928,26
358.11,147550,10940,26
359.27,148051,10980,26
360.49,148555,11004,26
361.85,149059,11028,26
363.09,149563,11056,26
364.35,150064,11072,26
365.56,150566,11096,26
366.83,151066,11120,26
368.1,151570,11140,26
369.29,152070,11168,26
370.56,152573,11204,26
371.87,153074,11248,26
373.02,153578,11268,26
374.18,154078,11280,26
375.44,154579,11296,26
376.62,155082,11328,26
377.75,155582,11344,26
379.08,156085,11368,26
380.25,156587,11404,26
381.44,157089,11428,26
382.74,157593,11440,26
384.04,158093,11460,26
385.3,158594,11496,26
386.51,159097,11524,26
387.81,159599,11540,26
388.99,160099,11580,26
390.22,160601,11604,26
391.39,161103,11628,26
392.62,161604,11644,26
393.88,162107,11672,26
395.23,162610,11692,26
396.4,163114,11716,26
397.51,163614,11736,26
398.97,164116,11760,26
400.29,164620,11768,26
401.57,165122,11776,26
402.89,165625,11804,26
404.11,166127,11824,26
405.39,166631,11856,26
406.62,167134,11884,26
407.84,167638,11916,26
409.01,168142,11948,26
410.37,168643,11960,26
411.69,169147,12000,26
413.03,169648,12052,26
414.28,170152,12076,26
415.56,170654,12104,26
416.78,171155,12128,26
418.09,171657,12152,26
419.37,172160,12164,26
420.61,172661,12192,26
421.84,173161,12220,26
423.13,173665,12248,26
424.36,174168,12272,26
425.53,174671,12280,26
426.92,175173,12308,26
428.18,175674,12332,26
429.47,176177,12344,26
430.74,176679,12364,26
431.91,177179,12396,26
433.11,177683,12432,26
434.38,178186,12456,26
435.6,178686,12484,26
436.85,179187,12500,26
438.1,179688,12528,26
439.24,180191,12552,26
440.45,180691,12564,26
441.72,181192,12588,26
443.06,181692,12612,26
444.36,182193,12632,26
445.54,182697,12644,26
446.66,183198,12660,26
448.06,183702,12696,26
449.31,184203,12700,26
450.73,184705,12704,26
452.07,185209,12716,26
453.29,185710,12736,26
454.54,186214,12756,26
455.78,186717,12800,26
457.11,187219,12824,26
458.37,187722,12860,26
459.57,188226,12884,26
460.76,188729,12904,26
462.04,189230,12920,26
463.46,189731,12940,26
464.63,190232,12956,26
465.82,190735,12968,26
467.16,191238,12980,26
468.57,191738,12996,26
469.85,192241,13008,26
471.13,192743,13024,26
472.4,193246,13064,26
473.61,193746,13084,26
474.82,194247,13104,26
476.05,194749,13128,26
477.18,195249,13148,26
478.38,195751,13176,26
479.66,196252,13192,26
480.83,196753,13228,26
481.93,197254,13244,26
483.22,197756,13276,26
484.66,198257,13304,26
486.03,198759,13340,26
487.34,199263,13384,26
488.63,199766,13412,26
489.85,200266,13456,26
491.04,200768,13480,26
492.38,201269,13496,26
493.57,201769,13520,26
494.74,202269,13540,26
496.02,202773,13552,26
497.15,203275,13560,26
498.57,203779,13572,26
499.82,204280,13616,26
501.09,204783,13644,26
502.37,205286,13660,26
503.57,205788,13692,26
504.84,206288,13720,26
506.07,206792,13736,26
507.38,207296,13744,26
508.64,207796,13772,26
509.93,208296,13796,26
511.25,208797,13812,26
512.49,209297,13836,26
513.73,209799,13860,26
515.08,210302,13868,26
516.37,210804,13896,26
517.71,211306,13916,26
518.99,211810,13940,26
520.17,212313,13952,26
521.38,212815,13984,26
522.7,213319,14016,26
524,213823,14032,26
525.23,214323,14040,26
526.49,214825,14056,26
527.83,215329,14088,26
528.96,215832,14092,26
530.36,216335,14104,26
531.5,216839,14136,26
532.64,217341,14156,26
533.75,217843,14168,26
535.05,218346,14196,26
536.18,218849,14216,26
537.37,219351,14240,26
538.54,219855,14268,26
539.73,220358,14296,26
540.97,220862,14320,26
542.13,221364,14348,26
543.32,221866,14380,26
544.55,222369,14408,26
545.85,222873,14424,26
547.21,223373,14448,26
548.48,223873,14472,26
549.64,224375,14480,26
551.04,224876,14500,26
552.31,225378,14520,26
553.55,225878,14536,26
554.75,226382,14556,26
556.05,226886,14580,26
557.29,227390,14604,26
558.54,227891,14620,26
559.66,228394,14636,26
560.88,228895,14664,26
562.1,229397,14684,26
563.21,229898,14700,26
564.24,230398,14740,26
565.51,230900,14764,26
566.75,231403,14812,26
567.9,231903,14840,26
569.2,232405,14848,26
570.48,232908,14868,26
571.75,233408,14896,26
572.97,233911,14920,26
574.3,234415,14936,26
575.61,234917,14956,26
576.9,235418,14976,26
578.12,235922,15000,26
579.35,236423,15020,26
580.45,236927,15032,26
581.63,237429,15076,26
582.85,237932,15112,26
584.13,238434,15140,26
585.41,238935,15160,26
586.68,239439,15172,26
587.96,239941,15188,26
589.2,240443,15196,26
590.43,240944,15208,26
591.79,241445,15236,26
593.1,241946,15288,26
594.29,242447,15312,26
595.58,242951,15324,26
596.83,243454,15364,26
598.04,243955,15384,26
599.27,244458,15408,26
600.63,244962,15432,26
601.9,245466,15444,26
603.25,245969,15456,26
604.43,246471,15480,26
605.67,246972,15496,26
607,247476,15532,26
608.27,247980,15568,26
609.56,248480,15604,26
610.72,248983,15632,26
611.91,249487,15656,26
613.13,249988,15688,26
614.4,250489,15704,26
615.7,250992,15736,26
616.98,251492,15752,26
618.3,251996,15772,26
619.42,252496,15800,26
620.63,252996,15824,26
621.84,253499,15836,26
623.11,253999,15856,26
624.33,254502,15884,26
625.71,255003,15904,26
626.95,255503,15924,26
628.37,256006,15972,26
629.7,256508,15992,26
630.91,257012,16004,26
632.13,257514,16008,26
633.42,258016,16024,26
634.72,258517,16028,26
636.09,259019,16044,26
637.29,259522,16068,26
638.62,260022,16096,26
639.95,260523,16124,26
641.31,261027,16136,26
642.61,261527,16160,26
643.91,262030,16172,26
645.13,262532,16208,26
646.48,263033,16220,26
647.74,263537,16252,26
649.16,264039,16272,26
650.44,264540,16288,26
651.87,265044,16332,26
653.14,265545,16348,26
654.3,266045,16364,26
655.47,266548,16376,26
656.62,267051,16412,26
657.81,267553,16436,26
659.24,268054,16440,26
660.46,268555,16448,26
661.65,269058,16456,26
662.83,269561,16468,26
664.02,270062,16488,26
665.38,270562,16500,26
666.76,271065,16536,26
668.19,271569,16552,26
669.37,272073,16564,26
670.54,272573,16580,26
671.7,273075,16592,26
672.82,273576,16628,26
674.07,274077,16636,26
675.39,274580,16648,26
676.63,275080,16648,26
678,275580,16688,26
679.37,276081,16704,26
680.63,276585,16736,26
681.93,277086,16756,26
683.07,277588,16760,26
684.22,278091,16784,26
685.48,278591,16800,26
686.66,279094,16812,26
687.94,279597,16832,26
689.27,280098,16868,26
690.51,280600,16912,26
691.78,281101,16944,26
692.9,281604,16968,26
694.03,282107,16988,26
695.29,282609,16996,26
696.54,283113,17004,26
697.97,283614,17028,26
699.19,284116,17048,26
700.51,284619,17064,26
701.83,285120,17100,26
702.96,285623,17112,26
704.2,286124,17116,26
705.37,286628,17144,26
706.51,287132,17188,26
707.69,287635,17208,26
708.93,288138,17236,26
710.06,288642,17264,26
711.28,289142,17280,26
712.57,289646,17293,26
713.88,290146,17309,26
715.22,290647,17337,26
716.47,291150,17349,26
717.77,291651,17369,26
719.14,292155,17385,26
720.29,292657,17429,26
721.54,293157,17445,26
722.75,293659,17473,26
723.89,294160,17497,26
725.12,294663,17529,26
726.48,295165,17537,26
727.87,295666,17557,26
729.16,296168,17577,26
730.47,296672,17601,26
731.86,297176,17617,26
733.17,297677,17649,26
734.36,298181,17673,26
735.55,298681,17693,26
736.79,299183,17717,26
738.05,299685,17745,26
739.25,300187,17765,26
740.54,300689,17777,26
741.8,301189,17801,26
743.15,301692,17809,26
744.53,302193,17813,26
745.82,302694,17837,26
747.12,303198,17853,26
748.27,303700,17873,26
749.55,304202,17881,26
750.7,304704,17897,26
751.98,305208,17929,26
753.33,305708,17945,26
754.55,306212,17961,26
755.88,306712,17985,26
757.2,307214,18017,26
758.45,307715,18037,26
759.67,308217,18045,26
761,308718,18077,26
762.68,309222,18109,26
764.17,309725,18149,26
765.73,310225,18169,26
767.27,310725,18189,26
768.58,311228,18201,26
770.07,311732,18237,26
771.46,312234,18269,26
772.78,312735,18273,26
774.14,313236,18293,26
775.51,313736,18337,26
776.76,314240,18357,26
778.09,314743,18381,26
779.45,315246,18393,26
780.72,315750,18421,26
781.91,316254,18433,26
783.17,316755,18457,26
784.51,317255,18477,26
785.92,317757,18505,26
787.11,318257,18517,26
788.27,318758,18533,26
789.6,319258,18569,26
790.83,319758,18589,26
792.07,320258,18613,26
793.28,320762,18641,26
794.49,321263,18645,26
795.79,321765,18669,26
796.94,322267,18689,26
798.23,322771,18717,26
799.49,323271,18757,26
800.67,323774,18777,26
801.94,324278,18809,26
803.09,324778,18825,26
804.29,325281,18837,26
805.54,325782,18857,26
806.72,326282,18873,26
807.9,326784,18901,26
808.96,327284,18917,26
810.15,327788,18945,26
811.27,328289,18969,26
812.47,328789,18997,26
813.79,329290,19017,26
815.12,329792,19045,26
816.36,330293,19065,26
817.69,330794,19089,26
818.88,331295,19113,26
820.12,331798,19153,26
821.69,332300,19173,26
822.97,332802,19201,26
824.24,333305,19217,26
825.42,333807,19241,26
826.7,334308,19257,26
827.94,334810,19305,26
829.28,335312,19325,26
830.55,335813,19357,26
831.77,336316,19381,26
832.91,336817,19401,26
833.99,337317,19421,26
835.21,337820,19429,26
836.43,338321,19453,26
837.62,338823,19461,26
838.84,339325,19469,26
839.98,339825,19489,26
841.21,340328,19521,26
842.28,340832,19533,26
843.47,341336,19561,26
844.64,341838,19593,26
845.8,342342,19609,26
847.05,342843,19645,26
848.53,343346,19673,26
849.82,343849,19709,26
850.97,344353,19741,26
852.03,344857,19753,26
853.23,345357,19785,26
854.59,345861,19809,26
855.77,346361,19821,26
856.99,346864,19857,26
858.47,347366,19873,26
859.61,347868,19889,26
860.74,348368,19901,26
862.01,348869,19925,26
863.21,349370,19949,26
864.41,349872,19965,26
865.78,350374,19989,26
867.17,350877,20021,26
868.51,351381,20053,26
869.83,351884,20081,26
870.97,352387,20093,26
872.21,352887,20101,26
873.51,353387,20121,26
874.87,353891,20133,26
876.21,354395,20157,26
877.52,354897,20177,26
878.79,355400,20193,26
880.05,355901,20221,26
881.32,356404,20233,26
882.46,356904,20265,26
883.71,357406,20289,26
885.06,357909,20317,26
886.33,358413,20333,26
887.72,358915,20357,26
888.87,359418,20393,26
890.17,359922,20445,26
891.45,360422,20485,26
892.75,360922,20513,26
894.01,361425,20529,26
895.27,361928,20557,26
896.42,362428,20573,26
897.67,362931,20601,26
898.94,363432,20621,26
900.23,363935,20645,26
901.32,364439,20669,26
902.62,364942,20705,26
903.81,365444,20729,26
904.94,365948,20745,26
906.08,366449,20773,26
907.18,366951,20781,26
908.63,367453,20817,26
909.87,367954,20841,26
911.08,368454,20857,26
912.22,368954,20885,26
913.48,369456,20925,26
914.69,369959,20953,26
915.81,370460,20989,26
917.14,370963,21009,26
918.43,371463,21009,26
919.68,371965,21033,26
920.99,372469,21065,26
922.15,372971,21089,26
923.25,373471,21109,26
924.5,373975,21137,26
925.75,374476,21157,26
926.95,374979,21173,26
928.26,375479,21189,26
929.51,375979,21189,26
930.66,376483,21237,26
931.95,376985,21249,26
933.24,377487,21273,26
934.47,377989,21281,26
935.79,378493,21293,26
937.13,378995,21321,26
938.64,379497,21353,26
939.9,380000,21385,26
941.21,380500,21405,26
942.53,381001,21437,26
943.92,381502,21461,26
945.11,382003,21481,26
946.31,382507,21497,26
947.58,383011,21509,26
948.91,383513,21537,26
950.29,384016,21573,26
951.53,384519,21589,26
952.79,385020,21601,26
954.17,385522,21625,26
955.44,386024,21649,26
956.78,386524,21661,26
958.05,387024,21685,26
959.31,387525,21701,26
960.61,388026,21721,26
961.86,388528,21745,26
963.24,389028,21773,26
964.49,389528,21793,26
965.84,390029,21809,26
967.15,390529,21825,26
968.42,391033,21833,26
969.7,391537,21853,26
970.87,392039,21877,26
972.04,392540,21897,26
973.32,393042,21929,26
974.52,393545,21949,26
975.92,394047,21953,26
977.18,394551,21989,26
978.59,395053,22017,26
979.88,395553,22033,26
981.07,396057,22061,26
982.38,396558,22085,26
983.52,397058,22105,26
984.65,397562,22125,26
985.88,398063,22145,26
987.17,398564,22165,26
988.54,399067,22177,26
989.73,399567,22201,26
990.95,400069,22209,26
992.23,400571,22217,26
993.49,401073,22241,26
994.72,401577,22269,26
995.96,402077,22285,26
997.11,402581,22301,26
998.49,403082,22305,26
999.66,403583,22309,26
1000.96,404083,22341,26
1002.5,404583,22361,26
1003.69,405085,22393,26
1004.99,405587,22413,26
1006.18,406091,22441,26
1007.37,406594,22449,26
1008.65,407097,22473,26
1009.9,407599,22489,26
1011.12,408102,22517,26
1012.41,408602,22533,26
1013.79,409103,22549,26
1015.1,409605,22577,26
1016.41,410107,22585,26
1017.77,410611,22613,26
1018.99,411113,22641,26
1020.33,411615,22665,26
1021.57,412118,22689,26
1022.85,412621,22717,26
1024.07,413121,22733,26
1025.38,413623,22757,26
1026.78,414125,22789,26
1027.96,414625,22813,26
1029.29,415127,22833,26
1030.58,415628,22853,26
1031.76,416128,22885,26
1032.99,416628,22901,26
1034.33,417128,22929,26
1035.7,417630,22949,26
1036.83,418133,22969,26
1038.02,418637,22981,26
1039.42,419140,23013,26
1040.72,419643,23037,26
1042.02,420147,23065,26
1043.26,420647,23113,26
1044.48,421148,23117,26
1045.83,421650,23153,26
1046.98,422154,23169,26
1048.29,422657,23177,26
1049.64,423160,23189,26
1050.93,423663,23213,26
1052.14,424165,23233,26
1053.43,424665,23257,26
1054.83,425169,23289,26
1056.1,425670,23293,26
1057.54,426171,23329,26
1058.94,426672,23337,26
1060.33,427175,23365,26
1061.6,427676,23385,26
1062.95,428176,23417,26
1064.22,428678,23445,26
1065.45,429178,23445,26
1066.87,429681,23469,26
1068.17,430183,23477,26
1069.44,430683,23489,26
1070.75,431186,23513,26
1071.97,431688,23541,26
1073.23,432192,23557,26
1074.53,432694,23565,26
1075.91,433194,23585,26
1077.3,433698,23605,26
1078.55,434202,23617,26
1079.79,434706,23641,26
1080.91,435209,23665,26
1082.04,435712,23697,26
1083.42,436213,23709,26
1084.7,436716,23737,26
1085.95,437219,23769,26
1087.27,437721,23785,26
1088.55,438221,23801,26
1089.92,438724,23829,26
1091.2,439228,23849,26
1092.51,439729,23881,26
1093.73,440230,23901,26
1094.87,440734,23917,26
1096.19,441235,23937,26
1097.33,441738,23953,26
1098.52,442242,23965,26
1099.88,442743,23993,26
1101.1,443245,24001,26
1102.38,443746,24021,26
1103.65,444246,24041,26
1104.86,444746,24061,26
1106.26,445250,24085,26
1107.5,445751,24089,26
1108.84,446255,24101,26
1110.19,446756,24121,26
1111.29,447257,24141,26
1112.5,447761,24153,26
1113.81,448263,24181,26
1114.97,448763,24201,26
1116.28,449267,24229,26
1117.49,449769,24269,26
1118.74,450271,24277,26
1120,450771,24317,26
1121.5,451274,24345,26
1122.75,451778,24357,26
1124.1,452282,24381,26
1125.38,452785,24405,26
1126.61,453286,24425,26
1127.89,453790,24449,26
1129.14,454292,24457,26
1130.48,454794,24489,26
1131.74,455294,24509,26
1133,455797,24521,26
1134.24,456298,24545,26
1135.56,456799,24573,26
1136.87,457301,24597,26
1138.16,457803,24625,26
1139.32,458304,24637,26
1140.83,458808,24649,26
1141.99,459311,24665,26
1143.27,459812,24685,26
1144.6,460315,24701,26
1145.9,460816,24737,26
1147.23,461316,24769,26
1148.48,461820,24789,26
1149.82,462324,24805,26
1151.24,462828,24821,26
1152.42,463331,24845,26
1153.9,463834,24861,26
1155.15,464337,24873,26
1156.35,464837,24893,26
1157.72,465340,24921,26
1158.92,465841,24949,26
1160.23,466344,24973,26
1161.47,466845,24989,26
1162.65,467347,24997,26
1163.94,467850,25025,26
1165.06,468351,25049,26
1166.22,468855,25097,26
1167.4,469357,25141,26
1168.6,469858,25161,26
1169.75,470362,25189,26
1171.28,470864,25213,26
1172.5,471368,25237,26
1173.78,471868,25253,26
1175.02,472371,25265,26
1176.23,472874,25293,26
1177.62,473375,25329,26
1178.83,473879,25341,26
1179.86,474380,25369,26
1181.02,474883,25381,26
1182.15,475384,25401,26
1183.37,475888,25417,26
1184.59,476391,25425,26
1185.91,476894,25449,26
1187.2,477395,25473,26
1188.62,477897,25517,26
1189.91,478401,25529,26
1191.25,478901,25549,26
1192.46,479404,25561,26
1193.7,479905,25605,26
1194.95,480408,25637,26
1196.13,480912,25653,26
1197.47,481413,25673,26
1198.68,481913,25685,26
1199.93,482413,25697,26
1201.18,482913,25737,26
1202.48,483414,25757,26
1203.92,483918,25789,26
1205.12,484420,25797,26
1206.33,484923,25821,26
1207.64,485423,25837,26
1208.85,485926,25869,26
1210.15,486429,25917,26
1211.33,486931,25925,26
1212.64,487434,25937,26
1214.05,487938,25969,26
1215.31,488438,26005,26
1216.62,488939,26029,26
1217.91,489442,26037,26
1219.17,489943,26069,26
1220.46,490443,26077,26
1221.74,490944,26105,26
1223.06,491447,26137,26
1224.3,491948,26153,26
1225.59,492450,26165,26
1226.82,492950,26193,26
1228.09,493452,26221,26
1229.3,493953,26261,26
1230.57,494455,26289,26
1231.9,494959,26317,26
1233.6,495459,26329,26
1234.96,495963,26345,26
1236.3,496467,26377,26
1237.65,496971,26389,26
1238.87,497471,26401,26
1240.15,497975,26421,26
1241.69,498477,26445,26
1242.83,498978,26469,26
1244.15,499480,26493,26
1245.47,499982,26509,26
1246.9,500482,26553,26
1248.25,500983,26581,26
1249.58,501485,26617,26
1250.99,501986,26637,26
1252.16,502487,26657,26
1253.41,502991,26693,26
1254.7,503495,26729,26
1255.97,503997,26741,26
1257.25,504499,26761,26
1258.6,505001,26765,26
1260.01,505501,26785,26
1261.24,506001,26797,26
1262.54,506504,26829,26
1263.69,507007,26849,26
1264.95,507510,26885,26
1266.19,508010,26913,26
1267.59,508514,26941,26
1268.87,509015,26945,26
1270.18,509515,26961,26
1271.38,510015,26981,26
1272.74,510518,27001,26
1273.92,511018,27033,26
1275.2,511522,27049,26
1276.43,512026,27065,26
1277.64,512529,27105,26
1278.89,513030,27129,26
1280.14,513534,27161,26
1281.38,514037,27181,26
1282.64,514540,27205,26
1283.85,515044,27217,26
1285.09,515548,27249,26
1286.34,516049,27269,26
1287.61,516553,27285,26
1288.91,517055,27333,26
1290.16,517559,27353,26
1291.62,518059,27385,26
1292.7,518559,27397,26
1294.01,519062,27429,26
1295.27,519563,27453,26
1296.64,520063,27485,26
1297.94,520564,27513,26
1299.16,521064,27533,26
1300.43,521565,27557,26
1301.66,522067,27581,26
1302.99,522567,27597,26
1304.23,523069,27621,26
1305.45,523569,27637,26
1306.72,524073,27669,26
1307.93,524573,27697,26
1309.26,525077,27717,26
1310.64,525579,27745,26
1311.95,526083,27757,26
1313.34,526584,27793,26
1314.74,527087,27813,26
1316.05,527589,27841,26
1317.29,528091,27853,26
1318.64,528595,27889,26
1320.13,529098,27901,26
1321.28,529599,27905,26
1322.62,530101,27913,26
1323.84,530605,27937,26
1325.07,531106,27941,26
1326.32,531608,27965,26
1327.54,532108,27985,26
1328.92,532608,28001,26
1330.5,533109,28037,26
1331.76,533611,28049,26
1332.93,534112,28069,26
1334.3,534616,28101,26
1335.6,535117,28125,26
1336.89,535620,28153,26
1338.15,536123,28165,26
1339.47,536623,28201,26
1340.68,537123,28229,26
1341.95,537623,28245,26
1343.16,538123,28257,26
1344.42,538626,28273,26
1345.72,539126,28293,26
1346.95,539630,28309,26
1348.26,540133,28341,26
1349.58,540636,28373,26
1350.92,541137,28413,26
1352.06,541638,28457,26
1353.33,542142,28477,26
1354.55,542642,28513,26
1355.81,543144,28537,26
1357.13,543647,28561,26
1358.46,544150,28585,26
1359.66,544653,28617,26
1360.99,545155,28621,26
1362.56,545655,28649,26
1363.9,546158,28653,26
1365.36,546662,28685,26
1366.83,547162,28701,26
1368.14,547664,28721,26
1369.52,548167,28737,26
1370.94,548670,28773,26
1372.3,549170,28809,26
1373.58,549671,28841,26
1375,550175,28853,26
1376.22,550678,28881,26
1377.52,551178,28921,26
1378.81,551679,28925,26
1380.18,552182,28977,26
1381.49,552684,29013,26
1382.79,553187,29025,26
1383.95,553687,29045,26
1385.33,554188,29065,26
1386.56,554689,29069,26
1387.83,555190,29085,26
1389.2,555694,29113,26
1390.6,556196,29157,26
1391.93,556696,29185,26
1393.15,557197,29189,26
1394.41,557700,29209,26
1395.73,558200,29229,26
1397,558703,29241,26
1398.31,559203,29257,26
1399.84,559706,29285,26
1401.1,560209,29297,26
1402.49,560713,29321,26
1403.7,561214,29353,26
1405.01,561718,29365,26
1406.22,562222,29397,26
1407.39,562725,29421,26
1408.78,563228,29441,26
1410.04,563730,29453,26
1411.26,564233,29473,26
1412.45,564734,29501,26
1413.75,565234,29521,26
1415,565738,29545,26
1416.22,566240,29577,26
1417.55,566741,29593,26
1418.7,567245,29609,26
1419.98,567747,29637,26
1421.36,568249,29645,26
1422.61,568752,29649,26
1423.83,569255,29669,26
1425.14,569759,29685,26
1426.44,570262,29697,26
1427.73,570762,29717,26
1429.1,571262,29757,26
1430.41,571766,29789,26
1431.74,572267,29813,26
1433,572769,29833,26
1434.25,573269,29849,26
1435.56,573769,29865,26
1436.99,574273,29889,26
1438.36,574773,29905,26
1439.77,575276,29929,26
1441.13,575780,29949,26
1442.45,576281,29973,26
1443.69,576782,29997,26
1444.86,577286,30013,26
1446.03,577787,30037,26
1447.33,578291,30065,26
1448.63,578794,30089,26
1450.03,579295,30101,26
1451.26,579798,30149,26
1452.6,580302,30161,26
1453.9,580806,30189,26
1455.31,581310,30213,26
1456.65,581810,30257,26
1457.98,582313,30285,26
1459.17,582815,30309,26
1460.51,583317,30337,26
1461.77,583817,30357,26
1463.09,584320,30405,26
1464.3,584822,30429,26
1465.47,585325,30441,26
1466.77,585827,30473,26
1468.02,586328,30489,26
1469.21,586828,30513,26
1470.48,587332,30529,26
1471.78,587834,30557,26
1473.15,588335,30589,26
1474.21,588839,30613,26
1475.46,589342,30625,26
1476.78,589842,30657,26
1478.22,590343,30677,26
1479.55,590843,30677,26
1480.91,591345,30705,26
1482.44,591849,30717,26
1483.82,592352,30737,26
1485.05,592855,30757,26
1486.33,593358,30789,26
1487.61,593859,30805,26
1488.87,594363,30817,26
1490.28,594865,30837,26
1491.6,595368,30861,26
1492.84,595870,30877,26
1494.07,596371,30889,26
1495.23,596872,30893,26
1496.61,597373,30913,26
1497.89,597877,30957,26
1499.22,598379,31005,26
1500.46,598882,31037,26
1501.76,599386,31049,26
1502.97,599886,31069,26
1504.29,600390,31089,26
1505.51,600894,31105,26
1506.71,601398,31141,26
1507.89,601901,31145,26
1509.06,602401,31165,26
1510.46,602904,31213,26
1511.84,603406,31233,26
1513.1,603907,31257,26
1514.4,604410,31273,26
1515.6,604910,31293,26
1517.15,605411,31329,26
1518.39,605915,31357,26
1519.68,606419,31373,26
1520.87,606919,31389,26
1522.17,607423,31425,26
1523.42,607925,31465,26
1524.73,608429,31489,26
1525.97,608930,31505,26
1527.26,609433,31533,26
1528.58,609934,31557,26
1529.85,610434,31577,26
1531.25,610934,31593,26
1532.37,611438,31621,26
1533.67,611942,31653,26
1535.03,612444,31681,26
1536.17,612946,31689,26
1537.49,613449,31721,26
1538.78,613953,31741,26
1540.23,614453,31769,26
1541.54,614957,31789,26
1543.1,615460,31829,26
1544.35,615963,31841,26
1545.64,616465,31853,26
1546.86,616965,31877,26
1548.11,617468,31889,26
1549.43,617972,31917,26
1550.66,618473,31933,26
1551.92,618977,31969,26
1553.31,619481,31997,26
1554.48,619985,32013,26
1555.85,620486,32069,26
1556.99,620987,32073,26
1558.47,621489,32097,26
1559.72,621990,32133,26
1561.01,622490,32177,26
1562.29,622993,32197,26
1563.6,623497,32213,26
1564.83,623999,32233,26
1566.12,624501,32265,26
1567.19,625003,32293,26
1568.58,625506,32305,26
1570.01,626010,32325,26
1571.38,626511,32361,26
1572.68,627014,32369,26
1574.1,627514,32397,26
1575.35,628014,32409,26
1576.75,628517,32429,26
1578.08,629021,32445,26
1579.39,629525,32469,26
1580.62,630028,32497,26
1581.83,630529,32509,26
1583.2,631033,32557,26
1584.55,631537,32569,26
1585.81,632039,32601,26
1587.13,632542,32625,26
1588.64,633042,32637,26
1590.08,633544,32661,26
1591.29,634048,32673,26
1592.59,634548,32697,26
1593.94,635051,32729,26
1595.22,635551,32745,26
1596.44,636052,32765,26
1597.68,636553,32781,26
1599.03,637055,32793,26
1600.41,637559,32809,26
1601.68,638059,32833,26
1603.03,638563,32865,26
1604.27,639063,32885,26
1605.49,639567,32913,26
1606.67,640068,32925,26
1608,640572,32937,26
1609.14,641074,32945,26
1610.35,641575,32961,26
1611.62,642077,32989,26
1612.98,642578,33017,26
1614.24,643082,33033,26
1615.39,643586,33049,26
1616.74,644089,33057,26
1618,644592,33069,26
1619.27,645096,33077,26
1620.66,645599,33109,26
1622,646100,33145,26
1623.35,646604,33177,26
1624.59,647104,33197,26
1625.83,647604,33209,26
1627.18,648108,33221,26
1628.61,648610,33245,26
1630.05,649110,33257,26
1631.29,649611,33281,26
1632.58,650111,33317,26
1633.94,650613,33333,26
1635.34,651116,33357,26
1636.77,651619,33377,26
1638.02,652122,33385,26
1639.27,652626,33397,26
1640.63,653128,33425,26
1641.79,653630,33445,26
1643.05,654130,33477,26
1644.32,654634,33517,26
1645.63,655138,33537,26
1646.77,655641,33549,26
1647.95,656143,33569,26
1649.2,656647,33585,26
1650.44,657151,33589,26
1651.65,657655,33597,26
1652.95,658155,33617,26
1653.98,658658,33637,26
1655.23,659160,33645,26
1656.53,659660,33673,26
1657.75,660164,33689,26
1659.08,660665,33705,26
1660.35,661169,33721,26
1661.8,661670,33733,26
1663.28,662171,33749,26
1664.67,662675,33781,26
1665.9,663179,33793,26
1667.1,663680,33817,26
1668.26,664180,33841,26
1669.63,664681,33869,26
1670.96,665182,33913,26
1672.26,665684,33921,26
1673.46,666187,33949,26
1674.85,666691,33973,26
1676.24,667191,34005,26
1677.6,667694,34021,26
1679.03,668198,34037,26
1680.51,668698,34069,26
1681.94,669200,34089,26
1683.27,669703,34113,26
1684.57,670205,34121,26
1685.93,670709,34141,26
1687.15,671212,34165,26
1688.66,671713,34185,26
1689.87,672213,34197,26
1691.2,672716,34225,26
1692.69,673220,34245,26
1694.11,673723,34265,26
1695.51,674227,34289,26
1696.87,674731,34305,26
1698.1,675231,34325,26
1699.53,675731,34357,26
1700.85,676233,34377,26
1702.22,676735,34381,26
1703.42,677238,34413,26
1704.71,677741,34445,26
1706.15,678243,34457,26
1707.39,678745,34465,26
1708.61,679249,34473,26
1709.86,679753,34485,26
1711.1,680254,34525,26
1712.49,680755,34549,26
1713.66,681259,34569,26
1714.93,681759,34601,26
1716.11,682260,34629,26
1717.49,682760,34665,26
1718.88,683261,34689,26
1720.4,683765,34717,26
1721.81,684268,34737,26
1723.21,684771,34781,26
1724.4,685271,34813,26
1725.76,685771,34833,26
1726.98,686272,34853,26
1728.34,686773,34873,26
1729.8,687275,34893,26
1731.05,687777,34913,26
1732.46,688277,34945,26
1733.64,688778,34969,26
1734.9,689278,34997,26
1736.12,689782,35009,26
1737.41,690284,35053,26
1738.79,690786,35081,26
1740.08,691286,35101,26
1741.42,691790,35117,26
1742.86,692293,35141,26
1744.32,692794,35165,26
1745.53,693296,35189,26
1746.69,693796,35205,26
1748.09,694299,35213,26
1749.41,694803,35253,26
1750.77,695305,35285,26
1752.16,695808,35325,26
1753.56,696308,35337,26
1754.87,696808,35361,26
1756.29,697310,35369,26
1757.56,697813,35381,26
1758.97,698317,35405,26
1760.46,698821,35433,26
1761.79,699325,35469,26
1763.17,699828,35477,26
1764.49,700329,35501,26
1765.7,700832,35533,26
1767,701334,35541,26
1768.29,701837,35569,26
1769.63,702341,35605,26
1770.92,702842,35629,26
1772.42,703343,35661,26
1773.71,703845,35677,26
1775.22,704349,35709,26
1776.57,704852,35737,26
1777.92,705354,35765,26
1779.14,705856,35781,26
1780.36,706360,35789,26
1781.78,706860,35821,26
1782.99,707362,35841,26
1784.39,707865,35865,26
1785.79,708368,35881,26
1787.08,708871,35901,26
1788.47,709372,35921,26
1789.78,709874,35945,26
1791.15,710378,35957,26
1792.56,710882,35985,26
1793.71,711385,35997,26
1794.98,711889,36021,26
1796.22,712389,36041,26
1797.55,712889,36085,26
1798.98,713389,36117,26
1800.41,713893,36137,26
1801.89,714394,36141,26
1803.05,714897,36169,26
1804.44,715398,36185,26
1805.67,715898,36221,26
1807.19,716400,36237,26
1808.56,716902,36261,26
1809.87,717405,36273,26
1811.11,717906,36293,26
1812.6,718406,36321,26
1813.87,718909,36333,26
1815.27,719413,36349,26
1816.53,719914,36365,26
1817.77,720418,36373,26
1819.15,720921,36401,26
1820.53,721421,36413,26
1822.06,721923,36433,26
1823.37,722424,36449,26
1824.62,722926,36465,26
1826.03,723429,36489,26
1827.22,723929,36505,26
1828.58,724429,36525,26
1829.93,724930,36537,26
1831.19,725430,36557,26
1832.56,725934,36573,26
1833.85,726434,36589,26
1835.07,726935,36593,26
1836.42,727437,36617,26
1837.69,727941,36633,26
1838.95,728442,36657,26
1840.42,728944,36677,26
1841.8,729444,36697,26
1843.23,729946,36721,26
1844.47,730449,36741,26
1845.65,730951,36761,26
1846.91,731451,36761,26
1848.14,731953,36781,26
1849.38,732457,36801,26
1850.76,732958,36825,26
1852.1,733459,36845,26
1853.36,733961,36861,26
1854.69,734465,36877,26
1856.01,734969,36885,26
1857.34,735469,36913,26
1858.9,735972,36929,26
1860.44,736473,36957,26
1861.79,736977,36989,26
1862.96,737478,37017,26
1864.23,737982,37029,26
1865.44,738483,37057,26
1866.86,738985,37093,26
1868.07,739489,37101,26
1869.45,739993,37117,26
1870.78,740494,37137,26
1872.02,740995,37157,26
1873.27,741499,37177,26
1874.64,742000,37197,26
1875.85,742501,37217,26
1877.25,743001,37237,26
1878.53,743504,37269,26
1879.97,744008,37293,26
1881.23,744510,37313,26
1882.68,745010,37333,26
1883.96,745511,37353,26
1885.26,746012,37369,26
1886.66,746516,37397,26
1888.08,747018,37413,26
1889.3,747520,37425,26
1890.77,748020,37461,26
1892.05,748523,37481,26
1893.45,749026,37517,26
1894.71,749527,37541,26
1896.23,750027,37565,26
1897.47,750530,37585,26
1898.74,751034,37625,26
1900.1,751538,37641,26
1901.45,752042,37665,26
1902.83,752544,37673,26
1904.15,753047,37689,26
1905.43,753550,37709,26
1906.77,754054,37725,26
1908.12,754554,37761,26
1909.46,755058,37785,26
1910.72,755562,37809,26
1912.17,756062,37829,26
1913.42,756566,37845,26
1914.71,757070,37861,26
1916.07,757574,37897,26
1917.24,758076,37905,26
1918.6,758577,37917,26
1920,759080,37929,26
1921.36,759582,37953,26
1922.69,760083,37977,26
1923.94,760583,38005,26
1925.42,761086,38021,26
1926.72,761590,38033,26
1928,762093,38057,26
1929.35,762593,38069,26
1930.51,763095,38085,26
1931.84,763599,38097,26
1933.16,764102,38117,26
1934.38,764606,38141,26
1935.63,765106,38161,26
1936.91,765606,38193,26
1938.29,766108,38213,26
1939.6,766609,38229,26
1940.87,767111,38233,26
1942.09,767613,38241,26
1943.43,768114,38269,26
1944.63,768616,38281,26
1946.01,769120,38325,26
1947.35,769621,38373,26
1948.62,770125,38401,26
1949.87,770628,38417,26
1951.11,771130,38437,26
1952.37,771630,38473,26
1953.75,772132,38481,26
1954.92,772633,38505,26
1956.24,773133,38517,26
1957.68,773636,38561,26
1958.99,774136,38581,26
1960.37,774637,38617,26
1961.85,775138,38637,26
1963.34,775638,38661,26
1964.81,776139,38693,26
1966.4,776642,38733,26
1967.77,777143,38749,26
1969.21,777644,38769,26
1970.69,778147,38789,26
1972.12,778651,38805,26
1973.64,779152,38809,26
1975.08,779653,38825,26
1976.34,780155,38845,26
1977.6,780655,38869,26
1978.82,781159,38885,26
1979.98,781661,38893,26
1981.36,782165,38913,26
1982.61,782666,38933,26
1984.07,783167,38957,26
1985.27,783667,38989,26
1986.62,784168,39025,26
1988.04,784670,39045,26
1989.41,785173,39085,26
1990.63,785677,39125,26
1992.06,786178,39165,26
1993.44,786680,39173,26
1994.76,787183,39181,26
1996.19,787687,39217,26
1997.54,788189,39249,26
1998.95,788693,39281,26
2000.29,789197,39329,26
2001.71,789701,39349,26
2002.93,790204,39373,26
2004.3,790708,39389,26
2005.61,791208,39413,26
2007.1,791712,39425,26
2008.62,792214,39465,26
2009.96,792715,39497,26
2011.27,793217,39505,26
2012.5,793721,39521,26
2013.92,794221,39537,26
2015.25,794725,39577,26
2016.57,795228,39589,26
2017.93,795728,39625,26
2019.27,796231,39637,26
2020.91,796731,39661,26
2022.31,797233,39677,26
2023.69,797734,39693,26
2025.06,798234,39729,26
2026.4,798736,39757,26
2027.66,799237,39773,26
2028.94,799739,39793,26
2030.52,800243,39837,26
2031.83,800743,39877,26
2033.32,801246,39913,26
2034.63,801750,39949,26
2035.93,802254,39997,26
2037.33,802754,40021,26
2038.59,803255,40029,26
2039.79,803759,40049,26
2041.06,804261,40053,26
2042.27,804762,40077,26
2043.73,805262,40097,26
2045.2,805762,40113,26
2046.39,806266,40141,26
2047.83,806766,40177,26
2049.18,807269,40205,26
2050.6,807769,40225,26
2051.95,808273,40245,26
2053.41,808773,40257,26
2054.92,809275,40261,26
2056.21,809778,40277,26
2057.53,810281,40301,26
2058.87,810783,40337,26
2060.22,811284,40361,26
2061.71,811786,40373,26
2063.1,812289,40385,26
2064.46,812792,40421,26
2065.87,813292,40449,26
2067.24,813796,40461,26
2068.63,814300,40501,26
2069.86,814802,40525,26
2071.28,815302,40541,26
2072.48,815802,40561,26
2073.84,816304,40581,26
2074.98,816805,40609,26
2076.26,817305,40629,26
2077.55,817809,40645,26
2078.94,818313,40665,26
2080.39,818814,40681,26
2081.77,819314,40705,26
2083.08,819814,40733,26
2084.45,820317,40761,26
2085.89,820819,40797,26
2087.21,821320,40813,26
2088.55,821823,40845,26
2090.06,822325,40853,26
2091.38,822828,40881,26
2092.76,823332,40897,26
2094.29,823836,40917,26
2095.48,824336,40933,26
2096.87,824837,40937,26
2098.23,825337,40957,26
2099.48,825839,40981,26
2100.8,826343,40997,26
2102.04,826844,41017,26
2103.4,827348,41041,26
2104.73,827848,41069,26
2105.96,828349,41093,26
2107.55,828852,41101,26
2108.85,829352,41121,26
2110.23,829855,41141,26
2111.76,830355,41169,26
2113.18,830855,41193,26
2114.53,831356,41213,26
2115.84,831858,41237,26
2117.19,832359,41269,26
2118.52,832862,41301,26
2120,833366,41325,26
2121.28,833866,41365,26
2122.73,834370,41393,26
2124.11,834872,41401,26
2125.4,835375,41429,26
2126.92,835878,41457,26
2128.2,836382,41469,26
2129.48,836882,41489,26
2130.71,837385,41509,26
2132,837888,41529,26
2133.37,838389,41557,26
2134.65,838891,41597,26
2136.09,839395,41621,26
2137.38,839897,41649,26
2138.79,840400,41669,26
2140.12,840902,41701,26
2141.78,841405,41713,26
2143.06,841907,41741,26
2144.64,842409,41765,26
2145.99,842911,41789,26
2147.24,843411,41801,26
2148.65,843913,41813,26
2150.05,844415,41829,26
2151.47,844915,41857,26
2152.86,845418,41873,26
2154.13,845922,41889,26
2155.55,846426,41913,26
2156.97,846928,41949,26
2158.46,847430,41981,26
2159.72,847931,42005,26
2161.12,848435,42025,26
2162.64,848938,42033,26
2163.98,849439,42057,26
2165.45,849939,42081,26
2166.81,850439,42113,26
2168.29,850939,42145,26
2169.69,851439,42157,26
2170.99,851943,42177,26
2172.55,852445,42205,26
2173.81,852945,42245,26
2175.31,853449,42257,26
2176.57,853953,42289,26
2177.99,854454,42317,26
2179.27,854955,42321,26
2180.55,855456,42341,26
2182.02,855960,42361,26
2183.43,856461,42377,26
2184.77,856962,42397,26
2186.01,857463,42417,26
2187.27,857966,42449,26
2188.6,858466,42481,26
2189.95,858970,42505,26
2191.26,859473,42525,26
2192.48,859973,42545,26
2193.78,860473,42577,26
2195.11,860974,42601,26
2196.65,861477,42645,26
2197.99,861977,42661,26
2199.51,862481,42701,26
2200.79,862982,42713,26
2202.3,863485,42741,26
2203.81,863986,42769,26
2205.13,864488,42785,26
2206.56,864988,42785,26
2207.94,865492,42813,26
2209.3,865993,42849,26
2210.66,866497,42881,26
2211.91,866998,42901,26
2213.37,867499,42925,26
2214.68,867999,42945,26
2216.18,868499,42981,26
2217.51,869000,42997,26
2218.95,869500,43021,26
2220.3,870004,43045,26
2221.7,870504,43081,26
2223.12,871006,43085,26
2224.48,871510,43097,26
2225.72,872011,43101,26
2227.28,872511,43129,26
2228.63,873013,43157,26
2230.1,873513,43173,26
2231.33,874014,43193,26
1.09,504,4391,21
2.16,1007,4393,20
3.15,1507,4393,20
4.2,2008,4711,20
5.25,2508,4711,20
6.51,3008,5449,21
7.69,3509,5495,21
8.97,4011,5495,21
10.18,4511,5495,21
11.29,5013,5495,20
12.49,5513,5495,20
13.58,6013,5495,20
14.66,6513,5495,20
15.72,7014,5495,19
16.81,7514,5495,19
17.89,8014,5495,19
19.01,8514,5495,19
20.08,9014,5495,19
21.19,9514,5495,19
22.34,10016,5519,19
23.45,10516,5519,19
24.7,11016,5519,19
25.78,11516,5519,19
26.86,12016,5519,19
27.92,12517,5523,19
29.06,13017,5523,19
30.21,13517,5523,19
31.31,14017,5523,19
32.29,14518,5624,19
33.25,15018,5624,19
34.27,15518,5624,19
35.35,16018,5624,19
36.38,16518,5624,19
37.46,17018,5624,19
38.48,17518,5624,19
39.74,18018,5624,19
40.97,18518,5624,19
42.08,19018,5624,19
43.13,19518,5624,19
44.2,20019,5626,19
45.31,20519,5626,19
46.35,21019,5626,19
47.39,21519,5626,19
48.44,22019,5626,19
49.45,22519,5626,19
50.45,23019,5626,19
51.51,23519,5626,19
52.42,24019,5626,19
53.46,24519,5626,19
54.75,25019,5626,19
55.85,25519,5626,19
56.84,26019,5626,19
57.89,26519,5626,19
59.09,27019,5626,19
60.17,27519,5626,19
61.31,28019,5626,19
62.41,28519,5626,19
63.45,29019,5626,19
64.6,29519,5626,19
65.66,30019,5626,19
66.77,30519,5626,19
67.82,31019,5626,19
68.83,31519,5626,19
69.85,32019,5626,19
70.92,32519,5626,19
71.95,33019,5626,19
72.92,33519,5626,19
73.94,34019,5626,19
74.9,34521,5629,19
75.93,35021,5629,19
76.96,35521,5629,19
78.03,36021,5629,19
79,36521,5629,19
80.16,37021,5629,19
81.36,37521,5629,19
82.47,38021,5629,19
83.53,38521,5629,19
84.65,39021,5629,19
85.7,39521,5629,19
86.8,40021,5629,19
87.93,40521,5629,19
89.12,41021,5629,19
90.39,41521,5629,19
91.42,42021,5629,19
92.44,42521,5629,19
93.6,43021,5629,19
94.63,43521,5629,19
95.67,44021,5629,19
96.67,44521,5629,19
97.76,45021,5629,19
98.84,45521,5629,19
99.91,46021,5629,19
101,46521,5629,19
102.11,47021,5629,19
103.33,47521,5629,19
104.44,48021,5629,19
105.56,48521,5629,19
106.69,49021,5629,19
107.83,49521,5629,19
109.18,50021,5629,19
110.39,50521,5629,19
111.49,51021,5629,19
112.52,51521,5629,19
113.42,52021,5629,19
114.45,52521,5629,19
115.48,53021,5629,19
116.43,53521,5629,19
117.55,54021,5629,19
118.65,54521,5629,19
119.74,55021,5629,19
120.72,55521,5629,19
121.87,56021,5629,19
123.02,56521,5629,19
123.97,57021,5629,19
125.04,57521,5629,19
126.02,58021,5629,19
127.05,58521,5629,19
128.29,59021,5629,19
129.37,59521,5629,19
130.49,60021,5629,19
131.84,60521,5629,19
132.92,61021,5629,19
134.11,61521,5629,19
135.2,62021,5629,19
136.16,62521,5629,19
137.28,63021,5629,19
138.39,63521,5629,19
139.51,64021,5629,19
140.56,64521,5629,19
141.61,65021,5629,19
142.79,65521,5629,19
143.99,66021,5629,19
145.03,66521,5629,19
146.16,67021,5629,19
147.35,67521,5629,19
148.39,68021,5629,19
149.35,68521,5629,19
150.38,69021,5629,19
151.48,69521,5629,19
152.6,70021,5629,19
153.66,70521,5629,19
154.84,71022,5631,19
155.79,71522,5631,19
156.91,72022,5631,19
158.06,72522,5631,19
159.11,73022,5631,19
160.17,73522,5631,19
161.29,74022,5631,19
162.39,74522,5631,19
163.42,75022,5631,19
164.4,75522,5631,19
165.51,76022,5631,19
166.54,76522,5631,19
167.65,77022,5631,19
168.7,77522,5631,19
169.83,78022,5631,19
170.99,78522,5631,19
172.09,79022,5631,19
173.08,79522,5631,19
174.17,80022,5631,19
175.25,80522,5631,19
176.23,81022,5631,19
177.24,81522,5631,19
178.35,82022,5631,19
179.37,82522,5631,19
180.32,83022,5631,19
181.37,83522,5631,19
182.41,84022,5631,19
183.54,84522,5631,19
184.57,85022,5631,19
185.56,85522,5631,19
186.62,86022,5631,19
187.71,86522,5631,19
188.81,87022,5631,19
189.93,87522,5631,19
190.93,88022,5631,19
191.91,88522,5631,19
192.93,89022,5631,19
193.9,89522,5631,19
194.89,90022,5631,19
195.9,90522,5631,19
197.01,91022,5631,19
198.04,91522,5631,19
199.13,92022,5631,19
200.19,92522,5631,19
201.22,93022,5631,19
202.45,93522,5631,19
203.59,94022,5631,19
204.74,94522,5631,19
205.83,95022,5631,19
206.81,95522,5631,19
207.81,96022,5631,19
208.87,96522,5631,19
209.92,97022,5631,19
211.13,97522,5631,19
212.33,98022,5631,19
213.32,98522,5631,19
214.41,99022,5631,19
215.5,99522,5631,19
216.59,100022,5631,19
217.68,100522,5631,19
218.95,101022,5631,19
220.06,101522,5631,19
221.1,102022,5631,19
222.05,102522,5631,19
223.04,103022,5631,19
224.1,103522,5631,19
225.05,104022,5631,19
225.99,104522,5631,19
227.08,105022,5631,19
228.21,105522,5631,19
229.27,106022,5631,19
230.28,106522,5631,19
231.33,107022,5631,19
232.48,107522,5631,19
233.54,108022,5631,19
234.67,108522,5631,19
235.76,109022,5631,19
236.87,109522,5631,19
237.87,110022,5631,19
239.11,110522,5631,19
240.11,111022,5631,19
241.25,111522,5631,19
242.3,112022,5631,19
243.4,112522,5631,19
244.46,113022,5631,19
245.42,113522,5631,19
246.36,114022,5631,19
247.5,114522,5631,19
248.69,115022,5631,19
249.76,115522,5631,19
250.92,116022,5631,19
251.96,116522,5631,19
253.08,117022,5631,19
254.07,117522,5631,19
255.12,118022,5631,19
256.28,118522,5631,19
257.41,119022,5631,19
258.47,119522,5631,19
259.49,120022,5631,19
260.47,120522,5631,19
261.52,121022,5631,19
262.59,121522,5631,19
263.7,122022,5631,19
264.7,122522,5631,19
265.72,123022,5631,19
266.82,123522,5631,19
267.8,124022,5631,19
268.86,124522,5631,19
269.96,125022,5631,19
271.04,125522,5631,19
272.02,126022,5631,19
273.08,126522,5631,19
274.1,127022,5631,19
275.08,127522,5631,19
276.15,128022,5631,19
277.2,128522,5631,19
278.32,129022,5631,19
279.41,129522,5631,19
280.55,130022,5631,19
281.65,130522,5631,19
282.67,131022,5631,19
283.75,131522,5631,19
284.85,132022,5631,19
285.91,132522,5631,19
287.1,133022,5631,19
288.24,133522,5631,19
289.23,134022,5631,19
290.4,134522,5631,19
291.69,135022,5631,19
292.73,135522,5631,19
293.94,136022,5631,19
294.93,136522,5631,19
295.97,137022,5631,19
297.15,137522,5631,19
298.41,138022,5631,19
299.52,138522,5631,19
300.58,139022,5631,19
301.65,139522,5631,19
302.6,140022,5631,19
303.63,140522,5631,19
304.74,141022,5631,19
305.81,141522,5631,19
306.82,142022,5631,19
307.88,142522,5631,19
308.89,143022,5631,19
309.95,143522,5631,19
311.28,144022,5631,19
312.49,144522,5631,19
313.55,145022,5631,19
314.68,145522,5631,19
315.74,146022,5631,19
316.8,146522,5631,19
317.93,147022,5631,19
319.07,147522,5631,19
320.25,148022,5631,19
321.4,148522,5631,19
322.62,149022,5631,19
323.74,149522,5631,19
324.92,150022,5631,19
326.1,150522,5631,19
327.17,151022,5631,19
328.39,151522,5631,19
329.52,152022,5631,19
330.63,152522,5631,19
331.74,153022,5631,19
332.8,153522,5631,19
333.97,154022,5631,19
335.13,154522,5631,19
336.18,155022,5631,19
337.2,155522,5631,19
338.23,156022,5631,19
339.23,156522,5631,19
340.22,157022,5631,19
341.23,157522,5631,19
342.25,158022,5631,19
343.39,158522,5631,19
344.59,159022,5631,19
345.66,159522,5631,19
346.75,160022,5631,19
347.79,160522,5631,19
348.84,161022,5631,19
349.94,161522,5631,19
351.04,162022,5631,19
352.02,162522,5631,19
353.09,163022,5631,19
354.29,163522,5631,19
355.47,164022,5631,19
356.44,164522,5631,19
357.48,165022,5631,19
358.61,165522,5631,19
359.69,166022,5631,19
360.81,166522,5631,19
362.02,167022,5631,19
363.15,167522,5631,19
364.16,168022,5631,19
365.27,168522,5631,19
366.29,169022,5631,19
367.25,169522,5631,19
368.21,170022,5631,19
369.28,170522,5631,19
370.33,171022,5631,19
371.37,171522,5631,19
372.45,172022,5631,19
373.45,172522,5631,19
374.56,173022,5631,19
375.6,173522,5631,19
376.61,174022,5631,19
377.66,174522,5631,19
378.69,175022,5631,19
379.72,175522,5631,19
380.68,176022,5631,19
381.69,176522,5631,19
382.76,177022,5631,19
383.9,177522,5631,19
384.93,178022,5631,19
385.96,178522,5631,19
386.95,179022,5631,19
387.99,179522,5631,19
389.07,180022,5631,19
390.31,180522,5631,19
391.43,181022,5631,19
392.51,181522,5631,19
393.72,182022,5631,19
394.76,182522,5631,19
395.88,183022,5631,19
396.92,183522,5631,19
398.01,184022,5631,19
399.13,184522,5631,19
400.33,185022,5631,19
401.46,185522,5631,19
402.56,186022,5631,19
403.71,186522,5631,19
404.71,187022,5631,19
405.76,187522,5631,19
406.84,188022,5631,19
407.89,188522,5631,19
409.1,189022,5631,19
410.18,189522,5631,19
411.38,190022,5631,19
412.47,190522,5631,19
413.55,191022,5631,19
414.64,191522,5631,19
415.72,192022,5631,19
416.75,192522,5631,19
417.84,193022,5631,19
418.91,193522,5631,19
419.97,194022,5631,19
421.07,194522,5631,19
422.03,195022,5631,19
423.11,195522,5631,19
424.25,196022,5631,19
425.42,196522,5631,19
426.48,197022,5631,19
427.57,197522,5631,19
428.71,198022,5631,19
429.82,198522,5631,19
430.93,199022,5631,19
432.01,199522,5631,19
433.07,200022,5631,19
434.2,200522,5631,19
435.35,201022,5631,19
436.5,201522,5631,19
437.6,202022,5631,19
438.87,202522,5631,19
439.94,203022,5631,19
440.98,203522,5631,19
442.12,204022,5631,19
443.15,204522,5631,19
444.32,205022,5631,19
445.39,205522,5631,19
446.52,206022,5631,19
447.58,206522,5631,19
448.62,207022,5631,19
449.76,207522,5631,19
450.91,208022,5631,19
451.96,208522,5631,19
453.05,209022,5631,19
454.41,209522,5631,19
455.67,210022,5631,19
456.77,210522,5631,19
457.73,211022,5631,19
458.78,211522,5631,19
459.85,212022,5631,19
460.88,212522,5631,19
461.96,213022,5631,19
462.96,213522,5631,19
463.94,214022,5631,19
464.95,214522,5631,19
466,215022,5631,19
467.11,215522,5631,19
468.41,216022,5631,19
469.62,216522,5631,19
470.73,217022,5631,19
471.86,217522,5631,19
472.94,218022,5631,19
474.03,218522,5631,19
475.1,219022,5631,19
476.28,219522,5631,19
477.24,220022,5631,19
478.32,220522,5631,19
479.39,221022,5631,19
480.51,221522,5631,19
481.57,222022,5631,19
482.67,222522,5631,19
483.96,223022,5631,19
484.89,223522,5631,19
485.98,224022,5631,19
487.06,224522,5631,19
488.01,225022,5631,19
489.04,225522,5631,19
490.02,226022,5631,19
491.08,226522,5631,19
492.18,227022,5631,19
493.24,227522,5631,19
494.3,228022,5631,19
495.33,228522,5631,19
496.4,229022,5631,19
497.5,229522,5631,18
498.58,230022,5631,18
499.65,230522,5631,18
500.72,231022,5631,18
501.81,231522,5631,18
502.93,232022,5631,18
504.01,232522,5631,18
505.15,233022,5631,18
506.21,233522,5631,18
507.26,234022,5631,18
508.36,234522,5631,18
509.44,235022,5631,18
510.45,235522,5631,18
511.52,236022,5631,18
512.46,236522,5631,18
513.51,237022,5631,18
514.56,237522,5631,18
515.76,238022,5631,18
516.73,238522,5631,18
517.83,239022,5631,18
518.91,239522,5631,18
520.03,240022,5631,18
521.19,240522,5631,18
522.21,241022,5631,18
523.38,241522,5631,18
524.41,242022,5631,18
525.43,242522,5631,18
526.54,243022,5631,18
527.66,243522,5631,18
528.74,244022,5631,18
529.76,244522,5631,18
530.81,245022,5631,18
531.9,245522,5631,18
532.88,246022,5631,18
534.03,246522,5631,18
535.1,247022,5631,18
536.21,247522,5631,18
537.37,248022,5631,18
538.45,248522,5631,18
539.47,249022,5631,18
540.58,249522,5631,18
541.63,250022,5631,18
542.7,250522,5631,18
543.69,251022,5631,18
544.72,251522,5631,18
545.69,252022,5631,18
546.78,252522,5631,18
547.88,253022,5631,18
548.97,253522,5631,18
550.04,254022,5631,18
551.18,254522,5631,18
552.16,255022,5631,18
553.18,255522,5631,18
554.14,256022,5631,18
555.16,256522,5631,18
556.15,257022,5631,18
557.13,257522,5631,18
558.18,258022,5631,18
559.22,258522,5631,18
560.29,259022,5631,18
561.42,259522,5631,18
562.4,260022,5631,18
563.44,260522,5631,18
564.51,261022,5631,18
565.62,261522,5631,18
566.65,262022,5631,18
567.74,262522,5631,18
568.87,263022,5631,18
569.95,263522,5631,18
570.99,264022,5631,18
572.1,264522,5631,18
573.19,265022,5631,18
574.29,265522,5631,18
575.29,266022,5631,18
576.38,266522,5631,18
577.51,267022,5631,18
578.62,267522,5631,18
579.65,268022,5631,18
580.69,268522,5631,18
581.71,269022,5631,18
582.77,269522,5631,18
583.88,270022,5631,18
584.99,270522,5631,18
586.13,271022,5631,18
587.26,271522,5631,18
588.22,272022,5631,18
589.21,272522,5631,18
590.25,273022,5631,18
591.23,273522,5631,18
592.19,274022,5631,18
593.21,274522,5631,18
594.28,275022,5631,18
595.31,275522,5631,18
596.26,276022,5631,18
597.3,276522,5631,18
598.34,277022,5631,18
599.4,277522,5631,18
600.48,278022,5631,18
601.53,278522,5631,18
602.66,279022,5631,18
603.67,279522,5631,18
604.76,280022,5631,18
605.82,280522,5631,18
606.91,281022,5631,18
607.98,281522,5631,18
609.09,282022,5631,18
610.09,282522,5631,18
611.14,283022,5631,18
612.29,283522,5631,18
613.35,284022,5631,18
614.37,284522,5631,18
615.49,285022,5631,18
616.6,285522,5631,18
617.65,286022,5631,18
618.73,286522,5631,18
619.69,287022,5631,18
620.54,287522,5631,18
621.53,288022,5631,18
622.63,288522,5631,18
623.68,289022,5631,18
624.91,289522,5631,18
626.16,290022,5631,18
627.37,290522,5631,18
628.53,291022,5631,18
629.56,291522,5631,18
630.54,292022,5631,18
631.6,292522,5631,18
632.58,293022,5631,18
633.64,293522,5631,18
634.63,294022,5631,18
635.73,294522,5631,18
636.76,295022,5631,18
637.96,295522,5631,18
639.04,296022,5631,18
640.05,296522,5631,18
641.07,297022,5631,18
642.22,297522,5631,18
643.22,298022,5631,18
644.34,298522,5631,18
645.38,299022,5631,18
646.42,299522,5631,18
647.61,300022,5631,18
648.64,300522,5631,18
649.65,301022,5631,18
650.7,301522,5631,18
651.73,302022,5631,18
652.84,302522,5631,18
653.88,303022,5631,18
655.04,303522,5631,18
656.22,304022,5631,18
657.38,304522,5631,18
658.4,305022,5631,18
659.51,305522,5631,18
660.64,306022,5631,18
661.72,306522,5631,18
662.85,307022,5631,18
663.99,307522,5631,18
665.15,308022,5631,18
666.29,308522,5631,18
667.36,309022,5631,18
668.39,309522,5631,18
669.55,310022,5631,18
670.58,310522,5631,18
671.58,311022,5631,18
672.67,311522,5631,18
673.69,312022,5631,18
674.81,312522,5631,18
675.87,313022,5631,18
676.99,313522,5631,18
678.17,314022,5631,18
679.19,314522,5631,18
680.27,315022,5631,18
681.38,315522,5631,18
682.47,316022,5631,18
683.58,316522,5631,18
684.72,317022,5631,18
685.87,317522,5631,18
686.97,318022,5631,18
688.13,318522,5631,18
689.26,319022,5631,18
690.3,319522,5631,18
691.38,320022,5631,18
692.43,320522,5631,18
693.59,321022,5631,18
694.57,321522,5631,18
695.7,322022,5631,18
696.85,322522,5631,18
697.9,323022,5631,18
699.04,323522,5631,18
700.1,324022,5631,18
701.18,324522,5631,18
702.25,325022,5631,18
703.37,325522,5631,18
704.5,326022,5631,18
705.74,326522,5631,18
706.83,327022,5631,18
707.91,327522,5631,18
709.05,328022,5631,18
710.12,328522,5631,18
711.21,329022,5631,18
712.23,329522,5631,18
713.17,330022,5631,18
714.35,330522,5631,18
715.42,331022,5631,18
716.56,331522,5631,18
717.74,332022,5631,18
718.76,332522,5631,18
719.74,333022,5631,18
720.74,333522,5631,18
721.74,334022,5631,18
722.84,334522,5631,18
723.94,335022,5631,18
724.99,335522,5631,18
725.97,336022,5631,18
727,336522,5631,18
728.01,337022,5631,18
729.23,337522,5631,18
730.36,338022,5631,18
731.44,338522,5631,18
732.48,339022,5631,18
733.52,339522,5631,18
734.52,340022,5631,18
735.54,340522,5631,18
736.65,341022,5631,18
737.68,341522,5631,18
738.77,342022,5631,18
739.94,342522,5631,18
741.26,343022,5631,18
742.36,343522,5631,18
743.53,344022,5631,18
744.77,344522,5631,18
745.85,345022,5631,18
746.98,345522,5631,18
747.97,346022,5631,18
749.13,346522,5631,18
750.1,347022,5631,18
751.16,347522,5631,18
752.26,348022,5631,18
753.29,348522,5631,18
754.35,349022,5631,18
755.51,349522,5631,18
756.5,350022,5631,18
757.59,350522,5631,18
758.66,351022,5631,18
759.78,351522,5631,18
760.77,352022,5631,18
761.89,352522,5631,18
762.95,353022,5631,18
764.11,353522,5631,18
765.08,354022,5631,18
766.25,354522,5631,18
767.36,355022,5631,18
768.46,355522,5631,18
769.5,356022,5631,18
770.58,356522,5631,18
771.82,357022,5631,18
772.83,357522,5631,18
773.94,358022,5631,18
775.1,358522,5631,18
776.23,359022,5631,18
777.24,359522,5631,18
778.27,360022,5631,18
779.41,360522,5631,18
780.45,361022,5631,18
781.5,361522,5631,18
782.6,362022,5631,18
783.63,362522,5631,18
784.66,363022,5631,18
785.72,363522,5631,18
786.79,364022,5631,18
787.93,364522,5631,18
788.85,365022,5631,18
789.92,365522,5631,18
791,366022,5631,18
792.11,366522,5631,18
793.13,367022,5631,18
794.14,367522,5631,18
795.31,368022,5631,18
796.39,368522,5631,18
797.47,369022,5631,18
798.58,369522,5631,18
799.67,370022,5631,18
800.78,370522,5631,18
801.82,371022,5631,18
802.75,371522,5631,18
803.74,372022,5631,18
804.79,372522,5631,18
805.84,373022,5631,18
806.87,373522,5631,18
807.92,374022,5631,18
809.02,374522,5631,18
810.06,375022,5631,18
811.27,375522,5631,18
812.37,376022,5631,18
813.41,376522,5631,18
814.42,377022,5631,18
815.44,377522,5631,18
816.45,378022,5631,18
817.55,378522,5631,18
818.6,379022,5631,18
819.72,379522,5631,18
820.81,380022,5631,18
822.07,380522,5631,18
823.12,381022,5631,18
824.22,381522,5631,18
825.39,382022,5631,18
826.48,382522,5631,18
827.51,383022,5631,18
828.58,383522,5631,18
829.76,384022,5631,18
830.89,384522,5631,18
831.86,385022,5631,18
833,385522,5631,18
833.99,386022,5631,18
835,386522,5631,18
835.99,387022,5631,18
837.12,387522,5631,18
838.13,388022,5631,18
839.24,388522,5631,18
840.36,389022,5631,18
841.42,389522,5631,18
842.49,390022,5631,18
843.58,390522,5631,18
844.65,391022,5631,18
845.72,391522,5631,18
846.73,392022,5631,18
847.81,392522,5631,18
848.87,393022,5631,18
850.09,393522,5631,18
851.23,394022,5631,18
852.41,394522,5631,18
853.54,395022,5631,18
854.61,395522,5631,18
855.67,396022,5631,18
856.75,396522,5631,18
857.91,397022,5631,18
858.99,397522,5631,18
859.93,398022,5631,18
860.88,398522,5631,18
861.9,399022,5631,18
862.98,399522,5631,18
864.14,400022,5631,18
865.28,400522,5631,18
866.18,401022,5631,18
867.21,401522,5631,18
868.22,402022,5631,18
869.1,402522,5631,18
870.01,403022,5631,18
871.23,403522,5631,18
872.28,404022,5631,18
873.43,404522,5631,18
874.46,405022,5631,18
875.49,405522,5631,18
876.61,406022,5631,18
877.62,406522,5631,18
878.62,407022,5631,18
879.62,407522,5631,18
880.64,408022,5631,18
881.78,408522,5631,18
882.92,409022,5631,18
884.1,409522,5631,18
885.17,410022,5631,18
886.23,410522,5631,18
887.41,411022,5631,18
888.47,411522,5631,18
889.57,412022,5631,18
890.58,412522,5631,18
891.6,413022,5631,18
892.65,413522,5631,18
893.74,414022,5631,18
894.78,414522,5631,18
895.83,415022,5631,18
896.82,415522,5631,18
897.84,416022,5631,18
898.87,416522,5631,18
899.91,417022,5631,18
900.91,417522,5631,18
901.99,418022,5631,18
903.08,418522,5631,18
904.22,419022,5631,18
905.27,419522,5631,18
906.25,420022,5631,18
907.26,420522,5631,18
908.44,421022,5631,18
909.52,421522,5631,18
910.55,422022,5631,18
911.64,422522,5631,18
912.77,423022,5631,18
913.95,423522,5631,18
915.01,424022,5631,18
916.06,424522,5631,18
917.12,425022,5631,18
918.26,425522,5631,18
919.37,426022,5631,18
920.47,426522,5631,18
921.53,427022,5631,18
922.71,427522,5631,18
923.97,428022,5631,18
925.33,428522,5631,18
926.39,429022,5631,18
927.49,429522,5631,18
928.51,430022,5631,18
929.72,430522,5631,18
930.85,431022,5631,18
932,431522,5631,18
933.1,432022,5631,18
934.17,432522,5631,18
935.15,433022,5631,18
936.18,433522,5631,18
937.12,434022,5631,18
938.28,434522,5631,18
939.45,435022,5631,18
940.52,435522,5631,18
941.79,436022,5631,18
942.97,436522,5631,18
944.14,437022,5631,18
945.26,437522,5631,18
946.34,438022,5631,18
947.57,438522,5631,18
948.69,439022,5631,18
949.82,439522,5631,18
950.94,440022,5631,18
952.05,440522,5631,18
953.19,441022,5631,18
954.27,441522,5631,18
955.31,442022,5631,18
956.4,442522,5631,18
957.49,443022,5631,18
958.49,443522,5631,18
960.05,444022,5631,18
961.08,444522,5631,18
962.26,445022,5631,18
963.49,445522,5631,18
964.59,446022,5631,18
965.58,446522,5631,18
966.53,447022,5631,18
967.54,447522,5631,18
968.63,448022,5631,18
969.62,448522,5631,18
970.83,449022,5631,18
971.95,449522,5631,18
973.06,450022,5631,18
974.14,450522,5631,18
975.24,451022,5631,18
976.35,451522,5631,18
977.49,452022,5631,18
978.51,452522,5631,18
979.61,453022,5631,18
980.61,453522,5631,18
981.66,454022,5631,18
982.69,454522,5631,18
983.87,455022,5631,18
985.12,455522,5631,18
986.12,456022,5631,18
987.14,456522,5631,18
988.08,457022,5631,18
989.06,457522,5631,18
989.97,458022,5631,18
991.16,458522,5631,18
992.37,459022,5631,18
993.5,459522,5631,18
994.62,460022,5631,18
995.71,460522,5631,18
996.87,461022,5631,18
997.89,461522,5631,18
998.95,462022,5631,18
999.95,462522,5631,18
1000.93,463022,5631,18
1002.02,463522,5631,18
1003.1,464022,5631,18
1004.21,464522,5631,18
1005.38,465022,5631,18
1006.44,465522,5631,18
1007.51,466022,5631,18
1008.56,466522,5631,18
1009.58,467022,5631,18
1010.62,467522,5631,18
1011.69,468022,5631,18
1012.76,468522,5631,18
1013.84,469022,5631,18
1014.82,469522,5631,18
1015.9,470022,5631,18
1016.89,470522,5631,18
1017.88,471022,5631,18
1018.97,471522,5631,18
1020.01,472022,5631,18
1021.13,472522,5631,18
1022.29,473022,5631,18
1023.32,473522,5631,18
1024.31,474022,5631,18
1025.3,474522,5631,18
1026.38,475022,5631,18
1027.47,475522,5631,18
1028.7,476022,5631,18
1029.88,476522,5631,18
1030.92,477022,5631,18
1032.01,477522,5631,18
1033.13,478022,5631,18
1034.26,478522,5631,18
1035.49,479022,5631,18
1036.57,479522,5631,18
1037.66,480022,5631,18
1038.59,480522,5631,18
1039.68,481022,5631,18
1040.69,481522,5631,18
1041.77,482022,5631,18
1042.75,482522,5631,18
1043.73,483022,5631,18
1044.71,483522,5631,18
1045.64,484022,5631,18
1046.8,484522,5631,18
1047.83,485022,5631,18
1048.8,485522,5631,18
1049.83,486022,5631,18
1051.05,486522,5631,18
1052.11,487022,5631,18
1053.14,487522,5631,18
1054.27,488022,5631,18
1055.27,488522,5631,18
1056.34,489022,5631,18
1057.52,489522,5631,18
1058.62,490022,5631,18
1059.66,490522,5631,18
1060.71,491022,5631,18
1061.81,491522,5631,18
1062.82,492022,5631,18
1063.95,492522,5631,18
1065,493022,5631,18
1066.04,493522,5631,18
1067.15,494022,5631,18
1068.28,494522,5631,18
1069.37,495022,5631,18
1070.45,495522,5631,18
1071.5,496022,5631,18
1072.42,496522,5631,18
1073.48,497022,5631,18
1074.56,497522,5631,18
1075.63,498022,5631,18
1076.82,498522,5631,18
1077.88,499022,5631,18
1078.97,499522,5631,18
1080.3,500022,5631,18
1081.52,500522,5631,18
1082.56,501022,5631,18
1083.58,501522,5631,18
1084.58,502022,5631,18
1085.57,502522,5631,18
1086.56,503022,5631,18
1087.64,503522,5631,18
1088.85,504022,5631,18
1089.85,504522,5631,18
1090.97,505022,5631,18
1091.93,505522,5631,18
1092.86,506022,5631,18
1093.92,506522,5631,18
1094.98,507022,5631,18
1095.97,507522,5631,18
1097.07,508022,5631,18
1098.06,508522,5631,18
1099.09,509022,5631,18
1100.03,509522,5631,18
1101.07,510022,5631,18
1102.2,510522,5631,18
1103.27,511022,5631,18
1104.34,511522,5631,18
1105.36,512022,5631,18
1106.52,512522,5631,18
1107.64,513022,5631,18
1108.77,513522,5631,18
1109.76,514022,5631,18
1110.8,514522,5631,18
1111.84,515022,5631,18
1112.89,515522,5631,18
1113.98,516022,5631,18
1114.96,516522,5631,18
1116.03,517022,5631,18
1117.02,517522,5631,18
1117.96,518022,5631,18
1118.96,518522,5631,18
1119.94,519022,5631,18
1120.99,519522,5631,18
1121.91,520022,5631,18
1122.93,520522,5631,18
1123.92,521022,5631,18
1124.86,521522,5631,18
1125.82,522022,5631,18
1126.71,522522,5631,18
1127.65,523022,5631,18
1128.59,523522,5631,18
1129.72,524022,5631,18
1130.77,524522,5631,18
1131.9,525022,5631,18
1132.93,525522,5631,18
1134.18,526022,5631,18
1135.31,526522,5631,18
1136.34,527022,5631,18
1137.31,527522,5631,18
1138.32,528022,5631,18
1139.45,528522,5631,18
1140.46,529022,5631,18
1141.54,529522,5631,18
1142.7,530022,5631,18
1143.8,530522,5631,18
1144.84,531022,5631,18
1145.96,531522,5631,18
1146.91,532022,5631,18
1147.91,532522,5631,18
1148.87,533022,5631,18
1149.94,533522,5631,18
1150.87,534022,5631,18
1151.84,534522,5631,18
1152.88,535022,5631,18
1153.94,535522,5631,18
1155,536022,5631,18
1156.04,536522,5631,18
1157.07,537022,5631,18
1158.14,537522,5631,18
1159.2,538022,5631,18
1160.18,538522,5631,18
1161.26,539022,5631,18
1162.31,539522,5631,18
1163.42,540022,5631,18
1164.52,540522,5631,18
1165.68,541022,5631,18
1166.77,541522,5631,18
1167.83,542022,5631,18
1168.81,542522,5631,18
1169.81,543022,5631,18
1171.01,543522,5631,18
1172.01,544022,5631,18
1173,544522,5631,18
1174.15,545022,5631,18
1175.34,545522,5631,18
1176.33,546022,5631,18
1177.4,546522,5631,18
1178.44,547022,5631,18
1179.48,547522,5631,18
1180.46,548022,5631,18
1181.41,548522,5631,18
1182.43,549022,5631,18
1183.55,549522,5631,18
1184.72,550022,5631,18
1185.74,550522,5631,18
1186.74,551022,5631,18
1187.67,551522,5631,18
1188.72,552022,5631,18
1189.82,552522,5631,18
1190.87,553022,5631,18
1191.89,553522,5631,18
1192.91,554022,5631,18
1194,554522,5631,18
1195.02,555022,5631,18
1196.05,555522,5631,18
1197.14,556022,5631,18
1198.14,556522,5631,18
1199.17,557022,5631,18
1200.29,557522,5631,18
1201.38,558022,5631,18
1202.54,558522,5631,18
1203.69,559022,5631,18
1204.72,559522,5631,18
1205.81,560022,5631,18
1206.85,560522,5631,18
1207.92,561022,5631,18
1209.02,561522,5631,18
1210.04,562022,5631,18
1210.99,562522,5631,18
1212.16,563022,5631,18
1213.29,563522,5631,18
1214.34,564022,5631,18
1215.42,564522,5631,18
1216.43,565022,5631,18
1217.46,565522,5631,18
1218.56,566022,5631,18
1219.6,566522,5631,18
1220.65,567022,5631,18
1221.69,567522,5631,18
1222.76,568022,5631,18
1223.98,568522,5631,18
1225.25,569022,5631,18
1226.37,569522,5631,18
1227.4,570022,5631,18
1228.46,570522,5631,18
1229.65,571022,5631,18
1230.81,571522,5631,18
1231.73,572022,5631,18
1232.68,572522,5631,18
1233.82,573022,5631,18
1234.86,573522,5631,18
1235.85,574022,5631,18
1236.87,574522,5631,18
1237.86,575022,5631,18
1238.91,575522,5631,18
1239.93,576022,5631,18
1241.04,576522,5631,18
1242.18,577022,5631,18
1243.36,577522,5631,18
1244.63,578022,5631,18
1245.76,578522,5631,18
1246.76,579022,5631,18
1247.75,579522,5631,18
1248.77,580022,5631,18
1249.85,580522,5631,18
1250.78,581022,5631,18
1251.84,581522,5631,18
1252.86,582022,5631,18
1253.97,582522,5631,18
1255.04,583022,5631,18
1256.06,583522,5631,18
1257.12,584022,5631,18
1258.14,584522,5631,18
1259.08,585022,5631,18
1260.12,585522,5631,18
1261.19,586022,5631,18
1262.2,586522,5631,18
1263.22,587022,5631,18
1264.35,587522,5631,18
1265.34,588022,5631,18
1266.34,588522,5631,18
1267.31,589022,5631,18
1268.34,589522,5631,18
1269.22,590022,5631,18
1270.21,590522,5631,18
1271.38,591022,5631,18
1272.4,591522,5631,18
1273.42,592022,5631,18
1274.43,592522,5631,18
1275.36,593022,5631,18
1276.41,593522,5631,18
1277.4,594022,5631,18
1278.57,594522,5631,18
1279.61,595022,5631,18
1280.71,595522,5631,18
1281.76,596022,5631,18
1282.84,596522,5631,18
1283.91,597022,5631,18
1284.88,597522,5631,18
1285.9,598022,5631,18
1286.97,598522,5631,18
1288.1,599022,5631,18
1289.29,599522,5631,18
1290.29,600022,5631,18
1291.4,600522,5631,18
1292.64,601022,5631,18
1293.55,601522,5631,18
1294.52,602022,5631,18
1295.55,602522,5631,18
1296.6,603022,5631,18
1297.68,603522,5631,18
1298.62,604022,5631,18
1299.65,604522,5631,18
1300.75,605022,5631,18
1301.81,605522,5631,18
1302.97,606022,5631,18
1304.05,606522,5631,18
1305.15,607022,5631,18
1306.23,607522,5631,18
1307.23,608022,5631,18
1308.35,608522,5631,18
1309.28,609022,5631,18
1310.3,609522,5631,18
1311.52,610022,5631,18
1312.62,610522,5631,18
1313.71,611022,5631,18
1314.76,611522,5631,18
1315.93,612022,5631,18
1316.94,612522,5631,18
1318.03,613022,5631,18
1319.09,613522,5631,18
1320.06,614022,5631,18
1321.12,614522,5631,18
1322.15,615022,5631,18
1323.44,615522,5631,18
1324.51,616022,5631,18
1325.55,616522,5631,18
1326.57,617022,5631,18
1327.7,617522,5631,18
1328.79,618022,5631,18
1329.87,618522,5631,18
1330.85,619022,5631,18
1331.87,619522,5631,18
1333.02,620022,5631,18
1334.08,620522,5631,18
1335.09,621022,5631,18
1336.17,621522,5631,18
1337.2,622022,5631,18
1338.21,622522,5631,18
1339.29,623022,5631,18
1340.43,623522,5631,18
1341.53,624022,5631,18
1342.6,624522,5631,18
1343.73,625022,5631,18
1344.82,625522,5631,18
1345.96,626022,5631,18
1347.11,626522,5631,18
1348.21,627022,5631,18
1349.35,627522,5631,18
1350.48,628022,5631,18
1351.54,628522,5631,18
1352.65,629022,5631,18
1353.63,629522,5631,18
1354.54,630022,5631,18
1355.77,630522,5631,18
1356.88,631022,5631,18
1358.05,631522,5631,18
1359.11,632022,5631,18
1360.2,632522,5631,18
1361.23,633022,5631,18
1362.3,633522,5631,18
1363.57,634022,5631,18
1364.62,634522,5631,18
1365.63,635022,5631,18
1366.61,635522,5631,18
1367.68,636022,5631,18
1368.78,636522,5631,18
1369.81,637022,5631,18
1370.9,637522,5631,18
1371.96,638022,5631,18
1373.12,638522,5631,18
1374.19,639022,5631,18
1375.24,639522,5631,18
1376.27,640022,5631,18
1377.35,640522,5631,18
1378.39,641022,5631,18
1379.39,641522,5631,18
1380.36,642022,5631,18
1381.31,642522,5631,18
1382.48,643022,5631,18
1383.6,643522,5631,18
1384.65,644022,5631,18
1385.65,644522,5631,18
1386.67,645022,5631,18
1387.63,645522,5631,18
1388.68,646022,5631,18
1389.83,646522,5631,18
1390.94,647022,5631,18
1392.02,647522,5631,18
1393.02,648022,5631,18
1394.06,648522,5631,18
1395.03,649022,5631,18
1396.08,649522,5631,18
1397.23,650022,5631,18
1398.25,650522,5631,18
1399.25,651022,5631,18
1400.16,651522,5631,18
1401.19,652022,5631,18
1402.24,652522,5631,18
1403.27,653022,5631,18
1404.3,653522,5631,18
1405.32,654022,5631,18
1406.48,654522,5631,18
1407.54,655022,5631,18
1408.74,655522,5631,18
1409.75,656022,5631,18
1410.79,656522,5631,18
1411.87,657022,5631,18
1412.9,657522,5631,18
1413.84,658022,5631,18
1414.86,658522,5631,18
1415.93,659022,5631,18
1417.1,659522,5631,18
1418.19,660022,5631,18
1419.27,660522,5631,18
1420.36,661022,5631,18
1421.48,661522,5631,18
1422.57,662022,5631,18
1423.71,662522,5631,18
1424.84,663022,5631,18
1425.89,663522,5631,18
1426.88,664022,5631,18
1427.93,664522,5631,18
1428.91,665022,5631,18
1429.96,665522,5631,18
1431.15,666022,5631,18
1432.2,666522,5631,18
1433.29,667022,5631,18
1434.21,667522,5631,18
1435.17,668022,5631,18
1436.25,668522,5631,18
1437.25,669022,5631,18
1438.26,669522,5631,18
1439.19,670022,5631,18
1440.11,670522,5631,18
1440.99,671022,5631,18
1441.96,671522,5631,18
1442.98,672022,5631,18
1444.02,672522,5631,18
1445.06,673022,5631,18
1446.04,673522,5631,18
1447.14,674022,5631,18
1448.2,674522,5631,18
1449.23,675022,5631,18
1450.28,675522,5631,18
1451.35,676022,5631,18
1452.44,676522,5631,18
1453.54,677022,5631,18
1454.66,677522,5631,18
1455.59,678022,5631,18
1456.64,678522,5631,18
1457.62,679022,5631,18
1458.64,679525,5635,19
1459.89,680025,5635,19
1460.97,680525,5635,19
1462.03,681026,5639,19
1463.16,681529,5656,19
1464.28,682029,5656,19
1465.29,682530,5660,19
1466.4,683030,5660,19
1467.44,683531,5664,19
1468.69,684034,5676,19
1469.85,684537,5688,19
1470.93,685038,5692,19
1472.04,685538,5708,19
1473.22,686039,5712,19
1474.27,686542,5732,19
1475.41,687045,5744,19
1476.48,687547,5752,19
1477.66,688050,5776,19
1478.8,688552,5792,19
1480.04,689055,5796,19
1481.08,689558,5804,19
1482.31,690062,5824,19
1483.51,690562,5840,19
1484.7,691066,5856,19
1485.94,691566,5856,19
1487.21,692069,5884,19
1488.34,692571,5892,19
1489.68,693073,5920,19
1490.89,693576,5932,19
1492.25,694077,5952,19
1493.58,694577,5960,19
1494.78,695078,5976,19
1495.99,695582,6000,19
1497.33,696084,6016,19
1498.65,696586,6036,19
1499.92,697090,6056,19
1501.04,697590,6076,19
1502.25,698092,6100,19
1503.62,698596,6108,19
1504.84,699100,6116,19
1506,699601,6144,19
1507.21,700105,6172,19
1508.41,700609,6184,19
1509.58,701111,6192,19
1510.81,701615,6204,19
1512.14,702117,6224,19
1513.44,702617,6240,19
1514.7,703117,6260,19
1515.99,703620,6280,19
1517.35,704121,6296,19
1518.54,704621,6320,19
1519.71,705122,6348,19
1521,705624,6356,19
1522.31,706126,6364,19
1523.61,706627,6368,19
1525.07,707130,6392,19
1526.38,707632,6408,19
1527.63,708133,6432,19
1528.76,708633,6460,19
1530.04,709134,6480,19
1531.35,709636,6504,19
1532.71,710137,6520,19
1534.1,710637,6536,19
1535.33,711138,6556,19
1536.64,711641,6568,19
1537.97,712145,6580,19
1539.42,712649,6608,19
1540.8,713153,6632,19
1542.02,713657,6640,19
1543.26,714160,6660,19
1544.51,714662,6680,19
1545.82,715162,6700,19
1547.1,715662,6720,19
1548.28,716164,6740,19
1549.56,716668,6748,19
1550.79,717172,6760,19
1551.86,717676,6772,19
1553.07,718178,6780,19
1554.43,718681,6800,19
1555.85,719181,6828,19
1557.06,719682,6848,19
1558.37,720185,6880,19
1559.68,720687,6904,19
1561.06,721190,6936,19
1562.36,721693,6956,19
1563.63,722193,6984,19
1564.9,722694,7016,19
1566.14,723196,7040,19
1567.43,723697,7068,19
1568.64,724199,7100,19
1569.7,724699,7100,19
1570.82,725201,7120,19
1572.05,725701,7152,19
1573.37,726202,7164,19
1574.65,726702,7172,19
1575.88,727202,7200,19
1577.3,727704,7216,19
1578.57,728207,7232,19
1579.97,728710,7260,19
1581.25,729211,7288,19
1582.55,729712,7304,19
1583.8,730212,7332,19
1585.09,730714,7352,19
1586.49,731217,7372,19
1587.82,731719,7380,19
1589.1,732222,7388,19
1590.38,732722,7404,19
1591.48,733224,7412,19
1592.7,733728,7440,19
1593.96,734228,7480,19
1595.31,734728,7488,19
1596.69,735231,7520,19
1598.11,735732,7552,19
1599.33,736233,7564,19
1600.49,736735,7592,19
1601.71,737238,7632,19
1602.85,737738,7660,19
1604.16,738241,7668,19
1605.46,738744,7700,19
1606.77,739246,7720,19
1608.16,739750,7744,19
1609.47,740251,7760,19
1610.81,740754,7776,19
1612.05,741255,7804,19
1613.21,741756,7824,19
1614.48,742257,7864,19
1615.91,742757,7892,19
1617.03,743259,7920,19
1618.3,743760,7936,19
1619.7,744261,7956,19
1620.87,744764,7980,19
1622.14,745268,7996,19
1623.55,745772,8012,19
1624.94,746273,8056,19
1626.3,746775,8064,19
1627.6,747276,8092,19
1628.94,747780,8104,19
1630.27,748282,8120,19
1631.45,748786,8132,19
1632.77,749288,8140,19
1633.99,749788,8152,19
1635.3,750291,8164,19
1636.56,750793,8188,19
1637.98,751296,8216,19
1639.29,751796,8244,19
1640.63,752298,8260,19
1641.87,752798,8288,19
1643.14,753298,8308,19
1644.43,753798,8320,19
1645.82,754298,8356,19
1646.98,754800,8380,19
1648.26,755304,8392,19
1649.57,755805,8412,19
1650.88,756308,8424,19
1652.22,756809,8452,19
1653.33,757312,8468,19
1654.51,757812,8476,19
1655.93,758315,8516,19
1657.17,758816,8536,19
1658.43,759319,8564,19
1659.63,759821,8580,19
1660.99,760322,8600,19
1662.21,760825,8612,19
1663.46,761329,8656,19
1664.72,761833,8672,19
1665.93,762333,8696,19
1667.16,762836,8728,19
1668.27,763336,8752,19
1669.43,763838,8756,19
1670.72,764342,8780,19
1671.92,764844,8800,19
1673.18,765345,8848,19
1674.44,765847,8860,19
1675.67,766347,8896,19
1676.81,766850,8908,19
1678.08,767351,8936,19
1679.35,767851,8964,19
1680.49,768354,8976,19
1681.68,768854,8996,19
1682.89,769356,9016,19
1684.1,769857,9040,19
1685.42,770357,9064,19
1686.7,770859,9088,19
1688.06,771361,9108,19
1689.34,771863,9140,19
1690.63,772365,9164,19
1691.87,772868,9184,19
1693.07,773372,9200,19
1694.34,773873,9228,19
1695.45,774377,9248,19
1696.94,774880,9284,19
1698.14,775384,9300,19
1699.43,775885,9320,19
1700.77,776385,9352,19
1702.09,776886,9372,19
1703.25,777388,9384,19
1704.66,777892,9420,19
1706.09,778393,9448,19
1707.43,778897,9472,19
1708.92,779398,9488,19
1710.21,779902,9516,19
1711.36,780404,9544,19
1712.48,780904,9560,19
1713.74,781404,9580,19
1715.1,781906,9608,19
1716.28,782407,9652,19
1717.61,782910,9676,19
1718.87,783413,9708,19
1720.16,783913,9732,19
1721.34,784413,9752,19
1722.6,784913,9768,19
1723.85,785413,9788,19
1725.07,785914,9804,19
1726.36,786415,9820,19
1727.55,786917,9828,19
1728.68,787417,9872,19
1729.94,787917,9888,19
1731.13,788417,9904,19
1732.45,788921,9932,19
1733.62,789424,9960,19
1735.07,789927,9976,19
1736.4,790428,10000,19
1737.6,790930,10016,19
1738.92,791430,10028,19
1740.18,791933,10052,19
1741.43,792437,10084,19
1742.57,792938,10128,19
1743.79,793441,10144,19
1745.01,793944,10176,19
1746.23,794444,10208,19
1747.55,794948,10220,19
1748.76,795448,10232,19
1750.09,795950,10248,19
1751.17,796453,10268,19
1752.38,796955,10288,19
1753.87,797456,10308,19
1755.17,797958,10336,19
1756.61,798458,10360,19
1757.93,798961,10400,19
1759.16,799461,10412,19
1760.38,799962,10444,19
1761.49,800463,10488,19
1762.78,800967,10500,19
1763.97,801467,10512,19
1765.41,801967,10528,19
1766.58,802469,10548,19
1767.73,802969,10556,19
1769.14,803471,10576,19
1770.47,803972,10600,19
1771.71,804472,10616,19
1772.88,804976,10648,19
1774.05,805479,10668,19
1775.32,805983,10672,19
1776.45,806487,10680,19
1777.68,806987,10696,19
1779.03,807489,10744,19
1780.34,807992,10756,19
1781.49,808495,10768,19
1782.68,808996,10792,19
1783.8,809499,10804,19
1785.06,810002,10844,19
1786.37,810503,10860,19
1787.77,811006,10872,19
1789.1,811509,10900,19
1790.26,812010,10920,19
1791.47,812510,10928,19
1792.62,813014,10944,19
1794.37,813517,10964,19
1795.59,814018,10988,19
1796.73,814518,11000,19
1798.05,815018,11032,19
1799.48,815518,11048,19
1800.73,816018,11072,19
1802.01,816520,11080,19
1803.21,817022,11096,19
1804.52,817523,11116,19
1805.8,818024,11136,19
1807.07,818525,11152,19
1808.31,819028,11164,19
1809.65,819529,11180,19
1810.88,820031,11200,19
1812.06,820534,11232,19
1813.24,821037,11264,19
1814.53,821537,11288,19
1815.76,822040,11324,19
1816.94,822540,11340,19
1818.22,823041,11356,19
1819.4,823541,11384,19
1820.69,824041,11400,19
1821.91,824541,11424,19
1823.17,825043,11440,19
1824.53,825547,11484,19
1825.88,826050,11488,19
1827.17,826551,11512,19
1828.65,827053,11532,19
1830.13,827556,11552,19
1831.49,828058,11576,19
1832.74,828560,11600,19
1834.22,829061,11640,19
1835.52,829565,11664,19
1836.94,830066,11684,19
1838.21,830566,11728,19
1839.49,831068,11744,19
1840.74,831568,11756,19
1841.93,832069,11768,19
1843.29,832572,11780,19
1844.49,833074,11816,19
1845.82,833578,11852,19
1847.14,834078,11892,19
1848.55,834579,11916,19
1849.8,835082,11944,19
1851.07,835584,11964,19
1852.23,836087,11976,19
1853.38,836591,11988,19
1854.69,837093,12020,19
1855.88,837597,12032,19
1857.14,838098,12064,19
1858.37,838598,12084,19
1859.55,839099,12104,19
1860.92,839601,12116,19
1862.05,840102,12136,19
1863.32,840602,12176,19
1864.47,841105,12196,19
1865.57,841607,12204,19
1867,842111,12232,19
1868.39,842615,12244,19
1869.8,843118,12280,19
1871.21,843620,12304,19
1872.5,844121,12320,19
1873.73,844624,12344,19
1874.82,845124,12364,19
1876.17,845625,12392,19
1877.43,846126,12396,19
1878.71,846626,12416,19
1880.1,847130,12444,19
1881.27,847632,12460,19
1882.64,848132,12492,19
1883.9,848634,12516,19
1885.23,849138,12540,19
1886.43,849640,12564,19
1887.57,850144,12580,19
1888.99,850644,12616,19
1890.28,851148,12648,19
1891.52,851650,12660,19
1892.69,852151,12680,19
1894.07,852651,12692,19
1895.47,853152,12716,19
1896.55,853653,12736,19
1897.83,854153,12764,19
1899.07,854654,12772,19
1900.27,855154,12792,19
1901.52,855658,12828,19
1902.8,856160,12856,19
1904.01,856660,12896,19
1905.13,857162,12916,19
1906.39,857663,12940,19
1907.7,858165,12956,19
1909.1,858667,12988,19
1910.41,859167,12996,19
1911.72,859668,13016,19
1913,860170,13056,19
1914.18,860673,13076,19
1915.4,861176,13088,19
1916.52,861678,13112,19
1917.72,862182,13128,19
1919.09,862683,13164,19
1920.4,863187,13188,19
1921.56,863689,13208,19
1922.85,864192,13220,19
1924.11,864695,13240,19
1925.41,865199,13252,19
1926.64,865700,13260,19
1927.88,866200,13296,19
1929.06,866702,13320,19
1930.29,867203,13332,19
1931.53,867703,13376,19
1932.8,868203,13396,19
1934.15,868704,13412,19
1935.38,869205,13432,19
1936.92,869709,13452,19
1938.17,870209,13480,19
1939.5,870712,13496,19
1940.81,871212,13516,19
1942.06,871712,13536,19
1943.28,872212,13560,19
1944.46,872714,13588,19
1945.9,873214,13604,19
1947.3,873715,13632,19
1948.61,874219,13644,19
1949.86,874719,13660,19
1951.17,875219,13688,19
1952.32,875723,13708,19
1953.72,876226,13736,19
1955.09,876726,13772,19
1956.39,877228,13800,19
1957.6,877728,13824,19
1958.87,878230,13832,19
1960.1,878730,13844,19
1961.43,879231,13868,19
1962.69,879732,13880,19
1963.81,880236,13908,19
1964.96,880736,13932,19
1966.16,881239,13952,19
1967.4,881740,13988,19
1968.64,882244,14012,19
1969.88,882745,14032,19
1971.3,883249,14060,19
1972.39,883749,14080,19
1973.52,884250,14092,19
1974.89,884750,14120,19
1976.14,885252,14152,19
1977.45,885753,14184,19
1978.79,886256,14212,19
1980.21,886759,14224,19
1981.48,887261,14232,19
1982.74,887765,14260,19
1984.02,888265,14296,19
1985.16,888768,14308,19
1986.68,889268,14324,19
1987.83,889770,14348,19
1988.95,890271,14372,19
1990.02,890774,14400,19
1991.16,891274,14416,19
1992.39,891776,14436,19
1993.77,892279,14464,19
1995.33,892779,14480,19
1996.59,893282,14492,19
1997.8,893783,14516,19
1999.2,894284,14544,19
2000.39,894786,14572,19
2001.71,895290,14600,19
2002.98,895793,14612,19
2004.31,896297,14624,19
2005.53,896801,14644,19
2006.8,897301,14664,19
2008.02,897802,14680,19
2009.24,898305,14712,19
2010.54,898806,14736,19
2011.85,899307,14752,19
2013.21,899808,14772,19
2014.69,900308,14800,19
2015.94,900810,14828,19
2017.25,901314,14856,19
2018.55,901817,14880,19
2019.83,902319,14904,19
2021.13,902822,14924,19
2022.44,903325,14940,19
1.21,501,5268,25
2.2,1002,5481,24
3.41,1503,5531,24
4.6,2003,5547,24
5.59,2506,5609,24
6.66,3006,5609,24
7.8,3508,5615,24
8.8,4008,5615,24
9.85,4508,5615,24
10.98,5008,5615,24
11.95,5510,5623,24
13.01,6011,5627,24
14.04,6512,5639,24
15.13,7015,5647,24
16.18,7518,5655,24
17.28,8020,5663,24
18.42,8520,5663,24
19.5,9023,5667,24
20.59,9523,5667,24
21.74,10023,5667,24
22.83,10523,5683,24
23.93,11026,5695,24
25.06,11528,5707,24
26.15,12028,5727,24
27.25,12531,5739,24
28.44,13034,5767,24
29.55,13538,5787,24
30.73,14042,5799,24
31.91,14543,5803,24
32.98,15047,5815,24
34.19,15549,5839,24
35.19,16051,5847,24
36.4,16553,5855,24
37.52,17055,5875,24
38.74,17558,5899,24
39.99,18062,5915,24
41.18,18566,5939,24
42.35,19066,5959,24
43.64,19570,5987,24
44.85,20070,6003,24
45.97,20571,6007,24
47.18,21071,6023,24
48.31,21571,6047,24
49.53,22074,6071,24
50.72,22577,6095,24
52.01,23080,6107,24
53.24,23584,6139,24
54.55,24086,6175,24
55.77,24588,6203,24
56.97,25089,6219,24
58.2,25589,6235,24
59.38,26091,6267,24
60.56,26594,6279,24
61.92,27096,6315,24
63.31,27597,6331,24
64.61,28101,6343,24
65.86,28604,6351,24
66.95,29105,6391,24
68.17,29609,6423,24
69.4,30113,6447,24
70.63,30614,6451,24
71.87,31114,6463,24
73.25,31614,6483,24
74.65,32118,6511,24
75.93,32621,6539,24
77.14,33121,6567,24
78.41,33622,6591,24
79.59,34124,6611,24
80.81,34625,6615,24
82.14,35129,6631,24
83.3,35632,6663,24
84.41,36134,6679,24
85.54,36634,6711,24
86.74,37137,6735,24
88.02,37640,6751,24
89.28,38144,6771,24
90.6,38646,6779,24
91.94,39146,6807,24
93.23,39646,6835,24
94.45,40149,6843,24
95.75,40653,6867,24
97.21,41155,6883,24
98.54,41659,6899,24
99.9,42162,6907,24
101.42,42663,6919,24
102.8,43164,6951,24
104.1,43664,6979,24
105.48,44164,6979,24
106.83,44665,6999,24
108.04,45169,7003,24
109.32,45672,7023,24
110.54,46175,7035,24
111.85,46679,7075,24
112.99,47182,7087,24
114.25,47685,7103,24
115.45,48185,7115,24
116.76,48688,7139,24
118.06,49190,7167,24
119.47,49692,7195,24
120.62,50194,7203,24
121.74,50698,7219,24
122.79,51198,7235,24
123.91,51699,7255,24
125.15,52203,7267,24
126.37,52707,7291,24
127.57,53209,7311,24
128.78,53711,7319,24
130.04,54212,7335,24
131.27,54714,7355,24
132.55,55216,7375,24
133.88,55717,7399,24
135.21,56217,7435,24
136.48,56720,7443,24
137.74,57221,7471,24
139.11,57723,7503,24
140.22,58225,7519,24
141.49,58726,7547,24
142.68,59227,7563,24
143.85,59730,7607,24
145.02,60233,7619,24
146.21,60736,7631,24
147.24,61236,7651,24
148.32,61740,7667,24
149.48,62243,7691,24
150.82,62745,7727,24
151.96,63245,7747,24
153.11,63748,7775,24
154.34,64250,7803,24
155.57,64753,7827,24
156.83,65255,7863,24
157.96,65755,7875,24
159.09,66255,7895,24
160.22,66759,7911,24
161.43,67262,7939,24
162.62,67762,7967,24
163.66,68264,7995,24
164.77,68768,8019,24
165.9,69271,8047,24
167.15,69771,8075,24
168.37,70275,8107,24
169.51,70775,8111,24
170.62,71276,8151,24
171.77,71780,8167,24
173.01,72284,8183,24
174.4,72785,8207,24
175.59,73285,8263,24
176.81,73787,8271,24
177.96,74289,8283,24
179.25,74793,8311,24
180.44,75297,8327,24
181.65,75798,8347,24
182.8,76300,8367,24
184.01,76804,8383,24
185.13,77306,8415,24
186.32,77806,8431,24
187.68,78310,8451,24
188.99,78814,8463,24
190.41,79315,8479,24
191.71,79816,8511,24
192.97,80316,8531,24
194.19,80818,8551,24
195.4,81318,8571,24
196.71,81822,8587,24
197.81,82324,8635,24
199,82828,8647,24
200.35,83328,8679,24
201.64,83832,8715,24
202.79,84333,8731,24
203.92,84833,8747,24
205.26,85336,8775,24
206.46,85840,8787,24
207.7,86342,8799,24
208.82,86842,8811,24
210.19,87344,8819,24
211.4,87847,8831,24
212.6,88350,8855,24
213.9,88854,8871,24
215.17,89357,8891,24
216.28,89860,8927,24
217.47,90364,8947,24
218.71,90867,8967,24
219.97,91369,8975,24
221.2,91873,8987,24
222.36,92373,9003,24
223.74,92875,9023,24
224.97,93377,9043,24
226.27,93879,9059,24
227.52,94381,9083,24
228.69,94883,9107,24
229.88,95384,9143,24
231.14,95884,9163,24
232.42,96387,9187,24
233.77,96887,9227,24
235.02,97388,9231,24
236.39,97892,9243,24
237.65,98395,9283,24
238.91,98898,9315,24
240.1,99400,9339,24
241.33,99904,9359,24
242.56,100405,9375,24
243.97,100909,9423,24
245.21,101412,9435,24
246.37,101916,9451,24
247.57,102416,9491,24
248.75,102918,9503,24
249.98,103420,9527,24
251.31,103922,9563,24
252.48,104423,9591,24
253.75,104924,9599,24
254.85,105426,9607,24
256.05,105928,9643,24
257.25,106430,9667,24
258.5,106933,9695,24
259.81,107435,9727,24
260.96,107935,9763,24
262.2,108438,9811,24
263.46,108940,9835,24
264.75,109441,9859,24
266.01,109944,9883,24
267.23,110448,9907,24
268.53,110948,9923,24
269.71,111449,9943,24
270.89,111950,9947,24
272.18,112453,9959,24
273.36,112953,9991,24
274.6,113454,10027,24
275.99,113954,10039,24
277.26,114458,10059,24
278.44,114960,10067,24
279.58,115462,10087,24
280.72,115964,10099,24
281.97,116468,10123,24
283.32,116972,10151,24
284.65,117474,10175,24
285.79,117977,10199,24
286.93,118480,10223,24
287.92,118980,10267,24
289.07,119481,10287,24
290.29,119985,10303,24
291.52,120485,10323,24
292.74,120987,10335,24
293.91,121487,10347,24
295.25,121987,10371,24
296.35,122487,10403,24
297.54,122988,10435,24
298.8,123490,10443,24
300.12,123994,10467,24
301.34,124498,10491,24
302.57,124998,10527,24
303.76,125500,10543,24
304.97,126001,10567,24
306.15,126502,10583,24
307.43,127006,10595,24
308.76,127506,10631,24
310.17,128008,10635,24
311.48,128510,10655,24
312.72,129011,10683,24
313.9,129514,10727,24
315.24,130016,10747,24
316.51,130520,10775,24
317.82,131020,10787,24
319,131522,10803,24
320.21,132026,10811,24
321.51,132526,10843,24
322.8,133026,10879,24
324.04,133528,10887,24
325.31,134031,10907,24
326.59,134534,10935,24
327.96,135036,10967,24
329.28,135537,10995,24
330.65,136037,11011,24
331.94,136538,11039,24
333.07,137042,11055,24
334.5,137543,11071,24
335.67,138045,11091,24
336.96,138546,11115,24
338.25,139048,11159,24
339.56,139548,11187,24
340.81,140050,11191,24
342.05,140554,11207,24
343.3,141058,11223,24
344.59,141560,11239,24
345.81,142060,11259,24
347.1,142562,11287,24
348.26,143063,11315,24
349.47,143566,11355,24
350.77,144070,11379,24
352.03,144571,11395,24
353.33,145071,11431,24
354.63,145573,11451,24
355.86,146075,11487,24
357.18,146577,11511,24
358.4,147078,11535,24
359.78,147580,11559,24
361,148081,11583,24
362.34,148585,11603,24
363.58,149085,11615,24
364.77,149587,11631,24
366.04,150091,11643,24
367.25,150593,11651,24
368.5,151096,11675,24
369.84,151597,11695,24
371.12,152101,11711,24
372.57,152603,11735,24
373.86,153103,11771,24
375.06,153607,11787,24
376.17,154110,11799,24
377.45,154611,11811,24
378.69,155113,11835,24
379.85,155615,11843,24
381.12,156115,11879,24
382.42,156617,11903,24
383.76,157119,11927,24
385.12,157622,11943,24
386.48,158122,11975,24
387.91,158624,11995,24
389.14,159128,12023,24
390.49,159628,12039,24
391.58,160130,12067,24
392.83,160632,12087,24
394.22,161135,12123,24
395.6,161636,12151,24
397.05,162137,12187,24
398.49,162639,12195,24
399.78,163139,12219,24
401.22,163642,12243,24
402.52,164144,12267,24
403.77,164644,12295,24
405.18,165145,12307,24
406.54,165649,12335,24
407.81,166150,12367,24
409.09,166653,12391,24
410.31,167156,12439,24
411.63,167660,12451,24
412.94,168160,12483,24
414.28,168661,12499,24
415.53,169163,12519,24
416.74,169664,12531,24
417.97,170167,12543,24
419.18,170668,12563,24
420.61,171170,12583,24
421.97,171670,12611,24
423.34,172174,12643,24
424.78,172677,12659,24
426,173180,12671,24
427.27,173683,12699,24
428.63,174183,12727,24
429.91,174684,12743,24
431.35,175187,12767,24
432.83,175687,12799,24
434.08,176188,12823,24
435.39,176691,12839,24
436.62,177192,12879,24
437.93,177696,12903,24
439.2,178197,12915,24
440.36,178701,12927,24
441.56,179201,12943,24
442.84,179705,12975,24
444.15,180209,13003,24
445.36,180713,13011,24
446.65,181217,13055,24
448.06,181721,13067,24
449.4,182223,13083,24
450.54,182724,13087,24
451.85,183224,13127,24
453.2,183727,13159,24
454.55,184229,13175,24
455.98,184733,13187,24
457.18,185236,13207,24
458.38,185736,13223,24
459.72,186240,13239,24
461.08,186740,13283,24
462.31,187240,13315,24
463.6,187740,13331,24
464.82,188241,13351,24
466.16,188741,13387,24
467.38,189243,13395,24
468.65,189743,13431,24
469.9,190244,13471,24
471.2,190746,13499,24
472.5,191247,13527,24
473.8,191751,13559,24
475.02,192254,13571,24
476.49,192757,13583,24
477.83,193257,13595,24
479.15,193760,13603,24
480.37,194262,13631,24
481.74,194765,13643,24
482.96,195267,13663,24
484.27,195770,13691,24
485.71,196272,13723,24
486.95,196774,13739,24
488.24,197275,13771,24
489.48,197776,13791,24
490.74,198279,13819,24
492.05,198783,13823,24
493.29,199283,13851,24
494.64,199785,13871,24
495.98,200288,13883,24
497.3,200790,13915,24
498.47,201293,13939,24
499.54,201797,13975,24
500.68,202300,14007,24
501.95,202802,14015,24
503.33,203304,14035,24
504.57,203805,14071,24
505.91,204307,14091,24
507.12,204810,14111,24
508.28,205312,14123,24
509.49,205816,14163,24
510.83,206320,14183,24
512.2,206824,14199,24
513.4,207324,14227,24
514.62,207826,14235,24
516.08,208326,14259,24
517.46,208830,14291,24
518.68,209333,14311,24
519.86,209836,14327,24
521.11,210340,14339,24
522.36,210844,14363,24
523.5,211345,14379,24
524.76,211849,14391,24
526,212351,14399,24
527.28,212852,14415,24
528.62,213354,14459,24
529.96,213854,14487,24
531.34,214358,14507,24
532.69,214861,14515,24
534.01,215364,14551,24
535.26,215867,14571,24
536.48,216369,14603,24
537.74,216871,14623,24
539.22,217375,14643,24
540.48,217875,14659,24
541.78,218379,14675,24
543.07,218883,14691,24
544.54,219383,14707,24
545.91,219887,14719,24
547.18,220389,14739,24
548.48,220890,14743,24
549.88,221390,14775,24
551.24,221894,14803,24
552.63,222395,14823,24
553.92,222899,14839,24
555.37,223402,14887,24
556.7,223903,14919,24
558.08,224405,14935,24
559.33,224909,14951,24
560.52,225409,14971,24
561.84,225909,14987,24
563.19,226412,15007,24
564.5,226913,15035,24
565.91,227414,15055,24
567.21,227916,15063,24
568.5,228419,15095,24
569.72,228922,15127,24
571.08,229426,15155,24
572.42,229928,15179,24
573.84,230430,15215,24
575.09,230932,15263,24
576.56,231435,15275,24
577.92,231938,15299,24
579.24,232442,15323,24
580.49,232946,15339,24
581.76,233447,15351,24
583.16,233950,15375,24
584.44,234450,15391,24
585.67,234950,15411,24
586.98,235450,15431,24
588.22,235954,15439,24
589.57,236458,15471,24
590.84,236958,15487,24
592.32,237458,15519,24
593.71,237960,15555,24
594.97,238460,15583,24
596.31,238963,15591,24
597.44,239464,15611,24
598.77,239968,15627,24
600.07,240468,15635,24
601.44,240968,15651,24
602.71,241472,15687,24
603.95,241976,15703,24
605.2,242477,15715,24
606.44,242981,15743,24
607.73,243484,15791,24
608.94,243988,15807,24
610.16,244489,15827,24
611.45,244989,15847,24
612.67,245491,15879,24
614,245995,15883,24
615.31,246495,15899,24
616.89,246998,15923,24
618.43,247499,15943,24
619.81,247999,15971,24
621.21,248500,15999,24
622.49,249001,16027,24
623.93,249504,16039,24
625.39,250007,16063,24
626.68,250510,16071,24
627.93,251010,16091,24
629.18,251512,16127,24
630.37,252012,16155,24
631.57,252514,16171,24
632.74,253015,16199,24
633.88,253516,16219,24
635.26,254020,16243,24
636.57,254523,16263,24
637.7,255027,16299,24
638.96,255529,16323,24
640.25,256032,16351,24
641.55,256535,16359,24
643.06,257037,16367,24
644.16,257537,16379,24
645.39,258040,16419,24
646.64,258543,16459,24
647.91,259045,16479,24
649.06,259549,16511,24
650.31,260049,16543,24
651.55,260550,16575,24
652.8,261051,16595,24
654.12,261551,16631,24
655.55,262052,16651,24
656.91,262554,16671,24
658.32,263055,16695,24
659.74,263556,16739,24
661.07,264057,16763,24
662.3,264557,16779,24
663.58,265057,16807,24
665,265559,16835,24
666.37,266063,16851,24
667.85,266563,16903,24
669.02,267063,16919,24
670.29,267563,16943,24
671.45,268067,16963,24
672.74,268571,16991,24
674.06,269075,17023,24
675.22,269576,17047,24
676.52,270079,17075,24
677.79,270581,17099,24
679.1,271081,17111,24
680.33,271582,17131,24
681.63,272085,17139,24
682.86,272588,17151,24
684.07,273090,17171,24
685.24,273594,17183,24
686.46,274096,17215,24
687.78,274597,17239,24
689.03,275098,17259,24
690.3,275599,17275,24
691.64,276100,17291,24
693.01,276601,17307,24
694.27,277101,17351,24
695.58,277603,17387,24
697.13,278104,17411,24
698.55,278605,17431,24
700,279108,17463,24
701.48,279612,17491,24
702.89,280113,17495,24
704.21,280614,17523,24
705.5,281115,17555,24
706.87,281616,17571,24
708.24,282116,17607,24
709.53,282616,17623,24
710.79,283116,17643,24
712.03,283618,17663,24
713.38,284122,17683,24
714.78,284622,17711,24
716.17,285124,17727,24
717.41,285628,17759,24
718.65,286128,17775,24
719.95,286630,17799,24
721.21,287132,17823,24
722.47,287633,17843,24
723.89,288134,17875,24
725.18,288638,17891,24
726.55,289138,17927,24
727.76,289639,17947,24
729.03,290140,17963,24
730.29,290640,17983,24
731.5,291140,18003,24
732.79,291642,18039,24
734,292144,18047,24
735.43,292648,18087,24
736.72,293149,18123,24
737.96,293649,18139,24
739.16,294149,18155,24
740.31,294653,18179,24
741.63,295154,18207,24
742.94,295656,18227,24
744.22,296159,18279,24
745.54,296663,18319,24
746.94,297164,18343,24
748.26,297667,18363,24
749.68,298168,18383,24
750.96,298672,18395,24
752.34,299172,18407,24
753.7,299676,18431,24
755.1,300176,18447,24
756.39,300680,18451,24
757.6,301180,18471,24
758.84,301682,18479,24
760.11,302185,18511,24
761.36,302689,18527,24
762.68,303192,18535,24
763.92,303692,18563,24
765.09,304195,18583,24
766.35,304696,18611,24
767.62,305196,18619,24
769.01,305699,18639,24
770.29,306202,18687,24
771.45,306705,18699,24
772.74,307207,18723,24
773.95,307707,18767,24
775.15,308211,18823,24
776.55,308713,18843,24
777.85,309215,18879,24
779.14,309716,18903,24
780.57,310218,18907,24
781.93,310722,18935,24
783.33,311223,18939,24
784.56,311725,18967,24
785.72,312229,18975,24
787.11,312731,19011,24
788.51,313231,19031,24
789.87,313734,19047,24
791.12,314235,19075,24
792.47,314738,19123,24
793.8,315240,19147,24
795.01,315743,19183,24
796.25,316243,19211,24
797.57,316744,19235,24
798.93,317246,19259,24
800.19,317747,19263,24
801.67,318249,19275,24
802.95,318751,19295,24
804.18,319254,19351,24
805.4,319755,19383,24
806.71,320255,19415,24
807.98,320756,19435,24
809.35,321260,19459,24
810.6,321761,19491,24
811.8,322265,19503,24
813.08,322767,19523,24
814.45,323271,19535,24
815.82,323775,19547,24
817.26,324275,19563,24
818.52,324776,19587,24
819.86,325279,19623,24
821.26,325783,19639,24
822.56,326287,19667,24
823.86,326789,19707,24
825.3,327291,19731,24
826.57,327792,19743,24
827.87,328293,19767,24
829.14,328796,19791,24
830.33,329296,19823,24
831.62,329800,19835,24
833.05,330301,19863,24
834.38,330801,19895,24
835.63,331302,19931,24
836.94,331805,19943,24
838.2,332308,19971,24
839.53,332810,19991,24
840.85,333312,19999,24
842.12,333816,20015,24
843.33,334320,20039,24
844.69,334823,20051,24
845.92,335324,20075,24
847.19,335827,20087,24
848.53,336328,20115,24
849.72,336828,20131,24
851.18,337328,20143,24
852.42,337829,20147,24
853.72,338332,20175,24
855.03,338836,20199,24
856.22,339338,20235,24
857.4,339840,20243,24
858.55,340343,20251,24
859.83,340843,20283,24
861.16,341347,20299,24
862.39,341849,20327,24
863.58,342350,20355,24
864.86,342852,20391,24
866.14,343356,20419,24
867.37,343857,20431,24
868.56,344357,20443,24
869.8,344860,20467,24
871.07,345362,20483,24
872.38,345863,20511,24
873.81,346366,20523,24
875.17,346870,20531,24
876.63,347372,20543,24
877.89,347874,20551,24
879.17,348374,20579,24
880.48,348875,20603,24
881.82,349375,20615,24
883.17,349876,20639,24
884.41,350379,20659,24
885.6,350882,20675,24
886.96,351386,20683,24
888.15,351890,20711,24
889.38,352393,20747,24
890.86,352893,20771,24
892.11,353395,20783,24
893.43,353897,20799,24
894.63,354397,20835,24
895.85,354900,20867,24
896.99,355402,20875,24
898.25,355905,20887,24
899.39,356408,20903,24
900.69,356910,20911,24
901.95,357414,20939,24
903.24,357917,20959,24
904.43,358418,20979,24
905.69,358922,21023,24
906.97,359423,21055,24
908.22,359926,21079,24
909.42,360427,21115,24
910.77,360928,21131,24
911.98,361428,21143,24
913.22,361932,21167,24
914.43,362433,21171,24
915.66,362937,21215,24
916.96,363437,21263,24
918.12,363939,21279,24
919.42,364440,21299,24
920.81,364942,21315,24
922.16,365446,21339,24
923.5,365950,21379,24
924.83,366454,21411,24
926.06,366956,21439,24
927.4,367456,21471,24
928.68,367960,21495,24
930.01,368464,21527,24
931.28,368966,21539,24
932.52,369469,21559,24
933.82,369973,21591,24
935.19,370474,21607,24
936.62,370977,21627,24
937.91,371478,21647,24
939.37,371979,21675,24
940.62,372482,21703,24
941.89,372983,21735,24
943.1,373486,21747,24
944.39,373987,21791,24
945.69,374490,21799,24
946.84,374994,21819,24
948.15,375497,21855,24
949.43,376001,21887,24
950.89,376504,21911,24
952.2,377008,21923,24
953.32,377511,21931,24
954.61,378014,21955,24
955.88,378516,21963,24
957.13,379016,21991,24
958.39,379516,22019,24
959.62,380016,22047,24
960.99,380520,22071,24
962.25,381020,22103,24
963.58,381521,22115,24
964.87,382023,22135,24
966.29,382524,22151,24
967.63,383025,22179,24
968.85,383527,22187,24
970.14,384027,22211,24
971.33,384528,22239,24
972.59,385031,22275,24
974.01,385535,22327,24
975.35,386039,22351,24
976.5,386543,22363,24
977.77,387044,22379,24
978.92,387548,22395,24
980.16,388050,22435,24
981.53,388551,22459,24
982.88,389051,22475,24
984.29,389552,22515,24
985.66,390053,22551,24
986.9,390553,22563,24
988.24,391053,22575,24
989.5,391555,22607,24
990.78,392058,22623,24
992.01,392560,22639,24
993.33,393060,22655,24
994.61,393563,22663,24
996.02,394067,22679,24
997.47,394567,22707,24
998.98,395070,22727,24
1000.34,395573,22735,24
1001.71,396076,22759,24
1003.11,396577,22771,24
1004.5,397080,22795,24
1005.81,397580,22819,24
1007.07,398081,22823,24
1008.32,398584,22843,24
1009.57,399088,22895,24
1010.92,399589,22919,24
1012.28,400090,22923,24
1013.47,400592,22947,24
1014.8,401093,22951,24
1016.29,401597,22979,24
1017.47,402097,23015,24
1018.75,402601,23027,24
1020,403101,23043,24
1021.27,403604,23051,24
1022.74,404105,23059,24
1023.95,404609,23083,24
1025.45,405112,23111,24
1026.73,405612,23123,24
1027.99,406116,23143,24
1029.33,406618,23151,24
1030.66,407119,23179,24
1032.09,407622,23191,24
1033.42,408123,23211,24
1034.79,408626,23223,24
1036.08,409126,23247,24
1037.39,409627,23259,24
1038.55,410127,23279,24
1039.83,410630,23291,24
1041.09,411131,23335,24
1042.37,411633,23351,24
1043.62,412137,23379,24
1044.94,412637,23387,24
1046.22,413138,23407,24
1047.41,413640,23427,24
1048.65,414140,23451,24
1050.07,414641,23479,24
1051.37,415141,23495,24
1052.76,415642,23523,24
1054.05,416143,23555,24
1055.34,416643,23575,24
1056.69,417143,23591,24
1058.07,417645,23619,24
1059.37,418147,23643,24
1060.72,418647,23679,24
1062.19,419151,23695,24
1063.42,419651,23707,24
1064.8,420152,23735,24
1066.08,420654,23743,24
1067.3,421158,23779,24
1068.56,421662,23795,24
1069.65,422162,23811,24
1070.86,422664,23819,24
1071.98,423168,23847,24
1073.2,423669,23879,24
1074.52,424173,23907,24
1075.81,424676,23935,24
1077.13,425180,23955,24
1078.34,425681,23967,24
1079.68,426184,23979,24
1080.86,426687,23991,24
1082.25,427191,24023,24
1083.58,427693,24031,24
1084.81,428194,24047,24
1086.1,428698,24063,24
1087.6,429198,24087,24
1088.83,429700,24111,24
1090.11,430204,24147,24
1091.32,430706,24187,24
1092.58,431207,24211,24
1093.68,431709,24235,24
1094.86,432210,24259,24
1096.17,432710,24275,24
1097.46,433213,24295,24
1098.79,433714,24311,24
1100.1,434214,24319,24
1101.47,434718,24323,24
1102.81,435222,24343,24
1104.05,435725,24359,24
1105.2,436228,24371,24
1106.64,436729,24395,24
1107.91,437230,24423,24
1109.01,437731,24443,24
1110.21,438232,24479,24
1111.49,438735,24491,24
1112.76,439236,24515,24
1114.1,439737,24555,24
1115.38,440240,24571,24
1116.73,440741,24587,24
1118.09,441241,24619,24
1119.43,441743,24627,24
1120.8,442246,24655,24
1121.93,442746,24679,24
1123.28,443250,24715,24
1124.57,443754,24731,24
1125.81,444257,24747,24
1127.21,444758,24763,24
1128.38,445261,24787,24
1129.58,445761,24823,24
1130.81,446264,24847,24
1132.04,446768,24871,24
1133.47,447270,24899,24
1134.74,447774,24935,24
1136.15,448278,24975,24
1137.5,448779,24995,24
1138.89,449279,25027,24
1140.14,449779,25059,24
1141.48,450281,25091,24
1142.72,450783,25111,24
1144.02,451286,25123,24
1145.33,451788,25151,24
1146.53,452288,25167,24
1147.72,452789,25179,24
1149.07,453293,25191,24
1150.41,453796,25219,24
1151.61,454300,25235,24
1152.91,454804,25267,24
1154.18,455307,25283,24
1155.43,455811,25299,24
1156.8,456315,25319,24
1158.01,456817,25339,24
1159.27,457321,25363,24
1160.49,457822,25395,24
1161.64,458322,25411,24
1162.89,458824,25419,24
1164.12,459325,25439,24
1165.38,459827,25463,24
1166.68,460330,25495,24
1167.89,460834,25531,24
1169.18,461338,25571,24
1170.39,461842,25599,24
1171.7,462346,25639,24
1173.27,462850,25659,24
1174.79,463351,25699,24
1176.03,463854,25719,24
1177.41,464356,25755,24
1178.73,464860,25795,24
1180.11,465363,25803,24
1181.32,465866,25823,24
1182.73,466370,25835,24
1184.02,466871,25855,24
1185.23,467375,25867,24
1186.56,467877,25879,24
1188.01,468377,25895,24
1189.32,468880,25935,24
1190.55,469382,25963,24
1191.86,469884,25987,24
1193.12,470384,26003,24
1194.34,470886,26043,24
1195.86,471388,26051,24
1197.08,471889,26067,24
1198.34,472390,26071,24
1199.54,472892,26095,24
1200.77,473393,26107,24
1202.13,473894,26139,24
1203.57,474398,26151,24
1204.8,474899,26171,24
1206.21,475401,26191,24
1207.46,475902,26231,24
1208.67,476406,26255,24
1209.81,476909,26299,24
1211.08,477411,26339,24
1212.47,477914,26347,24
1213.99,478418,26363,24
1215.28,478922,26383,24
1216.7,479424,26411,24
1218.17,479925,26431,24
1219.38,480429,26447,24
1220.72,480930,26471,24
1222.04,481431,26499,24
1223.31,481935,26519,24
1224.67,482437,26543,24
1225.97,482939,26575,24
1227.19,483441,26583,24
1228.64,483943,26599,24
1229.85,484446,26615,24
1231.09,484950,26623,24
1232.41,485454,26647,24
1233.86,485958,26671,24
1235.16,486462,26691,24
1236.51,486966,26715,24
1237.77,487468,26719,24
1238.95,487970,26743,24
1240.28,488473,26779,24
1241.64,488976,26803,24
1242.77,489476,26815,24
1244.34,489976,26843,24
1245.58,490480,26859,24
1246.78,490981,26887,24
1247.98,491481,26911,24
1249.29,491985,26927,24
1250.72,492489,26943,24
1252.17,492992,26951,24
1253.51,493494,26967,24
1254.88,493996,26999,24
1256.19,494497,27031,24
1257.43,495000,27063,24
1259.23,495504,27091,24
1260.51,496004,27091,24
1261.69,496506,27119,24
1263.02,497009,27147,24
1264.26,497513,27183,24
1265.66,498014,27211,24
1266.92,498514,27243,24
1268.27,499015,27279,24
1269.46,499515,27299,24
1270.71,500015,27339,24
1272.09,500518,27367,24
1273.36,501019,27379,24
1274.61,501522,27391,24
1275.9,502026,27407,24
1277.29,502526,27427,24
1278.56,503026,27455,24
1279.75,503529,27463,24
1280.95,504031,27487,24
1282.22,504534,27499,24
1283.44,505038,27519,24
1284.9,505538,27531,24
1286.32,506040,27555,24
1287.79,506544,27583,24
1289.3,507044,27615,24
1290.54,507544,27635,24
1291.78,508046,27679,24
1293.13,508548,27707,24
1294.4,509052,27723,24
1295.78,509553,27743,24
1297.45,510057,27759,24
1298.9,510560,27783,24
1300.18,511060,27787,24
1301.37,511563,27803,24
1302.7,512066,27815,24
1304.2,512570,27855,24
1305.51,513071,27887,24
1306.96,513573,27907,24
1308.46,514073,27927,24
1309.79,514574,27939,24
1311.26,515074,27971,24
1312.59,515574,27991,24
1314.05,516074,28003,24
1315.46,516576,28027,24
1316.97,517078,28055,24
1318.4,517582,28079,24
1319.74,518085,28107,24
1321.17,518585,28127,24
1322.4,519085,28147,24
1323.8,519589,28175,24
1325.2,520090,28191,24
1326.56,520590,28211,24
1327.86,521090,28243,24
1329.17,521591,28259,24
1330.56,522095,28283,24
1331.86,522595,28307,24
1333.16,523095,28331,24
1334.44,523597,28371,24
1335.81,524101,28391,24
1337.16,524603,28427,24
1338.64,525104,28451,24
1340.01,525608,28467,24
1341.35,526111,28487,24
1342.63,526611,28503,24
1343.8,527112,28515,24
1345.04,527613,28535,24
1346.58,528115,28559,24
1347.9,528619,28579,24
1349.32,529121,28607,24
1350.47,529623,28615,24
1351.72,530126,28631,24
1352.98,530629,28671,24
1354.2,531129,28707,24
1355.56,531633,28723,24
1356.96,532133,28763,24
1358.27,532635,28787,24
1359.6,533135,28827,24
1360.91,533636,28831,24
1362.27,534140,28867,24
1363.53,534644,28887,24
1364.73,535147,28919,24
1366.13,535650,28927,24
1367.71,536154,28963,24
1369.1,536657,28971,24
1370.39,537160,28987,24
1371.66,537661,29003,24
1372.93,538163,29015,24
1374.23,538666,29027,24
1375.4,539168,29067,24
1376.77,539668,29095,24
1377.95,540172,29107,24
1379.27,540674,29135,24
1380.74,541174,29179,24
1382.02,541674,29223,24
1383.41,542174,29247,24
1384.71,542674,29263,24
1385.97,543175,29307,24
1387.4,543679,29331,24
1388.82,544180,29351,24
1390.2,544684,29387,24
1391.53,545188,29415,24
1392.69,545689,29431,24
1394.16,546193,29447,24
1395.5,546696,29451,24
1396.85,547198,29475,24
1398.28,547700,29503,24
1399.57,548204,29531,24
1401.02,548707,29547,24
1402.36,549211,29567,24
1403.73,549714,29595,24
1405.16,550218,29627,24
1406.56,550720,29655,24
1407.83,551221,29675,24
1409.24,551724,29699,24
1410.72,552226,29739,24
1411.89,552726,29751,24
1413.17,553229,29771,24
1414.39,553731,29799,24
1415.63,554231,29839,24
1416.93,554731,29855,24
1418.14,555235,29871,24
1419.34,555735,29919,24
1420.64,556237,29943,24
1421.83,556740,29967,24
1423.22,557240,30003,24
1424.6,557742,30023,24
1425.79,558245,30031,24
1427.02,558745,30051,24
1428.42,559246,30075,24
1429.63,559747,30087,24
1430.99,560249,30107,24
1432.21,560750,30127,24
1433.6,561254,30139,24
1434.94,561755,30159,24
1436.2,562257,30179,24
1437.34,562760,30191,24
1438.6,563264,30199,24
1439.77,563765,30215,24
1441.17,564269,30239,24
1442.42,564769,30251,24
1443.6,565273,30271,24
1444.94,565774,30287,24
1446.07,566274,30307,24
1447.31,566774,30319,24
1448.74,567275,30343,24
1449.86,567776,30355,24
1451.23,568276,30375,24
1452.47,568780,30387,24
1453.73,569281,30419,24
1455.15,569784,30431,24
1456.5,570287,30443,24
1457.84,570791,30455,24
1459.14,571293,30495,24
1460.27,571793,30511,24
1461.53,572293,30527,24
1462.73,572797,30539,24
1463.94,573298,30551,24
1465.31,573798,30571,24
1466.56,574300,30591,24
1467.83,574800,30611,24
1469.3,575304,30659,24
1470.64,575805,30687,24
1471.96,576307,30707,24
1473.19,576811,30723,24
1474.5,577315,30735,24
1475.8,577819,30759,24
1477.17,578319,30787,24
1478.41,578820,30827,24
1479.71,579323,30847,24
1480.99,579827,30863,24
1482.2,580328,30887,24
1483.55,580828,30903,24
1484.75,581328,30927,24
1486.18,581829,30943,24
1487.46,582333,30967,24
1488.68,582833,30999,24
1490.02,583336,31019,24
1491.3,583837,31043,24
1492.7,584340,31071,24
1493.9,584843,31079,24
1495.3,585344,31099,24
1496.67,585846,31127,24
1497.86,586348,31147,24
1499.11,586849,31183,24
1500.6,587350,31187,24
1501.9,587850,31187,24
1503.19,588352,31203,24
1504.56,588856,31231,24
1505.85,589358,31247,24
1507.21,589862,31267,24
1508.51,590365,31283,24
1509.83,590869,31299,24
1511.1,591373,31315,24
1512.34,591877,31339,24
1513.78,592379,31347,24
1514.97,592881,31359,24
1516.22,593383,31383,24
1517.56,593884,31399,24
1518.83,594388,31423,24
1520.05,594888,31443,24
1521.24,595391,31467,24
1522.49,595893,31491,24
1523.88,596395,31515,24
1525.2,596899,31543,24
1526.55,597402,31567,24
1527.8,597903,31571,24
1529.16,598407,31599,24
1530.38,598908,31619,24
1531.86,599409,31643,24
1533.08,599911,31679,24
1534.32,600415,31695,24
1535.84,600918,31719,24
1537.15,601422,31763,24
1538.45,601922,31787,24
1539.66,602424,31811,24
1540.99,602926,31823,24
1542.22,603429,31843,24
1543.41,603931,31867,24
1544.74,604435,31879,24
1546.12,604937,31899,24
1547.49,605437,31919,24
1548.78,605938,31923,24
1549.93,606438,31939,24
1551.11,606939,31959,24
1552.41,607441,32007,24
1553.79,607943,32031,24
1555.06,608446,32059,24
1556.33,608950,32083,24
1557.64,609453,32099,24
1558.95,609956,32147,24
1560.37,610456,32179,24
1561.73,610958,32203,24
1562.95,611460,32235,24
1564.17,611962,32255,24
1565.53,612462,32275,24
1566.87,612966,32299,24
1568.22,613468,32331,24
1569.49,613968,32383,24
1571.02,614469,32411,24
1572.28,614970,32451,24
1573.69,615470,32463,24
1574.92,615971,32475,24
1576.27,616472,32491,24
1577.49,616973,32519,24
1578.65,617473,32535,24
1579.97,617976,32559,24
1581.39,618479,32583,24
1582.88,618979,32599,24
1584.18,619482,32623,24
1585.36,619985,32651,24
1586.8,620486,32687,24
1588.13,620989,32699,24
1589.57,621489,32715,24
1591.02,621992,32735,24
1592.42,622494,32763,24
1593.75,622995,32779,24
1594.94,623497,32799,24
1596.36,623997,32815,24
1597.85,624498,32839,24
1599.23,624999,32859,24
1600.49,625503,32887,24
1601.8,626005,32911,24
1602.96,626509,32927,24
1604.08,627012,32939,24
1605.34,627512,32939,24
1606.6,628014,32987,24
1607.96,628518,33003,24
1609.38,629019,33019,24
1610.54,629519,33039,24
1611.94,630019,33047,24
1613.21,630522,33079,24
1614.5,631025,33103,24
1615.77,631526,33139,24
1617.11,632028,33163,24
1618.44,632532,33199,24
1619.81,633036,33211,24
1621.19,633538,33231,24
1622.36,634038,33251,24
1623.7,634539,33275,24
1625,635043,33307,24
1626.23,635546,33351,24
1627.48,636050,33367,24
1628.78,636553,33391,24
1630.07,637054,33403,24
1631.4,637557,33447,24
1632.85,638060,33459,24
1634.09,638561,33483,24
1635.42,639064,33495,24
1636.7,639565,33531,24
1638.01,640067,33547,24
1639.22,640570,33567,24
1640.57,641073,33587,24
1641.83,641573,33607,24
1643.07,642077,33655,24
1644.28,642577,33675,24
1645.58,643080,33699,24
1646.95,643581,33719,24
1648.39,644083,33755,24
1649.61,644586,33771,24
1651.07,645089,33795,24
1652.25,645593,33811,24
1653.67,646095,33831,24
1654.87,646597,33855,24
1656.15,647097,33879,24
1657.52,647600,33915,24
1658.77,648103,33939,24
1660.16,648607,33963,24
1661.45,649109,33987,24
1662.73,649612,33999,24
1663.96,650113,34003,24
1665.34,650613,34035,24
1666.61,651114,34039,24
1667.81,651618,34051,24
1669.11,652119,34079,24
1670.56,652623,34103,24
1671.89,653126,34123,24
1673.3,653627,34147,24
1674.55,654129,34155,24
1675.75,654631,34191,24
1676.99,655133,34211,24
1678.28,655637,34227,24
1679.76,656137,34243,24
1680.97,656637,34271,24
1682.39,657139,34315,24
1683.65,657642,34327,24
1684.96,658145,34351,24
1686.21,658648,34363,24
1687.53,659149,34383,24
1688.91,659649,34395,24
1690.47,660151,34419,24
1691.69,660654,34427,24
1693.02,661157,34439,24
1694.38,661661,34459,24
1695.62,662165,34483,24
1697.06,662666,34503,24
1698.27,663168,34523,24
1699.66,663668,34543,24
1701.08,664171,34555,24
1702.43,664675,34579,24
1703.74,665177,34603,24
1705.07,665680,34623,24
1706.46,666181,34655,24
1707.78,666683,34687,24
1709.09,667185,34695,24
1710.61,667688,34723,24
1711.98,668191,34731,24
1713.43,668693,34767,24
1714.81,669196,34787,24
1716.33,669696,34827,24
1717.66,670197,34847,24
1718.91,670697,34879,24
1720.23,671197,34899,24
1721.65,671697,34927,24
1723.11,672200,34939,24
1724.34,672704,34963,24
1725.7,673204,34983,24
1726.94,673707,35007,24
1728.45,674210,35031,24
1729.8,674713,35039,24
1731.07,675216,35051,24
1732.45,675716,35075,24
1733.82,676218,35111,24
1735.19,676722,35143,24
1736.52,677224,35191,24
1737.85,677725,35203,24
1739.21,678227,35219,24
1740.46,678731,35243,24
1741.73,679232,35255,24
1742.93,679736,35275,24
1744.3,680236,35307,24
1745.57,680738,35331,24
1746.9,681239,35363,24
1748.24,681739,35383,24
1749.47,682243,35399,24
1750.83,682747,35423,24
1752.12,683249,35471,24
1753.52,683753,35507,24
1754.75,684254,35543,24
1755.91,684754,35563,24
1757.16,685257,35595,24
1758.53,685761,35619,24
1759.78,686261,35639,24
1761.21,686765,35651,24
1762.46,687269,35675,24
1763.72,687772,35695,24
1765.04,688274,35719,24
1766.23,688777,35751,24
1767.54,689281,35799,24
1768.98,689785,35827,24
1770.33,690286,35851,24
1771.64,690786,35875,24
1773.06,691290,35911,24
1774.33,691790,35927,24
1775.75,692290,35947,24
1777.04,692790,35959,24
1778.48,693294,35979,24
1780.06,693797,36007,24
1781.27,694300,36043,24
1782.7,694801,36075,24
1783.99,695304,36111,24
1785.37,695808,36147,24
1786.65,696309,36175,24
1788.03,696811,36207,24
1789.47,697311,36243,24
1790.96,697811,36259,24
1792.28,698311,36287,24
1793.74,698812,36319,24
1794.97,699312,36335,24
1796.33,699812,36371,24
1797.64,700316,36395,24
1798.97,700817,36411,24
1800.3,701318,36431,24
1801.62,701819,36435,24
1802.95,702320,36447,24
1804.17,702824,36475,24
1805.47,703328,36495,24
1806.66,703828,36511,24
1807.9,704331,36539,24
1809.3,704835,36551,24
1810.63,705339,36583,24
1811.87,705843,36595,24
1813.28,706347,36615,24
1814.69,706851,36639,24
1816.13,707351,36651,24
1817.39,707852,36679,24
1818.77,708355,36707,24
1820.23,708858,36719,24
1821.57,709358,36739,24
1823,709858,36759,24
1824.42,710358,36783,24
1825.58,710862,36799,24
1826.84,711366,36847,24
1828.22,711868,36863,24
1829.54,712371,36895,24
1830.71,712871,36915,24
1832.13,713371,36943,24
1833.38,713871,36955,24
1834.73,714374,36963,24
1836.07,714877,36991,24
1837.44,715381,37023,24
1838.74,715881,37051,24
1840.1,716384,37075,24
1841.49,716884,37111,24
1842.77,717384,37135,24
1844.09,717885,37151,24
1845.38,718388,37167,24
1846.64,718889,37203,24
1847.92,719391,37219,24
1849.2,719893,37243,24
1850.61,720397,37267,24
1851.94,720898,37287,24
1853.25,721402,37307,24
1854.35,721904,37331,24
1855.69,722406,37339,24
1857.2,722906,37359,24
1858.42,723410,37375,24
1859.76,723913,37403,24
1861.05,724416,37411,24
1862.22,724919,37431,24
1863.66,725423,37443,24
1864.93,725924,37459,24
1866.11,726424,37471,24
1867.35,726925,37479,24
1868.67,727426,37499,24
1869.97,727926,37515,24
1871.4,728428,37535,24
1872.72,728930,37543,24
1874.09,729432,37583,24
1875.37,729932,37607,24
1876.63,730433,37635,24
1878.04,730936,37643,24
1879.31,731438,37675,24
1880.74,731939,37691,24
1881.99,732439,37731,24
1883.31,732943,37755,24
1884.49,733443,37771,24
1885.95,733946,37811,24
1887.22,734449,37835,24
1888.45,734949,37851,24
1889.78,735450,37867,24
1891.11,735954,37895,24
1892.48,736454,37903,24
1893.96,736956,37911,24
1895.31,737458,37927,24
1896.86,737960,37955,24
1898.39,738463,37983,24
1899.81,738964,37999,24
1901.28,739465,38023,24
1902.58,739967,38047,24
1904.05,740471,38075,24
1905.44,740975,38111,24
1906.87,741478,38139,24
1908.15,741980,38159,24
1909.67,742481,38183,24
1910.99,742985,38195,24
1912.32,743485,38215,24
1913.86,743985,38235,24
1915.1,744489,38243,24
1916.44,744991,38267,24
1917.93,745494,38283,24
1919.26,745995,38303,24
1920.73,746495,38339,24
1921.98,746996,38359,24
1923.49,747500,38383,24
1924.74,748004,38399,24
1926.06,748508,38427,24
1927.67,749009,38471,24
1929.07,749510,38491,24
1930.4,750011,38511,24
1931.62,750512,38543,24
1932.99,751013,38567,24
1934.42,751514,38619,24
1935.85,752015,38639,24
1937.16,752516,38659,24
1938.47,753016,38687,24
1939.79,753520,38695,24
1941.22,754023,38719,24
1942.79,754523,38751,24
1944.29,755026,38787,24
1945.83,755530,38815,24
1947.11,756032,38823,24
1948.54,756536,38839,24
1949.9,757037,38863,24
1951.25,757539,38887,24
1952.67,758041,38907,24
1954.09,758542,38939,24
1955.6,759046,38951,24
1956.81,759550,38971,24
1958.06,760052,38979,24
1959.49,760556,38987,24
1960.88,761059,39043,24
1962.33,761562,39087,24
1963.73,762062,39107,24
1965.15,762565,39119,24
1966.45,763065,39139,24
1967.78,763568,39179,24
1969.03,764069,39215,24
1970.48,764570,39227,24
1971.87,765071,39239,24
1973.29,765575,39271,24
1974.65,766075,39299,24
1976.04,766576,39331,24
1977.37,767077,39351,24
1978.69,767579,39375,24
1980.08,768082,39395,24
1981.44,768584,39423,24
1982.67,769084,39435,24
1983.98,769584,39447,24
1985.18,770085,39467,24
1986.55,770589,39491,24
1987.82,771091,39511,24
1989.11,771592,39531,24
1990.62,772094,39539,24
1991.94,772594,39567,24
1993.31,773097,39595,24
1994.68,773599,39603,24
1995.99,774102,39635,24
1997.4,774604,39643,24
1998.66,775107,39667,24
1999.91,775609,39699,24
2001.15,776110,39711,24
2002.64,776614,39739,24
2004.09,777117,39767,24
2005.39,777620,39795,24
2006.86,778122,39811,24
2008.22,778622,39851,24
2009.65,779124,39887,24
2010.94,779626,39903,24
2012.41,780127,39931,24
2013.57,780629,39955,24
2015.14,781131,39975,24
2016.56,781634,40015,24
2017.82,782136,40027,24
2019.16,782636,40043,24
2020.59,783139,40079,24
2022.08,783640,40111,24
2023.31,784141,40151,24
2024.79,784641,40171,24
2026.01,785143,40195,24
2027.35,785645,40231,24
2028.58,786147,40239,24
2029.97,786650,40267,24
2031.3,787153,40279,24
2032.61,787657,40295,24
2034.08,788157,40319,24
2035.54,788658,40347,24
2036.91,789159,40391,24
2038.18,789663,40399,24
2039.45,790166,40415,24
2040.8,790668,40447,24
2041.96,791171,40459,24
2043.29,791672,40479,24
2044.7,792176,40503,24
2045.9,792677,40527,24
2047.21,793180,40543,24
2048.41,793680,40567,24
2049.76,794181,40591,24
2051.03,794685,40615,24
2052.34,795188,40623,24
2053.68,795691,40643,24
2055.08,796195,40667,24
2056.7,796695,40683,24
2057.93,797199,40703,24
2059.38,797703,40719,24
2060.75,798205,40739,24
2061.95,798709,40759,24
2063.23,799210,40799,24
2064.46,799713,40823,24
2065.89,800213,40847,24
2067.11,800717,40859,24
2068.45,801220,40887,24
2069.82,801721,40903,24
2071.18,802224,40911,24
2072.51,802725,40955,24
2073.76,803226,40975,24
2075.19,803730,40987,24
2076.81,804232,41007,24
2078.15,804736,41031,24
2079.54,805237,41047,24
2080.82,805738,41095,24
2082.18,806238,41123,24
2083.46,806739,41147,24
2084.95,807243,41171,24
2086.2,807743,41203,24
2087.59,808247,41219,24
2088.87,808751,41239,24
2090.06,809252,41243,24
2091.36,809756,41271,24
2092.5,810260,41291,24
2093.77,810760,41307,24
2095.14,811262,41331,24
2096.46,811763,41355,24
2097.97,812264,41371,24
2099.23,812766,41391,24
2100.52,813269,41415,24
2101.94,813770,41451,24
2103.24,814274,41491,24
2104.59,814776,41515,24
2105.83,815280,41527,24
2107.22,815781,41543,24
2108.64,816285,41551,24
2109.87,816788,41555,24
2111.24,817291,41587,24
2112.56,817795,41599,24
2113.84,818297,41607,24
2115.31,818800,41623,24
2116.72,819301,41647,24
2118.11,819802,41667,24
2119.3,820302,41667,24
2120.59,820806,41699,24
2121.97,821309,41719,24
2123.22,821809,41735,24
2124.54,822312,41767,24
2126,822813,41787,24
2127.32,823313,41811,24
2128.73,823815,41831,24
2129.95,824317,41851,24
2131.44,824819,41875,24
2132.95,825323,41891,24
2134.42,825824,41927,24
2135.94,826324,41963,24
2137.32,826824,41991,24
2138.84,827324,42015,24
2140.09,827825,42031,24
2141.58,828326,42051,24
2142.95,828829,42055,24
2144.23,829329,42087,24
2145.69,829830,42107,24
2147.06,830332,42143,24
2148.44,830832,42179,24
2149.63,831336,42203,24
2151.02,831839,42215,24
2152.35,832339,42227,24
2153.67,832840,42231,24
2155.04,833342,42251,24
2156.41,833846,42311,24
2157.69,834347,42331,24
2158.9,834848,42355,24
2160.36,835351,42379,24
2161.67,835851,42391,24
2162.96,836355,42415,24
2164.41,836856,42439,24
2165.83,837359,42451,24
2167.52,837861,42483,24
2168.82,838363,42507,24
2170.22,838866,42527,24
2171.57,839369,42547,24
2172.85,839872,42571,24
2174.47,840376,42615,24
2175.94,840876,42643,24
2177.49,841379,42675,24
2178.93,841880,42687,24
2180.53,842380,42719,24
2181.89,842882,42739,24
2183.18,843382,42759,24
2184.61,843885,42787,24
2186.2,844385,42823,24
2187.7,844887,42839,24
2189.05,845388,42871,24
2190.64,845888,42915,24
2191.94,846388,42931,24
2193.2,846890,42939,24
2194.56,847391,42959,24
2196.17,847894,42987,24
2197.67,848394,43003,24
2199.1,848894,43035,24
2200.65,849396,43059,24
2202.05,849897,43083,24
2203.61,850400,43107,24
2204.86,850903,43127,24
2206.31,851404,43167,24
2207.67,851907,43175,24
2209.21,852409,43207,24
2210.48,852911,43235,24
2211.8,853411,43263,24
2213.16,853911,43275,24
2214.5,854415,43299,24
2215.93,854915,43327,24
2217.28,855418,43359,24
2218.9,855919,43379,24
2220.1,856421,43399,24
2221.39,856922,43403,24
2222.88,857425,43431,24
2224.11,857925,43451,24
2225.55,858427,43479,24
2226.87,858931,43515,24
2228.43,859433,43555,24
2229.72,859935,43591,24
2231.16,860437,43599,24
2232.42,860939,43607,24
2233.7,861441,43631,24
1.04,500,5406,26
2.1,1001,5518,26
3.15,1502,5519,26
4.17,2002,5519,26
5.12,2506,5551,26
6.17,3008,5556,26
7.31,3509,5560,26
8.52,4009,5560,26
9.61,4509,5560,26
10.74,5009,5560,26
11.82,5509,5560,26
13.19,6013,5572,26
14.32,6513,5572,26
15.42,7016,5580,26
16.54,7517,5583,26
17.73,8020,5657,26
18.87,8522,5665,26
19.87,9025,5673,26
21.07,9529,5685,26
22.13,10031,5693,26
23.27,10534,5701,26
24.33,11034,5725,26
25.45,11535,5729,26
26.55,12039,5733,26
27.56,12539,5745,26
28.64,13042,5757,26
29.74,13545,5773,26
30.8,14047,5781,26
31.92,14550,5793,26
33.07,15050,5801,26
34.12,15551,5813,26
35.16,16052,5817,26
36.35,16554,5821,26
37.62,17055,5841,26
38.88,17559,5865,26
40.07,18060,5881,26
41.22,18564,5897,26
42.43,19067,5901,26
43.54,19567,5917,26
44.7,20069,5925,26
45.86,20569,5945,26
47.11,21072,5957,26
48.24,21576,5973,26
49.48,22080,5985,26
50.62,22583,6001,26
51.8,23085,6017,26
53.01,23587,6049,26
54.26,24090,6061,26
55.47,24593,6065,26
56.65,25094,6089,26
58.07,25594,6089,26
59.34,26096,6117,26
60.53,26597,6129,26
61.8,27101,6141,26
63,27601,6149,26
64.16,28102,6169,26
65.46,28603,6193,26
66.81,29104,6205,26
68.12,29607,6233,26
69.29,30110,6245,26
70.47,30612,6269,26
71.63,31115,6289,26
72.93,31619,6325,26
74.19,32121,6349,26
75.33,32621,6357,26
76.59,33122,6373,26
77.82,33626,6393,26
79.2,34127,6405,26
80.39,34627,6417,26
81.62,35130,6429,26
82.77,35630,6441,26
83.86,36133,6453,26
85.07,36635,6461,26
86.33,37136,6481,26
87.58,37639,6505,26
88.88,38143,6533,26
90.04,38644,6553,26
91.25,39147,6561,26
92.51,39647,6573,26
93.75,40151,6593,26
94.98,40655,6613,26
96.25,41158,6637,26
97.54,41661,6665,26
98.7,42162,6669,26
99.87,42664,6685,26
101.08,43168,6701,26
102.21,43672,6717,26
103.43,44172,6753,26
104.61,44672,6793,26
105.91,45173,6817,26
107.05,45675,6841,26
108.31,46175,6865,26
109.54,46675,6881,26
110.84,47175,6901,26
112.16,47679,6925,26
113.47,48179,6941,26
114.66,48679,6961,26
115.94,49180,6981,26
117.15,49681,6997,26
118.4,50185,7009,26
119.58,50685,7029,26
120.77,51187,7045,26
122.05,51688,7061,26
123.26,52191,7073,26
124.58,52693,7097,26
125.94,53195,7140,26
127.14,53699,7156,26
128.38,54203,7180,26
129.67,54703,7208,26
131,55203,7220,26
132.3,55703,7236,26
133.48,56207,7260,26
134.74,56709,7268,26
136.15,57211,7292,26
137.43,57712,7312,26
138.79,58213,7328,26
140.1,58713,7344,26
141.36,59215,7348,26
142.66,59715,7380,26
143.96,60217,7404,26
145.28,60720,7444,26
146.43,61224,7484,26
147.62,61728,7492,26
148.98,62228,7524,26
150.12,62731,7548,26
151.4,63231,7568,26
152.97,63735,7596,26
154.3,64237,7616,26
155.44,64737,7636,26
156.67,65240,7648,26
157.71,65743,7660,26
158.87,66246,7688,26
160.24,66749,7708,26
161.49,67251,7724,26
162.78,67755,7748,26
164.05,68256,7788,26
165.18,68759,7800,26
166.49,69262,7816,26
167.8,69764,7824,26
169.11,70265,7844,26
170.48,70769,7864,26
171.76,71273,7888,26
173.07,71776,7912,26
174.29,72278,7936,26
175.55,72781,7952,26
176.95,73282,7976,26
178.25,73782,7976,26
179.63,74283,8008,26
180.89,74785,8028,26
182.13,75289,8044,26
183.36,75789,8052,26
184.58,76292,8080,26
185.7,76796,8104,26
186.89,77299,8124,26
188.04,77803,8160,26
189.3,78304,8176,26
190.7,78807,8196,26
192,79311,8212,26
193.33,79813,8244,26
194.48,80316,8276,26
195.71,80819,8316,26
196.99,81321,8332,26
198.22,81821,8368,26
199.41,82321,8396,26
200.67,82822,8400,26
201.89,83322,8436,26
203.11,83826,8472,26
204.3,84328,8484,26
205.46,84832,8500,26
206.68,85333,8516,26
207.94,85836,8548,26
209.24,86337,8560,26
210.59,86840,8588,26
211.92,87340,8612,26
213.14,87844,8628,26
214.35,88348,8652,26
215.55,88848,8680,26
216.74,89350,8720,26
218,89854,8764,26
219.29,90354,8800,26
220.6,90856,8828,26
221.86,91358,8848,26
223.15,91858,8848,26
224.3,92358,8872,26
225.57,92860,8888,26
226.75,93361,8920,26
227.99,93861,8944,26
229.22,94361,8960,26
230.59,94862,8964,26
231.75,95366,8984,26
233.08,95870,9008,26
234.42,96371,9032,26
235.66,96874,9052,26
236.85,97375,9092,26
237.97,97878,9116,26
239.3,98378,9140,26
240.58,98880,9168,26
241.79,99383,9180,26
243.11,99887,9204,26
244.32,100389,9228,26
245.52,100890,9244,26
246.61,101390,9260,26
247.87,101892,9280,26
249.21,102394,9308,26
250.4,102896,9344,26
251.6,103397,9360,26
252.95,103898,9396,26
254.16,104398,9432,26
255.24,104898,9432,26
256.67,105398,9456,26
258.12,105900,9488,26
259.69,106403,9516,26
261.25,106907,9528,26
262.61,107407,9540,26
263.96,107908,9576,26
265.25,108409,9592,26
266.46,108909,9612,26
267.71,109409,9628,26
269.08,109909,9668,26
270.24,110412,9692,26
271.45,110915,9700,26
272.53,111416,9720,26
273.71,111916,9736,26
275.04,112416,9764,26
276.3,112917,9804,26
277.59,113420,9824,26
278.85,113924,9860,26
280.14,114426,9896,26
281.33,114926,9912,26
282.6,115430,9928,26
283.94,115934,9940,26
285.27,116435,9956,26
286.38,116935,9992,26
287.62,117435,10004,26
288.77,117939,10028,26
290.02,118441,10032,26
291.3,118941,10044,26
292.6,119443,10068,26
294.02,119947,10096,26
295.17,120448,10108,26
296.32,120951,10132,26
297.5,121454,10152,26
298.91,121956,10160,26
300.14,122459,10172,26
301.29,122960,10192,26
302.48,123462,10222,27
303.75,123964,10258,27
305.07,124465,10290,27
306.29,124965,10310,27
307.44,125468,10342,27
308.64,125972,10366,27
309.8,126475,10378,27
311.05,126977,10410,27
312.31,127479,10434,27
313.63,127983,10446,27
314.87,128487,10486,27
316.14,128990,10506,27
317.39,129494,10522,27
318.87,129998,10534,27
320.18,130500,10566,27
321.38,131000,10598,27
322.71,131500,10614,27
324.05,132001,10634,27
325.32,132504,10658,27
326.53,133006,10682,27
327.76,133510,10698,27
329.05,134011,10702,27
330.4,134512,10722,27
331.71,135013,10746,27
332.96,135513,10758,27
334.25,136014,10778,27
335.54,136518,10794,27
336.82,137019,10810,27
337.91,137523,10834,27
339.16,138023,10862,27
340.38,138527,10874,27
341.69,139029,10894,27
343.07,139533,10918,27
344.3,140035,10946,27
345.54,140537,10966,27
346.73,141039,10986,27
348.02,141540,10990,27
349.32,142044,11018,27
350.53,142548,11034,27
351.93,143051,11074,27
353.2,143551,11094,27
354.59,144055,11142,27
355.84,144557,11154,27
357.09,145059,11170,27
358.34,145559,11194,27
359.75,146060,11210,27
361.06,146564,11226,27
362.29,147064,11242,27
363.51,147565,11262,27
364.71,148065,11282,27
365.83,148567,11310,27
367.01,149068,11346,27
368.25,149572,11374,27
369.56,150076,11386,27
370.76,150576,11406,27
372.03,151079,11438,27
373.19,151583,11454,27
374.48,152085,11482,27
375.77,152585,11514,27
377.07,153087,11542,27
378.43,153590,11566,27
379.8,154093,11598,27
381.16,154596,11618,27
382.58,155098,11634,27
383.91,155599,11658,27
385.25,156102,11690,27
386.48,156605,11718,27
387.67,157108,11754,27
389,157610,11774,27
390.29,158111,11786,27
391.58,158611,11810,27
392.98,159114,11834,27
394.27,159617,11842,27
395.51,160120,11850,27
396.76,160622,11858,27
398.03,161123,11874,27
399.16,161623,11910,27
400.3,162124,11930,27
401.44,162626,11946,27
402.75,163126,11954,27
404.03,163628,11978,27
405.39,164131,12002,27
406.73,164631,12030,27
408.13,165132,12054,27
409.43,165633,12078,27
410.65,166133,12086,27
411.91,166636,12114,27
413.24,167139,12138,27
414.54,167640,12170,27
415.79,168143,12202,27
417.07,168647,12214,27
418.42,169149,12218,27
419.59,169652,12254,27
420.83,170155,12274,27
422.08,170656,12310,27
423.28,171159,12334,27
424.53,171659,12362,27
425.79,172160,12382,27
427.17,172663,12394,27
428.35,173165,12414,27
429.54,173665,12446,27
430.87,174165,12458,27
432.28,174668,12482,27
433.64,175168,12502,27
434.93,175669,12542,27
436.14,176169,12558,27
437.35,176671,12594,27
438.62,177175,12614,27
439.9,177679,12638,27
441.22,178179,12682,27
442.49,178682,12706,27
443.83,179183,12714,27
445.04,179685,12730,27
446.31,180188,12750,27
447.52,180690,12758,27
448.79,181191,12798,27
450.15,181694,12822,27
451.52,182197,12846,27
452.88,182697,12866,27
454.16,183199,12882,27
455.44,183701,12906,27
456.66,184205,12942,27
457.94,184707,12978,27
459.16,185209,12986,27
460.55,185709,13006,27
461.9,186210,13054,27
463.38,186713,13090,27
464.56,187215,13126,27
465.85,187716,13146,27
467.18,188216,13182,27
468.34,188719,13190,27
469.55,189219,13214,27
470.88,189720,13238,27
472.15,190220,13274,27
473.36,190722,13310,27
474.59,191225,13350,27
476.13,191727,13374,27
477.41,192227,13394,27
478.66,192728,13410,27
479.96,193232,13434,27
481.17,193734,13458,27
482.35,194235,13478,27
483.61,194735,13494,27
485.01,195238,13506,27
486.35,195741,13534,27
487.7,196241,13550,27
488.99,196743,13574,27
490.25,197244,13578,27
491.5,197747,13606,27
492.78,198247,13606,27
494.18,198747,13622,27
495.36,199249,13646,27
496.5,199751,13674,27
497.75,200253,13698,27
499.01,200756,13726,27
500.29,201256,13746,27
501.54,201760,13758,27
502.8,202263,13770,27
504.1,202763,13770,27
505.34,203264,13790,27
506.73,203764,13798,27
507.93,204266,13826,27
509.04,204770,13862,27
510.24,205270,13894,27
511.53,205774,13910,27
512.87,206274,13946,27
514.15,206778,13970,27
515.36,207281,14002,27
516.54,207784,14018,27
517.82,208288,14042,27
519.18,208792,14070,27
520.45,209296,14086,27
521.71,209799,14110,27
523.18,210301,14134,27
524.43,210804,14138,27
525.84,211306,14170,27
527.15,211809,14186,27
528.36,212312,14210,27
529.65,212814,14242,27
530.96,213318,14262,27
532.21,213822,14278,27
533.43,214322,14302,27
534.76,214825,14326,27
535.95,215325,14346,27
537.18,215825,14362,27
538.34,216326,14378,27
539.76,216826,14402,27
540.96,217328,14426,27
542.15,217829,14450,27
543.5,218332,14470,27
544.83,218834,14502,27
546.24,219338,14514,27
547.54,219841,14542,27
548.72,220344,14570,27
549.93,220847,14590,27
551.17,221348,14610,27
552.48,221850,14630,27
553.79,222352,14662,27
555.19,222853,14678,27
556.44,223356,14710,27
557.79,223858,14742,27
559.17,224360,14770,27
560.49,224863,14798,27
561.84,225367,14834,27
563.25,225867,14858,27
564.5,226368,14882,27
565.88,226869,14906,27
567.22,227370,14922,27
568.54,227872,14938,27
569.79,228372,14962,27
571.07,228872,14986,27
572.37,229372,15002,27
573.83,229875,15014,27
575.08,230379,15038,27
576.32,230879,15062,27
577.65,231381,15070,27
579.02,231884,15090,27
580.34,232386,15118,27
581.49,232888,15138,27
582.79,233392,15150,27
583.98,233892,15186,27
585.18,234396,15206,27
586.37,234898,15246,27
587.75,235399,15270,27
589.11,235901,15294,27
590.32,236404,15306,27
591.45,236906,15314,27
592.63,237407,15338,27
593.88,237911,15354,27
595.17,238411,15386,27
596.45,238913,15402,27
597.74,239417,15418,27
598.94,239919,15442,27
600.17,240421,15474,27
601.45,240925,15510,27
602.67,241427,15542,27
603.96,241931,15570,27
605.21,242431,15590,27
606.48,242933,15622,27
607.76,243437,15654,27
609.03,243938,15686,27
610.23,244442,15702,27
611.46,244946,15718,27
612.73,245449,15738,27
613.95,245949,15754,27
615.4,246451,15774,27
616.77,246955,15790,27
618.26,247456,15794,27
619.51,247957,15814,27
620.83,248459,15838,27
622.16,248961,15862,27
623.45,249465,15874,27
624.81,249966,15898,27
626.15,250468,15918,27
627.48,250969,15938,27
628.8,251471,15970,27
629.96,251975,15998,27
631.19,252478,16030,27
632.51,252981,16066,27
633.73,253485,16110,27
635.1,253985,16130,27
636.45,254489,16146,27
637.73,254993,16178,27
639,255496,16202,27
640.4,255998,16218,27
641.61,256502,16234,27
642.94,257003,16254,27
644.18,257506,16282,27
645.37,258007,16286,27
646.69,258511,16294,27
647.95,259014,16306,27
649.15,259516,16326,27
650.4,260018,16370,27
651.6,260520,16378,27
652.86,261022,16402,27
654.22,261526,16430,27
655.57,262030,16462,27
656.99,262534,16482,27
658.27,263037,16510,27
659.54,263538,16542,27
660.81,264040,16562,27
662.06,264542,16586,27
663.3,265044,16622,27
664.53,265544,16642,27
665.87,266046,16670,27
667.4,266548,16702,27
668.7,267052,16730,27
669.85,267552,16762,27
670.98,268056,16778,27
672.26,268557,16798,27
673.51,269061,16830,27
674.77,269562,16870,27
675.92,270066,16882,27
677.37,270566,16898,27
678.65,271070,16922,27
679.98,271574,16930,27
681.26,272074,16970,27
682.41,272575,16986,27
683.63,273078,17002,27
684.9,273579,17014,27
686.22,274081,17038,27
687.63,274581,17070,27
688.88,275083,17102,27
690.04,275587,17118,27
691.34,276091,17134,27
692.54,276592,17146,27
694,277094,17190,27
695.34,277596,17206,27
696.56,278096,17226,27
697.76,278596,17238,27
699.01,279098,17258,27
700.23,279598,17270,27
701.48,280100,17298,27
702.72,280601,17338,27
704.15,281101,17358,27
705.46,281604,17374,27
706.82,282107,17390,27
708.16,282608,17406,27
709.43,283110,17422,27
710.76,283613,17434,27
712.05,284117,17454,27
713.39,284620,17466,27
714.66,285120,17486,27
715.95,285623,17510,27
717.31,286125,17518,27
718.71,286625,17554,27
719.97,287129,17582,27
721.15,287631,17602,27
722.51,288134,17634,27
723.78,288638,17650,27
725.01,289142,17678,27
726.35,289644,17682,27
727.62,290147,17710,27
728.97,290651,17746,27
730.22,291153,17762,27
731.63,291656,17786,27
732.93,292159,17798,27
734.2,292661,17826,27
735.56,293161,17842,27
736.85,293662,17862,27
738.18,294162,17882,27
739.49,294665,17906,27
740.98,295167,17926,27
742.41,295667,17942,27
743.68,296168,17962,27
744.99,296668,17986,27
746.27,297169,18006,27
747.61,297673,18034,27
749.01,298175,18078,27
750.18,298678,18106,27
751.48,299181,18118,27
752.76,299683,18122,27
754,300185,18126,27
755.27,300688,18142,27
756.43,301191,18170,27
757.67,301693,18190,27
758.9,302197,18214,27
760.2,302701,18250,27
761.44,303202,18254,27
762.79,303705,18262,27
764.07,304209,18294,27
765.33,304713,18306,27
766.49,305215,18334,27
767.75,305716,18386,27
768.95,306217,18402,27
770.33,306718,18418,27
771.73,307221,18446,27
773.13,307723,18450,27
774.42,308224,18454,27
775.59,308727,18466,27
776.88,309227,18490,27
778.26,309728,18518,27
779.62,310232,18550,27
781.02,310733,18570,27
782.36,311237,18582,27
783.57,311739,18598,27
784.86,312242,18622,27
786.27,312744,18662,27
787.6,313247,18686,27
788.89,313748,18710,27
790.21,314251,18742,27
791.57,314752,18754,27
792.93,315253,18778,27
794.2,315756,18798,27
795.5,316257,18822,27
796.73,316758,18850,27
798.02,317258,18878,27
799.4,317758,18894,27
800.52,318259,18914,27
801.89,318761,18922,27
803.26,319261,18954,27
804.37,319764,18982,27
805.57,320266,19006,27
806.72,320770,19022,27
807.96,321272,19042,27
809.25,321774,19062,27
810.45,322274,19082,27
811.85,322778,19110,27
813.12,323281,19122,27
814.33,323783,19130,27
815.56,324285,19162,27
816.69,324789,19202,27
818.09,325289,19230,27
819.44,325791,19250,27
820.71,326291,19274,27
821.91,326795,19290,27
823.14,327298,19310,27
824.39,327799,19346,27
825.62,328302,19366,27
826.84,328802,19386,27
828.02,329303,19418,27
829.31,329805,19450,27
830.54,330306,19474,27
831.82,330809,19494,27
832.99,331311,19514,27
834.26,331815,19526,27
835.53,332319,19538,27
836.82,332820,19566,27
838.14,333324,19574,27
839.41,333824,19598,27
840.62,334327,19602,27
841.92,334829,19634,27
843.2,335331,19642,27
845.43,335834,19654,27
846.69,336338,19698,27
847.99,336842,19722,27
849.32,337343,19746,27
850.66,337845,19762,27
851.87,338347,19782,27
853.29,338851,19802,27
854.51,339354,19822,27
855.88,339857,19842,27
857.24,340358,19862,27
858.69,340859,19882,27
860.21,341360,19906,27
861.6,341860,19926,27
863.02,342361,19950,27
864.29,342861,19970,27
865.49,343363,19978,27
866.84,343867,19994,27
868.06,344369,20002,27
869.36,344872,20026,27
870.7,345372,20050,27
871.96,345875,20074,27
873.32,346378,20110,27
874.57,346881,20122,27
875.85,347381,20142,27
877.2,347881,20174,27
878.6,348385,20198,27
879.91,348887,20218,27
881.24,349390,20234,27
882.59,349890,20246,27
883.89,350392,20286,27
885.26,350896,20294,27
886.48,351398,20326,27
887.67,351899,20346,27
888.97,352399,20374,27
890.17,352902,20382,27
891.42,353405,20394,27
892.78,353907,20406,27
894.02,354408,20426,27
895.35,354911,20470,27
896.67,355414,20498,27
897.91,355917,20518,27
899.25,356421,20534,27
900.5,356921,20546,27
901.91,357421,20570,27
903.25,357922,20594,27
904.41,358423,20614,27
905.65,358926,20630,27
906.83,359428,20650,27
908.07,359929,20670,27
909.35,360433,20694,27
910.74,360933,20714,27
912.01,361434,20718,27
913.21,361936,20726,27
914.34,362439,20750,27
915.54,362939,20790,27
916.75,363439,20810,27
918.15,363943,20822,27
919.38,364443,20842,27
920.58,364943,20854,27
921.79,365444,20858,27
922.99,365946,20882,27
924.1,366450,20894,27
925.27,366953,20906,27
926.36,367454,20934,27
927.53,367956,20962,27
928.81,368456,20986,27
929.94,368958,21018,27
931.09,369462,21030,27
932.35,369964,21054,27
933.7,370464,21086,27
935.1,370965,21122,27
936.35,371469,21142,27
937.54,371971,21162,27
938.9,372473,21186,27
940.33,372974,21214,27
941.56,373475,21218,27
942.85,373975,21230,27
944.27,374479,21258,27
945.48,374979,21286,27
946.77,375481,21302,27
948,375983,21330,27
949.25,376487,21338,27
950.45,376989,21362,27
951.7,377493,21382,27
953.02,377994,21402,27
954.21,378495,21422,27
955.59,378998,21454,27
956.9,379502,21486,27
958.05,380005,21506,27
959.32,380507,21526,27
960.54,381011,21550,27
961.89,381514,21566,27
963.11,382018,21582,27
964.39,382522,21614,27
965.61,383022,21630,27
966.9,383523,21646,27
968.28,384025,21654,27
969.49,384526,21670,27
970.79,385027,21694,27
972.15,385528,21714,27
973.43,386032,21738,27
974.76,386536,21750,27
976.09,387037,21786,27
977.37,387540,21802,27
978.72,388042,21826,27
980.04,388544,21858,27
981.51,389045,21870,27
982.8,389546,21890,27
984.08,390048,21898,27
985.39,390548,21930,27
986.73,391051,21958,27
987.98,391552,21990,27
989.24,392056,22018,27
990.42,392557,22022,27
991.63,393057,22050,27
992.89,393560,22058,27
994.11,394061,22078,27
995.22,394564,22090,27
996.56,395066,22098,27
997.79,395568,22114,27
999.06,396071,22122,27
1000.2,396572,22146,27
1001.54,397074,22170,27
1002.66,397575,22182,27
1004,398075,22190,26
1004.94,398575,22190,26
1006.05,399075,22190,26
1007.22,399575,22190,26
1008.21,400075,22190,26
1009.3,400575,22190,26
1010.31,401075,22190,26
1011.35,401575,22190,26
1012.42,402075,22190,26
1013.41,402575,22190,26
1014.57,403075,22190,26
1015.58,403575,22190,26
1016.71,404075,22190,26
1017.85,404575,22190,26
1018.89,405075,22190,26
1019.89,405575,22190,26
1020.84,406075,22190,26
1021.83,406575,22190,26
1022.83,407075,22190,26
1023.81,407575,22190,26
1024.85,408075,22190,26
1025.81,408575,22190,26
1026.8,409075,22190,26
1027.89,409575,22190,26
1028.93,410075,22190,26
1029.96,410576,22194,26
1030.96,411076,22194,26
1032.09,411576,22194,26
1033.21,412077,22198,26
1034.25,412579,22202,26
1035.31,413081,22206,26
1036.34,413582,22210,26
1037.39,414082,22210,26
1038.43,414582,22210,26
1039.6,415082,22210,26
1040.71,415583,22214,26
1041.83,416083,22214,26
1042.98,416584,22218,26
1044.22,417086,22226,26
1045.48,417587,22230,26
1046.61,418091,22250,26
1047.75,418594,22258,26
1048.89,419095,22262,26
1049.94,419598,22270,26
1051.06,420098,22278,26
1052.23,420599,22294,26
1053.45,421102,22302,26
1054.55,421603,22318,26
1055.75,422107,22330,26
1056.82,422609,22346,26
1058,423111,22366,26
1059.23,423615,22374,26
1060.39,424117,22398,26
1061.59,424620,22410,26
1062.9,425123,22422,26
1064.25,425623,22438,26
1065.43,426126,22450,26
1066.69,426630,22462,26
1067.92,427130,22482,26
1069.01,427633,22494,26
1070.19,428137,22518,26
1071.45,428639,22538,26
1072.84,429140,22542,26
1074.09,429642,22566,26
1075.37,430146,22606,26
1076.58,430648,22614,26
1077.85,431152,22618,26
1079.1,431655,22654,26
1080.33,432159,22686,26
1081.58,432660,22694,26
1082.76,433163,22714,26
1084.06,433666,22730,26
1085.58,434169,22758,26
1086.79,434673,22778,26
1088.11,435177,22814,26
1089.38,435678,22842,26
1090.65,436179,22878,26
1091.87,436683,22898,26
1093,437184,22926,26
1094.31,437686,22946,26
1095.63,438190,22970,26
1096.99,438690,23002,26
1098.24,439194,23030,26
1099.57,439696,23038,26
1100.84,440197,23058,26
1102.06,440701,23086,26
1103.3,441204,23106,26
1104.66,441708,23118,26
1105.97,442209,23122,26
1107.33,442709,23146,26
1108.75,443209,23162,26
1109.96,443709,23178,26
1111.24,444209,23190,26
1112.6,444713,23230,26
1113.88,445216,23242,26
1115.24,445720,23254,26
1116.46,446220,23270,26
1117.64,446722,23294,26
1118.87,447223,23322,26
1120.12,447724,23350,26
1121.35,448226,23366,26
1122.6,448726,23366,26
1123.88,449226,23386,26
1125.22,449727,23402,26
1126.49,450228,23418,26
1127.76,450731,23430,26
1129.18,451235,23454,26
1130.47,451736,23474,26
1131.73,452237,23490,26
1132.93,452741,23514,26
1134.3,453245,23526,26
1135.55,453748,23554,26
1136.73,454249,23586,26
1137.88,454753,23614,26
1139.03,455255,23622,26
1140.39,455758,23642,26
1141.76,456262,23674,26
1143.07,456764,23698,26
1144.27,457266,23718,26
1145.49,457766,23730,26
1146.74,458269,23742,26
1147.99,458773,23754,26
1149.06,459275,23790,26
1150.25,459778,23802,26
1151.57,460278,23830,26
1152.96,460782,23854,26
1154.27,461284,23870,26
1155.48,461785,23878,26
1156.89,462289,23914,26
1158.32,462792,23918,26
1159.7,463294,23946,26
1161.07,463798,23962,26
1162.37,464298,23982,26
1163.51,464799,24006,26
1164.83,465299,24018,26
1166.13,465802,24050,26
1167.51,466304,24074,26
1168.74,466806,24098,26
1169.93,467306,24122,26
1171.29,467808,24154,26
1172.48,468310,24170,26
1173.76,468812,24194,26
1175.05,469314,24222,26
1176.38,469815,24246,26
1177.66,470317,24266,26
1179.02,470820,24286,26
1180.28,471324,24302,26
1181.56,471826,24334,26
1182.88,472330,24370,26
1184.16,472834,24394,26
1185.29,473337,24414,26
1186.56,473840,24462,26
1187.75,474340,24474,26
1189.12,474841,24494,26
1190.33,475345,24526,26
1191.46,475847,24546,26
1192.72,476348,24582,26
1194.08,476850,24602,26
1195.33,477354,24626,26
1196.54,477856,24630,26
1197.79,478356,24650,26
1199.03,478860,24658,26
1200.26,479362,24686,26
1201.47,479865,24698,26
1202.86,480365,24730,26
1204.19,480866,24750,26
1205.35,481367,24778,26
1206.68,481868,24802,26
1207.98,482369,24842,26
1209.24,482869,24870,26
1210.54,483373,24886,26
1211.71,483876,24910,26
1213.01,484376,24930,26
1214.29,484880,24942,26
1215.51,485382,24966,26
1216.94,485885,24978,26
1218.27,486388,25010,26
1219.56,486891,25022,26
1220.85,487394,25034,26
1222.13,487895,25066,26
1223.44,488396,25094,26
1224.67,488900,25106,26
1226.03,489402,25130,26
1227.4,489904,25154,26
1228.74,490407,25178,26
1230.1,490907,25202,26
1231.73,491410,25214,26
1233.11,491912,25226,26
1234.32,492414,25246,26
1235.71,492914,25246,26
1237.13,493417,25274,26
1238.33,493918,25294,26
1239.63,494419,25310,26
1241,494923,25326,26
1242.26,495427,25338,26
1243.65,495931,25374,26
1244.92,496434,25394,26
1246.13,496937,25406,26
1247.51,497437,25438,26
1248.88,497940,25462,26
1250.21,498444,25498,26
1251.49,498946,25550,26
1252.82,499449,25570,26
1254.23,499951,25586,26
1255.54,500451,25610,26
1256.85,500955,25626,26
1258.21,501459,25666,26
1259.5,501961,25686,26
1260.86,502462,25726,26
1262.18,502966,25746,26
1263.53,503470,25762,26
1264.75,503971,25794,26
1265.98,504472,25806,26
1267.39,504976,25822,26
1268.76,505476,25834,26
1270.14,505979,25866,26
1271.48,506483,25910,26
1272.71,506984,25966,26
1274,507484,25982,26
1275.32,507984,26010,26
1276.63,508488,26022,26
1277.98,508991,26046,26
1279.24,509494,26058,26
1280.69,509995,26082,26
1281.88,510498,26110,26
1283.26,511000,26130,26
1284.46,511504,26154,26
1285.72,512004,26182,26
1286.99,512505,26210,26
1288.25,513007,26242,26
1289.57,513510,26258,26
1290.83,514010,26286,26
1291.94,514513,26298,26
1293.16,515014,26334,26
1294.54,515517,26374,26
1295.89,516020,26406,26
1297.16,516522,26430,26
1298.38,517023,26450,26
1299.69,517525,26494,26
1301.05,518027,26502,26
1302.43,518531,26514,26
1303.79,519034,26530,26
1305.09,519534,26554,26
1306.35,520036,26586,26
1307.75,520537,26602,26
1309.17,521041,26642,26
1310.67,521545,26682,26
1311.96,522047,26722,26
1313.24,522551,26738,26
1314.51,523054,26758,26
1315.77,523558,26794,26
1317.03,524059,26822,26
1318.26,524559,26842,26
1319.6,525062,26862,26
1320.96,525566,26874,26
1322.23,526067,26890,26
1323.51,526568,26910,26
1324.8,527068,26938,26
1326.11,527568,26958,26
1327.44,528072,26994,26
1328.83,528572,27026,26
1330.15,529072,27046,26
1331.57,529576,27062,26
1332.86,530079,27090,26
1334.2,530580,27126,26
1335.46,531080,27162,26
1336.73,531584,27174,26
1338.03,532086,27182,26
1339.49,532589,27202,26
1340.76,533092,27214,26
1342,533594,27250,26
1343.3,534095,27282,26
1344.62,534598,27322,26
1345.94,535098,27342,26
1347.25,535599,27370,26
1348.7,536102,27394,26
1349.89,536605,27410,26
1351.1,537108,27438,26
1352.44,537610,27442,26
1353.72,538112,27462,26
1354.93,538613,27494,26
1356.18,539117,27514,26
1357.44,539621,27538,26
1358.82,540125,27558,26
1360.15,540626,27578,26
1361.38,541129,27598,26
1362.55,541633,27614,26
1363.87,542136,27622,26
1365.22,542640,27670,26
1366.45,543143,27682,26
1367.8,543647,27706,26
1369.24,544149,27730,26
1370.51,544651,27774,26
1371.78,545153,27802,26
1373.1,545657,27818,26
1374.38,546160,27830,26
1375.57,546663,27866,26
1376.87,547166,27882,26
1378.07,547669,27898,26
1379.28,548171,27930,26
1380.57,548673,27934,26
1381.76,549175,27962,26
1382.99,549676,27978,26
1384.24,550177,28002,26
1385.49,550677,28026,26
1386.79,551178,28058,26
1388.14,551680,28086,26
1389.41,552184,28110,26
1390.66,552685,28146,26
1391.93,553185,28182,26
1393.21,553689,28214,26
1394.46,554193,28222,26
1395.77,554696,28246,26
1397.06,555199,28282,26
1398.37,555700,28314,26
1399.72,556203,28330,26
1400.99,556705,28346,26
1402.2,557207,28374,26
1403.41,557711,28390,26
1404.59,558211,28406,26
1406.01,558715,28430,26
1407.32,559215,28450,26
1408.58,559716,28470,26
1409.94,560218,28506,26
1411.17,560719,28530,26
1412.43,561221,28558,26
1413.73,561722,28586,26
1415.08,562222,28614,26
1416.47,562724,28638,26
1417.77,563226,28646,26
1419.1,563726,28682,26
1420.35,564226,28714,26
1421.73,564729,28738,26
1423.05,565231,28754,26
1424.3,565735,28774,26
1425.56,566238,28802,26
1426.79,566740,28818,26
1427.97,567242,28846,26
1429.18,567744,28854,26
1430.49,568244,28882,26
1431.87,568746,28902,26
1433.26,569248,28938,26
1434.63,569752,28978,26
1435.91,570255,28998,26
1437.36,570759,29018,26
1438.72,571263,29030,26
1440.06,571764,29054,26
1441.31,572264,29054,26
1442.68,572765,29090,26
1443.93,573267,29098,26
1445.12,573771,29118,26
1446.47,574274,29138,26
1447.74,574775,29162,26
1449.14,575275,29186,26
1450.43,575775,29222,26
1451.87,576277,29246,26
1453.05,576780,29282,26
1454.22,577281,29302,26
1455.57,577783,29318,26
1457.06,578283,29354,26
1458.76,578784,29386,26
1460.36,579286,29418,26
1461.9,579786,29442,26
1463.36,580287,29454,26
1464.84,580790,29486,26
1466.34,581293,29506,26
1467.74,581794,29518,26
1469.15,582295,29558,26
1470.52,582799,29574,26
1471.84,583303,29622,26
1473.14,583807,29646,26
1474.45,584308,29658,26
1475.73,584810,29678,26
1477.12,585314,29698,26
1478.55,585814,29714,26
1479.97,586317,29742,26
1481.34,586817,29754,26
1482.79,587318,29774,26
1484.16,587821,29786,26
1485.37,588322,29822,26
1486.61,588825,29846,26
1487.97,589329,29858,26
1489.21,589832,29874,26
1490.41,590334,29898,26
1491.71,590836,29922,26
1492.99,591339,29950,26
1494.32,591840,29986,26
1495.7,592344,30010,26
1497.16,592848,30042,26
1498.34,593350,30062,26
1499.59,593850,30098,26
1500.81,594350,30130,26
1502,594854,30142,26
1503.18,595354,30158,26
1504.38,595857,30170,26
1505.64,596357,30202,26
1506.81,596858,30218,26
1507.86,597359,30254,26
1509.06,597861,30298,26
1510.37,598364,30306,26
1511.68,598865,30342,26
1513.01,599368,30354,26
1514.39,599868,30374,26
1515.77,600369,30378,26
1517.06,600873,30390,26
1518.46,601374,30406,26
1519.78,601876,30442,26
1521.03,602380,30470,26
1522.42,602883,30482,26
1523.67,603383,30502,26
1524.91,603886,30514,26
1526.1,604386,30542,26
1527.35,604887,30558,26
1528.67,605390,30582,26
1529.85,605892,30594,26
1530.96,606392,30606,26
1532.14,606894,30642,26
1533.44,607398,30658,26
1534.74,607898,30694,26
1535.88,608400,30726,26
1536.99,608904,30758,26
1538.22,609408,30778,26
1539.37,609912,30786,26
1540.66,610416,30802,26
1542.04,610917,30838,26
1543.37,611417,30870,26
1544.62,611919,30890,26
1545.92,612419,30922,26
1547.26,612923,30946,26
1548.57,613424,30970,26
1549.89,613924,30994,26
1551.17,614425,31038,26
1552.39,614928,31066,26
1553.5,615432,31098,26
1554.81,615935,31146,26
1555.97,616435,31166,26
1557.28,616939,31178,26
1558.46,617443,31210,26
1559.62,617944,31230,26
1560.77,618447,31258,26
1561.98,618948,31290,26
1563.26,619449,31306,26
1564.42,619953,31330,26
1565.57,620454,31354,26
1566.79,620954,31370,26
1567.99,621456,31390,26
1569.26,621958,31422,26
1570.71,622461,31434,26
1572.04,622964,31450,26
1573.3,623466,31474,26
1574.6,623966,31494,26
1575.9,624469,31506,26
1577.22,624973,31542,26
1578.54,625473,31558,26
1579.79,625975,31582,26
1581.15,626475,31598,26
1582.38,626979,31626,26
1583.72,627482,31642,26
1585.02,627983,31674,26
1586.23,628483,31698,26
1587.45,628986,31722,26
1588.63,629486,31742,26
1589.97,629990,31766,26
1591.31,630491,31786,26
1592.5,630992,31814,26
1593.83,631495,31826,26
1595.08,631996,31854,26
1596.35,632498,31898,26
1597.43,633000,31926,26
1598.67,633504,31950,26
1599.91,634005,31974,26
1601.23,634507,31990,26
1602.49,635008,32018,26
1603.68,635512,32034,26
1604.95,636014,32058,26
1606.34,636518,32094,26
1607.81,637022,32122,26
1609.18,637523,32162,26
1610.51,638026,32186,26
1611.81,638530,32210,26
1613.14,639030,32230,26
1614.45,639530,32254,26
1615.78,640030,32290,26
1617.01,640533,32310,26
1618.35,641036,32334,26
1619.57,641538,32342,26
1620.87,642042,32366,26
1622.26,642543,32386,26
1623.4,643045,32394,26
1624.65,643545,32418,26
1625.85,644048,32446,26
1627.08,644550,32466,26
1628.33,645050,32494,26
1629.59,645553,32506,26
1630.86,646053,32526,26
1632.03,646553,32550,26
1633.18,647056,32590,26
1634.5,647557,32598,26
1635.66,648057,32618,26
1636.91,648557,32638,26
1638.21,649058,32678,26
1639.52,649560,32702,26
1640.82,650062,32726,26
1642.08,650563,32742,26
1643.46,651067,32770,26
1644.72,651567,32802,26
1645.94,652070,32810,26
1647.11,652574,32834,26
1648.29,653074,32854,26
1649.58,653576,32902,26
1650.73,654076,32934,26
1651.84,654579,32946,26
1653.08,655079,32970,26
1654.43,655583,32994,26
1655.74,656085,33030,26
1656.95,656587,33050,26
1658.24,657090,33062,26
1659.56,657592,33106,26
1660.97,658094,33114,26
1662.26,658596,33138,26
1663.62,659100,33158,26
1664.81,659600,33170,26
1666.19,660100,33186,26
1667.38,660601,33210,26
1668.65,661103,33242,26
1669.96,661605,33266,26
1671.24,662107,33286,26
1672.56,662610,33314,26
1673.74,663113,33334,26
1675.09,663615,33354,26
1676.34,664117,33358,26
1677.63,664621,33394,26
1678.83,665125,33418,26
1680.06,665625,33426,26
1681.36,666128,33446,26
1682.74,666632,33470,26
1683.98,667135,33494,26
1685.32,667638,33550,26
1686.75,668141,33586,26
1688.12,668643,33594,26
1689.4,669146,33622,26
1690.73,669647,33638,26
1692.08,670147,33654,26
1693.31,670647,33682,26
1694.53,671150,33690,26
1695.74,671653,33726,26
1697.14,672154,33730,26
1698.49,672656,33766,26
1699.96,673157,33778,26
1701.3,673658,33810,26
1702.58,674158,33830,26
1703.91,674662,33846,26
1705.22,675163,33870,26
1706.62,675667,33894,26
1707.94,676169,33914,26
1709.18,676671,33946,26
1710.55,677173,33966,26
1711.77,677674,33986,26
1712.99,678174,34006,26
1714.27,678674,34022,26
1715.55,679178,34034,26
1716.89,679682,34062,26
1718.27,680185,34090,26
1719.56,680687,34114,26
1720.8,681187,34130,26
1722.01,681690,34142,26
1723.09,682190,34166,26
1724.34,682692,34174,26
1725.55,683194,34182,26
1726.73,683695,34202,26
1728.12,684195,34234,26
1729.56,684698,34246,26
1730.81,685198,34266,26
1732.09,685701,34298,26
1733.32,686205,34314,26
1734.53,686705,34334,26
1735.82,687209,34362,26
1737.17,687711,34370,26
1738.55,688211,34398,26
1739.84,688713,34414,26
1741.11,689214,34418,26
1742.44,689717,34446,26
1743.66,690218,34462,26
1744.95,690720,34482,26
1746.22,691224,34490,26
1747.5,691728,34518,26
1748.92,692229,34554,26
1750.21,692732,34570,26
1751.51,693233,34590,26
1753.1,693733,34626,26
1754.37,694236,34654,26
1755.65,694737,34686,26
1757.02,695239,34734,26
1758.51,695743,34746,26
1759.9,696244,34770,26
1761.29,696747,34790,26
1762.58,697250,34846,26
1763.87,697753,34862,26
1765.14,698254,34902,26
1766.32,698754,34934,26
1767.61,699258,34970,26
1768.82,699761,34990,26
1770.12,700262,35014,26
1771.47,700763,35018,26
1772.85,701267,35034,26
1774.2,701768,35054,26
1775.53,702269,35070,26
1776.8,702772,35082,26
1778.08,703276,35094,26
1779.36,703778,35110,26
1780.65,704279,35122,26
1781.93,704782,35134,26
1783.36,705284,35166,26
1784.9,705785,35194,26
1786.29,706289,35218,26
1787.62,706790,35234,26
1789,707291,35250,26
1790.32,707791,35270,26
1791.67,708292,35302,26
1793.14,708792,35326,26
1794.49,709293,35346,26
1795.84,709796,35358,26
1797.08,710298,35382,26
1798.3,710799,35402,26
1799.52,711299,35418,26
1800.88,711799,35454,26
1802.28,712300,35490,26
1803.56,712802,35506,26
1804.95,713303,35522,26
1806.21,713806,35530,26
1807.44,714310,35550,26
1808.77,714811,35570,26
1810.09,715311,35590,26
1811.43,715812,35594,26
1812.67,716316,35618,26
1813.99,716820,35634,26
1815.25,717320,35650,26
1816.35,717820,35670,26
1817.58,718321,35678,26
1818.85,718823,35694,26
1820.1,719324,35706,26
1821.36,719825,35722,26
1822.64,720326,35746,26
1824.02,720827,35774,26
1825.37,721327,35786,26
1826.77,721831,35830,26
1828.01,722335,35846,26
1829.39,722836,35878,26
1830.78,723340,35910,26
1832.12,723842,35922,26
1833.49,724344,35930,26
1834.94,724845,35934,26
1836.3,725346,35974,26
1837.55,725846,36014,26
1838.88,726348,36022,26
1840.41,726849,36046,26
1841.69,727349,36058,26
1843.09,727852,36090,26
1844.49,728354,36122,26
1845.89,728855,36150,26
1847.2,729359,36174,26
1848.51,729863,36206,26
1849.71,730364,36246,26
1851.05,730867,36254,26
1852.38,731370,36286,26
1853.73,731871,36322,26
1855.06,732374,36342,26
1856.3,732877,36354,26
1857.71,733377,36374,26
1858.97,733879,36390,26
1860.33,734383,36406,26
1861.74,734883,36422,26
1863.01,735386,36442,26
1864.43,735887,36478,26
1865.69,736391,36490,26
1866.99,736893,36522,26
1868.31,737393,36538,26
1869.42,737897,36554,26
1870.67,738400,36574,26
1871.79,738902,36594,26
1873.12,739405,36602,26
1874.5,739905,36626,26
1875.8,740408,36654,26
1877.13,740911,36674,26
1878.34,741411,36722,26
1879.63,741915,36734,26
1880.86,742418,36774,26
1882.24,742919,36810,26
1883.41,743421,36842,26
1884.73,743924,36850,26
1886,744426,36874,26
1887.22,744926,36902,26
1888.59,745427,36938,26
1890,745929,36974,26
1891.37,746433,37002,26
1892.7,746933,37042,26
1893.98,747434,37066,26
1895.14,747937,37078,26
1896.55,748437,37102,26
1897.78,748940,37110,26
1899.07,749444,37146,26
1900.33,749945,37166,26
1901.63,750445,37182,26
1903.05,750946,37214,26
1904.4,751447,37230,26
1905.73,751947,37246,26
1907.11,752447,37270,26
1908.52,752950,37298,26
1909.86,753452,37306,26
1911.2,753956,37350,26
1912.5,754460,37366,26
1913.74,754962,37394,26
1915.15,755462,37450,26
1916.44,755962,37478,26
1917.79,756462,37494,26
1918.98,756965,37506,26
1920.37,757468,37534,26
1921.8,757972,37550,26
1923.1,758472,37566,26
1924.34,758975,37586,26
1925.63,759479,37610,26
1927.1,759982,37638,26
1928.39,760485,37674,26
1929.6,760989,37690,26
1930.9,761489,37706,26
1932.2,761992,37718,26
1933.49,762494,37742,26
1934.84,762996,37778,26
1936.25,763497,37802,26
1937.58,763999,37826,26
1938.93,764499,37850,26
1940.32,765002,37870,26
1941.56,765506,37898,26
1942.91,766007,37918,26
1944.15,766507,37946,26
1945.4,767011,37958,26
1946.9,767511,37990,26
1948.29,768011,38030,26
1949.57,768515,38042,26
1950.81,769019,38062,26
1952.18,769520,38086,26
1953.58,770023,38106,26
1954.81,770525,38122,26
1956.19,771028,38134,26
1957.34,771529,38158,26
1958.89,772032,38182,26
1960.21,772534,38210,26
1961.67,773037,38242,26
1962.95,773541,38254,26
1964.27,774042,38282,26
1965.5,774546,38310,26
1966.77,775050,38318,26
1968,775552,38346,26
1969.32,776052,38362,26
1970.54,776552,38378,26
1971.96,777052,38398,26
1973.18,777553,38438,26
1974.52,778057,38450,26
1975.83,778560,38482,26
1977.21,779064,38518,26
1978.44,779564,38526,26
1979.65,780066,38574,26
1980.95,780570,38598,26
1982.15,781072,38606,26
1983.45,781574,38626,26
1984.77,782075,38646,26
1986.04,782575,38682,26
1987.5,783076,38710,26
1988.76,783577,38722,26
1990.11,784079,38738,26
1991.32,784581,38746,26
1992.66,785082,38778,26
1993.91,785582,38790,26
1995.2,786086,38818,26
1996.49,786586,38834,26
1997.97,787090,38858,26
1999.28,787593,38866,26
2000.64,788094,38894,26
2001.93,788597,38902,26
2003.3,789098,38914,26
2004.53,789599,38930,26
2005.79,790102,38954,26
2007.11,790603,38970,26
2008.49,791104,38998,26
2009.95,791606,39030,26
2011.38,792110,39058,26
2012.76,792610,39082,26
2014.14,793110,39102,26
2015.5,793613,39146,26
2016.82,794116,39178,26
2018.1,794619,39210,26
2019.47,795120,39226,26
2020.74,795623,39246,26
2022.11,796124,39262,26
2023.47,796626,39278,26
2024.8,797129,39302,26
2026.06,797632,39326,26
2027.33,798136,39334,26
2028.59,798638,39354,26
2030.01,799141,39378,26
2031.37,799644,39402,26
2032.82,800144,39430,26
2034.05,800644,39450,26
2035.5,801148,39466,26
2036.92,801651,39478,26
2038.27,802155,39498,26
2039.7,802658,39530,26
2041.03,803161,39554,26
2042.43,803662,39570,26
2043.81,804166,39590,26
2045.17,804667,39610,26
2046.66,805167,39634,26
2048.08,805669,39658,26
2049.67,806170,39678,26
2051,806670,39702,26
2052.31,807171,39722,26
2053.6,807673,39750,26
2054.94,808173,39766,26
2056.33,808674,39790,26
2057.94,809175,39810,26
2059.44,809675,39834,26
2060.75,810179,39858,26
2062.17,810681,39898,26
2063.58,811182,39906,26
2064.91,811682,39926,26
2066.35,812184,39966,26
2067.74,812684,39974,26
2069.13,813186,40006,26
2070.44,813690,40042,26
2071.82,814194,40058,26
2073.19,814698,40082,26
2074.5,815201,40090,26
2075.88,815705,40102,26
2077.21,816206,40118,26
2078.54,816709,40138,26
2079.89,817213,40158,26
2081.42,817713,40178,26
2082.87,818217,40206,26
2084.17,818720,40230,26
2085.55,819223,40242,26
2087.05,819723,40266,26
2088.37,820225,40282,26
2089.78,820725,40298,26
2091.03,821225,40314,26
2092.34,821725,40350,26
2093.8,822226,40362,26
2095.13,822730,40366,26
2096.51,823233,40394,26
2097.92,823735,40422,26
2099.23,824236,40446,26
2100.68,824739,40470,26
2102.03,825241,40478,26
2103.38,825745,40490,26
2104.71,826247,40518,26
2106.04,826751,40534,26
2107.46,827252,40566,26
2108.7,827755,40578,26
2110.2,828258,40602,26
2111.52,828760,40622,26
2112.75,829260,40650,26
2114.17,829762,40694,26
2115.49,830265,40714,26
2116.87,830765,40734,26
2118.16,831267,40770,26
2119.51,831768,40794,26
2120.8,832272,40810,26
2122.13,832773,40834,26
2123.51,833274,40866,26
2124.84,833778,40882,26
2126.19,834279,40914,26
2127.46,834779,40938,26
2128.83,835282,40950,26
2130.12,835785,40974,26
2131.51,836286,40998,26
2132.93,836786,41022,26
2134.36,837286,41034,26
2135.71,837788,41054,26
2136.94,838288,41070,26
2138.26,838792,41090,26
2139.65,839294,41110,26
2140.92,839797,41146,26
2142.31,840297,41166,26
2143.65,840799,41190,26
2145.16,841302,41230,26
2146.47,841804,41266,26
2147.88,842305,41274,26
2149.47,842807,41294,26
2150.78,843310,41346,26
2152.05,843810,41358,26
2153.23,844310,41382,26
2154.52,844811,41406,26
2155.7,845313,41438,26
2157.1,845816,41450,26
2158.36,846318,41466,26
2159.76,846820,41486,26
2161.12,847321,41502,26
2162.59,847822,41526,26
2164.03,848323,41542,26
2165.3,848826,41566,26
2166.59,849326,41598,26
2167.94,849827,41618,26
2169.26,850328,41634,26
2170.79,850832,41650,26
2172.15,851332,41690,26
2173.61,851832,41690,26
2175.07,852335,41714,26
2176.55,852839,41722,26
2177.88,853341,41746,26
2179.28,853841,41770,26
2180.73,854345,41794,26
2182.14,854849,41810,26
2183.52,855350,41850,26
2185.03,855853,41902,26
2186.44,856355,41914,26
2187.8,856855,41946,26
2189.13,857356,41986,26
2190.44,857859,42006,26
2191.77,858360,42034,26
2193.2,858862,42070,26
2194.6,859363,42102,26
2196.03,859867,42126,26
2197.35,860370,42154,26
2198.85,860871,42182,26
2200.29,861372,42186,26
2201.65,861872,42230,26
2202.98,862376,42242,26
2204.43,862876,42270,26
2205.88,863378,42282,26
2207.36,863880,42298,26
2208.78,864382,42314,26
2210.12,864885,42334,26
2211.4,865388,42342,26
2212.69,865890,42362,26
2213.99,866392,42370,26
2215.27,866892,42390,26
2216.63,867394,42406,26
2217.89,867898,42422,26
2219.29,868398,42446,26
2220.73,868898,42478,26
2222.12,869400,42502,26
2223.47,869900,42514,26
2224.81,870402,42542,26
2226.24,870905,42566,26
2227.51,871406,42570,26
2228.8,871907,42586,26
2230.65,872408,42618,26
2231.97,872910,42622,26
2233.39,873412,42642,26
2234.8,873912,42662,26
2235.97,874412,42694,26
2237.44,874914,42706,26
2238.66,875414,42738,26
2240.1,875916,42762,26
2241.51,876420,42770,26
2242.79,876921,42794,26
2244.15,877421,42806,26
2245.42,877923,42834,26
2246.74,878425,42842,26
2248.21,878925,42870,26
2249.42,879428,42882,26
2250.86,879929,42910,26
2252.23,880432,42922,26
2253.53,880935,42934,26
2254.98,881437,42954,26
2256.54,881941,42986,26
2257.98,882444,43006,26
2259.3,882945,43026,26
2260.66,883448,43050,26
2261.94,883949,43070,26
2263.15,884449,43082,26
2264.48,884953,43098,26
2265.9,885456,43110,26
2267.2,885957,43134,26
2268.56,886457,43166,26
2269.81,886959,43194,26
2271.17,887461,43202,26
2272.26,887961,43230,26
2274,888465,43278,26
2275.39,888965,43294,26
2276.86,889466,43318,26
2278.33,889969,43346,26
2279.68,890469,43382,26
2281.07,890973,43398,26
2282.47,891474,43442,26
2283.97,891976,43466,26
2285.23,892476,43478,26
2286.66,892978,43498,26
2287.92,893481,43522,26
2289.16,893983,43550,26
2290.51,894484,43574,26
2291.78,894986,43582,26
2293.28,895488,43610,26
2294.47,895988,43634,26
2295.86,896491,43646,26
2297.18,896994,43670,26
2298.51,897498,43682,26
2299.92,897999,43714,26
2301.09,898501,43738,26
2302.5,899005,43770,26
2303.8,899506,43802,26
2305.21,900008,43822,26
2306.37,900509,43842,26
2307.62,901012,43866,26
2308.88,901512,43886,26
2310.14,902012,43902,26
2311.62,902512,43934,26
2312.87,903012,43966,26
2314.19,903513,44006,26
2315.44,904013,44026,26
2316.79,904514,44046,26
2318.06,905018,44058,26
2319.47,905520,44078,26
2320.84,906020,44098,26
2322.04,906520,44114,26
2323.3,907023,44138,26
2324.69,907526,44162,26
2325.9,908030,44174,26
2327.21,908531,44206,26
2328.41,909035,44230,26
2329.56,909535,44242,26
2330.8,910035,44266,26
2332.12,910537,44290,26
2333.53,911039,44306,26
2334.7,911540,44322,26
2336.02,912041,44354,26
2337.52,912545,44374,26
2338.8,913045,44390,26
2340.11,913549,44402,26
2341.35,914052,44434,26
2342.64,914552,44458,26
2343.85,915053,44470,26
2345.13,915553,44498,26
2346.44,916056,44510,26
2347.64,916556,44538,26
2348.94,917057,44566,26
2350.33,917559,44594,26
2351.8,918062,44618,26
2353.05,918562,44650,26
2354.24,919063,44674,26
2355.58,919563,44698,26
2356.8,920067,44714,26
2358.37,920570,44754,26
2359.69,921071,44774,26
2361,921572,44798,26
2362.43,922073,44826,26
2363.76,922576,44854,26
2365.07,923079,44894,26
2366.45,923582,44918,26
2367.81,924084,44942,26
2369.05,924587,44962,26
2370.38,925089,45002,26
2371.78,925593,45010,26
2373.17,926097,45026,26
2374.43,926597,45042,26
2375.7,927097,45082,26
2377,927597,45138,26
2378.43,928099,45158,26
2379.66,928602,45194,26
2380.96,929102,45218,26
2382.33,929606,45238,26
2383.69,930106,45266,26
2385.04,930608,45294,26
2386.4,931109,45318,26
2387.62,931613,45350,26
2388.9,932115,45370,26
2390.27,932616,45402,26
2391.46,933120,45434,26
2392.81,933624,45478,26
2394.1,934127,45510,26
2395.4,934630,45522,26
2396.75,935132,45542,26
2398.11,935634,45550,26
2399.46,936138,45562,26
2400.77,936638,45598,26
2402.12,937141,45610,26
2403.41,937642,45614,26
2404.7,938146,45642,26
2405.98,938650,45654,26
2407.36,939150,45686,26
2408.85,939651,45702,26
2410.24,940154,45730,26
2411.63,940658,45746,26
2413.04,941159,45762,26
2414.52,941663,45786,26
2415.85,942165,45794,26
2417.29,942667,45818,26
2418.69,943169,45858,26
2420.05,943669,45878,26
2421.29,944173,45918,26
2422.75,944677,45946,26
2424,945177,45970,26
2425.47,945677,45990,26
2426.71,946177,46022,26
2428.19,946679,46042,26
2429.49,947179,46058,26
2430.8,947679,46082,26
2432.04,948183,46110,26
2433.26,948686,46134,26
2434.64,949187,46174,26
2435.95,949689,46190,26
2437.2,950191,46218,26
2438.57,950691,46234,26
2439.95,951194,46258,26
2441.26,951697,46266,26
2442.65,952197,46302,26
2444.13,952700,46326,26
2445.43,953204,46362,26
2446.77,953707,46402,26
2448.06,954210,46414,26
2449.43,954712,46438,26
2450.71,955213,46462,26
2452.07,955717,46490,26
2453.25,956219,46498,26
2454.47,956719,46510,26
2455.84,957219,46534,26
2457.12,957720,46574,26
2458.53,958222,46590,26
2459.72,958724,46618,26
2461.37,959228,46634,26
2462.74,959732,46646,26
2464.01,960236,46666,26
2465.4,960739,46698,26
2466.66,961240,46730,26
2468.05,961740,46730,26
2469.4,962244,46750,26
2470.79,962745,46786,26
2472.23,963247,46826,26
2473.61,963747,46842,26
2475.09,964248,46882,26
2476.26,964752,46902,26
2477.72,965253,46934,26
2479.35,965754,46970,26
2480.81,966254,46990,26
2482.02,966754,47010,26
2483.26,967256,47042,26
2484.98,967757,47062,26
2486.41,968257,47078,26
2487.66,968758,47110,26
2489.11,969259,47138,26
2490.42,969761,47150,26
2491.64,970263,47166,26
2493.02,970765,47198,26
2494.34,971265,47222,26
2495.6,971768,47238,26
2497.03,972271,47250,26
2498.32,972775,47266,26
2499.62,973278,47298,26
2500.79,973779,47302,26
2502.1,974281,47314,26
2503.61,974785,47346,26
2504.79,975288,47362,26
2506.08,975791,47382,26
2507.44,976293,47390,26
2508.82,976793,47390,26
2509.98,977294,47398,26
2511.5,977795,47430,26
2512.74,978296,47450,26
2514.02,978799,47462,26
2515.39,979299,47498,26
2516.75,979802,47538,26
2517.88,980302,47562,26
2519.03,980804,47578,26
2520.42,981304,47598,26
2521.83,981807,47626,26
2523.24,982308,47650,26
2524.55,982812,47670,26
2525.85,983314,47690,26
2527.14,983814,47730,26
2528.44,984317,47738,26
2529.76,984817,47754,26
2530.95,985318,47758,26
2532.13,985819,47778,26
2533.42,986321,47798,26
2534.69,986823,47814,26
2536.01,987323,47834,26
2537.48,987826,47862,26
2538.71,988327,47894,26
2539.94,988831,47918,26
2541.29,989334,47950,26
2542.68,989836,47986,26
2543.95,990340,48006,26
2545.37,990841,48030,26
1.06,504,4702,23
1.97,1004,4702,23
2.93,1506,4704,23
3.89,2007,4730,23
5.02,2508,4731,23
6.15,3009,4863,23
7.12,3510,4866,23
8.21,4014,4882,23
9.29,4517,4890,23
10.45,5017,4890,23
11.53,5517,4906,23
12.69,6018,4910,23
13.91,6520,4922,23
14.97,7021,4926,23
16.05,7522,4938,23
17.24,8025,4954,23
18.41,8525,4954,23
19.54,9026,4962,23
20.66,9529,4970,23
21.8,10032,4978,23
22.99,10536,4998,23
24.05,11036,4998,23
25.08,11536,4998,23
26.17,12037,5002,23
27.3,12537,5018,23
28.46,13037,5030,23
29.56,13537,5042,23
30.7,14041,5058,23
31.86,14544,5078,23
33.04,15045,5094,23
34.26,15545,5106,23
35.37,16049,5122,23
36.57,16550,5158,23
37.77,17052,5166,23
38.97,17556,5182,23
40.11,18058,5210,23
41.18,18562,5226,23
42.24,19066,5238,23
43.35,19566,5250,23
44.57,20066,5286,23
45.73,20566,5298,23
46.99,21067,6000,25
48.05,21567,6008,25
49.08,22069,6008,25
50.23,22573,6008,25
51.37,23076,6054,24
52.41,23576,6054,24
53.39,24076,6054,24
54.43,24578,6058,24
55.62,25078,6058,24
56.67,25578,6058,24
57.79,26078,6058,24
58.93,26578,6058,24
59.98,27078,6058,24
60.98,27579,6062,24
62.14,28079,6062,24
63.26,28579,6062,24
64.4,29081,6066,24
65.42,29581,6066,24
66.35,30082,6088,24
67.4,30582,6088,24
68.59,31082,6088,24
69.78,31584,6096,24
70.82,32088,6108,24
71.81,32590,6116,24
72.84,33091,6120,24
73.96,33592,6124,24
75.05,34095,6132,24
76.15,34598,6140,24
77.25,35098,6140,24
78.35,35599,6144,24
79.43,36103,6156,24
80.6,36603,6164,24
81.93,37103,6172,24
83.02,37605,6176,24
84.1,38108,6184,24
85.24,38609,6188,24
86.44,39111,6196,24
87.54,39612,6200,24
88.66,40114,6208,24
89.9,40614,6220,24
91.04,41114,6234,25
92.12,41616,6254,25
93.24,42118,6270,25
94.39,42618,6286,25
95.46,43120,6294,25
96.65,43624,6306,25
97.83,44126,6334,25
99.07,44630,6362,25
100.21,45132,6382,25
101.29,45634,6386,25
102.45,46135,6398,25
103.73,46635,6426,25
104.97,47139,6438,25
106.11,47639,6454,25
107.36,48140,6486,25
108.74,48640,6506,25
110.05,49141,6534,25
111.39,49643,6546,25
112.71,50144,6558,25
