timestamp,runs,unique_features,corpus_size,interval_runs,interval_features,interval_seconds,contributing_entries,contribution_percentage,longest_stagnation_runs,longest_stagnation_seconds,current_stagnation_runs,current_stagnation_seconds,avg_seed_age,active_seeds,dead_seeds,dead_selection_percentage,contribution_rate
0.97,504,4558,25,504,4558,0.97,2,8,70,0.13,430,0.83
1.97,1005,4633,25,501,75,1.01,1,4,441,0.86,490,0.98
3.11,1507,5805,27,502,1172,1.13,4,14.81,626,1.26,5,0.01
4.2,2010,5805,27,503,0,1.09,2,7.41,626,1.26,260,0.58
5.15,2514,5810,27,504,5,0.95,2,7.41,626,1.26,280,0.49
6.19,3015,5810,27,501,0,1.03,2,7.41,626,1.26,100,0.22
7.24,3519,5810,27,504,0,1.06,1,3.7,626,1.26,165,0.35
8.35,4022,5971,27,503,161,1.11,1,3.7,626,1.26,120,0.24
9.44,4523,5975,27,501,4,1.09,1,3.7,626,1.26,430,0.93
10.72,5023,6028,27,500,53,1.28,2,7.41,626,1.27,0,0
11.87,5523,6028,27,500,0,1.15,0,0,626,1.27,500,1.15
12.96,6024,6032,27,501,4,1.09,1,3.7,626,1.3,430,0.94
14.02,6527,6040,27,503,8,1.06,1,3.7,626,1.31,310,0.65
15.14,7027,6040,27,500,0,1.12,1,3.7,626,1.36,210,0.41
16.17,7527,6040,27,500,0,1.03,0,0,626,1.36,710,1.44
17.31,8027,6040,27,500,0,1.13,0,0,626,1.36,1210,2.58
18.53,8527,6040,27,500,0,1.22,0,0,626,1.36,1710,3.8
19.65,9030,6065,28,503,25,1.12,2,7.14,1926,4.27,130,0.31
20.69,9531,6067,28,501,2,1.04,1,3.57,1926,4.27,445,0.91
21.81,10033,6071,28,502,4,1.12,1,3.57,1926,4.27,130,0.28
22.87,10533,6071,28,500,0,1.06,0,0,1926,4.27,630,1.34
23.9,11033,6071,28,500,0,1.04,0,0,1926,4.27,1130,2.37
25.02,11533,6071,28,500,0,1.11,0,0,1926,4.27,1630,3.49
26.16,12033,6071,28,500,0,1.14,0,0,1926,4.27,2130,4.63
27.37,12533,6071,28,500,0,1.21,0,0,1926,4.27,2630,5.84
28.44,13034,6075,28,501,4,1.07,1,3.57,2736,6.07,395,0.84
29.65,13534,6083,28,500,8,1.21,1,3.57,2736,6.07,235,0.54
30.81,14036,6087,28,502,4,1.16,1,3.57,2736,6.07,210,0.52
31.99,14536,6107,28,500,20,1.18,2,7.14,2736,6.07,115,0.27
33.24,15039,6119,28,503,12,1.26,1,3.57,2736,6.07,115,0.27
34.37,15540,6123,28,501,4,1.12,1,3.57,2736,6.07,165,0.38
35.49,16041,6127,28,501,4,1.13,1,3.57,2736,6.07,340,0.75
36.63,16544,6143,28,503,16,1.13,1,3.57,2736,6.07,40,0.12
37.86,17048,6155,28,504,12,1.23,1,3.57,2736,6.07,215,0.49
38.93,17552,6179,28,504,24,1.07,2,7.14,2736,6.07,20,0.05
40.09,18053,6191,28,501,12,1.16,2,7.14,2736,6.07,170,0.36
41.08,18553,6191,28,500,0,0.99,0,0,2736,6.07,670,1.35
42.13,19057,6195,28,504,4,1.05,1,3.57,2736,6.07,205,0.43
43.18,19557,6195,28,500,0,1.05,0,0,2736,6.07,705,1.48
44.21,20057,6195,28,500,0,1.03,0,0,2736,6.07,1205,2.51
45.31,20557,6195,28,500,0,1.09,0,0,2736,6.07,1705,3.6
46.41,21057,6195,28,500,0,1.1,0,0,2736,6.07,2205,4.7
47.45,21557,6195,28,500,0,1.04,0,0,2736,6.07,2705,5.75
48.61,22057,6195,28,500,0,1.17,0,0,2736,6.07,3205,6.91
49.69,22557,6195,28,500,0,1.08,0,0,2736,6.07,3705,7.99
50.7,23057,6195,28,500,0,1,0,0,2736,6.07,4205,9
51.76,23557,6195,28,500,0,1.06,0,0,2736,6.07,4705,10.06
52.81,24058,6199,28,501,4,1.05,1,3.57,4706,10.06,500,1.05
53.77,24558,6199,28,500,0,0.96,0,0,4706,10.06,1000,2.01
54.82,25059,6203,28,501,4,1.05,1,3.57,4706,10.06,415,0.87
55.8,25559,6203,28,500,0,0.98,0,0,4706,10.06,915,1.85
56.89,26059,6203,28,500,0,1.09,0,0,4706,10.06,1415,2.94
57.99,26560,6207,28,501,4,1.1,1,3.57,4706,10.06,230,0.5
59.08,27061,6211,28,501,4,1.09,1,3.57,4706,10.06,210,0.47
60.09,27561,6211,28,500,0,1.01,0,0,4706,10.06,710,1.48
61.24,28062,6215,28,501,4,1.15,1,3.57,4706,10.06,75,0.17
62.35,28562,6215,28,500,0,1.11,0,0,4706,10.06,575,1.27
63.58,29062,6215,28,500,0,1.23,0,0,4706,10.06,1075,2.51
64.67,29565,6223,28,503,8,1.08,1,3.57,4706,10.06,15,0.03
65.7,30067,6231,28,502,8,1.03,1,3.57,4706,10.06,30,0.06
66.81,30567,6231,28,500,0,1.11,0,0,4706,10.06,530,1.17
67.95,31069,6239,28,502,8,1.14,1,3.57,4706,10.06,155,0.36
68.95,31571,6247,28,502,8,1,1,3.57,4706,10.06,85,0.18
70.04,32072,6251,28,501,4,1.08,1,3.57,4706,10.06,130,0.31
71.17,32572,6267,28,500,16,1.14,1,3.57,4706,10.06,195,0.46
72.32,33073,6271,28,501,4,1.14,1,3.57,4706,10.06,300,0.73
73.48,33575,6287,28,502,16,1.16,1,3.57,4706,10.06,130,0.27
74.63,34075,6287,28,500,0,1.15,0,0,4706,10.06,630,1.43
75.94,34576,6291,28,501,4,1.31,1,3.57,4706,10.06,235,0.65
77.07,35077,6295,28,501,4,1.13,1,3.57,4706,10.06,325,0.74
78.25,35581,6319,28,504,24,1.18,2,7.14,4706,10.06,315,0.75
79.52,36081,6331,28,500,12,1.27,1,3.57,4706,10.06,90,0.2
80.84,36583,6339,28,502,8,1.31,1,3.57,4706,10.06,50,0.14
82.08,37083,6347,28,500,8,1.25,2,7.14,4706,10.06,0,0
83.38,37587,6379,28,504,32,1.3,1,3.57,4706,10.06,80,0.21
84.51,38088,6396,28,501,17,1.13,2,7.14,4706,10.06,35,0.08
85.8,38589,6400,28,501,4,1.29,1,3.57,4706,10.06,285,0.71
86.94,39090,6404,28,501,4,1.14,1,3.57,4706,10.06,330,0.79
88.16,39593,6428,28,503,24,1.22,1,3.57,4706,10.06,130,0.34
89.37,40095,6448,28,502,20,1.22,1,3.57,4706,10.06,15,0.03
90.58,40599,6460,28,504,12,1.21,2,7.14,4706,10.06,40,0.11
91.86,41103,6484,28,504,24,1.27,1,3.57,4706,10.06,60,0.14
93.05,41605,6504,28,502,20,1.2,1,3.57,4706,10.06,25,0.08
94.17,42109,6528,28,504,24,1.11,2,7.14,4706,10.06,110,0.24
95.34,42613,6548,28,504,20,1.17,1,3.57,4706,10.06,110,0.25
96.36,43117,6568,28,504,20,1.02,2,7.14,4706,10.06,195,0.41
97.51,43617,6588,28,500,20,1.15,1,3.57,4706,10.06,200,0.46
98.68,44117,6600,28,500,12,1.17,1,3.57,4706,10.06,125,0.27
99.74,44619,6644,28,502,44,1.06,1,3.57,4706,10.06,20,0.05
100.95,45121,6676,28,502,32,1.2,1,3.57,4706,10.06,80,0.21
102.07,45625,6692,28,504,16,1.12,1,3.57,4706,10.06,105,0.22
103.24,46126,6712,28,501,20,1.18,1,3.57,4706,10.06,105,0.24
104.29,46626,6744,28,500,32,1.05,1,3.57,4706,10.06,90,0.18
105.42,47130,6772,28,504,28,1.14,1,3.57,4706,10.06,50,0.14
106.68,47630,6792,28,500,20,1.25,1,3.57,4706,10.06,60,0.16
107.89,48132,6808,28,502,16,1.22,1,3.57,4706,10.06,145,0.34
109.14,48632,6828,28,500,20,1.24,1,3.57,4706,10.06,45,0.11
110.29,49133,6848,28,501,20,1.15,1,3.57,4706,10.06,235,0.55
111.46,49633,6880,28,500,32,1.17,2,7.14,4706,10.06,95,0.22
112.64,50135,6912,28,502,32,1.17,1,3.57,4706,10.06,105,0.25
113.73,50636,6940,28,501,28,1.09,1,3.57,4706,10.06,100,0.2
114.84,51137,6980,28,501,40,1.11,1,3.57,4706,10.06,20,0.05
116,51639,6988,28,502,8,1.17,1,3.57,4706,10.06,290,0.67
117.18,52141,7012,28,502,24,1.18,1,3.57,4706,10.06,10,0.03
118.25,52642,7028,28,501,16,1.07,1,3.57,4706,10.06,130,0.26
119.23,53143,7072,28,501,44,0.98,1,3.57,4706,10.06,175,0.32
120.37,53646,7100,28,503,28,1.14,1,3.57,4706,10.06,60,0.15
121.53,54146,7120,28,500,20,1.15,1,3.57,4706,10.06,50,0.12
122.57,54646,7144,28,500,24,1.04,1,3.57,4706,10.06,25,0.06
123.8,55146,7160,28,500,16,1.24,1,3.57,4706,10.06,0,0
125.04,55650,7192,28,504,32,1.24,1,3.57,4706,10.06,65,0.16
126.25,56151,7208,28,501,16,1.21,1,3.57,4706,10.06,85,0.19
127.48,56653,7228,28,502,20,1.24,1,3.57,4706,10.06,45,0.12
128.63,57157,7256,28,504,28,1.15,1,3.57,4706,10.06,150,0.32
129.74,57659,7296,28,502,40,1.11,1,3.57,4706,10.06,100,0.24
130.91,58159,7304,28,500,8,1.16,2,7.14,4706,10.06,110,0.22
132.03,58659,7320,28,500,16,1.12,1,3.57,4706,10.06,15,0.05
133.25,59161,7372,28,502,52,1.22,1,3.57,4706,10.06,10,0.03
134.39,59661,7388,28,500,16,1.13,1,3.57,4706,10.06,160,0.33
135.38,60165,7428,28,504,40,0.99,1,3.57,4706,10.06,85,0.16
136.57,60667,7484,28,502,56,1.2,1,3.57,4706,10.06,125,0.31
137.77,61170,7520,28,503,36,1.2,1,3.57,4706,10.06,5,0.01
138.96,61672,7552,28,502,32,1.19,1,3.57,4706,10.06,60,0.14
140.16,62175,7572,28,503,20,1.2,1,3.57,4706,10.06,45,0.1
141.3,62678,7584,28,503,12,1.15,1,3.57,4706,10.06,35,0.09
142.42,63179,7616,28,501,32,1.11,1,3.57,4706,10.06,105,0.26
143.48,63683,7652,28,504,36,1.06,1,3.57,4706,10.06,75,0.15
144.77,64187,7668,28,504,16,1.29,1,3.57,4706,10.06,40,0.1
145.92,64688,7692,28,501,24,1.14,1,3.57,4706,10.06,270,0.58
147.17,65192,7720,28,504,28,1.25,1,3.57,4706,10.06,25,0.04
148.39,65692,7752,28,500,32,1.22,1,3.57,4706,10.06,85,0.2
149.44,66196,7780,28,504,28,1.05,1,3.57,4706,10.06,55,0.12
150.59,66697,7796,28,501,16,1.15,1,3.57,4706,10.06,285,0.63
151.68,67198,7820,28,501,24,1.09,1,3.57,4706,10.06,75,0.19
153.05,67701,7848,28,503,28,1.37,1,3.57,4706,10.06,50,0.16
154.34,68205,7888,28,504,40,1.28,1,3.57,4706,10.06,40,0.09
155.52,68708,7908,28,503,20,1.18,1,3.57,4706,10.06,50,0.12
156.65,69212,7924,28,504,16,1.13,1,3.57,4706,10.06,90,0.2
157.85,69716,7952,28,504,28,1.2,1,3.57,4706,10.06,65,0.13
159.11,70218,7980,28,502,28,1.26,1,3.57,4706,10.06,165,0.4
160.28,70718,8028,28,500,48,1.17,1,3.57,4706,10.06,30,0.07
161.35,71218,8064,28,500,36,1.07,1,3.57,4706,10.06,20,0.05
162.58,71719,8096,28,501,32,1.23,1,3.57,4706,10.06,65,0.16
163.76,72223,8108,28,504,12,1.17,1,3.57,4706,10.06,25,0.07
164.9,72724,8148,28,501,40,1.14,1,3.57,4706,10.06,5,0.01
166.15,73227,8176,28,503,28,1.25,1,3.57,4706,10.06,15,0.09
167.55,73729,8204,28,502,28,1.4,1,3.57,4706,10.06,30,0.06
168.69,74232,8260,28,503,56,1.14,1,3.57,4706,10.06,60,0.15
169.71,74733,8288,28,501,28,1.02,1,3.57,4706,10.06,125,0.25
170.82,75234,8312,28,501,24,1.11,1,3.57,4706,10.06,50,0.11
171.88,75737,8344,28,503,32,1.06,1,3.57,4706,10.06,40,0.1
172.92,76239,8376,28,502,32,1.04,1,3.57,4706,10.06,65,0.13
174.08,76742,8388,28,503,12,1.16,1,3.57,4706,10.06,180,0.41
175.13,77242,8408,28,500,20,1.05,1,3.57,4706,10.06,10,0.02
176.22,77744,8432,28,502,24,1.09,1,3.57,4706,10.06,35,0.09
177.47,78245,8460,28,501,28,1.25,1,3.57,4706,10.06,55,0.12
178.7,78748,8480,28,503,20,1.23,1,3.57,4706,10.06,5,0.01
179.92,79252,8504,28,504,24,1.22,1,3.57,4706,10.06,25,0.06
181.12,79752,8524,28,500,20,1.19,1,3.57,4706,10.06,140,0.32
182.76,80254,8552,28,502,28,1.64,1,3.57,4706,10.06,65,0.61
183.97,80754,8580,28,500,28,1.21,1,3.57,4706,10.06,15,0.04
185.12,81254,8608,28,500,28,1.15,1,3.57,4706,10.06,45,0.09
186.23,81754,8628,28,500,20,1.11,1,3.57,4706,10.06,10,0.02
187.49,82254,8664,28,500,36,1.26,1,3.57,4706,10.06,35,0.1
188.69,82756,8684,28,502,20,1.2,1,3.57,4706,10.06,25,0.07
189.92,83256,8700,28,500,16,1.23,1,3.57,4706,10.06,235,0.56
191.04,83758,8716,28,502,16,1.12,1,3.57,4706,10.06,215,0.47
192.19,84260,8740,28,502,24,1.16,1,3.57,4706,10.06,215,0.51
193.45,84761,8760,28,501,20,1.26,1,3.57,4706,10.06,305,0.81
194.69,85263,8788,28,502,28,1.25,1,3.57,4706,10.06,95,0.24
195.91,85766,8816,28,503,28,1.22,1,3.57,4706,10.06,175,0.43
197.07,86266,8848,28,500,32,1.16,1,3.57,4706,10.06,5,0.01
198.26,86766,8876,28,500,28,1.19,1,3.57,4706,10.06,150,0.33
199.47,87270,8904,28,504,28,1.21,2,7.14,4706,10.06,55,0.12
200.67,87772,8932,28,502,28,1.2,1,3.57,4706,10.06,200,0.53
201.82,88273,8956,28,501,24,1.15,1,3.57,4706,10.06,105,0.26
203.08,88774,8992,28,501,36,1.26,1,3.57,4706,10.06,45,0.11
204.42,89274,9016,28,500,24,1.34,1,3.57,4706,10.06,120,0.34
205.68,89776,9032,28,502,16,1.25,1,3.57,4706,10.06,50,0.11
206.86,90277,9056,28,501,24,1.19,1,3.57,4706,10.06,25,0.08
208.03,90781,9072,28,504,16,1.17,1,3.57,4706,10.06,100,0.22
209.23,91282,9096,28,501,24,1.2,1,3.57,4706,10.06,55,0.1
210.44,91785,9136,28,503,40,1.21,1,3.57,4706,10.06,40,0.1
211.6,92289,9152,28,504,16,1.16,1,3.57,4706,10.06,325,0.72
212.84,92791,9160,28,502,8,1.23,1,3.57,4706,10.06,125,0.28
213.94,93293,9180,28,502,20,1.1,1,3.57,4706,10.06,105,0.21
215.04,93793,9200,28,500,20,1.1,1,3.57,4706,10.06,60,0.14
216.23,94297,9228,28,504,28,1.19,1,3.57,4706,10.06,5,0.01
217.45,94797,9260,28,500,32,1.22,1,3.57,4706,10.06,20,0.04
218.63,95297,9296,28,500,36,1.18,1,3.57,4706,10.06,20,0.04
219.85,95799,9332,28,502,36,1.22,1,3.57,4706,10.06,10,0.03
221.02,96302,9344,28,503,12,1.17,1,3.57,4706,10.06,160,0.34
222.43,96802,9388,28,500,44,1.41,1,3.57,4706,10.06,5,0.02
223.63,97303,9392,28,501,4,1.2,1,3.57,4706,10.06,425,1
224.82,97803,9404,28,500,12,1.19,1,3.57,4706,10.06,175,0.42
226.02,98306,9464,28,503,60,1.19,1,3.57,4706,10.06,10,0.02
227.19,98810,9492,28,504,28,1.17,1,3.57,4706,10.06,40,0.09
228.41,99311,9524,28,501,32,1.22,1,3.57,4706,10.06,10,0.02
229.81,99811,9556,28,500,32,1.4,1,3.57,4706,10.06,10,0.03
230.95,100315,9592,28,504,36,1.14,1,3.57,4706,10.06,5,0.01
232.12,100819,9640,28,504,48,1.17,1,3.57,4706,10.06,145,0.32
233.4,101320,9676,28,501,36,1.29,1,3.57,4706,10.06,85,0.21
234.57,101820,9700,28,500,24,1.16,1,3.57,4706,10.06,95,0.22
235.75,102320,9732,28,500,32,1.18,1,3.57,4706,10.06,15,0.03
236.88,102824,9748,28,504,16,1.14,1,3.57,4706,10.06,85,0.2
238.01,103326,9784,28,502,36,1.13,1,3.57,4706,10.06,45,0.08
239.18,103826,9824,28,500,40,1.17,1,3.57,4706,10.06,15,0.05
240.43,104329,9836,28,503,12,1.25,1,3.57,4706,10.06,35,0.08
241.58,104830,9860,28,501,24,1.15,1,3.57,4706,10.06,50,0.12
243.08,105330,9880,28,500,20,1.51,1,3.57,4706,10.06,40,0.08
244.21,105832,9912,28,502,32,1.12,1,3.57,4706,10.06,80,0.18
245.23,106332,9924,28,500,12,1.02,1,3.57,4706,10.06,45,0.09
246.5,106833,9944,28,501,20,1.27,1,3.57,4706,10.06,0,0
247.66,107336,9964,28,503,20,1.16,1,3.57,4706,10.06,270,0.58
248.92,107837,9984,28,501,20,1.26,1,3.57,4706,10.06,20,0.09
250.04,108337,10008,28,500,24,1.11,1,3.57,4706,10.06,0,0
251.23,108837,10028,28,500,20,1.19,1,3.57,4706,10.06,130,0.33
252.52,109339,10036,28,502,8,1.29,1,3.57,4706,10.06,290,0.74
253.8,109842,10072,28,503,36,1.28,1,3.57,4706,10.06,40,0.1
255.02,110345,10088,28,503,16,1.22,1,3.57,4706,10.06,25,0.06
256.13,110848,10116,28,503,28,1.11,1,3.57,4706,10.06,140,0.25
257.26,111349,10152,28,501,36,1.13,1,3.57,4706,10.06,40,0.09
258.4,111850,10172,28,501,20,1.14,1,3.57,4706,10.06,35,0.08
259.61,112351,10204,28,501,32,1.21,1,3.57,4706,10.06,20,0.06
260.91,112851,10256,28,500,52,1.3,1,3.57,4706,10.06,45,0.15
262.1,113351,10280,28,500,24,1.19,1,3.57,4706,10.06,120,0.31
263.39,113853,10300,28,502,20,1.29,1,3.57,4706,10.06,115,0.25
264.6,114356,10320,28,503,20,1.21,1,3.57,4706,10.06,285,0.7
265.82,114860,10348,28,504,28,1.22,1,3.57,4706,10.06,20,0.05
267.03,115360,10400,28,500,52,1.21,2,7.14,4706,10.06,0,0
268.2,115860,10424,28,500,24,1.16,1,3.57,4706,10.06,60,0.13
269.44,116361,10444,28,501,20,1.24,1,3.57,4706,10.06,80,0.19
270.71,116861,10476,28,500,32,1.27,1,3.57,4706,10.06,215,0.59
271.85,117365,10488,28,504,12,1.14,1,3.57,4706,10.06,15,0.03
273.03,117865,10512,28,500,24,1.19,1,3.57,4706,10.06,50,0.11
274.91,118368,10524,28,503,12,1.87,1,3.57,4706,10.06,70,0.19
276.03,118868,10536,28,500,12,1.13,1,3.57,4706,10.06,95,0.19
277.3,119368,10576,28,500,40,1.27,1,3.57,4706,10.06,20,0.05
278.48,119869,10592,28,501,16,1.18,1,3.57,4706,10.06,130,0.26
279.59,120373,10608,28,504,16,1.1,1,3.57,4706,10.06,130,0.3
280.9,120876,10636,28,503,28,1.31,1,3.57,4706,10.06,10,0.04
283.5,121377,10656,28,501,20,2.61,1,3.57,4706,10.06,50,0.11
284.69,121880,10684,28,503,28,1.19,1,3.57,4706,10.06,65,0.16
285.88,122383,10708,28,503,24,1.19,1,3.57,4706,10.06,105,0.24
287.11,122886,10748,28,503,40,1.23,1,3.57,4706,10.06,10,0.02
288.33,123390,10784,28,504,36,1.21,1,3.57,4706,10.06,10,0.02
289.47,123892,10804,28,502,20,1.15,1,3.57,4706,10.06,75,0.17
290.68,124396,10820,28,504,16,1.21,1,3.57,4706,10.06,30,0.07
291.94,124900,10848,28,504,28,1.26,1,3.57,4706,10.06,185,0.51
293.1,125402,10880,28,502,32,1.16,1,3.57,4706,10.06,55,0.13
294.28,125906,10892,28,504,12,1.18,1,3.57,4706,10.06,210,0.48
295.46,126408,10924,28,502,32,1.18,1,3.57,4706,10.06,25,0.06
296.67,126908,10956,28,500,32,1.21,1,3.57,4706,10.06,25,0.06
297.9,127410,10980,28,502,24,1.23,1,3.57,4706,10.06,135,0.31
299.13,127911,11012,28,501,32,1.23,1,3.57,4706,10.06,30,0.08
300.33,128412,11028,28,501,16,1.2,1,3.57,4706,10.06,200,0.48
301.56,128914,11056,28,502,28,1.23,1,3.57,4706,10.06,40,0.1
302.83,129415,11092,28,501,36,1.27,1,3.57,4706,10.06,35,0.1
304.01,129915,11120,28,500,28,1.18,1,3.57,4706,10.06,5,0.01
305.22,130417,11140,28,502,20,1.21,1,3.57,4706,10.06,30,0.08
306.34,130920,11152,28,503,12,1.12,1,3.57,4706,10.06,35,0.07
307.64,131422,11156,28,502,4,1.3,1,3.57,4706,10.06,25,0.06
308.91,131926,11180,28,504,24,1.27,1,3.57,4706,10.06,215,0.52
309.98,132427,11208,28,501,28,1.07,1,3.57,4706,10.06,10,0.02
311.12,132927,11236,28,500,28,1.13,1,3.57,4706,10.06,30,0.07
312.23,133431,11268,28,504,32,1.11,1,3.57,4706,10.06,30,0.06
313.42,133934,11308,28,503,40,1.19,1,3.57,4706,10.06,70,0.17
314.66,134435,11328,28,501,20,1.23,1,3.57,4706,10.06,175,0.45
315.9,134936,11360,28,501,32,1.24,1,3.57,4706,10.06,5,0.02
317.07,135440,11384,28,504,24,1.17,1,3.57,4706,10.06,135,0.34
318.28,135941,11404,28,501,20,1.21,1,3.57,4706,10.06,5,0.02
319.69,136444,11412,28,503,8,1.41,1,3.57,4706,10.06,145,0.37
320.96,136948,11436,28,504,24,1.27,1,3.57,4706,10.06,130,0.31
322.27,137451,11464,28,503,28,1.31,1,3.57,4706,10.06,40,0.1
323.46,137954,11512,28,503,48,1.19,1,3.57,4706,10.06,20,0.05
324.75,138456,11540,28,502,28,1.29,1,3.57,4706,10.06,35,0.08
325.94,138960,11552,28,504,12,1.2,1,3.57,4706,10.06,55,0.16
327.27,139461,11576,28,501,24,1.33,1,3.57,4706,10.06,40,0.11
328.45,139963,11596,28,502,20,1.17,1,3.57,4706,10.06,205,0.43
329.69,140466,11628,28,503,32,1.25,1,3.57,4706,10.06,25,0.07
330.95,140968,11636,28,502,8,1.25,1,3.57,4706,10.06,25,0.06
332.08,141472,11680,28,504,44,1.13,1,3.57,4706,10.06,20,0.04
333.23,141973,11696,28,501,16,1.14,1,3.57,4706,10.06,95,0.2
334.41,142474,11748,28,501,52,1.18,1,3.57,4706,10.06,75,0.22
336.12,142976,11768,28,502,20,1.71,1,3.57,4706,10.06,60,0.13
337.54,143477,11804,28,501,36,1.41,1,3.57,4706,10.06,45,0.12
338.85,143981,11840,28,504,36,1.31,1,3.57,4706,10.06,45,0.11
340.15,144483,11872,28,502,32,1.3,1,3.57,4706,10.06,165,0.46
341.48,144987,11896,28,504,24,1.33,1,3.57,4706,10.06,150,0.37
342.77,145490,11920,28,503,24,1.29,1,3.57,4706,10.06,145,0.34
343.99,145991,11960,28,501,40,1.23,1,3.57,4706,10.06,10,0.03
345.41,146493,11996,28,502,36,1.42,1,3.57,4706,10.06,65,0.29
346.58,146993,12020,28,500,24,1.17,1,3.57,4706,10.06,90,0.21
347.76,147494,12040,28,501,20,1.17,1,3.57,4706,10.06,55,0.13
348.9,147996,12084,28,502,44,1.15,1,3.57,4706,10.06,10,0.03
350.18,148496,12116,28,500,32,1.27,1,3.57,4706,10.06,40,0.09
351.32,148997,12156,28,501,40,1.14,1,3.57,4706,10.06,130,0.3
352.55,149501,12192,28,504,36,1.23,1,3.57,4706,10.06,155,0.39
353.79,150001,12244,28,500,52,1.24,1,3.57,4706,10.06,60,0.15
355.03,150503,12276,28,502,32,1.24,1,3.57,4706,10.06,170,0.45
356.24,151003,12292,28,500,16,1.21,1,3.57,4706,10.06,40,0.13
357.49,151505,12320,28,502,28,1.25,1,3.57,4706,10.06,90,0.23
358.66,152007,12360,28,502,40,1.18,1,3.57,4706,10.06,50,0.11
360.02,152510,12396,28,503,36,1.36,1,3.57,4706,10.06,110,0.28
361.18,153011,12420,28,501,24,1.16,1,3.57,4706,10.06,45,0.11
362.31,153511,12468,28,500,48,1.12,1,3.57,4706,10.06,50,0.1
363.53,154014,12496,28,503,28,1.22,1,3.57,4706,10.06,15,0.04
364.75,154516,12540,28,502,44,1.22,1,3.57,4706,10.06,40,0.08
365.85,155018,12568,28,502,28,1.1,1,3.57,4706,10.06,5,0.01
367.13,155520,12600,28,502,32,1.27,1,3.57,4706,10.06,25,0.06
368.28,156024,12636,28,504,36,1.16,1,3.57,4706,10.06,270,0.63
369.54,156524,12672,28,500,36,1.25,1,3.57,4706,10.06,90,0.23
370.67,157027,12696,28,503,24,1.13,1,3.57,4706,10.06,45,0.1
371.82,157527,12732,28,500,36,1.15,1,3.57,4706,10.06,60,0.13
372.89,158030,12764,28,503,32,1.07,1,3.57,4706,10.06,55,0.14
374.1,158533,12776,28,503,12,1.21,1,3.57,4706,10.06,125,0.36
375.53,159036,12828,28,503,52,1.43,1,3.57,4706,10.06,5,0
376.73,159540,12840,28,504,12,1.2,1,3.57,4706,10.06,20,0.03
378,160040,12860,28,500,20,1.27,1,3.57,4706,10.06,85,0.21
379.45,160540,12872,28,500,12,1.46,1,3.57,4706,10.06,125,0.32
380.66,161040,12888,28,500,16,1.21,1,3.57,4706,10.06,115,0.28
381.83,161541,12916,28,501,28,1.16,1,3.57,4706,10.06,20,0.05
383.01,162043,12964,28,502,48,1.19,1,3.57,4706,10.06,40,0.09
384.23,162545,12988,28,502,24,1.21,1,3.57,4706,10.06,190,0.48
385.47,163049,13028,28,504,40,1.25,1,3.57,4706,10.06,60,0.14
386.75,163553,13044,28,504,16,1.27,1,3.57,4706,10.06,15,0.04
388.06,164056,13068,28,503,24,1.31,1,3.57,4706,10.06,25,0.07
390.09,164556,13092,28,500,24,2.03,1,3.57,4706,10.06,45,0.18
391.33,165058,13128,28,502,36,1.24,1,3.57,4706,10.06,15,0.03
392.51,165561,13164,28,503,36,1.18,1,3.57,4706,10.06,35,0.09
393.8,166065,13200,28,504,36,1.3,1,3.57,4706,10.06,180,0.44
395.13,166568,13228,28,503,28,1.33,1,3.57,4706,10.06,65,0.16
396.33,167069,13256,28,501,28,1.2,1,3.57,4706,10.06,175,0.4
397.53,167573,13284,28,504,28,1.2,1,3.57,4706,10.06,110,0.26
398.83,168076,13308,28,503,24,1.29,1,3.57,4706,10.06,210,0.51
400.04,168579,13328,28,503,20,1.21,1,3.57,4706,10.06,25,0.06
401.32,169081,13360,28,502,32,1.28,2,7.14,4706,10.06,30,0.06
402.53,169584,13392,28,503,32,1.2,1,3.57,4706,10.06,195,0.41
403.64,170084,13436,28,500,44,1.12,1,3.57,4706,10.06,35,0.09
404.84,170586,13460,28,502,24,1.2,1,3.57,4706,10.06,110,0.26
406.01,171087,13484,28,501,24,1.17,1,3.57,4706,10.06,15,0.04
407.31,171588,13528,28,501,44,1.3,1,3.57,4706,10.06,40,0.12
408.47,172091,13564,28,503,36,1.15,1,3.57,4706,10.06,95,0.21
409.53,172595,13576,28,504,12,1.06,1,3.57,4706,10.06,40,0.08
410.75,173095,13604,28,500,28,1.22,1,3.57,4706,10.06,5,0.02
411.93,173599,13640,28,504,36,1.18,1,3.57,4706,10.06,25,0.05
413.04,174101,13676,28,502,36,1.11,1,3.57,4706,10.06,250,0.52
414.26,174605,13720,28,504,44,1.22,1,3.57,4706,10.06,40,0.1
415.48,175106,13760,28,501,40,1.22,1,3.57,4706,10.06,25,0.06
416.69,175609,13784,28,503,24,1.21,1,3.57,4706,10.06,85,0.21
417.87,176110,13816,28,501,32,1.18,1,3.57,4706,10.06,45,0.12
419.02,176613,13840,28,503,24,1.14,1,3.57,4706,10.06,65,0.13
420.09,177117,13856,28,504,16,1.07,1,3.57,4706,10.06,220,0.46
421.22,177618,13896,28,501,40,1.13,1,3.57,4706,10.06,20,0.04
422.42,178118,13916,28,500,20,1.2,1,3.57,4706,10.06,170,0.42
423.59,178620,13956,28,502,40,1.17,1,3.57,4706,10.06,40,0.11
424.76,179122,13976,28,502,20,1.17,1,3.57,4706,10.06,60,0.13
425.86,179626,14012,28,504,36,1.1,1,3.57,4706,10.06,55,0.13
427.13,180130,14028,28,504,16,1.27,1,3.57,4706,10.06,55,0.14
428.42,180633,14052,28,503,24,1.29,1,3.57,4706,10.06,45,0.12
429.59,181137,14068,28,504,16,1.17,1,3.57,4706,10.06,100,0.25
430.77,181637,14092,28,500,24,1.18,1,3.57,4706,10.06,5,0.01
431.98,182137,14104,28,500,12,1.21,1,3.57,4706,10.06,70,0.18
433.26,182641,14120,28,504,16,1.28,1,3.57,4706,10.06,85,0.25
434.75,183145,14164,28,504,44,1.5,1,3.57,4706,10.06,10,0.03
436.09,183648,14188,28,503,24,1.34,1,3.57,4706,10.06,200,0.71
437.19,184149,14200,28,501,12,1.09,1,3.57,4706,10.06,75,0.16
438.42,184651,14232,28,502,32,1.24,1,3.57,4706,10.06,20,0.06
439.7,185152,14252,28,501,20,1.28,1,3.57,4706,10.06,265,0.63
440.84,185654,14276,28,502,24,1.13,1,3.57,4706,10.06,40,0.09
442,186156,14300,28,502,24,1.16,1,3.57,4706,10.06,45,0.11
443.35,186659,14312,28,503,12,1.35,1,3.57,4706,10.06,235,0.6
444.59,187159,14336,28,500,24,1.24,1,3.57,4706,10.06,45,0.1
445.76,187660,14372,28,501,36,1.17,1,3.57,4706,10.06,10,0.03
447.25,188164,14404,28,504,32,1.49,1,3.57,4706,10.06,30,0.08
448.43,188667,14436,28,503,32,1.18,1,3.57,4706,10.06,30,0.08
449.66,189170,14452,28,503,16,1.23,1,3.57,4706,10.06,140,0.36
450.91,189673,14468,28,503,16,1.26,1,3.57,4706,10.06,40,0.11
452.11,190174,14484,28,501,16,1.2,1,3.57,4706,10.06,90,0.2
453.35,190674,14504,28,500,20,1.23,1,3.57,4706,10.06,10,0.02
454.55,191174,14524,28,500,20,1.21,1,3.57,4706,10.06,130,0.33
455.75,191676,14552,28,502,28,1.2,1,3.57,4706,10.06,95,0.24
457.37,192177,14580,28,501,28,1.62,1,3.57,4706,10.06,45,0.1
458.64,192678,14604,28,501,24,1.27,1,3.57,4706,10.06,130,0.37
459.91,193179,14628,28,501,24,1.27,1,3.57,4706,10.06,50,0.15
461.13,193680,14664,28,501,36,1.22,1,3.57,4706,10.06,15,0.03
462.39,194181,14684,28,501,20,1.26,1,3.57,4706,10.06,35,0.08
463.66,194681,14716,28,500,32,1.27,1,3.57,4706,10.06,30,0.07
464.84,195185,14732,28,504,16,1.18,1,3.57,4706,10.06,30,0.08
466,195689,14764,28,504,32,1.16,1,3.57,4706,10.06,45,0.11
467.26,196191,14788,28,502,24,1.26,1,3.57,4706,10.06,70,0.17
468.72,196695,14824,28,504,36,1.46,1,3.57,4706,10.06,75,0.2
469.9,197195,14840,28,500,16,1.17,1,3.57,4706,10.06,120,0.27
471.09,197696,14860,28,501,20,1.19,1,3.57,4706,10.06,255,0.6
472.28,198197,14876,28,501,16,1.2,1,3.57,4706,10.06,160,0.37
473.46,198700,14912,28,503,36,1.17,1,3.57,4706,10.06,190,0.47
474.62,199203,14936,28,503,24,1.16,1,3.57,4706,10.06,10,0.02
475.79,199704,14960,28,501,24,1.17,1,3.57,4706,10.06,70,0.17
477.01,200207,14964,28,503,4,1.23,1,3.57,4706,10.06,340,0.84
478.28,200708,14984,28,501,20,1.26,1,3.57,4706,10.06,15,0.04
479.83,201209,15016,28,501,32,1.55,1,3.57,4706,10.06,15,0.03
481.22,201709,15044,28,500,28,1.39,1,3.57,4706,10.06,35,0.08
482.45,202211,15064,28,502,20,1.23,1,3.57,4706,10.06,125,0.32
483.65,202712,15096,28,501,32,1.2,1,3.57,4706,10.06,70,0.19
484.82,203216,15120,28,504,24,1.17,1,3.57,4706,10.06,25,0.05
485.97,203716,15148,28,500,28,1.15,1,3.57,4706,10.06,5,0.02
487.39,204218,15184,28,502,36,1.42,1,3.57,4706,10.06,50,0.14
488.69,204718,15204,28,500,20,1.3,1,3.57,4706,10.06,130,0.32
489.81,205222,15228,28,504,24,1.12,1,3.57,4706,10.06,180,0.41
491.3,205722,15264,28,500,36,1.49,1,3.57,4706,10.06,70,0.18
492.49,206223,15296,28,501,32,1.19,1,3.57,4706,10.06,10,0.03
493.75,206724,15312,28,501,16,1.27,1,3.57,4706,10.06,285,0.74
494.94,207227,15344,28,503,32,1.19,1,3.57,4706,10.06,95,0.23
496.14,207728,15384,28,501,40,1.2,1,3.57,4706,10.06,35,0.08
497.39,208231,15424,28,503,40,1.24,1,3.57,4706,10.06,30,0.08
498.68,208731,15444,28,500,20,1.29,1,3.57,4706,10.06,90,0.24
499.96,209233,15484,28,502,40,1.28,1,3.57,4706,10.06,10,0.02
501.53,209737,15508,28,504,24,1.57,1,3.57,4706,10.06,180,0.42
502.63,210239,15528,28,502,20,1.1,1,3.57,4706,10.06,95,0.22
503.94,210743,15564,28,504,36,1.31,1,3.57,4706,10.06,155,0.43
505.16,211244,15600,28,501,36,1.22,1,3.57,4706,10.06,10,0.03
506.38,211744,15636,28,500,36,1.22,1,3.57,4706,10.06,10,0.02
507.56,212244,15668,28,500,32,1.18,1,3.57,4706,10.06,5,0.01
508.81,212744,15696,28,500,28,1.25,1,3.57,4706,10.06,220,0.59
510.07,213246,15712,28,502,16,1.26,1,3.57,4706,10.06,100,0.25
511.34,213746,15728,28,500,16,1.26,1,3.57,4706,10.06,70,0.2
512.75,214250,15760,28,504,32,1.41,1,3.57,4706,10.06,40,0.11
514.04,214753,15808,28,503,48,1.29,1,3.57,4706,10.06,20,0.04
515.33,215257,15828,28,504,20,1.29,1,3.57,4706,10.06,35,0.09
516.62,215759,15860,28,502,32,1.29,1,3.57,4706,10.06,5,0.01
517.96,216263,15880,28,504,20,1.34,1,3.57,4706,10.06,95,0.22
519.23,216764,15900,28,501,20,1.28,1,3.57,4706,10.06,80,0.22
520.51,217264,15920,28,500,20,1.28,1,3.57,4706,10.06,65,0.18
521.95,217765,15952,28,501,32,1.43,1,3.57,4706,10.06,5,0.01
523.37,218266,15984,28,501,32,1.43,1,3.57,4706,10.06,115,0.31
524.81,218767,16024,28,501,40,1.43,1,3.57,4706,10.06,35,0.09
526.21,219268,16056,28,501,32,1.4,1,3.57,4706,10.06,5,0.01
527.51,219772,16088,28,504,32,1.3,1,3.57,4706,10.06,5,0.02
528.74,220274,16104,28,502,16,1.23,1,3.57,4706,10.06,115,0.27
529.94,220774,16136,28,500,32,1.2,1,3.57,4706,10.06,0,0
531.28,221278,16152,28,504,16,1.34,1,3.57,4706,10.06,105,0.24
532.55,221781,16176,28,503,24,1.27,1,3.57,4706,10.06,10,0.03
534.04,222284,16204,28,503,28,1.49,1,3.57,4706,10.06,115,0.3
535.21,222784,16224,28,500,20,1.16,1,3.57,4706,10.06,5,0.01
536.42,223287,16252,28,503,28,1.21,1,3.57,4706,10.06,70,0.17
537.6,223791,16280,28,504,28,1.18,1,3.57,4706,10.06,35,0.09
538.83,224293,16308,28,502,28,1.23,2,7.14,4706,10.06,20,0.04
540.03,224795,16340,28,502,32,1.2,1,3.57,4706,10.06,0,0
541.27,225295,16372,28,500,32,1.24,1,3.57,4706,10.06,145,0.39
542.54,225795,16408,28,500,36,1.27,1,3.57,4706,10.06,5,0.01
543.72,226298,16432,28,503,24,1.19,1,3.57,4706,10.06,65,0.16
544.97,226800,16480,28,502,48,1.24,1,3.57,4706,10.06,65,0.13
546.2,227300,16512,28,500,32,1.23,1,3.57,4706,10.06,105,0.24
547.37,227802,16540,28,502,28,1.18,1,3.57,4706,10.06,230,0.54
548.46,228303,16560,28,501,20,1.09,1,3.57,4706,10.06,55,0.14
549.63,228806,16588,28,503,28,1.17,1,3.57,4706,10.06,45,0.11
550.93,229306,16616,28,500,28,1.3,1,3.57,4706,10.06,70,0.18
552.15,229806,16632,28,500,16,1.22,1,3.57,4706,10.06,35,0.08
553.3,230306,16644,28,500,12,1.15,1,3.57,4706,10.06,90,0.16
554.74,230806,16660,28,500,16,1.43,1,3.57,4706,10.06,145,0.69
556.1,231308,16684,28,502,24,1.36,1,3.57,4706,10.06,170,0.47
557.73,231808,16712,28,500,28,1.64,1,3.57,4706,10.06,15,0.03
559.07,232311,16736,28,503,24,1.33,1,3.57,4706,10.06,10,0.02
560.28,232813,16760,28,502,24,1.21,1,3.57,4706,10.06,230,0.54
561.76,233315,16780,28,502,20,1.49,1,3.57,4706,10.06,40,0.4
563.16,233819,16808,28,504,28,1.4,1,3.57,4706,10.06,90,0.19
564.46,234320,16844,28,501,36,1.29,1,3.57,4706,10.06,0,0
565.75,234823,16888,28,503,44,1.29,1,3.57,4706,10.06,40,0.13
566.9,235326,16900,28,503,12,1.15,1,3.57,4706,10.06,395,0.88
568.17,235826,16920,28,500,20,1.27,1,3.57,4706,10.06,30,0.06
569.32,236330,16928,28,504,8,1.15,1,3.57,4706,10.06,80,0.19
570.54,236833,16956,28,503,28,1.22,1,3.57,4706,10.06,70,0.13
571.92,237336,16976,28,503,20,1.38,1,3.57,4706,10.06,105,0.26
573.15,237836,17000,28,500,24,1.23,1,3.57,4706,10.06,5,0.01
574.41,238339,17032,28,503,32,1.26,1,3.57,4706,10.06,135,0.34
575.57,238841,17072,28,502,40,1.16,1,3.57,4706,10.06,15,0.04
576.9,239343,17104,28,502,32,1.33,1,3.57,4706,10.06,190,0.43
578.21,239843,17132,28,500,28,1.31,1,3.57,4706,10.06,195,0.48
579.46,240346,17160,28,503,28,1.25,1,3.57,4706,10.06,210,0.55
580.73,240850,17184,28,504,24,1.27,1,3.57,4706,10.06,10,0.01
581.92,241351,17200,28,501,16,1.19,1,3.57,4706,10.06,75,0.16
583.15,241853,17252,28,502,52,1.23,1,3.57,4706,10.06,30,0.06
584.31,242354,17280,28,501,28,1.16,1,3.57,4706,10.06,5,0.01
585.47,242854,17300,28,500,20,1.16,1,3.57,4706,10.06,110,0.24
586.66,243355,17328,28,501,28,1.19,1,3.57,4706,10.06,45,0.1
587.96,243858,17348,28,503,20,1.3,1,3.57,4706,10.06,50,0.15
589.12,244358,17364,28,500,16,1.16,1,3.57,4706,10.06,40,0.08
590.3,244858,17384,28,500,20,1.18,1,3.57,4706,10.06,10,0.02
591.61,245359,17416,28,501,32,1.3,1,3.57,4706,10.06,10,0.02
593.12,245860,17456,28,501,40,1.51,1,3.57,4706,10.06,20,0.04
594.3,246360,17476,28,500,20,1.19,1,3.57,4706,10.06,120,0.27
595.51,246862,17516,28,502,40,1.21,1,3.57,4706,10.06,55,0.14
596.58,247364,17536,28,502,20,1.07,1,3.57,4706,10.06,240,0.45
597.81,247868,17568,28,504,32,1.23,1,3.57,4706,10.06,50,0.12
599.04,248370,17576,28,502,8,1.23,1,3.57,4706,10.06,35,0.09
600.26,248870,17608,28,500,32,1.22,1,3.57,4706,10.06,15,0.04
601.64,249370,17652,28,500,44,1.38,1,3.57,4706,10.06,60,0.15
602.86,249873,17692,28,503,40,1.22,1,3.57,4706,10.06,65,0.13
604.23,250374,17720,28,501,28,1.38,1,3.57,4706,10.06,100,0.27
605.44,250876,17756,28,502,36,1.2,1,3.57,4706,10.06,40,0.09
606.71,251380,17776,28,504,20,1.27,1,3.57,4706,10.06,30,0.09
607.9,251881,17800,28,501,24,1.19,1,3.57,4706,10.06,105,0.22
609.17,252385,17840,28,504,40,1.27,1,3.57,4706,10.06,10,0.03
610.31,252889,17868,28,504,28,1.14,1,3.57,4706,10.06,40,0.1
611.57,253392,17908,28,503,40,1.26,1,3.57,4706,10.06,45,0.11
612.84,253894,17932,28,502,24,1.27,1,3.57,4706,10.06,5,0.01
614.07,254398,17968,28,504,36,1.23,1,3.57,4706,10.06,135,0.29
615.24,254901,18004,28,503,36,1.17,1,3.57,4706,10.06,20,0.05
616.41,255402,18020,28,501,16,1.17,1,3.57,4706,10.06,110,0.26
617.66,255903,18060,28,501,40,1.24,1,3.57,4706,10.06,30,0.07
618.9,256405,18080,28,502,20,1.25,1,3.57,4706,10.06,15,0.04
620.2,256906,18116,28,501,36,1.3,1,3.57,4706,10.06,90,0.23
621.5,257406,18128,28,500,12,1.29,1,3.57,4706,10.06,125,0.31
622.7,257909,18152,28,503,24,1.21,1,3.57,4706,10.06,45,0.12
623.96,258411,18192,28,502,40,1.25,1,3.57,4706,10.06,5,0.01
625.28,258913,18212,28,502,20,1.33,1,3.57,4706,10.06,275,0.75
626.46,259413,18232,28,500,20,1.18,1,3.57,4706,10.06,20,0.05
627.61,259913,18272,28,500,40,1.15,1,3.57,4706,10.06,35,0.1
628.81,260417,18304,28,504,32,1.21,1,3.57,4706,10.06,20,0.04
630.03,260921,18336,28,504,32,1.22,1,3.57,4706,10.06,40,0.1
631.27,261421,18364,28,500,28,1.24,1,3.57,4706,10.06,5,0.02
632.7,261924,18388,28,503,24,1.43,1,3.57,4706,10.06,45,0.11
634.09,262424,18396,28,500,8,1.39,1,3.57,4706,10.06,280,0.63
635.34,262927,18428,28,503,32,1.26,1,3.57,4706,10.06,120,0.27
636.45,263427,18480,28,500,52,1.11,1,3.57,4706,10.06,35,0.09
637.78,263928,18512,28,501,32,1.32,1,3.57,4706,10.06,165,0.43
639.07,264430,18540,28,502,28,1.29,1,3.57,4706,10.06,110,0.28
640.34,264930,18584,28,500,44,1.27,1,3.57,4706,10.06,5,0.01
641.61,265433,18608,28,503,24,1.27,1,3.57,4706,10.06,180,0.42
642.78,265934,18640,28,501,32,1.17,1,3.57,4706,10.06,90,0.21
643.96,266437,18648,28,503,8,1.18,1,3.57,4706,10.06,360,0.83
645.26,266939,18676,28,502,28,1.3,1,3.57,4706,10.06,140,0.36
646.44,267442,18696,28,503,20,1.18,1,3.57,4706,10.06,160,0.41
647.62,267942,18696,28,500,0,1.18,0,0,4706,10.06,660,1.59
648.9,268446,18712,28,504,16,1.28,1,3.57,4706,10.06,30,0.07
650.02,268950,18724,28,504,12,1.12,1,3.57,4706,10.06,80,0.18
651.31,269451,18736,28,501,12,1.29,1,3.57,4706,10.06,95,0.23
652.52,269954,18760,28,503,24,1.21,1,3.57,4706,10.06,90,0.2
653.7,270457,18784,28,503,24,1.18,1,3.57,4706,10.06,150,0.34
654.99,270958,18824,28,501,40,1.29,1,3.57,4706,10.06,5,0.01
656.24,271459,18852,28,501,28,1.25,1,3.57,4706,10.06,50,0.12
657.6,271960,18872,28,501,20,1.36,1,3.57,4706,10.06,30,0.09
658.97,272463,18912,28,503,40,1.37,1,3.57,4706,10.06,20,0.05
660.67,272964,18936,28,501,24,1.7,1,3.57,4706,10.06,35,0.09
661.79,273468,18948,28,504,12,1.12,1,3.57,4706,10.06,25,0.06
663.35,273970,18968,28,502,20,1.56,1,3.57,4706,10.06,205,0.87
664.56,274470,18984,28,500,16,1.21,1,3.57,4706,10.06,5,0.01
666.61,274971,19016,28,501,32,2.05,1,3.57,4706,10.06,25,0.05
667.91,275473,19032,28,502,16,1.3,1,3.57,4706,10.06,45,0.12
669.3,275976,19048,28,503,16,1.39,1,3.57,4706,10.06,280,0.77
670.62,276476,19076,28,500,28,1.32,1,3.57,4706,10.06,125,0.32
671.94,276979,19088,28,503,12,1.32,1,3.57,4706,10.06,10,0.03
673.39,277482,19108,28,503,20,1.45,1,3.57,4706,10.06,30,0.08
674.6,277985,19144,28,503,36,1.21,1,3.57,4706,10.06,25,0.05
675.89,278488,19168,28,503,24,1.29,1,3.57,4706,10.06,195,0.53
677.3,278992,19192,28,504,24,1.41,1,3.57,4706,10.06,70,0.21
678.85,279495,19236,28,503,44,1.55,1,3.57,4706,10.06,15,0.03
680.6,279996,19272,28,501,36,1.75,1,3.57,4706,10.06,130,0.64
682.07,280500,19300,28,504,28,1.47,1,3.57,4706,10.06,70,0.19
683.48,281000,19332,28,500,32,1.41,1,3.57,4706,10.06,25,0.06
684.74,281500,19360,28,500,28,1.26,1,3.57,4706,10.06,15,0.04
686.07,282000,19392,28,500,32,1.33,1,3.57,4706,10.06,85,0.22
687.29,282501,19408,28,501,16,1.22,1,3.57,4706,10.06,35,0.08
688.64,283002,19440,28,501,32,1.35,1,3.57,4706,10.06,40,0.11
690.02,283503,19476,28,501,36,1.38,1,3.57,4706,10.06,115,0.36
691.41,284006,19496,28,503,20,1.39,1,3.57,4706,10.06,190,0.62
692.78,284508,19524,28,502,28,1.37,1,3.57,4706,10.06,80,0.21
694,285010,19548,28,502,24,1.22,1,3.57,4706,10.06,110,0.29
695.25,285510,19580,28,500,32,1.25,1,3.57,4706,10.06,0,0
696.7,286013,19600,28,503,20,1.45,1,3.57,4706,10.06,95,0.28
698.1,286513,19640,28,500,40,1.4,1,3.57,4706,10.06,35,0.09
699.32,287015,19648,28,502,8,1.23,1,3.57,4706,10.06,400,0.94
700.66,287515,19672,28,500,24,1.33,1,3.57,4706,10.06,130,0.34
702,288019,19696,28,504,24,1.35,1,3.57,4706,10.06,55,0.15
703.24,288520,19732,28,501,36,1.24,1,3.57,4706,10.06,40,0.1
704.44,289021,19748,28,501,16,1.2,1,3.57,4706,10.06,105,0.25
705.88,289522,19776,28,501,28,1.44,1,3.57,4706,10.06,45,0.12
707.33,290025,19800,28,503,24,1.45,1,3.57,4706,10.06,5,0.02
708.44,290527,19828,28,502,28,1.11,1,3.57,4706,10.06,20,0.04
709.89,291031,19844,28,504,16,1.45,1,3.57,4706,10.06,5,0.01
711.15,291532,19872,28,501,28,1.26,1,3.57,4706,10.06,30,0.09
712.39,292033,19900,28,501,28,1.24,1,3.57,4706,10.06,40,0.1
714.03,292536,19920,28,503,20,1.64,1,3.57,4706,10.06,20,0.05
715.3,293036,19932,28,500,12,1.27,1,3.57,4706,10.06,135,0.39
716.54,293540,19948,28,504,16,1.24,1,3.57,4706,10.06,135,0.32
717.78,294044,19984,28,504,36,1.24,1,3.57,4706,10.06,5,0.01
719.07,294547,20032,28,503,48,1.29,1,3.57,4706,10.06,50,0.15
720.42,295047,20060,28,500,28,1.34,1,3.57,4706,10.06,0,0
721.69,295551,20112,28,504,52,1.28,1,3.57,4706,10.06,35,0.1
722.92,296054,20148,28,503,36,1.23,1,3.57,4706,10.06,25,0.05
724.13,296555,20172,28,501,24,1.2,1,3.57,4706,10.06,15,0.03
725.57,297056,20208,28,501,36,1.44,1,3.57,4706,10.06,35,0.12
726.94,297558,20256,28,502,48,1.37,1,3.57,4706,10.06,25,0.1
728.57,298060,20292,28,502,36,1.63,1,3.57,4706,10.06,10,0.02
730.06,298560,20320,28,500,28,1.49,1,3.57,4706,10.06,140,0.45
731.54,299063,20348,28,503,28,1.48,1,3.57,4706,10.06,5,0.01
732.81,299564,20364,28,501,16,1.28,1,3.57,4706,10.06,70,0.24
734.38,300064,20404,28,500,40,1.56,1,3.57,4706,10.06,75,0.22
735.74,300566,20428,28,502,24,1.36,1,3.57,4706,10.06,80,0.21
736.99,301066,20464,28,500,36,1.26,2,7.14,4706,10.06,40,0.08
738.24,301570,20476,28,504,12,1.24,1,3.57,4706,10.06,25,0.08
739.54,302071,20504,28,501,28,1.31,1,3.57,4706,10.06,10,0.02
740.92,302572,20540,28,501,36,1.38,1,3.57,4706,10.06,80,0.19
742.2,303076,20568,28,504,28,1.27,1,3.57,4706,10.06,40,0.11
743.58,303580,20584,28,504,16,1.38,1,3.57,4706,10.06,10,0.03
744.83,304082,20620,28,502,36,1.25,1,3.57,4706,10.06,30,0.09
746.26,304586,20644,28,504,24,1.44,1,3.57,4706,10.06,5,0.01
747.47,305088,20680,28,502,36,1.21,1,3.57,4706,10.06,95,0.25
748.65,305589,20716,28,501,36,1.18,1,3.57,4706,10.06,120,0.3
749.9,306092,20768,28,503,52,1.25,1,3.57,4706,10.06,40,0.1
751.19,306596,20792,28,504,24,1.29,1,3.57,4706,10.06,50,0.12
752.55,307097,20840,28,501,48,1.36,1,3.57,4706,10.06,45,0.12
753.82,307597,20876,28,500,36,1.27,1,3.57,4706,10.06,40,0.11
755.26,308098,20900,28,501,24,1.44,1,3.57,4706,10.06,25,0.07
756.74,308601,20928,28,503,28,1.47,1,3.57,4706,10.06,30,0.07
758.07,309102,20964,28,501,36,1.33,1,3.57,4706,10.06,20,0.05
759.45,309604,20996,28,502,32,1.39,1,3.57,4706,10.06,55,0.14
760.99,310105,21016,28,501,20,1.53,1,3.57,4706,10.06,65,0.16
762.12,310609,21028,28,504,12,1.13,1,3.57,4706,10.06,220,0.49
763.43,311112,21072,28,503,44,1.31,1,3.57,4706,10.06,145,0.39
764.85,311614,21100,28,502,28,1.42,1,3.57,4706,10.06,25,0.07
766.47,312117,21120,28,503,20,1.63,1,3.57,4706,10.06,25,0.07
767.67,312617,21156,28,500,36,1.2,1,3.57,4706,10.06,50,0.12
768.94,313121,21184,28,504,28,1.26,1,3.57,4706,10.06,35,0.1
770.29,313625,21212,28,504,28,1.35,1,3.57,4706,10.06,25,0.06
771.51,314127,21252,28,502,40,1.22,1,3.57,4706,10.06,5,0.02
772.8,314630,21276,28,503,24,1.3,1,3.57,4706,10.06,10,0.03
774.27,315130,21292,28,500,16,1.46,1,3.57,4706,10.06,110,0.34
775.72,315634,21320,28,504,28,1.45,1,3.57,4706,10.06,100,0.25
777.19,316134,21364,28,500,44,1.47,1,3.57,4706,10.06,5,0.01
778.57,316637,21416,28,503,52,1.38,1,3.57,4706,10.06,50,0.12
779.82,317138,21436,28,501,20,1.25,1,3.57,4706,10.06,5,0.02
781.34,317641,21460,28,503,24,1.51,1,3.57,4706,10.06,65,0.16
782.66,318144,21492,28,503,32,1.33,1,3.57,4706,10.06,95,0.31
783.94,318645,21512,28,501,20,1.28,1,3.57,4706,10.06,45,0.13
785.19,319148,21536,28,503,24,1.25,1,3.57,4706,10.06,20,0.05
786.47,319652,21560,28,504,24,1.28,1,3.57,4706,10.06,50,0.13
788.1,320154,21580,28,502,20,1.63,1,3.57,4706,10.06,65,0.17
789.28,320658,21604,28,504,24,1.18,1,3.57,4706,10.06,60,0.14
790.66,321158,21616,28,500,12,1.37,1,3.57,4706,10.06,180,0.51
791.84,321662,21644,28,504,28,1.18,1,3.57,4706,10.06,170,0.42
793.23,322166,21672,28,504,28,1.39,1,3.57,4706,10.06,50,0.13
794.6,322668,21708,28,502,36,1.37,1,3.57,4706,10.06,25,0.06
795.85,323172,21736,28,504,28,1.25,1,3.57,4706,10.06,140,0.33
797.16,323675,21764,28,503,28,1.31,1,3.57,4706,10.06,30,0.08
798.47,324177,21784,28,502,20,1.3,1,3.57,4706,10.06,230,0.62
799.72,324677,21804,28,500,20,1.25,1,3.57,4706,10.06,110,0.27
801.04,325179,21820,28,502,16,1.32,1,3.57,4706,10.06,55,0.14
802.35,325680,21844,28,501,24,1.32,1,3.57,4706,10.06,10,0.02
803.81,326181,21864,28,501,20,1.46,1,3.57,4706,10.06,95,0.24
805.04,326685,21888,28,504,24,1.22,1,3.57,4706,10.06,70,0.17
806.41,327189,21904,28,504,16,1.38,1,3.57,4706,10.06,30,0.06
808.08,327689,21940,28,500,36,1.67,1,3.57,4706,10.06,65,0.16
809.4,328191,21976,28,502,36,1.32,1,3.57,4706,10.06,85,0.19
810.6,328692,22004,28,501,28,1.2,1,3.57,4706,10.06,195,0.52
812.11,329196,22028,28,504,24,1.51,1,3.57,4706,10.06,100,0.26
813.39,329698,22052,28,502,24,1.28,1,3.57,4706,10.06,100,0.26
814.82,330198,22084,28,500,32,1.42,1,3.57,4706,10.06,15,0.05
816.29,330700,22120,28,502,36,1.47,1,3.57,4706,10.06,90,0.25
817.72,331204,22148,28,504,28,1.43,1,3.57,4706,10.06,90,0.23
819.06,331704,22172,28,500,24,1.34,1,3.57,4706,10.06,320,0.85
820.4,332204,22204,28,500,32,1.34,1,3.57,4706,10.06,45,0.11
821.84,332706,22212,28,502,8,1.44,1,3.57,4706,10.06,235,0.72
823.15,333210,22228,28,504,16,1.3,1,3.57,4706,10.06,65,0.13
824.4,333712,22256,28,502,28,1.26,1,3.57,4706,10.06,25,0.05
825.67,334214,22288,28,502,32,1.27,1,3.57,4706,10.06,20,0.06
827.01,334714,22324,28,500,36,1.34,1,3.57,4706,10.06,70,0.19
828.35,335217,22356,28,503,32,1.34,1,3.57,4706,10.06,80,0.18
829.7,335719,22388,28,502,32,1.35,1,3.57,4706,10.06,5,0.01
831.31,336223,22420,28,504,32,1.6,1,3.57,4706,10.06,115,0.31
832.56,336725,22460,28,502,40,1.25,1,3.57,4706,10.06,35,0.08
834.05,337229,22488,28,504,28,1.5,1,3.57,4706,10.06,105,0.29
835.56,337730,22528,28,501,40,1.51,1,3.57,4706,10.06,5,0.02
837.17,338232,22560,28,502,32,1.61,1,3.57,4706,10.06,10,0.03
838.39,338735,22572,28,503,12,1.22,1,3.57,4706,10.06,170,0.41
839.81,339238,22608,28,503,36,1.42,1,3.57,4706,10.06,20,0.04
841.2,339740,22640,28,502,32,1.39,1,3.57,4706,10.06,15,0.04
842.62,340240,22712,28,500,72,1.42,1,3.57,4706,10.06,0,0
844.11,340741,22748,28,501,36,1.49,1,3.57,4706,10.06,40,0.12
845.37,341245,22800,28,504,52,1.26,1,3.57,4706,10.06,55,0.13
846.86,341745,22828,28,500,28,1.48,1,3.57,4706,10.06,40,0.1
848.2,342246,22856,28,501,28,1.34,1,3.57,4706,10.06,25,0.07
849.58,342748,22888,28,502,32,1.38,1,3.57,4706,10.06,35,0.1
850.8,343249,22892,28,501,4,1.22,1,3.57,4706,10.06,215,0.52
852.1,343749,22916,28,500,24,1.3,1,3.57,4706,10.06,165,0.37
853.26,344249,22940,28,500,24,1.16,1,3.57,4706,10.06,5,0.01
854.61,344753,22984,28,504,44,1.36,1,3.57,4706,10.06,40,0.11
855.8,345256,22996,28,503,12,1.19,1,3.57,4706,10.06,190,0.44
857.12,345758,23044,28,502,48,1.32,1,3.57,4706,10.06,15,0.04
858.53,346262,23088,28,504,44,1.41,1,3.57,4706,10.06,5,0.02
859.92,346762,23108,28,500,20,1.38,1,3.57,4706,10.06,50,0.14
861.17,347266,23132,28,504,24,1.25,1,3.57,4706,10.06,15,0.03
862.91,347767,23168,28,501,36,1.73,1,3.57,4706,10.06,10,0.02
864.15,348267,23180,28,500,12,1.25,1,3.57,4706,10.06,105,0.31
865.55,348769,23188,28,502,8,1.4,1,3.57,4706,10.06,270,0.8
866.96,349270,23224,28,501,36,1.4,1,3.57,4706,10.06,45,0.12
868.31,349773,23268,28,503,44,1.35,1,3.57,4706,10.06,5,0.02
869.47,350274,23288,28,501,20,1.16,1,3.57,4706,10.06,160,0.37
871,350776,23308,28,502,20,1.54,1,3.57,4706,10.06,50,0.13
872.27,351278,23324,28,502,16,1.27,1,3.57,4706,10.06,120,0.31
874.01,351778,23344,28,500,20,1.74,1,3.57,4706,10.06,75,0.2
875.26,352282,23360,28,504,16,1.25,1,3.57,4706,10.06,100,0.25
876.65,352785,23388,28,503,28,1.38,1,3.57,4706,10.06,90,0.25
878.06,353289,23416,28,504,28,1.41,1,3.57,4706,10.06,10,0.02
879.48,353793,23428,28,504,12,1.42,1,3.57,4706,10.06,270,0.7
880.86,354293,23464,28,500,36,1.39,1,3.57,4706,10.06,130,0.31
882.23,354795,23508,28,502,44,1.36,1,3.57,4706,10.06,60,0.15
883.48,355298,23520,28,503,12,1.26,1,3.57,4706,10.06,50,0.12
884.86,355799,23540,28,501,20,1.37,1,3.57,4706,10.06,175,0.55
886.39,356302,23568,28,503,28,1.53,1,3.57,4706,10.06,55,0.13
887.71,356802,23600,28,500,32,1.32,1,3.57,4706,10.06,65,0.23
889.05,357304,23624,28,502,24,1.34,1,3.57,4706,10.06,80,0.2
890.34,357804,23636,28,500,12,1.28,1,3.57,4706,10.06,40,0.12
891.56,358304,23664,28,500,28,1.22,1,3.57,4706,10.06,100,0.24
892.82,358807,23708,28,503,44,1.26,1,3.57,4706,10.06,45,0.11
894.25,359311,23736,28,504,28,1.43,1,3.57,4706,10.06,100,0.28
895.45,359815,23760,28,504,24,1.2,1,3.57,4706,10.06,15,0.04
896.81,360316,23796,28,501,36,1.36,1,3.57,4706,10.06,80,0.21
898.18,360818,23824,28,502,28,1.37,1,3.57,4706,10.06,10,0.03
899.65,361320,23856,28,502,32,1.47,1,3.57,4706,10.06,15,0.04
900.93,361824,23892,28,504,36,1.28,1,3.57,4706,10.06,35,0.1
902.4,362324,23920,28,500,28,1.47,1,3.57,4706,10.06,0,0
903.56,362824,23948,28,500,28,1.17,1,3.57,4706,10.06,40,0.09
904.83,363325,23952,28,501,4,1.26,1,3.57,4706,10.06,160,0.4
906.07,363826,23976,28,501,24,1.24,1,3.57,4706,10.06,130,0.32
907.37,364327,24008,28,501,32,1.3,1,3.57,4706,10.06,50,0.15
909.24,364829,24048,28,502,40,1.87,1,3.57,4706,10.06,10,0.04
910.84,365333,24084,28,504,36,1.6,1,3.57,4706,10.06,55,0.13
912.29,365835,24108,28,502,24,1.45,1,3.57,4706,10.06,120,0.36
913.75,366335,24132,28,500,24,1.46,1,3.57,4706,10.06,155,0.53
915.01,366837,24156,28,502,24,1.26,1,3.57,4706,10.06,110,0.29
916.32,367337,24176,28,500,20,1.31,1,3.57,4706,10.06,65,0.16
917.62,367841,24192,28,504,16,1.3,1,3.57,4706,10.06,80,0.24
919.26,368344,24208,28,503,16,1.64,1,3.57,4706,10.06,45,0.12
920.65,368844,24224,28,500,16,1.38,1,3.57,4706,10.06,35,0.1
922,369347,24264,28,503,40,1.35,1,3.57,4706,10.06,20,0.06
923.42,369851,24284,28,504,20,1.41,1,3.57,4706,10.06,220,0.58
924.65,370353,24348,28,502,64,1.24,1,3.57,4706,10.06,5,0.02
926.14,370857,24372,28,504,24,1.48,1,3.57,4706,10.06,25,0.07
927.43,371359,24384,28,502,12,1.3,1,3.57,4706,10.06,365,0.96
928.85,371860,24404,28,501,20,1.41,1,3.57,4706,10.06,200,0.6
930.18,372363,24448,28,503,44,1.33,1,3.57,4706,10.06,25,0.08
932.1,372865,24476,28,502,28,1.92,1,3.57,4706,10.06,40,0.09
933.49,373368,24484,28,503,8,1.4,1,3.57,4706,10.06,20,0.06
934.91,373868,24504,28,500,20,1.42,1,3.57,4706,10.06,15,0.04
936.41,374371,24532,28,503,28,1.5,1,3.57,4706,10.06,30,0.08
937.84,374873,24560,28,502,28,1.43,1,3.57,4706,10.06,10,0.02
939.17,375375,24608,28,502,48,1.33,1,3.57,4706,10.06,20,0.07
940.52,375878,24628,28,503,20,1.35,1,3.57,4706,10.06,135,0.35
942.17,376380,24664,28,502,36,1.65,1,3.57,4706,10.06,30,0.08
943.71,376882,24692,28,502,28,1.54,1,3.57,4706,10.06,65,0.16
945.1,377385,24732,28,503,40,1.39,1,3.57,4706,10.06,55,0.16
946.36,377885,24752,28,500,20,1.26,1,3.57,4706,10.06,180,0.41
947.86,378385,24796,28,500,44,1.5,1,3.57,4706,10.06,40,0.09
949.17,378888,24824,28,503,28,1.31,1,3.57,4706,10.06,50,0.13
950.49,379390,24844,28,502,20,1.32,1,3.57,4706,10.06,110,0.27
951.88,379891,24880,28,501,36,1.38,1,3.57,4706,10.06,55,0.15
953.12,380394,24892,28,503,12,1.24,1,3.57,4706,10.06,290,0.72
954.31,380894,24940,28,500,48,1.19,1,3.57,4706,10.06,55,0.13
955.64,381397,24964,28,503,24,1.33,1,3.57,4706,10.06,250,0.63
956.85,381897,24984,28,500,20,1.22,1,3.57,4706,10.06,25,0.07
958.38,382401,25012,28,504,28,1.53,1,3.57,4706,10.06,65,0.18
959.77,382904,25032,28,503,20,1.39,1,3.57,4706,10.06,195,0.59
961.05,383406,25060,28,502,28,1.28,1,3.57,4706,10.06,5,0.01
962.39,383906,25088,28,500,28,1.34,1,3.57,4706,10.06,30,0.08
963.63,384408,25104,28,502,16,1.24,1,3.57,4706,10.06,90,0.27
965.1,384912,25144,28,504,40,1.47,1,3.57,4706,10.06,20,0.05
966.43,385412,25168,28,500,24,1.33,1,3.57,4706,10.06,135,0.36
967.71,385915,25196,28,503,28,1.27,1,3.57,4706,10.06,15,0.04
968.96,386418,25236,28,503,40,1.25,1,3.57,4706,10.06,60,0.18
970.37,386920,25276,28,502,40,1.41,1,3.57,4706,10.06,50,0.13
971.67,387424,25296,28,504,20,1.3,1,3.57,4706,10.06,55,0.14
973.14,387928,25320,28,504,24,1.48,1,3.57,4706,10.06,305,0.96
974.44,388430,25356,28,502,36,1.3,1,3.57,4706,10.06,25,0.07
975.75,388933,25384,28,503,28,1.3,1,3.57,4706,10.06,5,0.01
977.32,389436,25396,28,503,12,1.57,1,3.57,4706,10.06,310,0.83
979.04,389937,25444,28,501,48,1.72,1,3.57,4706,10.06,20,0.07
980.47,390438,25468,28,501,24,1.43,1,3.57,4706,10.06,25,0.07
981.74,390941,25504,28,503,36,1.27,1,3.57,4706,10.06,5,0.01
983.19,391445,25524,28,504,20,1.45,1,3.57,4706,10.06,70,0.2
984.66,391947,25544,28,502,20,1.47,1,3.57,4706,10.06,60,0.17
986.03,392448,25560,28,501,16,1.37,1,3.57,4706,10.06,55,0.14
987.7,392949,25620,28,501,60,1.68,1,3.57,4706,10.06,20,0.06
989.34,393451,25644,28,502,24,1.64,1,3.57,4706,10.06,55,0.14
990.63,393953,25672,28,502,28,1.28,1,3.57,4706,10.06,155,0.39
991.98,394453,25708,28,500,36,1.35,1,3.57,4706,10.06,20,0.07
993.47,394956,25732,28,503,24,1.48,1,3.57,4706,10.06,45,0.15
994.95,395458,25752,28,502,20,1.49,1,3.57,4706,10.06,15,0.04
996.35,395959,25784,28,501,32,1.4,1,3.57,4706,10.06,65,0.21
997.58,396462,25808,28,503,24,1.23,1,3.57,4706,10.06,155,0.35
998.86,396963,25840,28,501,32,1.28,1,3.57,4706,10.06,140,0.35
1000.23,397465,25848,28,502,8,1.38,1,3.57,4706,10.06,155,0.43
1001.6,397968,25876,28,503,28,1.37,1,3.57,4706,10.06,15,0.03
1003.04,398472,25908,28,504,32,1.44,1,3.57,4706,10.06,95,0.25
1004.45,398974,25932,28,502,24,1.41,1,3.57,4706,10.06,5,0.01
1005.77,399476,25940,28,502,8,1.32,1,3.57,4706,10.06,45,0.12
1007.23,399979,25972,28,503,32,1.46,1,3.57,4706,10.06,35,0.11
1008.66,400483,25996,28,504,24,1.44,1,3.57,4706,10.06,155,0.41
1010.03,400986,26008,28,503,12,1.37,1,3.57,4706,10.06,200,0.49
1011.6,401488,26040,28,502,32,1.57,1,3.57,4706,10.06,135,0.37
1013.22,401991,26060,28,503,20,1.61,1,3.57,4706,10.06,140,0.52
1014.87,402491,26088,28,500,28,1.66,1,3.57,4706,10.06,115,0.37
1016.1,402992,26100,28,501,12,1.22,1,3.57,4706,10.06,125,0.31
1017.37,403496,26128,28,504,28,1.28,1,3.57,4706,10.06,150,0.34
1018.72,403996,26152,28,500,24,1.34,1,3.57,4706,10.06,190,0.53
1019.93,404498,26168,28,502,16,1.21,1,3.57,4706,10.06,85,0.2
1021.19,405001,26200,28,503,32,1.26,1,3.57,4706,10.06,10,0.02
1022.72,405505,26216,28,504,16,1.53,1,3.57,4706,10.06,40,0.11
1024.01,406005,26252,28,500,36,1.29,1,3.57,4706,10.06,30,0.09
1025.39,406509,26288,28,504,36,1.38,1,3.57,4706,10.06,50,0.11
1026.72,407011,26328,28,502,40,1.33,1,3.57,4706,10.06,10,0.02
1028,407515,26360,28,504,32,1.28,1,3.57,4706,10.06,10,0.02
1029.31,408019,26384,28,504,24,1.32,1,3.57,4706,10.06,5,0.02
1030.66,408521,26412,28,502,28,1.35,1,3.57,4706,10.06,150,0.38
1032.04,409022,26456,28,501,44,1.38,1,3.57,4706,10.06,60,0.17
1033.35,409525,26488,28,503,32,1.3,1,3.57,4706,10.06,40,0.11
1034.99,410026,26520,28,501,32,1.65,1,3.57,4706,10.06,5,0.01
1036.38,410527,26556,28,501,36,1.38,1,3.57,4706,10.06,30,0.08
1037.92,411027,26592,28,500,36,1.54,1,3.57,4706,10.06,25,0.06
1039.21,411529,26620,28,502,28,1.29,1,3.57,4706,10.06,85,0.22
1040.58,412032,26632,28,503,12,1.37,1,3.57,4706,10.06,20,0.06
1041.91,412536,26664,28,504,32,1.33,1,3.57,4706,10.06,75,0.2
1043.25,413038,26688,28,502,24,1.34,1,3.57,4706,10.06,65,0.2
1044.75,413541,26708,28,503,20,1.49,1,3.57,4706,10.06,50,0.15
1046.2,414045,26724,28,504,16,1.45,1,3.57,4706,10.06,10,0.03
1047.75,414549,26772,28,504,48,1.55,1,3.57,4706,10.06,95,0.23
1049.12,415052,26828,28,503,56,1.38,1,3.57,4706,10.06,25,0.06
1050.27,415552,26864,28,500,36,1.15,1,3.57,4706,10.06,115,0.23
1051.58,416054,26872,28,502,8,1.31,1,3.57,4706,10.06,115,0.31
1053.06,416556,26908,28,502,36,1.48,1,3.57,4706,10.06,35,0.12
1054.45,417056,26940,28,500,32,1.39,1,3.57,4706,10.06,20,0.05
1055.85,417560,26968,28,504,28,1.4,1,3.57,4706,10.06,30,0.07
1057.81,418062,26976,28,502,8,1.96,1,3.57,4706,10.06,150,0.62
1059.75,418563,27012,28,501,36,1.93,1,3.57,4706,10.06,25,0.07
1061.02,419067,27028,28,504,16,1.27,1,3.57,4706,10.06,210,0.57
1062.37,419568,27044,28,501,16,1.35,1,3.57,4706,10.06,55,0.15
1063.84,420069,27064,28,501,20,1.47,1,3.57,4706,10.06,15,0.05
1065.13,420570,27084,28,501,20,1.29,1,3.57,4706,10.06,30,0.12
1066.69,421072,27100,28,502,16,1.56,1,3.57,4706,10.06,170,0.55
1067.94,421575,27112,28,503,12,1.25,1,3.57,4706,10.06,275,0.68
1069.33,422075,27140,28,500,28,1.39,1,3.57,4706,10.06,70,0.18
1070.89,422577,27172,28,502,32,1.56,1,3.57,4706,10.06,75,0.36
1072.11,423077,27212,28,500,40,1.22,1,3.57,4706,10.06,20,0.06
1073.33,423579,27232,28,502,20,1.22,1,3.57,4706,10.06,85,0.2
1074.56,424079,27248,28,500,16,1.23,1,3.57,4706,10.06,0,0
1075.88,424579,27272,28,500,24,1.32,1,3.57,4706,10.06,10,0.04
1077.16,425082,27304,28,503,32,1.28,1,3.57,4706,10.06,55,0.14
1078.51,425585,27332,28,503,28,1.35,1,3.57,4706,10.06,70,0.18
1079.79,426087,27376,28,502,44,1.28,1,3.57,4706,10.06,55,0.14
1081.13,426587,27396,28,500,20,1.34,1,3.57,4706,10.06,110,0.3
1082.81,427089,27408,28,502,12,1.68,1,3.57,4706,10.06,5,0.01
1084.19,427593,27448,28,504,40,1.38,1,3.57,4706,10.06,10,0.02
1085.57,428096,27460,28,503,12,1.39,1,3.57,4706,10.06,20,0.04
1087.15,428597,27492,28,501,32,1.58,1,3.57,4706,10.06,40,0.12
1088.49,429101,27524,28,504,32,1.33,1,3.57,4706,10.06,10,0.03
1089.81,429605,27540,28,504,16,1.32,1,3.57,4706,10.06,35,0.09
1091.06,430107,27592,28,502,52,1.26,1,3.57,4706,10.06,35,0.06
1092.49,430608,27644,28,501,52,1.43,1,3.57,4706,10.06,0,0
1093.79,431110,27672,28,502,28,1.3,1,3.57,4706,10.06,5,0.01
1095.12,431614,27704,28,504,32,1.33,1,3.57,4706,10.06,30,0.08
1096.6,432118,27736,28,504,32,1.48,1,3.57,4706,10.06,50,0.12
1098.01,432620,27772,28,502,36,1.41,1,3.57,4706,10.06,20,0.06
1099.28,433122,27800,28,502,28,1.27,1,3.57,4706,10.06,145,0.32
1100.58,433625,27828,28,503,28,1.31,1,3.57,4706,10.06,20,0.05
1102.1,434127,27848,28,502,20,1.52,1,3.57,4706,10.06,110,0.33
1103.46,434631,27860,28,504,12,1.36,1,3.57,4706,10.06,235,0.6
1104.89,435135,27888,28,504,28,1.43,1,3.57,4706,10.06,20,0.04
1106.16,435637,27928,28,502,40,1.27,1,3.57,4706,10.06,75,0.21
1107.66,436139,27952,28,502,24,1.5,1,3.57,4706,10.06,35,0.09
1109,436642,27960,28,503,8,1.35,1,3.57,4706,10.06,145,0.36
1110.32,437145,27988,28,503,28,1.31,1,3.57,4706,10.06,55,0.13
1111.51,437649,28032,28,504,44,1.2,1,3.57,4706,10.06,95,0.22
1112.81,438149,28056,28,500,24,1.3,1,3.57,4706,10.06,270,0.67
1114.29,438649,28096,28,500,40,1.48,1,3.57,4706,10.06,20,0.08
1115.63,439151,28128,28,502,32,1.34,1,3.57,4706,10.06,75,0.2
1116.93,439654,28172,28,503,44,1.3,1,3.57,4706,10.06,5,0.01
1118.31,440158,28224,28,504,52,1.38,1,3.57,4706,10.06,10,0.02
1119.74,440659,28244,28,501,20,1.43,1,3.57,4706,10.06,135,0.35
1121.06,441159,28276,28,500,32,1.32,1,3.57,4706,10.06,0,0
1122.72,441662,28300,28,503,24,1.66,1,3.57,4706,10.06,50,0.14
1124.15,442162,28328,28,500,28,1.43,1,3.57,4706,10.06,10,0.03
1125.69,442666,28344,28,504,16,1.54,1,3.57,4706,10.06,205,0.61
1127.11,443170,28384,28,504,40,1.42,1,3.57,4706,10.06,225,0.63
1128.47,443670,28412,28,500,28,1.36,1,3.57,4706,10.06,5,0.02
1129.75,444170,28432,28,500,20,1.28,1,3.57,4706,10.06,20,0.04
1130.97,444671,28448,28,501,16,1.21,1,3.57,4706,10.06,295,0.67
1132.31,445175,28480,28,504,32,1.35,1,3.57,4706,10.06,5,0.01
1133.63,445676,28504,28,501,24,1.32,1,3.57,4706,10.06,165,0.44
1135.02,446177,28540,28,501,36,1.39,1,3.57,4706,10.06,180,0.52
1136.38,446677,28568,28,500,28,1.36,1,3.57,4706,10.06,45,0.11
1138.03,447181,28588,28,504,20,1.65,1,3.57,4706,10.06,190,0.52
1139.35,447684,28612,28,503,24,1.32,1,3.57,4706,10.06,20,0.05
1140.62,448188,28640,28,504,28,1.27,1,3.57,4706,10.06,50,0.11
1141.95,448690,28684,28,502,44,1.33,1,3.57,4706,10.06,15,0.03
1143.28,449192,28720,28,502,36,1.33,1,3.57,4706,10.06,15,0.04
1144.72,449693,28744,28,501,24,1.45,1,3.57,4706,10.06,40,0.1
1146.08,450194,28768,28,501,24,1.36,1,3.57,4706,10.06,5,0.02
1147.41,450698,28792,28,504,24,1.33,1,3.57,4706,10.06,105,0.25
1148.97,451201,28824,28,503,32,1.56,1,3.57,4706,10.06,50,0.16
1150.65,451705,28856,28,504,32,1.68,1,3.57,4706,10.06,20,0.06
1152.02,452207,28872,28,502,16,1.37,1,3.57,4706,10.06,260,0.78
1153.42,452711,28916,28,504,44,1.4,1,3.57,4706,10.06,20,0.05
1154.9,453213,28932,28,502,16,1.48,1,3.57,4706,10.06,150,0.44
1156.35,453715,28968,28,502,36,1.46,1,3.57,4706,10.06,60,0.17
1157.63,454215,29004,28,500,36,1.28,1,3.57,4706,10.06,10,0.03
1159.16,454719,29032,28,504,28,1.53,1,3.57,4706,10.06,55,0.17
1160.47,455223,29052,28,504,20,1.31,1,3.57,4706,10.06,145,0.36
1161.98,455724,29072,28,501,20,1.5,1,3.57,4706,10.06,35,0.1
1163.35,456228,29108,28,504,36,1.37,1,3.57,4706,10.06,10,0.03
1.04,503,4892,25,503,4892,1.04,3,12,252,0.5,180,0.37
2.32,1005,5844,26,502,952,1.29,5,19.23,252,0.5,65,0.14
3.42,1506,5898,26,501,54,1.1,3,11.54,252,0.5,90,0.19
4.42,2009,6032,26,503,134,1,1,3.85,252,0.5,290,0.55
5.43,2511,6033,26,502,1,1.01,2,7.69,327,0.62,165,0.34
6.4,3012,6035,26,501,2,0.96,1,3.85,401,0.78,265,0.52
7.53,3516,6036,26,504,1,1.14,2,7.69,401,0.78,245,0.61
8.65,4016,6036,26,500,0,1.11,0,0,401,0.78,745,1.72
9.79,4520,6036,25,504,0,1.15,1,4,864,2,385,0.87
10.93,5020,6036,25,500,0,1.14,0,0,864,2,885,2.01
12.1,5522,6045,25,502,9,1.17,2,8,1011,2.29,135,0.33
13.3,6023,6049,25,501,4,1.2,1,4,1011,2.29,200,0.46
14.43,6523,6049,25,500,0,1.13,0,0,1011,2.29,700,1.59
15.48,7023,6049,25,500,0,1.05,0,0,1011,2.29,1200,2.64
16.55,7525,6053,25,502,4,1.07,1,4,1592,3.47,110,0.25
17.72,8025,6053,25,500,0,1.17,0,0,1592,3.47,610,1.41
18.95,8525,6053,25,500,0,1.23,0,0,1592,3.47,1110,2.64
20.14,9028,6061,25,503,8,1.19,1,4,1592,3.47,50,0.11
21.31,9529,6079,25,501,18,1.17,2,8,1592,3.47,25,0.06
22.56,10029,6095,25,500,16,1.25,1,4,1592,3.47,45,0.1
23.73,10531,6103,25,502,8,1.17,1,4,1592,3.47,260,0.56
24.86,11034,6111,25,503,8,1.13,1,4,1592,3.47,255,0.57
25.89,11537,6119,25,503,8,1.03,1,4,1592,3.47,400,0.81
27.05,12039,6123,25,502,4,1.16,1,4,1592,3.47,75,0.18
28.31,12539,6147,25,500,24,1.26,1,4,1592,3.47,0,0
29.39,13042,6155,25,503,8,1.08,1,4,1592,3.47,100,0.2
30.51,13543,6159,25,501,4,1.12,1,4,1592,3.47,320,0.76
31.62,14043,6175,25,500,16,1.11,1,4,1592,3.47,80,0.21
32.81,14543,6207,25,500,32,1.19,1,4,1592,3.47,30,0.06
34.1,15047,6219,25,504,12,1.29,2,8,1592,3.47,155,0.4
35.15,15550,6231,25,503,12,1.05,1,4,1592,3.47,150,0.31
36.32,16050,6263,25,500,32,1.17,1,4,1592,3.47,65,0.15
37.47,16552,6279,25,502,16,1.16,2,8,1592,3.47,60,0.14
38.74,17054,6287,25,502,8,1.27,2,8,1592,3.47,405,1.03
39.92,17558,6319,25,504,32,1.18,1,4,1592,3.47,10,0.03
41.12,18060,6331,25,502,12,1.2,1,4,1592,3.47,50,0.12
42.38,18562,6343,25,502,12,1.25,2,8,1592,3.47,55,0.12
43.55,19063,6359,25,501,16,1.18,1,4,1592,3.47,180,0.42
44.76,19565,6403,25,502,44,1.21,1,4,1592,3.47,15,0.03
45.86,20066,6435,25,501,32,1.1,1,4,1592,3.47,110,0.25
46.98,20569,6447,25,503,12,1.11,1,4,1592,3.47,40,0.1
48.2,21069,6463,25,500,16,1.22,1,4,1592,3.47,35,0.08
49.44,21570,6499,25,501,36,1.24,1,4,1592,3.47,30,0.07
50.75,22074,6547,25,504,48,1.31,1,4,1592,3.47,120,0.32
52.02,22577,6571,25,503,24,1.27,1,4,1592,3.47,20,0.06
53.21,23081,6591,25,504,20,1.2,1,4,1592,3.47,60,0.15
54.54,23582,6623,25,501,32,1.32,1,4,1592,3.47,80,0.24
55.72,24084,6655,25,502,32,1.18,1,4,1592,3.47,25,0.05
56.95,24587,6687,25,503,32,1.24,1,4,1592,3.47,10,0.03
58.18,25087,6707,25,500,20,1.23,1,4,1592,3.47,55,0.18
59.31,25588,6711,25,501,4,1.13,1,4,1592,3.47,475,1.07
60.51,26089,6747,25,501,36,1.2,1,4,1592,3.47,5,0.01
61.73,26592,6783,25,503,36,1.22,3,12,1592,3.47,55,0.12
62.98,27096,6803,25,504,20,1.25,1,4,1592,3.47,140,0.35
64.2,27599,6827,25,503,24,1.23,1,4,1592,3.47,5,0.01
65.38,28103,6843,25,504,16,1.18,1,4,1592,3.47,15,0.04
66.59,28603,6875,25,500,32,1.21,1,4,1592,3.47,45,0.1
67.85,29105,6907,25,502,32,1.25,1,4,1592,3.47,30,0.09
68.98,29606,6923,25,501,16,1.13,1,4,1592,3.47,15,0.03
70.14,30110,6939,25,504,16,1.17,1,4,1592,3.47,150,0.33
71.34,30610,6959,25,500,20,1.2,1,4,1592,3.47,260,0.65
72.56,31111,6999,25,501,40,1.22,1,4,1592,3.47,25,0.07
73.71,31612,7019,25,501,20,1.15,1,4,1592,3.47,55,0.13
74.84,32115,7043,25,503,24,1.12,1,4,1592,3.47,110,0.25
76.02,32616,7071,25,501,28,1.18,1,4,1592,3.47,45,0.1
77.12,33120,7083,25,504,12,1.1,1,4,1592,3.47,220,0.44
78.29,33623,7103,25,503,20,1.17,1,4,1592,3.47,25,0.06
79.48,34123,7139,25,500,36,1.18,1,4,1592,3.47,25,0.06
80.75,34624,7191,25,501,52,1.28,1,4,1592,3.47,45,0.1
81.88,35128,7203,25,504,12,1.13,1,4,1592,3.47,25,0.04
83.07,35631,7215,25,503,12,1.2,1,4,1592,3.47,85,0.21
84.36,36133,7247,25,502,32,1.28,2,8,1592,3.47,260,0.65
85.6,36634,7271,25,501,24,1.24,1,4,1592,3.47,120,0.33
86.89,37137,7295,25,503,24,1.29,1,4,1592,3.47,5,0.01
88.13,37640,7327,25,503,32,1.23,1,4,1592,3.47,120,0.3
89.43,38142,7359,25,502,32,1.31,1,4,1592,3.47,5,0.02
90.77,38642,7375,25,500,16,1.34,1,4,1592,3.47,5,0.01
92.06,39143,7419,25,501,44,1.29,1,4,1592,3.47,15,0.03
93.29,39646,7443,25,503,24,1.23,1,4,1592,3.47,10,0.03
94.62,40149,7467,25,503,24,1.33,1,4,1592,3.47,45,0.11
95.99,40650,7499,25,501,32,1.37,1,4,1592,3.47,85,0.24
97.28,41151,7503,25,501,4,1.29,1,4,1592,3.47,460,1.17
98.42,41652,7535,25,501,32,1.14,1,4,1592,3.47,60,0.14
99.67,42153,7583,25,501,48,1.25,1,4,1592,3.47,75,0.18
100.95,42654,7615,25,501,32,1.27,1,4,1592,3.47,50,0.13
102.04,43155,7655,25,501,40,1.1,1,4,1592,3.47,5,0.01
103.24,43656,7699,25,501,44,1.19,1,4,1592,3.47,5,0.01
104.42,44157,7727,25,501,28,1.19,1,4,1592,3.47,60,0.13
105.64,44659,7759,25,502,32,1.22,1,4,1592,3.47,40,0.1
106.88,45161,7779,25,502,20,1.25,1,4,1592,3.47,35,0.06
108.06,45662,7795,25,501,16,1.18,1,4,1592,3.47,70,0.18
109.35,46163,7799,25,501,4,1.29,1,4,1592,3.47,185,0.48
110.67,46666,7819,25,503,20,1.32,1,4,1592,3.47,80,0.21
111.92,47168,7851,25,502,32,1.25,1,4,1592,3.47,20,0.06
113.1,47669,7871,25,501,20,1.18,1,4,1592,3.47,170,0.36
114.25,48172,7903,25,503,32,1.15,1,4,1592,3.47,45,0.11
115.26,48674,7939,25,502,36,1.01,1,4,1592,3.47,30,0.07
116.39,49177,7963,25,503,24,1.13,1,4,1592,3.47,20,0.04
117.65,49677,7987,25,500,24,1.27,1,4,1592,3.47,35,0.09
118.9,50177,8003,25,500,16,1.25,1,4,1592,3.47,165,0.43
120.2,50680,8035,25,503,32,1.3,1,4,1592,3.47,125,0.32
121.4,51182,8059,25,502,24,1.19,1,4,1592,3.47,10,0.02
122.49,51683,8083,25,501,24,1.1,1,4,1592,3.47,80,0.17
123.8,52186,8095,25,503,12,1.31,1,4,1592,3.47,180,0.48
124.98,52687,8127,25,501,32,1.18,1,4,1592,3.47,5,0.01
126.25,53191,8159,25,504,32,1.27,1,4,1592,3.47,20,0.06
127.41,53692,8171,25,501,12,1.16,1,4,1592,3.47,230,0.5
128.7,54196,8195,25,504,24,1.29,1,4,1592,3.47,110,0.29
130.02,54698,8247,25,502,52,1.32,1,4,1592,3.47,25,0.06
131.25,55198,8275,25,500,28,1.23,1,4,1592,3.47,55,0.18
132.51,55698,8299,25,500,24,1.26,1,4,1592,3.47,160,0.37
133.74,56200,8323,25,502,24,1.23,1,4,1592,3.47,70,0.18
134.83,56704,8355,25,504,32,1.09,1,4,1592,3.47,15,0.03
136.07,57207,8399,25,503,44,1.24,1,4,1592,3.47,15,0.05
137.2,57709,8419,25,502,20,1.13,1,4,1592,3.47,25,0.07
138.33,58210,8443,25,501,24,1.13,1,4,1592,3.47,100,0.24
139.53,58714,8475,25,504,32,1.2,1,4,1592,3.47,110,0.27
140.77,59217,8499,25,503,24,1.24,1,4,1592,3.47,210,0.52
142.08,59720,8535,25,503,36,1.31,1,4,1592,3.47,15,0.06
143.42,60223,8563,25,503,28,1.34,1,4,1592,3.47,170,0.47
144.83,60727,8591,25,504,28,1.41,1,4,1592,3.47,35,0.1
146.09,61229,8611,25,502,20,1.26,1,4,1592,3.47,95,0.21
147.34,61732,8651,25,503,40,1.25,1,4,1592,3.47,30,0.08
148.58,62236,8667,25,504,16,1.24,1,4,1592,3.47,175,0.42
149.8,62737,8703,25,501,36,1.22,1,4,1592,3.47,85,0.21
151.13,63239,8723,25,502,20,1.33,1,4,1592,3.47,75,0.2
152.43,63742,8775,25,503,52,1.3,1,4,1592,3.47,25,0.06
153.8,64245,8811,25,503,36,1.37,1,4,1592,3.47,145,0.43
155.07,64746,8815,25,501,4,1.26,1,4,1592,3.47,355,0.87
156.29,65249,8827,25,503,12,1.22,1,4,1592,3.47,180,0.46
157.56,65750,8847,25,501,20,1.27,1,4,1592,3.47,40,0.11
158.76,66253,8863,25,503,16,1.19,1,4,1592,3.47,50,0.13
160.03,66756,8887,25,503,24,1.27,1,4,1592,3.47,40,0.1
161.24,67258,8927,25,502,40,1.21,1,4,1592,3.47,10,0.02
162.62,67758,8947,25,500,20,1.37,1,4,1592,3.47,190,0.59
163.87,68260,8955,25,502,8,1.26,1,4,1592,3.47,240,0.57
165.09,68761,8983,25,501,28,1.22,1,4,1592,3.47,5,0.01
166.19,69261,9011,25,500,28,1.11,1,4,1592,3.47,40,0.09
167.43,69762,9043,25,501,32,1.24,1,4,1592,3.47,110,0.27
168.62,70266,9063,25,504,20,1.19,1,4,1592,3.47,35,0.08
169.84,70766,9099,25,500,36,1.22,1,4,1592,3.47,95,0.24
171.14,71270,9115,25,504,16,1.29,1,4,1592,3.47,80,0.21
172.41,71770,9131,25,500,16,1.27,1,4,1592,3.47,70,0.21
173.7,72274,9151,25,504,20,1.3,1,4,1592,3.47,130,0.31
175.02,72777,9175,25,503,24,1.32,1,4,1592,3.47,85,0.18
176.17,73280,9195,25,503,20,1.15,1,4,1592,3.47,5,0.01
177.43,73781,9215,25,501,20,1.26,1,4,1592,3.47,75,0.21
178.61,74281,9235,25,500,20,1.18,1,4,1592,3.47,25,0.06
179.79,74784,9279,25,503,44,1.18,1,4,1592,3.47,5,0.01
180.9,75286,9311,25,502,32,1.11,1,4,1592,3.47,5,0.01
182.16,75787,9327,25,501,16,1.25,1,4,1592,3.47,10,0.02
183.38,76289,9363,25,502,36,1.23,1,4,1592,3.47,10,0.03
184.67,76789,9407,25,500,44,1.29,1,4,1592,3.47,30,0.08
186.01,77292,9439,25,503,32,1.34,1,4,1592,3.47,55,0.14
187.2,77795,9463,25,503,24,1.18,1,4,1592,3.47,85,0.18
188.29,78299,9495,25,504,32,1.09,1,4,1592,3.47,30,0.06
189.45,78799,9511,25,500,16,1.16,1,4,1592,3.47,185,0.47
190.64,79299,9539,25,500,28,1.19,1,4,1592,3.47,30,0.07
191.89,79799,9559,25,500,20,1.25,1,4,1592,3.47,145,0.3
193.07,80301,9579,25,502,20,1.18,1,4,1592,3.47,55,0.12
194.4,80801,9599,25,500,20,1.33,1,4,1592,3.47,125,0.34
195.84,81304,9627,25,503,28,1.44,1,4,1592,3.47,195,0.55
196.97,81806,9667,25,502,40,1.13,1,4,1592,3.47,100,0.24
198.11,82306,9699,25,500,32,1.14,1,4,1592,3.47,40,0.11
199.37,82806,9715,25,500,16,1.27,1,4,1592,3.47,105,0.28
200.57,83306,9743,25,500,28,1.19,1,4,1592,3.47,85,0.2
201.79,83806,9763,25,500,20,1.22,1,4,1592,3.47,250,0.62
203.02,84306,9783,25,500,20,1.23,1,4,1592,3.47,85,0.23
204.32,84810,9799,25,504,16,1.3,1,4,1592,3.47,30,0.08
205.61,85313,9823,25,503,24,1.29,1,4,1592,3.47,25,0.06
206.81,85815,9847,25,502,24,1.2,1,4,1592,3.47,195,0.44
208.05,86318,9871,25,503,24,1.24,1,4,1592,3.47,135,0.31
209.3,86821,9903,25,503,32,1.25,1,4,1592,3.47,85,0.23
210.57,87323,9947,25,502,44,1.27,1,4,1592,3.47,45,0.11
211.85,87827,9999,25,504,52,1.28,1,4,1592,3.47,40,0.11
213.08,88330,10031,25,503,32,1.23,1,4,1592,3.47,155,0.39
214.37,88831,10055,25,501,24,1.28,1,4,1592,3.47,20,0.04
215.53,89333,10091,25,502,36,1.17,1,4,1592,3.47,65,0.14
216.78,89835,10123,25,502,32,1.25,1,4,1592,3.47,55,0.15
217.99,90337,10143,25,502,20,1.21,1,4,1592,3.47,30,0.08
219.35,90837,10175,25,500,32,1.37,1,4,1592,3.47,5,0.01
220.59,91339,10199,25,502,24,1.24,1,4,1592,3.47,20,0.04
221.8,91839,10219,25,500,20,1.21,1,4,1592,3.47,30,0.07
223.13,92340,10239,25,501,20,1.33,1,4,1592,3.47,295,0.78
224.37,92841,10267,25,501,28,1.24,1,4,1592,3.47,240,0.58
225.57,93344,10291,25,503,24,1.2,1,4,1592,3.47,25,0.07
226.75,93844,10319,25,500,28,1.18,1,4,1592,3.47,55,0.12
227.97,94348,10347,25,504,28,1.22,1,4,1592,3.47,65,0.19
229.22,94849,10375,25,501,28,1.25,1,4,1592,3.47,5,0.01
230.47,95350,10407,25,501,32,1.25,1,4,1592,3.47,10,0.01
231.74,95851,10447,25,501,40,1.27,1,4,1592,3.47,180,0.48
233.01,96353,10483,25,502,36,1.27,1,4,1592,3.47,30,0.08
234.31,96857,10499,25,504,16,1.3,1,4,1592,3.47,190,0.48
235.6,97361,10527,25,504,28,1.29,1,4,1592,3.47,205,0.49
236.79,97865,10551,25,504,24,1.19,1,4,1592,3.47,35,0.09
238.01,98369,10571,25,504,20,1.22,1,4,1592,3.47,130,0.32
239.26,98869,10583,25,500,12,1.24,1,4,1592,3.47,100,0.26
240.49,99370,10627,25,501,44,1.23,1,4,1592,3.47,30,0.08
241.6,99873,10655,25,503,28,1.11,1,4,1592,3.47,60,0.13
242.82,100375,10691,25,502,36,1.22,1,4,1592,3.47,85,0.21
243.96,100876,10723,25,501,32,1.14,1,4,1592,3.47,75,0.17
245.21,101377,10747,25,501,24,1.25,1,4,1592,3.47,5,0.01
246.49,101881,10779,25,504,32,1.28,1,4,1592,3.47,55,0.11
247.75,102384,10807,25,503,28,1.25,1,4,1592,3.47,65,0.18
249.1,102885,10835,25,501,28,1.35,1,4,1592,3.47,40,0.1
250.23,103385,10855,25,500,20,1.13,1,4,1592,3.47,75,0.2
251.41,103888,10867,25,503,12,1.18,1,4,1592,3.47,230,0.53
252.81,104391,10891,25,503,24,1.4,1,4,1592,3.47,30,0.09
254.15,104891,10927,25,500,36,1.34,1,4,1592,3.47,25,0.06
255.43,105391,10947,25,500,20,1.29,1,4,1592,3.47,140,0.34
256.59,105891,10983,25,500,36,1.16,1,4,1592,3.47,65,0.14
257.86,106393,11007,25,502,24,1.27,1,4,1592,3.47,135,0.35
259.04,106896,11039,25,503,32,1.18,1,4,1592,3.47,45,0.1
260.23,107398,11079,25,502,40,1.19,1,4,1592,3.47,55,0.12
261.44,107898,11123,25,500,44,1.21,1,4,1592,3.47,30,0.08
262.62,108399,11143,25,501,20,1.17,1,4,1592,3.47,60,0.14
263.75,108901,11163,25,502,20,1.13,1,4,1592,3.47,95,0.21
264.86,109401,11199,25,500,36,1.12,1,4,1592,3.47,0,0
266.17,109904,11235,25,503,36,1.31,1,4,1592,3.47,55,0.14
267.49,110405,11267,25,501,32,1.31,1,4,1592,3.47,120,0.31
268.84,110908,11295,25,503,28,1.35,1,4,1592,3.47,15,0.05
270.13,111409,11319,25,501,24,1.29,1,4,1592,3.47,15,0.03
271.39,111911,11355,25,502,36,1.26,1,4,1592,3.47,15,0.04
272.6,112415,11371,25,504,16,1.21,1,4,1592,3.47,60,0.17
273.83,112919,11403,25,504,32,1.23,1,4,1592,3.47,30,0.08
275.11,113423,11427,25,504,24,1.28,1,4,1592,3.47,55,0.14
276.31,113927,11471,25,504,44,1.2,1,4,1592,3.47,30,0.06
277.56,114431,11495,25,504,24,1.25,1,4,1592,3.47,190,0.48
278.81,114933,11515,25,502,20,1.25,1,4,1592,3.47,95,0.21
280.02,115437,11547,25,504,32,1.21,1,4,1592,3.47,10,0.02
281.16,115940,11579,25,503,32,1.14,1,4,1592,3.47,55,0.14
282.38,116443,11603,25,503,24,1.22,1,4,1592,3.47,225,0.57
283.58,116944,11635,25,501,32,1.2,1,4,1592,3.47,25,0.06
284.67,117444,11651,25,500,16,1.09,1,4,1592,3.47,230,0.5
285.92,117945,11679,25,501,28,1.25,1,4,1592,3.47,50,0.14
287.16,118447,11703,25,502,24,1.24,1,4,1592,3.47,30,0.07
288.42,118949,11723,25,502,20,1.25,1,4,1592,3.47,50,0.13
289.71,119453,11767,25,504,44,1.3,1,4,1592,3.47,100,0.24
290.94,119954,11799,25,501,32,1.23,1,4,1592,3.47,45,0.14
292.08,120455,11803,25,501,4,1.13,1,4,1592,3.47,440,0.99
293.08,120958,11827,25,503,24,1.01,1,4,1592,3.47,15,0.04
294.3,121458,11859,25,500,32,1.22,1,4,1592,3.47,130,0.35
295.58,121960,11887,25,502,28,1.28,1,4,1592,3.47,10,0.03
296.81,122464,11919,25,504,32,1.24,1,4,1592,3.47,10,0.03
298.03,122968,11935,25,504,16,1.21,1,4,1592,3.47,60,0.15
299.31,123472,11967,25,504,32,1.29,1,4,1592,3.47,45,0.13
300.73,123975,11999,25,503,32,1.42,1,4,1592,3.47,20,0.06
302.16,124475,12015,25,500,16,1.43,1,4,1592,3.47,20,0.05
303.46,124975,12055,25,500,40,1.3,1,4,1592,3.47,30,0.08
304.76,125479,12083,25,504,28,1.3,1,4,1592,3.47,25,0.06
305.99,125983,12115,25,504,32,1.23,1,4,1592,3.47,30,0.08
307.28,126483,12139,25,500,24,1.29,1,4,1592,3.47,15,0.04
308.63,126983,12159,25,500,20,1.35,1,4,1592,3.47,10,0.03
309.8,127486,12187,25,503,28,1.17,1,4,1592,3.47,55,0.13
311.07,127990,12223,25,504,36,1.27,1,4,1592,3.47,30,0.08
312.29,128491,12247,25,501,24,1.21,1,4,1592,3.47,145,0.41
313.63,128991,12275,25,500,28,1.34,1,4,1592,3.47,35,0.09
314.96,129495,12307,25,504,32,1.33,1,4,1592,3.47,30,0.07
316.2,129997,12331,25,502,24,1.24,1,4,1592,3.47,110,0.3
317.51,130501,12367,25,504,36,1.31,1,4,1592,3.47,35,0.1
318.78,131004,12403,25,503,36,1.27,1,4,1592,3.47,20,0.05
319.94,131504,12423,25,500,20,1.15,1,4,1592,3.47,105,0.23
321.12,132007,12435,25,503,12,1.19,1,4,1592,3.47,105,0.24
322.39,132507,12471,25,500,36,1.26,1,4,1592,3.47,60,0.16
323.6,133009,12499,25,502,28,1.21,1,4,1592,3.47,45,0.1
324.71,133510,12559,25,501,60,1.11,1,4,1592,3.47,5,0.01
325.91,134010,12587,25,500,28,1.2,1,4,1592,3.47,125,0.28
327.12,134510,12631,25,500,44,1.22,1,4,1592,3.47,10,0.02
328.39,135014,12659,25,504,28,1.27,1,4,1592,3.47,185,0.46
329.55,135515,12695,25,501,36,1.16,1,4,1592,3.47,35,0.08
330.92,136015,12731,25,500,36,1.37,1,4,1592,3.47,10,0.04
332.33,136517,12743,25,502,12,1.41,1,4,1592,3.47,85,0.21
333.64,137020,12755,25,503,12,1.31,1,4,1592,3.47,215,0.56
334.96,137522,12787,25,502,32,1.32,1,4,1592,3.47,10,0.02
336.13,138023,12815,25,501,28,1.17,1,4,1592,3.47,95,0.23
337.39,138524,12835,25,501,20,1.26,1,4,1592,3.47,95,0.24
338.67,139028,12855,25,504,20,1.29,1,4,1592,3.47,60,0.16
339.94,139531,12879,25,503,24,1.27,1,4,1592,3.47,50,0.15
341.14,140031,12911,25,500,32,1.2,1,4,1592,3.47,15,0.04
342.41,140531,12943,25,500,32,1.27,1,4,1592,3.47,5,0.01
343.77,141035,12963,25,504,20,1.35,1,4,1592,3.47,65,0.18
345.1,141535,12991,25,500,28,1.33,1,4,1592,3.47,30,0.08
346.34,142036,13019,25,501,28,1.24,1,4,1592,3.47,80,0.21
347.64,142539,13047,25,503,28,1.29,1,4,1592,3.47,50,0.14
348.87,143043,13067,25,504,20,1.24,1,4,1592,3.47,25,0.08
350.1,143544,13091,25,501,24,1.23,1,4,1592,3.47,110,0.26
351.36,144046,13095,25,502,4,1.26,1,4,1592,3.47,350,0.9
352.7,144548,13123,25,502,28,1.35,1,4,1592,3.47,60,0.16
353.95,145052,13147,25,504,24,1.24,1,4,1592,3.47,150,0.38
355.2,145554,13175,25,502,28,1.25,1,4,1592,3.47,10,0.03
356.51,146057,13195,25,503,20,1.31,1,4,1592,3.47,100,0.25
357.75,146561,13215,25,504,20,1.24,1,4,1592,3.47,105,0.27
358.95,147064,13251,25,503,36,1.2,1,4,1592,3.47,10,0.04
360.26,147567,13279,25,503,28,1.3,1,4,1592,3.47,40,0.11
361.53,148071,13303,25,504,24,1.27,1,4,1592,3.47,135,0.33
362.83,148573,13323,25,502,20,1.3,1,4,1592,3.47,110,0.27
364.11,149077,13371,25,504,48,1.28,1,4,1592,3.47,35,0.08
365.34,149580,13391,25,503,20,1.23,1,4,1592,3.47,35,0.11
366.55,150084,13423,25,504,32,1.21,1,4,1592,3.47,35,0.07
367.88,150584,13459,25,500,36,1.33,1,4,1592,3.47,55,0.17
369.24,151088,13519,25,504,60,1.36,1,4,1592,3.47,5,0.02
370.54,151590,13555,25,502,36,1.3,1,4,1592,3.47,35,0.1
371.76,152092,13587,25,502,32,1.22,1,4,1592,3.47,30,0.07
373.01,152593,13619,25,501,32,1.25,1,4,1592,3.47,55,0.13
374.28,153095,13635,25,502,16,1.27,1,4,1592,3.47,15,0.04
375.62,153596,13679,25,501,44,1.34,1,4,1592,3.47,35,0.08
376.98,154100,13731,25,504,52,1.36,1,4,1592,3.47,120,0.33
378.35,154600,13759,25,500,28,1.37,1,4,1592,3.47,90,0.24
379.61,155102,13799,25,502,40,1.27,1,4,1592,3.47,5,0.01
380.85,155602,13831,25,500,32,1.23,1,4,1592,3.47,15,0.04
382.15,156103,13859,25,501,28,1.31,1,4,1592,3.47,35,0.09
383.37,156605,13883,25,502,24,1.22,1,4,1592,3.47,25,0.06
384.59,157107,13907,25,502,24,1.22,1,4,1592,3.47,5,0.01
385.78,157607,13935,25,500,28,1.19,1,4,1592,3.47,10,0.02
386.9,158107,13955,25,500,20,1.12,1,4,1592,3.47,160,0.4
388.11,158608,14003,25,501,48,1.2,1,4,1592,3.47,5,0.01
389.28,159111,14019,25,503,16,1.17,1,4,1592,3.47,60,0.16
390.53,159615,14031,25,504,12,1.25,1,4,1592,3.47,270,0.64
391.72,160119,14075,25,504,44,1.19,1,4,1592,3.47,65,0.13
392.99,160619,14091,25,500,16,1.27,1,4,1592,3.47,80,0.22
394.34,161119,14111,25,500,20,1.35,1,4,1592,3.47,25,0.07
395.63,161622,14155,25,503,44,1.29,1,4,1592,3.47,55,0.13
396.88,162126,14199,25,504,44,1.25,1,4,1592,3.47,50,0.13
398.25,162627,14239,25,501,40,1.36,1,4,1592,3.47,30,0.08
399.56,163127,14259,25,500,20,1.32,1,4,1592,3.47,70,0.18
400.89,163631,14303,25,504,44,1.32,1,4,1592,3.47,70,0.17
402.25,164135,14347,25,504,44,1.37,1,4,1592,3.47,55,0.14
403.58,164638,14379,25,503,32,1.33,1,4,1592,3.47,15,0.04
404.79,165140,14387,25,502,8,1.21,1,4,1592,3.47,310,0.74
406.02,165641,14435,25,501,48,1.23,1,4,1592,3.47,75,0.2
407.26,166145,14479,25,504,44,1.24,1,4,1592,3.47,95,0.2
408.45,166645,14511,25,500,32,1.19,1,4,1592,3.47,85,0.21
409.73,167146,14531,25,501,20,1.29,1,4,1592,3.47,5,0.01
410.85,167650,14559,25,504,28,1.12,1,4,1592,3.47,60,0.12
412.12,168150,14579,25,500,20,1.27,1,4,1592,3.47,230,0.61
413.32,168652,14603,25,502,24,1.2,1,4,1592,3.47,235,0.55
414.53,169155,14631,25,503,28,1.21,1,4,1592,3.47,55,0.1
415.67,169657,14667,25,502,36,1.13,1,4,1592,3.47,0,0
416.89,170158,14695,25,501,28,1.22,1,4,1592,3.47,95,0.22
417.97,170661,14715,25,503,20,1.08,1,4,1592,3.47,15,0.03
419.22,171161,14747,25,500,32,1.25,1,4,1592,3.47,70,0.2
420.46,171665,14787,25,504,40,1.24,1,4,1592,3.47,25,0.06
421.73,172165,14823,25,500,36,1.26,1,4,1592,3.47,50,0.12
422.96,172665,14851,25,500,28,1.23,1,4,1592,3.47,45,0.1
424.19,173168,14891,25,503,40,1.23,1,4,1592,3.47,105,0.25
425.41,173669,14907,25,501,16,1.22,1,4,1592,3.47,90,0.23
426.65,174173,14923,25,504,16,1.25,1,4,1592,3.47,245,0.58
427.97,174674,14967,25,501,44,1.32,1,4,1592,3.47,45,0.12
429.24,175174,14995,25,500,28,1.26,1,4,1592,3.47,20,0.06
430.49,175675,15019,25,501,24,1.26,1,4,1592,3.47,105,0.26
431.69,176178,15043,25,503,24,1.2,1,4,1592,3.47,10,0.03
432.94,176679,15075,25,501,32,1.25,1,4,1592,3.47,15,0.04
434.09,177179,15099,25,500,24,1.15,1,4,1592,3.47,10,0.02
435.32,177681,15135,25,502,36,1.22,1,4,1592,3.47,85,0.19
436.49,178181,15171,25,500,36,1.17,1,4,1592,3.47,90,0.2
437.72,178684,15223,25,503,52,1.23,1,4,1592,3.47,40,0.1
438.92,179188,15251,25,504,28,1.2,1,4,1592,3.47,70,0.17
440.27,179692,15275,25,504,24,1.35,1,4,1592,3.47,15,0.04
441.53,180192,15291,25,500,16,1.26,1,4,1592,3.47,110,0.25
442.83,180694,15319,25,502,28,1.31,1,4,1592,3.47,155,0.41
444.27,181198,15331,25,504,12,1.44,1,4,1592,3.47,95,0.27
445.49,181699,15351,25,501,20,1.22,1,4,1592,3.47,90,0.19
446.63,182200,15387,25,501,36,1.14,1,4,1592,3.47,25,0.07
447.96,182702,15427,25,502,40,1.33,1,4,1592,3.47,25,0.08
449.23,183203,15443,25,501,16,1.27,1,4,1592,3.47,45,0.11
450.5,183707,15491,25,504,48,1.27,1,4,1592,3.47,25,0.06
451.78,184207,15519,25,500,28,1.28,1,4,1592,3.47,75,0.19
453.09,184710,15571,25,503,52,1.31,1,4,1592,3.47,85,0.21
454.59,185211,15607,25,501,36,1.5,1,4,1592,3.47,30,0.08
456.05,185712,15635,25,501,28,1.46,1,4,1592,3.47,160,0.48
457.39,186212,15651,25,500,16,1.34,1,4,1592,3.47,10,0.03
458.73,186712,15675,25,500,24,1.33,1,4,1592,3.47,65,0.2
459.98,187213,15707,25,501,32,1.25,1,4,1592,3.47,10,0.03
461.28,187716,15723,25,503,16,1.3,1,4,1592,3.47,125,0.34
462.5,188219,15767,25,503,44,1.22,1,4,1592,3.47,120,0.29
463.8,188722,15811,25,503,44,1.31,1,4,1592,3.47,60,0.16
465.07,189222,15839,25,500,28,1.26,1,4,1592,3.47,0,0
466.41,189725,15859,25,503,20,1.34,1,4,1592,3.47,55,0.15
467.65,190225,15891,25,500,32,1.25,1,4,1592,3.47,10,0.03
468.93,190729,15915,25,504,24,1.27,1,4,1592,3.47,60,0.12
470.23,191230,15951,25,501,36,1.3,1,4,1592,3.47,90,0.26
471.55,191732,15979,25,502,28,1.32,1,4,1592,3.47,75,0.19
472.76,192232,16023,25,500,44,1.21,1,4,1592,3.47,60,0.16
474.1,192734,16055,25,502,32,1.33,1,4,1592,3.47,5,0.02
475.41,193236,16087,25,502,32,1.32,1,4,1592,3.47,5,0.01
476.65,193740,16119,25,504,32,1.23,1,4,1592,3.47,5,0.01
477.73,194242,16143,25,502,24,1.09,1,4,1592,3.47,100,0.2
479.02,194745,16167,25,503,24,1.29,1,4,1592,3.47,115,0.32
480.35,195247,16191,25,502,24,1.33,1,4,1592,3.47,45,0.1
481.81,195751,16215,25,504,24,1.46,1,4,1592,3.47,25,0.06
482.99,196252,16239,25,501,24,1.18,1,4,1592,3.47,5,0.01
484.24,196752,16259,25,500,20,1.25,1,4,1592,3.47,90,0.26
485.38,197252,16295,25,500,36,1.13,1,4,1592,3.47,45,0.11
486.54,197753,16315,25,501,20,1.16,1,4,1592,3.47,25,0.06
487.76,198255,16335,25,502,20,1.22,1,4,1592,3.47,75,0.18
488.84,198758,16367,25,503,32,1.09,1,4,1592,3.47,30,0.06
490.08,199260,16391,25,502,24,1.24,1,4,1592,3.47,90,0.26
491.58,199762,16407,25,502,16,1.5,1,4,1592,3.47,10,0.03
492.97,200265,16435,25,503,28,1.39,1,4,1592,3.47,55,0.15
494.43,200766,16463,25,501,28,1.46,1,4,1592,3.47,10,0.04
495.89,201267,16475,25,501,12,1.46,1,4,1592,3.47,115,0.3
497.1,201769,16519,25,502,44,1.21,1,4,1592,3.47,70,0.16
498.27,202271,16547,25,502,28,1.17,1,4,1592,3.47,95,0.23
499.5,202771,16575,25,500,28,1.23,1,4,1592,3.47,25,0.07
500.79,203271,16603,25,500,28,1.29,1,4,1592,3.47,40,0.06
501.89,203771,16631,25,500,28,1.09,1,4,1592,3.47,5,0.01
503.21,204275,16659,25,504,28,1.32,1,4,1592,3.47,25,0.06
504.45,204775,16679,25,500,20,1.24,1,4,1592,3.47,20,0.04
505.76,205278,16727,25,503,48,1.3,1,4,1592,3.47,105,0.27
506.98,205779,16747,25,501,20,1.22,1,4,1592,3.47,85,0.21
508.37,206279,16767,25,500,20,1.39,1,4,1592,3.47,100,0.31
509.65,206782,16799,25,503,32,1.28,1,4,1592,3.47,20,0.05
510.81,207285,16827,25,503,28,1.17,1,4,1592,3.47,5,0.01
512.04,207785,16887,25,500,60,1.22,1,4,1592,3.47,20,0.04
513.28,208286,16939,25,501,52,1.24,1,4,1592,3.47,25,0.06
514.58,208790,16955,25,504,16,1.3,1,4,1592,3.47,285,0.74
515.87,209290,16995,25,500,40,1.29,1,4,1592,3.47,65,0.16
517.16,209792,17015,25,502,20,1.29,1,4,1592,3.47,115,0.31
518.41,210295,17043,25,503,28,1.25,1,4,1592,3.47,125,0.29
519.59,210795,17083,25,500,40,1.18,1,4,1592,3.47,90,0.2
520.72,211297,17091,25,502,8,1.13,1,4,1592,3.47,220,0.46
522.01,211799,17127,25,502,36,1.29,1,4,1592,3.47,10,0.03
523.41,212302,17143,25,503,16,1.4,1,4,1592,3.47,85,0.25
524.62,212805,17175,25,503,32,1.21,1,4,1592,3.47,40,0.1
525.89,213307,17195,25,502,20,1.27,1,4,1592,3.47,50,0.14
527.56,213810,17219,25,503,24,1.67,1,4,1592,3.47,60,0.15
528.84,214311,17259,25,501,40,1.28,1,4,1592,3.47,40,0.1
530.17,214812,17303,25,501,44,1.32,1,4,1592,3.47,30,0.08
531.48,215314,17327,25,502,24,1.31,1,4,1592,3.47,15,0.04
532.76,215816,17351,25,502,24,1.28,1,4,1592,3.47,45,0.12
534.08,216319,17383,25,503,32,1.32,1,4,1592,3.47,30,0.09
535.48,216821,17403,25,502,20,1.4,1,4,1592,3.47,50,0.12
536.75,217322,17419,25,501,16,1.27,1,4,1592,3.47,15,0.03
537.93,217825,17451,25,503,32,1.17,1,4,1592,3.47,85,0.18
539.27,218326,17487,25,501,36,1.34,1,4,1592,3.47,50,0.15
540.62,218826,17519,25,500,32,1.35,1,4,1592,3.47,40,0.1
541.91,219327,17555,25,501,36,1.29,1,4,1592,3.47,50,0.13
543.1,219827,17583,25,500,28,1.19,1,4,1592,3.47,20,0.04
544.21,220330,17599,25,503,16,1.11,1,4,1592,3.47,25,0.07
545.41,220832,17623,25,502,24,1.2,1,4,1592,3.47,55,0.14
546.66,221334,17651,25,502,28,1.25,1,4,1592,3.47,55,0.14
547.98,221834,17671,25,500,20,1.32,1,4,1592,3.47,130,0.36
549.27,222335,17707,25,501,36,1.29,1,4,1592,3.47,35,0.07
550.58,222835,17743,25,500,36,1.3,1,4,1592,3.47,15,0.04
551.75,223336,17763,25,501,20,1.18,1,4,1592,3.47,200,0.5
553.07,223840,17795,25,504,32,1.31,1,4,1592,3.47,40,0.12
554.31,224341,17815,25,501,20,1.25,1,4,1592,3.47,110,0.24
555.64,224844,17835,25,503,20,1.33,1,4,1592,3.47,110,0.3
556.99,225347,17867,25,503,32,1.34,1,4,1592,3.47,5,0.02
558.24,225848,17891,25,501,24,1.26,1,4,1592,3.47,145,0.35
559.5,226351,17899,25,503,8,1.25,1,4,1592,3.47,145,0.33
560.84,226854,17923,25,503,24,1.35,1,4,1592,3.47,10,0.02
562.06,227356,17959,25,502,36,1.21,1,4,1592,3.47,45,0.11
563.31,227857,17999,25,501,40,1.25,1,4,1592,3.47,55,0.11
564.58,228357,18035,25,500,36,1.27,1,4,1592,3.47,35,0.09
565.83,228859,18055,25,502,20,1.24,1,4,1592,3.47,140,0.39
567.2,229360,18111,25,501,56,1.37,1,4,1592,3.47,5,0.02
568.53,229863,18135,25,503,24,1.33,1,4,1592,3.47,205,0.5
569.82,230364,18155,25,501,20,1.29,1,4,1592,3.47,15,0.03
571.02,230864,18179,25,500,24,1.2,1,4,1592,3.47,255,0.59
572.34,231365,18227,25,501,48,1.32,1,4,1592,3.47,10,0.03
573.52,231866,18259,25,501,32,1.18,1,4,1592,3.47,95,0.25
574.76,232369,18299,25,503,40,1.23,1,4,1592,3.47,35,0.07
576.02,232870,18327,25,501,28,1.26,1,4,1592,3.47,15,0.03
577.29,233373,18363,25,503,36,1.27,1,4,1592,3.47,20,0.05
578.5,233877,18403,25,504,40,1.2,1,4,1592,3.47,20,0.04
579.75,234381,18419,25,504,16,1.26,1,4,1592,3.47,55,0.14
581.14,234885,18459,25,504,40,1.38,1,4,1592,3.47,10,0.03
582.44,235385,18487,25,500,28,1.3,1,4,1592,3.47,150,0.39
583.67,235885,18507,25,500,20,1.23,1,4,1592,3.47,220,0.58
584.96,236385,18527,25,500,20,1.29,1,4,1592,3.47,105,0.29
586.3,236888,18555,25,503,28,1.34,1,4,1592,3.47,5,0.01
587.68,237389,18575,25,501,20,1.38,1,4,1592,3.47,35,0.1
588.9,237891,18615,25,502,40,1.22,1,4,1592,3.47,5,0.01
590.16,238395,18627,25,504,12,1.27,1,4,1592,3.47,90,0.24
591.34,238899,18647,25,504,20,1.18,1,4,1592,3.47,30,0.06
592.63,239399,18663,25,500,16,1.29,1,4,1592,3.47,150,0.41
593.91,239901,18683,25,502,20,1.27,1,4,1592,3.47,15,0.03
595.18,240405,18703,25,504,20,1.28,1,4,1592,3.47,60,0.14
596.37,240905,18731,25,500,28,1.19,1,4,1592,3.47,125,0.32
597.62,241409,18759,25,504,28,1.25,1,4,1592,3.47,35,0.09
598.92,241909,18799,25,500,40,1.31,1,4,1592,3.47,50,0.13
600.24,242411,18823,25,502,24,1.31,1,4,1592,3.47,5,0.01
601.38,242914,18851,25,503,28,1.15,1,4,1592,3.47,35,0.08
602.58,243418,18867,25,504,16,1.19,1,4,1592,3.47,105,0.27
603.84,243918,18903,25,500,36,1.26,1,4,1592,3.47,135,0.35
605.03,244422,18915,25,504,12,1.19,1,4,1592,3.47,55,0.13
606.25,244924,18939,25,502,24,1.22,1,4,1592,3.47,10,0.03
607.51,245425,18975,25,501,36,1.26,1,4,1592,3.47,5,0.01
608.97,245927,19003,25,502,28,1.46,1,4,1592,3.47,20,0.04
610.35,246429,19019,25,502,16,1.38,1,4,1592,3.47,10,0.03
611.62,246929,19031,25,500,12,1.27,1,4,1592,3.47,160,0.39
612.85,247431,19055,25,502,24,1.23,1,4,1592,3.47,90,0.22
614.21,247931,19087,25,500,32,1.36,1,4,1592,3.47,110,0.29
615.48,248434,19095,25,503,8,1.26,1,4,1592,3.47,220,0.55
616.74,248935,19119,25,501,24,1.26,1,4,1592,3.47,120,0.31
618.01,249437,19135,25,502,16,1.27,1,4,1592,3.47,85,0.21
619.2,249939,19167,25,502,32,1.19,1,4,1592,3.47,140,0.33
620.47,250441,19199,25,502,32,1.26,1,4,1592,3.47,0,0
621.9,250944,19263,25,503,64,1.43,1,4,1592,3.47,45,0.1
623.12,251447,19299,25,503,36,1.22,1,4,1592,3.47,25,0.06
624.33,251947,19315,25,500,16,1.21,1,4,1592,3.47,50,0.12
625.49,252451,19335,25,504,20,1.16,1,4,1592,3.47,10,0.02
626.79,252953,19375,25,502,40,1.3,1,4,1592,3.47,70,0.18
628.14,253456,19423,25,503,48,1.35,1,4,1592,3.47,140,0.38
629.39,253957,19455,25,501,32,1.25,1,4,1592,3.47,60,0.15
630.56,254458,19491,25,501,36,1.17,1,4,1592,3.47,50,0.12
631.75,254962,19507,25,504,16,1.19,1,4,1592,3.47,180,0.42
633.01,255462,19535,25,500,28,1.26,1,4,1592,3.47,30,0.07
634.29,255966,19583,25,504,48,1.28,1,4,1592,3.47,25,0.07
635.4,256466,19603,25,500,20,1.11,1,4,1592,3.47,5,0.01
636.73,256968,19643,25,502,40,1.33,1,4,1592,3.47,95,0.23
637.94,257471,19671,25,503,28,1.21,1,4,1592,3.47,50,0.12
639.21,257972,19735,25,501,64,1.27,1,4,1592,3.47,15,0.04
640.56,258476,19759,25,504,24,1.35,1,4,1592,3.47,35,0.09
641.8,258977,19791,25,501,32,1.24,1,4,1592,3.47,10,0.03
643.01,259478,19811,25,501,20,1.2,1,4,1592,3.47,45,0.1
644.36,259979,19831,25,501,20,1.35,1,4,1592,3.47,35,0.09
645.67,260483,19859,25,504,28,1.31,1,4,1592,3.47,45,0.12
647.01,260983,19875,25,500,16,1.34,1,4,1592,3.47,105,0.25
648.29,261486,19887,25,503,12,1.28,1,4,1592,3.47,25,0.06
649.53,261990,19919,25,504,32,1.24,1,4,1592,3.47,10,0.02
650.59,262491,19931,25,501,12,1.07,1,4,1592,3.47,215,0.46
651.77,262993,19967,25,502,36,1.18,1,4,1592,3.47,140,0.33
652.99,263495,19995,25,502,28,1.21,1,4,1592,3.47,35,0.09
654.3,263996,20011,25,501,16,1.31,1,4,1592,3.47,110,0.3
655.55,264499,20019,25,503,8,1.25,1,4,1592,3.47,170,0.42
656.83,265003,20051,25,504,32,1.28,1,4,1592,3.47,40,0.1
658.1,265507,20079,25,504,28,1.27,1,4,1592,3.47,45,0.1
659.45,266009,20099,25,502,20,1.35,1,4,1592,3.47,135,0.33
660.66,266510,20139,25,501,40,1.21,1,4,1592,3.47,45,0.12
662.04,267012,20179,25,502,40,1.38,1,4,1592,3.47,55,0.16
663.3,267513,20223,25,501,44,1.26,1,4,1592,3.47,30,0.07
664.41,268014,20247,25,501,24,1.11,1,4,1592,3.47,80,0.19
665.68,268518,20275,25,504,28,1.28,1,4,1592,3.47,5,0.02
666.95,269019,20307,25,501,32,1.27,1,4,1592,3.47,215,0.56
668.17,269519,20323,25,500,16,1.22,1,4,1592,3.47,5,0.01
669.36,270021,20343,25,502,20,1.2,1,4,1592,3.47,150,0.36
670.79,270524,20383,25,503,40,1.43,1,4,1592,3.47,15,0.04
672.21,271024,20419,25,500,36,1.42,1,4,1592,3.47,20,0.07
673.52,271524,20431,25,500,12,1.3,1,4,1592,3.47,330,0.81
674.6,272024,20467,25,500,36,1.08,1,4,1592,3.47,20,0.04
675.82,272528,20487,25,504,20,1.22,1,4,1592,3.47,85,0.19
677.09,273028,20515,25,500,28,1.28,1,4,1592,3.47,15,0.05
678.22,273532,20543,25,504,28,1.13,1,4,1592,3.47,135,0.28
679.61,274035,20567,25,503,24,1.39,1,4,1592,3.47,5,0.01
680.79,274538,20595,25,503,28,1.18,1,4,1592,3.47,65,0.15
682.02,275041,20611,25,503,16,1.23,1,4,1592,3.47,130,0.31
683.11,275541,20631,25,500,20,1.1,1,4,1592,3.47,15,0.04
684.32,276041,20647,25,500,16,1.2,1,4,1592,3.47,25,0.06
685.52,276541,20659,25,500,12,1.2,1,4,1592,3.47,230,0.51
686.77,277042,20683,25,501,24,1.25,1,4,1592,3.47,95,0.25
688.14,277543,20715,25,501,32,1.37,1,4,1592,3.47,15,0.04
689.48,278046,20739,25,503,24,1.34,1,4,1592,3.47,110,0.27
690.67,278546,20771,25,500,32,1.19,1,4,1592,3.47,55,0.14
691.96,279048,20827,25,502,56,1.29,1,4,1592,3.47,10,0.03
693.32,279549,20859,25,501,32,1.36,1,4,1592,3.47,65,0.17
694.66,280052,20867,25,503,8,1.34,1,4,1592,3.47,25,0.06
695.91,280552,20911,25,500,44,1.25,1,4,1592,3.47,60,0.17
697.23,281053,20951,25,501,40,1.32,1,4,1592,3.47,5,0.01
698.53,281556,20983,25,503,32,1.3,1,4,1592,3.47,130,0.33
699.71,282056,21011,25,500,28,1.18,1,4,1592,3.47,130,0.35
700.93,282556,21051,25,500,40,1.22,1,4,1592,3.47,35,0.09
702.17,283057,21087,25,501,36,1.25,1,4,1592,3.47,10,0.02
703.46,283558,21119,25,501,32,1.29,1,4,1592,3.47,15,0.04
704.81,284059,21151,25,501,32,1.34,1,4,1592,3.47,35,0.1
706.17,284559,21171,25,500,20,1.37,1,4,1592,3.47,100,0.27
707.42,285061,21203,25,502,32,1.25,1,4,1592,3.47,10,0.03
708.77,285565,21231,25,504,28,1.35,1,4,1592,3.47,35,0.09
710.06,286066,21243,25,501,12,1.29,1,4,1592,3.47,45,0.12
711.4,286570,21275,25,504,32,1.34,1,4,1592,3.47,90,0.29
712.75,287074,21311,25,504,36,1.35,1,4,1592,3.47,140,0.34
714.2,287575,21355,25,501,44,1.45,1,4,1592,3.47,0,0
715.49,288077,21375,25,502,20,1.3,1,4,1592,3.47,40,0.09
716.65,288578,21395,25,501,20,1.15,1,4,1592,3.47,15,0.03
717.84,289082,21407,25,504,12,1.2,1,4,1592,3.47,20,0.05
719.09,289584,21439,25,502,32,1.25,1,4,1592,3.47,70,0.2
720.32,290088,21459,25,504,20,1.23,1,4,1592,3.47,10,0.03
721.46,290588,21515,25,500,56,1.15,1,4,1592,3.47,20,0.04
722.78,291090,21547,25,502,32,1.32,1,4,1592,3.47,5,0.01
724,291592,21567,25,502,20,1.21,1,4,1592,3.47,70,0.16
725.36,292092,21623,25,500,56,1.36,1,4,1592,3.47,20,0.06
726.68,292593,21647,25,501,24,1.33,1,4,1592,3.47,30,0.09
727.96,293094,21675,25,501,28,1.28,1,4,1592,3.47,140,0.34
729.24,293596,21695,25,502,20,1.28,1,4,1592,3.47,40,0.1
730.43,294098,21719,25,502,24,1.19,1,4,1592,3.47,110,0.28
731.73,294600,21759,25,502,40,1.3,1,4,1592,3.47,5,0.02
733.03,295103,21787,25,503,28,1.3,1,4,1592,3.47,70,0.17
734.25,295606,21819,25,503,32,1.22,1,4,1592,3.47,5,0.01
735.39,296108,21835,25,502,16,1.14,1,4,1592,3.47,120,0.28
736.55,296611,21851,25,503,16,1.16,1,4,1592,3.47,170,0.41
737.88,297114,21879,25,503,28,1.33,1,4,1592,3.47,100,0.27
739.13,297615,21911,25,501,32,1.24,1,4,1592,3.47,5,0.01
740.38,298118,21947,25,503,36,1.25,1,4,1592,3.47,120,0.28
741.59,298620,21987,25,502,40,1.22,1,4,1592,3.47,120,0.32
742.9,299121,22019,25,501,32,1.31,1,4,1592,3.47,90,0.23
744.16,299623,22039,25,502,20,1.25,1,4,1592,3.47,105,0.29
745.54,300125,22067,25,502,28,1.38,1,4,1592,3.47,60,0.16
746.71,300626,22095,25,501,28,1.17,1,4,1592,3.47,35,0.07
748.02,301127,22123,25,501,28,1.31,1,4,1592,3.47,65,0.15
749.21,301627,22143,25,500,20,1.18,1,4,1592,3.47,25,0.05
750.62,302129,22175,25,502,32,1.41,1,4,1592,3.47,25,0.06
751.91,302632,22227,25,503,52,1.29,1,4,1592,3.47,10,0.03
753.18,303134,22259,25,502,32,1.28,1,4,1592,3.47,40,0.11
754.64,303635,22295,25,501,36,1.45,1,4,1592,3.47,50,0.14
755.98,304137,22335,25,502,40,1.35,1,4,1592,3.47,150,0.35
757.4,304639,22379,25,502,44,1.42,1,4,1592,3.47,105,0.28
758.75,305139,22419,25,500,40,1.35,1,4,1592,3.47,50,0.15
760.06,305642,22455,25,503,36,1.3,1,4,1592,3.47,5,0.01
761.39,306145,22479,25,503,24,1.33,1,4,1592,3.47,265,0.7
762.88,306647,22515,25,502,36,1.49,1,4,1592,3.47,20,0.06
764.12,307147,22535,25,500,20,1.24,1,4,1592,3.47,115,0.3
765.41,307647,22563,25,500,28,1.29,1,4,1592,3.47,100,0.24
766.64,308151,22575,25,504,12,1.23,1,4,1592,3.47,245,0.58
768.05,308655,22611,25,504,36,1.41,1,4,1592,3.47,80,0.23
769.26,309158,22643,25,503,32,1.21,1,4,1592,3.47,95,0.24
770.52,309662,22663,25,504,20,1.26,1,4,1592,3.47,35,0.11
771.86,310165,22683,25,503,20,1.34,1,4,1592,3.47,50,0.13
773.12,310668,22707,25,503,24,1.26,1,4,1592,3.47,25,0.06
774.31,311172,22731,25,504,24,1.2,1,4,1592,3.47,75,0.19
775.48,311674,22755,25,502,24,1.17,1,4,1592,3.47,105,0.24
776.71,312175,22791,25,501,36,1.23,1,4,1592,3.47,90,0.23
777.94,312679,22803,25,504,12,1.22,1,4,1592,3.47,40,0.08
779.22,313179,22827,25,500,24,1.28,1,4,1592,3.47,0,0
780.4,313680,22855,25,501,28,1.18,1,4,1592,3.47,20,0.04
781.56,314184,22867,25,504,12,1.15,1,4,1592,3.47,40,0.09
782.8,314688,22875,25,504,8,1.25,1,4,1592,3.47,110,0.25
783.96,315189,22899,25,501,24,1.16,1,4,1592,3.47,80,0.19
785.19,315689,22911,25,500,12,1.24,1,4,1592,3.47,65,0.15
786.55,316193,22931,25,504,20,1.35,1,4,1592,3.47,35,0.09
787.8,316697,22971,25,504,40,1.25,1,4,1592,3.47,25,0.06
789.11,317199,23011,25,502,40,1.31,1,4,1592,3.47,130,0.32
790.3,317701,23035,25,502,24,1.18,1,4,1592,3.47,35,0.1
791.6,318204,23055,25,503,20,1.3,1,4,1592,3.47,40,0.09
792.81,318708,23083,25,504,28,1.21,1,4,1592,3.47,15,0.04
794.1,319211,23119,25,503,36,1.29,1,4,1592,3.47,5,0.01
795.34,319715,23159,25,504,40,1.25,1,4,1592,3.47,40,0.11
796.66,320217,23179,25,502,20,1.32,1,4,1592,3.47,80,0.18
797.8,320718,23231,25,501,52,1.14,1,4,1592,3.47,65,0.17
799.09,321222,23267,25,504,36,1.29,1,4,1592,3.47,110,0.31
800.49,321724,23323,25,502,56,1.4,1,4,1592,3.47,20,0.05
801.76,322227,23335,25,503,12,1.28,1,4,1592,3.47,165,0.39
803.09,322728,23351,25,501,16,1.33,1,4,1592,3.47,170,0.42
804.4,323230,23363,25,502,12,1.31,1,4,1592,3.47,20,0.05
805.68,323734,23391,25,504,28,1.28,1,4,1592,3.47,75,0.19
807.05,324238,23403,25,504,12,1.37,1,4,1592,3.47,140,0.4
808.28,324742,23427,25,504,24,1.23,1,4,1592,3.47,20,0.04
809.42,325245,23451,25,503,24,1.14,1,4,1592,3.47,5,0.01
810.64,325745,23483,25,500,32,1.22,1,4,1592,3.47,0,0
812.01,326245,23511,25,500,28,1.37,1,4,1592,3.47,30,0.09
813.43,326745,23547,25,500,36,1.42,1,4,1592,3.47,10,0.03
814.83,327245,23567,25,500,20,1.4,1,4,1592,3.47,240,0.7
816.15,327747,23603,25,502,36,1.32,1,4,1592,3.47,95,0.23
817.51,328250,23643,25,503,40,1.36,1,4,1592,3.47,15,0.05
818.8,328750,23671,25,500,28,1.29,1,4,1592,3.47,40,0.11
820.11,329250,23703,25,500,32,1.32,1,4,1592,3.47,5,0.02
821.51,329750,23735,25,500,32,1.4,1,4,1592,3.47,130,0.4
822.82,330252,23747,25,502,12,1.31,1,4,1592,3.47,175,0.47
824.19,330755,23767,25,503,20,1.37,1,4,1592,3.47,10,0.02
825.3,331256,23799,25,501,32,1.11,1,4,1592,3.47,10,0.02
826.75,331759,23835,25,503,36,1.45,1,4,1592,3.47,130,0.37
828.02,332263,23863,25,504,28,1.27,1,4,1592,3.47,20,0.05
829.37,332766,23883,25,503,20,1.35,1,4,1592,3.47,30,0.08
830.67,333266,23915,25,500,32,1.29,1,4,1592,3.47,45,0.12
832,333766,23955,25,500,40,1.33,1,4,1592,3.47,35,0.09
833.23,334268,23975,25,502,20,1.24,1,4,1592,3.47,40,0.11
834.64,334771,24003,25,503,28,1.4,1,4,1592,3.47,105,0.31
836,335272,24039,25,501,36,1.37,1,4,1592,3.47,20,0.06
837.34,335772,24063,25,500,24,1.33,1,4,1592,3.47,30,0.07
838.56,336272,24087,25,500,24,1.22,1,4,1592,3.47,140,0.34
839.76,336776,24131,25,504,44,1.21,1,4,1592,3.47,10,0.03
840.91,337278,24163,25,502,32,1.14,1,4,1592,3.47,135,0.29
842.2,337782,24175,25,504,12,1.29,1,4,1592,3.47,90,0.22
843.43,338286,24191,25,504,16,1.23,1,4,1592,3.47,330,0.8
844.75,338787,24215,25,501,24,1.32,1,4,1592,3.47,25,0.09
845.93,339290,24223,25,503,8,1.18,1,4,1592,3.47,325,0.73
847.13,339791,24247,25,501,24,1.19,1,4,1592,3.47,225,0.56
848.4,340294,24271,25,503,24,1.28,1,4,1592,3.47,25,0.06
849.59,340796,24303,25,502,32,1.19,1,4,1592,3.47,35,0.08
850.85,341299,24315,25,503,12,1.25,1,4,1592,3.47,35,0.07
852.17,341799,24347,25,500,32,1.32,1,4,1592,3.47,10,0.02
853.41,342301,24371,25,502,24,1.25,1,4,1592,3.47,115,0.29
854.65,342802,24395,25,501,24,1.24,1,4,1592,3.47,130,0.34
855.9,343303,24431,25,501,36,1.24,1,4,1592,3.47,5,0.01
857.23,343803,24471,25,500,40,1.33,1,4,1592,3.47,0,0
858.44,344307,24495,25,504,24,1.21,1,4,1592,3.47,30,0.08
859.68,344807,24539,25,500,44,1.23,1,4,1592,3.47,30,0.06
860.76,345311,24563,25,504,24,1.09,1,4,1592,3.47,50,0.1
862.01,345814,24587,25,503,24,1.25,1,4,1592,3.47,20,0.05
863.22,346314,24615,25,500,28,1.2,1,4,1592,3.47,50,0.13
864.4,346817,24675,25,503,60,1.19,1,4,1592,3.47,115,0.28
865.62,347318,24695,25,501,20,1.22,1,4,1592,3.47,25,0.06
866.83,347818,24735,25,500,40,1.21,1,4,1592,3.47,115,0.27
868.11,348320,24767,25,502,32,1.28,1,4,1592,3.47,110,0.28
869.34,348823,24803,25,503,36,1.23,1,4,1592,3.47,145,0.36
870.8,349325,24831,25,502,28,1.46,1,4,1592,3.47,250,0.79
872.15,349827,24875,25,502,44,1.35,1,4,1592,3.47,70,0.18
873.56,350328,24915,25,501,40,1.42,1,4,1592,3.47,30,0.07
874.88,350830,24923,25,502,8,1.32,1,4,1592,3.47,160,0.4
876.18,351331,24967,25,501,44,1.3,1,4,1592,3.47,25,0.06
877.31,351834,25019,25,503,52,1.13,1,4,1592,3.47,75,0.18
878.53,352334,25043,25,500,24,1.22,1,4,1592,3.47,5,0.01
879.74,352837,25055,25,503,12,1.22,1,4,1592,3.47,140,0.37
880.93,353339,25079,25,502,24,1.19,1,4,1592,3.47,75,0.18
882.11,353841,25127,25,502,48,1.18,1,4,1592,3.47,10,0.02
883.3,354345,25151,25,504,24,1.18,1,4,1592,3.47,50,0.1
884.51,354848,25195,25,503,44,1.21,1,4,1592,3.47,150,0.35
885.83,355348,25211,25,500,16,1.32,1,4,1592,3.47,20,0.06
887.09,355848,25231,25,500,20,1.27,1,4,1592,3.47,100,0.25
888.37,356349,25267,25,501,36,1.28,1,4,1592,3.47,60,0.14
889.48,356850,25291,25,501,24,1.11,1,4,1592,3.47,65,0.17
890.87,357353,25323,25,503,32,1.38,1,4,1592,3.47,135,0.38
892.18,357856,25335,25,503,12,1.31,1,4,1592,3.47,50,0.13
893.48,358358,25355,25,502,20,1.3,1,4,1592,3.47,135,0.38
894.84,358858,25387,25,500,32,1.36,1,4,1592,3.47,15,0.03
896.11,359361,25423,25,503,36,1.27,1,4,1592,3.47,25,0.06
897.31,359864,25467,25,503,44,1.21,1,4,1592,3.47,10,0.03
898.56,360368,25475,25,504,8,1.25,1,4,1592,3.47,135,0.38
899.85,360871,25503,25,503,28,1.29,1,4,1592,3.47,70,0.17
901.05,361372,25515,25,501,12,1.2,1,4,1592,3.47,20,0.04
902.32,361876,25543,25,504,28,1.27,1,4,1592,3.47,15,0.04
903.67,362376,25579,25,500,36,1.35,1,4,1592,3.47,0,0
904.89,362878,25603,25,502,24,1.21,1,4,1592,3.47,85,0.19
906.14,363381,25647,25,503,44,1.25,1,4,1592,3.47,60,0.15
907.44,363884,25667,25,503,20,1.3,1,4,1592,3.47,20,0.05
908.6,364388,25699,25,504,32,1.16,1,4,1592,3.47,10,0.03
909.9,364892,25723,25,504,24,1.3,1,4,1592,3.47,45,0.12
911.16,365394,25767,25,502,44,1.26,1,4,1592,3.47,85,0.21
912.41,365895,25795,25,501,28,1.25,1,4,1592,3.47,125,0.32
913.62,366397,25827,25,502,32,1.21,1,4,1592,3.47,20,0.05
914.92,366899,25843,25,502,16,1.3,1,4,1592,3.47,75,0.18
916.38,367403,25879,25,504,36,1.46,1,4,1592,3.47,30,0.07
917.88,367907,25907,25,504,28,1.49,1,4,1592,3.47,45,0.12
919,368410,25931,25,503,24,1.12,1,4,1592,3.47,80,0.15
920.16,368913,25975,25,503,44,1.16,1,4,1592,3.47,10,0.02
921.33,369413,25987,25,500,12,1.18,1,4,1592,3.47,155,0.37
922.59,369914,26007,25,501,20,1.26,1,4,1592,3.47,130,0.33
923.84,370417,26043,25,503,36,1.24,1,4,1592,3.47,65,0.17
925.03,370918,26067,25,501,24,1.2,1,4,1592,3.47,135,0.31
926.25,371418,26083,25,500,16,1.22,1,4,1592,3.47,95,0.21
927.54,371921,26131,25,503,48,1.29,1,4,1592,3.47,30,0.1
928.8,372424,26159,25,503,28,1.26,1,4,1592,3.47,45,0.1
930.04,372928,26183,25,504,24,1.24,1,4,1592,3.47,25,0.06
931.31,373431,26203,25,503,20,1.28,1,4,1592,3.47,30,0.06
932.62,373933,26239,25,502,36,1.31,1,4,1592,3.47,85,0.25
933.9,374433,26271,25,500,32,1.28,1,4,1592,3.47,25,0.06
935.09,374933,26295,25,500,24,1.19,1,4,1592,3.47,45,0.12
936.34,375435,26339,25,502,44,1.25,1,4,1592,3.47,10,0.03
937.67,375937,26375,25,502,36,1.33,1,4,1592,3.47,0,0
939.11,376437,26399,25,500,24,1.44,1,4,1592,3.47,160,0.47
940.44,376939,26435,25,502,36,1.33,1,4,1592,3.47,105,0.27
941.66,377443,26455,25,504,20,1.22,1,4,1592,3.47,35,0.08
942.82,377944,26471,25,501,16,1.16,1,4,1592,3.47,55,0.13
944.2,378448,26507,25,504,36,1.38,1,4,1592,3.47,40,0.1
945.51,378951,26523,25,503,16,1.31,1,4,1592,3.47,190,0.49
946.76,379454,26555,25,503,32,1.25,1,4,1592,3.47,5,0.01
947.98,379955,26579,25,501,24,1.22,1,4,1592,3.47,80,0.19
949.31,380458,26599,25,503,20,1.33,1,4,1592,3.47,35,0.09
950.62,380960,26627,25,502,28,1.31,1,4,1592,3.47,115,0.26
951.92,381463,26659,25,503,32,1.31,1,4,1592,3.47,5,0.02
953.13,381963,26683,25,500,24,1.21,1,4,1592,3.47,140,0.31
954.37,382466,26715,25,503,32,1.23,1,4,1592,3.47,160,0.41
955.56,382967,26735,25,501,20,1.19,1,4,1592,3.47,25,0.05
956.78,383467,26759,25,500,24,1.23,1,4,1592,3.47,60,0.17
958.18,383967,26775,25,500,16,1.39,1,4,1592,3.47,265,0.72
959.43,384471,26799,25,504,24,1.25,1,4,1592,3.47,160,0.4
960.67,384971,26835,25,500,36,1.24,1,4,1592,3.47,75,0.19
961.92,385474,26847,25,503,12,1.25,1,4,1592,3.47,15,0.03
963.09,385975,26883,25,501,36,1.17,1,4,1592,3.47,15,0.03
964.4,386475,26915,25,500,32,1.32,1,4,1592,3.47,5,0.01
965.69,386975,26931,25,500,16,1.29,1,4,1592,3.47,120,0.31
966.97,387478,26951,25,503,20,1.28,1,4,1592,3.47,15,0.03
968.24,387980,26983,25,502,32,1.27,1,4,1592,3.47,30,0.07
969.58,388481,27019,25,501,36,1.34,1,4,1592,3.47,50,0.13
970.81,388984,27035,25,503,16,1.23,1,4,1592,3.47,105,0.23
972.03,389486,27079,25,502,44,1.22,1,4,1592,3.47,0,0
973.43,389988,27115,25,502,36,1.4,1,4,1592,3.47,90,0.25
974.75,390491,27147,25,503,32,1.32,1,4,1592,3.47,20,0.04
975.91,390995,27163,25,504,16,1.16,1,4,1592,3.47,165,0.38
977.23,391498,27187,25,503,24,1.32,1,4,1592,3.47,125,0.31
978.54,392000,27211,25,502,24,1.31,1,4,1592,3.47,45,0.11
979.85,392501,27247,25,501,36,1.31,1,4,1592,3.47,35,0.09
981.03,393003,27271,25,502,24,1.17,1,4,1592,3.47,110,0.24
982.42,393503,27315,25,500,44,1.39,1,4,1592,3.47,105,0.32
983.73,394005,27327,25,502,12,1.31,1,4,1592,3.47,60,0.17
985.14,394507,27371,25,502,44,1.4,1,4,1592,3.47,20,0.06
986.49,395007,27411,25,500,40,1.36,1,4,1592,3.47,10,0.03
987.87,395508,27443,25,501,32,1.38,1,4,1592,3.47,110,0.28
989.13,396008,27475,25,500,32,1.26,1,4,1592,3.47,125,0.3
990.43,396512,27491,25,504,16,1.3,1,4,1592,3.47,15,0.04
991.77,397013,27531,25,501,40,1.35,1,4,1592,3.47,40,0.11
993.06,397517,27547,25,504,16,1.29,1,4,1592,3.47,170,0.46
994.32,398017,27567,25,500,20,1.26,1,4,1592,3.47,160,0.36
995.54,398518,27583,25,501,16,1.22,1,4,1592,3.47,45,0.13
996.82,399022,27607,25,504,24,1.28,1,4,1592,3.47,120,0.28
997.98,399522,27631,25,500,24,1.16,1,4,1592,3.47,35,0.08
999.32,400025,27663,25,503,32,1.34,1,4,1592,3.47,80,0.18
1000.59,400525,27711,25,500,48,1.27,1,4,1592,3.47,15,0.03
1001.87,401025,27747,25,500,36,1.28,1,4,1592,3.47,35,0.08
1003.31,401529,27779,25,504,32,1.44,1,4,1592,3.47,20,0.05
1004.69,402033,27799,25,504,20,1.38,1,4,1592,3.47,50,0.12
1006.06,402537,27819,25,504,20,1.37,1,4,1592,3.47,95,0.25
1007.51,403037,27831,25,500,12,1.45,1,4,1592,3.47,255,0.68
1008.8,403538,27863,25,501,32,1.29,1,4,1592,3.47,65,0.15
1010.18,404042,27891,25,504,28,1.38,1,4,1592,3.47,10,0.04
1011.39,404543,27919,25,501,28,1.2,1,4,1592,3.47,50,0.13
1012.71,405043,27955,25,500,36,1.32,1,4,1592,3.47,30,0.06
1013.95,405546,27971,25,503,16,1.25,1,4,1592,3.47,90,0.22
1015.41,406046,28007,25,500,36,1.45,1,4,1592,3.47,45,0.14
1016.79,406549,28019,25,503,12,1.39,1,4,1592,3.47,15,0.05
1018.28,407051,28055,25,502,36,1.48,1,4,1592,3.47,25,0.08
1019.61,407553,28075,25,502,20,1.34,1,4,1592,3.47,205,0.53
1020.78,408055,28091,25,502,16,1.17,1,4,1592,3.47,70,0.17
1022.32,408555,28111,25,500,20,1.54,1,4,1592,3.47,50,0.16
1023.67,409059,28151,25,504,40,1.35,1,4,1592,3.47,10,0.02
1024.97,409560,28183,25,501,32,1.29,1,4,1592,3.47,50,0.13
1026.29,410060,28239,25,500,56,1.32,1,4,1592,3.47,0,0
1027.59,410562,28275,25,502,36,1.3,1,4,1592,3.47,65,0.13
1029.14,411062,28295,25,500,20,1.54,1,4,1592,3.47,70,0.21
1030.3,411565,28323,25,503,28,1.16,1,4,1592,3.47,10,0.03
1031.54,412067,28339,25,502,16,1.24,1,4,1592,3.47,170,0.44
1032.88,412567,28355,25,500,16,1.34,1,4,1592,3.47,20,0.06
1034.14,413068,28371,25,501,16,1.27,1,4,1592,3.47,115,0.3
1035.51,413570,28395,25,502,24,1.37,1,4,1592,3.47,105,0.31
1036.89,414071,28431,25,501,36,1.38,1,4,1592,3.47,40,0.12
1038.67,414572,28467,25,501,36,1.78,1,4,1592,3.47,55,0.17
1039.92,415074,28499,25,502,32,1.25,1,4,1592,3.47,75,0.16
1041.18,415575,28511,25,501,12,1.25,1,4,1592,3.47,5,0
1042.47,416078,28523,25,503,12,1.3,1,4,1592,3.47,315,0.83
1043.79,416582,28555,25,504,32,1.32,1,4,1592,3.47,15,0.06
1045.12,417084,28583,25,502,28,1.32,1,4,1592,3.47,55,0.15
1046.55,417587,28607,25,503,24,1.43,1,4,1592,3.47,185,0.52
1047.98,418091,28627,25,504,20,1.44,1,4,1592,3.47,65,0.19
1049.28,418594,28639,25,503,12,1.3,1,4,1592,3.47,175,0.44
1050.7,419095,28691,25,501,52,1.42,1,4,1592,3.47,60,0.16
1052.19,419599,28723,25,504,32,1.49,1,4,1592,3.47,95,0.25
1053.81,420103,28759,25,504,36,1.62,1,4,1592,3.47,50,0.19
1055.26,420603,28779,25,500,20,1.44,1,4,1592,3.47,115,0.33
1056.69,421105,28799,25,502,20,1.43,1,4,1592,3.47,10,0.03
1058.09,421609,28827,25,504,28,1.4,1,4,1592,3.47,30,0.08
1059.54,422109,28867,25,500,40,1.46,1,4,1592,3.47,80,0.22
1060.87,422611,28895,25,502,28,1.32,1,4,1592,3.47,145,0.36
1062.09,423111,28915,25,500,20,1.22,1,4,1592,3.47,0,0
1063.37,423614,28931,25,503,16,1.28,1,4,1592,3.47,135,0.33
1064.55,424116,28955,25,502,24,1.18,1,4,1592,3.47,265,0.63
1065.93,424616,29003,25,500,48,1.38,1,4,1592,3.47,45,0.11
1067.26,425118,29027,25,502,24,1.33,1,4,1592,3.47,280,0.73
1068.61,425620,29051,25,502,24,1.35,1,4,1592,3.47,120,0.28
1069.85,426124,29079,25,504,28,1.23,1,4,1592,3.47,115,0.29
1071.23,426626,29127,25,502,48,1.38,1,4,1592,3.47,40,0.09
1072.55,427130,29143,25,504,16,1.32,1,4,1592,3.47,165,0.44
1073.87,427631,29163,25,501,20,1.33,1,4,1592,3.47,75,0.19
1075.19,428135,29207,25,504,44,1.32,1,4,1592,3.47,15,0.02
1076.55,428636,29227,25,501,20,1.36,1,4,1592,3.47,95,0.25
1077.87,429138,29251,25,502,24,1.32,1,4,1592,3.47,10,0.03
1079.22,429640,29271,25,502,20,1.35,1,4,1592,3.47,220,0.64
1080.45,430140,29303,25,500,32,1.23,1,4,1592,3.47,95,0.2
1081.63,430642,29327,25,502,24,1.18,1,4,1592,3.47,100,0.23
1082.86,431146,29351,25,504,24,1.23,1,4,1592,3.47,70,0.16
1084.12,431647,29387,25,501,36,1.25,1,4,1592,3.47,20,0.06
1085.38,432147,29407,25,500,20,1.26,1,4,1592,3.47,25,0.04
1086.59,432649,29447,25,502,40,1.2,1,4,1592,3.47,15,0.04
1088.12,433152,29479,25,503,32,1.53,1,4,1592,3.47,75,0.2
1089.45,433656,29507,25,504,28,1.33,2,8,1592,3.47,15,0.04
1090.67,434159,29547,25,503,40,1.22,1,4,1592,3.47,15,0.04
1092,434661,29571,25,502,24,1.34,1,4,1592,3.47,30,0.08
1093.27,435163,29579,25,502,8,1.27,1,4,1592,3.47,70,0.18
1094.7,435666,29611,25,503,32,1.43,1,4,1592,3.47,165,0.41
1096.03,436168,29635,25,502,24,1.33,1,4,1592,3.47,5,0.01
1097.26,436669,29663,25,501,28,1.23,1,4,1592,3.47,0,0
1.2,502,5472,29,502,5472,1.2,6,20.69,316,0.66,65,0.11
2.26,1003,5474,29,501,2,1.06,1,3.45,316,0.66,310,0.67
3.27,1507,5551,29,504,77,1.01,3,10.34,566,1.19,40,0.07
4.29,2009,5551,29,502,0,1.02,1,3.45,566,1.19,230,0.47
5.32,2509,5551,29,500,0,1.03,0,0,566,1.19,730,1.49
6.39,3009,5551,29,500,0,1.07,0,0,566,1.19,1230,2.56
7.55,3510,5551,29,501,0,1.16,1,3.45,1676,3.6,55,0.12
8.72,4012,5551,29,502,0,1.17,1,3.45,1676,3.6,395,0.92
9.79,4512,5551,29,500,0,1.07,0,0,1676,3.6,895,1.99
10.71,5012,5551,29,500,0,0.92,0,0,1676,3.6,1395,2.91
11.63,5515,5598,29,503,47,0.93,2,6.9,1681,3.6,115,0.25
12.67,6016,5604,29,501,6,1.03,1,3.45,1681,3.6,150,0.35
13.71,6516,5604,29,500,0,1.04,0,0,1681,3.6,650,1.39
14.64,7016,5604,29,500,0,0.93,0,0,1681,3.6,1150,2.32
15.8,7520,5615,29,504,11,1.16,1,3.45,1681,3.6,50,0.11
16.83,8020,5615,29,500,0,1.03,0,0,1681,3.6,550,1.14
17.99,8524,5642,29,504,27,1.16,1,3.45,1681,3.6,165,0.42
19,9027,5646,28,503,4,1.01,2,7.14,1681,3.6,470,0.92
20,9531,5646,28,504,0,1,1,3.57,1681,3.6,65,0.14
21.09,10031,5646,28,500,0,1.09,0,0,1681,3.6,565,1.23
22.21,10533,5650,28,502,4,1.12,1,3.57,1681,3.6,125,0.26
23.3,11033,5650,28,500,0,1.09,0,0,1681,3.6,625,1.35
24.28,11533,5650,28,500,0,0.98,0,0,1681,3.6,1125,2.33
25.34,12034,5654,28,501,4,1.07,1,3.57,1681,3.6,370,0.79
26.39,12534,5654,28,500,0,1.04,0,0,1681,3.6,870,1.83
27.34,13034,5654,28,500,0,0.95,0,0,1681,3.6,1370,2.79
28.45,13536,5666,28,502,12,1.11,2,7.14,1681,3.6,340,0.81
29.49,14037,5670,28,501,4,1.04,1,3.57,1681,3.6,110,0.26
30.54,14541,5674,28,504,4,1.06,1,3.57,1681,3.6,320,0.67
31.6,15042,5678,28,501,4,1.06,1,3.57,1681,3.6,240,0.57
32.55,15544,5678,28,502,0,0.95,1,3.57,1681,3.6,440,0.8
33.64,16047,5682,28,503,4,1.1,1,3.57,1681,3.6,150,0.34
34.65,16547,5682,28,500,0,1,0,0,1681,3.6,650,1.34
35.56,17047,5682,28,500,0,0.91,0,0,1681,3.6,1150,2.25
36.59,17547,5682,28,500,0,1.03,0,0,1681,3.6,1650,3.28
37.61,18047,5682,28,500,0,1.02,0,0,1681,3.6,2150,4.31
38.61,18547,5682,28,500,0,0.99,0,0,1681,3.6,2650,5.3
39.62,19048,5686,28,501,4,1.02,1,3.57,3026,6.11,125,0.21
40.6,19548,5694,28,500,8,0.98,1,3.57,3026,6.11,160,0.36
41.72,20048,5694,28,500,0,1.12,0,0,3026,6.11,660,1.47
42.78,20549,5698,28,501,4,1.06,1,3.57,3026,6.11,300,0.63
43.83,21051,5700,29,502,2,1.04,1,3.45,3026,6.11,370,0.77
44.84,21554,5708,29,503,8,1.01,1,3.45,3026,6.11,165,0.32
45.92,22055,5712,29,501,4,1.08,1,3.45,3026,6.11,235,0.49
46.98,22557,5720,29,502,8,1.07,1,3.45,3026,6.11,460,0.99
48.01,23057,5720,29,500,0,1.03,0,0,3026,6.11,960,2.01
49,23558,5724,29,501,4,0.98,1,3.45,3026,6.11,395,0.8
50,24059,5728,29,501,4,1,1,3.45,3026,6.11,245,0.48
51.02,24561,5740,29,502,12,1.02,2,6.9,3026,6.11,185,0.38
52.11,25062,5760,29,501,20,1.09,1,3.45,3026,6.11,220,0.49
53.21,25566,5772,29,504,12,1.1,1,3.45,3026,6.11,10,0.02
54.28,26066,5772,29,500,0,1.08,0,0,3026,6.11,510,1.09
55.38,26570,5788,29,504,16,1.1,1,3.45,3026,6.11,60,0.11
56.59,27072,5812,29,502,24,1.21,2,6.9,3026,6.11,40,0.1
57.79,27574,5832,29,502,20,1.19,1,3.45,3026,6.11,70,0.15
58.89,28074,5852,29,500,20,1.11,1,3.45,3026,6.11,65,0.16
59.98,28577,5872,29,503,20,1.09,1,3.45,3026,6.11,15,0.02
61.13,29080,5896,29,503,24,1.15,1,3.45,3026,6.11,250,0.54
62.29,29582,5900,29,502,4,1.16,1,3.45,3026,6.11,145,0.31
63.36,30083,5912,29,501,12,1.07,1,3.45,3026,6.11,50,0.11
64.42,30583,5924,29,500,12,1.05,1,3.45,3026,6.11,40,0.09
65.62,31086,5948,29,503,24,1.21,1,3.45,3026,6.11,10,0.02
66.75,31589,5984,29,503,36,1.13,1,3.45,3026,6.11,10,0.02
67.89,32092,6016,29,503,32,1.13,1,3.45,3026,6.11,20,0.04
69.06,32592,6032,29,500,16,1.17,1,3.45,3026,6.11,10,0.03
70.16,33093,6072,29,501,40,1.11,1,3.45,3026,6.11,100,0.19
71.42,33595,6092,29,502,20,1.25,1,3.45,3026,6.11,5,0.01
72.6,34099,6116,29,504,24,1.18,1,3.45,3026,6.11,25,0.05
73.85,34603,6124,29,504,8,1.25,1,3.45,3026,6.11,10,0.03
75.1,35106,6156,29,503,32,1.25,1,3.45,3026,6.11,70,0.18
76.24,35609,6180,29,503,24,1.14,2,6.9,3026,6.11,140,0.33
77.44,36110,6184,29,501,4,1.21,1,3.45,3026,6.11,270,0.66
78.66,36612,6188,29,502,4,1.21,1,3.45,3026,6.11,140,0.35
79.9,37115,6196,29,503,8,1.25,1,3.45,3026,6.11,170,0.42
81.13,37615,6220,29,500,24,1.22,1,3.45,3026,6.11,30,0.07
82.34,38116,6252,29,501,32,1.21,1,3.45,3026,6.11,95,0.23
83.62,38618,6260,29,502,8,1.28,1,3.45,3026,6.11,170,0.46
84.79,39119,6284,29,501,24,1.17,1,3.45,3026,6.11,40,0.08
85.89,39622,6304,29,503,20,1.1,1,3.45,3026,6.11,70,0.16
87.04,40126,6336,29,504,32,1.15,1,3.45,3026,6.11,120,0.29
88.15,40626,6364,29,500,28,1.11,1,3.45,3026,6.11,70,0.16
89.27,41128,6384,29,502,20,1.12,1,3.45,3026,6.11,95,0.17
90.46,41630,6400,29,502,16,1.19,1,3.45,3026,6.11,315,0.71
91.6,42132,6424,29,502,24,1.15,1,3.45,3026,6.11,155,0.37
92.75,42635,6436,29,503,12,1.14,1,3.45,3026,6.11,150,0.35
93.84,43139,6460,29,504,24,1.09,1,3.45,3026,6.11,30,0.06
94.98,43640,6480,29,501,20,1.14,1,3.45,3026,6.11,30,0.07
96.12,44140,6516,29,500,36,1.14,1,3.45,3026,6.11,0,0
97.3,44644,6540,29,504,24,1.18,1,3.45,3026,6.11,120,0.27
98.62,45148,6564,29,504,24,1.32,2,6.9,3026,6.11,175,0.47
99.89,45652,6612,29,504,48,1.27,1,3.45,3026,6.11,40,0.1
101.08,46155,6636,29,503,24,1.19,1,3.45,3026,6.11,30,0.08
102.27,46657,6656,29,502,20,1.19,1,3.45,3026,6.11,95,0.25
103.58,47157,6688,29,500,32,1.31,1,3.45,3026,6.11,65,0.17
104.91,47658,6712,29,501,24,1.33,1,3.45,3026,6.11,125,0.29
106.2,48160,6756,29,502,44,1.29,1,3.45,3026,6.11,55,0.16
107.48,48662,6780,29,502,24,1.28,1,3.45,3026,6.11,60,0.14
108.68,49164,6812,29,502,32,1.19,1,3.45,3026,6.11,110,0.25
109.88,49664,6844,29,500,32,1.21,1,3.45,3026,6.11,65,0.14
111.08,50167,6856,29,503,12,1.2,1,3.45,3026,6.11,100,0.24
112.23,50671,6872,29,504,16,1.14,1,3.45,3026,6.11,175,0.4
113.56,51173,6896,29,502,24,1.33,1,3.45,3026,6.11,200,0.51
114.82,51676,6916,29,503,20,1.26,1,3.45,3026,6.11,110,0.27
116,52176,6940,29,500,24,1.18,1,3.45,3026,6.11,110,0.24
117.23,52677,6956,29,501,16,1.23,1,3.45,3026,6.11,230,0.56
118.48,53180,7004,29,503,48,1.25,1,3.45,3026,6.11,55,0.13
119.74,53683,7036,29,503,32,1.25,1,3.45,3026,6.11,5,0.02
120.96,54185,7056,29,502,20,1.22,1,3.45,3026,6.11,95,0.26
122.16,54688,7100,29,503,44,1.21,1,3.45,3026,6.11,45,0.11
123.27,55189,7132,29,501,32,1.11,2,6.9,3026,6.11,10,0.03
124.47,55693,7148,29,504,16,1.2,1,3.45,3026,6.11,305,0.69
125.81,56195,7180,29,502,32,1.33,1,3.45,3026,6.11,5,0.02
127.06,56695,7204,29,500,24,1.25,1,3.45,3026,6.11,30,0.08
128.27,57198,7228,29,503,24,1.22,1,3.45,3026,6.11,110,0.27
129.59,57702,7276,29,504,48,1.31,1,3.45,3026,6.11,5,0.02
130.75,58202,7288,29,500,12,1.16,1,3.45,3026,6.11,85,0.2
132.06,58704,7296,29,502,8,1.31,1,3.45,3026,6.11,15,0.04
133.35,59204,7316,29,500,20,1.29,1,3.45,3026,6.11,75,0.17
134.59,59704,7348,29,500,32,1.24,1,3.45,3026,6.11,65,0.13
135.85,60205,7368,29,501,20,1.25,1,3.45,3026,6.11,65,0.19
137.05,60708,7400,29,503,32,1.2,1,3.45,3026,6.11,5,0.01
138.17,61208,7432,29,500,32,1.11,1,3.45,3026,6.11,85,0.2
139.32,61711,7468,29,503,36,1.15,1,3.45,3026,6.11,15,0.03
140.5,62215,7504,29,504,36,1.19,1,3.45,3026,6.11,145,0.35
141.63,62717,7548,29,502,44,1.13,1,3.45,3026,6.11,10,0.02
142.94,63217,7568,29,500,20,1.3,1,3.45,3026,6.11,130,0.32
144.17,63717,7580,29,500,12,1.24,1,3.45,3026,6.11,305,0.77
145.4,64219,7612,29,502,32,1.23,1,3.45,3026,6.11,165,0.43
146.71,64721,7644,29,502,32,1.31,1,3.45,3026,6.11,10,0.02
147.94,65225,7668,29,504,24,1.23,1,3.45,3026,6.11,40,0.09
149.22,65728,7696,29,503,28,1.28,1,3.45,3026,6.11,5,0.02
150.5,66232,7720,29,504,24,1.28,1,3.45,3026,6.11,50,0.15
151.75,66732,7764,29,500,44,1.25,1,3.45,3026,6.11,0,0
152.96,67232,7780,29,500,16,1.22,1,3.45,3026,6.11,90,0.21
154.07,67734,7808,29,502,28,1.11,1,3.45,3026,6.11,40,0.1
155.33,68234,7840,29,500,32,1.26,1,3.45,3026,6.11,10,0.02
156.51,68736,7872,29,502,32,1.17,1,3.45,3026,6.11,20,0.05
157.77,69240,7900,29,504,28,1.26,1,3.45,3026,6.11,90,0.2
158.92,69743,7940,29,503,40,1.15,1,3.45,3026,6.11,130,0.26
160.16,70243,7956,29,500,16,1.24,1,3.45,3026,6.11,100,0.2
161.43,70743,7984,29,500,28,1.27,1,3.45,3026,6.11,0,0
162.68,71244,8000,29,501,16,1.25,1,3.45,3026,6.11,35,0.09
163.85,71747,8008,29,503,8,1.17,1,3.45,3026,6.11,205,0.43
164.95,72251,8024,29,504,16,1.1,1,3.45,3026,6.11,15,0.04
166.18,72754,8048,29,503,24,1.23,1,3.45,3026,6.11,90,0.21
167.42,73255,8088,29,501,40,1.24,1,3.45,3026,6.11,85,0.23
168.63,73758,8100,29,503,12,1.21,1,3.45,3026,6.11,60,0.15
169.9,74260,8116,29,502,16,1.27,1,3.45,3026,6.11,45,0.1
171.15,74760,8132,29,500,16,1.25,1,3.45,3026,6.11,170,0.37
172.53,75260,8160,29,500,28,1.38,1,3.45,3026,6.11,60,0.14
173.77,75760,8176,29,500,16,1.23,1,3.45,3026,6.11,180,0.38
175.22,76262,8196,29,502,20,1.45,1,3.45,3026,6.11,105,0.26
176.49,76766,8220,29,504,24,1.27,1,3.45,3026,6.11,90,0.23
177.69,77270,8232,29,504,12,1.2,1,3.45,3026,6.11,190,0.45
178.8,77770,8264,29,500,32,1.11,1,3.45,3026,6.11,10,0.02
179.93,78272,8284,29,502,20,1.13,1,3.45,3026,6.11,95,0.22
181.26,78775,8308,29,503,24,1.33,1,3.45,3026,6.11,10,0.03
182.47,79279,8340,29,504,32,1.21,1,3.45,3026,6.11,95,0.26
183.98,79783,8388,29,504,48,1.51,1,3.45,3026,6.11,30,0.07
185.12,80284,8412,29,501,24,1.14,1,3.45,3026,6.11,30,0.06
186.52,80788,8424,29,504,12,1.39,1,3.45,3026,6.11,105,0.33
187.81,81288,8452,29,500,28,1.29,1,3.45,3026,6.11,335,0.83
189.08,81791,8484,29,503,32,1.27,1,3.45,3026,6.11,5,0.01
190.31,82292,8516,29,501,32,1.23,1,3.45,3026,6.11,30,0.07
191.53,82794,8532,29,502,16,1.22,1,3.45,3026,6.11,25,0.06
192.71,83295,8560,29,501,28,1.18,1,3.45,3026,6.11,10,0.02
194.17,83799,8588,29,504,28,1.46,1,3.45,3026,6.11,60,0.16
195.33,84302,8624,29,503,36,1.16,1,3.45,3026,6.11,15,0.04
196.59,84803,8652,29,501,28,1.26,1,3.45,3026,6.11,140,0.35
197.92,85307,8672,29,504,20,1.33,1,3.45,3026,6.11,30,0.1
199.19,85810,8700,29,503,28,1.27,1,3.45,3026,6.11,60,0.11
200.43,86314,8732,29,504,32,1.24,1,3.45,3026,6.11,5,0.01
201.74,86817,8756,29,503,24,1.31,1,3.45,3026,6.11,280,0.74
203.16,87320,8780,29,503,24,1.42,1,3.45,3026,6.11,60,0.17
204.45,87822,8808,29,502,28,1.29,1,3.45,3026,6.11,45,0.12
205.62,88325,8848,29,503,40,1.17,1,3.45,3026,6.11,15,0.03
207.07,88826,8876,29,501,28,1.46,1,3.45,3026,6.11,5,0.01
208.47,89330,8904,29,504,28,1.4,1,3.45,3026,6.11,45,0.12
209.7,89830,8944,29,500,40,1.23,1,3.45,3026,6.11,35,0.07
210.96,90331,8968,29,501,24,1.26,1,3.45,3026,6.11,45,0.16
212.21,90831,8992,29,500,24,1.25,1,3.45,3026,6.11,20,0.04
213.54,91333,9020,29,502,28,1.33,1,3.45,3026,6.11,30,0.09
214.63,91837,9032,29,504,12,1.09,1,3.45,3026,6.11,70,0.13
215.83,92341,9076,29,504,44,1.2,1,3.45,3026,6.11,55,0.14
216.88,92844,9096,29,503,20,1.05,1,3.45,3026,6.11,25,0.04
217.98,93347,9120,29,503,24,1.09,1,3.45,3026,6.11,30,0.07
219.17,93849,9140,29,502,20,1.2,1,3.45,3026,6.11,120,0.26
220.35,94352,9164,29,503,24,1.18,1,3.45,3026,6.11,95,0.25
221.53,94852,9200,29,500,36,1.17,1,3.45,3026,6.11,35,0.09
222.79,95354,9232,29,502,32,1.27,1,3.45,3026,6.11,45,0.12
224.05,95857,9272,29,503,40,1.25,1,3.45,3026,6.11,110,0.29
225.26,96361,9300,29,504,28,1.21,1,3.45,3026,6.11,50,0.11
226.62,96861,9344,29,500,44,1.36,1,3.45,3026,6.11,5,0.01
227.88,97361,9376,29,500,32,1.26,1,3.45,3026,6.11,115,0.28
228.97,97861,9388,29,500,12,1.09,1,3.45,3026,6.11,310,0.66
230.15,98361,9432,29,500,44,1.18,1,3.45,3026,6.11,70,0.17
231.44,98862,9436,29,501,4,1.28,1,3.45,3026,6.11,370,0.98
232.89,99362,9452,29,500,16,1.45,1,3.45,3026,6.11,10,0.03
234.08,99863,9484,29,501,32,1.2,1,3.45,3026,6.11,45,0.08
235.34,100366,9496,29,503,12,1.25,1,3.45,3026,6.11,145,0.35
236.62,100870,9524,29,504,28,1.28,1,3.45,3026,6.11,45,0.1
237.77,101371,9548,29,501,24,1.15,1,3.45,3026,6.11,80,0.2
238.99,101874,9600,29,503,52,1.22,1,3.45,3026,6.11,10,0.02
240,102377,9612,29,503,12,1.01,1,3.45,3026,6.11,45,0.08
241.33,102880,9644,29,503,32,1.33,1,3.45,3026,6.11,10,0.02
242.55,103382,9672,29,502,28,1.21,1,3.45,3026,6.11,5,0.01
243.8,103882,9704,29,500,32,1.25,1,3.45,3026,6.11,50,0.13
245.07,104383,9736,29,501,32,1.27,1,3.45,3026,6.11,30,0.07
246.27,104883,9772,29,500,36,1.2,1,3.45,3026,6.11,15,0.04
247.43,105386,9792,29,503,20,1.16,1,3.45,3026,6.11,150,0.35
248.64,105886,9808,29,500,16,1.21,1,3.45,3026,6.11,25,0.05
249.78,106387,9828,29,501,20,1.13,1,3.45,3026,6.11,145,0.29
250.97,106889,9856,29,502,28,1.2,1,3.45,3026,6.11,10,0.03
252.35,107390,9892,29,501,36,1.38,1,3.45,3026,6.11,70,0.21
253.81,107892,9916,29,502,24,1.46,1,3.45,3026,6.11,30,0.08
255.06,108392,9952,29,500,36,1.24,1,3.45,3026,6.11,35,0.08
256.48,108894,9972,29,502,20,1.42,1,3.45,3026,6.11,360,1
257.74,109397,10000,29,503,28,1.26,1,3.45,3026,6.11,10,0.03
259.12,109897,10008,29,500,8,1.38,1,3.45,3026,6.11,235,0.64
260.42,110398,10044,29,501,36,1.3,2,6.9,3026,6.11,20,0.05
261.68,110899,10080,29,501,36,1.26,1,3.45,3026,6.11,70,0.17
262.82,111400,10088,29,501,8,1.14,1,3.45,3026,6.11,280,0.68
264.02,111902,10108,29,502,20,1.2,1,3.45,3026,6.11,25,0.06
265.11,112404,10120,29,502,12,1.09,1,3.45,3026,6.11,170,0.37
266.31,112908,10152,29,504,32,1.2,1,3.45,3026,6.11,10,0.02
267.58,113410,10172,29,502,20,1.27,1,3.45,3026,6.11,15,0.04
268.86,113910,10200,29,500,28,1.28,1,3.45,3026,6.11,70,0.16
270.12,114410,10224,29,500,24,1.25,1,3.45,3026,6.11,50,0.13
271.3,114910,10244,29,500,20,1.18,1,3.45,3026,6.11,60,0.15
272.53,115413,10280,29,503,36,1.23,1,3.45,3026,6.11,55,0.14
273.68,115917,10304,29,504,24,1.16,1,3.45,3026,6.11,90,0.2
274.92,116417,10320,29,500,16,1.24,1,3.45,3026,6.11,230,0.64
276.16,116920,10364,29,503,44,1.23,1,3.45,3026,6.11,15,0.04
277.32,117420,10384,29,500,20,1.17,1,3.45,3026,6.11,80,0.17
278.52,117922,10404,29,502,20,1.2,1,3.45,3026,6.11,15,0.04
279.73,118422,10444,29,500,40,1.21,1,3.45,3026,6.11,5,0.01
281.1,118926,10464,29,504,20,1.36,1,3.45,3026,6.11,85,0.2
282.34,119427,10520,29,501,56,1.24,1,3.45,3026,6.11,35,0.07
283.6,119927,10552,29,500,32,1.26,1,3.45,3026,6.11,0,0
284.89,120428,10568,29,501,16,1.29,1,3.45,3026,6.11,50,0.1
286.06,120932,10600,29,504,32,1.17,1,3.45,3026,6.11,60,0.12
287.29,121435,10636,29,503,36,1.24,1,3.45,3026,6.11,25,0.05
288.43,121938,10664,29,503,28,1.14,1,3.45,3026,6.11,50,0.11
289.62,122438,10680,29,500,16,1.19,1,3.45,3026,6.11,140,0.34
290.82,122939,10712,29,501,32,1.2,1,3.45,3026,6.11,150,0.36
292,123439,10728,29,500,16,1.18,1,3.45,3026,6.11,135,0.31
293.19,123941,10744,29,502,16,1.19,1,3.45,3026,6.11,100,0.22
294.46,124442,10764,29,501,20,1.27,1,3.45,3026,6.11,10,0.03
295.7,124943,10780,29,501,16,1.24,1,3.45,3026,6.11,155,0.35
296.86,125446,10804,29,503,24,1.15,1,3.45,3026,6.11,15,0.03
298.04,125947,10840,29,501,36,1.19,1,3.45,3026,6.11,105,0.28
299.31,126448,10868,29,501,28,1.26,1,3.45,3026,6.11,40,0.16
300.59,126949,10900,29,501,32,1.29,1,3.45,3026,6.11,60,0.14
301.66,127450,10952,29,501,52,1.07,1,3.45,3026,6.11,80,0.17
302.8,127951,10972,29,501,20,1.14,1,3.45,3026,6.11,65,0.15
304.11,128455,11000,29,504,28,1.3,1,3.45,3026,6.11,90,0.23
305.57,128959,11036,29,504,36,1.47,1,3.45,3026,6.11,15,0.04
306.99,129459,11076,29,500,40,1.41,1,3.45,3026,6.11,0,0
308.17,129961,11104,29,502,28,1.19,1,3.45,3026,6.11,40,0.11
309.47,130461,11124,29,500,20,1.3,1,3.45,3026,6.11,200,0.48
310.74,130964,11156,29,503,32,1.27,1,3.45,3026,6.11,180,0.45
311.9,131468,11176,29,504,20,1.15,1,3.45,3026,6.11,5,0.02
313.25,131971,11224,29,503,48,1.36,1,3.45,3026,6.11,225,0.58
314.51,132473,11268,29,502,44,1.26,1,3.45,3026,6.11,30,0.09
315.66,132975,11300,29,502,32,1.15,1,3.45,3026,6.11,60,0.13
316.97,133476,11320,29,501,20,1.31,1,3.45,3026,6.11,55,0.17
318.24,133980,11340,29,504,20,1.27,1,3.45,3026,6.11,135,0.32
319.53,134484,11356,29,504,16,1.29,1,3.45,3026,6.11,105,0.3
320.74,134984,11384,29,500,28,1.22,1,3.45,3026,6.11,40,0.08
321.91,135486,11392,29,502,8,1.17,1,3.45,3026,6.11,140,0.34
323.17,135988,11416,29,502,24,1.26,1,3.45,3026,6.11,45,0.09
324.41,136491,11428,29,503,12,1.24,1,3.45,3026,6.11,90,0.22
325.59,136995,11480,29,504,52,1.17,1,3.45,3026,6.11,35,0.07
326.78,137499,11492,29,504,12,1.2,1,3.45,3026,6.11,235,0.56
327.97,138001,11516,29,502,24,1.18,1,3.45,3026,6.11,145,0.36
329.23,138505,11536,29,504,20,1.26,1,3.45,3026,6.11,65,0.15
330.49,139007,11572,29,502,36,1.26,1,3.45,3026,6.11,60,0.14
331.8,139508,11588,29,501,16,1.32,1,3.45,3026,6.11,210,0.53
333.05,140009,11600,29,501,12,1.24,1,3.45,3026,6.11,120,0.3
334.2,140509,11620,29,500,20,1.15,1,3.45,3026,6.11,180,0.44
335.51,141011,11656,29,502,36,1.31,1,3.45,3026,6.11,25,0.07
336.9,141514,11696,29,503,40,1.39,1,3.45,3026,6.11,10,0.02
338.37,142016,11732,29,502,36,1.47,1,3.45,3026,6.11,15,0.06
339.63,142519,11744,29,503,12,1.26,1,3.45,3026,6.11,280,0.68
340.89,143022,11780,29,503,36,1.26,1,3.45,3026,6.11,80,0.21
342.16,143524,11800,29,502,20,1.27,1,3.45,3026,6.11,95,0.19
343.41,144026,11804,29,502,4,1.25,1,3.45,3026,6.11,335,0.84
344.66,144529,11856,29,503,52,1.25,1,3.45,3026,6.11,35,0.09
345.9,145033,11868,29,504,12,1.25,1,3.45,3026,6.11,140,0.34
347.11,145533,11904,29,500,36,1.2,1,3.45,3026,6.11,55,0.14
348.31,146035,11928,29,502,24,1.2,1,3.45,3026,6.11,85,0.18
349.56,146537,11956,29,502,28,1.25,1,3.45,3026,6.11,230,0.6
350.62,147038,11960,29,501,4,1.06,1,3.45,3026,6.11,55,0.11
351.8,147542,11992,29,504,32,1.18,1,3.45,3026,6.11,35,0.08
353.1,148043,12028,29,501,36,1.3,1,3.45,3026,6.11,25,0.08
354.28,148546,12068,29,503,40,1.18,1,3.45,3026,6.11,15,0.04
355.42,149046,12096,29,500,28,1.13,1,3.45,3026,6.11,105,0.22
356.56,149547,12128,29,501,32,1.14,1,3.45,3026,6.11,70,0.18
357.67,150048,12156,29,501,28,1.12,1,3.45,3026,6.11,25,0.05
358.92,150549,12188,29,501,32,1.25,1,3.45,3026,6.11,35,0.09
360.14,151053,12232,29,504,44,1.22,1,3.45,3026,6.11,60,0.16
361.4,151555,12268,29,502,36,1.26,1,3.45,3026,6.11,80,0.18
362.62,152055,12280,29,500,12,1.21,1,3.45,3026,6.11,105,0.23
363.84,152559,12324,29,504,44,1.23,1,3.45,3026,6.11,25,0.06
365.07,153060,12348,29,501,24,1.22,1,3.45,3026,6.11,190,0.43
366.58,153564,12368,29,504,20,1.51,1,3.45,3026,6.11,130,0.41
367.86,154067,12404,29,503,36,1.28,1,3.45,3026,6.11,185,0.41
369.1,154570,12436,29,503,32,1.24,1,3.45,3026,6.11,15,0.03
370.25,155072,12468,29,502,32,1.15,1,3.45,3026,6.11,80,0.19
371.5,155572,12504,29,500,36,1.25,1,3.45,3026,6.11,20,0.07
372.95,156072,12564,29,500,60,1.45,1,3.45,3026,6.11,40,0.12
374.35,156576,12600,29,504,36,1.4,1,3.45,3026,6.11,50,0.12
375.74,157078,12620,29,502,20,1.39,1,3.45,3026,6.11,5,0.01
377.01,157582,12656,29,504,36,1.27,1,3.45,3026,6.11,40,0.13
378.38,158086,12688,29,504,32,1.37,1,3.45,3026,6.11,180,0.46
379.69,158590,12740,29,504,52,1.32,1,3.45,3026,6.11,10,0.03
381.04,159091,12768,29,501,28,1.35,1,3.45,3026,6.11,35,0.1
382.3,159594,12812,29,503,44,1.26,1,3.45,3026,6.11,45,0.11
383.53,160097,12848,29,503,36,1.23,1,3.45,3026,6.11,60,0.15
384.73,160597,12864,29,500,16,1.2,1,3.45,3026,6.11,120,0.29
386.32,161099,12900,29,502,36,1.59,1,3.45,3026,6.11,50,0.11
387.53,161602,12912,29,503,12,1.21,1,3.45,3026,6.11,80,0.16
388.58,162104,12956,29,502,44,1.05,2,6.9,3026,6.11,20,0.05
390.22,162607,12972,29,503,16,1.64,1,3.45,3026,6.11,80,0.27
391.52,163107,13000,29,500,28,1.3,1,3.45,3026,6.11,35,0.08
392.62,163611,13036,29,504,36,1.1,1,3.45,3026,6.11,5,0.01
393.87,164112,13068,29,501,32,1.26,1,3.45,3026,6.11,10,0.02
395.08,164613,13104,29,501,36,1.21,1,3.45,3026,6.11,80,0.2
396.47,165115,13124,29,502,20,1.39,1,3.45,3026,6.11,155,0.43
397.9,165617,13148,29,502,24,1.43,1,3.45,3026,6.11,5,0.01
399.21,166121,13192,29,504,44,1.31,1,3.45,3026,6.11,60,0.14
400.75,166624,13216,29,503,24,1.54,1,3.45,3026,6.11,160,0.37
402.02,167126,13240,29,502,24,1.28,1,3.45,3026,6.11,50,0.13
403.16,167627,13264,29,501,24,1.14,1,3.45,3026,6.11,235,0.51
404.4,168129,13288,29,502,24,1.25,1,3.45,3026,6.11,80,0.25
405.54,168631,13324,29,502,36,1.14,1,3.45,3026,6.11,65,0.13
406.73,169132,13356,29,501,32,1.18,1,3.45,3026,6.11,5,0.01
407.93,169633,13396,29,501,40,1.2,1,3.45,3026,6.11,105,0.26
409.12,170135,13432,29,502,36,1.2,1,3.45,3026,6.11,155,0.36
410.48,170638,13468,29,503,36,1.35,1,3.45,3026,6.11,15,0.04
411.79,171139,13492,29,501,24,1.32,1,3.45,3026,6.11,15,0.04
413.09,171639,13512,29,500,20,1.29,1,3.45,3026,6.11,70,0.17
414.39,172142,13540,29,503,28,1.3,1,3.45,3026,6.11,20,0.05
415.58,172642,13560,29,500,20,1.19,1,3.45,3026,6.11,55,0.11
416.99,173142,13608,29,500,48,1.41,1,3.45,3026,6.11,20,0.05
418.1,173644,13628,29,502,20,1.11,1,3.45,3026,6.11,55,0.12
419.28,174148,13648,29,504,20,1.18,1,3.45,3026,6.11,120,0.3
420.56,174648,13668,29,500,20,1.28,1,3.45,3026,6.11,55,0.13
421.74,175150,13700,29,502,32,1.18,1,3.45,3026,6.11,35,0.11
422.99,175650,13728,29,500,28,1.24,1,3.45,3026,6.11,15,0.04
424.15,176154,13760,29,504,32,1.16,1,3.45,3026,6.11,40,0.09
425.31,176655,13772,29,501,12,1.16,1,3.45,3026,6.11,30,0.08
426.55,177159,13804,29,504,32,1.24,1,3.45,3026,6.11,30,0.07
427.79,177662,13852,29,503,48,1.24,1,3.45,3026,6.11,40,0.09
428.93,178162,13868,29,500,16,1.14,1,3.45,3026,6.11,20,0.06
430.17,178666,13896,29,504,28,1.24,1,3.45,3026,6.11,115,0.26
431.59,179170,13948,29,504,52,1.42,1,3.45,3026,6.11,15,0.04
433.02,179674,13980,29,504,32,1.43,1,3.45,3026,6.11,5,0.01
434.32,180175,13996,29,501,16,1.3,1,3.45,3026,6.11,180,0.45
435.63,180678,14032,29,503,36,1.3,1,3.45,3026,6.11,60,0.13
436.8,181178,14084,29,500,52,1.17,1,3.45,3026,6.11,45,0.08
437.96,181678,14108,29,500,24,1.16,1,3.45,3026,6.11,30,0.07
439.17,182181,14140,29,503,32,1.21,1,3.45,3026,6.11,95,0.22
440.39,182685,14176,29,504,36,1.23,1,3.45,3026,6.11,50,0.11
441.57,183188,14196,29,503,20,1.18,1,3.45,3026,6.11,80,0.18
442.73,183688,14228,29,500,32,1.16,1,3.45,3026,6.11,10,0.02
443.91,184189,14232,29,501,4,1.18,1,3.45,3026,6.11,15,0.04
445.13,184691,14272,29,502,40,1.22,1,3.45,3026,6.11,125,0.32
446.29,185193,14308,29,502,36,1.16,1,3.45,3026,6.11,10,0.02
447.57,185694,14344,29,501,36,1.27,1,3.45,3026,6.11,15,0.04
448.76,186194,14368,29,500,24,1.19,1,3.45,3026,6.11,30,0.1
450.35,186697,14400,29,503,32,1.6,1,3.45,3026,6.11,95,0.24
451.43,187197,14420,29,500,20,1.08,1,3.45,3026,6.11,25,0.05
452.69,187699,14440,29,502,20,1.25,1,3.45,3026,6.11,195,0.52
454,188200,14492,29,501,52,1.32,1,3.45,3026,6.11,25,0.05
455.19,188704,14512,29,504,20,1.19,1,3.45,3026,6.11,190,0.46
456.39,189207,14548,29,503,36,1.19,1,3.45,3026,6.11,20,0.04
457.59,189710,14556,29,503,8,1.2,1,3.45,3026,6.11,175,0.43
458.81,190210,14572,29,500,16,1.22,1,3.45,3026,6.11,175,0.42
460,190710,14600,29,500,28,1.2,1,3.45,3026,6.11,5,0.01
461.18,191211,14624,29,501,24,1.18,1,3.45,3026,6.11,65,0.21
462.31,191715,14640,29,504,16,1.12,1,3.45,3026,6.11,60,0.12
463.59,192215,14676,29,500,36,1.28,1,3.45,3026,6.11,35,0.09
464.82,192715,14708,29,500,32,1.23,1,3.45,3026,6.11,0,0
466.19,193216,14736,29,501,28,1.37,1,3.45,3026,6.11,70,0.18
467.41,193718,14784,29,502,48,1.22,1,3.45,3026,6.11,30,0.07
468.53,194219,14804,29,501,20,1.12,1,3.45,3026,6.11,0,0
469.82,194722,14816,29,503,12,1.29,1,3.45,3026,6.11,285,0.7
470.94,195225,14836,29,503,20,1.12,1,3.45,3026,6.11,25,0.06
472.21,195727,14856,29,502,20,1.28,1,3.45,3026,6.11,175,0.49
473.48,196230,14896,29,503,40,1.27,1,3.45,3026,6.11,85,0.24
474.85,196732,14912,29,502,16,1.37,1,3.45,3026,6.11,50,0.15
476.07,197232,14932,29,500,20,1.23,1,3.45,3026,6.11,10,0.03
477.32,197736,14976,29,504,44,1.24,1,3.45,3026,6.11,5,0.01
478.49,198239,14996,29,503,20,1.17,1,3.45,3026,6.11,40,0.1
479.85,198739,15028,29,500,32,1.36,1,3.45,3026,6.11,70,0.16
481.05,199240,15032,29,501,4,1.2,1,3.45,3026,6.11,340,0.85
482.18,199744,15052,29,504,20,1.13,1,3.45,3026,6.11,240,0.5
483.49,200248,15068,29,504,16,1.31,1,3.45,3026,6.11,55,0.11
484.7,200751,15092,29,503,24,1.21,1,3.45,3026,6.11,65,0.2
486.05,201251,15112,29,500,20,1.34,1,3.45,3026,6.11,15,0.03
487.26,201754,15140,29,503,28,1.22,1,3.45,3026,6.11,5,0.02
488.43,202255,15160,29,501,20,1.17,1,3.45,3026,6.11,40,0.09
489.77,202755,15184,29,500,24,1.34,1,3.45,3026,6.11,95,0.28
491.03,203256,15224,29,501,40,1.26,1,3.45,3026,6.11,125,0.35
492.41,203759,15256,29,503,32,1.38,1,3.45,3026,6.11,15,0.03
493.57,204259,15284,29,500,28,1.16,1,3.45,3026,6.11,50,0.12
494.88,204760,15320,29,501,36,1.32,1,3.45,3026,6.11,70,0.18
496.14,205262,15352,29,502,32,1.25,1,3.45,3026,6.11,50,0.14
497.38,205766,15384,29,504,32,1.25,1,3.45,3026,6.11,205,0.47
498.71,206270,15424,29,504,40,1.32,1,3.45,3026,6.11,40,0.11
499.95,206774,15456,29,504,32,1.24,1,3.45,3026,6.11,105,0.27
501.13,207275,15488,29,501,32,1.18,1,3.45,3026,6.11,80,0.17
502.54,207776,15524,29,501,36,1.4,1,3.45,3026,6.11,15,0.05
503.83,208280,15560,29,504,36,1.3,1,3.45,3026,6.11,25,0.05
504.99,208784,15588,29,504,28,1.16,1,3.45,3026,6.11,35,0.09
506.39,209288,15620,29,504,32,1.4,1,3.45,3026,6.11,90,0.23
507.77,209788,15660,29,500,40,1.38,1,3.45,3026,6.11,60,0.15
509.07,210288,15688,29,500,28,1.3,1,3.45,3026,6.11,10,0.03
510.27,210788,15716,29,500,28,1.2,1,3.45,3026,6.11,30,0.05
511.49,211288,15748,29,500,32,1.22,1,3.45,3026,6.11,135,0.33
512.69,211791,15768,29,503,20,1.21,1,3.45,3026,6.11,45,0.11
513.83,212292,15788,29,501,20,1.13,1,3.45,3026,6.11,50,0.11
515,212795,15812,29,503,24,1.18,1,3.45,3026,6.11,25,0.05
516.1,213299,15828,29,504,16,1.09,1,3.45,3026,6.11,60,0.14
517.19,213799,15844,29,500,16,1.1,1,3.45,3026,6.11,80,0.19
518.4,214301,15880,29,502,36,1.21,1,3.45,3026,6.11,15,0.03
519.55,214805,15924,29,504,44,1.15,1,3.45,3026,6.11,160,0.39
520.68,215307,15944,29,502,20,1.13,1,3.45,3026,6.11,125,0.29
521.98,215810,15956,29,503,12,1.3,1,3.45,3026,6.11,315,0.77
523.09,216314,15980,29,504,24,1.11,1,3.45,3026,6.11,15,0.04
524.19,216816,16000,29,502,20,1.1,1,3.45,3026,6.11,0,0
525.39,217317,16032,29,501,32,1.2,1,3.45,3026,6.11,5,0.01
526.44,217821,16056,29,504,24,1.05,1,3.45,3026,6.11,85,0.17
527.52,218324,16096,29,503,40,1.08,1,3.45,3026,6.11,65,0.13
528.61,218824,16120,29,500,24,1.09,1,3.45,3026,6.11,105,0.24
529.84,219326,16144,29,502,24,1.23,1,3.45,3026,6.11,100,0.25
531.05,219826,16164,29,500,20,1.22,1,3.45,3026,6.11,140,0.3
532.28,220326,16188,29,500,24,1.23,1,3.45,3026,6.11,65,0.19
533.37,220826,16208,29,500,20,1.09,1,3.45,3026,6.11,140,0.3
534.6,221328,16224,29,502,16,1.23,1,3.45,3026,6.11,55,0.15
535.73,221829,16264,29,501,40,1.13,1,3.45,3026,6.11,65,0.13
536.82,222330,16288,29,501,24,1.09,1,3.45,3026,6.11,100,0.22
537.95,222831,16304,29,501,16,1.14,1,3.45,3026,6.11,5,0.01
539.15,223334,16320,29,503,16,1.2,1,3.45,3026,6.11,25,0.07
540.58,223835,16340,29,501,20,1.43,1,3.45,3026,6.11,260,0.81
541.78,224339,16384,29,504,44,1.19,1,3.45,3026,6.11,25,0.06
542.87,224841,16400,29,502,16,1.09,1,3.45,3026,6.11,50,0.13
544.04,225341,16432,29,500,32,1.17,1,3.45,3026,6.11,10,0.02
545.2,225841,16488,29,500,56,1.15,1,3.45,3026,6.11,100,0.2
546.31,226341,16536,29,500,48,1.11,1,3.45,3026,6.11,60,0.14
547.5,226842,16564,29,501,28,1.2,1,3.45,3026,6.11,65,0.18
548.76,227344,16592,29,502,28,1.25,1,3.45,3026,6.11,15,0.03
550,227845,16640,29,501,48,1.24,1,3.45,3026,6.11,20,0.06
551.22,228346,16688,29,501,48,1.22,1,3.45,3026,6.11,30,0.08
552.44,228846,16712,29,500,24,1.22,1,3.45,3026,6.11,355,0.88
553.9,229347,16744,29,501,32,1.45,1,3.45,3026,6.11,65,0.16
555.21,229847,16776,29,500,32,1.32,1,3.45,3026,6.11,180,0.49
556.56,230350,16800,29,503,24,1.35,1,3.45,3026,6.11,95,0.26
557.88,230854,16832,29,504,32,1.32,1,3.45,3026,6.11,100,0.25
559.22,231354,16860,29,500,28,1.34,1,3.45,3026,6.11,100,0.25
560.43,231855,16864,29,501,4,1.21,1,3.45,3026,6.11,20,0.04
561.67,232359,16888,29,504,24,1.24,1,3.45,3026,6.11,5,0.01
562.8,232862,16908,29,503,20,1.14,1,3.45,3026,6.11,5,0.02
563.99,233363,16964,29,501,56,1.19,1,3.45,3026,6.11,5,0.01
565.29,233864,17008,29,501,44,1.3,1,3.45,3026,6.11,50,0.14
566.51,234367,17020,29,503,12,1.21,1,3.45,3026,6.11,60,0.14
567.94,234869,17048,29,502,28,1.44,1,3.45,3026,6.11,25,0.06
569.36,235371,17068,29,502,20,1.42,1,3.45,3026,6.11,180,0.52
570.5,235872,17088,29,501,20,1.14,1,3.45,3026,6.11,95,0.18
571.65,236374,17112,29,502,24,1.15,1,3.45,3026,6.11,125,0.28
572.85,236874,17144,29,500,32,1.2,1,3.45,3026,6.11,30,0.06
574.06,237374,17152,29,500,8,1.21,1,3.45,3026,6.11,170,0.46
575.28,237875,17176,29,501,24,1.22,1,3.45,3026,6.11,5,0.01
576.44,238378,17212,29,503,36,1.16,1,3.45,3026,6.11,125,0.29
577.63,238878,17256,29,500,44,1.18,1,3.45,3026,6.11,0,0
578.89,239378,17288,29,500,32,1.27,1,3.45,3026,6.11,85,0.18
580.03,239878,17336,29,500,48,1.14,1,3.45,3026,6.11,130,0.31
581.29,240379,17372,29,501,36,1.26,1,3.45,3026,6.11,120,0.31
582.59,240880,17408,29,501,36,1.3,1,3.45,3026,6.11,185,0.52
584.05,241381,17436,29,501,28,1.46,1,3.45,3026,6.11,15,0.03
585.35,241885,17464,29,504,28,1.3,1,3.45,3026,6.11,45,0.13
586.54,242388,17484,29,503,20,1.19,1,3.45,3026,6.11,180,0.5
587.64,242889,17512,29,501,28,1.09,1,3.45,3026,6.11,45,0.09
588.79,243390,17524,29,501,12,1.15,1,3.45,3026,6.11,65,0.16
590.03,243894,17544,29,504,20,1.24,2,6.9,3026,6.11,90,0.26
591.42,244395,17564,29,501,20,1.39,1,3.45,3026,6.11,245,0.68
593.11,244899,17580,29,504,16,1.69,1,3.45,3026,6.11,160,0.45
594.51,245403,17620,29,504,40,1.4,1,3.45,3026,6.11,95,0.23
595.79,245905,17652,29,502,32,1.28,1,3.45,3026,6.11,45,0.11
597.03,246409,17680,29,504,28,1.24,1,3.45,3026,6.11,145,0.35
598.17,246911,17720,29,502,40,1.14,1,3.45,3026,6.11,45,0.12
599.33,247412,17744,29,501,24,1.16,1,3.45,3026,6.11,100,0.2
600.43,247916,17784,29,504,40,1.1,1,3.45,3026,6.11,10,0.03
601.51,248419,17808,29,503,24,1.08,1,3.45,3026,6.11,25,0.05
602.74,248919,17840,29,500,32,1.23,1,3.45,3026,6.11,60,0.18
603.9,249420,17868,29,501,28,1.16,1,3.45,3026,6.11,90,0.2
605.01,249923,17896,29,503,28,1.11,1,3.45,3026,6.11,65,0.13
606.25,250426,17904,29,503,8,1.24,1,3.45,3026,6.11,375,0.95
607.51,250927,17956,29,501,52,1.26,1,3.45,3026,6.11,65,0.19
608.94,251428,17984,29,501,28,1.42,1,3.45,3026,6.11,90,0.28
610.24,251928,18000,29,500,16,1.3,1,3.45,3026,6.11,150,0.35
611.49,252428,18024,29,500,24,1.25,1,3.45,3026,6.11,105,0.23
612.86,252929,18040,29,501,16,1.37,1,3.45,3026,6.11,225,0.64
614.12,253430,18056,29,501,16,1.26,1,3.45,3026,6.11,115,0.26
615.35,253934,18096,29,504,40,1.22,1,3.45,3026,6.11,20,0.05
616.8,254437,18128,29,503,32,1.45,1,3.45,3026,6.11,20,0.06
618.02,254938,18144,29,501,16,1.22,1,3.45,3026,6.11,370,0.88
619.33,255438,18180,29,500,36,1.31,1,3.45,3026,6.11,35,0.1
620.62,255941,18216,29,503,36,1.29,1,3.45,3026,6.11,75,0.18
621.88,256445,18252,29,504,36,1.27,1,3.45,3026,6.11,90,0.27
623.18,256948,18280,29,503,28,1.3,1,3.45,3026,6.11,35,0.09
624.46,257450,18312,29,502,32,1.28,1,3.45,3026,6.11,15,0.04
625.74,257953,18356,29,503,44,1.27,1,3.45,3026,6.11,85,0.22
626.89,258454,18376,29,501,20,1.16,1,3.45,3026,6.11,55,0.12
628.18,258956,18412,29,502,36,1.28,1,3.45,3026,6.11,60,0.15
629.55,259460,18440,29,504,28,1.37,1,3.45,3026,6.11,65,0.17
630.78,259962,18464,29,502,24,1.24,1,3.45,3026,6.11,15,0.03
632.08,260465,18492,29,503,28,1.29,1,3.45,3026,6.11,20,0.05
633.42,260969,18516,29,504,24,1.34,1,3.45,3026,6.11,25,0.06
634.68,261471,18540,29,502,24,1.27,1,3.45,3026,6.11,145,0.36
635.87,261974,18560,29,503,20,1.19,1,3.45,3026,6.11,195,0.4
637.03,262476,18580,29,502,20,1.16,1,3.45,3026,6.11,110,0.27
638.15,262977,18620,29,501,40,1.12,1,3.45,3026,6.11,65,0.14
639.28,263480,18648,29,503,28,1.13,1,3.45,3026,6.11,40,0.08
640.42,263982,18688,29,502,40,1.14,1,3.45,3026,6.11,90,0.19
641.6,264484,18732,29,502,44,1.18,1,3.45,3026,6.11,75,0.2
642.86,264988,18764,29,504,32,1.26,1,3.45,3026,6.11,25,0.06
644.12,265490,18792,29,502,28,1.26,1,3.45,3026,6.11,50,0.12
645.41,265992,18844,29,502,52,1.29,1,3.45,3026,6.11,35,0.1
646.63,266493,18868,29,501,24,1.22,1,3.45,3026,6.11,70,0.16
647.73,266995,18904,29,502,36,1.1,1,3.45,3026,6.11,5,0.01
648.99,267495,18940,29,500,36,1.26,1,3.45,3026,6.11,85,0.27
650.04,267998,18968,29,503,28,1.05,1,3.45,3026,6.11,30,0.07
651.19,268502,18984,29,504,16,1.15,1,3.45,3026,6.11,180,0.4
652.32,269004,19016,29,502,32,1.13,1,3.45,3026,6.11,130,0.29
653.6,269507,19052,29,503,36,1.28,1,3.45,3026,6.11,55,0.13
654.78,270008,19092,29,501,40,1.18,1,3.45,3026,6.11,40,0.09
655.93,270510,19112,29,502,20,1.15,1,3.45,3026,6.11,190,0.46
657.19,271013,19136,29,503,24,1.26,1,3.45,3026,6.11,50,0.13
658.43,271517,19156,29,504,20,1.24,1,3.45,3026,6.11,220,0.55
659.65,272018,19164,29,501,8,1.22,1,3.45,3026,6.11,10,0.02
660.72,272518,19192,29,500,28,1.08,1,3.45,3026,6.11,20,0.04
661.92,273018,19216,29,500,24,1.2,1,3.45,3026,6.11,40,0.08
663.07,273518,19252,29,500,36,1.15,1,3.45,3026,6.11,110,0.26
664.24,274019,19272,29,501,20,1.17,1,3.45,3026,6.11,40,0.08
665.5,274519,19288,29,500,16,1.26,1,3.45,3026,6.11,235,0.65
666.66,275021,19316,29,502,28,1.16,1,3.45,3026,6.11,130,0.31
667.96,275524,19336,29,503,20,1.29,1,3.45,3026,6.11,85,0.21
669.14,276027,19356,29,503,20,1.18,1,3.45,3026,6.11,180,0.41
670.33,276530,19384,29,503,28,1.19,1,3.45,3026,6.11,115,0.26
671.49,277034,19412,29,504,28,1.16,1,3.45,3026,6.11,245,0.6
672.84,277537,19456,29,503,44,1.34,1,3.45,3026,6.11,95,0.24
674.2,278037,19472,29,500,16,1.37,1,3.45,3026,6.11,85,0.21
675.39,278540,19496,29,503,24,1.19,1,3.45,3026,6.11,85,0.24
676.74,279043,19560,29,503,64,1.35,1,3.45,3026,6.11,35,0.1
677.98,279544,19584,29,501,24,1.25,1,3.45,3026,6.11,35,0.07
679.28,280046,19624,29,502,40,1.29,1,3.45,3026,6.11,40,0.11
680.61,280546,19660,29,500,36,1.33,1,3.45,3026,6.11,25,0.06
681.86,281050,19684,29,504,24,1.25,1,3.45,3026,6.11,35,0.08
683.12,281550,19712,29,500,28,1.26,1,3.45,3026,6.11,230,0.59
684.4,282052,19748,29,502,36,1.28,1,3.45,3026,6.11,5,0.01
685.62,282555,19772,29,503,24,1.22,1,3.45,3026,6.11,15,0.04
686.83,283055,19812,29,500,40,1.2,1,3.45,3026,6.11,30,0.07
688.02,283559,19840,29,504,28,1.2,1,3.45,3026,6.11,120,0.26
689.15,284060,19860,29,501,20,1.13,1,3.45,3026,6.11,105,0.24
690.36,284562,19884,29,502,24,1.21,1,3.45,3026,6.11,20,0.05
691.53,285066,19920,29,504,36,1.17,1,3.45,3026,6.11,120,0.32
692.76,285568,19956,29,502,36,1.23,1,3.45,3026,6.11,20,0.05
693.89,286072,19996,29,504,40,1.12,1,3.45,3026,6.11,25,0.06
695.1,286576,20040,29,504,44,1.21,1,3.45,3026,6.11,40,0.09
696.29,287078,20068,29,502,28,1.19,1,3.45,3026,6.11,30,0.07
697.48,287581,20088,29,503,20,1.19,1,3.45,3026,6.11,25,0.04
698.69,288083,20112,29,502,24,1.2,1,3.45,3026,6.11,10,0.03
699.94,288583,20148,29,500,36,1.26,1,3.45,3026,6.11,65,0.15
701.1,289086,20160,29,503,12,1.16,1,3.45,3026,6.11,250,0.58
702.32,289586,20192,29,500,32,1.21,1,3.45,3026,6.11,0,0
703.59,290086,20224,29,500,32,1.27,1,3.45,3026,6.11,0,0
704.93,290588,20288,29,502,64,1.34,1,3.45,3026,6.11,35,0.09
706.15,291090,20312,29,502,24,1.23,1,3.45,3026,6.11,75,0.18
707.38,291592,20340,29,502,28,1.23,1,3.45,3026,6.11,5,0.01
708.59,292093,20388,29,501,48,1.21,1,3.45,3026,6.11,30,0.08
709.88,292597,20412,29,504,24,1.3,1,3.45,3026,6.11,55,0.12
711.24,293097,20448,29,500,36,1.36,1,3.45,3026,6.11,60,0.17
712.52,293600,20472,29,503,24,1.28,1,3.45,3026,6.11,50,0.14
713.75,294102,20508,29,502,36,1.23,1,3.45,3026,6.11,25,0.05
714.89,294604,20528,29,502,20,1.14,1,3.45,3026,6.11,65,0.15
716.14,295107,20552,29,503,24,1.25,1,3.45,3026,6.11,115,0.28
717.37,295608,20568,29,501,16,1.23,1,3.45,3026,6.11,80,0.2
718.57,296110,20628,29,502,60,1.2,1,3.45,3026,6.11,5,0.01
719.7,296613,20648,29,503,20,1.13,1,3.45,3026,6.11,10,0.02
720.94,297117,20660,29,504,12,1.24,1,3.45,3026,6.11,300,0.75
722.26,297621,20672,29,504,12,1.32,1,3.45,3026,6.11,285,0.78
723.44,298124,20720,29,503,48,1.17,1,3.45,3026,6.11,15,0.04
724.65,298626,20740,29,502,20,1.22,1,3.45,3026,6.11,180,0.41
725.91,299129,20788,29,503,48,1.26,1,3.45,3026,6.11,45,0.14
727.15,299632,20824,29,503,36,1.24,1,3.45,3026,6.11,50,0.12
728.36,300132,20844,29,500,20,1.21,1,3.45,3026,6.11,55,0.14
729.66,300636,20876,29,504,32,1.3,1,3.45,3026,6.11,155,0.43
730.82,301136,20904,29,500,28,1.16,1,3.45,3026,6.11,5,0.02
732.14,301637,20924,29,501,20,1.32,1,3.45,3026,6.11,30,0.07
733.49,302141,20956,29,504,32,1.34,1,3.45,3026,6.11,40,0.11
734.79,302642,20996,29,501,40,1.3,1,3.45,3026,6.11,15,0.04
736.03,303143,21016,29,501,20,1.24,1,3.45,3026,6.11,95,0.24
737.3,303647,21036,29,504,20,1.27,1,3.45,3026,6.11,5,0.01
738.43,304151,21064,29,504,28,1.13,1,3.45,3026,6.11,115,0.2
739.7,304652,21088,29,501,24,1.28,1,3.45,3026,6.11,55,0.14
740.94,305156,21120,29,504,32,1.23,1,3.45,3026,6.11,45,0.1
742.17,305656,21136,29,500,16,1.23,1,3.45,3026,6.11,145,0.37
743.36,306160,21164,29,504,28,1.2,1,3.45,3026,6.11,100,0.21
744.6,306662,21184,29,502,20,1.23,1,3.45,3026,6.11,50,0.13
745.8,307163,21244,29,501,60,1.2,1,3.45,3026,6.11,15,0.03
747.13,307666,21272,29,503,28,1.33,1,3.45,3026,6.11,65,0.16
748.53,308168,21304,29,502,32,1.4,1,3.45,3026,6.11,115,0.3
749.66,308672,21328,29,504,24,1.13,1,3.45,3026,6.11,20,0.05
750.88,309174,21380,29,502,52,1.22,1,3.45,3026,6.11,15,0.04
752.08,309675,21408,29,501,28,1.2,1,3.45,3026,6.11,125,0.29
753.33,310175,21436,29,500,28,1.25,1,3.45,3026,6.11,15,0.04
754.61,310677,21476,29,502,40,1.28,1,3.45,3026,6.11,140,0.36
755.81,311179,21504,29,502,28,1.21,1,3.45,3026,6.11,120,0.3
757.01,311681,21528,29,502,24,1.2,1,3.45,3026,6.11,5,0.01
758.18,312182,21544,29,501,16,1.16,1,3.45,3026,6.11,45,0.11
759.56,312685,21564,29,503,20,1.38,1,3.45,3026,6.11,20,0.04
760.71,313189,21576,29,504,12,1.15,1,3.45,3026,6.11,15,0.04
761.96,313692,21604,29,503,28,1.25,1,3.45,3026,6.11,30,0.08
763.27,314193,21636,29,501,32,1.31,1,3.45,3026,6.11,0,0
764.54,314693,21668,29,500,32,1.27,1,3.45,3026,6.11,5,0.01
765.76,315194,21672,29,501,4,1.22,1,3.45,3026,6.11,460,1.14
766.96,315695,21692,29,501,20,1.2,1,3.45,3026,6.11,5,0.01
768.01,316197,21716,29,502,24,1.05,1,3.45,3026,6.11,85,0.19
769.19,316698,21748,29,501,32,1.18,1,3.45,3026,6.11,180,0.42
770.44,317201,21772,29,503,24,1.25,1,3.45,3026,6.11,15,0.04
771.71,317703,21792,29,502,20,1.27,1,3.45,3026,6.11,310,0.81
772.98,318207,21824,29,504,32,1.27,1,3.45,3026,6.11,35,0.08
774.25,318711,21860,29,504,36,1.27,1,3.45,3026,6.11,30,0.07
775.44,319213,21900,29,502,40,1.19,1,3.45,3026,6.11,165,0.4
776.52,319715,21920,29,502,20,1.08,1,3.45,3026,6.11,120,0.27
777.77,320217,21952,29,502,32,1.25,1,3.45,3026,6.11,10,0.03
778.92,320721,21968,29,504,16,1.15,1,3.45,3026,6.11,50,0.12
780.2,321222,22008,29,501,40,1.28,1,3.45,3026,6.11,60,0.16
781.47,321722,22040,29,500,32,1.27,1,3.45,3026,6.11,15,0.03
782.65,322224,22060,29,502,20,1.18,1,3.45,3026,6.11,50,0.12
783.84,322727,22088,29,503,28,1.19,1,3.45,3026,6.11,50,0.12
785.08,323228,22116,29,501,28,1.24,1,3.45,3026,6.11,155,0.41
786.35,323728,22136,29,500,20,1.27,1,3.45,3026,6.11,65,0.16
787.49,324228,22148,29,500,12,1.14,1,3.45,3026,6.11,55,0.13
788.8,324732,22176,29,504,28,1.31,1,3.45,3026,6.11,20,0.05
790.05,325232,22220,29,500,44,1.24,1,3.45,3026,6.11,35,0.1
791.31,325732,22256,29,500,36,1.26,1,3.45,3026,6.11,35,0.09
792.58,326235,22284,29,503,28,1.27,1,3.45,3026,6.11,90,0.24
793.91,326737,22312,29,502,28,1.33,1,3.45,3026,6.11,225,0.57
795.19,327239,22348,29,502,36,1.29,1,3.45,3026,6.11,20,0.05
796.49,327743,22380,29,504,32,1.3,1,3.45,3026,6.11,80,0.2
797.62,328244,22408,29,501,28,1.12,1,3.45,3026,6.11,130,0.26
798.66,328748,22424,29,504,16,1.05,1,3.45,3026,6.11,95,0.23
799.78,329252,22452,29,504,28,1.12,1,3.45,3026,6.11,315,0.69
801.02,329755,22464,29,503,12,1.23,1,3.45,3026,6.11,70,0.16
802.25,330257,22504,29,502,40,1.23,1,3.45,3026,6.11,5,0.01
803.43,330760,22524,29,503,20,1.18,1,3.45,3026,6.11,5,0.02
804.58,331264,22560,29,504,36,1.14,1,3.45,3026,6.11,40,0.11
805.86,331768,22596,29,504,36,1.28,1,3.45,3026,6.11,50,0.11
807.13,332269,22608,29,501,12,1.27,1,3.45,3026,6.11,20,0.05
808.4,332769,22636,29,500,28,1.27,1,3.45,3026,6.11,25,0.06
809.58,333271,22672,29,502,36,1.18,1,3.45,3026,6.11,70,0.18
810.8,333773,22700,29,502,28,1.22,1,3.45,3026,6.11,45,0.12
812.01,334274,22748,29,501,48,1.21,1,3.45,3026,6.11,65,0.16
813.22,334774,22760,29,500,12,1.21,1,3.45,3026,6.11,280,0.68
814.38,335274,22772,29,500,12,1.15,1,3.45,3026,6.11,225,0.52
815.54,335778,22800,29,504,28,1.16,1,3.45,3026,6.11,80,0.17
816.78,336281,22824,29,503,24,1.24,1,3.45,3026,6.11,120,0.34
818.03,336782,22844,29,501,20,1.26,1,3.45,3026,6.11,145,0.36
819.25,337282,22872,29,500,28,1.22,1,3.45,3026,6.11,105,0.24
820.33,337782,22896,29,500,24,1.08,1,3.45,3026,6.11,30,0.07
821.66,338285,22936,29,503,40,1.33,1,3.45,3026,6.11,125,0.33
822.97,338789,22968,29,504,32,1.32,1,3.45,3026,6.11,5,0.01
824.14,339290,22976,29,501,8,1.17,1,3.45,3026,6.11,325,0.69
825.21,339794,23008,29,504,32,1.07,1,3.45,3026,6.11,175,0.38
826.55,340295,23044,29,501,36,1.35,1,3.45,3026,6.11,50,0.12
827.78,340795,23076,29,500,32,1.22,1,3.45,3026,6.11,20,0.05
829.05,341296,23116,29,501,40,1.28,1,3.45,3026,6.11,30,0.08
830.27,341799,23136,29,503,20,1.21,1,3.45,3026,6.11,230,0.55
831.61,342300,23168,29,501,32,1.35,1,3.45,3026,6.11,10,0.03
832.78,342802,23204,29,502,36,1.16,1,3.45,3026,6.11,160,0.35
834.05,343303,23224,29,501,20,1.27,1,3.45,3026,6.11,85,0.22
835.21,343803,23256,29,500,32,1.16,1,3.45,3026,6.11,55,0.12
836.41,344304,23284,29,501,28,1.2,1,3.45,3026,6.11,15,0.04
837.58,344804,23308,29,500,24,1.18,1,3.45,3026,6.11,210,0.49
838.95,345304,23336,29,500,28,1.37,1,3.45,3026,6.11,40,0.12
840.14,345805,23348,29,501,12,1.19,1,3.45,3026,6.11,85,0.2
841.36,346306,23368,29,501,20,1.21,1,3.45,3026,6.11,65,0.14
842.76,346810,23404,29,504,36,1.4,1,3.45,3026,6.11,80,0.21
844.08,347313,23424,29,503,20,1.32,1,3.45,3026,6.11,40,0.1
845.37,347816,23460,29,503,36,1.29,1,3.45,3026,6.11,35,0.07
846.44,348316,23488,29,500,28,1.06,1,3.45,3026,6.11,10,0.03
847.71,348820,23524,29,504,36,1.28,1,3.45,3026,6.11,25,0.05
848.91,349324,23560,29,504,36,1.2,1,3.45,3026,6.11,25,0.06
850.1,349825,23604,29,501,44,1.19,1,3.45,3026,6.11,95,0.2
851.38,350326,23632,29,501,28,1.28,1,3.45,3026,6.11,65,0.19
852.76,350826,23656,29,500,24,1.37,1,3.45,3026,6.11,30,0.09
854.15,351327,23704,29,501,48,1.39,1,3.45,3026,6.11,35,0.09
855.43,351827,23732,29,500,28,1.28,1,3.45,3026,6.11,185,0.45
856.7,352329,23756,29,502,24,1.27,1,3.45,3026,6.11,75,0.2
857.95,352830,23792,29,501,36,1.25,1,3.45,3026,6.11,50,0.12
859.13,353332,23808,29,502,16,1.18,1,3.45,3026,6.11,15,0.03
860.39,353833,23820,29,501,12,1.25,1,3.45,3026,6.11,90,0.22
861.59,354336,23856,29,503,36,1.2,1,3.45,3026,6.11,30,0.09
862.84,354837,23884,29,501,28,1.25,1,3.45,3026,6.11,190,0.41
864.18,355340,23920,29,503,36,1.34,1,3.45,3026,6.11,100,0.28
865.44,355840,23972,29,500,52,1.26,1,3.45,3026,6.11,75,0.18
866.67,356340,23996,29,500,24,1.23,1,3.45,3026,6.11,5,0.01
867.86,356841,24020,29,501,24,1.2,1,3.45,3026,6.11,40,0.1
869.13,357345,24052,29,504,32,1.26,1,3.45,3026,6.11,25,0.07
870.44,357845,24072,29,500,20,1.31,1,3.45,3026,6.11,0,0
871.66,358345,24096,29,500,24,1.22,1,3.45,3026,6.11,45,0.1
872.91,358846,24108,29,501,12,1.26,1,3.45,3026,6.11,115,0.28
874.14,359348,24148,29,502,40,1.23,1,3.45,3026,6.11,45,0.11
875.47,359850,24180,29,502,32,1.32,1,3.45,3026,6.11,65,0.18
876.66,360352,24200,29,502,20,1.19,1,3.45,3026,6.11,10,0.03
877.92,360856,24236,29,504,36,1.26,1,3.45,3026,6.11,35,0.1
879.17,361358,24280,29,502,44,1.25,1,3.45,3026,6.11,25,0.05
880.34,361861,24308,29,503,28,1.17,1,3.45,3026,6.11,25,0.05
881.48,362363,24324,29,502,16,1.14,1,3.45,3026,6.11,35,0.08
882.67,362867,24348,29,504,24,1.19,1,3.45,3026,6.11,30,0.08
883.81,363367,24392,29,500,44,1.14,1,3.45,3026,6.11,15,0.03
885.18,363871,24404,29,504,12,1.37,1,3.45,3026,6.11,40,0.1
886.47,364375,24424,29,504,20,1.29,1,3.45,3026,6.11,90,0.24
887.7,364876,24452,29,501,28,1.23,1,3.45,3026,6.11,20,0.06
888.9,365380,24496,29,504,44,1.19,1,3.45,3026,6.11,45,0.11
890.19,365883,24524,29,503,28,1.29,1,3.45,3026,6.11,60,0.14
891.48,366386,24556,29,503,32,1.29,1,3.45,3026,6.11,110,0.29
892.69,366890,24572,29,504,16,1.21,1,3.45,3026,6.11,65,0.16
893.91,367391,24592,29,501,20,1.23,1,3.45,3026,6.11,105,0.26
895.12,367892,24612,29,501,20,1.21,1,3.45,3026,6.11,45,0.1
896.45,368395,24640,29,503,28,1.33,1,3.45,3026,6.11,30,0.09
897.66,368895,24660,29,500,20,1.21,1,3.45,3026,6.11,35,0.08
898.82,369397,24696,29,502,36,1.16,1,3.45,3026,6.11,30,0.06
900.05,369900,24744,29,503,48,1.22,1,3.45,3026,6.11,10,0.03
901.51,370400,24776,29,500,32,1.46,1,3.45,3026,6.11,15,0.06
902.8,370900,24792,29,500,16,1.3,1,3.45,3026,6.11,95,0.25
904,371400,24820,29,500,28,1.2,1,3.45,3026,6.11,10,0.02
905.22,371901,24864,29,501,44,1.22,1,3.45,3026,6.11,15,0.03
906.41,372401,24908,29,500,44,1.18,1,3.45,3026,6.11,165,0.37
907.59,372903,24932,29,502,24,1.18,1,3.45,3026,6.11,105,0.25
908.8,373406,24976,29,503,44,1.21,1,3.45,3026,6.11,15,0.04
910,373908,24996,29,502,20,1.19,1,3.45,3026,6.11,20,0.05
911.24,374408,25012,29,500,16,1.24,1,3.45,3026,6.11,100,0.25
912.52,374909,25048,29,501,36,1.28,1,3.45,3026,6.11,10,0.02
913.92,375412,25100,29,503,52,1.4,1,3.45,3026,6.11,5,0.01
915.17,375915,25140,29,503,40,1.25,1,3.45,3026,6.11,5,0.02
916.33,376416,25172,29,501,32,1.17,1,3.45,3026,6.11,255,0.56
917.53,376919,25196,29,503,24,1.2,1,3.45,3026,6.11,150,0.37
918.79,377421,25232,29,502,36,1.25,1,3.45,3026,6.11,25,0.05
919.95,377922,25264,29,501,32,1.17,1,3.45,3026,6.11,55,0.11
921.02,378425,25308,29,503,44,1.07,1,3.45,3026,6.11,50,0.1
922.3,378929,25340,29,504,32,1.28,1,3.45,3026,6.11,50,0.11
923.51,379433,25364,29,504,24,1.21,1,3.45,3026,6.11,55,0.11
924.82,379937,25408,29,504,44,1.31,1,3.45,3026,6.11,90,0.22
925.97,380440,25432,29,503,24,1.15,1,3.45,3026,6.11,155,0.37
927.23,380944,25444,29,504,12,1.26,1,3.45,3026,6.11,75,0.17
928.52,381446,25468,29,502,24,1.29,1,3.45,3026,6.11,5,0.01
929.84,381949,25524,29,503,56,1.32,1,3.45,3026,6.11,5,0.01
931.11,382452,25560,29,503,36,1.27,1,3.45,3026,6.11,80,0.21
932.51,382954,25600,29,502,40,1.4,1,3.45,3026,6.11,110,0.28
933.88,383458,25624,29,504,24,1.37,1,3.45,3026,6.11,35,0.09
935.24,383962,25636,29,504,12,1.35,1,3.45,3026,6.11,45,0.11
936.48,384465,25672,29,503,36,1.24,1,3.45,3026,6.11,145,0.34
937.74,384968,25696,29,503,24,1.25,1,3.45,3026,6.11,150,0.42
939.02,385469,25716,29,501,20,1.28,1,3.45,3026,6.11,185,0.44
940.25,385973,25744,29,504,28,1.23,1,3.45,3026,6.11,10,0.03
941.6,386476,25768,29,503,24,1.34,1,3.45,3026,6.11,5,0.01
942.87,386978,25792,29,502,24,1.27,1,3.45,3026,6.11,50,0.14
944.15,387479,25821,29,501,29,1.28,2,6.9,3026,6.11,80,0.21
945.6,387980,25889,29,501,68,1.44,1,3.45,3026,6.11,0,0
947.03,388480,25925,29,500,36,1.43,1,3.45,3026,6.11,110,0.32
948.29,388982,25945,29,502,20,1.26,1,3.45,3026,6.11,110,0.23
949.47,389485,25985,29,503,40,1.18,1,3.45,3026,6.11,5,0.01
950.79,389985,26005,29,500,20,1.32,1,3.45,3026,6.11,170,0.44
952.03,390485,26037,29,500,32,1.24,1,3.45,3026,6.11,60,0.16
953.27,390986,26061,29,501,24,1.24,1,3.45,3026,6.11,90,0.24
954.45,391489,26089,29,503,28,1.19,1,3.45,3026,6.11,10,0.03
955.77,391991,26125,29,502,36,1.32,1,3.45,3026,6.11,75,0.19
957.04,392493,26161,29,502,36,1.27,1,3.45,3026,6.11,20,0.05
958.26,392995,26185,29,502,24,1.22,1,3.45,3026,6.11,160,0.36
959.48,393498,26197,29,503,12,1.22,1,3.45,3026,6.11,105,0.23
960.74,394002,26209,29,504,12,1.26,1,3.45,3026,6.11,115,0.3
961.89,394504,26249,29,502,40,1.15,1,3.45,3026,6.11,70,0.15
963,395004,26269,29,500,20,1.11,1,3.45,3026,6.11,0,0
964.17,395506,26297,29,502,28,1.17,1,3.45,3026,6.11,205,0.45
965.31,396008,26329,29,502,32,1.13,1,3.45,3026,6.11,20,0.05
966.51,396508,26357,29,500,28,1.2,1,3.45,3026,6.11,75,0.18
967.78,397012,26389,29,504,32,1.28,1,3.45,3026,6.11,30,0.08
969.02,397512,26409,29,500,20,1.24,1,3.45,3026,6.11,115,0.25
970.18,398012,26437,29,500,28,1.16,1,3.45,3026,6.11,45,0.11
971.43,398513,26449,29,501,12,1.25,1,3.45,3026,6.11,20,0.06
972.75,399017,26473,29,504,24,1.32,1,3.45,3026,6.11,20,0.05
974.05,399519,26509,29,502,36,1.31,1,3.45,3026,6.11,85,0.22
975.3,400023,26537,29,504,28,1.25,1,3.45,3026,6.11,25,0.06
976.59,400524,26585,29,501,48,1.28,1,3.45,3026,6.11,70,0.19
977.96,401025,26601,29,501,16,1.38,1,3.45,3026,6.11,95,0.25
979.19,401529,26637,29,504,36,1.23,1,3.45,3026,6.11,95,0.22
980.36,402032,26669,29,503,32,1.17,1,3.45,3026,6.11,135,0.33
981.65,402533,26701,29,501,32,1.29,1,3.45,3026,6.11,15,0.04
982.92,403033,26737,29,500,36,1.26,1,3.45,3026,6.11,35,0.1
984.14,403534,26773,29,501,36,1.22,1,3.45,3026,6.11,15,0.04
985.41,404034,26805,29,500,32,1.27,1,3.45,3026,6.11,20,0.05
986.58,404538,26833,29,504,28,1.18,1,3.45,3026,6.11,15,0.04
987.77,405039,26853,29,501,20,1.19,1,3.45,3026,6.11,90,0.22
988.94,405540,26869,29,501,16,1.17,1,3.45,3026,6.11,55,0.12
990.12,406041,26901,29,501,32,1.18,1,3.45,3026,6.11,15,0.03
991.5,406543,26925,29,502,24,1.38,1,3.45,3026,6.11,155,0.43
992.86,407047,26957,29,504,32,1.36,1,3.45,3026,6.11,55,0.15
994.11,407551,26977,29,504,20,1.25,1,3.45,3026,6.11,20,0.05
995.41,408053,27013,29,502,36,1.3,1,3.45,3026,6.11,50,0.11
996.67,408553,27041,29,500,28,1.26,1,3.45,3026,6.11,75,0.19
997.9,409057,27097,29,504,56,1.23,1,3.45,3026,6.11,0,0
999.01,409558,27129,29,501,32,1.11,1,3.45,3026,6.11,280,0.64
1000.24,410061,27161,29,503,32,1.23,1,3.45,3026,6.11,30,0.06
1001.63,410564,27185,29,503,24,1.39,1,3.45,3026,6.11,90,0.22
1002.84,411065,27201,29,501,16,1.21,1,3.45,3026,6.11,125,0.32
1004.16,411568,27221,29,503,20,1.32,1,3.45,3026,6.11,5,0.01
1005.49,412070,27241,29,502,20,1.32,1,3.45,3026,6.11,205,0.47
1006.79,412573,27281,29,503,40,1.31,1,3.45,3026,6.11,110,0.28
1008.16,413073,27297,29,500,16,1.37,1,3.45,3026,6.11,215,0.58
1009.4,413573,27321,29,500,24,1.24,1,3.45,3026,6.11,0,0
1010.76,414076,27361,29,503,40,1.36,1,3.45,3026,6.11,40,0.1
1012.1,414578,27385,29,502,24,1.34,1,3.45,3026,6.11,205,0.56
1013.44,415081,27413,29,503,28,1.34,1,3.45,3026,6.11,40,0.1
1014.65,415585,27437,29,504,24,1.21,1,3.45,3026,6.11,120,0.3
1015.95,416087,27465,29,502,28,1.29,1,3.45,3026,6.11,10,0.04
1017.28,416591,27509,29,504,44,1.33,1,3.45,3026,6.11,5,0.01
1018.6,417092,27529,29,501,20,1.33,1,3.45,3026,6.11,45,0.1
1019.83,417592,27553,29,500,24,1.23,1,3.45,3026,6.11,120,0.31
1020.99,418092,27569,29,500,16,1.16,1,3.45,3026,6.11,65,0.16
1022.23,418592,27589,29,500,20,1.24,1,3.45,3026,6.11,55,0.14
1023.45,419092,27601,29,500,12,1.22,1,3.45,3026,6.11,90,0.25
1024.86,419595,27633,29,503,32,1.41,1,3.45,3026,6.11,35,0.09
1026.17,420095,27673,29,500,40,1.31,1,3.45,3026,6.11,15,0.03
1027.39,420596,27701,29,501,28,1.22,1,3.45,3026,6.11,25,0.07
1028.65,421098,27737,29,502,36,1.26,1,3.45,3026,6.11,30,0.09
1029.95,421600,27765,29,502,28,1.3,1,3.45,3026,6.11,75,0.19
1031.16,422103,27785,29,503,20,1.22,1,3.45,3026,6.11,115,0.26
1032.51,422605,27809,29,502,24,1.35,1,3.45,3026,6.11,40,0.1
1033.89,423107,27833,29,502,24,1.38,1,3.45,3026,6.11,65,0.15
1035.17,423609,27869,29,502,36,1.28,1,3.45,3026,6.11,60,0.19
1036.44,424113,27881,29,504,12,1.27,1,3.45,3026,6.11,95,0.24
1037.64,424617,27909,29,504,28,1.2,1,3.45,3026,6.11,75,0.18
1038.95,425117,27941,29,500,32,1.31,1,3.45,3026,6.11,60,0.15
1040.31,425617,27985,29,500,44,1.36,1,3.45,3026,6.11,40,0.1
1041.77,426118,28013,29,501,28,1.46,1,3.45,3026,6.11,115,0.31
1043,426620,28033,29,502,20,1.23,1,3.45,3026,6.11,25,0.06
1044.3,427122,28057,29,502,24,1.3,1,3.45,3026,6.11,115,0.33
1045.51,427626,28085,29,504,28,1.2,1,3.45,3026,6.11,105,0.23
1046.8,428128,28125,29,502,40,1.29,1,3.45,3026,6.11,70,0.18
1048.01,428628,28145,29,500,20,1.22,1,3.45,3026,6.11,5,0.01
1049.34,429130,28161,29,502,16,1.33,1,3.45,3026,6.11,105,0.26
1050.5,429634,28173,29,504,12,1.16,1,3.45,3026,6.11,85,0.21
1051.69,430136,28213,29,502,40,1.19,1,3.45,3026,6.11,85,0.21
1052.95,430638,28249,29,502,36,1.26,1,3.45,3026,6.11,10,0.03
1054.18,431142,28265,29,504,16,1.23,1,3.45,3026,6.11,45,0.11
1055.55,431645,28305,29,503,40,1.37,1,3.45,3026,6.11,30,0.06
1056.94,432149,28341,29,504,36,1.39,1,3.45,3026,6.11,10,0.03
1058.23,432651,28365,29,502,24,1.28,1,3.45,3026,6.11,70,0.17
1059.41,433153,28389,29,502,24,1.19,1,3.45,3026,6.11,80,0.17
1060.57,433653,28401,29,500,12,1.15,1,3.45,3026,6.11,0,0
1061.74,434157,28437,29,504,36,1.17,1,3.45,3026,6.11,15,0.04
1063.03,434660,28477,29,503,40,1.29,1,3.45,3026,6.11,30,0.07
1064.46,435164,28493,29,504,16,1.42,1,3.45,3026,6.11,110,0.28
1065.63,435668,28537,29,504,44,1.18,1,3.45,3026,6.11,80,0.18
1066.86,436168,28557,29,500,20,1.23,1,3.45,3026,6.11,145,0.36
1068.08,436668,28573,29,500,16,1.22,1,3.45,3026,6.11,245,0.62
1069.32,437170,28601,29,502,28,1.24,1,3.45,3026,6.11,15,0.03
1070.63,437672,28633,29,502,32,1.31,1,3.45,3026,6.11,60,0.16
1071.78,438173,28657,29,501,24,1.15,1,3.45,3026,6.11,15,0.03
1073.04,438674,28673,29,501,16,1.26,1,3.45,3026,6.11,20,0.07
1074.4,439177,28709,29,503,36,1.36,1,3.45,3026,6.11,50,0.14
1075.64,439681,28729,29,504,20,1.24,1,3.45,3026,6.11,20,0.05
1076.89,440183,28773,29,502,44,1.25,1,3.45,3026,6.11,15,0.04
1078.11,440687,28789,29,504,16,1.23,1,3.45,3026,6.11,70,0.18
1079.39,441188,28825,29,501,36,1.27,1,3.45,3026,6.11,90,0.22
1080.58,441689,28845,29,501,20,1.19,1,3.45,3026,6.11,10,0.02
1081.75,442189,28873,29,500,28,1.17,1,3.45,3026,6.11,95,0.22
1082.97,442690,28889,29,501,16,1.22,1,3.45,3026,6.11,150,0.36
1084.26,443191,28905,29,501,16,1.29,1,3.45,3026,6.11,80,0.2
1085.69,443695,28933,29,504,28,1.43,1,3.45,3026,6.11,40,0.1
1087.03,444199,28953,29,504,20,1.34,1,3.45,3026,6.11,120,0.3
1088.28,444700,28985,29,501,32,1.25,1,3.45,3026,6.11,45,0.1
1.25,504,4788,22,504,4788,1.25,4,18.18,185,0.45,95,0.23
2.25,1006,4835,22,502,47,1,2,9.09,189,0.45,210,0.42
3.27,1506,4835,22,500,0,1.02,0,0,189,0.45,710,1.43
4.31,2008,4837,22,502,2,1.04,1,4.55,957,1.97,255,0.51
5.29,2508,4837,22,500,0,0.98,0,0,957,1.97,755,1.49
6.44,3008,4837,22,500,0,1.15,0,0,957,1.97,1255,2.64
7.6,3510,4841,22,502,4,1.16,1,4.55,1457,3.11,300,0.69
8.76,4014,4865,22,504,24,1.15,1,4.55,1457,3.11,95,0.21
9.83,4515,4889,22,501,24,1.07,1,4.55,1457,3.11,50,0.09
10.89,5015,4909,22,500,20,1.06,2,9.09,1457,3.11,40,0.11
11.97,5519,4917,22,504,8,1.07,1,4.55,1457,3.11,10,0.02
13.09,6021,4933,22,502,16,1.12,1,4.55,1457,3.11,260,0.62
14.14,6523,4957,22,502,24,1.06,1,4.55,1457,3.11,215,0.48
15.2,7023,4977,22,500,20,1.06,1,4.55,1457,3.11,80,0.17
16.33,7523,4989,22,500,12,1.12,1,4.55,1457,3.11,295,0.69
17.52,8026,5001,22,503,12,1.2,1,4.55,1457,3.11,50,0.12
18.71,8528,5013,22,502,12,1.19,1,4.55,1457,3.11,255,0.59
19.79,9031,5037,22,503,24,1.08,1,4.55,1457,3.11,255,0.55
20.95,9532,5061,22,501,24,1.16,1,4.55,1457,3.11,65,0.15
22.12,10033,5081,22,501,20,1.17,1,4.55,1457,3.11,60,0.14
23.32,10537,5093,22,504,12,1.2,1,4.55,1457,3.11,80,0.17
24.65,11040,5113,22,503,20,1.33,1,4.55,1457,3.11,40,0.11
25.87,11544,5145,22,504,32,1.22,1,4.55,1457,3.11,45,0.09
27.02,12045,5177,22,501,32,1.14,1,4.55,1457,3.11,10,0.02
28.16,12546,5197,22,501,20,1.14,1,4.55,1457,3.11,70,0.14
29.52,13048,5918,23,502,721,1.37,3,13.04,1457,3.11,100,0.24
30.65,13549,5930,23,501,12,1.13,2,8.7,1457,3.11,130,0.24
31.55,14049,5930,23,500,0,0.9,0,0,1457,3.11,630,1.14
32.61,14550,5934,23,501,4,1.06,1,4.35,1457,3.11,370,0.77
33.74,15051,5986,23,501,52,1.14,1,4.35,1457,3.11,30,0.05
34.69,15552,5990,23,501,4,0.94,1,4.35,1457,3.11,330,0.63
35.79,16053,6030,23,501,40,1.1,1,4.35,1457,3.11,135,0.29
36.84,16553,6030,23,500,0,1.05,0,0,1457,3.11,635,1.34
37.85,17054,6034,23,501,4,1.01,1,4.35,1457,3.11,115,0.23
38.77,17556,6042,23,502,8,0.92,1,4.35,1457,3.11,305,0.58
39.88,18058,6050,23,502,8,1.11,1,4.35,1457,3.11,290,0.67
41.06,18560,6058,23,502,8,1.18,1,4.35,1457,3.11,255,0.67
42.05,19061,6062,23,501,4,0.98,1,4.35,1457,3.11,25,0.05
43.08,19563,6068,23,502,6,1.03,2,8.7,1457,3.11,130,0.25
44.18,20063,6084,23,500,16,1.1,1,4.35,1457,3.11,120,0.27
45.26,20566,6108,23,503,24,1.09,1,4.35,1457,3.11,50,0.11
46.36,21068,6112,23,502,4,1.1,1,4.35,1457,3.11,270,0.62
47.51,21572,6132,23,504,20,1.15,2,8.7,1457,3.11,130,0.29
48.64,22075,6144,23,503,12,1.13,1,4.35,1457,3.11,60,0.14
49.73,22575,6164,23,500,20,1.09,1,4.35,1457,3.11,85,0.19
50.92,23079,6186,24,504,22,1.19,2,8.33,1457,3.11,25,0.07
51.94,23581,6206,24,502,20,1.02,1,4.17,1457,3.11,50,0.11
53.04,24081,6218,24,500,12,1.1,1,4.17,1457,3.11,10,0.01
54.21,24584,6230,24,503,12,1.17,1,4.17,1457,3.11,125,0.3
55.46,25087,6246,24,503,16,1.25,2,8.33,1457,3.11,95,0.23
56.54,25588,6250,24,501,4,1.07,1,4.17,1457,3.11,150,0.31
57.66,26090,6302,24,502,52,1.12,3,12.5,1457,3.11,60,0.12
58.81,26594,6322,24,504,20,1.16,1,4.17,1457,3.11,75,0.18
60.13,27098,6338,24,504,16,1.32,1,4.17,1457,3.11,295,0.8
61.5,27599,6350,24,501,12,1.37,1,4.17,1457,3.11,40,0.11
62.7,28099,6362,24,500,12,1.2,1,4.17,1457,3.11,95,0.22
63.92,28602,6374,24,503,12,1.22,1,4.17,1457,3.11,55,0.18
65.05,29103,6386,24,501,12,1.14,1,4.17,1457,3.11,40,0.09
66.23,29607,6398,24,504,12,1.18,1,4.17,1457,3.11,5,0.01
67.38,30111,6426,24,504,28,1.15,1,4.17,1457,3.11,80,0.16
68.58,30611,6442,24,500,16,1.21,1,4.17,1457,3.11,130,0.32
69.81,31111,6490,24,500,48,1.23,2,8.33,1457,3.11,5,0.02
70.99,31612,6518,24,501,28,1.18,1,4.17,1457,3.11,115,0.27
72.3,32112,6534,24,500,16,1.31,1,4.17,1457,3.11,0,0
73.47,32614,6558,24,502,24,1.17,1,4.17,1457,3.11,80,0.19
74.65,33116,6566,24,502,8,1.18,1,4.17,1457,3.11,175,0.44
75.7,33619,6598,24,503,32,1.04,1,4.17,1457,3.11,10,0.02
76.87,34122,6610,24,503,12,1.18,1,4.17,1457,3.11,320,0.77
78.03,34626,6626,24,504,16,1.16,1,4.17,1457,3.11,5,0.01
79.11,35129,6646,24,503,20,1.08,1,4.17,1457,3.11,60,0.12
80.21,35633,6662,24,504,16,1.09,1,4.17,1457,3.11,25,0.06
81.38,36134,6690,24,501,28,1.17,1,4.17,1457,3.11,10,0.02
82.42,36635,6710,24,501,20,1.04,1,4.17,1457,3.11,230,0.47
83.54,37138,6734,24,503,24,1.12,1,4.17,1457,3.11,105,0.21
84.73,37641,6770,24,503,36,1.18,1,4.17,1457,3.11,25,0.05
85.76,38143,6798,24,502,28,1.04,1,4.17,1457,3.11,10,0.02
86.97,38645,6802,24,502,4,1.2,1,4.17,1457,3.11,155,0.38
88.22,39148,6826,24,503,24,1.25,1,4.17,1457,3.11,10,0.03
89.47,39652,6866,24,504,40,1.25,1,4.17,1457,3.11,50,0.12
90.61,40156,6898,24,504,32,1.13,1,4.17,1457,3.11,20,0.04
91.65,40656,6926,24,500,28,1.04,1,4.17,1457,3.11,10,0.02
92.86,41158,6958,24,502,32,1.22,1,4.17,1457,3.11,10,0.03
93.95,41661,6978,24,503,20,1.08,1,4.17,1457,3.11,135,0.28
95.03,42163,6994,24,502,16,1.08,1,4.17,1457,3.11,35,0.07
96.23,42665,7034,24,502,40,1.2,1,4.17,1457,3.11,85,0.21
97.45,43169,7062,24,504,28,1.23,1,4.17,1457,3.11,45,0.11
98.67,43669,7098,24,500,36,1.22,1,4.17,1457,3.11,10,0.02
99.75,44171,7118,24,502,20,1.09,1,4.17,1457,3.11,110,0.22
100.87,44673,7142,24,502,24,1.11,1,4.17,1457,3.11,135,0.31
102,45173,7158,24,500,16,1.14,1,4.17,1457,3.11,190,0.42
103.17,45675,7178,24,502,20,1.17,1,4.17,1457,3.11,5,0.01
104.39,46179,7206,24,504,28,1.21,1,4.17,1457,3.11,30,0.06
105.54,46683,7230,24,504,24,1.15,1,4.17,1457,3.11,10,0.02
106.79,47183,7262,24,500,32,1.25,1,4.17,1457,3.11,90,0.21
107.95,47686,7274,24,503,12,1.16,1,4.17,1457,3.11,70,0.15
109.13,48188,7294,24,502,20,1.18,1,4.17,1457,3.11,65,0.15
110.29,48688,7310,24,500,16,1.15,1,4.17,1457,3.11,75,0.16
111.39,49191,7326,24,503,16,1.1,1,4.17,1457,3.11,95,0.23
112.49,49695,7354,24,504,28,1.1,1,4.17,1457,3.11,35,0.09
113.67,50195,7378,24,500,24,1.17,1,4.17,1457,3.11,45,0.09
114.84,50696,7398,24,501,20,1.17,1,4.17,1457,3.11,5,0.01
115.93,51197,7430,24,501,32,1.09,1,4.17,1457,3.11,0,0
116.99,51699,7442,24,502,12,1.06,1,4.17,1457,3.11,120,0.26
118.2,52203,7474,24,504,32,1.21,1,4.17,1457,3.11,20,0.04
119.4,52704,7506,24,501,32,1.2,1,4.17,1457,3.11,45,0.09
120.6,53205,7510,24,501,4,1.19,1,4.17,1457,3.11,180,0.48
121.71,53709,7546,24,504,36,1.11,1,4.17,1457,3.11,90,0.21
122.96,54211,7562,24,502,16,1.25,1,4.17,1457,3.11,120,0.27
124.23,54713,7586,24,502,24,1.27,1,4.17,1457,3.11,130,0.32
125.55,55214,7622,24,501,36,1.31,1,4.17,1457,3.11,10,0.03
126.77,55715,7654,24,501,32,1.23,1,4.17,1457,3.11,15,0.04
127.99,56218,7682,24,503,28,1.21,1,4.17,1457,3.11,55,0.14
129.21,56719,7738,24,501,56,1.22,1,4.17,1457,3.11,5,0.01
130.38,57219,7758,24,500,20,1.17,1,4.17,1457,3.11,155,0.35
131.64,57722,7782,24,503,24,1.26,1,4.17,1457,3.11,80,0.19
132.69,58225,7826,24,503,44,1.05,1,4.17,1457,3.11,5,0.01
134.02,58727,7842,24,502,16,1.33,1,4.17,1457,3.11,5,0.01
135.2,59228,7854,24,501,12,1.17,1,4.17,1457,3.11,160,0.37
136.48,59731,7882,24,503,28,1.28,1,4.17,1457,3.11,80,0.21
137.6,60233,7922,24,502,40,1.13,1,4.17,1457,3.11,35,0.09
138.82,60734,7934,24,501,12,1.22,1,4.17,1457,3.11,160,0.38
139.99,61236,7982,24,502,48,1.17,1,4.17,1457,3.11,20,0.05
141.17,61738,8010,24,502,28,1.18,1,4.17,1457,3.11,160,0.36
142.37,62242,8018,24,504,8,1.2,1,4.17,1457,3.11,255,0.6
143.53,62743,8038,24,501,20,1.17,1,4.17,1457,3.11,120,0.27
144.7,63243,8054,24,500,16,1.16,1,4.17,1457,3.11,40,0.11
145.85,63744,8070,24,501,16,1.15,1,4.17,1457,3.11,140,0.34
147.01,64246,8086,24,502,16,1.16,1,4.17,1457,3.11,40,0.1
148.22,64750,8102,24,504,16,1.22,1,4.17,1457,3.11,20,0.05
149.5,65250,8134,24,500,32,1.28,1,4.17,1457,3.11,5,0.01
150.72,65751,8162,24,501,28,1.21,1,4.17,1457,3.11,40,0.11
151.89,66254,8166,24,503,4,1.18,1,4.17,1457,3.11,480,1.13
153.14,66758,8206,24,504,40,1.24,1,4.17,1457,3.11,80,0.2
154.24,67261,8226,24,503,20,1.1,1,4.17,1457,3.11,85,0.17
155.45,67764,8266,24,503,40,1.22,1,4.17,1457,3.11,110,0.27
156.75,68267,8286,24,503,20,1.3,1,4.17,1457,3.11,5,0.01
157.86,68767,8310,24,500,24,1.11,1,4.17,1457,3.11,90,0.19
158.98,69267,8326,24,500,16,1.12,1,4.17,1457,3.11,5,0.02
160.21,69767,8362,24,500,36,1.23,1,4.17,1457,3.11,55,0.12
161.42,70271,8374,24,504,12,1.21,1,4.17,1457,3.11,155,0.33
162.56,70771,8398,24,500,24,1.14,1,4.17,1457,3.11,185,0.43
163.68,71275,8430,24,504,32,1.13,1,4.17,1457,3.11,20,0.05
164.78,71778,8458,24,503,28,1.09,1,4.17,1457,3.11,60,0.13
165.99,72278,8486,24,500,28,1.22,1,4.17,1457,3.11,0,0
167.23,72781,8522,24,503,36,1.24,1,4.17,1457,3.11,10,0.02
168.34,73284,8546,24,503,24,1.11,1,4.17,1457,3.11,5,0.01
169.45,73784,8566,24,500,20,1.11,1,4.17,1457,3.11,145,0.29
170.58,74284,8578,24,500,12,1.13,1,4.17,1457,3.11,90,0.19
171.74,74784,8610,24,500,32,1.16,1,4.17,1457,3.11,75,0.19
172.95,75284,8658,24,500,48,1.21,1,4.17,1457,3.11,40,0.09
174.15,75784,8678,24,500,20,1.2,1,4.17,1457,3.11,195,0.41
175.26,76284,8698,24,500,20,1.11,1,4.17,1457,3.11,125,0.27
176.47,76784,8714,24,500,16,1.21,1,4.17,1457,3.11,185,0.45
177.63,77287,8742,24,503,28,1.16,1,4.17,1457,3.11,50,0.12
178.85,77788,8770,24,501,28,1.22,1,4.17,1457,3.11,155,0.36
180,78292,8794,24,504,24,1.15,1,4.17,1457,3.11,160,0.41
181.2,78795,8806,24,503,12,1.2,1,4.17,1457,3.11,120,0.26
182.4,79297,8850,24,502,44,1.2,1,4.17,1457,3.11,10,0.02
183.67,79800,8882,24,503,32,1.27,1,4.17,1457,3.11,25,0.07
184.82,80301,8898,24,501,16,1.15,1,4.17,1457,3.11,25,0.05
185.96,80802,8930,24,501,32,1.14,1,4.17,1457,3.11,200,0.45
187.13,81302,8946,24,500,16,1.17,1,4.17,1457,3.11,95,0.23
188.34,81802,8966,24,500,20,1.21,1,4.17,1457,3.11,60,0.15
189.54,82304,9002,24,502,36,1.2,1,4.17,1457,3.11,15,0.03
190.79,82805,9030,24,501,28,1.25,1,4.17,1457,3.11,105,0.26
191.98,83308,9054,24,503,24,1.2,1,4.17,1457,3.11,10,0.02
193.03,83809,9082,24,501,28,1.04,1,4.17,1457,3.11,45,0.09
194.22,84309,9110,24,500,28,1.19,1,4.17,1457,3.11,235,0.55
195.45,84813,9138,24,504,28,1.22,1,4.17,1457,3.11,80,0.18
196.64,85316,9162,24,503,24,1.19,1,4.17,1457,3.11,35,0.09
197.8,85818,9194,24,502,32,1.16,1,4.17,1457,3.11,85,0.18
198.9,86319,9226,24,501,32,1.1,1,4.17,1457,3.11,20,0.04
200.08,86820,9266,24,501,40,1.18,1,4.17,1457,3.11,15,0.04
201.29,87322,9298,24,502,32,1.21,1,4.17,1457,3.11,30,0.07
202.47,87822,9310,24,500,12,1.19,1,4.17,1457,3.11,80,0.17
203.79,88323,9322,24,501,12,1.31,1,4.17,1457,3.11,140,0.36
204.92,88825,9350,24,502,28,1.13,1,4.17,1457,3.11,30,0.06
206,89326,9370,24,501,20,1.08,1,4.17,1457,3.11,260,0.53
207.22,89829,9394,24,503,24,1.22,1,4.17,1457,3.11,80,0.17
208.42,90329,9414,24,500,20,1.19,1,4.17,1457,3.11,95,0.22
209.6,90833,9438,24,504,24,1.19,1,4.17,1457,3.11,145,0.32
210.84,91334,9470,24,501,32,1.24,1,4.17,1457,3.11,70,0.16
212.07,91838,9494,24,504,24,1.23,1,4.17,1457,3.11,50,0.12
213.26,92341,9514,24,503,20,1.19,1,4.17,1457,3.11,140,0.34
214.46,92843,9538,24,502,24,1.2,1,4.17,1457,3.11,115,0.25
215.62,93344,9578,24,501,40,1.16,1,4.17,1457,3.11,50,0.12
216.82,93848,9606,24,504,28,1.2,1,4.17,1457,3.11,15,0.03
218.07,94351,9634,24,503,28,1.25,1,4.17,1457,3.11,15,0.03
219.3,94852,9670,24,501,36,1.22,1,4.17,1457,3.11,10,0.03
220.54,95356,9726,24,504,56,1.24,1,4.17,1457,3.11,50,0.12
221.71,95860,9750,24,504,24,1.17,1,4.17,1457,3.11,145,0.33
222.96,96363,9766,24,503,16,1.25,1,4.17,1457,3.11,105,0.27
224.21,96866,9778,24,503,12,1.25,1,4.17,1457,3.11,45,0.13
225.47,97370,9798,24,504,20,1.26,1,4.17,1457,3.11,175,0.42
226.5,97870,9818,24,500,20,1.02,1,4.17,1457,3.11,50,0.11
227.76,98373,9842,24,503,24,1.26,1,4.17,1457,3.11,15,0.04
228.99,98874,9886,24,501,44,1.24,1,4.17,1457,3.11,5,0.01
230.06,99377,9914,24,503,28,1.06,1,4.17,1457,3.11,45,0.1
231.2,99877,9954,24,500,40,1.15,1,4.17,1457,3.11,30,0.07
232.37,100380,9982,24,503,28,1.17,1,4.17,1457,3.11,5,0.01
233.66,100883,10030,24,503,48,1.29,1,4.17,1457,3.11,140,0.33
234.9,101385,10074,24,502,44,1.24,1,4.17,1457,3.11,45,0.1
236.16,101885,10094,24,500,20,1.26,1,4.17,1457,3.11,80,0.19
237.36,102388,10134,24,503,40,1.21,1,4.17,1457,3.11,35,0.08
238.5,102892,10162,24,504,28,1.13,1,4.17,1457,3.11,95,0.21
239.65,103393,10198,24,501,36,1.16,1,4.17,1457,3.11,15,0.04
240.8,103896,10238,24,503,40,1.14,1,4.17,1457,3.11,35,0.08
241.98,104398,10270,24,502,32,1.18,1,4.17,1457,3.11,45,0.08
243.15,104900,10306,24,502,36,1.18,1,4.17,1457,3.11,215,0.49
244.33,105401,10322,24,501,16,1.18,1,4.17,1457,3.11,195,0.47
245.52,105903,10358,24,502,36,1.18,1,4.17,1457,3.11,30,0.08
246.71,106406,10366,24,503,8,1.2,1,4.17,1457,3.11,70,0.18
247.94,106909,10394,24,503,28,1.23,1,4.17,1457,3.11,60,0.13
249.14,107413,10426,24,504,32,1.2,1,4.17,1457,3.11,10,0.02
250.43,107916,10466,24,503,40,1.29,1,4.17,1457,3.11,70,0.18
251.82,108419,10498,24,503,32,1.39,1,4.17,1457,3.11,5,0.01
253.11,108923,10514,24,504,16,1.29,1,4.17,1457,3.11,45,0.11
254.34,109427,10534,24,504,20,1.22,1,4.17,1457,3.11,150,0.41
255.52,109927,10562,24,500,28,1.18,1,4.17,1457,3.11,0,0
256.66,110430,10594,24,503,32,1.14,1,4.17,1457,3.11,110,0.24
257.84,110930,10646,24,500,52,1.18,1,4.17,1457,3.11,10,0.03
259.07,111432,10698,24,502,52,1.23,1,4.17,1457,3.11,30,0.07
260.27,111934,10722,24,502,24,1.2,1,4.17,1457,3.11,150,0.38
261.5,112435,10746,24,501,24,1.22,1,4.17,1457,3.11,25,0.06
262.67,112938,10758,24,503,12,1.18,1,4.17,1457,3.11,5,0.01
263.89,113442,10770,24,504,12,1.21,1,4.17,1457,3.11,335,0.82
265.12,113943,10798,24,501,28,1.23,1,4.17,1457,3.11,10,0.02
266.36,114446,10806,24,503,8,1.24,1,4.17,1457,3.11,90,0.23
267.72,114949,10842,24,503,36,1.36,1,4.17,1457,3.11,100,0.31
269,115452,10874,24,503,32,1.28,1,4.17,1457,3.11,35,0.08
270.18,115955,10894,24,503,20,1.18,1,4.17,1457,3.11,105,0.25
271.44,116459,10922,24,504,28,1.26,1,4.17,1457,3.11,145,0.37
272.6,116960,10926,24,501,4,1.16,1,4.17,1457,3.11,355,0.83
273.74,117460,10962,24,500,36,1.13,1,4.17,1457,3.11,5,0.01
274.9,117964,10990,24,504,28,1.16,1,4.17,1457,3.11,145,0.33
276.01,118464,11018,24,500,28,1.11,1,4.17,1457,3.11,175,0.43
277.1,118965,11062,24,501,44,1.09,1,4.17,1457,3.11,20,0.04
278.19,119467,11102,24,502,40,1.09,1,4.17,1457,3.11,35,0.08
279.27,119968,11126,24,501,24,1.08,1,4.17,1457,3.11,40,0.09
280.52,120468,11142,24,500,16,1.25,1,4.17,1457,3.11,75,0.17
281.65,120972,11190,24,504,48,1.13,1,4.17,1457,3.11,15,0.03
282.94,121472,11218,24,500,28,1.29,1,4.17,1457,3.11,35,0.07
284.07,121976,11234,24,504,16,1.13,1,4.17,1457,3.11,220,0.51
285.37,122476,11258,24,500,24,1.29,1,4.17,1457,3.11,75,0.18
286.54,122976,11318,24,500,60,1.17,1,4.17,1457,3.11,75,0.17
287.62,123479,11338,24,503,20,1.08,1,4.17,1457,3.11,10,0.03
288.69,123980,11378,24,501,40,1.07,1,4.17,1457,3.11,75,0.16
289.83,124481,11398,24,501,20,1.14,1,4.17,1457,3.11,75,0.17
291.04,124981,11470,24,500,72,1.21,1,4.17,1457,3.11,30,0.07
292.17,125484,11478,24,503,8,1.13,1,4.17,1457,3.11,50,0.13
293.38,125987,11498,24,503,20,1.2,1,4.17,1457,3.11,25,0.06
294.66,126491,11510,24,504,12,1.29,1,4.17,1457,3.11,110,0.3
295.85,126994,11534,24,503,24,1.19,1,4.17,1457,3.11,15,0.04
297.09,127494,11546,23,500,12,1.24,2,8.7,1457,3.11,200,0.45
298.25,127994,11546,23,500,0,1.16,0,0,1457,3.11,700,1.6
299.3,128494,11546,23,500,0,1.05,0,0,1457,3.11,1200,2.65
300.4,128995,11550,23,501,4,1.11,1,4.35,1471,3.13,230,0.63
301.43,129495,11550,23,500,0,1.03,0,0,1471,3.13,730,1.66
302.44,129995,11550,23,500,0,1.01,0,0,1471,3.13,1230,2.67
303.53,130496,11554,23,501,4,1.09,1,4.35,1506,3.3,225,0.46
304.54,130996,11554,23,500,0,1.01,0,0,1506,3.3,725,1.47
305.5,131496,11554,23,500,0,0.96,0,0,1506,3.3,1225,2.43
306.5,131996,11554,23,500,0,0.99,0,0,1506,3.3,1725,3.42
307.59,132496,11554,23,500,0,1.1,0,0,1506,3.3,2225,4.52
308.69,132997,11558,23,501,4,1.1,1,4.35,2636,5.41,90,0.21
309.88,133497,11558,23,500,0,1.19,0,0,2636,5.41,590,1.4
310.95,133997,11558,23,500,0,1.08,0,0,2636,5.41,1090,2.47
311.84,134500,11566,23,503,8,0.89,1,4.35,2636,5.41,75,0.14
312.9,135003,11578,23,503,12,1.06,1,4.35,2636,5.41,290,0.62
314.07,135503,11578,23,500,0,1.18,0,0,2636,5.41,790,1.79
315.21,136006,11590,23,503,12,1.13,1,4.35,2636,5.41,125,0.3
316.25,136508,11598,23,502,8,1.05,1,4.35,2636,5.41,205,0.4
317.26,137011,11618,23,503,20,1.01,1,4.35,2636,5.41,100,0.18
318.28,137511,11618,23,500,0,1.02,0,0,2636,5.41,600,1.2
319.29,138014,11630,23,503,12,1.01,1,4.35,2636,5.41,25,0.05
320.38,138518,11642,23,504,12,1.09,1,4.35,2636,5.41,140,0.29
321.41,139022,11658,23,504,16,1.03,1,4.35,2636,5.41,85,0.19
322.51,139523,11682,23,501,24,1.1,1,4.35,2636,5.41,35,0.09
323.58,140024,11694,23,501,12,1.07,1,4.35,2636,5.41,220,0.48
324.68,140525,11718,23,501,24,1.1,1,4.35,2636,5.41,90,0.21
326.01,141025,11742,23,500,24,1.33,2,8.7,2636,5.41,5,0.01
327.14,141525,11770,23,500,28,1.13,1,4.35,2636,5.41,110,0.24
328.22,142027,11786,23,502,16,1.08,1,4.35,2636,5.41,30,0.08
329.37,142528,11802,23,501,16,1.15,1,4.35,2636,5.41,40,0.09
330.61,143032,11830,23,504,28,1.24,1,4.35,2636,5.41,115,0.28
331.76,143533,11850,23,501,20,1.15,1,4.35,2636,5.41,60,0.14
332.94,144037,11866,23,504,16,1.18,1,4.35,2636,5.41,40,0.09
334.11,144539,11886,23,502,20,1.17,1,4.35,2636,5.41,130,0.33
335.22,145043,11902,23,504,16,1.11,1,4.35,2636,5.41,80,0.18
336.31,145544,11942,23,501,40,1.09,1,4.35,2636,5.41,20,0.04
337.43,146045,11958,23,501,16,1.12,1,4.35,2636,5.41,25,0.05
338.49,146545,11986,23,500,28,1.06,1,4.35,2636,5.41,5,0.01
339.55,147047,12002,23,502,16,1.07,1,4.35,2636,5.41,145,0.31
340.69,147547,12054,23,500,52,1.13,1,4.35,2636,5.41,5,0.01
341.81,148049,12062,23,502,8,1.12,1,4.35,2636,5.41,275,0.59
342.89,148550,12094,23,501,32,1.08,1,4.35,2636,5.41,5,0.01
343.97,149053,12122,23,503,28,1.08,1,4.35,2636,5.41,135,0.27
345.1,149554,12158,23,501,36,1.13,1,4.35,2636,5.41,10,0.03
346.27,150058,12182,23,504,24,1.16,1,4.35,2636,5.41,25,0.06
347.47,150560,12202,23,502,20,1.2,1,4.35,2636,5.41,35,0.08
348.66,151063,12234,23,503,32,1.19,2,8.7,2636,5.41,65,0.15
349.82,151566,12274,23,503,40,1.17,1,4.35,2636,5.41,15,0.03
351.06,152070,12310,23,504,36,1.23,1,4.35,2636,5.41,15,0.02
352.18,152572,12342,23,502,32,1.12,1,4.35,2636,5.41,50,0.09
353.26,153073,12362,23,501,20,1.08,1,4.35,2636,5.41,15,0.04
354.47,153577,12394,23,504,32,1.21,1,4.35,2636,5.41,150,0.37
355.59,154080,12422,23,503,28,1.13,1,4.35,2636,5.41,105,0.26
356.73,154582,12430,23,502,8,1.13,1,4.35,2636,5.41,190,0.4
357.86,155083,12454,23,501,24,1.13,1,4.35,2636,5.41,30,0.05
358.93,155585,12506,23,502,52,1.07,1,4.35,2636,5.41,25,0.05
360.17,156088,12526,23,503,20,1.25,2,8.7,2636,5.41,95,0.26
361.51,156588,12546,23,500,20,1.34,1,4.35,2636,5.41,175,0.44
362.81,157092,12574,23,504,28,1.29,1,4.35,2636,5.41,25,0.06
364.02,157595,12598,23,503,24,1.22,1,4.35,2636,5.41,30,0.06
365.2,158098,12630,23,503,32,1.18,1,4.35,2636,5.41,55,0.13
366.43,158600,12654,23,502,24,1.23,1,4.35,2636,5.41,65,0.14
367.76,159104,12674,23,504,20,1.33,1,4.35,2636,5.41,65,0.17
369.17,159605,12706,23,501,32,1.41,1,4.35,2636,5.41,50,0.15
370.42,160108,12738,23,503,32,1.25,1,4.35,2636,5.41,205,0.48
371.53,160610,12766,23,502,28,1.11,1,4.35,2636,5.41,25,0.05
372.86,161113,12798,23,503,32,1.33,1,4.35,2636,5.41,40,0.09
374.08,161616,12830,23,503,32,1.22,1,4.35,2636,5.41,25,0.06
375.27,162120,12870,23,504,40,1.19,1,4.35,2636,5.41,20,0.06
376.52,162623,12902,23,503,32,1.26,1,4.35,2636,5.41,15,0.04
377.84,163125,12942,23,502,40,1.31,1,4.35,2636,5.41,30,0.09
379.04,163629,12982,23,504,40,1.2,1,4.35,2636,5.41,45,0.1
380.19,164132,13010,23,503,28,1.15,1,4.35,2636,5.41,30,0.07
381.38,164636,13034,23,504,24,1.19,1,4.35,2636,5.41,5,0.01
382.6,165139,13058,23,503,24,1.22,1,4.35,2636,5.41,40,0.09
383.83,165643,13102,23,504,44,1.23,1,4.35,2636,5.41,105,0.28
385.18,166145,13122,23,502,20,1.35,1,4.35,2636,5.41,180,0.44
386.42,166648,13150,23,503,28,1.24,1,4.35,2636,5.41,180,0.44
387.41,167152,13170,23,504,20,0.99,1,4.35,2636,5.41,195,0.35
388.57,167655,13190,23,503,20,1.16,1,4.35,2636,5.41,10,0.01
389.84,168158,13214,23,503,24,1.27,1,4.35,2636,5.41,25,0.07
391.04,168660,13234,23,502,20,1.2,1,4.35,2636,5.41,25,0.07
392.22,169161,13270,23,501,36,1.18,1,4.35,2636,5.41,65,0.15
393.43,169665,13298,23,504,28,1.2,1,4.35,2636,5.41,5,0.01
394.57,170165,13326,23,500,28,1.14,1,4.35,2636,5.41,15,0.04
395.85,170668,13350,23,503,24,1.29,1,4.35,2636,5.41,175,0.48
397.07,171168,13386,23,500,36,1.22,1,4.35,2636,5.41,10,0.02
398.2,171670,13426,23,502,40,1.13,1,4.35,2636,5.41,60,0.13
399.32,172170,13442,23,500,16,1.12,1,4.35,2636,5.41,95,0.21
400.41,172672,13478,23,502,36,1.09,1,4.35,2636,5.41,35,0.06
401.59,173176,13506,23,504,28,1.18,1,4.35,2636,5.41,20,0.06
402.69,173679,13538,23,503,32,1.11,1,4.35,2636,5.41,20,0.04
403.89,174181,13546,23,502,8,1.2,1,4.35,2636,5.41,185,0.45
405.07,174683,13566,23,502,20,1.19,1,4.35,2636,5.41,65,0.13
406.2,175184,13594,23,501,28,1.12,1,4.35,2636,5.41,90,0.19
407.36,175686,13614,23,502,20,1.16,1,4.35,2636,5.41,75,0.15
408.51,176190,13646,23,504,32,1.15,1,4.35,2636,5.41,55,0.14
409.64,176693,13654,23,503,8,1.14,1,4.35,2636,5.41,250,0.55
410.74,177197,13702,23,504,48,1.1,1,4.35,2636,5.41,30,0.07
411.9,177698,13726,23,501,24,1.15,1,4.35,2636,5.41,135,0.31
413.05,178201,13754,23,503,28,1.15,1,4.35,2636,5.41,120,0.28
414.27,178705,13798,23,504,44,1.22,1,4.35,2636,5.41,50,0.13
415.47,179205,13838,23,500,40,1.21,1,4.35,2636,5.41,65,0.14
416.87,179708,13874,23,503,36,1.4,1,4.35,2636,5.41,65,0.17
418.02,180210,13882,23,502,8,1.14,1,4.35,2636,5.41,50,0.11
419.11,180711,13902,23,501,20,1.09,1,4.35,2636,5.41,50,0.09
420.3,181215,13946,23,504,44,1.19,1,4.35,2636,5.41,15,0.03
421.46,181716,13962,23,501,16,1.16,1,4.35,2636,5.41,125,0.28
422.51,182218,13982,23,502,20,1.05,1,4.35,2636,5.41,175,0.36
423.64,182719,14038,23,501,56,1.13,1,4.35,2636,5.41,60,0.16
424.97,183223,14058,23,504,20,1.33,1,4.35,2636,5.41,175,0.46
426.18,183727,14070,23,504,12,1.21,1,4.35,2636,5.41,110,0.26
427.47,184229,14094,23,502,24,1.3,1,4.35,2636,5.41,125,0.33
428.66,184729,14126,23,500,32,1.19,1,4.35,2636,5.41,0,0
429.88,185230,14146,23,501,20,1.21,1,4.35,2636,5.41,120,0.28
431.1,185730,14170,23,500,24,1.23,1,4.35,2636,5.41,25,0.06
432.4,186230,14210,23,500,40,1.29,1,4.35,2636,5.41,15,0.05
433.65,186732,14238,23,502,28,1.26,1,4.35,2636,5.41,25,0.07
434.96,187234,14246,23,502,8,1.3,1,4.35,2636,5.41,95,0.24
436.23,187736,14270,23,502,24,1.27,1,4.35,2636,5.41,35,0.1
437.43,188240,14302,23,504,32,1.2,1,4.35,2636,5.41,25,0.07
438.65,188743,14338,23,503,36,1.22,1,4.35,2636,5.41,75,0.17
439.86,189244,14362,23,501,24,1.21,1,4.35,2636,5.41,30,0.08
440.91,189746,14390,23,502,28,1.05,1,4.35,2636,5.41,25,0.05
442.03,190247,14406,23,501,16,1.12,1,4.35,2636,5.41,15,0.03
443.2,190747,14410,23,500,4,1.17,1,4.35,2636,5.41,380,0.89
444.28,191249,14422,23,502,12,1.08,1,4.35,2636,5.41,150,0.35
445.49,191749,14478,23,500,56,1.21,1,4.35,2636,5.41,50,0.11
446.66,192252,14518,23,503,40,1.17,1,4.35,2636,5.41,105,0.25
447.94,192753,14538,23,501,20,1.28,1,4.35,2636,5.41,165,0.42
449.13,193255,14562,23,502,24,1.19,1,4.35,2636,5.41,110,0.26
450.41,193759,14598,23,504,36,1.27,1,4.35,2636,5.41,110,0.33
451.72,194259,14634,23,500,36,1.31,1,4.35,2636,5.41,15,0.03
452.96,194763,14674,23,504,40,1.24,1,4.35,2636,5.41,15,0.02
454.13,195264,14702,23,501,28,1.18,1,4.35,2636,5.41,140,0.32
455.37,195766,14726,23,502,24,1.23,1,4.35,2636,5.41,60,0.14
456.54,196266,14754,23,500,28,1.17,1,4.35,2636,5.41,70,0.17
457.83,196768,14774,23,502,20,1.29,1,4.35,2636,5.41,60,0.15
459.14,197269,14806,23,501,32,1.31,1,4.35,2636,5.41,30,0.08
460.35,197769,14834,23,500,28,1.21,1,4.35,2636,5.41,10,0.03
461.57,198269,14874,23,500,40,1.22,1,4.35,2636,5.41,5,0.01
462.8,198770,14930,23,501,56,1.23,1,4.35,2636,5.41,65,0.17
464.04,199274,14978,23,504,48,1.24,1,4.35,2636,5.41,60,0.13
465.31,199775,14990,23,501,12,1.27,1,4.35,2636,5.41,190,0.49
466.53,200275,15018,23,500,28,1.22,1,4.35,2636,5.41,30,0.09
467.82,200778,15038,23,503,20,1.29,1,4.35,2636,5.41,155,0.39
469.02,201278,15070,23,500,32,1.2,1,4.35,2636,5.41,75,0.16
470.15,201781,15094,23,503,24,1.13,1,4.35,2636,5.41,35,0.08
471.34,202284,15118,23,503,24,1.19,1,4.35,2636,5.41,90,0.21
472.53,202787,15130,23,503,12,1.19,1,4.35,2636,5.41,160,0.38
473.77,203291,15150,23,504,20,1.24,1,4.35,2636,5.41,50,0.1
474.94,203794,15182,23,503,32,1.17,1,4.35,2636,5.41,15,0.03
476.17,204296,15202,23,502,20,1.23,1,4.35,2636,5.41,75,0.2
477.35,204796,15226,23,500,24,1.17,1,4.35,2636,5.41,30,0.07
478.59,205297,15242,23,501,16,1.24,1,4.35,2636,5.41,110,0.29
479.86,205797,15262,23,500,20,1.27,1,4.35,2636,5.41,60,0.16
481.25,206299,15282,23,502,20,1.39,1,4.35,2636,5.41,150,0.41
482.5,206800,15314,23,501,32,1.24,1,4.35,2636,5.41,85,0.22
483.64,207303,15350,23,503,36,1.15,1,4.35,2636,5.41,70,0.15
484.79,207807,15390,23,504,40,1.15,1,4.35,2636,5.41,20,0.04
486,208308,15402,23,501,12,1.21,1,4.35,2636,5.41,220,0.53
487.12,208811,15438,23,503,36,1.12,1,4.35,2636,5.41,15,0.05
488.44,209312,15454,23,501,16,1.32,1,4.35,2636,5.41,0,0
489.64,209815,15494,23,503,40,1.19,1,4.35,2636,5.41,10,0.02
490.95,210315,15514,23,500,20,1.31,1,4.35,2636,5.41,55,0.13
492.23,210817,15554,23,502,40,1.28,1,4.35,2636,5.41,75,0.19
493.51,211321,15586,23,504,32,1.28,1,4.35,2636,5.41,100,0.21
494.73,211825,15610,23,504,24,1.22,1,4.35,2636,5.41,60,0.15
495.93,212325,15630,23,500,20,1.19,1,4.35,2636,5.41,55,0.16
497.1,212829,15666,23,504,36,1.17,1,4.35,2636,5.41,20,0.06
498.26,213333,15698,23,504,32,1.16,1,4.35,2636,5.41,55,0.15
499.53,213837,15714,23,504,16,1.27,1,4.35,2636,5.41,70,0.17
500.76,214338,15742,23,501,28,1.23,1,4.35,2636,5.41,10,0.02
502.11,214838,15766,23,500,24,1.35,1,4.35,2636,5.41,165,0.44
503.39,215341,15786,23,503,20,1.28,1,4.35,2636,5.41,55,0.13
504.59,215845,15806,23,504,20,1.2,1,4.35,2636,5.41,45,0.11
505.88,216346,15822,23,501,16,1.29,1,4.35,2636,5.41,220,0.57
507.05,216850,15838,23,504,16,1.17,1,4.35,2636,5.41,10,0.03
508.27,217350,15874,23,500,36,1.21,1,4.35,2636,5.41,25,0.06
509.5,217850,15914,23,500,40,1.23,1,4.35,2636,5.41,15,0.04
510.77,218350,15930,23,500,16,1.27,1,4.35,2636,5.41,35,0.1
511.96,218851,15966,23,501,36,1.19,1,4.35,2636,5.41,45,0.09
513.1,219353,15986,23,502,20,1.14,1,4.35,2636,5.41,5,0.01
514.25,219856,16006,23,503,20,1.15,1,4.35,2636,5.41,30,0.06
515.42,220357,16018,23,501,12,1.17,1,4.35,2636,5.41,25,0.06
516.7,220860,16034,23,503,16,1.28,1,4.35,2636,5.41,70,0.19
517.89,221361,16050,23,501,16,1.19,1,4.35,2636,5.41,125,0.31
519.08,221861,16074,23,500,24,1.19,1,4.35,2636,5.41,15,0.04
520.36,222361,16110,23,500,36,1.28,1,4.35,2636,5.41,115,0.32
521.61,222861,16126,23,500,16,1.25,1,4.35,2636,5.41,0,0
522.84,223361,16138,23,500,12,1.23,1,4.35,2636,5.41,25,0.06
524.11,223865,16174,23,504,36,1.27,1,4.35,2636,5.41,130,0.34
525.29,224369,16190,23,504,16,1.18,1,4.35,2636,5.41,250,0.59
526.48,224872,16210,23,503,20,1.19,1,4.35,2636,5.41,190,0.49
527.62,225376,16258,23,504,48,1.14,1,4.35,2636,5.41,65,0.13
528.82,225878,16274,23,502,16,1.2,1,4.35,2636,5.41,105,0.26
529.95,226379,16290,23,501,16,1.13,1,4.35,2636,5.41,15,0.03
531.31,226879,16318,23,500,28,1.36,1,4.35,2636,5.41,5,0.01
532.53,227382,16334,23,503,16,1.22,1,4.35,2636,5.41,105,0.21
533.78,227885,16350,23,503,16,1.25,1,4.35,2636,5.41,65,0.16
535.01,228387,16358,23,502,8,1.23,1,4.35,2636,5.41,75,0.19
536.2,228890,16390,23,503,32,1.19,1,4.35,2636,5.41,10,0.02
537.48,229392,16430,23,502,40,1.28,1,4.35,2636,5.41,25,0.07
538.7,229895,16438,23,503,8,1.22,1,4.35,2636,5.41,215,0.51
539.93,230395,16450,23,500,12,1.22,1,4.35,2636,5.41,70,0.18
541.27,230896,16474,23,501,24,1.34,1,4.35,2636,5.41,20,0.04
542.43,231396,16514,23,500,40,1.16,1,4.35,2636,5.41,5,0.01
543.59,231899,16526,23,503,12,1.16,1,4.35,2636,5.41,35,0.1
544.71,232400,16550,23,501,24,1.11,1,4.35,2636,5.41,135,0.34
546,232902,16582,23,502,32,1.29,1,4.35,2636,5.41,125,0.3
547.26,233405,16610,23,503,28,1.26,1,4.35,2636,5.41,145,0.38
548.43,233909,16646,23,504,36,1.17,1,4.35,2636,5.41,15,0.03
549.74,234410,16678,23,501,32,1.31,1,4.35,2636,5.41,10,0.03
551.21,234911,16698,23,501,20,1.48,1,4.35,2636,5.41,160,0.45
552.48,235414,16722,23,503,24,1.26,1,4.35,2636,5.41,45,0.11
553.6,235917,16754,23,503,32,1.12,1,4.35,2636,5.41,5,0.02
554.97,236421,16774,23,504,20,1.37,1,4.35,2636,5.41,80,0.22
556.27,236925,16798,23,504,24,1.3,1,4.35,2636,5.41,20,0.06
557.54,237425,16830,23,500,32,1.28,1,4.35,2636,5.41,80,0.19
558.77,237928,16870,23,503,40,1.23,1,4.35,2636,5.41,15,0.06
560.19,238432,16914,23,504,44,1.42,1,4.35,2636,5.41,50,0.14
561.58,238936,16938,23,504,24,1.39,1,4.35,2636,5.41,265,0.77
562.84,239438,16954,23,502,16,1.26,1,4.35,2636,5.41,65,0.25
564.34,239940,16966,23,502,12,1.51,1,4.35,2636,5.41,60,0.15
566.27,240444,16990,23,504,24,1.93,1,4.35,2636,5.41,25,0.16
567.87,240945,17014,23,501,24,1.6,1,4.35,2636,5.41,95,0.28
569.42,241446,17046,23,501,32,1.55,2,8.7,2636,5.41,35,0.08
571.15,241949,17058,23,503,12,1.73,1,4.35,2636,5.41,20,0.14
1.2,503,4843,23,503,4843,1.2,2,8.7,36,0.09,465,1.11
2.21,1004,4863,23,501,20,1.01,1,4.35,686,1.59,280,0.53
3.36,1507,5218,23,503,355,1.15,1,4.35,686,1.59,10,0.02
4.57,2007,5243,23,500,25,1.22,1,4.35,686,1.59,140,0.33
5.89,2507,5904,25,500,661,1.32,5,20,686,1.59,230,0.52
6.89,3009,6007,25,502,103,1,1,4,686,1.59,50,0.07
7.91,3513,6011,25,504,4,1.02,2,8,686,1.59,365,0.78
8.95,4014,6017,25,501,6,1.04,1,4,686,1.59,440,0.91
10.25,4515,6037,25,501,20,1.3,1,4,901,2.09,40,0.12
11.28,5017,6041,25,502,4,1.03,1,4,901,2.09,335,0.66
12.39,5518,6044,25,501,3,1.11,1,4,901,2.09,225,0.55
13.64,6021,6049,26,503,5,1.25,2,7.69,901,2.09,15,0.05
14.73,6521,6053,26,500,4,1.09,1,3.85,901,2.09,0,0
15.87,7022,6057,26,501,4,1.14,1,3.85,901,2.09,490,1.12
16.93,7523,6077,26,501,20,1.06,1,3.85,901,2.09,65,0.14
18.06,8024,6079,26,501,2,1.13,1,3.85,901,2.09,265,0.58
19.22,8525,6088,26,501,9,1.16,2,7.69,901,2.09,55,0.14
20.41,9026,6104,26,501,16,1.18,1,3.85,901,2.09,0,0
21.49,9526,6120,26,500,16,1.09,1,3.85,901,2.09,25,0.05
22.66,10029,6152,26,503,32,1.16,2,7.69,901,2.09,65,0.15
23.9,10530,6164,26,501,12,1.24,2,7.69,901,2.09,310,0.78
25.09,11034,6176,26,504,12,1.2,1,3.85,901,2.09,95,0.23
26.21,11538,6192,26,504,16,1.11,1,3.85,901,2.09,135,0.27
27.41,12040,6208,26,502,16,1.2,1,3.85,901,2.09,25,0.07
28.75,12543,6220,26,503,12,1.34,1,3.85,901,2.09,110,0.32
29.98,13043,6240,26,500,20,1.23,1,3.85,901,2.09,95,0.2
31.19,13544,6260,26,501,20,1.21,3,11.54,901,2.09,25,0.07
32.31,14047,6272,26,503,12,1.12,1,3.85,901,2.09,155,0.33
33.58,14549,6288,26,502,16,1.26,1,3.85,901,2.09,215,0.56
34.85,15051,6296,26,502,8,1.27,1,3.85,901,2.09,170,0.44
35.95,15551,6296,26,500,0,1.1,0,0,901,2.09,670,1.53
37.19,16053,6328,26,502,32,1.25,1,3.85,901,2.09,20,0.05
38.47,16557,6360,26,504,32,1.28,1,3.85,901,2.09,25,0.06
39.74,17060,6388,26,503,28,1.27,2,7.69,901,2.09,50,0.11
40.94,17563,6400,26,503,12,1.2,1,3.85,901,2.09,155,0.36
42.26,18066,6412,26,503,12,1.32,1,3.85,901,2.09,175,0.48
43.62,18569,6424,26,503,12,1.36,1,3.85,901,2.09,70,0.17
44.73,19070,6428,26,501,4,1.11,1,3.85,901,2.09,140,0.35
45.96,19572,6464,26,502,36,1.23,1,3.85,901,2.09,90,0.19
47.12,20072,6496,26,500,32,1.16,1,3.85,901,2.09,20,0.05
48.47,20573,6508,26,501,12,1.35,1,3.85,901,2.09,60,0.16
49.7,21074,6524,26,501,16,1.23,1,3.85,901,2.09,85,0.2
50.91,21578,6540,26,504,16,1.21,1,3.85,901,2.09,100,0.25
52.04,22081,6572,26,503,32,1.13,1,3.85,901,2.09,130,0.27
53.34,22582,6584,26,501,12,1.3,1,3.85,901,2.09,45,0.12
54.7,23086,6604,26,504,20,1.36,1,3.85,901,2.09,75,0.19
56,23588,6616,26,502,12,1.3,1,3.85,901,2.09,95,0.22
57.18,24091,6636,26,503,20,1.18,1,3.85,901,2.09,50,0.11
58.32,24595,6648,26,504,12,1.14,1,3.85,901,2.09,35,0.09
59.45,25099,6676,26,504,28,1.13,1,3.85,901,2.09,135,0.28
60.72,25601,6716,26,502,40,1.27,1,3.85,901,2.09,105,0.34
61.83,26105,6736,26,504,20,1.11,1,3.85,901,2.09,35,0.09
63.07,26607,6748,26,502,12,1.24,1,3.85,901,2.09,75,0.2
64.31,27110,6764,26,503,16,1.24,1,3.85,901,2.09,65,0.19
65.55,27612,6792,26,502,28,1.25,1,3.85,901,2.09,35,0.11
66.85,28116,6828,26,504,36,1.29,1,3.85,901,2.09,35,0.08
68.05,28618,6852,26,502,24,1.2,1,3.85,901,2.09,5,0.01
69.18,29122,6880,26,504,28,1.13,1,3.85,901,2.09,165,0.36
70.46,29622,6900,26,500,20,1.28,1,3.85,901,2.09,15,0.03
71.61,30123,6916,26,501,16,1.15,1,3.85,901,2.09,90,0.22
72.8,30624,6940,26,501,24,1.19,1,3.85,901,2.09,80,0.2
73.98,31126,6948,26,502,8,1.18,1,3.85,901,2.09,325,0.76
75,31626,6972,26,500,24,1.02,1,3.85,901,2.09,140,0.26
76.16,32128,6992,26,502,20,1.16,1,3.85,901,2.09,115,0.28
77.31,32632,7004,26,504,12,1.14,1,3.85,901,2.09,145,0.32
78.41,33135,7028,26,503,24,1.1,2,7.69,901,2.09,10,0.02
79.61,33636,7060,26,501,32,1.2,1,3.85,901,2.09,10,0.03
80.9,34139,7084,26,503,24,1.29,1,3.85,901,2.09,185,0.46
82.14,34641,7112,26,502,28,1.24,1,3.85,901,2.09,35,0.1
83.3,35145,7124,26,504,12,1.16,1,3.85,901,2.09,55,0.1
84.32,35649,7148,26,504,24,1.01,1,3.85,901,2.09,20,0.05
85.54,36151,7172,26,502,24,1.22,1,3.85,901,2.09,10,0.03
86.63,36654,7184,26,503,12,1.09,1,3.85,901,2.09,5,0.01
87.88,37156,7216,26,502,32,1.26,1,3.85,901,2.09,35,0.08
89.01,37657,7260,26,501,44,1.13,1,3.85,901,2.09,30,0.07
90.23,38158,7308,26,501,48,1.22,1,3.85,901,2.09,5,0.02
91.41,38661,7332,26,503,24,1.18,1,3.85,901,2.09,180,0.41
92.49,39162,7352,26,501,20,1.09,1,3.85,901,2.09,5,0.01
93.65,39664,7376,26,502,24,1.16,1,3.85,901,2.09,30,0.07
94.9,40165,7396,26,501,20,1.24,1,3.85,901,2.09,210,0.51
96.12,40665,7408,26,500,12,1.22,1,3.85,901,2.09,135,0.34
97.37,41165,7452,26,500,44,1.25,1,3.85,901,2.09,85,0.2
98.56,41667,7492,26,502,40,1.19,1,3.85,901,2.09,25,0.06
99.65,42168,7516,26,501,24,1.1,1,3.85,901,2.09,10,0.03
100.85,42670,7544,26,502,28,1.2,1,3.85,901,2.09,85,0.22
102.07,43173,7556,26,503,12,1.22,1,3.85,901,2.09,45,0.13
103.3,43676,7592,26,503,36,1.23,1,3.85,901,2.09,5,0
104.41,44179,7620,26,503,28,1.1,1,3.85,901,2.09,25,0.06
105.59,44682,7660,26,503,40,1.18,1,3.85,901,2.09,20,0.05
106.92,45186,7692,26,504,32,1.33,1,3.85,901,2.09,30,0.09
108.21,45690,7724,26,504,32,1.29,1,3.85,901,2.09,35,0.09
109.42,46190,7740,26,500,16,1.22,1,3.85,901,2.09,5,0.01
110.67,46691,7772,26,501,32,1.24,1,3.85,901,2.09,30,0.08
111.94,47195,7788,26,504,16,1.27,1,3.85,901,2.09,150,0.39
113.07,47697,7812,26,502,24,1.13,2,7.69,901,2.09,15,0.03
114.28,48198,7848,26,501,36,1.21,1,3.85,901,2.09,145,0.37
115.48,48701,7876,26,503,28,1.2,1,3.85,901,2.09,160,0.38
116.74,49204,7896,26,503,20,1.27,1,3.85,901,2.09,10,0.03
117.94,49704,7912,26,500,16,1.2,1,3.85,901,2.09,80,0.17
119.17,50207,7952,26,503,40,1.22,1,3.85,901,2.09,15,0.03
120.32,50707,7996,26,500,44,1.16,1,3.85,901,2.09,10,0.02
121.61,51209,8032,26,502,36,1.29,1,3.85,901,2.09,15,0.05
122.88,51710,8060,26,501,28,1.27,1,3.85,901,2.09,15,0.04
124.07,52210,8096,26,500,36,1.19,1,3.85,901,2.09,0,0
125.25,52713,8132,26,503,36,1.18,1,3.85,901,2.09,15,0.04
126.5,53217,8160,26,504,28,1.25,1,3.85,901,2.09,25,0.07
127.63,53721,8176,26,504,16,1.13,1,3.85,901,2.09,5,0.01
128.9,54221,8188,26,500,12,1.27,1,3.85,901,2.09,75,0.18
130.1,54721,8204,26,500,16,1.2,1,3.85,901,2.09,160,0.39
131.26,55222,8240,26,501,36,1.16,1,3.85,901,2.09,35,0.08
132.44,55723,8244,26,501,4,1.18,1,3.85,901,2.09,85,0.19
133.69,56223,8280,26,500,36,1.25,1,3.85,901,2.09,145,0.36
134.8,56725,8312,26,502,32,1.1,1,3.85,901,2.09,5,0.01
135.94,57225,8352,26,500,40,1.15,1,3.85,901,2.09,30,0.07
137.11,57727,8384,26,502,32,1.17,1,3.85,901,2.09,150,0.34
138.37,58230,8412,26,503,28,1.26,1,3.85,901,2.09,15,0.04
139.61,58734,8436,26,504,24,1.25,1,3.85,901,2.09,90,0.22
140.82,59234,8468,26,500,32,1.21,1,3.85,901,2.09,35,0.08
141.96,59734,8500,26,500,32,1.14,1,3.85,901,2.09,35,0.09
143.1,60236,8520,26,502,20,1.15,1,3.85,901,2.09,135,0.3
144.25,60737,8560,26,501,40,1.15,1,3.85,901,2.09,35,0.08
145.31,61240,8596,26,503,36,1.06,1,3.85,901,2.09,120,0.22
146.32,61742,8620,26,502,24,1,1,3.85,901,2.09,10,0.02
147.54,62244,8648,26,502,28,1.23,1,3.85,901,2.09,30,0.07
148.74,62744,8688,26,500,40,1.19,1,3.85,901,2.09,5,0.01
149.97,63245,8708,26,501,20,1.23,1,3.85,901,2.09,35,0.08
151.26,63747,8720,26,502,12,1.3,1,3.85,901,2.09,150,0.38
152.54,64247,8736,26,500,16,1.28,1,3.85,901,2.09,0,0
153.78,64750,8776,26,503,40,1.24,1,3.85,901,2.09,75,0.21
155.04,65254,8816,26,504,40,1.26,1,3.85,901,2.09,70,0.16
156.26,65757,8856,26,503,40,1.23,1,3.85,901,2.09,40,0.09
157.51,66259,8880,26,502,24,1.25,1,3.85,901,2.09,95,0.25
158.68,66759,8908,26,500,28,1.17,1,3.85,901,2.09,50,0.12
159.87,67263,8932,26,504,24,1.19,1,3.85,901,2.09,15,0.03
160.98,67766,8960,26,503,28,1.11,1,3.85,901,2.09,75,0.15
162.22,68266,9020,26,500,60,1.25,1,3.85,901,2.09,15,0.05
163.46,68767,9060,26,501,40,1.23,1,3.85,901,2.09,75,0.18
164.56,69270,9068,26,503,8,1.1,1,3.85,901,2.09,30,0.07
165.75,69772,9092,26,502,24,1.19,1,3.85,901,2.09,70,0.17
166.98,70274,9124,26,502,32,1.23,1,3.85,901,2.09,25,0.06
168.11,70778,9148,26,504,24,1.13,1,3.85,901,2.09,95,0.21
169.29,71279,9172,26,501,24,1.19,1,3.85,901,2.09,10,0.03
170.62,71779,9192,26,500,20,1.33,1,3.85,901,2.09,105,0.32
171.9,72279,9208,26,500,16,1.28,1,3.85,901,2.09,100,0.22
173.19,72783,9236,26,504,28,1.29,1,3.85,901,2.09,35,0.1
174.34,73286,9264,26,503,28,1.15,1,3.85,901,2.09,10,0.03
175.57,73787,9304,26,501,40,1.23,1,3.85,901,2.09,25,0.05
176.69,74291,9324,26,504,20,1.12,1,3.85,901,2.09,25,0.05
177.99,74793,9352,26,502,28,1.29,1,3.85,901,2.09,60,0.17
179.2,75295,9364,26,502,12,1.22,1,3.85,901,2.09,310,0.74
180.41,75799,9392,26,504,28,1.21,1,3.85,901,2.09,85,0.18
181.59,76299,9424,26,500,32,1.18,1,3.85,901,2.09,100,0.23
182.83,76799,9456,26,500,32,1.23,1,3.85,901,2.09,30,0.07
184.03,77302,9492,26,503,36,1.21,1,3.85,901,2.09,50,0.13
185.2,77805,9504,26,503,12,1.17,1,3.85,901,2.09,40,0.08
186.39,78307,9512,26,502,8,1.19,1,3.85,901,2.09,35,0.08
187.53,78808,9532,26,501,20,1.14,1,3.85,901,2.09,60,0.15
188.8,79309,9576,26,501,44,1.27,2,7.69,901,2.09,5,0.01
189.99,79810,9600,26,501,24,1.19,1,3.85,901,2.09,105,0.25
191.21,80310,9624,26,500,24,1.22,1,3.85,901,2.09,125,0.29
192.35,80813,9636,26,503,12,1.14,1,3.85,901,2.09,130,0.3
193.54,81316,9664,26,503,28,1.19,1,3.85,901,2.09,35,0.09
194.74,81816,9692,26,500,28,1.2,1,3.85,901,2.09,20,0.05
195.98,82319,9704,26,503,12,1.24,1,3.85,901,2.09,150,0.33
197.16,82823,9728,26,504,24,1.18,1,3.85,901,2.09,85,0.21
198.22,83323,9744,26,500,16,1.06,1,3.85,901,2.09,150,0.32
199.43,83823,9792,26,500,48,1.21,1,3.85,901,2.09,50,0.12
200.62,84325,9824,26,502,32,1.19,1,3.85,901,2.09,5,0.01
201.83,84827,9832,26,502,8,1.21,1,3.85,901,2.09,280,0.69
203.02,85331,9856,26,504,24,1.19,1,3.85,901,2.09,55,0.11
204.21,85834,9900,26,503,44,1.19,1,3.85,901,2.09,20,0.04
205.55,86335,9940,26,501,40,1.34,1,3.85,901,2.09,85,0.22
206.86,86835,10012,26,500,72,1.31,1,3.85,901,2.09,10,0.02
208.04,87338,10044,26,503,32,1.18,1,3.85,901,2.09,5,0.01
209.28,87841,10056,26,503,12,1.24,1,3.85,901,2.09,35,0.11
210.49,88343,10072,26,502,16,1.21,1,3.85,901,2.09,330,0.78
211.63,88847,10088,26,504,16,1.14,1,3.85,901,2.09,95,0.19
212.87,89350,10112,26,503,24,1.24,1,3.85,901,2.09,45,0.11
214.06,89852,10140,26,502,28,1.19,1,3.85,901,2.09,50,0.11
215.17,90352,10184,26,500,44,1.11,1,3.85,901,2.09,60,0.11
216.36,90854,10224,26,502,40,1.19,1,3.85,901,2.09,170,0.45
217.54,91357,10236,26,503,12,1.17,1,3.85,901,2.09,165,0.4
218.73,91857,10268,26,500,32,1.19,1,3.85,901,2.09,35,0.09
219.82,92360,10300,26,503,32,1.09,1,3.85,901,2.09,25,0.06
221.03,92862,10320,26,502,20,1.21,1,3.85,901,2.09,15,0.04
222.39,93363,10332,26,501,12,1.36,1,3.85,901,2.09,120,0.36
223.5,93867,10356,26,504,24,1.11,1,3.85,901,2.09,150,0.3
224.7,94368,10364,26,501,8,1.2,1,3.85,901,2.09,255,0.59
225.95,94870,10412,26,502,48,1.25,1,3.85,901,2.09,100,0.27
227.22,95373,10444,26,503,32,1.27,1,3.85,901,2.09,85,0.19
228.39,95877,10472,26,504,28,1.16,1,3.85,901,2.09,15,0.04
229.56,96379,10480,26,502,8,1.17,1,3.85,901,2.09,20,0.04
230.82,96879,10504,26,500,24,1.27,1,3.85,901,2.09,140,0.31
232.08,97382,10532,26,503,28,1.26,1,3.85,901,2.09,90,0.22
233.3,97883,10544,26,501,12,1.22,1,3.85,901,2.09,210,0.51
234.56,98386,10568,26,503,24,1.26,1,3.85,901,2.09,70,0.18
235.86,98888,10604,26,502,36,1.29,1,3.85,901,2.09,35,0.08
237.13,99390,10632,26,502,28,1.27,1,3.85,901,2.09,5,0.01
238.34,99892,10652,26,502,20,1.22,1,3.85,901,2.09,40,0.1
239.7,100394,10692,26,502,40,1.35,1,3.85,901,2.09,40,0.1
240.98,100895,10724,26,501,32,1.29,1,3.85,901,2.09,15,0.04
242.17,101396,10760,26,501,36,1.19,1,3.85,901,2.09,5,0.01
243.38,101896,10792,26,500,32,1.2,1,3.85,901,2.09,5,0.01
244.56,102399,10820,26,503,28,1.18,1,3.85,901,2.09,40,0.11
245.66,102903,10832,26,504,12,1.1,1,3.85,901,2.09,25,0.05
246.92,103407,10876,26,504,44,1.26,1,3.85,901,2.09,35,0.08
248.2,103910,10908,26,503,32,1.28,1,3.85,901,2.09,5,0.02
249.42,104410,10928,26,500,20,1.22,1,3.85,901,2.09,15,0.03
250.64,104911,10932,26,501,4,1.22,1,3.85,901,2.09,315,0.76
251.77,105413,10972,26,502,40,1.13,1,3.85,901,2.09,40,0.07
253.05,105915,11000,26,502,28,1.28,1,3.85,901,2.09,20,0.06
254.37,106419,11040,26,504,40,1.31,1,3.85,901,2.09,15,0.04
255.53,106920,11080,26,501,40,1.16,1,3.85,901,2.09,25,0.06
256.8,107423,11104,26,503,24,1.27,1,3.85,901,2.09,60,0.15
257.9,107923,11124,26,500,20,1.1,1,3.85,901,2.09,80,0.19
259.14,108424,11164,26,501,40,1.23,1,3.85,901,2.09,25,0.06
260.35,108926,11200,26,502,36,1.22,1,3.85,901,2.09,10,0.03
261.67,109429,11252,26,503,52,1.32,1,3.85,901,2.09,20,0.04
262.91,109931,11280,26,502,28,1.24,1,3.85,901,2.09,35,0.09
264.12,110432,11324,26,501,44,1.22,1,3.85,901,2.09,35,0.08
265.37,110935,11364,26,503,40,1.24,1,3.85,901,2.09,15,0.04
266.61,111436,11384,26,501,20,1.24,1,3.85,901,2.09,20,0.03
267.77,111936,11420,26,500,36,1.16,1,3.85,901,2.09,0,0
268.87,112440,11460,26,504,40,1.1,1,3.85,901,2.09,100,0.23
270,112943,11488,26,503,28,1.13,1,3.85,901,2.09,165,0.35
271.25,113443,11504,26,500,16,1.25,1,3.85,901,2.09,5,0.01
272.42,113943,11536,26,500,32,1.17,1,3.85,901,2.09,20,0.05
273.51,114445,11560,26,502,24,1.09,1,3.85,901,2.09,90,0.21
274.77,114949,11580,26,504,20,1.26,1,3.85,901,2.09,10,0.02
276.04,115452,11612,26,503,32,1.27,1,3.85,901,2.09,95,0.22
277.2,115952,11628,26,500,16,1.16,1,3.85,901,2.09,150,0.34
278.48,116454,11660,26,502,32,1.28,1,3.85,901,2.09,5,0.01
279.62,116954,11680,26,500,20,1.15,1,3.85,901,2.09,40,0.1
280.92,117458,11696,26,504,16,1.29,1,3.85,901,2.09,15,0.03
282.18,117961,11712,26,503,16,1.26,1,3.85,901,2.09,40,0.1
283.54,118463,11720,26,502,8,1.36,1,3.85,901,2.09,320,0.84
284.82,118964,11740,26,501,20,1.29,1,3.85,901,2.09,100,0.31
286.06,119464,11760,26,500,20,1.24,1,3.85,901,2.09,140,0.34
287.29,119965,11804,26,501,44,1.23,1,3.85,901,2.09,20,0.04
288.58,120467,11832,26,502,28,1.29,1,3.85,901,2.09,45,0.11
289.88,120969,11856,26,502,24,1.29,1,3.85,901,2.09,180,0.47
291.08,121471,11884,26,502,28,1.2,1,3.85,901,2.09,25,0.06
292.34,121975,11924,26,504,40,1.27,1,3.85,901,2.09,70,0.15
293.53,122475,11936,26,500,12,1.19,1,3.85,901,2.09,35,0.1
294.77,122979,11948,26,504,12,1.23,1,3.85,901,2.09,185,0.45
296.04,123479,11984,26,500,36,1.27,1,3.85,901,2.09,20,0.05
297.22,123982,12008,26,503,24,1.18,1,3.85,901,2.09,170,0.43
298.47,124484,12032,26,502,24,1.25,1,3.85,901,2.09,40,0.11
299.58,124987,12064,26,503,32,1.11,1,3.85,901,2.09,10,0.03
300.84,125489,12100,26,502,36,1.26,1,3.85,901,2.09,230,0.59
302.01,125992,12116,26,503,16,1.17,1,3.85,901,2.09,55,0.11
303.27,126495,12148,26,503,32,1.26,1,3.85,901,2.09,90,0.23
304.58,126999,12160,26,504,12,1.31,1,3.85,901,2.09,160,0.38
305.87,127500,12192,26,501,32,1.29,1,3.85,901,2.09,50,0.11
307.06,128003,12212,26,503,20,1.19,1,3.85,901,2.09,130,0.31
308.29,128505,12220,26,502,8,1.23,1,3.85,901,2.09,240,0.6
309.5,129005,12244,26,500,24,1.21,1,3.85,901,2.09,40,0.09
310.78,129508,12268,26,503,24,1.28,1,3.85,901,2.09,150,0.36
312.07,130008,12316,26,500,48,1.28,1,3.85,901,2.09,25,0.06
313.3,130510,12340,26,502,24,1.24,1,3.85,901,2.09,70,0.15
314.38,131010,12356,26,500,16,1.08,1,3.85,901,2.09,30,0.08
315.6,131514,12380,26,504,24,1.22,1,3.85,901,2.09,70,0.15
316.78,132018,12412,26,504,32,1.17,1,3.85,901,2.09,130,0.29
317.95,132520,12432,26,502,20,1.17,1,3.85,901,2.09,40,0.1
319.19,133023,12476,26,503,44,1.24,1,3.85,901,2.09,120,0.28
320.4,133523,12492,26,500,16,1.21,1,3.85,901,2.09,30,0.07
321.6,134024,12536,26,501,44,1.2,1,3.85,901,2.09,45,0.11
322.8,134524,12560,26,500,24,1.2,1,3.85,901,2.09,150,0.36
324.05,135024,12584,26,500,24,1.25,1,3.85,901,2.09,25,0.06
325.32,135525,12604,26,501,20,1.27,1,3.85,901,2.09,140,0.37
326.71,136027,12612,26,502,8,1.39,1,3.85,901,2.09,175,0.46
328.03,136529,12636,26,502,24,1.32,1,3.85,901,2.09,90,0.25
329.27,137033,12652,26,504,16,1.25,1,3.85,901,2.09,35,0.07
330.43,137536,12700,26,503,48,1.15,1,3.85,901,2.09,10,0.03
331.68,138038,12708,26,502,8,1.25,1,3.85,901,2.09,125,0.32
332.91,138541,12736,26,503,28,1.24,1,3.85,901,2.09,140,0.33
334.17,139041,12760,26,500,24,1.26,1,3.85,901,2.09,25,0.05
335.38,139544,12772,26,503,12,1.21,1,3.85,901,2.09,120,0.3
336.66,140047,12784,26,503,12,1.27,1,3.85,901,2.09,165,0.38
337.87,140547,12800,26,500,16,1.21,1,3.85,901,2.09,45,0.11
339.06,141050,12844,26,503,44,1.2,1,3.85,901,2.09,30,0.06
340.19,141554,12856,26,504,12,1.13,1,3.85,901,2.09,135,0.32
341.55,142056,12880,26,502,24,1.36,1,3.85,901,2.09,125,0.32
343,142560,12916,26,504,36,1.45,1,3.85,901,2.09,40,0.1
344.33,143060,12920,26,500,4,1.33,1,3.85,901,2.09,390,1.01
345.67,143563,12940,26,503,20,1.34,1,3.85,901,2.09,75,0.18
346.89,144066,12952,26,503,12,1.22,1,3.85,901,2.09,220,0.53
348.03,144568,12980,26,502,28,1.14,1,3.85,901,2.09,35,0.1
349.32,145069,13000,26,501,20,1.29,1,3.85,901,2.09,285,0.74
350.49,145573,13032,26,504,32,1.17,1,3.85,901,2.09,65,0.15
351.76,146074,13056,26,501,24,1.27,1,3.85,901,2.09,35,0.08
353.03,146578,13076,26,504,20,1.27,1,3.85,901,2.09,75,0.23
354.34,147078,13100,26,500,24,1.31,1,3.85,901,2.09,40,0.11
355.55,147582,13112,26,504,12,1.2,1,3.85,901,2.09,285,0.68
356.92,148085,13136,26,503,24,1.37,1,3.85,901,2.09,20,0.07
358.18,148589,13180,26,504,44,1.26,1,3.85,901,2.09,55,0.15
359.47,149090,13204,26,501,24,1.3,1,3.85,901,2.09,230,0.61
360.79,149592,13240,26,502,36,1.32,1,3.85,901,2.09,65,0.16
362.05,150092,13256,26,500,16,1.26,1,3.85,901,2.09,70,0.17
363.3,150596,13272,26,504,16,1.25,1,3.85,901,2.09,10,0.02
364.41,151097,13296,26,501,24,1.1,1,3.85,901,2.09,30,0.07
365.68,151600,13328,26,503,32,1.27,1,3.85,901,2.09,5,0.01
366.81,152100,13360,26,500,32,1.13,1,3.85,901,2.09,5,0.01
368.07,152603,13400,26,503,40,1.26,1,3.85,901,2.09,5,0.01
369.37,153105,13440,26,502,40,1.3,1,3.85,901,2.09,5,0.01
370.62,153608,13464,26,503,24,1.25,1,3.85,901,2.09,100,0.27
371.97,154108,13484,26,500,20,1.35,1,3.85,901,2.09,45,0.1
373.14,154610,13508,26,502,24,1.17,1,3.85,901,2.09,25,0.05
374.36,155114,13564,26,504,56,1.22,1,3.85,901,2.09,110,0.3
375.59,155614,13608,26,500,44,1.23,1,3.85,901,2.09,10,0.02
376.87,156116,13628,26,502,20,1.28,1,3.85,901,2.09,160,0.42
378.15,156616,13664,26,500,36,1.28,1,3.85,901,2.09,105,0.31
379.53,157116,13688,26,500,24,1.38,1,3.85,901,2.09,0,0
380.78,157620,13712,26,504,24,1.25,1,3.85,901,2.09,65,0.15
381.92,158122,13720,26,502,8,1.14,1,3.85,901,2.09,240,0.55
383.29,158624,13740,26,502,20,1.37,1,3.85,901,2.09,155,0.44
384.59,159126,13772,26,502,32,1.3,1,3.85,901,2.09,45,0.11
385.87,159628,13792,26,502,20,1.27,1,3.85,901,2.09,15,0.04
387.39,160130,13820,26,502,28,1.52,1,3.85,901,2.09,20,0.07
388.86,160631,13836,26,501,16,1.47,1,3.85,901,2.09,205,0.63
390.06,161131,13868,26,500,32,1.2,1,3.85,901,2.09,245,0.54
391.3,161634,13888,26,503,20,1.24,1,3.85,901,2.09,100,0.25
392.51,162138,13920,26,504,32,1.21,1,3.85,901,2.09,60,0.17
393.75,162638,13948,26,500,28,1.24,1,3.85,901,2.09,100,0.27
395.03,163139,13988,26,501,40,1.28,1,3.85,901,2.09,20,0.05
396.28,163643,14028,26,504,40,1.25,1,3.85,901,2.09,80,0.21
397.48,164145,14056,26,502,28,1.2,1,3.85,901,2.09,75,0.17
398.66,164647,14080,26,502,24,1.18,1,3.85,901,2.09,15,0.04
399.88,165148,14132,26,501,52,1.22,1,3.85,901,2.09,5,0.01
401.14,165650,14160,26,502,28,1.26,1,3.85,901,2.09,145,0.39
402.52,166151,14204,26,501,44,1.38,1,3.85,901,2.09,15,0.03
403.76,166653,14224,26,502,20,1.24,1,3.85,901,2.09,165,0.4
405.02,167153,14252,26,500,28,1.26,1,3.85,901,2.09,140,0.33
406.27,167653,14272,26,500,20,1.26,1,3.85,901,2.09,185,0.49
407.47,168156,14304,26,503,32,1.2,1,3.85,901,2.09,100,0.23
408.81,168659,14340,26,503,36,1.34,1,3.85,901,2.09,175,0.49
410.01,169163,14364,26,504,24,1.19,1,3.85,901,2.09,25,0.06
411.2,169663,14384,26,500,20,1.2,1,3.85,901,2.09,55,0.15
412.43,170165,14428,26,502,44,1.23,1,3.85,901,2.09,5,0.01
413.6,170665,14460,26,500,32,1.17,1,3.85,901,2.09,10,0.03
414.81,171165,14504,26,500,44,1.21,1,3.85,901,2.09,0,0
416.05,171667,14508,26,502,4,1.24,1,3.85,901,2.09,320,0.81
417.33,172168,14540,26,501,32,1.28,1,3.85,901,2.09,60,0.17
418.66,172670,14576,26,502,36,1.33,1,3.85,901,2.09,15,0.04
420.05,173171,14592,26,501,16,1.39,1,3.85,901,2.09,330,0.92
421.37,173671,14624,26,500,32,1.32,1,3.85,901,2.09,175,0.44
422.62,174174,14664,26,503,40,1.26,1,3.85,901,2.09,10,0.03
423.71,174674,14676,26,500,12,1.09,1,3.85,901,2.09,220,0.48
424.86,175175,14708,26,501,32,1.15,1,3.85,901,2.09,45,0.1
426.06,175675,14760,26,500,52,1.2,1,3.85,901,2.09,55,0.14
427.2,176175,14776,26,500,16,1.15,1,3.85,901,2.09,95,0.2
428.43,176678,14824,26,503,48,1.22,1,3.85,901,2.09,5,0.01
429.74,177180,14852,26,502,28,1.31,1,3.85,901,2.09,0,0
430.93,177684,14880,26,504,28,1.19,1,3.85,901,2.09,5,0.01
432.15,178187,14900,26,503,20,1.22,1,3.85,901,2.09,75,0.2
433.62,178688,14924,26,501,24,1.48,1,3.85,901,2.09,10,0.04
434.99,179189,14960,26,501,36,1.36,1,3.85,901,2.09,20,0.05
436.16,179689,14984,26,500,24,1.18,1,3.85,901,2.09,5,0.01
437.43,180193,15016,26,504,32,1.27,1,3.85,901,2.09,35,0.09
438.64,180697,15032,26,504,16,1.21,1,3.85,901,2.09,190,0.47
439.8,181201,15060,26,504,28,1.16,1,3.85,901,2.09,30,0.07
440.94,181701,15084,26,500,24,1.14,1,3.85,901,2.09,120,0.25
442.19,182203,15104,26,502,20,1.25,1,3.85,901,2.09,260,0.67
443.45,182704,15144,26,501,40,1.26,1,3.85,901,2.09,5,0.01
444.73,183204,15156,26,500,12,1.28,1,3.85,901,2.09,300,0.81
445.95,183708,15188,26,504,32,1.21,1,3.85,901,2.09,65,0.16
447.04,184208,15208,26,500,20,1.1,1,3.85,901,2.09,125,0.3
448.35,184711,15224,26,503,16,1.31,1,3.85,901,2.09,45,0.13
449.62,185214,15252,26,503,28,1.27,1,3.85,901,2.09,60,0.13
450.9,185717,15292,26,503,40,1.28,1,3.85,901,2.09,55,0.14
452.2,186217,15308,26,500,16,1.3,1,3.85,901,2.09,40,0.11
453.51,186717,15320,26,500,12,1.31,1,3.85,901,2.09,180,0.43
454.74,187221,15340,26,504,20,1.23,1,3.85,901,2.09,50,0.11
455.96,187722,15384,26,501,44,1.23,1,3.85,901,2.09,35,0.07
457.25,188225,15408,26,503,24,1.28,1,3.85,901,2.09,5,0.02
458.59,188729,15444,26,504,36,1.34,1,3.85,901,2.09,15,0.04
459.76,189233,15468,26,504,24,1.18,1,3.85,901,2.09,120,0.25
461.02,189733,15496,26,500,28,1.25,1,3.85,901,2.09,70,0.18
462.38,190235,15524,26,502,28,1.37,1,3.85,901,2.09,60,0.13
463.56,190738,15568,26,503,44,1.18,1,3.85,901,2.09,50,0.11
464.84,191240,15608,26,502,40,1.28,1,3.85,901,2.09,90,0.2
466.07,191740,15640,26,500,32,1.23,1,3.85,901,2.09,5,0.01
467.33,192243,15676,26,503,36,1.26,1,3.85,901,2.09,80,0.17
468.49,192743,15692,26,500,16,1.16,1,3.85,901,2.09,195,0.47
469.67,193244,15720,26,501,28,1.18,1,3.85,901,2.09,90,0.21
470.91,193747,15740,26,503,20,1.24,1,3.85,901,2.09,10,0.02
472.12,194249,15756,26,502,16,1.21,1,3.85,901,2.09,75,0.18
473.27,194753,15796,26,504,40,1.15,1,3.85,901,2.09,5,0.01
474.48,195254,15816,26,501,20,1.21,1,3.85,901,2.09,85,0.21
475.79,195758,15844,26,504,28,1.31,1,3.85,901,2.09,165,0.47
477.08,196258,15872,26,500,28,1.29,1,3.85,901,2.09,45,0.1
478.33,196761,15908,26,503,36,1.25,1,3.85,901,2.09,30,0.07
479.51,197261,15916,26,500,8,1.18,1,3.85,901,2.09,15,0.03
480.8,197765,15944,26,504,28,1.29,1,3.85,901,2.09,120,0.31
482.13,198269,15972,26,504,28,1.33,1,3.85,901,2.09,150,0.39
483.35,198771,16008,26,502,36,1.22,1,3.85,901,2.09,240,0.55
484.64,199272,16036,26,501,28,1.28,1,3.85,901,2.09,40,0.1
485.93,199774,16084,26,502,48,1.29,1,3.85,901,2.09,140,0.31
487.2,200277,16116,26,503,32,1.27,1,3.85,901,2.09,95,0.27
488.41,200780,16148,26,503,32,1.21,1,3.85,901,2.09,80,0.19
489.68,201281,16168,26,501,20,1.27,1,3.85,901,2.09,55,0.15
490.89,201782,16192,26,501,24,1.21,1,3.85,901,2.09,10,0.02
492.1,202282,16220,26,500,28,1.21,1,3.85,901,2.09,35,0.08
493.29,202785,16240,26,503,20,1.19,1,3.85,901,2.09,110,0.24
494.4,203288,16264,26,503,24,1.12,1,3.85,901,2.09,40,0.08
495.64,203788,16280,26,500,16,1.24,1,3.85,901,2.09,10,0.03
496.91,204292,16304,26,504,24,1.27,1,3.85,901,2.09,65,0.16
498.16,204795,16356,26,503,52,1.25,1,3.85,901,2.09,15,0.03
499.32,205295,16384,26,500,28,1.16,1,3.85,901,2.09,75,0.17
500.57,205796,16416,26,501,32,1.25,1,3.85,901,2.09,25,0.07
501.8,206300,16440,26,504,24,1.23,1,3.85,901,2.09,65,0.15
503.04,206801,16480,26,501,40,1.24,1,3.85,901,2.09,10,0.02
504.23,207302,16512,26,501,32,1.19,1,3.85,901,2.09,25,0.07
505.44,207804,16544,26,502,32,1.21,1,3.85,901,2.09,55,0.14
506.78,208306,16576,26,502,32,1.34,1,3.85,901,2.09,155,0.41
508.1,208808,16604,26,502,28,1.31,1,3.85,901,2.09,80,0.2
509.34,209311,16624,26,503,20,1.25,1,3.85,901,2.09,60,0.14
510.64,209815,16656,26,504,32,1.29,1,3.85,901,2.09,10,0.03
511.84,210317,16664,26,502,8,1.21,1,3.85,901,2.09,50,0.13
513.14,210818,16692,26,501,28,1.3,1,3.85,901,2.09,15,0.03
514.4,211322,16716,26,504,24,1.26,1,3.85,901,2.09,45,0.11
515.71,211824,16740,26,502,24,1.31,1,3.85,901,2.09,200,0.5
517.08,212328,16796,26,504,56,1.37,1,3.85,901,2.09,50,0.14
518.35,212829,16816,26,501,20,1.28,1,3.85,901,2.09,5,0.01
519.58,213329,16836,26,500,20,1.22,1,3.85,901,2.09,0,0
521.02,213833,16856,26,504,20,1.45,1,3.85,901,2.09,45,0.11
522.42,214335,16896,26,502,40,1.4,1,3.85,901,2.09,45,0.12
523.65,214835,16928,26,500,32,1.23,1,3.85,901,2.09,45,0.13
524.97,215335,16972,26,500,44,1.32,1,3.85,901,2.09,115,0.33
526.22,215839,16988,26,504,16,1.24,1,3.85,901,2.09,55,0.16
527.42,216343,17020,26,504,32,1.21,1,3.85,901,2.09,70,0.18
528.9,216847,17056,26,504,36,1.47,1,3.85,901,2.09,145,0.38
530.29,217349,17084,26,502,28,1.4,1,3.85,901,2.09,75,0.19
531.57,217852,17096,26,503,12,1.27,1,3.85,901,2.09,35,0.08
532.85,218355,17132,26,503,36,1.29,1,3.85,901,2.09,160,0.42
534.1,218859,17164,26,504,32,1.24,1,3.85,901,2.09,40,0.11
535.3,219359,17212,26,500,48,1.2,1,3.85,901,2.09,5,0.01
536.65,219863,17248,26,504,36,1.35,1,3.85,901,2.09,115,0.32
537.9,220364,17308,26,501,60,1.25,1,3.85,901,2.09,10,0.03
539.25,220865,17348,26,501,40,1.35,1,3.85,901,2.09,10,0.02
540.58,221368,17372,26,503,24,1.33,1,3.85,901,2.09,165,0.41
541.74,221869,17408,26,501,36,1.16,1,3.85,901,2.09,85,0.21
543.05,222370,17428,26,501,20,1.31,1,3.85,901,2.09,50,0.16
544.37,222872,17484,26,502,56,1.33,1,3.85,901,2.09,60,0.14
545.58,223374,17512,26,502,28,1.21,1,3.85,901,2.09,40,0.11
546.86,223874,17540,26,500,28,1.28,1,3.85,901,2.09,20,0.04
548.06,224376,17568,26,502,28,1.2,1,3.85,901,2.09,10,0.02
549.28,224877,17572,26,501,4,1.22,1,3.85,901,2.09,395,0.97
550.57,225378,17596,26,501,24,1.29,1,3.85,901,2.09,10,0.03
551.83,225878,17624,26,500,28,1.26,1,3.85,901,2.09,175,0.43
553.14,226379,17668,26,501,44,1.31,1,3.85,901,2.09,5,0.02
554.43,226879,17692,26,500,24,1.29,1,3.85,901,2.09,35,0.09
555.73,227383,17720,26,504,28,1.3,1,3.85,901,2.09,35,0.09
556.95,227887,17740,26,504,20,1.22,1,3.85,901,2.09,5,0.01
558.17,228390,17764,26,503,24,1.22,1,3.85,901,2.09,100,0.24
559.48,228894,17796,26,504,32,1.31,1,3.85,901,2.09,95,0.21
560.7,229396,17820,26,502,24,1.23,1,3.85,901,2.09,70,0.15
561.94,229897,17844,26,501,24,1.24,1,3.85,901,2.09,80,0.23
563.16,230400,17880,26,503,36,1.22,1,3.85,901,2.09,125,0.28
564.43,230900,17904,26,500,24,1.27,1,3.85,901,2.09,5,0.01
565.67,231404,17936,26,504,32,1.24,1,3.85,901,2.09,15,0.04
566.94,231906,17956,26,502,20,1.27,1,3.85,901,2.09,5,0.01
568.22,232410,17984,26,504,28,1.29,1,3.85,901,2.09,100,0.25
569.38,232913,18020,26,503,36,1.15,1,3.85,901,2.09,80,0.19
570.58,233415,18040,26,502,20,1.2,1,3.85,901,2.09,45,0.11
571.71,233918,18064,26,503,24,1.14,1,3.85,901,2.09,20,0.04
573.08,234419,18104,26,501,40,1.36,1,3.85,901,2.09,85,0.23
574.25,234920,18132,26,501,28,1.17,1,3.85,901,2.09,10,0.03
575.59,235424,18148,26,504,16,1.34,1,3.85,901,2.09,5,0.02
576.84,235926,18168,26,502,20,1.25,1,3.85,901,2.09,115,0.3
578.13,236427,18192,26,501,24,1.29,1,3.85,901,2.09,15,0.04
579.36,236928,18228,26,501,36,1.23,1,3.85,901,2.09,165,0.43
580.64,237428,18248,26,500,20,1.28,1,3.85,901,2.09,220,0.6
581.94,237930,18252,26,502,4,1.3,1,3.85,901,2.09,235,0.63
583.24,238430,18268,26,500,16,1.29,1,3.85,901,2.09,50,0.11
584.47,238933,18296,26,503,28,1.23,1,3.85,901,2.09,150,0.39
585.72,239434,18308,26,501,12,1.25,1,3.85,901,2.09,145,0.35
586.97,239936,18348,26,502,40,1.26,1,3.85,901,2.09,15,0.04
588.32,240436,18380,26,500,32,1.35,1,3.85,901,2.09,25,0.07
589.66,240938,18420,26,502,40,1.33,1,3.85,901,2.09,10,0.02
590.98,241442,18456,26,504,36,1.32,1,3.85,901,2.09,65,0.17
592.31,241943,18492,26,501,36,1.33,1,3.85,901,2.09,25,0.06
593.55,242445,18532,26,502,40,1.24,1,3.85,901,2.09,5,0.01
594.78,242946,18548,26,501,16,1.22,1,3.85,901,2.09,35,0.08
596.05,243449,18572,26,503,24,1.27,1,3.85,901,2.09,390,1.01
597.31,243951,18620,26,502,48,1.27,1,3.85,901,2.09,20,0.05
598.49,244455,18632,26,504,12,1.17,1,3.85,901,2.09,125,0.27
599.73,244955,18656,26,500,24,1.24,1,3.85,901,2.09,45,0.1
600.88,245456,18692,26,501,36,1.15,1,3.85,901,2.09,55,0.12
602.33,245960,18732,26,504,40,1.45,1,3.85,901,2.09,10,0.02
603.64,246462,18764,26,502,32,1.31,1,3.85,901,2.09,55,0.14
604.86,246965,18784,26,503,20,1.22,1,3.85,901,2.09,105,0.27
606.12,247469,18812,26,504,28,1.26,1,3.85,901,2.09,105,0.31
607.36,247972,18832,26,503,20,1.24,1,3.85,901,2.09,40,0.1
608.71,248473,18868,26,501,36,1.35,1,3.85,901,2.09,20,0.06
610,248974,18896,26,501,28,1.29,1,3.85,901,2.09,40,0.11
611.26,249476,18932,26,502,36,1.26,1,3.85,901,2.09,25,0.05
612.45,249978,18956,26,502,24,1.19,1,3.85,901,2.09,45,0.12
613.71,250480,19012,26,502,56,1.25,1,3.85,901,2.09,85,0.23
614.96,250980,19044,26,500,32,1.25,1,3.85,901,2.09,30,0.08
616.09,251481,19060,26,501,16,1.13,1,3.85,901,2.09,145,0.31
617.33,251984,19096,26,503,36,1.24,1,3.85,901,2.09,40,0.1
618.54,252484,19124,26,500,28,1.21,1,3.85,901,2.09,10,0.03
619.77,252986,19144,26,502,20,1.23,1,3.85,901,2.09,10,0.03
620.99,253488,19164,26,502,20,1.23,1,3.85,901,2.09,50,0.12
622.16,253989,19188,26,501,24,1.16,1,3.85,901,2.09,35,0.06
623.34,254492,19212,26,503,24,1.18,1,3.85,901,2.09,110,0.24
624.58,254996,19236,26,504,24,1.25,1,3.85,901,2.09,10,0.04
625.85,255500,19268,26,504,32,1.27,1,3.85,901,2.09,35,0.1
627.13,256001,19320,26,501,52,1.28,1,3.85,901,2.09,55,0.14
628.36,256504,19328,26,503,8,1.23,1,3.85,901,2.09,30,0.06
629.6,257005,19356,26,501,28,1.24,1,3.85,901,2.09,125,0.29
630.92,257506,19372,26,501,16,1.32,1,3.85,901,2.09,125,0.36
632.18,258007,19412,26,501,40,1.26,1,3.85,901,2.09,50,0.11
633.47,258511,19440,26,504,28,1.28,1,3.85,901,2.09,70,0.19
634.73,259014,19468,26,503,28,1.26,1,3.85,901,2.09,30,0.07
636.05,259515,19496,26,501,28,1.32,1,3.85,901,2.09,55,0.17
637.25,260018,19520,26,503,24,1.2,1,3.85,901,2.09,110,0.29
638.43,260519,19540,26,501,20,1.19,1,3.85,901,2.09,25,0.07
639.94,261020,19564,26,501,24,1.51,1,3.85,901,2.09,165,0.71
641.33,261521,19596,26,501,32,1.39,1,3.85,901,2.09,65,0.2
642.92,262025,19604,26,504,8,1.59,1,3.85,901,2.09,85,0.32
644.39,262529,19632,26,504,28,1.47,1,3.85,901,2.09,45,0.14
645.86,263033,19668,26,504,36,1.48,1,3.85,901,2.09,30,0.09
647.21,263534,19692,26,501,24,1.35,1,3.85,901,2.09,20,0.04
648.54,264038,19724,26,504,32,1.32,1,3.85,901,2.09,75,0.22
649.78,264538,19748,26,500,24,1.24,1,3.85,901,2.09,85,0.24
651.04,265042,19784,26,504,36,1.26,1,3.85,901,2.09,55,0.14
652.29,265542,19804,26,500,20,1.25,1,3.85,901,2.09,100,0.24
653.55,266046,19820,26,504,16,1.26,1,3.85,901,2.09,105,0.24
654.79,266549,19832,26,503,12,1.24,1,3.85,901,2.09,120,0.29
656.13,267053,19844,26,504,12,1.34,1,3.85,901,2.09,35,0.09
657.44,267554,19860,26,501,16,1.31,1,3.85,901,2.09,35,0.09
658.73,268057,19872,26,503,12,1.29,1,3.85,901,2.09,160,0.42
659.88,268557,19908,26,500,36,1.14,1,3.85,901,2.09,50,0.11
661.13,269057,19952,26,500,44,1.26,1,3.85,901,2.09,25,0.05
662.41,269557,20000,26,500,48,1.27,1,3.85,901,2.09,110,0.29
663.75,270061,20016,26,504,16,1.34,1,3.85,901,2.09,150,0.42
665.08,270564,20060,26,503,44,1.33,1,3.85,901,2.09,60,0.15
666.32,271064,20076,26,500,16,1.25,1,3.85,901,2.09,150,0.33
667.57,271564,20096,26,500,20,1.25,1,3.85,901,2.09,35,0.07
668.8,272066,20116,26,502,20,1.23,1,3.85,901,2.09,90,0.24
670.04,272568,20172,26,502,56,1.24,1,3.85,901,2.09,15,0.05
671.32,273068,20200,26,500,28,1.28,1,3.85,901,2.09,20,0.05
672.54,273571,20232,26,503,32,1.22,1,3.85,901,2.09,30,0.06
673.83,274072,20256,26,501,24,1.28,1,3.85,901,2.09,10,0.03
675.07,274575,20280,26,503,24,1.24,1,3.85,901,2.09,95,0.24
676.32,275075,20308,26,500,28,1.25,1,3.85,901,2.09,120,0.33
677.5,275575,20336,26,500,28,1.19,1,3.85,901,2.09,100,0.23
678.71,276076,20360,26,501,24,1.21,1,3.85,901,2.09,55,0.14
679.9,276576,20392,26,500,32,1.18,1,3.85,901,2.09,30,0.07
681.12,277078,20428,26,502,36,1.22,1,3.85,901,2.09,5,0.01
682.45,277579,20448,26,501,20,1.34,1,3.85,901,2.09,145,0.4
683.68,278082,20468,26,503,20,1.23,1,3.85,901,2.09,5,0.02
685.03,278583,20488,26,501,20,1.35,1,3.85,901,2.09,170,0.41
686.24,279087,20516,26,504,28,1.21,1,3.85,901,2.09,30,0.06
687.48,279590,20544,26,503,28,1.23,1,3.85,901,2.09,130,0.32
688.68,280091,20568,26,501,24,1.2,1,3.85,901,2.09,70,0.17
689.99,280591,20624,26,500,56,1.31,1,3.85,901,2.09,45,0.11
691.21,281095,20640,26,504,16,1.22,1,3.85,901,2.09,60,0.13
692.44,281599,20664,26,504,24,1.23,1,3.85,901,2.09,140,0.32
693.6,282100,20692,26,501,28,1.15,1,3.85,901,2.09,40,0.1
694.93,282601,20744,26,501,52,1.33,1,3.85,901,2.09,10,0.03
696.25,283105,20768,26,504,24,1.33,1,3.85,901,2.09,120,0.29
697.62,283609,20780,26,504,12,1.36,1,3.85,901,2.09,265,0.74
698.95,284110,20800,26,501,20,1.33,1,3.85,901,2.09,75,0.2
700.18,284612,20816,26,502,16,1.23,1,3.85,901,2.09,75,0.2
701.5,285112,20860,26,500,44,1.32,1,3.85,901,2.09,20,0.05
702.86,285615,20888,26,503,28,1.36,1,3.85,901,2.09,110,0.33
704.17,286117,20896,26,502,8,1.31,1,3.85,901,2.09,55,0.14
705.64,286621,20924,26,504,28,1.47,1,3.85,901,2.09,110,0.34
706.99,287124,20944,26,503,20,1.35,1,3.85,901,2.09,175,0.45
708.2,287627,20952,26,503,8,1.21,1,3.85,901,2.09,190,0.44
709.51,288128,20980,26,501,28,1.31,1,3.85,901,2.09,5,0.02
710.86,288631,21020,26,503,40,1.35,1,3.85,901,2.09,30,0.08
712.1,289134,21048,26,503,28,1.24,1,3.85,901,2.09,30,0.09
713.36,289635,21088,26,501,40,1.27,1,3.85,901,2.09,20,0.05
714.59,290139,21104,26,504,16,1.23,1,3.85,901,2.09,10,0.04
715.92,290643,21124,26,504,20,1.32,1,3.85,901,2.09,65,0.18
717.27,291144,21156,26,501,32,1.36,1,3.85,901,2.09,75,0.21
718.68,291647,21184,26,503,28,1.41,1,3.85,901,2.09,110,0.27
719.93,292150,21216,26,503,32,1.24,1,3.85,901,2.09,35,0.08
721.17,292654,21236,26,504,20,1.25,1,3.85,901,2.09,95,0.25
722.35,293156,21272,26,502,36,1.17,1,3.85,901,2.09,30,0.07
723.58,293657,21312,26,501,40,1.24,1,3.85,901,2.09,10,0.03
724.81,294159,21348,26,502,36,1.23,1,3.85,901,2.09,40,0.11
726.1,294660,21380,26,501,32,1.29,1,3.85,901,2.09,85,0.22
727.36,295163,21396,26,503,16,1.25,1,3.85,901,2.09,10,0.03
728.63,295665,21432,26,502,36,1.27,1,3.85,901,2.09,5,0.01
729.87,296167,21484,26,502,52,1.24,1,3.85,901,2.09,10,0.04
731.38,296671,21516,26,504,32,1.51,1,3.85,901,2.09,10,0.03
732.7,297172,21532,26,501,16,1.32,1,3.85,901,2.09,35,0.1
733.96,297672,21548,26,500,16,1.25,1,3.85,901,2.09,25,0.06
735.09,298176,21568,26,504,20,1.13,1,3.85,901,2.09,90,0.19
736.31,298678,21592,26,502,24,1.22,1,3.85,901,2.09,140,0.35
737.58,299178,21624,26,500,32,1.26,1,3.85,901,2.09,80,0.23
738.84,299678,21664,26,500,40,1.26,1,3.85,901,2.09,15,0.04
740.03,300180,21688,26,502,24,1.19,1,3.85,901,2.09,85,0.21
741.29,300681,21712,26,501,24,1.27,1,3.85,901,2.09,55,0.15
742.5,301184,21748,26,503,36,1.2,1,3.85,901,2.09,30,0.08
743.86,301687,21796,26,503,48,1.36,1,3.85,901,2.09,30,0.07
745.02,302187,21824,26,500,28,1.17,1,3.85,901,2.09,20,0.04
746.36,302688,21840,26,501,16,1.34,1,3.85,901,2.09,95,0.25
747.84,303192,21868,26,504,28,1.48,1,3.85,901,2.09,100,0.32
749.24,303693,21888,26,501,20,1.4,1,3.85,901,2.09,75,0.2
750.53,304195,21908,26,502,20,1.29,1,3.85,901,2.09,70,0.18
751.72,304695,21940,26,500,32,1.18,1,3.85,901,2.09,25,0.06
753.04,305197,21964,26,502,24,1.32,1,3.85,901,2.09,5,0.01
754.26,305700,21992,26,503,28,1.22,1,3.85,901,2.09,110,0.26
755.56,306202,22012,26,502,20,1.3,1,3.85,901,2.09,160,0.41
756.85,306702,22040,26,500,28,1.3,1,3.85,901,2.09,115,0.28
758.07,307205,22080,26,503,40,1.22,1,3.85,901,2.09,70,0.18
759.41,307706,22132,26,501,52,1.34,1,3.85,901,2.09,10,0.04
760.77,308209,22152,26,503,20,1.36,1,3.85,901,2.09,20,0.06
762.08,308712,22164,26,503,12,1.31,1,3.85,901,2.09,30,0.08
763.46,309216,22200,26,504,36,1.38,1,3.85,901,2.09,20,0.05
764.74,309717,22212,26,501,12,1.27,1,3.85,901,2.09,45,0.11
766.08,310218,22252,26,501,40,1.35,1,3.85,901,2.09,20,0.05
767.5,310718,22264,26,500,12,1.42,1,3.85,901,2.09,50,0.11
768.82,311219,22308,26,501,44,1.32,1,3.85,901,2.09,50,0.12
770.06,311722,22336,26,503,28,1.24,1,3.85,901,2.09,15,0.03
771.33,312225,22372,26,503,36,1.28,1,3.85,901,2.09,55,0.15
772.82,312729,22416,26,504,44,1.48,1,3.85,901,2.09,10,0.03
774.24,313231,22444,26,502,28,1.42,1,3.85,901,2.09,130,0.31
775.49,313735,22460,26,504,16,1.25,1,3.85,901,2.09,60,0.14
776.76,314239,22476,26,504,16,1.27,1,3.85,901,2.09,30,0.08
778.3,314740,22520,26,501,44,1.54,1,3.85,901,2.09,15,0.05
779.6,315242,22544,26,502,24,1.3,1,3.85,901,2.09,35,0.09
780.89,315742,22568,26,500,24,1.29,1,3.85,901,2.09,110,0.3
782.16,316246,22608,26,504,40,1.27,1,3.85,901,2.09,110,0.29
783.41,316750,22636,26,504,28,1.25,1,3.85,901,2.09,190,0.44
784.72,317250,22692,26,500,56,1.31,1,3.85,901,2.09,25,0.07
785.98,317754,22712,26,504,20,1.26,1,3.85,901,2.09,80,0.19
787.38,318256,22736,26,502,24,1.4,1,3.85,901,2.09,35,0.07
788.77,318760,22748,26,504,12,1.39,1,3.85,901,2.09,20,0.06
790.03,319262,22772,26,502,24,1.26,1,3.85,901,2.09,225,0.6
791.45,319762,22800,26,500,28,1.41,1,3.85,901,2.09,30,0.09
792.85,320262,22852,26,500,52,1.41,1,3.85,901,2.09,65,0.18
794.14,320765,22876,26,503,24,1.29,1,3.85,901,2.09,25,0.08
795.61,321268,22896,26,503,20,1.46,1,3.85,901,2.09,155,0.45
796.96,321769,22932,26,501,36,1.35,1,3.85,901,2.09,45,0.12
798.23,322269,22964,26,500,32,1.27,1,3.85,901,2.09,130,0.31
799.54,322772,23004,26,503,40,1.31,1,3.85,901,2.09,40,0.11
800.8,323273,23028,26,501,24,1.27,1,3.85,901,2.09,70,0.2
802.54,323773,23044,26,500,16,1.74,1,3.85,901,2.09,210,0.87
803.86,324277,23084,26,504,40,1.32,1,3.85,901,2.09,90,0.23
805.17,324781,23112,26,504,28,1.31,1,3.85,901,2.09,20,0.04
806.47,325282,23132,26,501,20,1.3,1,3.85,901,2.09,5,0.02
807.76,325785,23156,26,503,24,1.3,1,3.85,901,2.09,130,0.35
809.21,326287,23204,26,502,48,1.44,1,3.85,901,2.09,85,0.24
810.41,326789,23220,26,502,16,1.21,1,3.85,901,2.09,40,0.08
811.56,327290,23248,26,501,28,1.14,1,3.85,901,2.09,30,0.07
812.74,327790,23268,26,500,20,1.18,1,3.85,901,2.09,140,0.3
813.91,328291,23292,26,501,24,1.17,1,3.85,901,2.09,105,0.3
815.37,328795,23316,26,504,24,1.46,1,3.85,901,2.09,35,0.11
816.79,329299,23336,26,504,20,1.41,1,3.85,901,2.09,95,0.28
818.06,329802,23352,26,503,16,1.27,1,3.85,901,2.09,15,0.04
819.27,330306,23368,26,504,16,1.21,1,3.85,901,2.09,285,0.69
820.63,330810,23392,26,504,24,1.36,1,3.85,901,2.09,240,0.66
822.14,331311,23408,26,501,16,1.51,1,3.85,901,2.09,10,0.03
823.63,331811,23460,26,500,52,1.49,1,3.85,901,2.09,115,0.43
825.01,332311,23480,26,500,20,1.38,1,3.85,901,2.09,190,0.51
826.25,332814,23500,26,503,20,1.24,1,3.85,901,2.09,50,0.13
827.6,333316,23536,26,502,36,1.35,1,3.85,901,2.09,55,0.16
829.09,333818,23556,26,502,20,1.49,1,3.85,901,2.09,25,0.06
830.25,334318,23568,26,500,12,1.16,1,3.85,901,2.09,165,0.43
831.75,334818,23612,26,500,44,1.5,1,3.85,901,2.09,15,0.04
832.99,335320,23652,26,502,40,1.24,1,3.85,901,2.09,10,0.02
834.26,335823,23664,26,503,12,1.27,1,3.85,901,2.09,185,0.49
835.5,336323,23680,26,500,16,1.24,1,3.85,901,2.09,275,0.68
836.91,336827,23708,26,504,28,1.41,1,3.85,901,2.09,5,0.02
838.12,337327,23744,26,500,36,1.21,1,3.85,901,2.09,15,0.03
839.5,337828,23772,26,501,28,1.38,1,3.85,901,2.09,70,0.19
841.01,338332,23824,26,504,52,1.51,1,3.85,901,2.09,75,0.2
842.31,338832,23868,26,500,44,1.3,1,3.85,901,2.09,50,0.13
843.83,339333,23884,26,501,16,1.52,1,3.85,901,2.09,130,0.39
845.17,339836,23924,26,503,40,1.34,1,3.85,901,2.09,45,0.1
846.61,340338,23952,26,502,28,1.44,1,3.85,901,2.09,30,0.09
847.91,340842,23960,26,504,8,1.3,1,3.85,901,2.09,125,0.33
849.29,341346,23988,26,504,28,1.38,1,3.85,901,2.09,50,0.15
850.62,341849,24000,26,503,12,1.34,1,3.85,901,2.09,70,0.19
851.87,342353,24024,26,504,24,1.25,1,3.85,901,2.09,70,0.17
853.2,342857,24056,26,504,32,1.33,1,3.85,901,2.09,55,0.18
854.55,343359,24088,26,502,32,1.34,1,3.85,901,2.09,0,0
855.8,343862,24116,26,503,28,1.25,1,3.85,901,2.09,50,0.14
857.3,344362,24160,26,500,44,1.5,1,3.85,901,2.09,55,0.15
858.67,344865,24184,26,503,24,1.37,1,3.85,901,2.09,40,0.09
859.94,345367,24216,26,502,32,1.27,1,3.85,901,2.09,20,0.05
861.27,345869,24248,26,502,32,1.32,1,3.85,901,2.09,35,0.09
862.53,346373,24292,26,504,44,1.27,1,3.85,901,2.09,70,0.25
863.94,346877,24308,26,504,16,1.41,1,3.85,901,2.09,115,0.46
865.23,347381,24332,26,504,24,1.29,1,3.85,901,2.09,75,0.2
866.64,347885,24344,26,504,12,1.41,1,3.85,901,2.09,75,0.21
868.09,348387,24364,26,502,20,1.45,1,3.85,901,2.09,25,0.12
869.54,348889,24388,26,502,24,1.45,1,3.85,901,2.09,25,0.05
870.77,349389,24416,26,500,28,1.23,1,3.85,901,2.09,15,0.04
872.06,349889,24428,26,500,12,1.29,1,3.85,901,2.09,0,0
873.38,350389,24448,26,500,20,1.32,1,3.85,901,2.09,95,0.24
874.67,350892,24468,26,503,20,1.3,1,3.85,901,2.09,60,0.17
875.99,351393,24500,26,501,32,1.32,1,3.85,901,2.09,25,0.06
877.42,351897,24516,26,504,16,1.42,1,3.85,901,2.09,65,0.19
878.76,352399,24564,26,502,48,1.34,1,3.85,901,2.09,65,0.15
880.15,352902,24600,26,503,36,1.39,1,3.85,901,2.09,145,0.37
881.53,353406,24632,26,504,32,1.38,1,3.85,901,2.09,95,0.27
882.85,353907,24676,26,501,44,1.32,1,3.85,901,2.09,15,0.04
884.16,354410,24688,26,503,12,1.31,1,3.85,901,2.09,55,0.13
885.42,354913,24704,26,503,16,1.26,1,3.85,901,2.09,150,0.38
886.73,355415,24728,26,502,24,1.31,1,3.85,901,2.09,115,0.33
888.13,355919,24772,26,504,44,1.4,1,3.85,901,2.09,15,0.04
889.65,356421,24796,26,502,24,1.53,1,3.85,901,2.09,85,0.27
891.11,356923,24828,26,502,32,1.46,1,3.85,901,2.09,50,0.17
892.53,357427,24844,26,504,16,1.42,1,3.85,901,2.09,130,0.44
893.8,357927,24860,26,500,16,1.27,1,3.85,901,2.09,110,0.26
895.18,358428,24916,26,501,56,1.38,1,3.85,901,2.09,30,0.08
896.72,358932,24936,26,504,20,1.53,1,3.85,901,2.09,5,0.01
898.19,359434,24980,26,502,44,1.47,1,3.85,901,2.09,15,0.04
899.58,359934,25016,26,500,36,1.4,1,3.85,901,2.09,40,0.12
900.85,360437,25028,26,503,12,1.26,1,3.85,901,2.09,55,0.12
902.26,360941,25044,26,504,16,1.41,1,3.85,901,2.09,100,0.27
903.52,361441,25072,26,500,28,1.25,1,3.85,901,2.09,90,0.19
904.8,361942,25092,26,501,20,1.28,1,3.85,901,2.09,30,0.08
906.17,362443,25104,26,501,12,1.37,1,3.85,901,2.09,95,0.24
907.7,362947,25136,26,504,32,1.53,1,3.85,901,2.09,40,0.13
909.17,363450,25172,26,503,36,1.47,1,3.85,901,2.09,15,0.04
910.38,363951,25200,26,501,28,1.21,1,3.85,901,2.09,135,0.32
911.65,364451,25244,26,500,44,1.27,1,3.85,901,2.09,70,0.19
913.06,364951,25280,26,500,36,1.4,1,3.85,901,2.09,125,0.3
914.44,365451,25304,26,500,24,1.39,1,3.85,901,2.09,210,0.6
915.82,365954,25324,26,503,20,1.38,1,3.85,901,2.09,210,0.66
917.39,366455,25368,26,501,44,1.56,1,3.85,901,2.09,15,0.03
918.75,366957,25404,26,502,36,1.37,1,3.85,901,2.09,75,0.19
920.06,367459,25444,26,502,40,1.3,1,3.85,901,2.09,25,0.06
921.31,367963,25476,26,504,32,1.25,1,3.85,901,2.09,30,0.09
922.58,368465,25508,26,502,32,1.27,1,3.85,901,2.09,130,0.35
923.87,368966,25548,26,501,40,1.29,1,3.85,901,2.09,35,0.08
925.22,369468,25576,26,502,28,1.35,1,3.85,901,2.09,125,0.32
926.57,369969,25604,26,501,28,1.35,1,3.85,901,2.09,50,0.14
927.87,370473,25640,26,504,36,1.3,1,3.85,901,2.09,60,0.15
929.35,370973,25668,26,500,28,1.48,1,3.85,901,2.09,20,0.05
930.72,371477,25700,26,504,32,1.37,1,3.85,901,2.09,60,0.16
932.05,371981,25732,26,504,32,1.33,1,3.85,901,2.09,25,0.07
933.43,372481,25748,26,500,16,1.37,1,3.85,901,2.09,50,0.13
935.02,372985,25764,26,504,16,1.59,1,3.85,901,2.09,225,0.67
936.53,373489,25820,26,504,56,1.51,1,3.85,901,2.09,70,0.17
937.85,373991,25856,26,502,36,1.32,1,3.85,901,2.09,25,0.06
939.11,374493,25876,26,502,20,1.26,1,3.85,901,2.09,140,0.3
940.42,374993,25908,26,500,32,1.32,1,3.85,901,2.09,110,0.3
941.92,375494,25920,26,501,12,1.5,1,3.85,901,2.09,10,0.04
943.41,375998,25948,26,504,28,1.49,1,3.85,901,2.09,10,0.04
944.98,376501,25976,26,503,28,1.57,1,3.85,901,2.09,145,0.43
946.39,377003,25996,26,502,20,1.41,1,3.85,901,2.09,65,0.2
947.81,377504,26028,26,501,32,1.41,1,3.85,901,2.09,65,0.18
949.34,378004,26076,26,500,48,1.53,1,3.85,901,2.09,0,0
950.87,378504,26088,26,500,12,1.54,1,3.85,901,2.09,165,0.55
952.23,379007,26124,26,503,36,1.35,1,3.85,901,2.09,15,0.05
953.6,379508,26148,26,501,24,1.37,1,3.85,901,2.09,35,0.09
954.92,380009,26168,26,501,20,1.32,1,3.85,901,2.09,25,0.06
956.35,380511,26200,26,502,32,1.43,1,3.85,901,2.09,25,0.08
957.65,381011,26216,26,500,16,1.29,1,3.85,901,2.09,10,0.03
959.05,381511,26240,26,500,24,1.4,1,3.85,901,2.09,5,0.02
960.28,382015,26276,26,504,36,1.23,1,3.85,901,2.09,10,0.03
961.67,382516,26308,26,501,32,1.39,1,3.85,901,2.09,5,0.02
963.1,383019,26344,26,503,36,1.43,1,3.85,901,2.09,105,0.29
964.37,383523,26392,26,504,48,1.27,1,3.85,901,2.09,95,0.24
965.55,384025,26420,26,502,28,1.18,1,3.85,901,2.09,50,0.11
966.93,384529,26444,26,504,24,1.38,1,3.85,901,2.09,300,0.77
968.22,385031,26472,26,502,28,1.29,1,3.85,901,2.09,0,0
969.66,385534,26492,26,503,20,1.44,1,3.85,901,2.09,110,0.3
970.89,386037,26504,26,503,12,1.22,1,3.85,901,2.09,170,0.39
972.17,386537,26536,26,500,32,1.28,1,3.85,901,2.09,10,0.03
973.49,387039,26564,26,502,28,1.32,1,3.85,901,2.09,75,0.17
974.73,387543,26604,26,504,40,1.24,1,3.85,901,2.09,20,0.05
976.05,388044,26624,26,501,20,1.31,1,3.85,901,2.09,170,0.42
977.22,388544,26652,26,500,28,1.17,1,3.85,901,2.09,40,0.08
978.44,389048,26680,26,504,28,1.22,1,3.85,901,2.09,50,0.12
979.88,389551,26700,26,503,20,1.44,1,3.85,901,2.09,190,0.7
981.38,390053,26728,26,502,28,1.5,1,3.85,901,2.09,85,0.21
982.6,390556,26752,26,503,24,1.22,1,3.85,901,2.09,70,0.16
984.02,391058,26784,26,502,32,1.42,1,3.85,901,2.09,35,0.11
985.42,391559,26820,26,501,36,1.4,1,3.85,901,2.09,90,0.21
986.76,392060,26852,26,501,32,1.33,1,3.85,901,2.09,55,0.14
988.23,392561,26880,26,501,28,1.47,1,3.85,901,2.09,25,0.06
989.55,393063,26920,26,502,40,1.32,1,3.85,901,2.09,15,0.04
990.91,393567,26936,26,504,16,1.37,1,3.85,901,2.09,345,0.97
992.29,394071,26952,26,504,16,1.38,1,3.85,901,2.09,45,0.11
993.57,394573,26976,26,502,24,1.29,1,3.85,901,2.09,185,0.47
995.13,395073,27020,26,500,44,1.55,1,3.85,901,2.09,5,0.01
996.46,395573,27040,26,500,20,1.34,1,3.85,901,2.09,190,0.49
997.87,396076,27068,26,503,28,1.4,1,3.85,901,2.09,75,0.2
999.21,396577,27092,26,501,24,1.34,1,3.85,901,2.09,30,0.08
1000.49,397079,27112,26,502,20,1.28,1,3.85,901,2.09,90,0.24
1001.94,397582,27124,26,503,12,1.45,1,3.85,901,2.09,115,0.31
1003.31,398084,27156,26,502,32,1.37,1,3.85,901,2.09,25,0.06
1004.69,398588,27184,26,504,28,1.38,1,3.85,901,2.09,185,0.47
1005.93,399091,27212,26,503,28,1.24,1,3.85,901,2.09,35,0.08
1007.22,399595,27232,26,504,20,1.29,1,3.85,901,2.09,215,0.55
1008.5,400097,27256,26,502,24,1.28,1,3.85,901,2.09,50,0.12
1009.74,400599,27284,26,502,28,1.24,1,3.85,901,2.09,55,0.15
1011,401101,27332,26,502,48,1.26,1,3.85,901,2.09,65,0.16
1012.36,401602,27376,26,501,44,1.37,1,3.85,901,2.09,55,0.16
1013.64,402105,27416,26,503,40,1.28,1,3.85,901,2.09,25,0.07
1015.03,402608,27428,26,503,12,1.39,1,3.85,901,2.09,45,0.11
1016.27,403112,27460,26,504,32,1.23,1,3.85,901,2.09,85,0.23
1017.65,403615,27488,26,503,28,1.38,1,3.85,901,2.09,20,0.05
1018.96,404117,27516,26,502,28,1.32,1,3.85,901,2.09,170,0.44
1020.25,404617,27532,26,500,16,1.29,1,3.85,901,2.09,25,0.07
1021.56,405120,27560,26,503,28,1.3,1,3.85,901,2.09,135,0.31
1023.06,405624,27616,26,504,56,1.5,1,3.85,901,2.09,20,0.04
1024.34,406128,27632,26,504,16,1.28,1,3.85,901,2.09,410,1
1025.62,406630,27664,26,502,32,1.28,1,3.85,901,2.09,25,0.06
1026.91,407134,27712,26,504,48,1.28,1,3.85,901,2.09,75,0.17
1028.19,407636,27748,26,502,36,1.29,1,3.85,901,2.09,10,0.02
1029.37,408136,27776,26,500,28,1.18,1,3.85,901,2.09,185,0.43
1030.72,408638,27816,26,502,40,1.35,1,3.85,901,2.09,5,0.02
1032.01,409142,27860,26,504,44,1.28,1,3.85,901,2.09,35,0.08
1033.35,409645,27900,26,503,40,1.34,1,3.85,901,2.09,35,0.09
1034.88,410148,27920,26,503,20,1.53,1,3.85,901,2.09,120,0.32
1036.25,410652,27956,26,504,36,1.37,1,3.85,901,2.09,30,0.08
1037.54,411154,27988,26,502,32,1.29,1,3.85,901,2.09,40,0.11
1038.85,411657,28004,26,503,16,1.31,1,3.85,901,2.09,90,0.2
1040.12,412161,28032,26,504,28,1.26,1,3.85,901,2.09,15,0.04
1041.49,412664,28072,26,503,40,1.37,1,3.85,901,2.09,5,0.01
1042.78,413164,28108,26,500,36,1.3,1,3.85,901,2.09,25,0.07
1044.08,413664,28128,26,500,20,1.3,1,3.85,901,2.09,35,0.08
1045.35,414165,28132,26,501,4,1.27,1,3.85,901,2.09,215,0.54
1046.66,414667,28156,26,502,24,1.31,1,3.85,901,2.09,165,0.4
1048.35,415168,28192,26,501,36,1.69,1,3.85,901,2.09,80,0.25
1049.67,415668,28236,26,500,44,1.32,1,3.85,901,2.09,70,0.22
1051.12,416171,28288,26,503,52,1.44,1,3.85,901,2.09,10,0.03
1052.48,416671,28324,26,500,36,1.37,1,3.85,901,2.09,25,0.05
1053.75,417172,28340,26,501,16,1.26,1,3.85,901,2.09,70,0.18
1055.06,417674,28368,26,502,28,1.31,1,3.85,901,2.09,105,0.25
1056.2,418178,28388,26,504,20,1.14,1,3.85,901,2.09,160,0.35
1057.45,418678,28416,26,500,28,1.25,1,3.85,901,2.09,10,0.03
1058.8,419179,28448,26,501,32,1.35,1,3.85,901,2.09,15,0.06
1060.18,419679,28472,26,500,24,1.38,1,3.85,901,2.09,305,0.83
1061.48,420179,28500,26,500,28,1.3,1,3.85,901,2.09,90,0.24
1062.9,420681,28532,26,502,32,1.42,1,3.85,901,2.09,10,0.04
1064.2,421185,28564,26,504,32,1.3,1,3.85,901,2.09,65,0.17
1065.62,421689,28604,26,504,40,1.42,1,3.85,901,2.09,65,0.18
1066.83,422193,28620,26,504,16,1.21,1,3.85,901,2.09,50,0.13
1068.13,422697,28656,26,504,36,1.3,1,3.85,901,2.09,30,0.09
1069.34,423200,28668,26,503,12,1.21,1,3.85,901,2.09,210,0.48
1070.5,423704,28692,26,504,24,1.16,1,3.85,901,2.09,5,0.01
1071.84,424204,28748,26,500,56,1.34,1,3.85,901,2.09,50,0.12
1073.04,424705,28768,26,501,20,1.2,1,3.85,901,2.09,20,0.06
1074.45,425209,28804,26,504,36,1.41,1,3.85,901,2.09,5,0.01
1075.87,425711,28828,26,502,24,1.42,1,3.85,901,2.09,50,0.14
1077.23,426212,28872,26,501,44,1.36,1,3.85,901,2.09,5,0.01
1078.6,426714,28896,26,502,24,1.37,1,3.85,901,2.09,135,0.37
1079.84,427216,28920,26,502,24,1.24,1,3.85,901,2.09,35,0.08
1081.12,427717,28948,26,501,28,1.28,1,3.85,901,2.09,100,0.25
1082.64,428220,28972,26,503,24,1.53,1,3.85,901,2.09,85,0.35
1084.02,428723,29016,26,503,44,1.38,1,3.85,901,2.09,115,0.25
1085.26,429225,29060,26,502,44,1.24,1,3.85,901,2.09,35,0.08
1086.7,429729,29076,26,504,16,1.44,1,3.85,901,2.09,60,0.15
1087.9,430233,29112,26,504,36,1.2,1,3.85,901,2.09,65,0.16
1089.19,430736,29140,26,503,28,1.29,1,3.85,901,2.09,0,0
1090.38,431237,29176,26,501,36,1.19,1,3.85,901,2.09,80,0.19
1091.66,431741,29192,26,504,16,1.28,1,3.85,901,2.09,125,0.29
1092.99,432242,29224,26,501,32,1.33,1,3.85,901,2.09,20,0.04
1094.18,432743,29244,26,501,20,1.2,1,3.85,901,2.09,20,0.04
1095.45,433244,29276,26,501,32,1.27,1,3.85,901,2.09,260,0.66
1096.7,433748,29304,26,504,28,1.24,1,3.85,901,2.09,160,0.37
1097.84,434252,29340,26,504,36,1.14,1,3.85,901,2.09,80,0.18
1099.31,434756,29364,26,504,24,1.47,1,3.85,901,2.09,210,0.8
1100.57,435260,29388,26,504,24,1.26,1,3.85,901,2.09,25,0.07
1101.9,435760,29408,26,500,20,1.33,1,3.85,901,2.09,110,0.31
1103.21,436261,29428,26,501,20,1.3,1,3.85,901,2.09,115,0.29
1104.42,436763,29444,26,502,16,1.22,1,3.85,901,2.09,30,0.06
1105.79,437263,29480,26,500,36,1.36,1,3.85,901,2.09,70,0.22
1106.94,437763,29516,26,500,36,1.15,1,3.85,901,2.09,100,0.22
1108.17,438265,29536,26,502,20,1.23,1,3.85,901,2.09,25,0.06
1109.37,438769,29588,26,504,52,1.2,1,3.85,901,2.09,10,0.02
1,504,4739,27,504,4739,1,3,11.11,241,0.48,200,0.4
2.26,1008,5524,29,504,785,1.26,3,10.34,413,0.85,135,0.28
3.37,1510,5573,29,502,49,1.11,3,10.34,447,1.02,95,0.18
4.37,2012,5573,29,502,0,1,2,6.9,447,1.02,240,0.48
5.33,2512,5573,29,500,0,0.96,1,3.45,555,1.07,185,0.37
6.37,3012,5575,29,500,2,1.03,2,6.9,555,1.07,195,0.42
7.46,3512,5575,29,500,0,1.09,0,0,555,1.07,695,1.51
8.58,4016,5575,29,504,0,1.13,2,6.9,793,1.74,20,0.05
9.71,4518,5575,29,502,0,1.12,2,6.9,793,1.74,60,0.13
10.83,5018,5575,29,500,0,1.12,0,0,793,1.74,560,1.25
11.98,5518,5575,29,500,0,1.15,0,0,793,1.74,1060,2.4
13.01,6021,5575,29,503,0,1.03,1,3.45,1443,3.17,120,0.26
14.07,6521,5575,29,500,0,1.05,0,0,1443,3.17,620,1.32
15.09,7021,5575,29,500,0,1.02,0,0,1443,3.17,1120,2.34
16.08,7523,5637,29,502,62,0.99,1,3.45,1443,3.17,290,0.62
17.17,8023,5637,29,500,0,1.09,0,0,1443,3.17,790,1.71
18.31,8524,5643,29,501,6,1.14,1,3.45,1443,3.17,75,0.15
19.35,9028,5659,29,504,16,1.04,1,3.45,1443,3.17,195,0.39
20.35,9530,5667,29,502,8,1,1,3.45,1443,3.17,335,0.64
21.36,10031,5671,29,501,4,1.01,1,3.45,1443,3.17,145,0.32
22.46,10533,5679,29,502,8,1.11,2,6.9,1443,3.17,200,0.45
23.5,11037,5695,29,504,16,1.03,2,6.9,1443,3.17,10,0.02
24.58,11537,5711,29,500,16,1.09,1,3.45,1443,3.17,50,0.12
25.59,12040,5719,29,503,8,1.01,1,3.45,1443,3.17,5,0.01
26.64,12544,5731,29,504,12,1.05,1,3.45,1443,3.17,95,0.2
27.79,13047,5739,29,503,8,1.15,1,3.45,1443,3.17,10,0.02
28.95,13549,5747,29,502,8,1.15,1,3.45,1443,3.17,280,0.67
30.13,14052,5759,29,503,12,1.18,1,3.45,1443,3.17,135,0.3
31.21,14552,5779,29,500,20,1.09,1,3.45,1443,3.17,15,0.04
32.36,15052,5803,29,500,24,1.14,1,3.45,1443,3.17,205,0.46
33.44,15555,5823,29,503,20,1.09,1,3.45,1443,3.17,85,0.18
34.68,16059,5839,29,504,16,1.23,1,3.45,1443,3.17,20,0.05
35.9,16562,5851,29,503,12,1.22,1,3.45,1443,3.17,50,0.13
37.06,17065,5871,29,503,20,1.15,1,3.45,1443,3.17,100,0.24
38.2,17568,5899,29,503,28,1.14,1,3.45,1443,3.17,35,0.08
39.42,18071,5915,29,503,16,1.22,1,3.45,1443,3.17,100,0.22
40.55,18572,5935,29,501,20,1.12,1,3.45,1443,3.17,75,0.18
41.66,19075,5959,29,503,24,1.11,1,3.45,1443,3.17,85,0.17
42.82,19579,5995,29,504,36,1.17,2,6.9,1443,3.17,130,0.31
44.02,20081,6007,29,502,12,1.2,2,6.9,1443,3.17,30,0.06
45.07,20581,6007,29,500,0,1.05,0,0,1443,3.17,530,1.11
46.13,21081,6007,29,500,0,1.06,0,0,1443,3.17,1030,2.17
47.18,21581,6007,29,500,0,1.04,0,0,1443,3.17,1530,3.22
48.2,22081,6007,29,500,0,1.02,0,0,1443,3.17,2030,4.24
49.27,22581,6007,29,500,0,1.07,0,0,1443,3.17,2530,5.31
50.26,23081,6007,29,500,0,0.99,0,0,1443,3.17,3030,6.3
51.32,23581,6007,29,500,0,1.06,0,0,1443,3.17,3530,7.36
52.31,24081,6007,29,500,0,1,0,0,1443,3.17,4030,8.35
53.45,24581,6007,29,500,0,1.14,0,0,1443,3.17,4530,9.49
54.51,25081,6007,29,500,0,1.06,0,0,1443,3.17,5030,10.55
55.58,25583,6011,29,502,4,1.07,1,3.45,5267,11.05,265,0.57
56.59,26083,6011,29,500,0,1.02,0,0,5267,11.05,765,1.59
57.69,26583,6011,29,500,0,1.1,0,0,5267,11.05,1265,2.69
58.81,27083,6011,29,500,0,1.12,0,0,5267,11.05,1765,3.8
60.06,27583,6011,29,500,0,1.25,0,0,5267,11.05,2265,5.06
61.15,28083,6011,29,500,0,1.08,0,0,5267,11.05,2765,6.14
62.18,28584,6015,29,501,4,1.03,1,3.45,5267,11.05,155,0.32
63.22,29084,6026,29,500,11,1.04,3,10.34,5267,11.05,165,0.36
64.35,29584,6026,29,500,0,1.13,0,0,5267,11.05,665,1.49
65.39,30084,6026,29,500,0,1.04,0,0,5267,11.05,1165,2.53
66.53,30584,6026,29,500,0,1.13,0,0,5267,11.05,1665,3.67
67.62,31084,6026,29,500,0,1.1,0,0,5267,11.05,2165,4.76
68.69,31584,6026,29,500,0,1.07,0,0,5267,11.05,2665,5.83
69.69,32084,6026,29,500,0,0.99,0,0,5267,11.05,3165,6.83
70.73,32584,6026,29,500,0,1.05,0,0,5267,11.05,3665,7.87
71.74,33084,6026,29,500,0,1,0,0,5267,11.05,4165,8.88
72.73,33584,6026,29,500,0,0.99,0,0,5267,11.05,4665,9.87
73.82,34084,6026,29,500,0,1.1,0,0,5267,11.05,5165,10.96
74.81,34585,6030,29,501,4,0.99,1,3.45,5596,11.81,70,0.14
75.89,35085,6030,29,500,0,1.08,0,0,5596,11.81,570,1.22
76.96,35585,6030,29,500,0,1.07,0,0,5596,11.81,1070,2.29
78.09,36089,6034,29,504,4,1.13,1,3.45,5596,11.81,15,0.03
79.23,36590,6038,29,501,4,1.15,1,3.45,5596,11.81,385,0.89
80.39,37090,6038,29,500,0,1.15,0,0,5596,11.81,885,2.04
81.47,37590,6038,29,500,0,1.08,0,0,5596,11.81,1385,3.12
82.52,38093,6042,29,503,4,1.05,1,3.45,5596,11.81,350,0.7
83.63,38594,6046,29,501,4,1.1,1,3.45,5596,11.81,495,1.09
84.7,39094,6046,29,500,0,1.08,0,0,5596,11.81,995,2.16
85.87,39598,6050,29,504,4,1.17,1,3.45,5596,11.81,75,0.18
86.91,40100,6058,29,502,8,1.04,1,3.45,5596,11.81,20,0.04
88.04,40601,6062,29,501,4,1.13,1,3.45,5596,11.81,10,0.02
89.2,41102,6062,29,501,0,1.16,1,3.45,5596,11.81,125,0.28
90.41,41602,6062,29,500,0,1.21,0,0,5596,11.81,625,1.49
91.46,42102,6062,29,500,0,1.05,0,0,5596,11.81,1125,2.53
92.5,42602,6062,29,500,0,1.05,0,0,5596,11.81,1625,3.58
93.57,43102,6062,29,500,0,1.07,0,0,5596,11.81,2125,4.65
94.69,43602,6062,29,500,0,1.12,0,0,5596,11.81,2625,5.77
95.8,44103,6066,29,501,4,1.11,1,3.45,5596,11.81,70,0.2
97.03,44603,6066,29,500,0,1.23,0,0,5596,11.81,570,1.43
97.87,45103,6066,29,500,0,0.84,0,0,5596,11.81,1070,2.27
98.93,45605,6070,29,502,4,1.05,1,3.45,5596,11.81,310,0.64
99.94,46105,6070,29,500,0,1.02,0,0,5596,11.81,810,1.66
101.12,46608,6074,29,503,4,1.18,1,3.45,5596,11.81,185,0.41
102.18,47109,6078,29,501,4,1.05,1,3.45,5596,11.81,490,1.03
103.18,47613,6078,28,504,0,1,1,3.57,5596,11.81,500,0.99
104.2,48113,6078,28,500,0,1.02,0,0,5596,11.81,1000,2.01
105.08,48613,6078,28,500,0,0.88,0,0,5596,11.81,1500,2.89
106.12,49113,6078,28,500,0,1.04,0,0,5596,11.81,2000,3.93
107.12,49613,6078,28,500,0,1,0,0,5596,11.81,2500,4.93
108.18,50117,6082,28,504,4,1.06,1,3.57,5596,11.81,250,0.53
109.26,50617,6082,28,500,0,1.07,0,0,5596,11.81,750,1.6
110.33,51117,6082,28,500,0,1.07,0,0,5596,11.81,1250,2.67
111.39,51617,6082,28,500,0,1.06,1,3.57,5596,11.81,450,0.94
112.41,52117,6082,28,500,0,1.02,0,0,5596,11.81,950,1.96
113.57,52617,6082,28,500,0,1.16,0,0,5596,11.81,1450,3.12
114.61,53117,6082,28,500,0,1.04,0,0,5596,11.81,1950,4.16
115.64,53617,6082,28,500,0,1.04,0,0,5596,11.81,2450,5.2
116.67,54118,6082,28,501,0,1.02,1,3.57,5596,11.81,320,0.67
117.62,54620,6086,28,502,4,0.96,1,3.57,5596,11.81,385,0.75
118.6,55120,6086,28,500,0,0.97,0,0,5596,11.81,885,1.72
119.57,55623,6094,28,503,8,0.97,1,3.57,5596,11.81,210,0.4
120.61,56123,6094,28,500,0,1.04,0,0,5596,11.81,710,1.44
121.62,56625,6095,28,502,1,1.01,1,3.57,5596,11.81,300,0.61
122.67,57125,6095,28,500,0,1.05,0,0,5596,11.81,800,1.66
123.8,57625,6095,28,500,0,1.14,0,0,5596,11.81,1300,2.8
124.92,58125,6095,28,500,0,1.12,0,0,5596,11.81,1800,3.92
126.12,58629,6103,28,504,8,1.2,1,3.57,5596,11.81,115,0.27
127.2,59133,6115,28,504,12,1.08,2,7.14,5596,11.81,150,0.31
128.32,59635,6123,28,502,8,1.12,1,3.57,5596,11.81,220,0.5
129.47,60139,6131,28,504,8,1.15,1,3.57,5596,11.81,10,0.03
130.71,60639,6131,28,500,0,1.24,0,0,5596,11.81,510,1.27
131.92,61143,6147,28,504,16,1.21,1,3.57,5596,11.81,105,0.24
133.13,61644,6151,28,501,4,1.2,1,3.57,5596,11.81,270,0.66
134.44,62146,6159,28,502,8,1.31,1,3.57,5596,11.81,15,0.04
135.74,62650,6167,28,504,8,1.31,1,3.57,5596,11.81,365,0.96
136.93,63151,6171,28,501,4,1.19,1,3.57,5596,11.81,360,0.84
138.27,63651,6179,28,500,8,1.34,1,3.57,5596,11.81,300,0.76
139.5,64152,6203,28,501,24,1.23,1,3.57,5596,11.81,60,0.12
140.56,64654,6207,27,502,4,1.07,2,7.41,5596,11.81,70,0.16
141.61,65154,6207,27,500,0,1.05,0,0,5596,11.81,570,1.21
142.65,65655,6211,27,501,4,1.04,1,3.7,5596,11.81,130,0.28
143.74,66156,6215,27,501,4,1.1,1,3.7,5596,11.81,160,0.34
144.74,66659,6223,27,503,8,1,1,3.7,5596,11.81,245,0.46
145.72,67161,6231,27,502,8,0.98,1,3.7,5596,11.81,50,0.1
146.8,67662,6239,27,501,8,1.07,1,3.7,5596,11.81,380,0.82
147.85,68164,6247,27,502,8,1.05,1,3.7,5596,11.81,180,0.37
148.86,68667,6259,27,503,12,1.01,1,3.7,5596,11.81,5,0.01
149.88,69167,6259,27,500,0,1.03,0,0,5596,11.81,505,1.04
150.97,69670,6271,27,503,12,1.09,1,3.7,5596,11.81,125,0.28
152.11,70171,6275,27,501,4,1.13,1,3.7,5596,11.81,120,0.31
153.28,70674,6283,27,503,8,1.17,1,3.7,5596,11.81,15,0.03
154.42,71176,6295,27,502,12,1.14,1,3.7,5596,11.81,15,0.03
155.54,71677,6311,27,501,16,1.11,1,3.7,5596,11.81,225,0.49
156.61,72180,6327,27,503,16,1.08,2,7.41,5596,11.81,45,0.1
157.7,72681,6343,27,501,16,1.09,1,3.7,5596,11.81,5,0.02
158.89,73182,6371,27,501,28,1.19,2,7.41,5596,11.81,45,0.1
160.01,73684,6379,27,502,8,1.11,1,3.7,5596,11.81,80,0.18
161.19,74186,6399,27,502,20,1.18,1,3.7,5596,11.81,35,0.09
162.2,74689,6419,27,503,20,1.01,1,3.7,5596,11.81,65,0.14
163.37,75190,6439,27,501,20,1.17,2,7.41,5596,11.81,85,0.22
164.52,75692,6475,27,502,36,1.15,2,7.41,5596,11.81,30,0.07
165.7,76193,6499,27,501,24,1.19,1,3.7,5596,11.81,60,0.13
166.8,76694,6503,27,501,4,1.09,1,3.7,5596,11.81,245,0.53
167.9,77196,6531,27,502,28,1.1,2,7.41,5596,11.81,75,0.18
169.1,77697,6555,27,501,24,1.2,1,3.7,5596,11.81,125,0.3
170.19,78200,6579,27,503,24,1.09,1,3.7,5596,11.81,20,0.05
171.34,78701,6615,27,501,36,1.15,1,3.7,5596,11.81,20,0.06
172.55,79203,6631,27,502,16,1.21,1,3.7,5596,11.81,255,0.63
173.68,79707,6647,27,504,16,1.14,1,3.7,5596,11.81,40,0.08
174.86,80209,6667,27,502,20,1.18,1,3.7,5596,11.81,15,0.03
175.93,80709,6695,27,500,28,1.07,1,3.7,5596,11.81,60,0.14
177.15,81213,6707,27,504,12,1.22,1,3.7,5596,11.81,95,0.21
178.35,81717,6723,27,504,16,1.19,1,3.7,5596,11.81,5,0.01
179.64,82219,6743,27,502,20,1.29,1,3.7,5596,11.81,30,0.07
180.75,82723,6759,27,504,16,1.11,2,7.41,5596,11.81,125,0.28
181.93,83224,6779,27,501,20,1.18,1,3.7,5596,11.81,40,0.09
183.1,83724,6807,27,500,28,1.17,1,3.7,5596,11.81,25,0.06
184.3,84224,6819,27,500,12,1.2,1,3.7,5596,11.81,250,0.6
185.43,84725,6823,27,501,4,1.13,1,3.7,5596,11.81,90,0.18
186.45,85227,6835,27,502,12,1.02,2,7.41,5596,11.81,135,0.27
187.6,85729,6851,27,502,16,1.15,1,3.7,5596,11.81,50,0.12
188.74,86230,6875,27,501,24,1.14,1,3.7,5596,11.81,20,0.03
190.06,86732,6895,27,502,20,1.32,1,3.7,5596,11.81,55,0.16
191.15,87235,6915,27,503,20,1.09,1,3.7,5596,11.81,195,0.44
192.34,87735,6931,27,500,16,1.19,1,3.7,5596,11.81,10,0.03
193.54,88235,6951,27,500,20,1.2,1,3.7,5596,11.81,35,0.07
194.64,88738,6975,27,503,24,1.1,1,3.7,5596,11.81,30,0.08
195.81,89238,7003,27,500,28,1.16,1,3.7,5596,11.81,60,0.13
196.94,89740,7027,27,502,24,1.13,1,3.7,5596,11.81,240,0.49
198.12,90244,7063,27,504,36,1.18,1,3.7,5596,11.81,15,0.04
199.3,90748,7083,27,504,20,1.18,1,3.7,5596,11.81,305,0.73
200.54,91249,7107,27,501,24,1.25,1,3.7,5596,11.81,85,0.18
201.88,91752,7127,27,503,20,1.33,1,3.7,5596,11.81,55,0.13
203.03,92255,7147,27,503,20,1.16,1,3.7,5596,11.81,30,0.09
204.27,92757,7155,27,502,8,1.24,1,3.7,5596,11.81,310,0.76
205.45,93259,7187,27,502,32,1.18,1,3.7,5596,11.81,135,0.34
206.73,93759,7203,27,500,16,1.28,1,3.7,5596,11.81,0,0
207.96,94261,7231,27,502,28,1.24,1,3.7,5596,11.81,5,0.02
209.19,94761,7247,27,500,16,1.23,1,3.7,5596,11.81,150,0.35
210.29,95261,7271,27,500,24,1.09,1,3.7,5596,11.81,60,0.14
211.42,95764,7295,27,503,24,1.14,1,3.7,5596,11.81,180,0.39
212.52,96267,7303,27,503,8,1.09,1,3.7,5596,11.81,225,0.51
213.61,96771,7339,27,504,36,1.1,1,3.7,5596,11.81,80,0.18
214.73,97272,7371,27,501,32,1.11,1,3.7,5596,11.81,130,0.28
215.92,97773,7387,27,501,16,1.19,1,3.7,5596,11.81,245,0.55
217.13,98273,7419,27,500,32,1.21,1,3.7,5596,11.81,145,0.34
218.32,98773,7451,27,500,32,1.19,1,3.7,5596,11.81,85,0.2
219.58,99274,7499,27,501,48,1.25,1,3.7,5596,11.81,15,0.04
220.69,99778,7523,27,504,24,1.12,1,3.7,5596,11.81,25,0.05
221.92,100280,7551,27,502,28,1.23,1,3.7,5596,11.81,85,0.21
223.02,100783,7563,27,503,12,1.1,1,3.7,5596,11.81,190,0.45
224.21,101286,7587,27,503,24,1.19,1,3.7,5596,11.81,165,0.43
225.54,101789,7623,27,503,36,1.33,1,3.7,5596,11.81,25,0.06
226.82,102292,7647,27,503,24,1.28,1,3.7,5596,11.81,0,0
228.11,102794,7655,27,502,8,1.29,1,3.7,5596,11.81,150,0.4
229.38,103296,7667,27,502,12,1.27,1,3.7,5596,11.81,250,0.65
230.69,103800,7699,27,504,32,1.31,1,3.7,5596,11.81,40,0.1
232.07,104301,7727,27,501,28,1.38,1,3.7,5596,11.81,170,0.45
233.31,104803,7751,27,502,24,1.25,1,3.7,5596,11.81,85,0.23
234.57,105306,7771,27,503,20,1.25,1,3.7,5596,11.81,65,0.13
235.67,105806,7803,27,500,32,1.1,1,3.7,5596,11.81,10,0.03
236.84,106308,7827,27,502,24,1.17,1,3.7,5596,11.81,35,0.09
238.08,106812,7851,27,504,24,1.24,1,3.7,5596,11.81,40,0.12
239.26,107312,7875,27,500,24,1.18,1,3.7,5596,11.81,25,0.05
240.45,107812,7903,27,500,28,1.18,1,3.7,5596,11.81,35,0.07
241.58,108315,7931,27,503,28,1.13,1,3.7,5596,11.81,25,0.06
242.68,108819,7943,27,504,12,1.1,1,3.7,5596,11.81,230,0.5
243.94,109322,7967,27,503,24,1.26,1,3.7,5596,11.81,70,0.19
245.14,109826,7983,27,504,16,1.2,1,3.7,5596,11.81,230,0.59
246.25,110330,8019,27,504,36,1.11,1,3.7,5596,11.81,5,0.01
247.38,110831,8047,27,501,28,1.14,2,7.41,5596,11.81,70,0.15
248.79,111332,8067,27,501,20,1.4,1,3.7,5596,11.81,30,0.08
250.06,111832,8087,27,500,20,1.27,1,3.7,5596,11.81,10,0.02
251.28,112335,8099,27,503,12,1.23,1,3.7,5596,11.81,25,0.06
252.71,112839,8147,27,504,48,1.43,1,3.7,5596,11.81,25,0.06
254,113339,8187,27,500,40,1.28,1,3.7,5596,11.81,20,0.06
255.23,113839,8211,27,500,24,1.24,1,3.7,5596,11.81,185,0.45
256.66,114343,8227,27,504,16,1.43,1,3.7,5596,11.81,110,0.29
257.98,114845,8255,27,502,28,1.32,1,3.7,5596,11.81,110,0.27
259.24,115347,8307,27,502,52,1.26,1,3.7,5596,11.81,5,0.01
260.37,115849,8331,27,502,24,1.12,1,3.7,5596,11.81,65,0.14
261.53,116353,8367,27,504,36,1.16,1,3.7,5596,11.81,30,0.07
262.82,116853,8403,27,500,36,1.29,1,3.7,5596,11.81,15,0.05
264.02,117353,8443,27,500,40,1.2,1,3.7,5596,11.81,15,0.03
265.46,117855,8463,27,502,20,1.44,1,3.7,5596,11.81,45,0.17
266.83,118357,8475,27,502,12,1.37,1,3.7,5596,11.81,395,0.96
268.19,118859,8491,27,502,16,1.36,1,3.7,5596,11.81,5,0.01
269.37,119359,8511,27,500,20,1.18,1,3.7,5596,11.81,120,0.26
270.57,119861,8531,27,502,20,1.2,1,3.7,5596,11.81,30,0.09
271.89,120361,8551,27,500,20,1.32,1,3.7,5596,11.81,30,0.08
273.11,120863,8559,27,502,8,1.23,1,3.7,5596,11.81,50,0.12
274.33,121367,8571,27,504,12,1.22,1,3.7,5596,11.81,135,0.3
275.68,121869,8599,27,502,28,1.35,1,3.7,5596,11.81,115,0.33
276.92,122373,8631,27,504,32,1.24,1,3.7,5596,11.81,105,0.22
278.12,122877,8663,27,504,32,1.21,1,3.7,5596,11.81,170,0.43
279.25,123381,8691,27,504,28,1.13,1,3.7,5596,11.81,115,0.25
280.48,123882,8715,27,501,24,1.22,1,3.7,5596,11.81,70,0.17
281.65,124385,8739,27,503,24,1.17,1,3.7,5596,11.81,30,0.07
282.8,124886,8763,27,501,24,1.16,1,3.7,5596,11.81,200,0.48
284.04,125390,8795,27,504,32,1.24,1,3.7,5596,11.81,240,0.63
285.38,125892,8823,27,502,28,1.35,1,3.7,5596,11.81,0,0
286.59,126395,8859,27,503,36,1.2,1,3.7,5596,11.81,40,0.07
287.79,126895,8891,27,500,32,1.21,1,3.7,5596,11.81,0,0
289.08,127396,8915,27,501,24,1.29,1,3.7,5596,11.81,75,0.2
290.36,127898,8943,27,502,28,1.28,1,3.7,5596,11.81,15,0.05
291.65,128402,8979,27,504,36,1.29,1,3.7,5596,11.81,15,0.04
292.83,128902,9003,27,500,24,1.18,1,3.7,5596,11.81,15,0.03
294.19,129406,9039,27,504,36,1.36,1,3.7,5596,11.81,45,0.1
295.51,129906,9087,27,500,48,1.32,1,3.7,5596,11.81,55,0.12
296.91,130409,9107,27,503,20,1.4,1,3.7,5596,11.81,55,0.13
298.2,130911,9127,27,502,20,1.29,1,3.7,5596,11.81,225,0.59
299.42,131412,9159,27,501,32,1.22,1,3.7,5596,11.81,35,0.09
300.63,131915,9183,27,503,24,1.21,1,3.7,5596,11.81,5,0.01
301.93,132419,9211,27,504,28,1.3,1,3.7,5596,11.81,15,0.04
303.15,132920,9259,27,501,48,1.22,1,3.7,5596,11.81,65,0.15
304.46,133420,9307,27,500,48,1.3,1,3.7,5596,11.81,5,0.02
305.61,133920,9327,27,500,20,1.15,1,3.7,5596,11.81,160,0.35
306.78,134421,9347,27,501,20,1.17,1,3.7,5596,11.81,100,0.23
307.96,134922,9367,27,501,20,1.18,1,3.7,5596,11.81,135,0.32
309.28,135424,9411,27,502,44,1.32,1,3.7,5596,11.81,35,0.09
310.66,135927,9455,27,503,44,1.38,1,3.7,5596,11.81,40,0.09
311.95,136428,9495,27,501,40,1.29,1,3.7,5596,11.81,65,0.16
313.21,136932,9531,27,504,36,1.26,1,3.7,5596,11.81,5,0.02
314.48,137433,9555,27,501,24,1.26,1,3.7,5596,11.81,190,0.45
315.72,137933,9575,27,500,20,1.24,1,3.7,5596,11.81,60,0.16
317.03,138436,9611,27,503,36,1.31,1,3.7,5596,11.81,0,0
318.31,138940,9627,27,504,16,1.28,1,3.7,5596,11.81,50,0.11
319.57,139441,9651,27,501,24,1.26,1,3.7,5596,11.81,120,0.27
320.74,139944,9679,27,503,28,1.17,1,3.7,5596,11.81,20,0.05
321.98,140445,9723,27,501,44,1.24,1,3.7,5596,11.81,95,0.25
323.16,140946,9743,27,501,20,1.17,1,3.7,5596,11.81,35,0.07
324.45,141448,9779,27,502,36,1.29,1,3.7,5596,11.81,35,0.08
325.69,141951,9799,27,503,20,1.24,1,3.7,5596,11.81,25,0.06
326.97,142452,9831,27,501,32,1.27,1,3.7,5596,11.81,145,0.4
328.32,142952,9875,27,500,44,1.35,1,3.7,5596,11.81,65,0.23
329.59,143454,9907,27,502,32,1.27,1,3.7,5596,11.81,5,0.02
330.91,143958,9931,27,504,24,1.33,1,3.7,5596,11.81,165,0.44
332.19,144458,9963,27,500,32,1.27,1,3.7,5596,11.81,20,0.05
333.39,144962,9995,27,504,32,1.2,1,3.7,5596,11.81,45,0.09
334.69,145466,10015,27,504,20,1.3,1,3.7,5596,11.81,135,0.31
335.88,145967,10039,27,501,24,1.19,1,3.7,5596,11.81,65,0.18
337.21,146470,10063,27,503,24,1.33,1,3.7,5596,11.81,140,0.38
338.32,146971,10087,27,501,24,1.1,1,3.7,5596,11.81,45,0.08
339.56,147472,10103,27,501,16,1.25,1,3.7,5596,11.81,40,0.1
340.75,147973,10123,27,501,20,1.18,1,3.7,5596,11.81,105,0.25
341.89,148473,10159,27,500,36,1.14,1,3.7,5596,11.81,60,0.14
343.12,148975,10179,27,502,20,1.23,1,3.7,5596,11.81,145,0.37
344.24,149476,10191,27,501,12,1.12,1,3.7,5596,11.81,130,0.3
345.52,149979,10215,27,503,24,1.28,1,3.7,5596,11.81,125,0.33
346.79,150479,10239,27,500,24,1.27,1,3.7,5596,11.81,175,0.43
348,150979,10259,27,500,20,1.21,1,3.7,5596,11.81,215,0.51
349.18,151480,10287,27,501,28,1.18,1,3.7,5596,11.81,175,0.42
350.4,151980,10315,27,500,28,1.22,1,3.7,5596,11.81,20,0.06
351.66,152482,10323,27,502,8,1.27,1,3.7,5596,11.81,150,0.37
352.83,152982,10351,27,500,28,1.17,1,3.7,5596,11.81,65,0.15
354,153484,10371,27,502,20,1.17,1,3.7,5596,11.81,110,0.25
355.25,153986,10399,27,502,28,1.25,1,3.7,5596,11.81,185,0.49
356.49,154486,10435,27,500,36,1.23,1,3.7,5596,11.81,10,0.02
357.63,154986,10479,27,500,44,1.15,1,3.7,5596,11.81,30,0.07
358.82,155486,10535,27,500,56,1.19,1,3.7,5596,11.81,5,0.01
360.06,155990,10547,27,504,12,1.24,1,3.7,5596,11.81,75,0.18
361.29,156490,10567,27,500,20,1.23,1,3.7,5596,11.81,85,0.19
362.63,156992,10595,27,502,28,1.33,1,3.7,5596,11.81,30,0.06
363.81,157495,10607,27,503,12,1.18,1,3.7,5596,11.81,340,0.83
364.98,157997,10627,27,502,20,1.18,1,3.7,5596,11.81,20,0.05
366.13,158500,10639,27,503,12,1.15,1,3.7,5596,11.81,110,0.23
367.35,159001,10655,27,501,16,1.22,1,3.7,5596,11.81,170,0.45
368.56,159503,10683,27,502,28,1.21,1,3.7,5596,11.81,10,0.02
369.82,160005,10719,27,502,36,1.26,1,3.7,5596,11.81,40,0.09
371.18,160507,10739,27,502,20,1.36,1,3.7,5596,11.81,50,0.12
372.45,161010,10767,27,503,28,1.27,1,3.7,5596,11.81,65,0.16
373.81,161510,10803,27,500,36,1.37,1,3.7,5596,11.81,0,0
374.92,162012,10831,27,502,28,1.1,1,3.7,5596,11.81,45,0.1
376.21,162512,10867,27,500,36,1.29,1,3.7,5596,11.81,0,0
377.59,163012,10895,27,500,28,1.38,1,3.7,5596,11.81,55,0.14
378.87,163514,10911,27,502,16,1.28,1,3.7,5596,11.81,25,0.05
380.04,164015,10947,27,501,36,1.17,1,3.7,5596,11.81,35,0.09
381.24,164519,10971,27,504,24,1.2,1,3.7,5596,11.81,75,0.17
382.51,165023,11007,27,504,36,1.27,1,3.7,5596,11.81,40,0.1
383.77,165524,11027,27,501,20,1.26,1,3.7,5596,11.81,295,0.74
385,166026,11047,27,502,20,1.23,1,3.7,5596,11.81,275,0.62
386.22,166530,11075,27,504,28,1.22,1,3.7,5596,11.81,10,0.02
387.49,167031,11087,27,501,12,1.26,1,3.7,5596,11.81,85,0.18
388.58,167533,11111,27,502,24,1.09,1,3.7,5596,11.81,5,0.01
389.72,168035,11139,27,502,28,1.14,1,3.7,5596,11.81,20,0.06
391.1,168536,11159,27,501,20,1.39,1,3.7,5596,11.81,45,0.13
392.34,169039,11171,27,503,12,1.23,1,3.7,5596,11.81,10,0.02
393.55,169539,11191,27,500,20,1.22,1,3.7,5596,11.81,70,0.14
394.86,170043,11235,27,504,44,1.3,1,3.7,5596,11.81,245,0.64
396.12,170543,11271,27,500,36,1.26,1,3.7,5596,11.81,70,0.17
397.28,171045,11311,27,502,40,1.16,1,3.7,5596,11.81,50,0.1
398.39,171546,11343,27,501,32,1.11,1,3.7,5596,11.81,90,0.19
399.64,172050,11375,27,504,32,1.25,1,3.7,5596,11.81,135,0.3
400.85,172554,11407,27,504,32,1.2,1,3.7,5596,11.81,65,0.15
402.01,173058,11435,27,504,28,1.17,1,3.7,5596,11.81,10,0.03
403.29,173558,11463,27,500,28,1.28,1,3.7,5596,11.81,10,0.03
404.47,174060,11483,27,502,20,1.18,1,3.7,5596,11.81,130,0.28
405.67,174562,11491,27,502,8,1.2,1,3.7,5596,11.81,125,0.3
406.91,175065,11515,27,503,24,1.25,1,3.7,5596,11.81,85,0.19
408.17,175565,11539,27,500,24,1.26,1,3.7,5596,11.81,85,0.26
409.54,176069,11547,27,504,8,1.36,1,3.7,5596,11.81,265,0.69
410.7,176571,11575,27,502,28,1.17,1,3.7,5596,11.81,90,0.21
411.94,177075,11603,27,504,28,1.24,1,3.7,5596,11.81,95,0.3
413.23,177578,11635,27,503,32,1.29,1,3.7,5596,11.81,115,0.28
414.46,178079,11667,27,501,32,1.23,1,3.7,5596,11.81,5,0.02
415.73,178582,11691,27,503,24,1.27,1,3.7,5596,11.81,5,0.01
417.04,179084,11723,27,502,32,1.32,1,3.7,5596,11.81,110,0.3
418.33,179588,11739,27,504,16,1.29,1,3.7,5596,11.81,165,0.43
419.53,180091,11759,27,503,20,1.19,1,3.7,5596,11.81,150,0.35
420.79,180595,11775,27,504,16,1.26,1,3.7,5596,11.81,50,0.11
421.9,181097,11803,27,502,28,1.11,1,3.7,5596,11.81,15,0.03
423.2,181599,11811,27,502,8,1.3,1,3.7,5596,11.81,240,0.65
424.28,182102,11823,27,503,12,1.09,1,3.7,5596,11.81,20,0.05
425.58,182605,11855,27,503,32,1.3,1,3.7,5596,11.81,45,0.1
426.83,183107,11891,27,502,36,1.26,1,3.7,5596,11.81,260,0.64
428.05,183608,11907,27,501,16,1.22,1,3.7,5596,11.81,40,0.08
429.38,184108,11927,27,500,20,1.32,1,3.7,5596,11.81,10,0.02
430.86,184610,11971,27,502,44,1.48,1,3.7,5596,11.81,70,0.18
432.13,185113,11995,27,503,24,1.27,1,3.7,5596,11.81,70,0.19
433.38,185616,12015,27,503,20,1.25,1,3.7,5596,11.81,105,0.33
434.79,186118,12039,27,502,24,1.41,1,3.7,5596,11.81,50,0.13
435.98,186622,12063,27,504,24,1.19,1,3.7,5596,11.81,45,0.12
437.42,187125,12111,27,503,48,1.44,1,3.7,5596,11.81,15,0.04
438.79,187627,12135,27,502,24,1.36,1,3.7,5596,11.81,240,0.63
440.14,188128,12159,27,501,24,1.35,1,3.7,5596,11.81,25,0.06
441.36,188631,12167,27,503,8,1.22,1,3.7,5596,11.81,100,0.21
442.73,189135,12203,27,504,36,1.37,1,3.7,5596,11.81,70,0.18
444.2,189639,12219,27,504,16,1.48,1,3.7,5596,11.81,145,0.46
445.4,190139,12251,27,500,32,1.2,1,3.7,5596,11.81,35,0.07
446.6,190642,12279,27,503,28,1.2,1,3.7,5596,11.81,15,0.04
447.84,191146,12295,27,504,16,1.24,1,3.7,5596,11.81,265,0.63
449.03,191647,12327,27,501,32,1.19,1,3.7,5596,11.81,30,0.07
450.28,192150,12355,27,503,28,1.25,1,3.7,5596,11.81,20,0.05
451.58,192651,12375,27,501,20,1.29,1,3.7,5596,11.81,90,0.23
452.82,193151,12407,27,500,32,1.24,1,3.7,5596,11.81,10,0.02
454.12,193651,12443,27,500,36,1.3,1,3.7,5596,11.81,30,0.08
455.33,194154,12455,27,503,12,1.21,1,3.7,5596,11.81,30,0.07
456.48,194658,12479,27,504,24,1.15,1,3.7,5596,11.81,55,0.14
457.63,195162,12491,27,504,12,1.15,1,3.7,5596,11.81,265,0.59
458.69,195663,12515,27,501,24,1.06,1,3.7,5596,11.81,40,0.11
459.9,196163,12527,27,500,12,1.21,1,3.7,5596,11.81,75,0.18
461.18,196663,12559,27,500,32,1.28,1,3.7,5596,11.81,25,0.07
462.39,197163,12611,27,500,52,1.2,1,3.7,5596,11.81,0,0
463.73,197667,12639,27,504,28,1.35,1,3.7,5596,11.81,20,0.05
464.89,198168,12651,27,501,12,1.16,1,3.7,5596,11.81,355,0.8
466.09,198672,12691,27,504,40,1.2,1,3.7,5596,11.81,30,0.08
467.26,199176,12707,27,504,16,1.16,1,3.7,5596,11.81,35,0.08
468.43,199678,12719,27,502,12,1.17,1,3.7,5596,11.81,15,0.04
469.61,200178,12771,27,500,52,1.18,1,3.7,5596,11.81,90,0.23
470.9,200679,12807,27,501,36,1.29,1,3.7,5596,11.81,80,0.18
472.14,201181,12855,27,502,48,1.24,1,3.7,5596,11.81,25,0.05
473.3,201684,12895,27,503,40,1.16,1,3.7,5596,11.81,50,0.11
474.47,202188,12915,27,504,20,1.16,1,3.7,5596,11.81,160,0.37
475.69,202692,12963,27,504,48,1.22,1,3.7,5596,11.81,50,0.12
476.87,203193,12987,27,501,24,1.18,1,3.7,5596,11.81,150,0.33
478.09,203693,13015,27,500,28,1.22,1,3.7,5596,11.81,20,0.05
479.28,204194,13055,27,501,40,1.19,1,3.7,5596,11.81,125,0.35
480.5,204696,13083,27,502,28,1.22,1,3.7,5596,11.81,95,0.21
481.63,205200,13095,27,504,12,1.13,1,3.7,5596,11.81,110,0.23
482.79,205704,13111,27,504,16,1.16,1,3.7,5596,11.81,10,0.02
484,206205,13143,27,501,32,1.2,1,3.7,5596,11.81,170,0.39
485.32,206706,13179,27,501,36,1.33,1,3.7,5596,11.81,65,0.15
486.5,207209,13191,27,503,12,1.18,1,3.7,5596,11.81,95,0.23
487.81,207713,13203,27,504,12,1.3,1,3.7,5596,11.81,255,0.65
489.03,208216,13239,27,503,36,1.22,1,3.7,5596,11.81,90,0.24
490.29,208718,13263,27,502,24,1.26,1,3.7,5596,11.81,95,0.22
491.53,209218,13299,27,500,36,1.23,1,3.7,5596,11.81,65,0.17
492.7,209722,13347,27,504,48,1.17,1,3.7,5596,11.81,95,0.22
493.85,210225,13359,27,503,12,1.16,1,3.7,5596,11.81,140,0.32
495.12,210725,13391,27,500,32,1.27,1,3.7,5596,11.81,40,0.12
496.35,211226,13415,27,501,24,1.24,1,3.7,5596,11.81,55,0.12
497.61,211726,13451,27,500,36,1.26,1,3.7,5596,11.81,20,0.05
498.84,212229,13463,27,503,12,1.22,1,3.7,5596,11.81,45,0.1
500.05,212733,13479,27,504,16,1.21,1,3.7,5596,11.81,105,0.24
501.49,213234,13515,27,501,36,1.44,1,3.7,5596,11.81,10,0.03
502.84,213737,13527,27,503,12,1.35,1,3.7,5596,11.81,80,0.21
504.07,214241,13559,27,504,32,1.24,1,3.7,5596,11.81,45,0.12
505.32,214742,13583,27,501,24,1.25,1,3.7,5596,11.81,0,0
506.61,215245,13635,27,503,52,1.29,1,3.7,5596,11.81,30,0.07
507.88,215745,13651,27,500,16,1.27,1,3.7,5596,11.81,10,0.02
509.28,216248,13679,27,503,28,1.39,1,3.7,5596,11.81,10,0.03
510.58,216752,13707,27,504,28,1.3,1,3.7,5596,11.81,65,0.15
511.82,217255,13735,27,503,28,1.24,1,3.7,5596,11.81,115,0.3
513.19,217757,13755,27,502,20,1.37,1,3.7,5596,11.81,190,0.48
514.32,218261,13767,27,504,12,1.13,1,3.7,5596,11.81,205,0.44
515.48,218764,13791,27,503,24,1.15,1,3.7,5596,11.81,95,0.25
516.75,219268,13835,27,504,44,1.27,1,3.7,5596,11.81,30,0.07
518.01,219772,13851,27,504,16,1.26,1,3.7,5596,11.81,55,0.13
519.26,220273,13863,27,501,12,1.26,1,3.7,5596,11.81,115,0.28
520.49,220774,13887,27,501,24,1.23,1,3.7,5596,11.81,150,0.33
521.77,221278,13903,27,504,16,1.29,1,3.7,5596,11.81,80,0.19
523.08,221781,13927,27,503,24,1.31,2,7.41,5596,11.81,280,0.72
524.47,222284,13955,27,503,28,1.39,1,3.7,5596,11.81,75,0.21
525.8,222787,13959,27,503,4,1.32,1,3.7,5596,11.81,130,0.32
527,223291,13995,27,504,36,1.2,1,3.7,5596,11.81,35,0.08
528.39,223792,14019,27,501,24,1.39,1,3.7,5596,11.81,120,0.34
529.54,224292,14035,27,500,16,1.15,1,3.7,5596,11.81,20,0.05
530.8,224793,14067,27,501,32,1.26,1,3.7,5596,11.81,10,0.03
531.95,225294,14087,27,501,20,1.15,1,3.7,5596,11.81,100,0.25
533.16,225795,14103,27,501,16,1.21,1,3.7,5596,11.81,245,0.57
534.4,226295,14123,27,500,20,1.24,1,3.7,5596,11.81,50,0.12
535.61,226799,14159,27,504,36,1.2,1,3.7,5596,11.81,45,0.11
536.8,227302,14199,27,503,40,1.19,1,3.7,5596,11.81,110,0.25
537.97,227805,14219,27,503,20,1.17,1,3.7,5596,11.81,80,0.18
539.18,228308,14247,27,503,28,1.21,1,3.7,5596,11.81,45,0.1
540.44,228809,14267,27,501,20,1.26,1,3.7,5596,11.81,160,0.39
541.72,229309,14287,27,500,20,1.28,1,3.7,5596,11.81,85,0.19
542.92,229810,14335,27,501,48,1.2,1,3.7,5596,11.81,40,0.1
544.22,230312,14371,27,502,36,1.3,1,3.7,5596,11.81,160,0.38
545.29,230814,14411,27,502,40,1.06,1,3.7,5596,11.81,80,0.18
546.4,231316,14451,27,502,40,1.12,1,3.7,5596,11.81,10,0.02
547.59,231817,14475,27,501,24,1.18,1,3.7,5596,11.81,50,0.14
548.75,232319,14503,27,502,28,1.16,1,3.7,5596,11.81,170,0.37
550.11,232823,14519,27,504,16,1.36,1,3.7,5596,11.81,75,0.23
551.48,233326,14563,27,503,44,1.38,1,3.7,5596,11.81,15,0.04
552.7,233830,14595,27,504,32,1.21,1,3.7,5596,11.81,30,0.06
553.96,234332,14619,27,502,24,1.26,1,3.7,5596,11.81,55,0.12
555.19,234836,14651,27,504,32,1.23,1,3.7,5596,11.81,45,0.11
556.32,235337,14667,27,501,16,1.13,1,3.7,5596,11.81,15,0.04
557.41,235839,14695,27,502,28,1.09,1,3.7,5596,11.81,20,0.04
558.57,236341,14719,27,502,24,1.15,1,3.7,5596,11.81,130,0.31
559.89,236842,14747,27,501,28,1.33,1,3.7,5596,11.81,5,0.01
561.25,237346,14763,27,504,16,1.36,1,3.7,5596,11.81,135,0.39
562.54,237848,14819,27,502,56,1.28,1,3.7,5596,11.81,5,0.01
563.77,238351,14843,27,503,24,1.24,1,3.7,5596,11.81,165,0.45
565,238855,14879,27,504,36,1.22,1,3.7,5596,11.81,5,0.02
566.33,239359,14923,27,504,44,1.33,1,3.7,5596,11.81,15,0.03
567.51,239860,14947,27,501,24,1.18,1,3.7,5596,11.81,80,0.19
568.65,240361,14971,27,501,24,1.15,1,3.7,5596,11.81,75,0.15
569.82,240863,14999,27,502,28,1.17,1,3.7,5596,11.81,5,0.02
571.06,241367,15011,27,504,12,1.24,1,3.7,5596,11.81,190,0.48
572.29,241868,15035,27,501,24,1.23,1,3.7,5596,11.81,65,0.17
573.58,242372,15067,27,504,32,1.29,1,3.7,5596,11.81,20,0.05
575.06,242872,15079,27,500,12,1.48,1,3.7,5596,11.81,70,0.18
576.21,243372,15103,27,500,24,1.15,1,3.7,5596,11.81,40,0.11
577.36,243875,15119,27,503,16,1.16,1,3.7,5596,11.81,45,0.1
578.61,244375,15151,27,500,32,1.24,1,3.7,5596,11.81,135,0.31
579.83,244876,15175,27,501,24,1.22,1,3.7,5596,11.81,95,0.23
581.11,245376,15187,27,500,12,1.29,1,3.7,5596,11.81,25,0.06
582.34,245878,15215,27,502,28,1.22,1,3.7,5596,11.81,165,0.45
583.68,246382,15243,27,504,28,1.34,1,3.7,5596,11.81,30,0.07
584.85,246886,15259,27,504,16,1.17,1,3.7,5596,11.81,135,0.31
586.03,247389,15275,27,503,16,1.17,1,3.7,5596,11.81,170,0.4
587.34,247893,15295,27,504,20,1.32,1,3.7,5596,11.81,185,0.48
588.59,248397,15319,27,504,24,1.25,1,3.7,5596,11.81,40,0.1
589.78,248898,15367,27,501,48,1.19,1,3.7,5596,11.81,55,0.11
591,249399,15391,27,501,24,1.22,1,3.7,5596,11.81,130,0.32
592.19,249899,15411,27,500,20,1.19,1,3.7,5596,11.81,230,0.51
593.47,250401,15451,27,502,40,1.28,1,3.7,5596,11.81,45,0.12
594.7,250903,15463,27,502,12,1.23,1,3.7,5596,11.81,285,0.66
595.88,251407,15479,27,504,16,1.18,1,3.7,5596,11.81,100,0.23
597.08,251907,15495,27,500,16,1.2,1,3.7,5596,11.81,160,0.4
598.38,252409,15527,27,502,32,1.3,1,3.7,5596,11.81,15,0.03
599.57,252910,15547,27,501,20,1.2,1,3.7,5596,11.81,180,0.41
600.74,253414,15579,27,504,32,1.17,1,3.7,5596,11.81,15,0.04
601.83,253916,15603,27,502,24,1.09,1,3.7,5596,11.81,30,0.06
603.13,254419,15623,27,503,20,1.3,1,3.7,5596,11.81,75,0.2
604.35,254923,15663,27,504,40,1.22,1,3.7,5596,11.81,35,0.09
605.53,255425,15703,27,502,40,1.18,1,3.7,5596,11.81,45,0.09
606.72,255926,15723,27,501,20,1.19,1,3.7,5596,11.81,300,0.7
608.05,256427,15755,27,501,32,1.34,1,3.7,5596,11.81,0,0
609.4,256929,15787,27,502,32,1.35,1,3.7,5596,11.81,10,0.03
610.81,257429,15815,27,500,28,1.41,1,3.7,5596,11.81,25,0.08
612.1,257930,15835,27,501,20,1.3,1,3.7,5596,11.81,65,0.18
613.52,258430,15871,27,500,36,1.42,1,3.7,5596,11.81,15,0.05
614.76,258930,15883,27,500,12,1.24,1,3.7,5596,11.81,80,0.21
616.04,259434,15895,27,504,12,1.28,1,3.7,5596,11.81,135,0.34
617.16,259935,15899,27,501,4,1.12,1,3.7,5596,11.81,90,0.18
618.54,260437,15935,27,502,36,1.38,1,3.7,5596,11.81,50,0.13
619.7,260941,15955,27,504,20,1.16,1,3.7,5596,11.81,60,0.14
621.02,261444,16003,27,503,48,1.32,1,3.7,5596,11.81,15,0.04
622.35,261948,16031,27,504,28,1.32,1,3.7,5596,11.81,205,0.56
623.55,262451,16055,27,503,24,1.21,1,3.7,5596,11.81,60,0.14
624.84,262951,16083,27,500,28,1.28,1,3.7,5596,11.81,10,0.02
626.19,263455,16107,27,504,24,1.35,1,3.7,5596,11.81,5,0.01
627.42,263958,16115,27,503,8,1.23,1,3.7,5596,11.81,70,0.15
628.76,264461,16151,27,503,36,1.34,1,3.7,5596,11.81,155,0.41
630.1,264965,16179,27,504,28,1.34,1,3.7,5596,11.81,165,0.49
631.37,265467,16211,27,502,32,1.27,1,3.7,5596,11.81,110,0.28
632.78,265971,16247,27,504,36,1.4,1,3.7,5596,11.81,60,0.17
634.28,266474,16259,27,503,12,1.5,1,3.7,5596,11.81,55,0.12
635.39,266974,16291,27,500,32,1.12,1,3.7,5596,11.81,15,0.03
636.58,267478,16299,27,504,8,1.19,1,3.7,5596,11.81,50,0.12
638.04,267978,16331,27,500,32,1.46,1,3.7,5596,11.81,25,0.06
639.23,268480,16351,27,502,20,1.2,1,3.7,5596,11.81,80,0.19
640.39,268981,16407,27,501,56,1.16,1,3.7,5596,11.81,65,0.19
641.73,269485,16447,27,504,40,1.34,1,3.7,5596,11.81,40,0.11
642.89,269988,16479,27,503,32,1.16,1,3.7,5596,11.81,15,0.04
644.13,270490,16511,27,502,32,1.24,1,3.7,5596,11.81,30,0.08
645.38,270991,16535,27,501,24,1.25,1,3.7,5596,11.81,60,0.16
646.69,271495,16547,27,504,12,1.31,1,3.7,5596,11.81,5,0.01
648.02,271995,16563,27,500,16,1.33,1,3.7,5596,11.81,195,0.54
649.4,272499,16591,27,504,28,1.38,1,3.7,5596,11.81,160,0.4
650.66,273000,16611,27,501,20,1.26,1,3.7,5596,11.81,245,0.62
651.76,273502,16627,27,502,16,1.1,1,3.7,5596,11.81,10,0.03
652.95,274006,16639,27,504,12,1.2,1,3.7,5596,11.81,160,0.37
654.22,274510,16671,27,504,32,1.27,1,3.7,5596,11.81,25,0.06
655.58,275013,16707,27,503,36,1.36,1,3.7,5596,11.81,50,0.12
656.79,275514,16727,27,501,20,1.21,1,3.7,5596,11.81,165,0.39
658.02,276014,16759,27,500,32,1.23,1,3.7,5596,11.81,115,0.31
659.45,276517,16783,27,503,24,1.43,1,3.7,5596,11.81,25,0.06
660.62,277019,16815,27,502,32,1.17,1,3.7,5596,11.81,40,0.07
661.92,277519,16859,27,500,44,1.3,1,3.7,5596,11.81,50,0.12
663.14,278021,16883,27,502,24,1.22,1,3.7,5596,11.81,25,0.05
664.4,278521,16911,27,500,28,1.26,1,3.7,5596,11.81,65,0.17
665.63,279022,16939,27,501,28,1.23,1,3.7,5596,11.81,120,0.33
666.86,279523,16991,27,501,52,1.24,1,3.7,5596,11.81,85,0.18
668.13,280023,17007,27,500,16,1.26,1,3.7,5596,11.81,40,0.1
669.65,280526,17027,27,503,20,1.52,1,3.7,5596,11.81,30,0.07
671.07,281027,17055,27,501,28,1.42,1,3.7,5596,11.81,5,0.01
672.41,281528,17091,27,501,36,1.34,1,3.7,5596,11.81,15,0.05
673.76,282032,17155,27,504,64,1.35,1,3.7,5596,11.81,65,0.18
675.05,282533,17187,27,501,32,1.28,1,3.7,5596,11.81,25,0.07
676.26,283035,17195,27,502,8,1.21,1,3.7,5596,11.81,65,0.14
677.46,283539,17239,27,504,44,1.19,1,3.7,5596,11.81,25,0.06
678.76,284043,17255,27,504,16,1.31,1,3.7,5596,11.81,65,0.16
679.89,284543,17283,27,500,28,1.13,1,3.7,5596,11.81,15,0.03
681.16,285047,17315,27,504,32,1.26,1,3.7,5596,11.81,160,0.41
682.33,285551,17335,27,504,20,1.17,1,3.7,5596,11.81,100,0.23
683.53,286055,17351,27,504,16,1.2,1,3.7,5596,11.81,90,0.23
685.13,286557,17383,27,502,32,1.61,1,3.7,5596,11.81,25,0.11
686.44,287057,17427,27,500,44,1.31,1,3.7,5596,11.81,0,0
687.8,287559,17447,27,502,20,1.36,1,3.7,5596,11.81,155,0.4
689.15,288062,17459,27,503,12,1.34,1,3.7,5596,11.81,200,0.55
690.37,288563,17475,27,501,16,1.22,1,3.7,5596,11.81,30,0.07
691.65,289065,17503,27,502,28,1.28,1,3.7,5596,11.81,115,0.28
692.97,289568,17531,27,503,28,1.32,1,3.7,5596,11.81,90,0.28
694.23,290072,17567,27,504,36,1.26,1,3.7,5596,11.81,5,0.01
695.52,290573,17571,27,501,4,1.29,1,3.7,5596,11.81,15,0.06
696.78,291074,17587,27,501,16,1.26,1,3.7,5596,11.81,110,0.25
698.07,291576,17627,27,502,40,1.29,1,3.7,5596,11.81,15,0.04
699.23,292077,17631,27,501,4,1.16,1,3.7,5596,11.81,315,0.71
700.57,292581,17671,27,504,40,1.34,1,3.7,5596,11.81,70,0.19
701.72,293085,17679,27,504,8,1.15,1,3.7,5596,11.81,50,0.09
702.89,293585,17715,27,500,36,1.17,1,3.7,5596,11.81,50,0.12
704.09,294085,17771,27,500,56,1.19,1,3.7,5596,11.81,0,0
705.3,294586,17799,27,501,28,1.21,1,3.7,5596,11.81,20,0.05
706.56,295088,17819,27,502,20,1.26,1,3.7,5596,11.81,150,0.36
707.94,295589,17839,27,501,20,1.38,1,3.7,5596,11.81,190,0.41
709.17,296093,17863,27,504,24,1.24,1,3.7,5596,11.81,45,0.11
710.48,296594,17883,27,501,20,1.31,1,3.7,5596,11.81,145,0.34
711.67,297098,17903,27,504,20,1.19,1,3.7,5596,11.81,105,0.23
712.86,297599,17919,27,501,16,1.18,1,3.7,5596,11.81,0,0
714.18,298100,17935,27,501,16,1.33,1,3.7,5596,11.81,50,0.11
715.32,298602,17971,27,502,36,1.14,1,3.7,5596,11.81,75,0.18
716.48,299105,17999,27,503,28,1.16,1,3.7,5596,11.81,5,0.01
717.67,299606,18035,27,501,36,1.19,1,3.7,5596,11.81,50,0.13
718.98,300109,18075,27,503,40,1.31,1,3.7,5596,11.81,70,0.17
720.3,300612,18095,27,503,20,1.33,1,3.7,5596,11.81,10,0.02
721.48,301113,18119,27,501,24,1.17,1,3.7,5596,11.81,50,0.12
722.65,301613,18131,27,500,12,1.17,1,3.7,5596,11.81,40,0.11
724.02,302117,18163,27,504,32,1.37,1,3.7,5596,11.81,85,0.23
725.32,302621,18203,27,504,40,1.3,1,3.7,5596,11.81,15,0.04
726.6,303123,18223,27,502,20,1.28,1,3.7,5596,11.81,40,0.09
727.85,303623,18239,27,500,16,1.25,1,3.7,5596,11.81,80,0.21
729.16,304124,18255,27,501,16,1.31,1,3.7,5596,11.81,90,0.24
730.69,304627,18291,27,503,36,1.53,1,3.7,5596,11.81,65,0.17
732.08,305130,18335,27,503,44,1.39,1,3.7,5596,11.81,60,0.15
733.45,305630,18355,27,500,20,1.37,1,3.7,5596,11.81,10,0.02
734.84,306131,18391,27,501,36,1.38,1,3.7,5596,11.81,30,0.09
736.18,306632,18423,27,501,32,1.34,1,3.7,5596,11.81,45,0.11
737.41,307133,18443,27,501,20,1.23,1,3.7,5596,11.81,0,0
738.63,307637,18471,27,504,28,1.23,1,3.7,5596,11.81,5,0.01
739.88,308137,18495,27,500,24,1.25,1,3.7,5596,11.81,0,0
741.16,308638,18531,27,501,36,1.28,1,3.7,5596,11.81,115,0.3
742.38,309141,18539,27,503,8,1.22,1,3.7,5596,11.81,365,0.87
743.6,309642,18571,27,501,32,1.22,1,3.7,5596,11.81,30,0.07
744.86,310144,18607,27,502,36,1.26,1,3.7,5596,11.81,160,0.43
746.09,310647,18635,27,503,28,1.23,1,3.7,5596,11.81,65,0.19
747.27,311150,18667,27,503,32,1.17,1,3.7,5596,11.81,10,0.03
748.43,311650,18695,27,500,28,1.17,1,3.7,5596,11.81,275,0.63
749.76,312151,18731,27,501,36,1.32,1,3.7,5596,11.81,45,0.14
751.02,312651,18779,27,500,48,1.27,1,3.7,5596,11.81,10,0.03
752.29,313154,18807,27,503,28,1.27,1,3.7,5596,11.81,30,0.08
753.58,313656,18831,27,502,24,1.29,1,3.7,5596,11.81,165,0.43
754.72,314157,18851,27,501,20,1.14,1,3.7,5596,11.81,0,0
756.02,314659,18887,27,502,36,1.31,1,3.7,5596,11.81,120,0.31
757.21,315159,18899,27,500,12,1.19,1,3.7,5596,11.81,130,0.29
758.35,315659,18915,27,500,16,1.14,1,3.7,5596,11.81,220,0.48
759.65,316161,18935,27,502,20,1.3,1,3.7,5596,11.81,45,0.11
760.75,316664,18975,27,503,40,1.1,1,3.7,5596,11.81,120,0.27
761.97,317166,18995,27,502,20,1.22,1,3.7,5596,11.81,70,0.18
763.14,317669,19019,27,503,24,1.16,1,3.7,5596,11.81,20,0.04
764.3,318169,19043,27,500,24,1.16,1,3.7,5596,11.81,10,0.02
765.57,318669,19071,27,500,28,1.27,1,3.7,5596,11.81,65,0.14
766.82,319172,19103,27,503,32,1.25,1,3.7,5596,11.81,90,0.23
768.1,319675,19139,27,503,36,1.28,1,3.7,5596,11.81,145,0.36
769.38,320179,19163,27,504,24,1.29,1,3.7,5596,11.81,220,0.58
770.58,320679,19203,27,500,40,1.2,1,3.7,5596,11.81,30,0.08
771.78,321181,19211,27,502,8,1.2,1,3.7,5596,11.81,25,0.06
773.13,321683,19239,27,502,28,1.36,1,3.7,5596,11.81,280,0.74
774.33,322187,19255,27,504,16,1.19,1,3.7,5596,11.81,15,0.03
775.56,322689,19279,27,502,24,1.23,1,3.7,5596,11.81,10,0.03
776.84,323192,19303,27,503,24,1.29,1,3.7,5596,11.81,5,0.01
778.08,323694,19327,27,502,24,1.24,1,3.7,5596,11.81,190,0.47
779.32,324194,19351,27,500,24,1.24,1,3.7,5596,11.81,20,0.05
780.56,324696,19387,27,502,36,1.24,1,3.7,5596,11.81,55,0.14
781.79,325196,19407,27,500,20,1.23,1,3.7,5596,11.81,20,0.04
783.15,325698,19439,27,502,32,1.36,1,3.7,5596,11.81,140,0.39
784.51,326202,19483,27,504,44,1.36,1,3.7,5596,11.81,15,0.04
785.87,326705,19511,27,503,28,1.36,1,3.7,5596,11.81,225,0.58
787.22,327206,19535,27,501,24,1.35,1,3.7,5596,11.81,25,0.07
788.53,327709,19571,27,503,36,1.31,1,3.7,5596,11.81,65,0.17
790.07,328213,19583,27,504,12,1.53,1,3.7,5596,11.81,260,0.76
791.3,328713,19603,27,500,20,1.24,1,3.7,5596,11.81,175,0.46
792.56,329217,19631,27,504,28,1.26,1,3.7,5596,11.81,125,0.33
793.84,329719,19639,27,502,8,1.28,1,3.7,5596,11.81,195,0.48
795.12,330219,19667,27,500,28,1.28,1,3.7,5596,11.81,15,0.04
796.32,330720,19691,27,501,24,1.2,1,3.7,5596,11.81,180,0.43
797.57,331220,19715,27,500,24,1.25,1,3.7,5596,11.81,10,0.02
798.91,331723,19743,27,503,28,1.34,1,3.7,5596,11.81,20,0.05
800.18,332226,19771,27,503,28,1.27,1,3.7,5596,11.81,75,0.18
801.31,332728,19795,27,502,24,1.14,2,7.41,5596,11.81,50,0.11
802.55,333232,19815,27,504,20,1.24,1,3.7,5596,11.81,25,0.07
803.85,333735,19843,27,503,28,1.3,1,3.7,5596,11.81,70,0.17
805.18,334235,19871,27,500,28,1.33,1,3.7,5596,11.81,0,0
806.37,334736,19899,27,501,28,1.19,1,3.7,5596,11.81,115,0.23
807.62,335240,19935,27,504,36,1.25,1,3.7,5596,11.81,30,0.06
808.87,335740,19955,27,500,20,1.25,1,3.7,5596,11.81,60,0.14
810.18,336244,19971,27,504,16,1.31,1,3.7,5596,11.81,45,0.12
811.44,336744,19991,27,500,20,1.26,1,3.7,5596,11.81,40,0.12
812.77,337247,20019,27,503,28,1.33,1,3.7,5596,11.81,5,0.02
814.13,337751,20051,27,504,32,1.36,1,3.7,5596,11.81,5,0.01
815.38,338253,20059,27,502,8,1.25,1,3.7,5596,11.81,385,0.98
816.62,338753,20095,27,500,36,1.24,1,3.7,5596,11.81,25,0.05
817.84,339255,20119,27,502,24,1.22,1,3.7,5596,11.81,60,0.12
819.14,339758,20147,27,503,28,1.3,1,3.7,5596,11.81,70,0.2
820.34,340260,20203,27,502,56,1.2,1,3.7,5596,11.81,80,0.19
821.49,340760,20251,27,500,48,1.14,1,3.7,5596,11.81,30,0.05
822.76,341264,20299,27,504,48,1.27,1,3.7,5596,11.81,15,0.03
824.14,341767,20327,27,503,28,1.38,1,3.7,5596,11.81,45,0.12
825.4,342270,20347,27,503,20,1.27,1,3.7,5596,11.81,30,0.08
826.67,342771,20371,27,501,24,1.27,1,3.7,5596,11.81,110,0.27
827.97,343271,20399,27,500,28,1.3,1,3.7,5596,11.81,155,0.41
829.22,343772,20431,27,501,32,1.26,1,3.7,5596,11.81,75,0.17
830.66,344272,20463,27,500,32,1.44,1,3.7,5596,11.81,10,0.03
832.01,344775,20475,27,503,12,1.35,1,3.7,5596,11.81,80,0.21
833.32,345276,20495,27,501,20,1.3,1,3.7,5596,11.81,175,0.51
834.68,345776,20519,27,500,24,1.37,1,3.7,5596,11.81,20,0.06
836.04,346277,20555,27,501,36,1.36,2,7.41,5596,11.81,30,0.1
837.33,346777,20571,27,500,16,1.28,1,3.7,5596,11.81,80,0.27
838.72,347281,20599,27,504,28,1.39,1,3.7,5596,11.81,135,0.35
839.98,347784,20627,27,503,28,1.26,1,3.7,5596,11.81,20,0.05
841.29,348286,20651,27,502,24,1.31,1,3.7,5596,11.81,65,0.17
842.5,348787,20663,27,501,12,1.21,1,3.7,5596,11.81,5,0.01
843.8,349291,20675,27,504,12,1.3,1,3.7,5596,11.81,55,0.16
845.06,349795,20699,27,504,24,1.26,1,3.7,5596,11.81,30,0.08
846.35,350295,20727,27,500,28,1.29,1,3.7,5596,11.81,150,0.38
847.55,350798,20755,27,503,28,1.2,1,3.7,5596,11.81,240,0.54
848.7,351299,20787,27,501,32,1.15,1,3.7,5596,11.81,75,0.16
849.91,351800,20807,27,501,20,1.21,1,3.7,5596,11.81,155,0.39
851.06,352302,20839,27,502,32,1.14,1,3.7,5596,11.81,55,0.14
852.37,352805,20851,27,503,12,1.31,1,3.7,5596,11.81,60,0.13
853.65,353307,20879,27,502,28,1.28,1,3.7,5596,11.81,170,0.43
854.83,353810,20915,27,503,36,1.18,1,3.7,5596,11.81,5,0.01
856.21,354311,20947,27,501,32,1.39,1,3.7,5596,11.81,25,0.06
857.46,354814,20967,27,503,20,1.25,1,3.7,5596,11.81,140,0.37
858.88,355316,20995,27,502,28,1.42,1,3.7,5596,11.81,295,0.82
860.14,355819,21015,27,503,20,1.27,1,3.7,5596,11.81,40,0.11
861.42,356321,21063,27,502,48,1.28,1,3.7,5596,11.81,95,0.25
862.69,356824,21119,27,503,56,1.27,1,3.7,5596,11.81,60,0.15
863.93,357324,21155,27,500,36,1.24,1,3.7,5596,11.81,110,0.26
865.37,357824,21175,27,500,20,1.44,1,3.7,5596,11.81,140,0.34
866.56,358327,21183,27,503,8,1.19,1,3.7,5596,11.81,70,0.16
867.73,358828,21199,27,501,16,1.17,1,3.7,5596,11.81,340,0.78
868.96,359332,21235,27,504,36,1.23,1,3.7,5596,11.81,10,0.02
870.08,359836,21263,27,504,28,1.12,1,3.7,5596,11.81,50,0.11
871.21,360337,21283,27,501,20,1.13,1,3.7,5596,11.81,10,0.02
872.3,360837,21307,27,500,24,1.08,1,3.7,5596,11.81,45,0.11
873.56,361338,21351,27,501,44,1.27,1,3.7,5596,11.81,0,0
874.62,361838,21391,27,500,40,1.06,1,3.7,5596,11.81,10,0.03
875.81,362342,21411,27,504,20,1.19,1,3.7,5596,11.81,95,0.21
876.98,362845,21435,27,503,24,1.17,1,3.7,5596,11.81,5,0.02
878.11,363345,21491,27,500,56,1.14,1,3.7,5596,11.81,40,0.09
879.45,363847,21539,27,502,48,1.34,1,3.7,5596,11.81,35,0.08
880.76,364351,21567,27,504,28,1.3,1,3.7,5596,11.81,65,0.13
881.99,364852,21619,27,501,52,1.23,1,3.7,5596,11.81,40,0.11
883.29,365352,21635,27,500,16,1.3,1,3.7,5596,11.81,125,0.33
884.57,365855,21679,27,503,44,1.28,1,3.7,5596,11.81,40,0.08
885.82,366359,21723,27,504,44,1.25,1,3.7,5596,11.81,5,0.01
886.97,366861,21759,27,502,36,1.15,1,3.7,5596,11.81,5,0.01
888.19,367363,21803,27,502,44,1.23,1,3.7,5596,11.81,5,0.01
889.46,367865,21831,27,502,28,1.26,1,3.7,5596,11.81,40,0.1
890.73,368369,21855,27,504,24,1.27,1,3.7,5596,11.81,25,0.06
891.95,368872,21883,27,503,28,1.23,1,3.7,5596,11.81,50,0.12
893.17,369372,21911,27,500,28,1.22,1,3.7,5596,11.81,15,0.04
894.43,369873,21939,27,501,28,1.26,1,3.7,5596,11.81,115,0.22
895.76,370377,21971,27,504,32,1.33,1,3.7,5596,11.81,135,0.34
897.1,370878,21999,27,501,28,1.34,1,3.7,5596,11.81,50,0.14
898.34,371378,22047,27,500,48,1.24,1,3.7,5596,11.81,35,0.07
899.53,371878,22075,27,500,28,1.19,1,3.7,5596,11.81,0,0
900.74,372380,22099,27,502,24,1.21,1,3.7,5596,11.81,40,0.11
901.89,372882,22135,27,502,36,1.15,1,3.7,5596,11.81,95,0.18
903.15,373386,22171,27,504,36,1.25,1,3.7,5596,11.81,20,0.05
904.42,373888,22199,27,502,28,1.27,1,3.7,5596,11.81,80,0.2
905.75,374388,22219,27,500,20,1.33,1,3.7,5596,11.81,0,0
906.96,374891,22255,27,503,36,1.22,1,3.7,5596,11.81,20,0.03
908.14,375391,22299,27,500,44,1.17,1,3.7,5596,11.81,0,0
909.45,375895,22319,27,504,20,1.31,1,3.7,5596,11.81,70,0.19
910.83,376399,22339,27,504,20,1.38,1,3.7,5596,11.81,10,0.02
911.98,376902,22359,27,503,20,1.14,1,3.7,5596,11.81,25,0.06
913.18,377405,22391,27,503,32,1.21,1,3.7,5596,11.81,20,0.05
914.43,377908,22407,27,503,16,1.25,1,3.7,5596,11.81,110,0.25
915.54,378408,22443,27,500,36,1.11,1,3.7,5596,11.81,20,0.04
916.68,378910,22459,27,502,16,1.14,1,3.7,5596,11.81,35,0.07
917.83,379412,22487,27,502,28,1.15,1,3.7,5596,11.81,140,0.31
919.08,379913,22507,27,501,20,1.25,1,3.7,5596,11.81,180,0.47
920.28,380414,22547,27,501,40,1.2,1,3.7,5596,11.81,30,0.07
921.62,380915,22575,27,501,28,1.34,1,3.7,5596,11.81,100,0.26
922.93,381419,22611,27,504,36,1.31,1,3.7,5596,11.81,80,0.2
924.17,381921,22635,27,502,24,1.25,1,3.7,5596,11.81,55,0.12
925.39,382421,22663,27,500,28,1.22,1,3.7,5596,11.81,30,0.07
926.64,382923,22699,27,502,36,1.26,1,3.7,5596,11.81,80,0.18
927.82,383425,22727,27,502,28,1.17,1,3.7,5596,11.81,125,0.26
929.18,383927,22751,27,502,24,1.37,1,3.7,5596,11.81,20,0.06
930.52,384430,22779,27,503,28,1.34,1,3.7,5596,11.81,5,0.01
931.87,384932,22791,27,502,12,1.35,1,3.7,5596,11.81,270,0.68
933.18,385432,22819,27,500,28,1.32,1,3.7,5596,11.81,85,0.24
934.39,385933,22855,27,501,36,1.2,1,3.7,5596,11.81,130,0.26
935.6,386435,22891,27,502,36,1.21,1,3.7,5596,11.81,10,0.02
936.76,386935,22915,27,500,24,1.16,1,3.7,5596,11.81,60,0.17
938.12,387435,22943,27,500,28,1.36,1,3.7,5596,11.81,35,0.1
939.42,387936,22967,27,501,24,1.3,1,3.7,5596,11.81,175,0.49
940.84,388438,23003,27,502,36,1.42,1,3.7,5596,11.81,115,0.31
942.03,388939,23039,27,501,36,1.19,1,3.7,5596,11.81,5,0.01
943.3,389441,23055,27,502,16,1.26,1,3.7,5596,11.81,10,0.03
944.57,389942,23079,27,501,24,1.27,1,3.7,5596,11.81,75,0.17
945.72,390445,23115,27,503,36,1.16,1,3.7,5596,11.81,125,0.29
946.97,390949,23143,27,504,28,1.24,1,3.7,5596,11.81,25,0.05
948.31,391450,23159,27,501,16,1.35,1,3.7,5596,11.81,175,0.5
949.57,391950,23191,27,500,32,1.26,1,3.7,5596,11.81,60,0.16
950.85,392454,23231,27,504,40,1.28,1,3.7,5596,11.81,20,0.05
952.03,392958,23267,27,504,36,1.18,1,3.7,5596,11.81,120,0.31
953.32,393459,23299,27,501,32,1.29,1,3.7,5596,11.81,20,0.06
954.62,393959,23311,27,500,12,1.3,1,3.7,5596,11.81,310,0.81
955.87,394459,23327,27,500,16,1.25,1,3.7,5596,11.81,220,0.54
957.29,394961,23343,27,502,16,1.42,1,3.7,5596,11.81,15,0.04
958.52,395464,23379,27,503,36,1.23,1,3.7,5596,11.81,190,0.45
959.75,395968,23415,27,504,36,1.23,1,3.7,5596,11.81,85,0.18
960.99,396470,23459,27,502,44,1.24,1,3.7,5596,11.81,25,0.07
962.27,396972,23491,27,502,32,1.28,1,3.7,5596,11.81,265,0.69
963.62,397473,23507,27,501,16,1.35,1,3.7,5596,11.81,160,0.41
964.92,397977,23531,27,504,24,1.3,1,3.7,5596,11.81,30,0.07
966.19,398481,23555,27,504,24,1.27,1,3.7,5596,11.81,15,0.03
967.4,398985,23591,27,504,36,1.21,1,3.7,5596,11.81,125,0.27
968.6,399489,23607,27,504,16,1.19,1,3.7,5596,11.81,80,0.17
970.05,399992,23647,27,503,40,1.45,1,3.7,5596,11.81,115,0.38
971.27,400496,23671,27,504,24,1.23,1,3.7,5596,11.81,5,0.01
972.63,400998,23699,27,502,28,1.36,1,3.7,5596,11.81,90,0.26
973.89,401502,23731,27,504,32,1.26,1,3.7,5596,11.81,45,0.1
975.13,402005,23739,27,503,8,1.24,1,3.7,5596,11.81,150,0.4
976.37,402505,23783,27,500,44,1.24,1,3.7,5596,11.81,5,0.01
977.64,403007,23799,27,502,16,1.28,1,3.7,5596,11.81,55,0.18
978.93,403509,23843,27,502,44,1.28,1,3.7,5596,11.81,85,0.25
980.24,404010,23863,27,501,20,1.32,1,3.7,5596,11.81,70,0.2
981.49,404513,23899,27,503,36,1.25,1,3.7,5596,11.81,55,0.13
982.83,405016,23923,27,503,24,1.34,1,3.7,5596,11.81,100,0.3
984.11,405517,23947,27,501,24,1.28,1,3.7,5596,11.81,80,0.18
985.44,406020,23983,27,503,36,1.33,1,3.7,5596,11.81,105,0.32
986.79,406524,24003,27,504,20,1.35,1,3.7,5596,11.81,35,0.08
987.95,407027,24027,27,503,24,1.17,1,3.7,5596,11.81,25,0.07
989.27,407529,24047,27,502,20,1.31,1,3.7,5596,11.81,15,0.03
990.3,408029,24079,27,500,32,1.04,1,3.7,5596,11.81,15,0.03
991.6,408532,24099,27,503,20,1.29,1,3.7,5596,11.81,35,0.11
992.9,409034,24131,27,502,32,1.31,1,3.7,5596,11.81,125,0.3
994.18,409534,24175,27,500,44,1.28,1,3.7,5596,11.81,35,0.09
995.49,410035,24223,27,501,48,1.3,1,3.7,5596,11.81,10,0.03
996.69,410535,24271,27,500,48,1.2,1,3.7,5596,11.81,10,0.03
997.84,411038,24307,27,503,36,1.15,1,3.7,5596,11.81,5,0.01
999.14,411542,24335,27,504,28,1.3,1,3.7,5596,11.81,110,0.26
1000.48,412042,24383,27,500,48,1.33,1,3.7,5596,11.81,10,0.03
1001.7,412542,24407,27,500,24,1.23,1,3.7,5596,11.81,70,0.16
1003.05,413044,24427,27,502,20,1.35,1,3.7,5596,11.81,35,0.09
1004.32,413548,24451,27,504,24,1.27,1,3.7,5596,11.81,55,0.15
1005.6,414050,24495,27,502,44,1.28,1,3.7,5596,11.81,5,0.01
1006.85,414550,24531,27,500,36,1.25,1,3.7,5596,11.81,75,0.19
1008.02,415051,24543,27,501,12,1.18,1,3.7,5596,11.81,25,0.06
1009.3,415551,24567,27,500,24,1.28,1,3.7,5596,11.81,120,0.3
1010.53,416055,24579,27,504,12,1.23,1,3.7,5596,11.81,220,0.5
1011.83,416558,24607,27,503,28,1.3,1,3.7,5596,11.81,60,0.14
1013,417059,24643,27,501,36,1.17,1,3.7,5596,11.81,65,0.17
1014.2,417560,24691,27,501,48,1.2,1,3.7,5596,11.81,20,0.05
1015.45,418064,24715,27,504,24,1.25,1,3.7,5596,11.81,25,0.07
1016.79,418565,24719,27,501,4,1.34,1,3.7,5596,11.81,295,0.75
1018.1,419069,24751,27,504,32,1.31,1,3.7,5596,11.81,65,0.17
1019.47,419571,24759,27,502,8,1.38,1,3.7,5596,11.81,165,0.49
1020.67,420073,24783,27,502,24,1.2,1,3.7,5596,11.81,15,0.04
1021.85,420574,24799,27,501,16,1.17,1,3.7,5596,11.81,85,0.19
1023.18,421078,24827,27,504,28,1.34,1,3.7,5596,11.81,140,0.43
1024.53,421579,24863,27,501,36,1.34,1,3.7,5596,11.81,40,0.09
1025.86,422080,24899,27,501,36,1.33,1,3.7,5596,11.81,105,0.22
1027.1,422581,24931,27,501,32,1.24,1,3.7,5596,11.81,0,0
1028.4,423081,24955,27,500,24,1.3,1,3.7,5596,11.81,35,0.1
1029.88,423584,24971,27,503,16,1.47,1,3.7,5596,11.81,220,0.69
1031.29,424086,24979,27,502,8,1.41,1,3.7,5596,11.81,90,0.25
1032.59,424590,24991,27,504,12,1.3,1,3.7,5596,11.81,60,0.15
1033.83,425094,25023,27,504,32,1.24,1,3.7,5596,11.81,95,0.24
1035.13,425598,25051,27,504,28,1.3,1,3.7,5596,11.81,85,0.18
1036.45,426102,25063,27,504,12,1.31,1,3.7,5596,11.81,95,0.26
1037.63,426602,25083,27,500,20,1.19,1,3.7,5596,11.81,10,0.03
1039.02,427102,25099,27,500,16,1.39,1,3.7,5596,11.81,125,0.32
1040.34,427604,25127,27,502,28,1.32,1,3.7,5596,11.81,50,0.12
1041.86,428107,25151,27,503,24,1.51,1,3.7,5596,11.81,50,0.13
1043.08,428611,25187,27,504,36,1.22,1,3.7,5596,11.81,10,0.03
1044.42,429115,25203,27,504,16,1.34,1,3.7,5596,11.81,90,0.22
1045.69,429615,25219,27,500,16,1.27,1,3.7,5596,11.81,150,0.33
1046.94,430115,25235,27,500,16,1.25,1,3.7,5596,11.81,20,0.05
1048.2,430619,25247,27,504,12,1.26,1,3.7,5596,11.81,165,0.4
1049.56,431122,25283,27,503,36,1.36,1,3.7,5596,11.81,5,0.01
1050.82,431626,25311,27,504,28,1.26,1,3.7,5596,11.81,70,0.16
1052.04,432128,25347,27,502,36,1.22,1,3.7,5596,11.81,40,0.09
1053.4,432631,25367,27,503,20,1.36,1,3.7,5596,11.81,40,0.09
1054.59,433134,25411,27,503,44,1.19,1,3.7,5596,11.81,10,0.03
1056.02,433636,25431,27,502,20,1.43,1,3.7,5596,11.81,30,0.06
1057.3,434137,25467,27,501,36,1.28,1,3.7,5596,11.81,40,0.1
1058.6,434639,25483,27,502,16,1.3,1,3.7,5596,11.81,170,0.37
1059.83,435143,25515,27,504,32,1.23,1,3.7,5596,11.81,30,0.07
1061.16,435645,25563,27,502,48,1.33,1,3.7,5596,11.81,5,0.01
1062.54,436148,25587,27,503,24,1.39,1,3.7,5596,11.81,40,0.09
1063.81,436648,25599,27,500,12,1.27,1,3.7,5596,11.81,120,0.33
1065.04,437148,25627,27,500,28,1.22,1,3.7,5596,11.81,5,0.01
1066.31,437648,25655,27,500,28,1.27,1,3.7,5596,11.81,25,0.06
1067.62,438149,25675,27,501,20,1.31,1,3.7,5596,11.81,70,0.19
1068.91,438650,25711,27,501,36,1.3,1,3.7,5596,11.81,70,0.19
1070.22,439150,25743,27,500,32,1.31,1,3.7,5596,11.81,45,0.09
1071.58,439653,25775,27,503,32,1.36,1,3.7,5596,11.81,70,0.18
1072.76,440155,25791,27,502,16,1.18,1,3.7,5596,11.81,120,0.28
1073.87,440659,25823,27,504,32,1.1,1,3.7,5596,11.81,50,0.11
1075.12,441163,25855,27,504,32,1.25,1,3.7,5596,11.81,40,0.11
1076.32,441666,25895,27,503,40,1.2,1,3.7,5596,11.81,55,0.14
1077.57,442167,25915,27,501,20,1.25,1,3.7,5596,11.81,105,0.26
1078.94,442671,25927,27,504,12,1.37,1,3.7,5596,11.81,115,0.29
1080.2,443175,25947,27,504,20,1.26,1,3.7,5596,11.81,110,0.27
1081.44,443675,25979,27,500,32,1.25,1,3.7,5596,11.81,0,0
1082.79,444179,26039,27,504,60,1.35,1,3.7,5596,11.81,105,0.28
1083.96,444682,26067,27,503,28,1.17,1,3.7,5596,11.81,70,0.16
1085.15,445185,26099,27,503,32,1.19,1,3.7,5596,11.81,50,0.11
1086.42,445688,26135,27,503,36,1.28,1,3.7,5596,11.81,50,0.11
1087.69,446191,26163,27,503,28,1.26,1,3.7,5596,11.81,45,0.11
1089.02,446694,26191,27,503,28,1.33,1,3.7,5596,11.81,15,0.05
1090.41,447196,26215,27,502,24,1.39,1,3.7,5596,11.81,60,0.15
1091.6,447698,26267,27,502,52,1.19,1,3.7,5596,11.81,30,0.07
1092.82,448199,26299,27,501,32,1.22,1,3.7,5596,11.81,35,0.09
1094.08,448703,26339,27,504,40,1.26,1,3.7,5596,11.81,5,0.02
1095.41,449203,26359,27,500,20,1.33,1,3.7,5596,11.81,10,0.02
1096.74,449704,26379,27,501,20,1.33,1,3.7,5596,11.81,105,0.29
1098.01,450207,26403,27,503,24,1.27,1,3.7,5596,11.81,15,0.04
1099.31,450710,26431,27,503,28,1.3,1,3.7,5596,11.81,140,0.37
1100.66,451214,26467,27,504,36,1.35,1,3.7,5596,11.81,20,0.06
1101.82,451717,26487,27,503,20,1.17,1,3.7,5596,11.81,15,0.03
1103.08,452218,26519,27,501,32,1.25,1,3.7,5596,11.81,5,0.01
1104.29,452718,26547,27,500,28,1.21,1,3.7,5596,11.81,125,0.32
1105.81,453222,26563,27,504,16,1.52,1,3.7,5596,11.81,10,0.03
1106.96,453725,26579,27,503,16,1.15,1,3.7,5596,11.81,90,0.18
1108.16,454225,26607,27,500,28,1.2,1,3.7,5596,11.81,35,0.06
1109.44,454725,26627,27,500,20,1.28,1,3.7,5596,11.81,70,0.21
1110.68,455229,26643,27,504,16,1.24,1,3.7,5596,11.81,50,0.12
1112.09,455732,26679,27,503,36,1.41,1,3.7,5596,11.81,10,0.02
1113.3,456233,26699,27,501,20,1.21,1,3.7,5596,11.81,70,0.15
1114.5,456733,26719,27,500,20,1.2,1,3.7,5596,11.81,10,0.02
1115.73,457235,26743,27,502,24,1.23,1,3.7,5596,11.81,265,0.6
1116.8,457735,26775,27,500,32,1.07,1,3.7,5596,11.81,115,0.24
1118,458236,26819,27,501,44,1.21,1,3.7,5596,11.81,15,0.03
1119.22,458736,26843,27,500,24,1.21,1,3.7,5596,11.81,75,0.16
1120.49,459240,26879,27,504,36,1.27,1,3.7,5596,11.81,45,0.09
1121.68,459740,26911,27,500,32,1.2,1,3.7,5596,11.81,5,0.01
1122.79,460240,26931,27,500,20,1.1,1,3.7,5596,11.81,130,0.27
1123.9,460743,26967,27,503,36,1.11,1,3.7,5596,11.81,125,0.28
1124.98,461245,27011,27,502,44,1.08,1,3.7,5596,11.81,5,0.01
1126.22,461745,27035,27,500,24,1.24,1,3.7,5596,11.81,75,0.19
1127.49,462248,27047,27,503,12,1.27,1,3.7,5596,11.81,65,0.15
1128.67,462752,27071,27,504,24,1.17,1,3.7,5596,11.81,50,0.13
1129.97,463256,27111,27,504,40,1.31,1,3.7,5596,11.81,10,0.03
1131.13,463760,27127,27,504,16,1.16,1,3.7,5596,11.81,20,0.04
1132.45,464260,27143,27,500,16,1.32,1,3.7,5596,11.81,145,0.36
1133.59,464761,27175,27,501,32,1.14,1,3.7,5596,11.81,10,0.02
1134.73,465261,27203,27,500,28,1.14,1,3.7,5596,11.81,115,0.27
1135.95,465763,27211,27,502,8,1.22,1,3.7,5596,11.81,265,0.6
1137.14,466263,27235,27,500,24,1.2,1,3.7,5596,11.81,90,0.24
1138.39,466767,27291,27,504,56,1.24,1,3.7,5596,11.81,30,0.07
1139.68,467270,27315,27,503,24,1.29,1,3.7,5596,11.81,75,0.18
1141.01,467773,27343,27,503,28,1.33,1,3.7,5596,11.81,45,0.13
1142.28,468276,27351,27,503,8,1.27,1,3.7,5596,11.81,285,0.74
1143.65,468780,27383,27,504,32,1.37,1,3.7,5596,11.81,95,0.24
1144.93,469284,27403,27,504,20,1.28,1,3.7,5596,11.81,5,0.02
1146.19,469786,27435,27,502,32,1.26,1,3.7,5596,11.81,45,0.12
1147.42,470287,27471,27,501,36,1.23,1,3.7,5596,11.81,90,0.21
1148.86,470791,27499,27,504,28,1.44,1,3.7,5596,11.81,70,0.19
1150.21,471294,27547,27,503,48,1.35,1,3.7,5596,11.81,35,0.09
1151.43,471798,27587,27,504,40,1.21,1,3.7,5596,11.81,10,0.03
1152.74,472299,27627,27,501,40,1.31,1,3.7,5596,11.81,40,0.13
1154.06,472801,27635,27,502,8,1.32,1,3.7,5596,11.81,370,0.93
1155.4,473303,27671,27,502,36,1.34,1,3.7,5596,11.81,20,0.05
1156.76,473805,27695,27,502,24,1.36,1,3.7,5596,11.81,10,0.03
1158.07,474309,27719,27,504,24,1.31,1,3.7,5596,11.81,60,0.15
1159.39,474812,27767,27,503,48,1.32,1,3.7,5596,11.81,10,0.03
1160.53,475312,27783,27,500,16,1.14,1,3.7,5596,11.81,155,0.34
1161.79,475815,27803,27,503,20,1.26,1,3.7,5596,11.81,20,0.05
1162.99,476319,27831,27,504,28,1.2,1,3.7,5596,11.81,90,0.18
1164.24,476820,27863,27,501,32,1.25,1,3.7,5596,11.81,10,0.02
1165.46,477322,27891,27,502,28,1.22,1,3.7,5596,11.81,115,0.29
1166.71,477826,27927,27,504,36,1.25,1,3.7,5596,11.81,35,0.09
1167.9,478326,27943,27,500,16,1.19,1,3.7,5596,11.81,70,0.19
1169.31,478826,27963,27,500,20,1.41,1,3.7,5596,11.81,40,0.09
1170.65,479328,27991,27,502,28,1.33,1,3.7,5596,11.81,140,0.37
1171.96,479830,28015,27,502,24,1.32,1,3.7,5596,11.81,285,0.66
1173.19,480332,28039,27,502,24,1.22,1,3.7,5596,11.81,45,0.12
1174.63,480836,28071,27,504,32,1.44,1,3.7,5596,11.81,100,0.22
1175.87,481340,28087,27,504,16,1.25,1,3.7,5596,11.81,110,0.28
1177.15,481842,28111,27,502,24,1.28,1,3.7,5596,11.81,35,0.08
1.05,501,4637,23,501,4637,1.05,2,8.7,436,0.88,45,0.1
2,1004,4746,23,503,109,0.94,2,8.7,436,0.88,235,0.4
3.1,1504,5490,25,500,744,1.1,4,16,436,0.88,235,0.44
4.04,2005,5491,25,501,1,0.93,1,4,436,0.88,410,0.77
5.05,2508,5577,25,503,86,1.01,1,4,501,0.94,185,0.4
6.1,3009,5637,25,501,60,1.05,2,8,501,0.94,20,0.05
7.21,3509,5675,25,500,38,1.12,2,8,501,0.94,50,0.14
8.24,4010,5691,25,501,16,1.03,4,16,501,0.94,105,0.21
9.2,4510,5691,25,500,0,0.96,0,0,501,0.94,605,1.17
10.17,5011,5691,25,501,0,0.97,1,4,881,1.7,225,0.44
11.31,5512,5695,25,501,4,1.14,2,8,881,1.7,235,0.52
12.41,6013,5699,25,501,4,1.11,1,4,881,1.7,220,0.45
13.38,6515,5703,25,502,4,0.97,1,4,881,1.7,435,0.84
14.44,7017,5711,25,502,8,1.05,1,4,881,1.7,5,0.01
15.56,7517,5711,25,500,0,1.12,0,0,881,1.7,505,1.13
16.64,8017,5711,25,500,0,1.09,0,0,881,1.7,1005,2.22
17.7,8517,5719,25,500,8,1.06,1,4,1091,2.4,40,0.09
18.77,9019,5727,25,502,8,1.07,1,4,1091,2.4,460,0.99
19.88,9519,5727,25,500,0,1.1,0,0,1091,2.4,960,2.09
21.03,10021,5743,25,502,16,1.16,1,4,1176,2.6,115,0.27
22.15,10524,5751,25,503,8,1.12,1,4,1176,2.6,140,0.31
23.23,11026,5775,25,502,24,1.07,1,4,1176,2.6,130,0.28
24.27,11526,5779,25,500,4,1.04,1,4,1176,2.6,385,0.79
25.34,12030,5787,25,504,8,1.07,1,4,1176,2.6,135,0.28
26.47,12533,5799,25,503,12,1.13,1,4,1176,2.6,90,0.21
27.6,13035,5819,25,502,20,1.13,1,4,1176,2.6,35,0.08
28.73,13538,5839,25,503,20,1.14,1,4,1176,2.6,115,0.28
29.94,14041,5851,25,503,12,1.21,1,4,1176,2.6,5,0.01
31.13,14544,5875,25,503,24,1.19,1,4,1176,2.6,45,0.1
32.29,15047,5895,25,503,20,1.16,1,4,1176,2.6,295,0.65
33.43,15551,5919,25,504,24,1.15,1,4,1176,2.6,25,0.06
34.67,16052,5939,25,501,20,1.24,1,4,1176,2.6,30,0.07
35.83,16554,5947,25,502,8,1.16,1,4,1176,2.6,415,0.96
37.01,17058,5963,25,504,16,1.18,3,12,1176,2.6,75,0.19
38.18,17562,5975,25,504,12,1.17,1,4,1176,2.6,140,0.35
39.33,18064,6011,25,502,36,1.15,1,4,1176,2.6,55,0.12
40.48,18567,6039,25,503,28,1.15,1,4,1176,2.6,15,0.03
41.62,19071,6051,25,504,12,1.14,1,4,1176,2.6,90,0.2
42.81,19574,6063,25,503,12,1.19,1,4,1176,2.6,170,0.37
43.96,20075,6079,25,501,16,1.15,1,4,1176,2.6,45,0.12
45.15,20576,6103,25,501,24,1.2,1,4,1176,2.6,120,0.25
46.33,21079,6131,25,503,28,1.17,1,4,1176,2.6,15,0.04
47.47,21582,6143,25,503,12,1.14,1,4,1176,2.6,50,0.09
48.65,22085,6175,25,503,32,1.18,1,4,1176,2.6,20,0.04
49.77,22585,6191,25,500,16,1.12,1,4,1176,2.6,310,0.68
50.88,23085,6211,25,500,20,1.11,1,4,1176,2.6,65,0.15
51.99,23588,6235,25,503,24,1.1,1,4,1176,2.6,15,0.04
53.12,24089,6259,25,501,24,1.14,1,4,1176,2.6,40,0.09
54.26,24590,6291,25,501,32,1.13,1,4,1176,2.6,85,0.18
55.42,25091,6303,25,501,12,1.16,1,4,1176,2.6,90,0.19
56.61,25594,6347,25,503,44,1.19,1,4,1176,2.6,10,0.02
57.67,26098,6387,25,504,40,1.06,1,4,1176,2.6,70,0.12
58.86,26598,6403,25,500,16,1.19,1,4,1176,2.6,50,0.12
59.97,27098,6415,25,500,12,1.11,1,4,1176,2.6,160,0.39
61.05,27598,6443,25,500,28,1.08,1,4,1176,2.6,120,0.24
62.24,28100,6471,25,502,28,1.2,1,4,1176,2.6,35,0.07
63.4,28603,6511,25,503,40,1.16,1,4,1176,2.6,90,0.18
64.64,29106,6547,25,503,36,1.23,1,4,1176,2.6,65,0.16
65.93,29608,6555,25,502,8,1.29,1,4,1176,2.6,110,0.29
67.17,30111,6603,25,503,48,1.24,1,4,1176,2.6,5,0.01
68.38,30611,6619,25,500,16,1.21,1,4,1176,2.6,20,0.05
69.56,31114,6655,25,503,36,1.18,1,4,1176,2.6,20,0.04
70.64,31615,6675,25,501,20,1.08,1,4,1176,2.6,5,0.01
71.88,32115,6699,25,500,24,1.24,1,4,1176,2.6,20,0.06
73.08,32616,6715,25,501,16,1.2,1,4,1176,2.6,20,0.05
74.25,33120,6747,25,504,32,1.17,1,4,1176,2.6,40,0.08
75.41,33620,6783,25,500,36,1.15,1,4,1176,2.6,85,0.19
76.63,34123,6803,25,503,20,1.22,1,4,1176,2.6,10,0.03
77.88,34626,6823,25,503,20,1.25,1,4,1176,2.6,30,0.07
78.97,35128,6831,25,502,8,1.09,1,4,1176,2.6,15,0.03
80.22,35630,6835,25,502,4,1.25,1,4,1176,2.6,70,0.17
81.42,36133,6855,25,503,20,1.2,1,4,1176,2.6,75,0.19
82.51,36634,6879,25,501,24,1.08,1,4,1176,2.6,40,0.07
83.61,37138,6923,25,504,44,1.11,1,4,1176,2.6,5,0.01
84.68,37640,6963,25,502,40,1.07,1,4,1176,2.6,60,0.12
85.77,38141,6999,25,501,36,1.09,1,4,1176,2.6,5,0.01
86.89,38641,7023,25,500,24,1.12,1,4,1176,2.6,90,0.2
88.07,39143,7055,25,502,32,1.18,1,4,1176,2.6,0,0
89.29,39643,7087,25,500,32,1.22,1,4,1176,2.6,65,0.14
90.39,40144,7123,25,501,36,1.1,1,4,1176,2.6,5,0.01
91.55,40644,7155,25,500,32,1.16,1,4,1176,2.6,65,0.14
92.8,41145,7175,25,501,20,1.25,1,4,1176,2.6,30,0.07
93.94,41649,7223,25,504,48,1.14,1,4,1176,2.6,35,0.08
95.15,42150,7239,25,501,16,1.21,1,4,1176,2.6,75,0.18
96.29,42654,7255,25,504,16,1.14,1,4,1176,2.6,95,0.22
97.41,43157,7287,25,503,32,1.13,1,4,1176,2.6,25,0.06
98.66,43659,7307,25,502,20,1.25,1,4,1176,2.6,10,0.02
99.84,44163,7351,25,504,44,1.18,1,4,1176,2.6,10,0.03
101,44665,7375,25,502,24,1.16,1,4,1176,2.6,60,0.16
102.15,45168,7399,25,503,24,1.15,1,4,1176,2.6,35,0.08
103.35,45672,7443,25,504,44,1.2,1,4,1176,2.6,10,0.02
104.56,46172,7459,25,500,16,1.21,1,4,1176,2.6,120,0.29
105.73,46674,7495,25,502,36,1.17,1,4,1176,2.6,100,0.22
106.95,47178,7531,25,504,36,1.21,1,4,1176,2.6,110,0.26
108.1,47681,7575,25,503,44,1.15,1,4,1176,2.6,85,0.2
109.24,48185,7611,25,504,36,1.14,1,4,1176,2.6,75,0.17
110.43,48689,7635,25,504,24,1.2,1,4,1176,2.6,40,0.1
111.55,49189,7655,25,500,20,1.12,1,4,1176,2.6,25,0.06
112.69,49689,7675,25,500,20,1.13,1,4,1176,2.6,240,0.56
113.85,50191,7711,25,502,36,1.16,1,4,1176,2.6,5,0.01
115.2,50695,7723,25,504,12,1.35,1,4,1176,2.6,75,0.21
116.46,51195,7755,25,500,32,1.25,1,4,1176,2.6,25,0.07
117.65,51696,7787,25,501,32,1.2,1,4,1176,2.6,145,0.34
118.8,52196,7807,25,500,20,1.15,1,4,1176,2.6,135,0.31
119.92,52698,7835,25,502,28,1.12,1,4,1176,2.6,25,0.06
121.02,53198,7867,25,500,32,1.1,1,4,1176,2.6,70,0.17
122.25,53700,7895,25,502,28,1.23,1,4,1176,2.6,145,0.35
123.38,54204,7927,25,504,32,1.13,1,4,1176,2.6,10,0.02
124.59,54706,7971,25,502,44,1.21,1,4,1176,2.6,5,0.01
125.79,55210,7995,25,504,24,1.21,1,4,1176,2.6,120,0.26
127.01,55711,8023,25,501,28,1.22,1,4,1176,2.6,45,0.11
128.47,56211,8055,25,500,32,1.45,1,4,1176,2.6,35,0.09
129.85,56714,8091,25,503,36,1.39,1,4,1176,2.6,50,0.13
131.06,57215,8135,25,501,44,1.21,1,4,1176,2.6,55,0.13
132.23,57716,8155,25,501,20,1.17,1,4,1176,2.6,90,0.21
133.36,58219,8183,25,503,28,1.13,1,4,1176,2.6,140,0.28
134.56,58720,8215,25,501,32,1.19,1,4,1176,2.6,150,0.37
135.78,59220,8231,25,500,16,1.22,1,4,1176,2.6,165,0.41
136.96,59723,8271,25,503,40,1.18,1,4,1176,2.6,30,0.07
138.08,60225,8291,25,502,20,1.12,1,4,1176,2.6,50,0.11
139.34,60727,8319,25,502,28,1.27,1,4,1176,2.6,50,0.11
140.58,61227,8339,25,500,20,1.23,1,4,1176,2.6,90,0.2
141.71,61727,8371,25,500,32,1.13,1,4,1176,2.6,30,0.07
142.83,62229,8383,25,502,12,1.12,1,4,1176,2.6,5,0.01
144.02,62731,8427,25,502,44,1.2,1,4,1176,2.6,15,0.03
145.13,63232,8447,25,501,20,1.11,1,4,1176,2.6,80,0.18
146.3,63733,8487,25,501,40,1.17,1,4,1176,2.6,40,0.1
147.6,64237,8503,25,504,16,1.29,1,4,1176,2.6,115,0.26
148.78,64738,8527,25,501,24,1.19,1,4,1176,2.6,25,0.07
150.1,65240,8559,25,502,32,1.32,1,4,1176,2.6,35,0.11
151.39,65744,8583,25,504,24,1.29,1,4,1176,2.6,55,0.12
152.56,66246,8623,25,502,40,1.17,1,4,1176,2.6,150,0.33
153.94,66747,8651,25,501,28,1.38,2,8,1176,2.6,25,0.07
155.17,67249,8691,25,502,40,1.23,1,4,1176,2.6,65,0.16
156.38,67750,8739,25,501,48,1.21,1,4,1176,2.6,25,0.06
157.59,68254,8787,25,504,48,1.21,1,4,1176,2.6,50,0.13
158.84,68755,8803,25,501,16,1.25,1,4,1176,2.6,135,0.34
160.11,69257,8827,25,502,24,1.26,1,4,1176,2.6,120,0.28
161.3,69757,8867,25,500,40,1.19,1,4,1176,2.6,125,0.29
162.6,70261,8903,25,504,36,1.3,1,4,1176,2.6,15,0.04
163.85,70761,8927,25,500,24,1.25,1,4,1176,2.6,130,0.35
165.05,71261,8947,25,500,20,1.2,1,4,1176,2.6,65,0.14
166.26,71765,8967,25,504,20,1.22,1,4,1176,2.6,195,0.5
167.44,72266,9003,25,501,36,1.18,1,4,1176,2.6,40,0.1
168.56,72768,9027,25,502,24,1.11,1,4,1176,2.6,60,0.13
169.83,73272,9063,25,504,36,1.28,1,4,1176,2.6,10,0.02
171.04,73774,9083,25,502,20,1.21,1,4,1176,2.6,145,0.33
172.29,74278,9101,25,504,18,1.26,2,8,1176,2.6,110,0.27
173.43,74782,9125,25,504,24,1.14,1,4,1176,2.6,15,0.04
174.66,75282,9157,25,500,32,1.23,1,4,1176,2.6,0,0
175.81,75786,9173,25,504,16,1.15,1,4,1176,2.6,75,0.15
177.07,76287,9193,25,501,20,1.26,1,4,1176,2.6,175,0.45
178.35,76788,9213,25,501,20,1.28,1,4,1176,2.6,40,0.09
179.52,77288,9237,25,500,24,1.17,1,4,1176,2.6,25,0.05
180.67,77792,9253,25,504,16,1.15,1,4,1176,2.6,25,0.07
181.99,78294,9269,25,502,16,1.32,1,4,1176,2.6,210,0.5
183.18,78797,9309,25,503,40,1.2,1,4,1176,2.6,60,0.15
184.28,79300,9329,25,503,20,1.1,1,4,1176,2.6,25,0.04
185.41,79800,9353,25,500,24,1.13,1,4,1176,2.6,210,0.48
186.61,80300,9369,25,500,16,1.21,1,4,1176,2.6,65,0.17
187.77,80802,9405,25,502,36,1.15,1,4,1176,2.6,35,0.09
188.94,81303,9433,25,501,28,1.17,1,4,1176,2.6,120,0.28
190.2,81804,9453,25,501,20,1.26,1,4,1176,2.6,95,0.24
191.35,82305,9473,25,501,20,1.15,1,4,1176,2.6,20,0.06
192.69,82805,9497,25,500,24,1.34,1,4,1176,2.6,80,0.19
194.02,83309,9513,25,504,16,1.33,1,4,1176,2.6,85,0.22
195.33,83810,9541,25,501,28,1.31,1,4,1176,2.6,20,0.05
196.49,84314,9581,25,504,40,1.16,1,4,1176,2.6,180,0.45
197.79,84815,9605,25,501,24,1.3,1,4,1176,2.6,80,0.19
198.86,85318,9625,25,503,20,1.07,1,4,1176,2.6,150,0.28
199.95,85821,9657,25,503,32,1.09,1,4,1176,2.6,10,0.03
201.14,86324,9681,25,503,24,1.18,1,4,1176,2.6,65,0.14
202.27,86826,9701,25,502,20,1.13,1,4,1176,2.6,70,0.15
203.44,87329,9729,25,503,28,1.17,1,4,1176,2.6,165,0.39
204.71,87832,9757,25,503,28,1.27,1,4,1176,2.6,225,0.57
205.89,88334,9789,25,502,32,1.18,1,4,1176,2.6,0,0
206.93,88837,9809,25,503,20,1.04,1,4,1176,2.6,70,0.15
208,89339,9833,25,502,24,1.07,1,4,1176,2.6,10,0.01
209.13,89843,9857,25,504,24,1.13,1,4,1176,2.6,40,0.09
210.4,90345,9885,25,502,28,1.27,1,4,1176,2.6,70,0.17
211.55,90847,9917,25,502,32,1.15,1,4,1176,2.6,15,0.05
212.66,91348,9949,25,501,32,1.11,1,4,1176,2.6,35,0.07
213.64,91849,9965,25,501,16,0.98,1,4,1176,2.6,155,0.34
214.61,92351,9989,25,502,24,0.98,1,4,1176,2.6,115,0.21
215.65,92852,10005,25,501,16,1.04,1,4,1176,2.6,90,0.2
216.62,93355,10029,25,503,24,0.97,1,4,1176,2.6,30,0.06
217.6,93859,10037,25,504,8,0.98,1,4,1176,2.6,130,0.23
218.59,94359,10049,25,500,12,0.99,1,4,1176,2.6,30,0.05
219.59,94863,10073,25,504,24,1.01,1,4,1176,2.6,80,0.17
220.55,95365,10097,25,502,24,0.96,1,4,1176,2.6,20,0.03
221.6,95865,10141,25,500,44,1.05,1,4,1176,2.6,5,0.01
222.61,96369,10173,25,504,32,1.01,1,4,1176,2.6,5,0.01
223.62,96869,10213,25,500,40,1.01,1,4,1176,2.6,35,0.07
224.6,97371,10249,25,502,36,0.98,1,4,1176,2.6,5,0.01
225.63,97873,10285,25,502,36,1.04,1,4,1176,2.6,10,0.03
226.74,98375,10317,25,502,32,1.11,1,4,1176,2.6,75,0.18
227.94,98876,10365,25,501,48,1.2,1,4,1176,2.6,25,0.07
229.2,99379,10397,25,503,32,1.26,1,4,1176,2.6,55,0.12
230.47,99883,10413,25,504,16,1.27,1,4,1176,2.6,155,0.43
231.63,100386,10429,25,503,16,1.16,1,4,1176,2.6,235,0.55
232.88,100889,10489,25,503,60,1.24,1,4,1176,2.6,10,0.03
234.06,101390,10513,25,501,24,1.19,1,4,1176,2.6,160,0.36
235.15,101892,10545,25,502,32,1.09,1,4,1176,2.6,50,0.11
236.39,102396,10585,25,504,40,1.24,1,4,1176,2.6,45,0.11
237.52,102896,10605,25,500,20,1.12,1,4,1176,2.6,100,0.22
238.79,103397,10625,25,501,20,1.28,1,4,1176,2.6,80,0.23
240.15,103897,10661,25,500,36,1.35,1,4,1176,2.6,45,0.12
241.34,104400,10681,25,503,20,1.19,1,4,1176,2.6,140,0.32
242.48,104901,10705,25,501,24,1.14,1,4,1176,2.6,120,0.27
243.59,105404,10737,25,503,32,1.11,1,4,1176,2.6,5,0.02
244.66,105904,10765,25,500,28,1.07,1,4,1176,2.6,25,0.05
245.76,106408,10789,25,504,24,1.1,1,4,1176,2.6,75,0.17
246.92,106909,10825,25,501,36,1.15,1,4,1176,2.6,25,0.06
248.05,107412,10857,25,503,32,1.13,1,4,1176,2.6,55,0.13
249.2,107912,10881,25,500,24,1.15,1,4,1176,2.6,90,0.24
250.4,108413,10909,25,501,28,1.2,1,4,1176,2.6,0,0
251.48,108917,10949,25,504,40,1.08,1,4,1176,2.6,105,0.2
252.69,109421,10977,25,504,28,1.21,1,4,1176,2.6,5,0.01
253.96,109921,11005,25,500,28,1.28,1,4,1176,2.6,15,0.04
255.2,110424,11029,25,503,24,1.23,1,4,1176,2.6,75,0.19
256.28,110924,11069,25,500,40,1.08,1,4,1176,2.6,80,0.16
257.41,111425,11089,25,501,20,1.13,1,4,1176,2.6,25,0.05
258.52,111928,11129,25,503,40,1.11,1,4,1176,2.6,40,0.09
259.62,112431,11141,25,503,12,1.1,1,4,1176,2.6,135,0.3
260.74,112934,11157,25,503,16,1.12,1,4,1176,2.6,205,0.45
261.9,113435,11177,25,501,20,1.15,1,4,1176,2.6,125,0.31
263.1,113936,11205,25,501,28,1.2,1,4,1176,2.6,75,0.18
264.24,114439,11233,25,503,28,1.14,1,4,1176,2.6,95,0.22
265.49,114941,11269,25,502,36,1.25,1,4,1176,2.6,10,0.02
266.68,115443,11305,25,502,36,1.19,1,4,1176,2.6,95,0.23
267.87,115946,11337,25,503,32,1.19,1,4,1176,2.6,5,0.01
269.09,116448,11377,25,502,40,1.22,1,4,1176,2.6,85,0.21
270.51,116950,11405,25,502,28,1.42,1,4,1176,2.6,55,0.11
271.61,117454,11421,25,504,16,1.1,1,4,1176,2.6,105,0.27
272.87,117958,11445,25,504,24,1.26,1,4,1176,2.6,50,0.09
274.25,118462,11477,25,504,32,1.38,1,4,1176,2.6,15,0.03
275.45,118964,11501,25,502,24,1.2,1,4,1176,2.6,215,0.52
276.71,119466,11549,25,502,48,1.26,1,4,1176,2.6,20,0.05
277.94,119969,11577,25,503,28,1.22,1,4,1176,2.6,10,0.02
279.16,120472,11609,25,503,32,1.23,1,4,1176,2.6,135,0.35
280.38,120975,11629,25,503,20,1.21,1,4,1176,2.6,125,0.32
281.57,121479,11657,25,504,28,1.19,1,4,1176,2.6,160,0.34
282.81,121983,11681,25,504,24,1.24,1,4,1176,2.6,15,0.05
284.12,122485,11701,25,502,20,1.31,1,4,1176,2.6,115,0.31
285.61,122988,11725,25,503,24,1.49,1,4,1176,2.6,115,0.32
286.87,123492,11737,25,504,12,1.26,1,4,1176,2.6,15,0.05
288.06,123995,11777,25,503,40,1.19,1,4,1176,2.6,140,0.35
289.21,124495,11793,25,500,16,1.15,1,4,1176,2.6,80,0.18
290.33,124999,11809,25,504,16,1.12,1,4,1176,2.6,85,0.2
291.57,125503,11833,25,504,24,1.24,1,4,1176,2.6,90,0.23
292.82,126005,11877,25,502,44,1.25,1,4,1176,2.6,20,0.06
293.98,126509,11901,25,504,24,1.16,1,4,1176,2.6,90,0.22
295.28,127010,11905,25,501,4,1.29,1,4,1176,2.6,275,0.62
296.39,127510,11937,25,500,32,1.11,1,4,1176,2.6,60,0.15
297.53,128010,11981,25,500,44,1.14,1,4,1176,2.6,5,0.01
298.67,128512,12009,25,502,28,1.14,1,4,1176,2.6,90,0.21
299.87,129015,12029,25,503,20,1.21,1,4,1176,2.6,25,0.06
301.07,129518,12061,25,503,32,1.19,1,4,1176,2.6,15,0.04
302.35,130022,12073,25,504,12,1.29,1,4,1176,2.6,45,0.12
303.59,130523,12109,25,501,36,1.24,1,4,1176,2.6,10,0.03
304.88,131023,12129,25,500,20,1.29,1,4,1176,2.6,70,0.19
306.07,131523,12141,25,500,12,1.19,1,4,1176,2.6,30,0.07
307.24,132025,12161,25,502,20,1.16,1,4,1176,2.6,60,0.14
308.49,132528,12197,25,503,36,1.25,1,4,1176,2.6,20,0.05
309.65,133029,12209,25,501,12,1.16,1,4,1176,2.6,55,0.13
310.81,133533,12245,25,504,36,1.16,1,4,1176,2.6,100,0.24
312.05,134035,12257,25,502,12,1.25,1,4,1176,2.6,100,0.25
313.24,134535,12273,25,500,16,1.19,1,4,1176,2.6,60,0.13
314.44,135039,12309,25,504,36,1.2,1,4,1176,2.6,15,0.04
315.65,135541,12329,25,502,20,1.21,1,4,1176,2.6,65,0.14
316.81,136041,12349,25,500,20,1.16,1,4,1176,2.6,175,0.43
318.12,136543,12373,25,502,24,1.3,1,4,1176,2.6,75,0.2
319.51,137043,12413,25,500,40,1.39,1,4,1176,2.6,70,0.22
320.6,137545,12429,25,502,16,1.09,1,4,1176,2.6,90,0.2
321.81,138046,12469,25,501,40,1.21,1,4,1176,2.6,45,0.12
323.23,138549,12473,25,503,4,1.42,1,4,1176,2.6,245,0.64
324.39,139052,12501,25,503,28,1.16,1,4,1176,2.6,5,0.01
325.66,139555,12525,25,503,24,1.27,1,4,1176,2.6,60,0.15
326.85,140059,12577,25,504,52,1.19,1,4,1176,2.6,60,0.15
328.21,140561,12597,25,502,20,1.36,1,4,1176,2.6,55,0.15
329.47,141061,12625,25,500,28,1.26,1,4,1176,2.6,55,0.1
330.7,141563,12649,25,502,24,1.23,1,4,1176,2.6,65,0.21
332.15,142063,12681,25,500,32,1.45,1,4,1176,2.6,0,0
333.47,142566,12709,25,503,28,1.33,1,4,1176,2.6,45,0.09
334.75,143066,12737,25,500,28,1.27,1,4,1176,2.6,185,0.48
335.96,143568,12769,25,502,32,1.22,1,4,1176,2.6,25,0.06
337.37,144070,12789,25,502,20,1.41,1,4,1176,2.6,65,0.14
338.82,144574,12801,25,504,12,1.45,1,4,1176,2.6,240,0.7
340.02,145077,12817,25,503,16,1.2,1,4,1176,2.6,15,0.04
341.2,145578,12829,25,501,12,1.18,1,4,1176,2.6,280,0.64
342.44,146078,12861,25,500,32,1.24,1,4,1176,2.6,130,0.31
343.81,146582,12889,25,504,28,1.37,1,4,1176,2.6,185,0.43
345.02,147084,12937,25,502,48,1.21,1,4,1176,2.6,50,0.12
346.19,147586,12949,25,502,12,1.18,1,4,1176,2.6,320,0.73
347.44,148090,12957,25,504,8,1.24,1,4,1176,2.6,345,0.82
348.8,148594,12997,25,504,40,1.36,1,4,1176,2.6,20,0.05
350.08,149094,13009,25,500,12,1.28,1,4,1176,2.6,180,0.44
351.28,149595,13025,25,501,16,1.2,1,4,1176,2.6,110,0.24
352.41,150095,13041,25,500,16,1.12,1,4,1176,2.6,15,0.03
353.61,150599,13065,25,504,24,1.21,1,4,1176,2.6,55,0.15
354.89,151103,13077,25,504,12,1.27,1,4,1176,2.6,70,0.17
356.09,151607,13105,25,504,28,1.21,1,4,1176,2.6,105,0.25
357.26,152110,13137,25,503,32,1.16,1,4,1176,2.6,45,0.1
358.44,152612,13161,25,502,24,1.18,1,4,1176,2.6,130,0.31
359.83,153116,13193,25,504,32,1.38,1,4,1176,2.6,80,0.28
360.96,153620,13213,25,504,20,1.14,1,4,1176,2.6,40,0.07
362.29,154124,13233,25,504,20,1.32,1,4,1176,2.6,180,0.44
363.49,154627,13293,25,503,60,1.2,1,4,1176,2.6,65,0.15
364.75,155129,13317,25,502,24,1.26,1,4,1176,2.6,20,0.03
365.98,155633,13345,25,504,28,1.23,1,4,1176,2.6,20,0.04
367.21,156134,13361,25,501,16,1.23,1,4,1176,2.6,10,0.03
368.49,156634,13381,25,500,20,1.28,1,4,1176,2.6,10,0.03
369.61,157134,13401,25,500,20,1.12,1,4,1176,2.6,65,0.15
370.85,157637,13429,25,503,28,1.24,1,4,1176,2.6,25,0.05
372.13,158139,13453,25,502,24,1.28,1,4,1176,2.6,35,0.08
373.28,158642,13489,25,503,36,1.15,1,4,1176,2.6,10,0.03
374.57,159143,13533,25,501,44,1.29,1,4,1176,2.6,20,0.05
375.72,159644,13577,25,501,44,1.15,1,4,1176,2.6,25,0.05
376.9,160148,13609,25,504,32,1.18,1,4,1176,2.6,40,0.09
378.14,160650,13657,25,502,48,1.24,1,4,1176,2.6,30,0.07
379.39,161154,13673,25,504,16,1.25,1,4,1176,2.6,50,0.11
380.85,161657,13701,25,503,28,1.46,1,4,1176,2.6,185,0.45
382.08,162159,13725,25,502,24,1.23,1,4,1176,2.6,25,0.06
383.29,162659,13761,25,500,36,1.21,1,4,1176,2.6,10,0.02
384.4,163160,13797,25,501,36,1.12,1,4,1176,2.6,85,0.21
385.71,163662,13841,25,502,44,1.31,1,4,1176,2.6,10,0.03
386.91,164165,13865,25,503,24,1.2,1,4,1176,2.6,15,0.03
388.16,164667,13885,25,502,20,1.25,1,4,1176,2.6,30,0.08
389.44,165168,13909,25,501,24,1.29,1,4,1176,2.6,230,0.58
390.69,165670,13957,25,502,48,1.25,1,4,1176,2.6,10,0.02
391.9,166171,13981,25,501,24,1.2,1,4,1176,2.6,35,0.08
393.17,166675,13997,25,504,16,1.27,1,4,1176,2.6,115,0.28
394.4,167178,14037,25,503,40,1.23,1,4,1176,2.6,80,0.15
395.78,167680,14073,25,502,36,1.38,1,4,1176,2.6,10,0.03
396.93,168180,14109,25,500,36,1.15,1,4,1176,2.6,5,0.02
398.3,168684,14137,25,504,28,1.37,1,4,1176,2.6,20,0.07
399.63,169188,14185,25,504,48,1.33,1,4,1176,2.6,30,0.07
400.78,169691,14205,25,503,20,1.15,1,4,1176,2.6,200,0.43
401.88,170191,14217,25,500,12,1.09,1,4,1176,2.6,110,0.23
403.04,170691,14249,25,500,32,1.17,1,4,1176,2.6,40,0.08
404.24,171195,14285,25,504,36,1.2,1,4,1176,2.6,25,0.07
405.56,171698,14293,25,503,8,1.32,1,4,1176,2.6,10,0.02
406.84,172198,14325,25,500,32,1.28,1,4,1176,2.6,20,0.06
408.17,172699,14349,25,501,24,1.32,1,4,1176,2.6,75,0.17
409.43,173203,14373,25,504,24,1.26,1,4,1176,2.6,190,0.46
410.85,173707,14405,25,504,32,1.42,1,4,1176,2.6,50,0.12
412.25,174207,14453,25,500,48,1.39,1,4,1176,2.6,10,0.03
413.51,174707,14481,25,500,28,1.26,1,4,1176,2.6,85,0.19
414.63,175209,14513,25,502,32,1.12,1,4,1176,2.6,80,0.15
415.83,175711,14541,25,502,28,1.2,1,4,1176,2.6,15,0.06
417.05,176213,14577,25,502,36,1.22,1,4,1176,2.6,65,0.14
418.69,176716,14597,25,503,20,1.64,1,4,1176,2.6,5,0.01
420.05,177219,14625,25,503,28,1.36,1,4,1176,2.6,70,0.23
421.37,177722,14665,25,503,40,1.32,1,4,1176,2.6,20,0.05
422.64,178224,14693,25,502,28,1.27,1,4,1176,2.6,110,0.26
423.93,178726,14721,25,502,28,1.3,1,4,1176,2.6,15,0.04
425.17,179229,14749,25,503,28,1.24,1,4,1176,2.6,25,0.06
426.46,179733,14765,25,504,16,1.29,1,4,1176,2.6,20,0.05
427.7,180236,14801,25,503,36,1.25,1,4,1176,2.6,25,0.05
428.9,180739,14817,25,503,16,1.2,1,4,1176,2.6,135,0.31
430.05,181242,14853,25,503,36,1.15,1,4,1176,2.6,25,0.07
431.19,181745,14881,25,503,28,1.14,1,4,1176,2.6,110,0.24
432.48,182248,14905,25,503,24,1.29,1,4,1176,2.6,55,0.15
433.64,182751,14941,25,503,36,1.16,1,4,1176,2.6,70,0.17
434.78,183252,14961,25,501,20,1.14,1,4,1176,2.6,155,0.34
436.03,183754,14981,25,502,20,1.24,1,4,1176,2.6,45,0.08
437.34,184256,15025,25,502,44,1.31,1,4,1176,2.6,15,0.02
438.56,184756,15073,25,500,48,1.22,1,4,1176,2.6,55,0.12
439.81,185256,15085,25,500,12,1.25,1,4,1176,2.6,105,0.24
441.06,185760,15105,25,504,20,1.25,1,4,1176,2.6,175,0.43
442.38,186261,15145,25,501,40,1.32,1,4,1176,2.6,10,0.02
443.59,186765,15161,25,504,16,1.2,1,4,1176,2.6,100,0.23
444.98,187265,15189,25,500,28,1.4,1,4,1176,2.6,50,0.13
446.23,187768,15237,25,503,48,1.25,1,4,1176,2.6,15,0.04
447.56,188272,15249,25,504,12,1.33,1,4,1176,2.6,415,1.1
448.94,188774,15277,25,502,28,1.38,1,4,1176,2.6,90,0.28
450.25,189276,15297,25,502,20,1.31,1,4,1176,2.6,160,0.39
451.52,189777,15313,25,501,16,1.28,1,4,1176,2.6,15,0.04
452.87,190280,15341,25,503,28,1.34,1,4,1176,2.6,40,0.11
454.23,190781,15365,25,501,24,1.37,1,4,1176,2.6,200,0.54
455.61,191282,15393,25,501,28,1.37,1,4,1176,2.6,10,0.03
456.89,191786,15421,25,504,28,1.28,1,4,1176,2.6,275,0.72
458.12,192289,15445,25,503,24,1.24,1,4,1176,2.6,35,0.08
459.34,192793,15489,25,504,44,1.21,1,4,1176,2.6,35,0.08
460.53,193297,15529,25,504,40,1.19,1,4,1176,2.6,30,0.07
461.85,193798,15565,25,501,36,1.32,1,4,1176,2.6,40,0.11
463.15,194298,15609,25,500,44,1.3,1,4,1176,2.6,15,0.03
464.45,194800,15633,25,502,24,1.29,1,4,1176,2.6,25,0.07
465.62,195300,15661,25,500,28,1.17,1,4,1176,2.6,90,0.21
466.82,195802,15681,25,502,20,1.2,1,4,1176,2.6,135,0.28
468.1,196303,15697,25,501,16,1.29,1,4,1176,2.6,40,0.1
469.36,196807,15717,25,504,20,1.25,1,4,1176,2.6,75,0.18
470.79,197308,15749,25,501,32,1.43,1,4,1176,2.6,80,0.2
472.05,197812,15773,25,504,24,1.26,1,4,1176,2.6,115,0.3
473.41,198313,15813,25,501,40,1.36,1,4,1176,2.6,5,0.01
474.79,198816,15849,25,503,36,1.38,1,4,1176,2.6,15,0.04
476.03,199316,15857,25,500,8,1.24,1,4,1176,2.6,25,0.06
477.3,199816,15881,25,500,24,1.27,1,4,1176,2.6,15,0.04
478.61,200317,15909,25,501,28,1.31,1,4,1176,2.6,35,0.09
479.92,200821,15945,25,504,36,1.31,1,4,1176,2.6,40,0.1
481.09,201325,15957,25,504,12,1.17,1,4,1176,2.6,80,0.19
482.35,201828,15969,25,503,12,1.26,1,4,1176,2.6,35,0.08
483.65,202332,15997,25,504,28,1.3,1,4,1176,2.6,45,0.11
485.25,202832,16025,25,500,28,1.6,1,4,1176,2.6,85,0.23
486.37,203335,16049,25,503,24,1.12,1,4,1176,2.6,60,0.1
487.6,203839,16073,25,504,24,1.23,1,4,1176,2.6,55,0.16
488.93,204341,16109,25,502,36,1.33,1,4,1176,2.6,65,0.14
490.14,204842,16137,25,501,28,1.2,1,4,1176,2.6,170,0.41
491.32,205342,16157,25,500,20,1.19,1,4,1176,2.6,275,0.65
492.51,205845,16165,25,503,8,1.19,1,4,1176,2.6,55,0.13
493.74,206345,16181,25,500,16,1.22,1,4,1176,2.6,65,0.15
494.95,206847,16209,25,502,28,1.22,1,4,1176,2.6,105,0.25
496.5,207351,16233,25,504,24,1.54,1,4,1176,2.6,50,0.13
497.89,207851,16269,25,500,36,1.39,1,4,1176,2.6,10,0.02
499.15,208355,16305,25,504,36,1.26,1,4,1176,2.6,140,0.34
500.37,208855,16321,25,500,16,1.22,1,4,1176,2.6,95,0.24
501.77,209356,16353,25,501,32,1.4,1,4,1176,2.6,20,0.05
502.97,209860,16389,25,504,36,1.2,1,4,1176,2.6,140,0.29
504.28,210360,16425,25,500,36,1.31,1,4,1176,2.6,25,0.06
505.51,210862,16441,25,502,16,1.23,1,4,1176,2.6,210,0.52
506.9,211362,16457,25,500,16,1.39,1,4,1176,2.6,100,0.23
508.18,211865,16469,25,503,12,1.27,1,4,1176,2.6,105,0.29
509.55,212366,16517,25,501,48,1.37,1,4,1176,2.6,55,0.12
510.74,212866,16545,25,500,28,1.19,1,4,1176,2.6,80,0.19
511.94,213367,16569,25,501,24,1.2,1,4,1176,2.6,45,0.14
513.19,213868,16617,25,501,48,1.25,1,4,1176,2.6,65,0.14
514.62,214370,16653,25,502,36,1.43,1,4,1176,2.6,15,0.05
515.88,214873,16689,25,503,36,1.26,1,4,1176,2.6,25,0.05
517.14,215374,16713,25,501,24,1.26,1,4,1176,2.6,40,0.09
518.49,215878,16741,25,504,28,1.35,1,4,1176,2.6,65,0.18
519.82,216379,16753,25,501,12,1.33,1,4,1176,2.6,0,0
521.15,216881,16789,25,502,36,1.33,1,4,1176,2.6,50,0.15
522.57,217385,16817,25,504,28,1.42,1,4,1176,2.6,30,0.09
523.93,217886,16837,25,501,20,1.37,1,4,1176,2.6,240,0.7
525.13,218388,16861,25,502,24,1.2,1,4,1176,2.6,25,0.06
526.34,218888,16905,25,500,44,1.21,1,4,1176,2.6,110,0.3
527.59,219390,16937,25,502,32,1.25,1,4,1176,2.6,40,0.09
528.82,219893,16949,25,503,12,1.23,1,4,1176,2.6,35,0.11
530.02,220393,16981,25,500,32,1.2,1,4,1176,2.6,50,0.11
531.2,220893,17005,25,500,24,1.18,1,4,1176,2.6,140,0.29
532.35,221393,17021,25,500,16,1.15,1,4,1176,2.6,30,0.09
533.75,221897,17073,25,504,52,1.4,1,4,1176,2.6,105,0.28
535.01,222398,17109,25,501,36,1.26,1,4,1176,2.6,125,0.29
536.11,222898,17137,25,500,28,1.1,1,4,1176,2.6,5,0.02
537.26,223398,17173,25,500,36,1.15,1,4,1176,2.6,35,0.08
538.46,223901,17221,25,503,48,1.19,1,4,1176,2.6,35,0.09
539.68,224401,17245,25,500,24,1.23,1,4,1176,2.6,95,0.24
540.94,224903,17261,25,502,16,1.26,1,4,1176,2.6,70,0.19
542.19,225405,17309,25,502,48,1.25,1,4,1176,2.6,30,0.06
543.48,225909,17345,25,504,36,1.29,1,4,1176,2.6,155,0.41
544.73,226413,17369,25,504,24,1.25,1,4,1176,2.6,10,0.01
546,226917,17405,25,504,36,1.27,1,4,1176,2.6,20,0.07
547.43,227420,17433,25,503,28,1.43,1,4,1176,2.6,95,0.22
548.68,227921,17453,25,501,20,1.25,1,4,1176,2.6,110,0.28
549.97,228424,17485,25,503,32,1.29,1,4,1176,2.6,30,0.07
551.26,228924,17513,25,500,28,1.29,1,4,1176,2.6,40,0.1
552.69,229425,17533,25,501,20,1.43,1,4,1176,2.6,25,0.08
554.16,229925,17557,25,500,24,1.47,1,4,1176,2.6,0,0
555.41,230425,17581,25,500,24,1.25,1,4,1176,2.6,45,0.1
556.63,230925,17617,25,500,36,1.22,1,4,1176,2.6,25,0.07
557.94,231425,17649,25,500,32,1.31,1,4,1176,2.6,25,0.06
559.17,231929,17685,25,504,36,1.23,1,4,1176,2.6,40,0.09
560.52,232429,17701,25,500,16,1.36,1,4,1176,2.6,0,0
561.75,232930,17733,25,501,32,1.23,1,4,1176,2.6,0,0
563.17,233432,17769,25,502,36,1.41,1,4,1176,2.6,25,0.07
564.37,233932,17797,25,500,28,1.2,1,4,1176,2.6,85,0.22
565.5,234435,17845,25,503,48,1.13,1,4,1176,2.6,5,0.02
566.83,234939,17877,25,504,32,1.33,1,4,1176,2.6,15,0.04
568.13,235442,17909,25,503,32,1.3,1,4,1176,2.6,95,0.25
569.46,235942,17937,25,500,28,1.33,1,4,1176,2.6,0,0
570.9,236446,17973,25,504,36,1.43,1,4,1176,2.6,135,0.36
572.25,236948,17997,25,502,24,1.35,1,4,1176,2.6,195,0.53
573.59,237449,18049,25,501,52,1.34,1,4,1176,2.6,50,0.15
574.86,237952,18073,25,503,24,1.27,1,4,1176,2.6,35,0.09
576.12,238455,18109,25,503,36,1.26,1,4,1176,2.6,130,0.35
577.48,238959,18133,25,504,24,1.35,1,4,1176,2.6,105,0.26
578.64,239459,18157,25,500,24,1.16,1,4,1176,2.6,60,0.14
579.9,239961,18201,25,502,44,1.26,1,4,1176,2.6,35,0.09
581.1,240465,18241,25,504,40,1.21,1,4,1176,2.6,20,0.05
582.26,240966,18269,25,501,28,1.15,1,4,1176,2.6,65,0.16
583.72,241466,18297,25,500,28,1.46,1,4,1176,2.6,125,0.33
585.1,241967,18317,25,501,20,1.39,1,4,1176,2.6,25,0.07
586.43,242470,18345,25,503,28,1.33,1,4,1176,2.6,60,0.16
587.57,242972,18365,25,502,20,1.14,1,4,1176,2.6,70,0.2
588.77,243474,18389,25,502,24,1.21,1,4,1176,2.6,155,0.36
589.96,243974,18413,25,500,24,1.19,1,4,1176,2.6,25,0.07
591.13,244477,18425,25,503,12,1.17,1,4,1176,2.6,135,0.31
592.41,244977,18481,25,500,56,1.27,1,4,1176,2.6,15,0.05
593.62,245477,18513,25,500,32,1.21,1,4,1176,2.6,0,0
594.85,245977,18529,25,500,16,1.23,1,4,1176,2.6,50,0.11
596.15,246478,18557,25,501,28,1.3,1,4,1176,2.6,55,0.17
597.71,246979,18605,25,501,48,1.56,1,4,1176,2.6,40,0.11
599.12,247479,18645,25,500,40,1.41,1,4,1176,2.6,15,0.04
600.34,247983,18673,25,504,28,1.21,1,4,1176,2.6,5,0.02
601.58,248483,18713,25,500,40,1.24,1,4,1176,2.6,95,0.25
603.06,248986,18737,25,503,24,1.48,1,4,1176,2.6,85,0.22
604.41,249488,18765,25,502,28,1.36,1,4,1176,2.6,190,0.5
605.73,249989,18785,25,501,20,1.32,1,4,1176,2.6,40,0.09
607.02,250493,18833,25,504,48,1.29,1,4,1176,2.6,30,0.08
608.28,250996,18861,25,503,28,1.25,1,4,1176,2.6,125,0.29
609.47,251497,18881,25,501,20,1.19,1,4,1176,2.6,60,0.18
610.75,251998,18901,25,501,20,1.28,1,4,1176,2.6,65,0.15
612.17,252499,18917,25,501,16,1.42,1,4,1176,2.6,85,0.24
613.44,253002,18953,25,503,36,1.27,1,4,1176,2.6,20,0.05
614.58,253503,18989,25,501,36,1.15,1,4,1176,2.6,10,0.02
615.86,254003,19009,25,500,20,1.28,1,4,1176,2.6,120,0.28
617.03,254507,19041,25,504,32,1.17,1,4,1176,2.6,15,0.03
618.31,255011,19057,25,504,16,1.28,1,4,1176,2.6,195,0.49
619.44,255514,19093,25,503,36,1.13,1,4,1176,2.6,45,0.1
620.62,256018,19117,25,504,24,1.18,1,4,1176,2.6,135,0.31
621.9,256519,19137,25,501,20,1.28,1,4,1176,2.6,120,0.32
623.19,257019,19177,25,500,40,1.29,1,4,1176,2.6,0,0
624.64,257521,19221,25,502,44,1.45,1,4,1176,2.6,30,0.08
625.86,258022,19253,25,501,32,1.22,1,4,1176,2.6,20,0.06
627.11,258524,19293,25,502,40,1.25,1,4,1176,2.6,10,0.02
628.36,259024,19313,25,500,20,1.25,1,4,1176,2.6,95,0.22
629.67,259525,19349,25,501,36,1.31,1,4,1176,2.6,5,0.01
630.94,260028,19373,25,503,24,1.27,1,4,1176,2.6,240,0.63
632.17,260529,19389,25,501,16,1.23,1,4,1176,2.6,145,0.38
633.5,261029,19417,25,500,28,1.33,1,4,1176,2.6,55,0.15
634.73,261530,19445,25,501,28,1.23,1,4,1176,2.6,20,0.05
635.93,262033,19473,25,503,28,1.2,1,4,1176,2.6,15,0.03
637.14,262536,19509,25,503,36,1.21,1,4,1176,2.6,5,0.01
638.46,263040,19525,25,504,16,1.32,1,4,1176,2.6,255,0.71
639.81,263542,19557,25,502,32,1.35,1,4,1176,2.6,25,0.07
641.06,264045,19597,25,503,40,1.25,1,4,1176,2.6,165,0.41
642.24,264549,19629,25,504,32,1.18,1,4,1176,2.6,5,0.01
643.51,265053,19645,25,504,16,1.26,1,4,1176,2.6,5,0.01
644.78,265553,19665,25,500,20,1.27,1,4,1176,2.6,265,0.71
645.98,266056,19689,25,503,24,1.2,1,4,1176,2.6,20,0.05
647.18,266559,19725,25,503,36,1.2,1,4,1176,2.6,10,0.02
648.37,267063,19757,25,504,32,1.19,1,4,1176,2.6,10,0.03
649.56,267563,19765,25,500,8,1.19,1,4,1176,2.6,25,0.07
650.75,268064,19813,25,501,48,1.19,1,4,1176,2.6,5,0.01
652.01,268565,19829,25,501,16,1.26,1,4,1176,2.6,25,0.07
653.3,269069,19853,25,504,24,1.29,1,4,1176,2.6,15,0.04
654.68,269573,19885,25,504,32,1.38,1,4,1176,2.6,130,0.39
655.87,270076,19921,25,503,36,1.19,1,4,1176,2.6,30,0.08
657.04,270579,19933,25,503,12,1.17,1,4,1176,2.6,150,0.33
658.26,271080,19953,25,501,20,1.23,1,4,1176,2.6,5,0.01
659.53,271580,19993,25,500,40,1.26,1,4,1176,2.6,0,0
660.77,272084,20033,25,504,40,1.25,1,4,1176,2.6,45,0.11
661.98,272587,20057,25,503,24,1.21,1,4,1176,2.6,55,0.14
663.24,273091,20069,25,504,12,1.26,1,4,1176,2.6,20,0.04
664.37,273595,20117,25,504,48,1.13,1,4,1176,2.6,75,0.17
665.65,274097,20149,25,502,32,1.27,1,4,1176,2.6,15,0.04
666.85,274600,20177,25,503,28,1.21,1,4,1176,2.6,35,0.08
667.99,275101,20221,25,501,44,1.14,1,4,1176,2.6,55,0.13
669.34,275602,20237,25,501,16,1.35,1,4,1176,2.6,65,0.16
670.58,276106,20249,25,504,12,1.23,1,4,1176,2.6,240,0.6
671.77,276607,20281,25,501,32,1.2,1,4,1176,2.6,135,0.3
673.12,277108,20309,25,501,28,1.35,1,4,1176,2.6,20,0.04
674.35,277611,20353,25,503,44,1.23,1,4,1176,2.6,50,0.16
675.62,278114,20393,25,503,40,1.27,1,4,1176,2.6,100,0.25
676.89,278617,20437,25,503,44,1.27,1,4,1176,2.6,120,0.3
678.03,279121,20453,25,504,16,1.14,1,4,1176,2.6,365,0.82
679.17,279621,20489,25,500,36,1.13,1,4,1176,2.6,80,0.21
680.39,280124,20513,25,503,24,1.22,1,4,1176,2.6,130,0.32
681.77,280626,20537,25,502,24,1.38,1,4,1176,2.6,15,0.03
682.97,281129,20565,25,503,28,1.2,1,4,1176,2.6,15,0.03
684.17,281632,20585,25,503,20,1.2,1,4,1176,2.6,255,0.6
685.46,282132,20613,25,500,28,1.29,1,4,1176,2.6,20,0.05
686.77,282633,20633,25,501,20,1.31,1,4,1176,2.6,105,0.27
688.07,283134,20661,25,501,28,1.3,1,4,1176,2.6,80,0.22
689.26,283635,20681,25,501,20,1.2,1,4,1176,2.6,65,0.17
690.5,284138,20701,25,503,20,1.23,1,4,1176,2.6,25,0.06
691.98,284641,20717,25,503,16,1.49,1,4,1176,2.6,80,0.22
693.23,285145,20737,25,504,20,1.25,1,4,1176,2.6,80,0.2
694.51,285645,20773,25,500,36,1.27,1,4,1176,2.6,30,0.08
695.81,286145,20797,25,500,24,1.3,1,4,1176,2.6,25,0.05
697.05,286646,20821,25,501,24,1.24,1,4,1176,2.6,45,0.12
698.27,287149,20857,25,503,36,1.22,1,4,1176,2.6,20,0.05
699.64,287651,20881,25,502,24,1.37,1,4,1176,2.6,165,0.45
700.91,288152,20913,25,501,32,1.27,1,4,1176,2.6,35,0.09
702.18,288656,20945,25,504,32,1.27,1,4,1176,2.6,5,0.01
703.39,289156,20977,25,500,32,1.2,1,4,1176,2.6,35,0.09
704.62,289659,20997,25,503,20,1.24,1,4,1176,2.6,5,0.02
705.9,290161,21017,25,502,20,1.28,1,4,1176,2.6,65,0.16
707.33,290662,21037,25,501,20,1.43,1,4,1176,2.6,135,0.39
708.59,291166,21065,25,504,28,1.26,1,4,1176,2.6,15,0.03
709.77,291668,21085,25,502,20,1.18,1,4,1176,2.6,85,0.21
711.04,292170,21133,25,502,48,1.26,1,4,1176,2.6,40,0.09
712.21,292671,21185,25,501,52,1.17,1,4,1176,2.6,40,0.1
713.44,293172,21197,25,501,12,1.24,1,4,1176,2.6,120,0.29
714.7,293673,21229,25,501,32,1.26,1,4,1176,2.6,20,0.04
716.01,294175,21269,25,502,40,1.31,1,4,1176,2.6,115,0.28
717.21,294678,21325,25,503,56,1.2,1,4,1176,2.6,20,0.04
718.32,295182,21361,25,504,36,1.11,1,4,1176,2.6,30,0.08
719.57,295686,21397,25,504,36,1.25,1,4,1176,2.6,40,0.08
720.72,296188,21409,25,502,12,1.15,1,4,1176,2.6,435,0.99
721.95,296689,21453,25,501,44,1.23,1,4,1176,2.6,35,0.09
723.16,297193,21473,25,504,20,1.21,1,4,1176,2.6,140,0.37
724.39,297697,21501,25,504,28,1.22,1,4,1176,2.6,5,0.01
725.59,298198,21545,25,501,44,1.2,1,4,1176,2.6,15,0.03
726.74,298698,21565,25,500,20,1.15,1,4,1176,2.6,20,0.05
727.9,299200,21573,25,502,8,1.16,1,4,1176,2.6,100,0.21
729.1,299701,21605,25,501,32,1.2,1,4,1176,2.6,90,0.21
730.41,300204,21653,25,503,48,1.31,1,4,1176,2.6,50,0.11
731.62,300706,21677,25,502,24,1.21,1,4,1176,2.6,75,0.18
732.8,301210,21705,25,504,28,1.18,1,4,1176,2.6,20,0.05
734.08,301712,21729,25,502,24,1.28,1,4,1176,2.6,190,0.51
735.23,302216,21749,25,504,20,1.15,1,4,1176,2.6,95,0.2
736.4,302718,21781,25,502,32,1.17,1,4,1176,2.6,140,0.33
737.53,303220,21801,25,502,20,1.14,1,4,1176,2.6,100,0.2
738.72,303722,21821,25,502,20,1.19,1,4,1176,2.6,25,0.06
740.02,304226,21861,25,504,40,1.29,1,4,1176,2.6,25,0.07
741.33,304726,21897,25,500,36,1.31,1,4,1176,2.6,40,0.11
742.52,305228,21925,25,502,28,1.19,1,4,1176,2.6,245,0.57
743.7,305732,21941,25,504,16,1.18,1,4,1176,2.6,30,0.08
744.94,306233,21965,25,501,24,1.24,1,4,1176,2.6,135,0.34
746.14,306734,21985,25,501,20,1.2,1,4,1176,2.6,10,0.03
747.43,307237,22013,25,503,28,1.28,1,4,1176,2.6,120,0.32
748.83,307741,22041,25,504,28,1.41,1,4,1176,2.6,235,0.63
750.3,308243,22069,25,502,28,1.47,1,4,1176,2.6,70,0.19
751.66,308743,22085,25,500,16,1.36,1,4,1176,2.6,270,0.7
752.95,309244,22101,25,501,16,1.29,1,4,1176,2.6,280,0.69
754.24,309744,22125,25,500,24,1.29,2,8,1176,2.6,0,0
755.61,310244,22157,25,500,32,1.37,1,4,1176,2.6,55,0.14
756.98,310748,22193,25,504,36,1.38,1,4,1176,2.6,55,0.16
758.36,311252,22221,25,504,28,1.38,1,4,1176,2.6,90,0.25
759.71,311754,22261,25,502,40,1.35,1,4,1176,2.6,0,0
761.03,312254,22285,25,500,24,1.32,1,4,1176,2.6,290,0.7
762.3,312755,22321,25,501,36,1.27,1,4,1176,2.6,70,0.15
763.52,313258,22333,25,503,12,1.21,1,4,1176,2.6,180,0.43
764.76,313762,22361,25,504,28,1.24,1,4,1176,2.6,40,0.09
765.97,314265,22389,25,503,28,1.21,1,4,1176,2.6,55,0.16
767.22,314767,22417,25,502,28,1.24,1,4,1176,2.6,25,0.05
768.59,315267,22429,25,500,12,1.37,1,4,1176,2.6,205,0.58
769.8,315768,22461,25,501,32,1.21,1,4,1176,2.6,30,0.08
771.12,316272,22489,25,504,28,1.32,1,4,1176,2.6,195,0.53
772.36,316775,22521,25,503,32,1.24,1,4,1176,2.6,60,0.15
773.68,317279,22537,25,504,16,1.31,1,4,1176,2.6,35,0.1
774.8,317782,22577,25,503,40,1.12,1,4,1176,2.6,30,0.06
775.95,318282,22613,25,500,36,1.16,1,4,1176,2.6,20,0.04
777.09,318783,22641,25,501,28,1.13,1,4,1176,2.6,135,0.32
778.25,319285,22665,25,502,24,1.16,1,4,1176,2.6,130,0.3
779.42,319785,22709,25,500,44,1.17,1,4,1176,2.6,15,0.04
780.67,320285,22733,25,500,24,1.24,1,4,1176,2.6,55,0.14
781.86,320785,22777,25,500,44,1.2,1,4,1176,2.6,30,0.08
783.1,321287,22797,25,502,20,1.24,1,4,1176,2.6,65,0.13
784.34,321791,22817,25,504,20,1.25,1,4,1176,2.6,140,0.32
785.61,322294,22829,25,503,12,1.27,1,4,1176,2.6,75,0.18
786.84,322794,22845,25,500,16,1.23,1,4,1176,2.6,0,0
788,323296,22877,25,502,32,1.17,1,4,1176,2.6,65,0.17
789.25,323798,22901,25,502,24,1.24,1,4,1176,2.6,100,0.26
790.45,324299,22941,25,501,40,1.21,1,4,1176,2.6,55,0.13
791.67,324803,22961,25,504,20,1.22,1,4,1176,2.6,130,0.27
792.82,325303,22993,25,500,32,1.15,1,4,1176,2.6,175,0.41
794.1,325803,23017,25,500,24,1.28,1,4,1176,2.6,10,0.02
795.24,326305,23045,25,502,28,1.15,1,4,1176,2.6,5,0.01
796.53,326806,23073,25,501,28,1.29,1,4,1176,2.6,80,0.18
797.69,327306,23097,25,500,24,1.16,1,4,1176,2.6,55,0.14
798.9,327809,23113,25,503,16,1.21,1,4,1176,2.6,55,0.14
800.2,328310,23133,25,501,20,1.3,1,4,1176,2.6,35,0.09
801.38,328813,23145,25,503,12,1.18,1,4,1176,2.6,70,0.15
802.59,329315,23189,25,502,44,1.21,1,4,1176,2.6,115,0.31
803.71,329816,23221,25,501,32,1.12,1,4,1176,2.6,180,0.36
804.96,330318,23261,25,502,40,1.25,1,4,1176,2.6,5,0.01
806.21,330821,23297,25,503,36,1.25,1,4,1176,2.6,5,0.01
807.39,331324,23329,25,503,32,1.18,1,4,1176,2.6,25,0.07
808.68,331826,23349,25,502,20,1.3,1,4,1176,2.6,100,0.27
810.11,332326,23361,25,500,12,1.42,1,4,1176,2.6,15,0.04
811.29,332826,23389,25,500,28,1.18,1,4,1176,2.6,0,0
812.46,333327,23413,25,501,24,1.18,1,4,1176,2.6,265,0.6
813.65,333828,23433,25,501,20,1.19,1,4,1176,2.6,25,0.06
814.8,334330,23461,25,502,28,1.15,1,4,1176,2.6,10,0.02
816.14,334830,23485,25,500,24,1.34,1,4,1176,2.6,50,0.12
817.45,335332,23525,25,502,40,1.31,1,4,1176,2.6,55,0.15
818.92,335832,23561,25,500,36,1.47,1,4,1176,2.6,55,0.15
820.14,336336,23589,25,504,28,1.22,1,4,1176,2.6,15,0.04
821.32,336837,23605,25,501,16,1.19,1,4,1176,2.6,210,0.51
822.44,337339,23633,25,502,28,1.12,1,4,1176,2.6,55,0.12
823.63,337842,23661,25,503,28,1.19,1,4,1176,2.6,15,0.03
824.74,338342,23705,25,500,44,1.11,1,4,1176,2.6,30,0.06
826.4,338842,23733,25,500,28,1.66,1,4,1176,2.6,60,0.18
827.7,339344,23773,25,502,40,1.3,1,4,1176,2.6,5,0.01
829,339846,23813,25,502,40,1.3,1,4,1176,2.6,5,0.01
830.29,340349,23833,25,503,20,1.29,1,4,1176,2.6,5,0.01
831.59,340849,23865,25,500,32,1.3,1,4,1176,2.6,55,0.13
832.86,341350,23885,25,501,20,1.28,1,4,1176,2.6,130,0.35
834.13,341854,23897,25,504,12,1.27,1,4,1176,2.6,70,0.18
835.34,342357,23909,25,503,12,1.21,1,4,1176,2.6,65,0.15
836.61,342859,23933,25,502,24,1.27,1,4,1176,2.6,0,0
837.87,343362,23969,25,503,36,1.26,1,4,1176,2.6,25,0.07
839.32,343863,24005,25,501,36,1.45,1,4,1176,2.6,5,0.01
840.59,344365,24045,25,502,40,1.27,1,4,1176,2.6,30,0.07
841.88,344867,24073,25,502,28,1.3,1,4,1176,2.6,50,0.12
843.05,345367,24097,25,500,24,1.16,1,4,1176,2.6,100,0.21
844.23,345869,24137,25,502,40,1.19,1,4,1176,2.6,20,0.05
845.38,346370,24177,25,501,40,1.15,1,4,1176,2.6,95,0.23
846.55,346871,24225,25,501,48,1.17,1,4,1176,2.6,25,0.05
847.69,347373,24257,25,502,32,1.14,1,4,1176,2.6,165,0.43
848.88,347874,24269,25,501,12,1.19,1,4,1176,2.6,135,0.31
850.07,348376,24293,25,502,24,1.18,1,4,1176,2.6,65,0.15
851.39,348877,24329,25,501,36,1.32,1,4,1176,2.6,45,0.15
852.75,349377,24353,25,500,24,1.36,1,4,1176,2.6,0,0
854.07,349880,24385,25,503,32,1.32,1,4,1176,2.6,65,0.18
855.27,350381,24401,25,501,16,1.2,1,4,1176,2.6,50,0.12
856.49,350885,24433,25,504,32,1.22,1,4,1176,2.6,80,0.21
857.68,351389,24465,25,504,32,1.19,1,4,1176,2.6,55,0.14
858.82,351890,24517,25,501,52,1.14,1,4,1176,2.6,5,0.01
860.04,352393,24545,25,503,28,1.21,1,4,1176,2.6,90,0.23
861.36,352895,24577,25,502,32,1.32,1,4,1176,2.6,45,0.1
862.56,353395,24609,25,500,32,1.2,1,4,1176,2.6,5,0.01
863.81,353899,24649,25,504,40,1.25,1,4,1176,2.6,65,0.14
865.12,354399,24693,25,500,44,1.32,1,4,1176,2.6,65,0.17
866.41,354901,24725,25,502,32,1.29,1,4,1176,2.6,35,0.1
867.72,355405,24737,25,504,12,1.32,1,4,1176,2.6,195,0.49
869.05,355907,24757,25,502,20,1.33,1,4,1176,2.6,40,0.09
870.26,356410,24805,25,503,48,1.21,1,4,1176,2.6,45,0.12
871.48,356911,24841,25,501,36,1.22,1,4,1176,2.6,55,0.12
872.79,357415,24873,25,504,32,1.31,1,4,1176,2.6,100,0.23
874.11,357918,24901,25,503,28,1.32,1,4,1176,2.6,40,0.12
875.32,358419,24921,25,501,20,1.21,1,4,1176,2.6,210,0.5
876.4,358920,24945,25,501,24,1.07,1,4,1176,2.6,75,0.16
877.65,359424,24981,25,504,36,1.25,1,4,1176,2.6,5,0.01
878.79,359924,25009,25,500,28,1.14,1,4,1176,2.6,75,0.17
880.05,360428,25029,25,504,20,1.27,1,4,1176,2.6,110,0.25
881.21,360932,25073,25,504,44,1.16,1,4,1176,2.6,45,0.1
882.34,361433,25093,25,501,20,1.13,1,4,1176,2.6,210,0.47
883.55,361936,25125,25,503,32,1.21,1,4,1176,2.6,20,0.05
884.82,362439,25149,25,503,24,1.27,1,4,1176,2.6,115,0.26
886.1,362940,25169,25,501,20,1.28,1,4,1176,2.6,210,0.56
887.33,363444,25205,25,504,36,1.23,1,4,1176,2.6,90,0.21
888.65,363944,25241,25,500,36,1.32,1,4,1176,2.6,15,0.04
889.81,364446,25285,25,502,44,1.16,1,4,1176,2.6,175,0.39
891.02,364947,25345,25,501,60,1.21,1,4,1176,2.6,25,0.06
892.22,365450,25377,25,503,32,1.19,1,4,1176,2.6,75,0.2
893.5,365951,25417,25,501,40,1.28,1,4,1176,2.6,60,0.15
894.71,366455,25449,25,504,32,1.21,1,4,1176,2.6,230,0.53
895.86,366955,25461,25,500,12,1.16,1,4,1176,2.6,90,0.22
897.11,367455,25477,25,500,16,1.24,1,4,1176,2.6,25,0.05
898.3,367956,25505,25,501,28,1.2,1,4,1176,2.6,20,0.05
899.58,368460,25545,25,504,40,1.28,1,4,1176,2.6,10,0.02
900.95,368960,25557,25,500,12,1.37,1,4,1176,2.6,135,0.36
902.16,369461,25585,25,501,28,1.21,1,4,1176,2.6,20,0.05
903.41,369961,25613,25,500,28,1.25,1,4,1176,2.6,40,0.1
904.62,370465,25641,25,504,28,1.21,1,4,1176,2.6,20,0.04
905.81,370965,25669,25,500,28,1.19,1,4,1176,2.6,200,0.5
907.05,371466,25697,25,501,28,1.24,1,4,1176,2.6,40,0.1
908.43,371970,25737,25,504,40,1.38,1,4,1176,2.6,60,0.14
909.56,372474,25765,25,504,28,1.14,1,4,1176,2.6,25,0.06
910.82,372976,25785,25,502,20,1.26,1,4,1176,2.6,35,0.07
912.18,373477,25809,25,501,24,1.36,1,4,1176,2.6,150,0.43
913.58,373981,25849,25,504,40,1.4,1,4,1176,2.6,55,0.14
914.8,374481,25909,25,500,60,1.22,1,4,1176,2.6,85,0.2
916.06,374982,25949,25,501,40,1.26,1,4,1176,2.6,80,0.18
917.39,375486,25997,25,504,48,1.33,1,4,1176,2.6,10,0.03
918.64,375988,26037,25,502,40,1.25,1,4,1176,2.6,160,0.38
919.83,376490,26069,25,502,32,1.18,1,4,1176,2.6,35,0.07
920.99,376991,26105,25,501,36,1.17,1,4,1176,2.6,55,0.19
922.22,377491,26121,25,500,16,1.23,1,4,1176,2.6,25,0.07
923.39,377994,26145,25,503,24,1.17,1,4,1176,2.6,170,0.39
924.69,378496,26169,25,502,24,1.3,1,4,1176,2.6,75,0.17
925.93,378998,26181,25,502,12,1.24,1,4,1176,2.6,125,0.3
927.26,379498,26193,25,500,12,1.33,1,4,1176,2.6,430,1.15
928.64,379999,26241,25,501,48,1.37,1,4,1176,2.6,5,0.01
930.07,380499,26297,25,500,56,1.43,1,4,1176,2.6,90,0.26
931.38,381000,26329,25,501,32,1.31,1,4,1176,2.6,90,0.25
932.67,381502,26349,25,502,20,1.3,1,4,1176,2.6,20,0.05
933.98,382006,26381,25,504,32,1.31,1,4,1176,2.6,10,0.03
935.27,382506,26413,25,500,32,1.29,1,4,1176,2.6,0,0
936.61,383006,26441,25,500,28,1.34,1,4,1176,2.6,85,0.21
937.82,383508,26461,25,502,20,1.21,1,4,1176,2.6,70,0.17
939.1,384008,26477,25,500,16,1.28,1,4,1176,2.6,20,0.05
940.22,384511,26501,25,503,24,1.12,1,4,1176,2.6,30,0.08
941.36,385013,26513,25,502,12,1.14,1,4,1176,2.6,40,0.1
942.49,385517,26545,25,504,32,1.13,1,4,1176,2.6,105,0.24
943.79,386021,26585,25,504,40,1.3,1,4,1176,2.6,80,0.18
945.07,386522,26589,25,501,4,1.28,1,4,1176,2.6,435,1.12
946.4,387026,26617,25,504,28,1.33,1,4,1176,2.6,95,0.26
947.73,387530,26649,25,504,32,1.33,1,4,1176,2.6,60,0.18
949.2,388034,26673,25,504,24,1.47,1,4,1176,2.6,65,0.19
950.4,388537,26701,25,503,28,1.21,1,4,1176,2.6,25,0.06
951.67,389038,26737,25,501,36,1.26,1,4,1176,2.6,25,0.06
952.82,389540,26781,25,502,44,1.15,1,4,1176,2.6,15,0.03
954.09,390044,26793,25,504,12,1.27,1,4,1176,2.6,195,0.49
955.33,390545,26813,25,501,20,1.25,1,4,1176,2.6,55,0.13
956.67,391047,26849,25,502,36,1.34,1,4,1176,2.6,15,0.05
957.95,391551,26873,25,504,24,1.27,1,4,1176,2.6,75,0.17
959.23,392051,26909,25,500,36,1.29,1,4,1176,2.6,0,0
960.55,392552,26933,25,501,24,1.32,1,4,1176,2.6,20,0.06
961.72,393056,26965,25,504,32,1.17,1,4,1176,2.6,15,0.04
962.9,393558,26985,25,502,20,1.18,1,4,1176,2.6,70,0.17
964.13,394062,27013,25,504,28,1.22,1,4,1176,2.6,155,0.4
965.35,394563,27037,25,501,24,1.23,1,4,1176,2.6,45,0.11
966.5,395067,27073,25,504,36,1.14,1,4,1176,2.6,75,0.16
967.72,395568,27101,25,501,28,1.23,1,4,1176,2.6,60,0.13
969.08,396071,27129,25,503,28,1.36,1,4,1176,2.6,100,0.26
973.68,396572,27197,25,501,68,4.6,1,4,1176,3.37,30,0.07
974.96,397075,27233,25,503,36,1.28,1,4,1176,3.37,105,0.26
976.3,397578,27273,25,503,40,1.34,1,4,1176,3.37,95,0.26
977.65,398081,27297,25,503,24,1.35,1,4,1176,3.37,105,0.23
978.81,398585,27325,25,504,28,1.17,1,4,1176,3.37,235,0.52
979.95,399085,27337,25,500,12,1.14,1,4,1176,3.37,230,0.51
981.06,399587,27357,25,502,20,1.11,1,4,1176,3.37,75,0.17
982.21,400091,27389,25,504,32,1.14,1,4,1176,3.37,130,0.33
983.34,400595,27425,25,504,36,1.13,1,4,1176,3.37,20,0.04
984.56,401097,27449,25,502,24,1.23,1,4,1176,3.37,35,0.08
985.78,401601,27493,25,504,44,1.22,1,4,1176,3.37,25,0.06
986.99,402103,27517,25,502,24,1.2,1,4,1176,3.37,35,0.07
988.07,402603,27545,25,500,28,1.08,1,4,1176,3.37,125,0.24
989.14,403105,27577,25,502,32,1.07,1,4,1176,3.37,130,0.28
990.32,403607,27597,25,502,20,1.18,1,4,1176,3.37,255,0.57
991.48,404108,27621,25,501,24,1.17,1,4,1176,3.37,50,0.12
992.71,404609,27645,25,501,24,1.23,1,4,1176,3.37,185,0.41
993.85,405110,27669,25,501,24,1.14,1,4,1176,3.37,105,0.22
995.02,405610,27693,25,500,24,1.17,1,4,1176,3.37,45,0.11
996.18,406114,27741,25,504,48,1.16,1,4,1176,3.37,35,0.07
997.35,406616,27761,25,502,20,1.17,1,4,1176,3.37,5,0.01
998.57,407120,27801,25,504,40,1.21,1,4,1176,3.37,60,0.14
999.75,407622,27821,25,502,20,1.19,1,4,1176,3.37,70,0.17
1000.87,408125,27857,25,503,36,1.12,1,4,1176,3.37,20,0.04
1001.97,408629,27865,25,504,8,1.1,1,4,1176,3.37,115,0.24
1003.11,409133,27913,25,504,48,1.13,1,4,1176,3.37,35,0.07
1004.25,409637,27925,25,504,12,1.15,1,4,1176,3.37,145,0.37
1005.43,410138,27941,25,501,16,1.18,1,4,1176,3.37,75,0.17
1006.61,410642,27973,25,504,32,1.18,1,4,1176,3.37,55,0.13
1007.83,411145,27981,25,503,8,1.22,1,4,1176,3.37,440,1.05
1009.09,411645,28005,25,500,24,1.26,1,4,1176,3.37,0,0
1010.3,412149,28025,25,504,20,1.21,1,4,1176,3.37,190,0.47
1011.43,412652,28061,25,503,36,1.13,1,4,1176,3.37,60,0.13
1012.53,413156,28089,25,504,28,1.1,1,4,1176,3.37,75,0.17
1013.69,413659,28109,25,503,20,1.16,1,4,1176,3.37,65,0.17
1014.88,414163,28161,25,504,52,1.19,1,4,1176,3.37,70,0.17
1015.96,414666,28189,25,503,28,1.08,1,4,1176,3.37,15,0.03
1017.08,415166,28201,25,500,12,1.12,1,4,1176,3.37,105,0.27
1018.28,415668,28229,25,502,28,1.2,1,4,1176,3.37,25,0.06
1019.42,416170,28257,25,502,28,1.14,1,4,1176,3.37,20,0.04
1020.63,416671,28277,25,501,20,1.22,1,4,1176,3.37,120,0.26
1021.87,417175,28317,25,504,40,1.24,1,4,1176,3.37,20,0.06
1023.22,417675,28365,25,500,48,1.35,1,4,1176,3.37,10,0.02
1024.34,418178,28397,25,503,32,1.12,1,4,1176,3.37,20,0.04
1025.53,418682,28421,25,504,24,1.19,1,4,1176,3.37,175,0.39
1026.83,419186,28449,25,504,28,1.3,1,4,1176,3.37,80,0.2
1028.08,419687,28469,25,501,20,1.25,1,4,1176,3.37,65,0.15
1029.28,420187,28489,25,500,20,1.2,1,4,1176,3.37,150,0.35
1030.44,420690,28529,25,503,40,1.16,1,4,1176,3.37,10,0.02
1031.65,421193,28581,25,503,52,1.21,1,4,1176,3.37,110,0.24
1032.69,421695,28601,25,502,20,1.04,1,4,1176,3.37,160,0.34
1033.76,422199,28633,25,504,32,1.07,1,4,1176,3.37,25,0.06
1034.97,422700,28653,25,501,20,1.21,1,4,1176,3.37,75,0.17
1036.01,423203,28681,25,503,28,1.04,1,4,1176,3.37,80,0.17
1037.22,423706,28709,25,503,28,1.21,1,4,1176,3.37,20,0.05
1038.46,424209,28737,25,503,28,1.24,1,4,1176,3.37,125,0.34
1039.76,424709,28769,25,500,32,1.3,1,4,1176,3.37,0,0
1040.86,425213,28809,25,504,40,1.1,1,4,1176,3.37,30,0.07
1042.06,425715,28829,25,502,20,1.2,1,4,1176,3.37,20,0.05
1043.34,426219,28861,25,504,32,1.28,1,4,1176,3.37,15,0.03
1044.66,426721,28897,25,502,36,1.32,1,4,1176,3.37,120,0.3
1045.72,427221,28921,25,500,24,1.06,1,4,1176,3.37,105,0.22
1046.9,427723,28949,25,502,28,1.18,1,4,1176,3.37,100,0.26
1047.94,428226,28989,25,503,40,1.04,1,4,1176,3.37,10,0.02
1049.4,428728,29013,25,502,24,1.46,1,4,1176,3.37,10,0.03
1050.67,429232,29065,25,504,52,1.28,1,4,1176,3.37,60,0.15
1051.86,429733,29101,25,501,36,1.18,1,4,1176,3.37,20,0.05
1053.16,430236,29129,25,503,28,1.31,1,4,1176,3.37,290,0.79
1054.39,430739,29169,25,503,40,1.23,1,4,1176,3.37,5,0.02
1055.67,431241,29189,25,502,20,1.27,1,4,1176,3.37,50,0.15
1056.86,431743,29217,25,502,28,1.19,1,4,1176,3.37,10,0.02
1058,432245,29257,25,502,40,1.15,1,4,1176,3.37,5,0.01
1059.18,432746,29297,25,501,40,1.18,1,4,1176,3.37,10,0.03
1060.42,433248,29321,25,502,24,1.23,1,4,1176,3.37,30,0.08
1061.58,433749,29349,25,501,28,1.16,1,4,1176,3.37,70,0.15
1062.67,434251,29357,25,502,8,1.09,1,4,1176,3.37,165,0.43
1063.94,434752,29409,25,501,52,1.27,1,4,1176,3.37,50,0.11
1065.17,435252,29445,25,500,36,1.23,1,4,1176,3.37,70,0.16
1066.33,435756,29477,25,504,32,1.16,1,4,1176,3.37,75,0.17
1.01,501,4864,27,501,4864,1.01,3,11.11,281,0.53,15,0.03
2,1001,4864,27,500,0,1,0,0,281,0.53,515,1.03
3.04,1503,4893,27,502,29,1.04,1,3.7,546,1.09,45,0.09
4.09,2007,4905,27,504,12,1.05,1,3.7,546,1.09,90,0.21
5.25,2509,5617,28,502,712,1.16,3,10.71,546,1.09,110,0.21
6.24,3011,5629,28,502,12,0.99,1,3.57,546,1.09,20,0.04
7.2,3513,5637,28,502,8,0.96,1,3.57,546,1.09,55,0.1
8.2,4017,5645,28,504,8,1,1,3.57,546,1.09,110,0.21
9.27,4520,5661,28,503,16,1.07,2,7.14,546,1.09,10,0.02
10.37,5021,5705,28,501,44,1.1,1,3.57,546,1.09,240,0.47
11.39,5525,5709,28,504,4,1.02,1,3.57,554,1.14,190,0.36
12.39,6028,5729,28,503,20,1,1,3.57,554,1.14,190,0.39
13.42,6528,5749,28,500,20,1.03,1,3.57,554,1.14,0,0
14.47,7032,5765,28,504,16,1.05,2,7.14,554,1.14,45,0.08
15.49,7533,5769,28,501,4,1.02,1,3.57,554,1.14,370,0.73
16.49,8034,5773,28,501,4,1,1,3.57,636,1.29,235,0.44
17.5,8537,5789,28,503,16,1.01,2,7.14,636,1.29,115,0.22
18.52,9037,5801,28,500,12,1.02,1,3.57,636,1.29,235,0.46
19.62,9537,5821,28,500,20,1.1,1,3.57,636,1.29,70,0.16
20.69,10040,5845,28,503,24,1.07,1,3.57,636,1.29,15,0.04
21.74,10540,5861,28,500,16,1.06,1,3.57,636,1.29,200,0.41
22.84,11040,5885,28,500,24,1.1,1,3.57,636,1.29,35,0.06
23.83,11543,5905,28,503,20,0.99,2,7.14,636,1.29,20,0.04
24.86,12046,5937,28,503,32,1.04,1,3.57,636,1.29,105,0.21
25.84,12547,5945,28,501,8,0.98,1,3.57,636,1.29,90,0.16
26.85,13048,5949,28,501,4,1.01,1,3.57,636,1.29,360,0.76
27.89,13548,5973,28,500,24,1.04,1,3.57,636,1.29,85,0.18
28.95,14051,5997,28,503,24,1.06,1,3.57,636,1.29,25,0.06
30.09,14551,6013,28,500,16,1.15,1,3.57,636,1.29,40,0.09
31.24,15054,6037,28,503,24,1.15,1,3.57,636,1.29,15,0.03
32.29,15557,6057,28,503,20,1.05,1,3.57,636,1.29,310,0.65
33.44,16059,6093,28,502,36,1.15,2,7.14,636,1.29,255,0.56
34.57,16559,6117,28,500,24,1.13,2,7.14,636,1.29,0,0
35.7,17061,6125,28,502,8,1.13,1,3.57,636,1.29,35,0.07
36.87,17565,6149,28,504,24,1.17,1,3.57,636,1.29,80,0.19
38.05,18066,6153,28,501,4,1.18,1,3.57,636,1.29,85,0.2
39.22,18569,6165,28,503,12,1.17,1,3.57,636,1.29,165,0.38
40.32,19069,6177,28,500,12,1.1,1,3.57,636,1.29,290,0.65
41.49,19571,6201,28,502,24,1.17,1,3.57,636,1.29,125,0.29
42.58,20072,6229,28,501,28,1.1,1,3.57,636,1.29,15,0.03
43.76,20576,6257,28,504,28,1.18,1,3.57,636,1.29,85,0.18
44.96,21079,6301,28,503,44,1.21,1,3.57,636,1.29,40,0.1
46,21582,6337,28,503,36,1.04,1,3.57,636,1.29,45,0.11
47.11,22084,6365,28,502,28,1.11,2,7.14,636,1.29,40,0.09
48.29,22587,6397,28,503,32,1.18,1,3.57,636,1.29,65,0.15
49.44,23088,6421,28,501,24,1.15,1,3.57,636,1.29,125,0.28
50.48,23590,6445,28,502,24,1.05,1,3.57,636,1.29,165,0.33
51.55,24093,6473,28,503,28,1.06,1,3.57,636,1.29,110,0.24
52.59,24594,6489,28,501,16,1.04,1,3.57,636,1.29,15,0.02
53.77,25097,6509,28,503,20,1.18,1,3.57,636,1.29,50,0.12
54.93,25597,6525,28,500,16,1.15,1,3.57,636,1.29,5,0.01
56,26101,6557,28,504,32,1.07,1,3.57,636,1.29,5,0.01
57.03,26601,6589,28,500,32,1.03,1,3.57,636,1.29,25,0.04
58.2,27104,6601,28,503,12,1.17,1,3.57,636,1.29,15,0.04
59.33,27605,6633,28,501,32,1.14,1,3.57,636,1.29,125,0.27
60.5,28108,6645,28,503,12,1.16,1,3.57,636,1.29,45,0.11
61.56,28610,6665,28,502,20,1.06,1,3.57,636,1.29,185,0.39
62.65,29110,6697,28,500,32,1.09,1,3.57,636,1.29,5,0.01
63.71,29614,6721,28,504,24,1.06,1,3.57,636,1.29,40,0.08
64.8,30118,6761,28,504,40,1.09,1,3.57,636,1.29,100,0.2
65.95,30620,6777,28,502,16,1.15,1,3.57,636,1.29,40,0.09
67.05,31124,6793,28,504,16,1.1,1,3.57,636,1.29,5,0.01
68.16,31628,6829,28,504,36,1.11,1,3.57,636,1.29,35,0.08
69.35,32131,6853,28,503,24,1.19,1,3.57,636,1.29,20,0.04
70.57,32634,6889,28,503,36,1.22,1,3.57,636,1.29,75,0.17
71.77,33138,6917,28,504,28,1.2,1,3.57,636,1.29,5,0.02
72.89,33640,6941,28,502,24,1.13,1,3.57,636,1.29,75,0.15
74.07,34142,6961,28,502,20,1.18,1,3.57,636,1.29,5,0.02
75.22,34645,6981,28,503,20,1.15,1,3.57,636,1.29,165,0.36
76.43,35145,7021,28,500,40,1.21,1,3.57,636,1.29,30,0.06
77.63,35647,7045,28,502,24,1.2,1,3.57,636,1.29,50,0.11
78.79,36151,7069,28,504,24,1.17,1,3.57,636,1.29,90,0.21
79.92,36652,7101,28,501,32,1.13,1,3.57,636,1.29,65,0.15
81.03,37152,7117,28,500,16,1.1,1,3.57,636,1.29,25,0.06
82.12,37654,7165,28,502,48,1.09,1,3.57,636,1.29,10,0.02
83.27,38155,7193,28,501,28,1.15,1,3.57,636,1.29,15,0.05
84.5,38658,7201,28,503,8,1.23,1,3.57,636,1.29,140,0.32
85.66,39158,7217,28,500,16,1.17,1,3.57,636,1.29,95,0.22
86.81,39660,7253,28,502,36,1.14,1,3.57,636,1.29,35,0.1
88,40163,7265,28,503,12,1.19,1,3.57,636,1.29,250,0.63
89.2,40663,7297,28,500,32,1.2,1,3.57,636,1.29,20,0.05
90.36,41163,7305,28,500,8,1.17,1,3.57,636,1.29,135,0.28
91.44,41666,7341,28,503,36,1.07,1,3.57,636,1.29,35,0.09
92.53,42167,7361,28,501,20,1.1,1,3.57,636,1.29,75,0.17
93.76,42670,7405,28,503,44,1.23,1,3.57,636,1.29,80,0.18
94.85,43172,7433,28,502,28,1.08,1,3.57,636,1.29,30,0.07
95.99,43673,7453,28,501,20,1.15,1,3.57,636,1.29,5,0.01
97.07,44177,7473,28,504,20,1.08,1,3.57,636,1.29,140,0.29
98.19,44679,7485,28,502,12,1.12,1,3.57,636,1.29,100,0.23
99.37,45179,7521,28,500,36,1.18,1,3.57,636,1.29,35,0.08
100.51,45680,7545,28,501,24,1.14,1,3.57,636,1.29,95,0.21
101.77,46182,7569,28,502,24,1.26,1,3.57,636,1.29,55,0.14
102.88,46683,7597,28,501,28,1.11,1,3.57,636,1.29,225,0.49
104.07,47184,7641,28,501,44,1.18,1,3.57,636,1.29,10,0.02
105.14,47684,7677,28,500,36,1.08,1,3.57,636,1.29,0,0
106.28,48185,7701,28,501,24,1.13,1,3.57,636,1.29,10,0.02
107.56,48688,7721,28,503,20,1.29,1,3.57,636,1.29,20,0.05
108.8,49192,7753,28,504,32,1.24,1,3.57,636,1.29,10,0.03
109.93,49693,7769,28,501,16,1.13,1,3.57,636,1.29,45,0.1
111.21,50196,7809,28,503,40,1.29,1,3.57,636,1.29,30,0.09
112.47,50698,7837,28,502,28,1.26,1,3.57,636,1.29,85,0.21
113.62,51198,7865,28,500,28,1.15,1,3.57,636,1.29,40,0.06
114.8,51700,7889,28,502,24,1.18,1,3.57,636,1.29,95,0.21
115.99,52203,7913,28,503,24,1.19,1,3.57,636,1.29,170,0.42
117.12,52705,7937,28,502,24,1.13,1,3.57,636,1.29,150,0.35
118.35,53208,7957,28,503,20,1.23,1,3.57,636,1.29,105,0.22
119.51,53709,7993,28,501,36,1.16,1,3.57,636,1.29,5,0.01
120.68,54210,8017,28,501,24,1.18,1,3.57,636,1.29,90,0.24
121.91,54713,8045,28,503,28,1.23,1,3.57,636,1.29,125,0.28
123.2,55217,8081,28,504,36,1.29,1,3.57,636,1.29,155,0.38
124.42,55717,8101,28,500,20,1.22,1,3.57,636,1.29,25,0.07
125.58,56221,8145,28,504,44,1.16,1,3.57,636,1.29,50,0.12
126.71,56725,8177,28,504,32,1.13,1,3.57,636,1.29,155,0.33
127.87,57229,8209,28,504,32,1.16,1,3.57,636,1.29,20,0.05
128.99,57732,8233,28,503,24,1.11,1,3.57,636,1.29,115,0.3
130.1,58233,8257,28,501,24,1.12,1,3.57,636,1.29,25,0.06
131.16,58735,8289,28,502,32,1.06,1,3.57,636,1.29,70,0.15
132.29,59239,8313,28,504,24,1.13,1,3.57,636,1.29,15,0.04
133.48,59739,8345,28,500,32,1.18,1,3.57,636,1.29,25,0.06
134.65,60243,8377,28,504,32,1.17,1,3.57,636,1.29,15,0.03
135.9,60747,8425,28,504,48,1.25,1,3.57,636,1.29,45,0.11
136.95,61250,8461,28,503,36,1.05,1,3.57,636,1.29,35,0.08
138.18,61752,8481,28,502,20,1.23,1,3.57,636,1.29,90,0.2
139.36,62256,8501,28,504,20,1.18,1,3.57,636,1.29,140,0.35
140.56,62760,8529,28,504,28,1.2,1,3.57,636,1.29,65,0.16
141.7,63262,8549,28,502,20,1.14,1,3.57,636,1.29,50,0.1
142.88,63763,8589,28,501,40,1.19,1,3.57,636,1.29,30,0.07
144,64263,8649,28,500,60,1.12,1,3.57,636,1.29,0,0
145.18,64763,8681,28,500,32,1.18,1,3.57,636,1.29,55,0.13
146.37,65264,8693,28,501,12,1.18,1,3.57,636,1.29,95,0.23
147.52,65765,8741,28,501,48,1.15,1,3.57,636,1.29,160,0.36
148.64,66269,8785,28,504,44,1.12,1,3.57,636,1.29,25,0.05
149.75,66773,8809,28,504,24,1.12,1,3.57,636,1.29,115,0.27
150.86,67273,8837,28,500,28,1.1,1,3.57,636,1.29,45,0.11
152.04,67775,8853,28,502,16,1.19,1,3.57,636,1.29,85,0.22
153.25,68277,8889,28,502,36,1.21,1,3.57,636,1.29,55,0.12
154.44,68781,8921,28,504,32,1.18,1,3.57,636,1.29,10,0.03
155.61,69283,8941,28,502,20,1.17,1,3.57,636,1.29,190,0.45
156.81,69786,8953,28,503,12,1.2,1,3.57,636,1.29,135,0.3
158.03,70288,8973,28,502,20,1.23,1,3.57,636,1.29,75,0.18
159.27,70791,9001,28,503,28,1.24,1,3.57,636,1.29,30,0.07
160.48,71291,9017,28,500,16,1.2,1,3.57,636,1.29,25,0.05
161.54,71793,9037,28,502,20,1.06,1,3.57,636,1.29,30,0.05
162.64,72294,9057,28,501,20,1.1,1,3.57,636,1.29,125,0.25
163.77,72797,9081,28,503,24,1.14,1,3.57,636,1.29,85,0.22
164.97,73300,9105,28,503,24,1.2,1,3.57,636,1.29,25,0.07
166.22,73802,9125,28,502,20,1.25,1,3.57,636,1.29,65,0.15
167.39,74302,9153,28,500,28,1.17,1,3.57,636,1.29,55,0.12
168.54,74803,9173,28,501,20,1.14,1,3.57,636,1.29,215,0.51
169.71,75305,9217,28,502,44,1.17,1,3.57,636,1.29,45,0.11
171,75809,9253,28,504,36,1.28,1,3.57,636,1.29,10,0.02
172.16,76310,9281,28,501,28,1.16,1,3.57,636,1.29,25,0.06
173.36,76814,9297,28,504,16,1.21,1,3.57,636,1.29,45,0.11
174.5,77314,9325,28,500,28,1.14,1,3.57,636,1.29,175,0.42
175.8,77817,9333,28,503,8,1.3,1,3.57,636,1.29,235,0.6
176.93,78320,9365,28,503,32,1.13,1,3.57,636,1.29,10,0.02
178,78823,9409,28,503,44,1.07,1,3.57,636,1.29,5,0.01
179.16,79327,9441,28,504,32,1.16,1,3.57,636,1.29,10,0.02
180.33,79827,9469,28,500,28,1.17,1,3.57,636,1.29,55,0.17
181.55,80330,9517,28,503,48,1.22,1,3.57,636,1.29,45,0.09
182.67,80833,9529,28,503,12,1.12,1,3.57,636,1.29,135,0.34
183.98,81335,9569,28,502,40,1.3,1,3.57,636,1.29,10,0.04
185.14,81839,9597,28,504,28,1.16,1,3.57,636,1.29,105,0.23
186.27,82342,9629,28,503,32,1.13,1,3.57,636,1.29,50,0.12
187.47,82845,9665,28,503,36,1.2,1,3.57,636,1.29,70,0.19
188.63,83349,9705,28,504,40,1.17,1,3.57,636,1.29,40,0.09
189.73,83853,9721,28,504,16,1.1,1,3.57,636,1.29,250,0.51
190.89,84355,9749,28,502,28,1.16,1,3.57,636,1.29,40,0.09
192.02,84859,9769,28,504,20,1.13,1,3.57,636,1.29,65,0.13
193.09,85360,9781,28,501,12,1.07,1,3.57,636,1.29,185,0.36
194.08,85864,9809,28,504,28,1,1,3.57,636,1.29,180,0.35
195.21,86366,9841,28,502,32,1.12,1,3.57,636,1.29,50,0.11
196.31,86867,9885,28,501,44,1.1,1,3.57,636,1.29,30,0.07
197.49,87370,9909,28,503,24,1.19,1,3.57,636,1.29,5,0.01
198.58,87874,9929,28,504,20,1.08,1,3.57,636,1.29,250,0.48
199.69,88376,9945,28,502,16,1.12,1,3.57,636,1.29,20,0.04
200.9,88876,9969,28,500,24,1.21,1,3.57,636,1.29,20,0.04
202.01,89379,9993,28,503,24,1.11,1,3.57,636,1.29,5,0.01
203.23,89882,10005,28,503,12,1.22,1,3.57,636,1.29,30,0.06
204.38,90383,10045,28,501,40,1.14,1,3.57,636,1.29,5,0.01
205.5,90884,10061,28,501,16,1.13,1,3.57,636,1.29,445,1.01
206.68,91385,10081,28,501,20,1.18,1,3.57,636,1.29,50,0.12
207.78,91885,10097,28,500,16,1.1,1,3.57,636,1.29,10,0.02
208.91,92385,10129,28,500,32,1.13,1,3.57,636,1.29,10,0.02
210,92889,10173,28,504,44,1.09,1,3.57,636,1.29,10,0.03
211.16,93389,10193,28,500,20,1.17,1,3.57,636,1.29,0,0
212.29,93891,10233,28,502,40,1.12,1,3.57,636,1.29,85,0.16
213.41,94391,10261,28,500,28,1.12,1,3.57,636,1.29,35,0.1
214.56,94893,10293,28,502,32,1.16,1,3.57,636,1.29,45,0.1
215.76,95396,10305,28,503,12,1.19,1,3.57,636,1.29,50,0.1
216.82,95898,10337,28,502,32,1.06,1,3.57,636,1.29,5,0.01
218.04,96401,10377,28,503,40,1.22,1,3.57,636,1.29,20,0.05
219.16,96904,10401,28,503,24,1.12,1,3.57,636,1.29,15,0.03
220.31,97407,10449,28,503,48,1.14,1,3.57,636,1.29,35,0.07
221.46,97908,10465,28,501,16,1.16,1,3.57,636,1.29,55,0.13
222.61,98411,10509,28,503,44,1.15,1,3.57,636,1.29,110,0.22
223.75,98912,10537,28,501,28,1.14,1,3.57,636,1.29,60,0.12
224.77,99413,10581,28,501,44,1.02,1,3.57,636,1.29,5,0.01
225.92,99917,10629,28,504,48,1.15,1,3.57,636,1.29,55,0.1
227.07,100419,10665,28,502,36,1.15,1,3.57,636,1.29,55,0.13
228.2,100920,10681,28,501,16,1.13,1,3.57,636,1.29,110,0.22
229.28,101420,10713,28,500,32,1.08,1,3.57,636,1.29,60,0.12
230.53,101923,10741,28,503,28,1.25,1,3.57,636,1.29,205,0.51
231.65,102426,10769,28,503,28,1.12,1,3.57,636,1.29,35,0.07
232.84,102926,10785,28,500,16,1.19,1,3.57,636,1.29,65,0.14
234.04,103428,10809,28,502,24,1.2,1,3.57,636,1.29,140,0.36
235.37,103929,10865,28,501,56,1.33,1,3.57,636,1.29,45,0.1
236.73,104431,10873,28,502,8,1.35,1,3.57,636,1.29,15,0.03
237.83,104934,10901,28,503,28,1.11,1,3.57,636,1.29,85,0.22
239.08,105436,10933,28,502,32,1.25,1,3.57,636,1.29,60,0.14
240.3,105936,10961,28,500,28,1.21,1,3.57,636,1.29,45,0.13
241.49,106438,10973,28,502,12,1.2,1,3.57,636,1.29,225,0.52
242.65,106942,10985,28,504,12,1.16,1,3.57,636,1.29,310,0.7
243.82,107443,10989,28,501,4,1.17,1,3.57,636,1.29,410,0.96
244.94,107945,11009,28,502,20,1.11,1,3.57,636,1.29,180,0.38
246.09,108448,11037,28,503,28,1.15,1,3.57,636,1.29,5,0.01
247.12,108949,11065,28,501,28,1.03,1,3.57,636,1.29,135,0.3
248.21,109451,11121,28,502,56,1.09,1,3.57,636,1.29,45,0.1
249.41,109955,11157,28,504,36,1.2,1,3.57,636,1.29,80,0.2
250.53,110456,11189,28,501,32,1.12,1,3.57,636,1.29,35,0.09
251.73,110959,11213,28,503,24,1.2,1,3.57,636,1.29,15,0.03
252.98,111462,11257,28,503,44,1.26,1,3.57,636,1.29,15,0.04
254.12,111965,11285,28,503,28,1.14,1,3.57,636,1.29,100,0.21
255.41,112468,11321,28,503,36,1.29,1,3.57,636,1.29,105,0.47
257.25,112971,11345,28,503,24,1.84,1,3.57,636,1.29,5,0.02
258.43,113472,11377,28,501,32,1.18,1,3.57,636,1.29,10,0.03
259.68,113975,11385,28,503,8,1.24,1,3.57,636,1.29,250,0.59
260.8,114478,11413,28,503,28,1.13,1,3.57,636,1.29,35,0.11
262.05,114980,11457,28,502,44,1.24,1,3.57,636,1.29,70,0.16
263.31,115482,11497,28,502,40,1.26,1,3.57,636,1.29,15,0.05
264.51,115984,11533,28,502,36,1.21,1,3.57,636,1.29,5,0.01
265.68,116485,11537,28,501,4,1.17,1,3.57,636,1.29,20,0.04
266.98,116989,11577,28,504,40,1.29,1,3.57,636,1.29,30,0.07
268.24,117492,11593,28,503,16,1.26,1,3.57,636,1.29,80,0.17
269.42,117994,11617,28,502,24,1.18,1,3.57,636,1.29,10,0.03
270.56,118495,11649,28,501,32,1.15,1,3.57,636,1.29,65,0.14
271.82,118995,11693,28,500,44,1.25,1,3.57,636,1.29,25,0.06
272.99,119498,11725,28,503,32,1.17,1,3.57,636,1.29,5,0.01
274.23,119998,11757,28,500,32,1.25,1,3.57,636,1.29,15,0.04
275.43,120502,11797,28,504,40,1.2,1,3.57,636,1.29,40,0.08
276.58,121005,11821,28,503,24,1.15,1,3.57,636,1.29,95,0.24
277.87,121509,11849,28,504,28,1.28,1,3.57,636,1.29,50,0.16
279.31,122013,11909,28,504,60,1.44,1,3.57,636,1.29,20,0.05
280.87,122517,11945,28,504,36,1.56,1,3.57,636,1.29,70,0.21
282.19,123017,11981,28,500,36,1.32,1,3.57,636,1.29,35,0.07
283.58,123521,12001,28,504,20,1.38,1,3.57,636,1.29,75,0.23
284.95,124024,12025,28,503,24,1.37,1,3.57,636,1.29,35,0.1
286.22,124524,12041,28,500,16,1.27,1,3.57,636,1.29,110,0.25
287.43,125025,12065,28,501,24,1.21,1,3.57,636,1.29,40,0.1
288.63,125526,12101,28,501,36,1.21,1,3.57,636,1.29,95,0.2
289.87,126028,12121,28,502,20,1.23,1,3.57,636,1.29,195,0.47
291,126529,12137,28,501,16,1.13,1,3.57,636,1.29,15,0.04
292.28,127029,12165,28,500,28,1.29,1,3.57,636,1.29,15,0.04
293.55,127532,12181,28,503,16,1.26,1,3.57,636,1.29,65,0.18
294.85,128036,12225,28,504,44,1.3,1,3.57,636,1.29,20,0.06
296.06,128538,12265,28,502,40,1.21,1,3.57,636,1.29,55,0.13
297.32,129039,12289,28,501,24,1.26,1,3.57,636,1.29,50,0.11
298.54,129542,12297,28,503,8,1.22,1,3.57,636,1.29,115,0.28
299.73,130044,12333,28,502,36,1.19,1,3.57,636,1.29,70,0.17
300.97,130545,12341,28,501,8,1.24,1,3.57,636,1.29,300,0.72
302.11,131046,12361,28,501,20,1.14,1,3.57,636,1.29,80,0.18
303.29,131546,12393,28,500,32,1.17,1,3.57,636,1.29,20,0.06
304.58,132046,12449,28,500,56,1.29,1,3.57,636,1.29,0,0
305.81,132549,12481,28,503,32,1.23,1,3.57,636,1.29,45,0.12
306.94,133049,12501,28,500,20,1.14,1,3.57,636,1.29,85,0.21
308.14,133552,12533,28,503,32,1.19,1,3.57,636,1.29,95,0.22
309.25,134054,12557,28,502,24,1.12,1,3.57,636,1.29,170,0.38
310.43,134554,12589,28,500,32,1.18,1,3.57,636,1.29,15,0.03
311.64,135055,12613,28,501,24,1.21,1,3.57,636,1.29,70,0.19
312.8,135559,12629,28,504,16,1.16,1,3.57,636,1.29,10,0.02
313.99,136063,12661,28,504,32,1.19,1,3.57,636,1.29,35,0.08
315.12,136567,12673,28,504,12,1.13,1,3.57,636,1.29,25,0.05
316.18,137067,12709,28,500,36,1.06,1,3.57,636,1.29,0,0
317.28,137567,12745,28,500,36,1.1,1,3.57,636,1.29,35,0.09
318.45,138070,12753,28,503,8,1.17,1,3.57,636,1.29,345,0.8
319.51,138574,12781,28,504,28,1.05,1,3.57,636,1.29,55,0.1
320.7,139074,12817,28,500,36,1.19,1,3.57,636,1.29,150,0.36
321.85,139578,12849,28,504,32,1.15,1,3.57,636,1.29,5,0.01
322.99,140080,12869,28,502,20,1.14,1,3.57,636,1.29,15,0.03
324.19,140582,12901,28,502,32,1.2,1,3.57,636,1.29,115,0.27
325.43,141082,12917,28,500,16,1.23,1,3.57,636,1.29,120,0.32
326.67,141586,12949,28,504,32,1.24,1,3.57,636,1.29,75,0.17
327.91,142088,12969,28,502,20,1.24,1,3.57,636,1.29,10,0.02
329.07,142591,13001,28,503,32,1.16,1,3.57,636,1.29,85,0.21
330.32,143092,13009,28,501,8,1.25,1,3.57,636,1.29,95,0.26
331.58,143593,13053,28,501,44,1.26,1,3.57,636,1.29,15,0.03
332.87,144093,13101,28,500,48,1.29,1,3.57,636,1.29,15,0.05
334.08,144594,13125,28,501,24,1.21,1,3.57,636,1.29,10,0.01
335.25,145094,13165,28,500,40,1.17,1,3.57,636,1.29,90,0.2
336.52,145597,13193,28,503,28,1.27,1,3.57,636,1.29,145,0.37
337.69,146097,13221,28,500,28,1.17,1,3.57,636,1.29,95,0.24
338.95,146599,13249,28,502,28,1.26,1,3.57,636,1.29,20,0.05
340.16,147099,13269,28,500,20,1.21,1,3.57,636,1.29,0,0
341.27,147601,13285,28,502,16,1.11,1,3.57,636,1.29,100,0.25
342.49,148103,13313,28,502,28,1.22,1,3.57,636,1.29,140,0.31
343.67,148603,13345,28,500,32,1.18,1,3.57,636,1.29,5,0.02
344.92,149105,13377,28,502,32,1.25,1,3.57,636,1.29,65,0.15
346.05,149605,13409,28,500,32,1.13,1,3.57,636,1.29,5,0.01
347.23,150108,13445,28,503,36,1.18,1,3.57,636,1.29,200,0.44
348.42,150611,13473,28,503,28,1.2,1,3.57,636,1.29,15,0.03
349.55,151113,13501,28,502,28,1.13,1,3.57,636,1.29,35,0.08
350.67,151615,13513,28,502,12,1.12,1,3.57,636,1.29,0,0
351.83,152115,13529,28,500,16,1.16,1,3.57,636,1.29,5,0.01
353.12,152617,13557,28,502,28,1.29,1,3.57,636,1.29,55,0.13
354.33,153117,13593,28,500,36,1.22,1,3.57,636,1.29,35,0.08
355.53,153617,13617,28,500,24,1.2,1,3.57,636,1.29,80,0.16
356.57,154120,13657,28,503,40,1.04,1,3.57,636,1.29,85,0.17
357.78,154624,13717,28,504,60,1.21,1,3.57,636,1.29,20,0.05
358.95,155125,13741,28,501,24,1.17,1,3.57,636,1.29,65,0.17
360.12,155629,13757,28,504,16,1.17,1,3.57,636,1.29,265,0.63
361.3,156129,13789,28,500,32,1.18,2,7.14,636,1.29,95,0.22
362.52,156630,13825,28,501,36,1.22,1,3.57,636,1.29,15,0.04
363.72,157131,13845,28,501,20,1.2,1,3.57,636,1.29,105,0.21
364.86,157631,13869,28,500,24,1.14,1,3.57,636,1.29,85,0.2
366.13,158132,13905,28,501,36,1.27,1,3.57,636,1.29,0,0
367.37,158633,13941,28,501,36,1.24,1,3.57,636,1.29,15,0.04
368.59,159135,13969,28,502,28,1.21,1,3.57,636,1.29,5,0.01
369.78,159635,13993,28,500,24,1.2,1,3.57,636,1.29,95,0.22
370.99,160136,14013,28,501,20,1.2,1,3.57,636,1.29,35,0.09
372.17,160640,14069,28,504,56,1.19,1,3.57,636,1.29,55,0.12
373.39,161141,14097,28,501,28,1.22,1,3.57,636,1.29,10,0.02
374.6,161644,14129,28,503,32,1.21,1,3.57,636,1.29,50,0.11
375.76,162148,14157,28,504,28,1.16,1,3.57,636,1.29,80,0.18
376.8,162652,14213,28,504,56,1.04,1,3.57,636,1.29,55,0.1
377.91,163153,14249,28,501,36,1.1,1,3.57,636,1.29,140,0.34
379.15,163653,14281,28,500,32,1.24,1,3.57,636,1.29,55,0.13
380.19,164157,14309,28,504,28,1.04,1,3.57,636,1.29,50,0.1
381.34,164660,14369,28,503,60,1.15,1,3.57,636,1.29,55,0.12
382.54,165161,14397,28,501,28,1.19,1,3.57,636,1.29,75,0.17
383.72,165662,14417,28,501,20,1.18,1,3.57,636,1.29,90,0.22
384.79,166163,14441,28,501,24,1.07,1,3.57,636,1.29,60,0.14
386.02,166666,14489,28,503,48,1.23,1,3.57,636,1.29,60,0.14
387.15,167168,14513,28,502,24,1.13,1,3.57,636,1.29,125,0.27
388.37,167669,14549,28,501,36,1.22,1,3.57,636,1.29,115,0.25
389.64,168171,14581,28,502,32,1.28,1,3.57,636,1.29,20,0.04
390.75,168673,14609,28,502,28,1.11,1,3.57,636,1.29,5,0.01
391.94,169177,14649,28,504,40,1.19,1,3.57,636,1.29,10,0.02
393.14,169678,14661,28,501,12,1.2,1,3.57,636,1.29,340,0.81
394.35,170181,14701,28,503,40,1.2,1,3.57,636,1.29,25,0.04
395.5,170684,14713,28,503,12,1.15,1,3.57,636,1.29,60,0.13
396.7,171187,14753,28,503,40,1.2,1,3.57,636,1.29,35,0.08
397.86,171690,14777,28,503,24,1.17,1,3.57,636,1.29,25,0.05
399.1,172191,14797,28,501,20,1.24,1,3.57,636,1.29,40,0.12
400.5,172693,14841,28,502,44,1.4,1,3.57,636,1.29,40,0.09
401.68,173193,14869,28,500,28,1.18,1,3.57,636,1.29,25,0.07
402.82,173693,14897,28,500,28,1.13,1,3.57,636,1.29,0,0
403.96,174193,14945,28,500,48,1.14,1,3.57,636,1.29,50,0.11
405.19,174694,14969,28,501,24,1.23,1,3.57,636,1.29,120,0.28
406.4,175196,14985,28,502,16,1.21,1,3.57,636,1.29,65,0.17
407.71,175696,15009,28,500,24,1.3,1,3.57,636,1.29,30,0.07
408.89,176197,15025,28,501,16,1.18,1,3.57,636,1.29,120,0.26
410.04,176700,15045,28,503,20,1.15,1,3.57,636,1.29,145,0.38
411.3,177203,15073,28,503,28,1.26,1,3.57,636,1.29,40,0.12
412.69,177703,15085,28,500,12,1.39,1,3.57,636,1.29,235,0.61
413.95,178204,15105,28,501,20,1.25,1,3.57,636,1.29,245,0.61
415.23,178706,15141,28,502,36,1.28,1,3.57,636,1.29,55,0.15
416.52,179210,15145,28,504,4,1.29,1,3.57,636,1.29,435,1.1
417.67,179712,15169,28,502,24,1.15,1,3.57,636,1.29,30,0.07
418.83,180212,15185,28,500,16,1.16,1,3.57,636,1.29,180,0.46
420.07,180714,15217,28,502,32,1.24,1,3.57,636,1.29,35,0.09
421.14,181216,15237,28,502,20,1.07,1,3.57,636,1.29,5,0.01
422.08,181717,15277,28,501,40,0.94,1,3.57,636,1.29,115,0.23
423.18,182221,15301,28,504,24,1.1,1,3.57,636,1.29,10,0.02
424.4,182725,15313,28,504,12,1.21,1,3.57,636,1.29,125,0.32
425.64,183225,15341,28,500,28,1.24,1,3.57,636,1.29,265,0.65
426.84,183727,15369,28,502,28,1.2,1,3.57,636,1.29,80,0.18
427.96,184229,15401,28,502,32,1.12,1,3.57,636,1.29,145,0.32
429.38,184731,15433,28,502,32,1.42,1,3.57,636,1.29,45,0.1
430.53,185232,15461,28,501,28,1.15,2,7.14,636,1.29,95,0.23
431.71,185733,15497,28,501,36,1.19,1,3.57,636,1.29,25,0.07
432.89,186237,15549,28,504,52,1.17,1,3.57,636,1.29,0,0
434.07,186737,15585,28,500,36,1.18,1,3.57,636,1.29,105,0.23
435.23,187237,15617,28,500,32,1.16,1,3.57,636,1.29,120,0.29
436.56,187738,15641,28,501,24,1.33,1,3.57,636,1.29,25,0.06
437.61,188240,15661,28,502,20,1.04,1,3.57,636,1.29,10,0.02
438.69,188743,15673,28,503,12,1.08,1,3.57,636,1.29,50,0.12
439.83,189247,15693,28,504,20,1.14,1,3.57,636,1.29,80,0.19
440.97,189749,15705,28,502,12,1.14,1,3.57,636,1.29,35,0.06
442.23,190249,15729,28,500,24,1.26,1,3.57,636,1.29,55,0.13
443.41,190752,15749,28,503,20,1.18,1,3.57,636,1.29,15,0.03
444.57,191254,15769,28,502,20,1.16,1,3.57,636,1.29,170,0.38
445.75,191758,15809,28,504,40,1.18,1,3.57,636,1.29,25,0.05
446.91,192258,15821,28,500,12,1.16,1,3.57,636,1.29,45,0.09
448.06,192762,15857,28,504,36,1.15,1,3.57,636,1.29,75,0.19
449.23,193262,15889,28,500,32,1.17,1,3.57,636,1.29,145,0.35
450.35,193764,15913,28,502,24,1.12,1,3.57,636,1.29,10,0.02
451.54,194265,15957,28,501,44,1.2,1,3.57,636,1.29,35,0.09
452.69,194768,15997,28,503,40,1.15,1,3.57,636,1.29,25,0.05
453.81,195268,16029,28,500,32,1.12,1,3.57,636,1.29,135,0.29
454.98,195769,16049,28,501,20,1.17,1,3.57,636,1.29,25,0.06
456.18,196273,16085,28,504,36,1.2,1,3.57,636,1.29,5,0.01
457.28,196776,16121,28,503,36,1.1,1,3.57,636,1.29,25,0.05
458.55,197277,16145,28,501,24,1.27,1,3.57,636,1.29,80,0.24
459.64,197779,16185,28,502,40,1.09,1,3.57,636,1.29,45,0.1
460.79,198280,16245,28,501,60,1.14,1,3.57,636,1.29,5,0.01
462.02,198783,16273,28,503,28,1.24,1,3.57,636,1.29,30,0.05
463.21,199286,16313,28,503,40,1.18,1,3.57,636,1.29,65,0.16
464.37,199788,16337,28,502,24,1.16,1,3.57,636,1.29,20,0.05
465.41,200291,16381,28,503,44,1.04,1,3.57,636,1.29,105,0.22
466.54,200794,16417,28,503,36,1.13,1,3.57,636,1.29,25,0.06
467.72,201297,16445,28,503,28,1.19,1,3.57,636,1.29,30,0.07
468.81,201798,16477,28,501,32,1.08,1,3.57,636,1.29,85,0.17
469.83,202302,16509,28,504,32,1.02,1,3.57,636,1.29,5,0.01
470.89,202802,16529,28,500,20,1.06,1,3.57,636,1.29,25,0.06
471.97,203302,16565,28,500,36,1.08,1,3.57,636,1.29,10,0.02
473.08,203804,16569,28,502,4,1.12,1,3.57,636,1.29,455,1
474.21,204304,16621,28,500,52,1.12,1,3.57,636,1.29,5,0.01
475.31,204805,16625,28,501,4,1.11,1,3.57,636,1.29,290,0.65
476.39,205305,16633,28,500,8,1.08,1,3.57,682,1.47,60,0.14
477.45,205809,16673,28,504,40,1.06,1,3.57,682,1.47,20,0.05
478.68,206313,16717,28,504,44,1.23,1,3.57,682,1.47,65,0.13
479.77,206813,16757,28,500,40,1.09,1,3.57,682,1.47,5,0.01
480.86,207315,16789,28,502,32,1.09,1,3.57,682,1.47,25,0.06
482.03,207818,16821,28,503,32,1.17,1,3.57,682,1.47,20,0.05
483.17,208320,16845,28,502,24,1.14,1,3.57,682,1.47,75,0.19
484.26,208822,16885,28,502,40,1.08,1,3.57,682,1.47,10,0.03
485.41,209326,16901,28,504,16,1.15,1,3.57,682,1.47,30,0.06
486.55,209828,16925,28,502,24,1.14,1,3.57,682,1.47,115,0.26
487.66,210330,16961,28,502,36,1.11,1,3.57,682,1.47,50,0.1
488.92,210832,16993,28,502,32,1.26,1,3.57,682,1.47,40,0.11
490.14,211336,17025,28,504,32,1.22,1,3.57,682,1.47,30,0.06
491.27,211839,17065,28,503,40,1.13,1,3.57,682,1.47,10,0.03
492.51,212339,17081,28,500,16,1.25,1,3.57,682,1.47,140,0.35
493.61,212839,17109,28,500,28,1.09,1,3.57,682,1.47,0,0
494.75,213342,17141,28,503,32,1.15,1,3.57,682,1.47,70,0.16
495.96,213845,17173,28,503,32,1.21,1,3.57,682,1.47,150,0.38
497.14,214348,17197,28,503,24,1.17,1,3.57,682,1.47,35,0.08
498.39,214848,17225,28,500,28,1.25,1,3.57,682,1.47,35,0.09
499.61,215351,17241,28,503,16,1.22,1,3.57,682,1.47,105,0.25
500.78,215852,17265,28,501,24,1.16,1,3.57,682,1.47,125,0.3
502.13,216353,17293,28,501,28,1.35,1,3.57,682,1.47,5,0.02
503.2,216857,17305,28,504,12,1.07,1,3.57,682,1.47,175,0.4
504.34,217359,17333,28,502,28,1.13,1,3.57,682,1.47,75,0.17
505.53,217859,17357,28,500,24,1.2,1,3.57,682,1.47,70,0.17
506.55,218360,17381,28,501,24,1.02,1,3.57,682,1.47,30,0.07
507.6,218863,17393,28,503,12,1.05,1,3.57,682,1.47,180,0.41
508.73,219367,17421,28,504,28,1.14,1,3.57,682,1.47,15,0.04
509.84,219869,17445,28,502,24,1.1,1,3.57,682,1.47,20,0.05
511.06,220372,17457,28,503,12,1.22,1,3.57,682,1.47,225,0.54
512.04,220873,17501,28,501,44,0.98,1,3.57,682,1.47,15,0.02
513.15,221373,17521,28,500,20,1.11,1,3.57,682,1.47,20,0.04
514.3,221873,17553,28,500,32,1.15,1,3.57,682,1.47,135,0.3
515.44,222377,17581,28,504,28,1.13,1,3.57,682,1.47,135,0.3
516.59,222880,17609,28,503,28,1.16,1,3.57,682,1.47,15,0.03
517.7,223382,17641,28,502,32,1.11,1,3.57,682,1.47,20,0.05
519.02,223883,17677,28,501,36,1.31,1,3.57,682,1.47,10,0.03
520.25,224384,17705,28,501,28,1.23,1,3.57,682,1.47,60,0.13
521.37,224884,17741,28,500,36,1.12,1,3.57,682,1.47,50,0.13
522.52,225384,17781,28,500,40,1.15,1,3.57,682,1.47,180,0.39
523.69,225887,17817,28,503,36,1.17,1,3.57,682,1.47,70,0.18
524.87,226389,17865,28,502,48,1.18,1,3.57,682,1.47,80,0.19
526.11,226893,17873,28,504,8,1.24,1,3.57,682,1.47,380,0.94
527.32,227397,17889,28,504,16,1.21,1,3.57,682,1.47,290,0.73
528.4,227898,17909,28,501,20,1.08,1,3.57,682,1.47,140,0.3
529.53,228398,17933,28,500,24,1.13,1,3.57,682,1.47,15,0.04
530.76,228899,17977,28,501,44,1.23,1,3.57,682,1.47,0,0
531.89,229401,18001,28,502,24,1.13,1,3.57,682,1.47,70,0.17
533.09,229903,18029,28,502,28,1.2,1,3.57,682,1.47,75,0.15
534.31,230407,18049,28,504,20,1.22,1,3.57,682,1.47,285,0.75
535.46,230908,18089,28,501,40,1.15,1,3.57,682,1.47,40,0.08
536.48,231409,18133,28,501,44,1.03,1,3.57,682,1.47,20,0.05
537.57,231911,18173,28,502,40,1.09,1,3.57,682,1.47,30,0.06
538.73,232414,18197,28,503,24,1.16,1,3.57,682,1.47,60,0.12
539.86,232916,18221,28,502,24,1.14,1,3.57,682,1.47,150,0.36
541.01,233419,18241,28,503,20,1.15,1,3.57,682,1.47,10,0.01
542.23,233919,18277,28,500,36,1.21,1,3.57,682,1.47,25,0.07
543.42,234420,18321,28,501,44,1.19,1,3.57,682,1.47,15,0.04
544.62,234924,18357,28,504,36,1.2,1,3.57,682,1.47,60,0.15
545.99,235427,18401,28,503,44,1.37,1,3.57,682,1.47,55,0.12
547.16,235928,18417,28,501,16,1.17,1,3.57,682,1.47,30,0.05
548.28,236431,18449,28,503,32,1.12,1,3.57,682,1.47,10,0.02
549.44,236935,18485,28,504,36,1.16,1,3.57,682,1.47,35,0.09
550.65,237435,18509,28,500,24,1.21,1,3.57,682,1.47,295,0.67
551.79,237936,18537,28,501,28,1.14,1,3.57,682,1.47,65,0.15
552.95,238439,18549,28,503,12,1.16,1,3.57,682,1.47,195,0.45
554.21,238940,18569,28,501,20,1.26,1,3.57,682,1.47,60,0.14
555.39,239444,18597,28,504,28,1.18,1,3.57,682,1.47,15,0.04
556.65,239948,18613,28,504,16,1.26,1,3.57,682,1.47,330,0.84
557.88,240448,18649,28,500,36,1.23,1,3.57,682,1.47,0,0
559.22,240949,18677,28,501,28,1.34,1,3.57,682,1.47,120,0.31
560.54,241451,18701,28,502,24,1.33,1,3.57,682,1.47,45,0.11
561.78,241952,18717,28,501,16,1.24,1,3.57,682,1.47,140,0.32
562.93,242456,18729,28,504,12,1.15,1,3.57,682,1.47,15,0.03
564.04,242956,18737,28,500,8,1.11,1,3.57,682,1.47,120,0.27
565.32,243457,18757,28,501,20,1.28,1,3.57,682,1.47,130,0.33
566.35,243958,18777,28,501,20,1.03,1,3.57,682,1.47,20,0.04
567.57,244460,18801,28,502,24,1.21,1,3.57,682,1.47,45,0.11
568.72,244964,18833,28,504,32,1.16,1,3.57,682,1.47,80,0.18
570.14,245468,18893,28,504,60,1.42,1,3.57,682,1.47,20,0.05
571.4,245972,18921,28,504,28,1.26,1,3.57,682,1.47,155,0.43
572.73,246476,18949,28,504,28,1.33,1,3.57,682,1.47,80,0.22
573.86,246979,18957,28,503,8,1.13,1,3.57,682,1.47,105,0.23
575.08,247479,18993,28,500,36,1.22,1,3.57,682,1.47,5,0.01
576.25,247983,19021,28,504,28,1.17,1,3.57,682,1.47,20,0.05
577.49,248487,19045,28,504,24,1.24,1,3.57,682,1.47,30,0.07
578.78,248990,19093,28,503,48,1.29,1,3.57,682,1.47,35,0.11
580.17,249494,19109,28,504,16,1.39,1,3.57,682,1.47,190,0.49
581.31,249995,19133,28,501,24,1.14,1,3.57,682,1.47,95,0.21
582.56,250498,19165,28,503,32,1.25,1,3.57,682,1.47,35,0.08
583.63,250999,19173,28,501,8,1.06,1,3.57,682,1.47,215,0.41
584.92,251500,19197,28,501,24,1.29,1,3.57,682,1.47,180,0.55
586.09,252002,19217,28,502,20,1.17,1,3.57,682,1.47,20,0.04
587.17,252505,19229,28,503,12,1.08,1,3.57,682,1.47,190,0.43
588.32,253005,19249,28,500,20,1.16,1,3.57,682,1.47,25,0.07
589.57,253507,19273,28,502,24,1.24,1,3.57,682,1.47,25,0.06
590.68,254010,19285,28,503,12,1.11,1,3.57,682,1.47,190,0.42
591.9,254510,19297,28,500,12,1.22,1,3.57,682,1.47,170,0.39
593.03,255011,19329,28,501,32,1.13,1,3.57,682,1.47,5,0
594.12,255512,19377,28,501,48,1.09,1,3.57,682,1.47,20,0.05
595.39,256014,19405,28,502,28,1.27,1,3.57,682,1.47,80,0.18
596.52,256514,19453,28,500,48,1.13,1,3.57,682,1.47,10,0.03
597.73,257018,19501,28,504,48,1.21,1,3.57,682,1.47,60,0.18
598.9,257519,19545,28,501,44,1.16,1,3.57,682,1.47,5,0.01
600.15,258021,19549,28,502,4,1.25,1,3.57,682,1.47,45,0.11
601.5,258525,19585,28,504,36,1.35,1,3.57,682,1.47,15,0.06
602.65,259027,19613,28,502,28,1.15,1,3.57,682,1.47,5,0.01
603.85,259530,19653,28,503,40,1.2,1,3.57,682,1.47,45,0.1
604.99,260034,19677,28,504,24,1.14,1,3.57,682,1.47,45,0.11
606.07,260534,19689,28,500,12,1.08,1,3.57,682,1.47,210,0.45
607.28,261034,19717,28,500,28,1.21,2,7.14,682,1.47,10,0.03
608.5,261537,19741,28,503,24,1.22,1,3.57,682,1.47,90,0.19
609.71,262038,19781,28,501,40,1.21,1,3.57,682,1.47,105,0.28
610.93,262541,19821,28,503,40,1.22,1,3.57,682,1.47,55,0.13
612.19,263041,19837,28,500,16,1.26,1,3.57,682,1.47,95,0.23
613.39,263544,19881,28,503,44,1.2,1,3.57,682,1.47,30,0.07
614.48,264045,19913,28,501,32,1.09,1,3.57,682,1.47,50,0.1
615.72,264545,19933,28,500,20,1.24,1,3.57,682,1.47,0,0
616.96,265045,19941,28,500,8,1.24,1,3.57,682,1.47,60,0.13
618.18,265547,19965,28,502,24,1.22,1,3.57,682,1.47,45,0.11
619.41,266047,19965,28,500,0,1.24,0,0,682,1.47,545,1.34
620.58,266547,19993,28,500,28,1.17,1,3.57,682,1.47,95,0.22
621.6,267047,20021,28,500,28,1.02,1,3.57,682,1.47,0,0
622.74,267548,20045,28,501,24,1.15,1,3.57,682,1.47,35,0.08
623.9,268052,20093,28,504,48,1.16,1,3.57,682,1.47,20,0.05
625.02,268552,20129,28,500,36,1.11,1,3.57,682,1.47,0,0
626.16,269055,20141,28,503,12,1.15,1,3.57,682,1.47,235,0.54
627.33,269557,20185,28,502,44,1.17,1,3.57,682,1.47,40,0.08
628.38,270061,20209,28,504,24,1.05,1,3.57,682,1.47,15,0.03
629.53,270561,20245,28,500,36,1.15,1,3.57,682,1.47,60,0.15
630.72,271061,20273,28,500,28,1.18,1,3.57,682,1.47,30,0.07
631.89,271564,20293,28,503,20,1.17,1,3.57,682,1.47,125,0.26
633.04,272066,20301,28,502,8,1.15,1,3.57,682,1.47,140,0.31
634.35,272568,20329,28,502,28,1.31,1,3.57,682,1.47,75,0.18
635.67,273071,20353,28,503,24,1.32,1,3.57,682,1.47,15,0.03
636.88,273572,20381,28,501,28,1.21,1,3.57,682,1.47,210,0.5
637.95,274072,20397,28,500,16,1.07,1,3.57,682,1.47,70,0.17
639.22,274575,20449,28,503,52,1.27,1,3.57,682,1.47,40,0.11
640.42,275075,20465,28,500,16,1.19,1,3.57,682,1.47,245,0.55
641.51,275575,20489,28,500,24,1.1,1,3.57,682,1.47,5,0.02
642.6,276077,20525,28,502,36,1.09,1,3.57,682,1.47,30,0.08
643.8,276577,20553,28,500,28,1.2,1,3.57,682,1.47,5,0.01
645.03,277077,20585,28,500,32,1.22,1,3.57,682,1.47,15,0.04
646.28,277577,20617,28,500,32,1.26,1,3.57,682,1.47,150,0.38
647.48,278081,20653,28,504,36,1.19,1,3.57,682,1.47,15,0.03
648.63,278582,20685,28,501,32,1.16,1,3.57,682,1.47,35,0.08
649.79,279084,20705,28,502,20,1.16,1,3.57,682,1.47,110,0.26
651.01,279584,20717,28,500,12,1.21,1,3.57,682,1.47,95,0.26
652.31,280086,20753,28,502,36,1.3,1,3.57,682,1.47,20,0.04
653.5,280589,20789,28,503,36,1.19,1,3.57,682,1.47,15,0.03
654.68,281089,20805,28,500,16,1.18,1,3.57,682,1.47,165,0.36
655.79,281590,20829,28,501,24,1.11,1,3.57,682,1.47,40,0.08
657.01,282092,20857,28,502,28,1.22,1,3.57,682,1.47,45,0.1
658.14,282594,20877,28,502,20,1.13,1,3.57,682,1.47,115,0.25
659.32,283095,20909,28,501,32,1.18,1,3.57,682,1.47,15,0.04
660.5,283597,20933,28,502,24,1.19,1,3.57,682,1.47,30,0.07
661.66,284097,20961,28,500,28,1.15,1,3.57,682,1.47,60,0.13
662.82,284600,21009,28,503,48,1.16,1,3.57,682,1.47,45,0.11
663.94,285101,21013,28,501,4,1.12,1,3.57,682,1.47,295,0.69
665.06,285601,21041,28,500,28,1.12,1,3.57,682,1.47,100,0.21
666.38,286104,21053,28,503,12,1.32,1,3.57,682,1.47,260,0.67
667.59,286605,21069,28,501,16,1.21,1,3.57,682,1.47,95,0.21
668.8,287108,21089,28,503,20,1.21,1,3.57,682,1.47,65,0.15
670.09,287611,21129,28,503,40,1.3,1,3.57,682,1.47,110,0.29
671.27,288112,21145,28,501,16,1.18,1,3.57,682,1.47,40,0.1
672.42,288615,21173,28,503,28,1.14,1,3.57,682,1.47,75,0.17
673.61,289117,21209,28,502,36,1.19,1,3.57,682,1.47,80,0.16
674.75,289619,21237,28,502,28,1.14,1,3.57,682,1.47,155,0.34
675.96,290121,21253,28,502,16,1.22,1,3.57,682,1.47,40,0.09
677.2,290625,21277,28,504,24,1.24,1,3.57,682,1.47,170,0.41
678.61,291127,21305,28,502,28,1.4,1,3.57,682,1.47,90,0.26
679.89,291627,21357,28,500,52,1.28,1,3.57,682,1.47,30,0.07
681.28,292131,21377,28,504,20,1.39,1,3.57,682,1.47,5,0.02
682.4,292634,21417,28,503,40,1.12,1,3.57,682,1.47,75,0.14
683.55,293134,21433,28,500,16,1.15,1,3.57,682,1.47,5,0.01
684.78,293636,21449,28,502,16,1.23,1,3.57,682,1.47,210,0.54
686.02,294139,21481,28,503,32,1.24,1,3.57,682,1.47,50,0.14
687.15,294640,21501,28,501,20,1.13,1,3.57,682,1.47,40,0.08
688.27,295141,21525,28,501,24,1.12,1,3.57,682,1.47,45,0.1
689.57,295644,21553,28,503,28,1.29,1,3.57,682,1.47,65,0.17
690.76,296146,21561,28,502,8,1.19,1,3.57,682,1.47,65,0.15
692,296647,21589,28,501,28,1.24,1,3.57,682,1.47,25,0.06
693.13,297150,21613,28,503,24,1.13,1,3.57,682,1.47,130,0.34
694.34,297650,21633,28,500,20,1.21,1,3.57,682,1.47,115,0.26
695.58,298153,21645,28,503,12,1.25,1,3.57,682,1.47,70,0.21
696.85,298653,21677,28,500,32,1.27,1,3.57,682,1.47,45,0.12
698.1,299157,21709,28,504,32,1.25,1,3.57,682,1.47,40,0.11
699.42,299661,21729,28,504,20,1.32,1,3.57,682,1.47,5,0.01
700.79,300162,21757,28,501,28,1.37,1,3.57,682,1.47,40,0.12
702.08,300664,21777,28,502,20,1.29,1,3.57,682,1.47,10,0.02
703.25,301166,21821,28,502,44,1.17,1,3.57,682,1.47,5,0.02
704.65,301670,21837,28,504,16,1.4,1,3.57,682,1.47,35,0.12
706.44,302172,21853,28,502,16,1.79,1,3.57,682,1.47,20,0.05
707.71,302672,21865,28,500,12,1.27,1,3.57,682,1.47,345,0.87
709.06,303175,21901,28,503,36,1.35,1,3.57,682,1.47,45,0.13
710.33,303677,21933,28,502,32,1.27,1,3.57,682,1.47,85,0.17
711.62,304181,21965,28,504,32,1.29,1,3.57,682,1.47,15,0.05
712.86,304685,21985,28,504,20,1.24,1,3.57,682,1.47,230,0.57
714.11,305189,22013,28,504,28,1.26,1,3.57,682,1.47,15,0.03
715.46,305693,22045,28,504,32,1.35,1,3.57,682,1.47,50,0.13
716.79,306193,22081,28,500,36,1.33,1,3.57,682,1.47,40,0.11
717.99,306696,22113,28,503,32,1.2,1,3.57,682,1.47,170,0.4
719.21,307200,22125,28,504,12,1.22,1,3.57,682,1.47,30,0.07
720.43,307700,22157,28,500,32,1.22,1,3.57,682,1.47,40,0.11
721.9,308201,22193,28,501,36,1.47,1,3.57,682,1.47,80,0.21
723.28,308701,22209,28,500,16,1.37,1,3.57,682,1.47,270,0.75
724.47,309204,22237,28,503,28,1.2,1,3.57,682,1.47,140,0.31
725.81,309707,22249,28,503,12,1.33,1,3.57,682,1.47,205,0.62
727.17,310208,22277,28,501,28,1.36,1,3.57,682,1.47,90,0.2
728.36,310712,22305,28,504,28,1.19,1,3.57,682,1.47,5,0.02
729.74,311214,22349,28,502,44,1.38,1,3.57,682,1.47,110,0.26
730.98,311717,22401,28,503,52,1.24,1,3.57,682,1.47,10,0.02
732.2,312217,22429,28,500,28,1.22,1,3.57,682,1.47,40,0.1
733.44,312718,22461,28,501,32,1.25,1,3.57,682,1.47,25,0.05
734.57,313218,22477,28,500,16,1.13,1,3.57,682,1.47,0,0
735.88,313719,22505,28,501,28,1.31,1,3.57,682,1.47,100,0.27
737.11,314219,22537,28,500,32,1.23,1,3.57,682,1.47,100,0.24
738.25,314719,22569,28,500,32,1.14,1,3.57,682,1.47,110,0.26
739.46,315223,22601,28,504,32,1.2,1,3.57,682,1.47,80,0.19
740.65,315726,22621,28,503,20,1.19,1,3.57,682,1.47,110,0.23
741.85,316228,22653,28,502,32,1.2,1,3.57,682,1.47,75,0.17
742.97,316732,22669,28,504,16,1.12,1,3.57,682,1.47,25,0.06
744.2,317233,22705,28,501,36,1.23,1,3.57,682,1.47,30,0.08
745.38,317734,22729,28,501,24,1.18,1,3.57,682,1.47,15,0.02
746.58,318234,22745,28,500,16,1.19,1,3.57,682,1.47,80,0.2
748.11,318737,22773,28,503,28,1.53,1,3.57,682,1.47,125,0.33
749.69,319240,22781,28,503,8,1.58,1,3.57,682,1.47,80,0.19
750.91,319740,22801,28,500,20,1.21,1,3.57,682,1.47,195,0.44
752.33,320241,22821,28,501,20,1.42,1,3.57,682,1.47,25,0.06
753.53,320745,22837,28,504,16,1.2,1,3.57,682,1.47,135,0.34
754.88,321249,22877,28,504,40,1.35,1,3.57,682,1.47,70,0.14
756.07,321749,22909,28,500,32,1.2,1,3.57,682,1.47,35,0.09
757.35,322251,22953,28,502,44,1.27,1,3.57,682,1.47,5,0.01
758.82,322753,22965,28,502,12,1.47,1,3.57,682,1.47,425,1.29
759.96,323255,22989,28,502,24,1.14,1,3.57,682,1.47,5,0.01
761.18,323758,23021,28,503,32,1.21,1,3.57,682,1.47,5,0.01
762.4,324261,23053,28,503,32,1.23,1,3.57,682,1.47,145,0.36
763.49,324764,23081,28,503,28,1.08,1,3.57,682,1.47,50,0.13
764.8,325266,23109,28,502,28,1.32,1,3.57,682,1.47,5,0.01
765.91,325767,23137,28,501,28,1.11,1,3.57,682,1.47,55,0.12
767.13,326271,23153,28,504,16,1.23,1,3.57,682,1.47,25,0.07
768.46,326773,23177,28,502,24,1.33,1,3.57,682,1.47,55,0.12
769.66,327274,23201,28,501,24,1.2,1,3.57,682,1.47,20,0.06
770.9,327776,23249,28,502,48,1.24,1,3.57,682,1.47,10,0.03
772.13,328276,23273,28,500,24,1.23,1,3.57,682,1.47,15,0.03
773.31,328777,23297,28,501,24,1.18,1,3.57,682,1.47,85,0.2
774.48,329278,23301,28,501,4,1.17,1,3.57,682,1.47,385,0.88
775.63,329779,23313,28,501,12,1.14,1,3.57,682,1.51,165,0.38
776.93,330283,23349,28,504,36,1.3,1,3.57,682,1.51,55,0.14
778.23,330783,23361,28,500,12,1.3,1,3.57,682,1.51,180,0.45
779.44,331284,23401,28,501,40,1.21,1,3.57,682,1.51,20,0.03
780.66,331788,23441,28,504,40,1.22,1,3.57,682,1.51,45,0.11
781.75,332292,23465,28,504,24,1.09,1,3.57,682,1.51,85,0.21
782.88,332793,23493,28,501,28,1.13,1,3.57,682,1.51,70,0.15
784,333295,23513,28,502,20,1.12,1,3.57,682,1.51,245,0.55
785.23,333796,23553,28,501,40,1.24,1,3.57,682,1.51,0,0
786.36,334299,23601,28,503,48,1.13,1,3.57,682,1.51,15,0.04
787.55,334803,23633,28,504,32,1.19,1,3.57,682,1.51,105,0.22
788.73,335305,23653,28,502,20,1.18,1,3.57,682,1.51,15,0.04
789.9,335806,23693,28,501,40,1.17,1,3.57,682,1.51,35,0.07
791.09,336307,23737,28,501,44,1.19,1,3.57,682,1.51,5,0.01
792.43,336810,23761,28,503,24,1.34,1,3.57,682,1.51,165,0.47
793.64,337313,23793,28,503,32,1.22,1,3.57,682,1.51,120,0.28
794.81,337816,23821,28,503,28,1.17,1,3.57,682,1.51,35,0.09
796.29,338320,23849,28,504,28,1.47,1,3.57,682,1.51,160,0.58
797.97,338823,23889,28,503,40,1.68,1,3.57,682,1.51,20,0.04
799.2,339324,23921,28,501,32,1.23,1,3.57,682,1.51,80,0.18
800.37,339827,23925,28,503,4,1.17,1,3.57,682,1.51,235,0.57
801.65,340331,23981,28,504,56,1.28,1,3.57,682,1.51,55,0.16
802.98,340832,23993,28,501,12,1.33,1,3.57,682,1.51,75,0.22
804.23,341333,24033,28,501,40,1.25,1,3.57,682,1.51,95,0.22
805.48,341836,24069,28,503,36,1.25,1,3.57,682,1.51,95,0.23
806.66,342339,24081,28,503,12,1.19,1,3.57,682,1.51,100,0.21
807.83,342843,24117,28,504,36,1.16,1,3.57,682,1.51,25,0.05
809.12,343343,24145,28,500,28,1.29,1,3.57,682,1.51,60,0.16
810.2,343846,24177,28,503,32,1.09,1,3.57,682,1.51,10,0.03
811.5,344349,24213,28,503,36,1.3,1,3.57,682,1.51,85,0.29
812.8,344849,24233,28,500,20,1.3,1,3.57,682,1.51,110,0.27
814.09,345349,24277,28,500,44,1.29,1,3.57,682,1.51,115,0.33
815.29,345852,24301,28,503,24,1.2,1,3.57,682,1.51,45,0.09
816.61,346356,24345,28,504,44,1.32,1,3.57,682,1.51,85,0.26
817.9,346860,24369,28,504,24,1.3,1,3.57,682,1.51,105,0.28
819.21,347363,24393,28,503,24,1.3,1,3.57,682,1.51,120,0.32
820.45,347866,24405,28,503,12,1.25,1,3.57,682,1.51,130,0.32
821.79,348369,24457,28,503,52,1.34,1,3.57,682,1.51,15,0.04
823.04,348873,24477,28,504,20,1.25,1,3.57,682,1.51,130,0.3
824.29,349376,24489,28,503,12,1.25,1,3.57,682,1.51,5,0.01
825.62,349877,24537,28,501,48,1.34,1,3.57,682,1.51,0,0
826.84,350381,24549,28,504,12,1.21,1,3.57,682,1.51,195,0.42
828.16,350883,24585,28,502,36,1.32,1,3.57,682,1.51,10,0.02
829.53,351383,24609,28,500,24,1.38,1,3.57,682,1.51,85,0.28
830.83,351885,24641,28,502,32,1.3,1,3.57,682,1.51,115,0.28
832.29,352386,24669,28,501,28,1.45,1,3.57,682,1.51,25,0.07
833.54,352886,24697,28,500,28,1.25,1,3.57,682,1.51,65,0.16
834.71,353390,24729,28,504,32,1.18,1,3.57,682,1.51,5,0.02
835.95,353894,24741,28,504,12,1.24,1,3.57,682,1.51,275,0.65
837.23,354394,24781,28,500,40,1.28,1,3.57,682,1.51,25,0.06
838.51,354896,24813,28,502,32,1.28,1,3.57,682,1.51,50,0.14
839.81,355397,24833,28,501,20,1.29,1,3.57,682,1.51,5,0.01
841.01,355901,24869,28,504,36,1.2,1,3.57,682,1.51,65,0.15
842.12,356405,24881,28,504,12,1.11,1,3.57,682,1.51,75,0.17
843.25,356907,24901,28,502,20,1.14,1,3.57,682,1.51,140,0.31
844.44,357407,24917,28,500,16,1.18,1,3.57,682,1.51,60,0.14
845.6,357909,24953,28,502,36,1.17,1,3.57,682,1.51,30,0.07
846.84,358412,24973,28,503,20,1.23,1,3.57,682,1.51,70,0.18
848.02,358913,25001,28,501,28,1.18,1,3.57,682,1.51,140,0.33
849.17,359414,25017,28,501,16,1.16,1,3.57,682,1.51,180,0.43
850.36,359914,25057,28,500,40,1.19,2,7.14,682,1.51,0,0
851.6,360415,25105,28,501,48,1.24,1,3.57,682,1.51,35,0.09
852.82,360916,25137,28,501,32,1.22,1,3.57,682,1.51,165,0.39
854.09,361420,25177,28,504,40,1.27,1,3.57,682,1.51,45,0.11
855.27,361920,25217,28,500,40,1.18,1,3.57,682,1.51,70,0.17
856.5,362424,25253,28,504,36,1.23,1,3.57,682,1.51,40,0.1
857.69,362926,25293,28,502,40,1.19,1,3.57,682,1.51,115,0.28
858.91,363429,25333,28,503,40,1.22,1,3.57,682,1.51,85,0.24
860.04,363929,25365,28,500,32,1.13,1,3.57,682,1.51,15,0.04
861.32,364430,25385,28,501,20,1.28,1,3.57,682,1.51,50,0.09
862.52,364932,25409,28,502,24,1.2,1,3.57,682,1.51,135,0.31
863.69,365434,25433,28,502,24,1.17,1,3.57,682,1.51,95,0.22
865.05,365935,25465,28,501,32,1.36,1,3.57,682,1.51,10,0.04
866.62,366436,25493,28,501,28,1.56,1,3.57,682,1.51,30,0.07
867.78,366939,25517,28,503,24,1.16,1,3.57,682,1.51,100,0.25
869.01,367443,25553,28,504,36,1.23,1,3.57,682,1.51,35,0.08
870.18,367944,25573,28,501,20,1.17,1,3.57,682,1.51,20,0.06
871.48,368446,25605,28,502,32,1.3,1,3.57,682,1.51,95,0.25
872.69,368947,25641,28,501,36,1.21,1,3.57,682,1.51,30,0.06
873.85,369448,25665,28,501,24,1.16,1,3.57,682,1.51,130,0.27
875.22,369951,25693,28,503,28,1.37,1,3.57,682,1.51,55,0.16
876.89,370451,25721,28,500,28,1.67,1,3.57,682,1.51,135,0.49
878.29,370954,25757,28,503,36,1.4,1,3.57,682,1.51,30,0.1
879.8,371458,25781,28,504,24,1.51,1,3.57,682,1.51,210,0.56
881.11,371959,25817,28,501,36,1.3,1,3.57,682,1.51,30,0.07
882.49,372463,25861,28,504,44,1.39,1,3.57,682,1.51,40,0.09
883.87,372964,25909,28,501,48,1.38,1,3.57,682,1.51,20,0.06
885.44,373464,25949,28,500,40,1.57,1,3.57,682,1.51,35,0.1
886.76,373964,25973,28,500,24,1.32,1,3.57,682,1.51,10,0.02
888.06,374464,26005,28,500,32,1.3,1,3.57,682,1.51,50,0.12
889.4,374964,26037,28,500,32,1.34,1,3.57,682,1.51,30,0.07
890.57,375468,26069,28,504,32,1.17,1,3.57,682,1.51,30,0.09
892.12,375971,26081,28,503,12,1.55,1,3.57,682,1.51,25,0.05
893.38,376473,26133,28,502,52,1.26,1,3.57,682,1.51,15,0.04
894.7,376976,26157,28,503,24,1.32,1,3.57,682,1.51,20,0.06
896.01,377478,26185,28,502,28,1.31,1,3.57,682,1.51,130,0.38
897.32,377980,26221,28,502,36,1.31,1,3.57,682,1.51,115,0.25
898.52,378483,26245,28,503,24,1.21,1,3.57,682,1.51,70,0.16
899.82,378983,26265,28,500,20,1.29,1,3.57,682,1.51,210,0.54
901.06,379486,26281,28,503,16,1.24,1,3.57,682,1.51,30,0.07
902.34,379986,26341,28,500,60,1.28,1,3.57,682,1.51,60,0.13
903.7,380487,26373,28,501,32,1.35,1,3.57,682,1.51,0,0
904.94,380991,26405,28,504,32,1.25,1,3.57,682,1.51,45,0.1
906.17,381491,26445,28,500,40,1.23,1,3.57,682,1.51,150,0.4
907.51,381995,26477,28,504,32,1.34,1,3.57,682,1.51,30,0.07
908.72,382499,26529,28,504,52,1.21,1,3.57,682,1.51,35,0.1
909.86,382999,26553,28,500,24,1.14,1,3.57,682,1.51,85,0.21
911.19,383501,26585,28,502,32,1.33,1,3.57,682,1.51,80,0.19
912.55,384004,26613,28,503,28,1.36,1,3.57,682,1.51,20,0.06
913.78,384504,26661,28,500,48,1.23,1,3.57,682,1.51,20,0.04
915.07,385008,26685,28,504,24,1.29,1,3.57,682,1.51,170,0.49
916.43,385509,26717,28,501,32,1.36,1,3.57,682,1.51,105,0.3
917.76,386010,26741,28,501,24,1.34,1,3.57,682,1.51,85,0.21
919.11,386511,26777,28,501,36,1.35,1,3.57,682,1.51,25,0.06
920.41,387012,26813,28,501,36,1.3,1,3.57,682,1.51,10,0.02
921.55,387515,26837,28,503,24,1.15,1,3.57,682,1.51,140,0.29
922.8,388016,26865,28,501,28,1.24,1,3.57,682,1.51,5,0.02
924.19,388520,26897,28,504,32,1.39,1,3.57,682,1.51,105,0.31
925.61,389024,26941,28,504,44,1.42,1,3.57,682,1.51,65,0.2
926.85,389525,26965,28,501,24,1.24,1,3.57,682,1.51,85,0.18
928.01,390027,26973,28,502,8,1.16,1,3.57,682,1.51,55,0.13
929.36,390530,26989,28,503,16,1.35,1,3.57,682,1.51,70,0.19
930.63,391032,27021,28,502,32,1.26,1,3.57,682,1.51,75,0.18
931.86,391534,27049,28,502,28,1.24,1,3.57,682,1.51,155,0.4
933.2,392037,27073,28,503,24,1.34,1,3.57,682,1.51,105,0.26
934.42,392538,27089,28,501,16,1.22,1,3.57,682,1.51,205,0.54
935.71,393041,27109,28,503,20,1.29,1,3.57,682,1.51,5,0.01
936.97,393543,27137,28,502,28,1.26,1,3.57,682,1.51,140,0.35
938.38,394045,27169,28,502,32,1.41,1,3.57,682,1.51,30,0.09
939.78,394546,27193,28,501,24,1.39,1,3.57,682,1.51,35,0.09
941.01,395050,27221,28,504,28,1.24,1,3.57,682,1.51,65,0.17
942.22,395550,27241,28,500,20,1.21,1,3.57,682,1.51,70,0.14
943.39,396052,27265,28,502,24,1.16,1,3.57,682,1.51,65,0.17
944.71,396554,27281,28,502,16,1.32,1,3.57,682,1.51,60,0.14
945.93,397058,27317,28,504,36,1.22,1,3.57,682,1.51,200,0.48
947.15,397558,27365,28,500,48,1.22,1,3.57,682,1.51,15,0.03
948.37,398058,27393,28,500,28,1.21,1,3.57,682,1.51,45,0.13
949.56,398558,27421,28,500,28,1.19,1,3.57,682,1.51,60,0.13
950.86,399060,27441,28,502,20,1.3,1,3.57,682,1.51,105,0.25
952.19,399561,27465,28,501,24,1.33,1,3.57,682,1.51,240,0.59
953.38,400065,27477,28,504,12,1.19,1,3.57,682,1.51,95,0.23
954.7,400569,27509,28,504,32,1.32,1,3.57,682,1.51,15,0.04
955.93,401069,27541,28,500,32,1.23,1,3.57,682,1.51,15,0.04
957.27,401573,27561,28,504,20,1.34,1,3.57,682,1.51,55,0.14
958.62,402074,27585,28,501,24,1.35,1,3.57,682,1.51,175,0.49
959.99,402577,27621,28,503,36,1.37,1,3.57,682,1.51,25,0.05
961.25,403080,27649,28,503,28,1.27,1,3.57,682,1.51,50,0.12
962.63,403581,27669,28,501,20,1.38,1,3.57,682,1.51,10,0.03
963.99,404085,27701,28,504,32,1.36,1,3.57,682,1.51,5,0.02
965.28,404587,27721,28,502,20,1.29,1,3.57,682,1.51,120,0.25
966.47,405090,27741,28,503,20,1.18,1,3.57,682,1.51,215,0.49
967.93,405594,27769,28,504,28,1.47,1,3.57,682,1.51,40,0.11
969.27,406097,27801,28,503,32,1.34,1,3.57,682,1.51,5,0.01
970.4,406600,27813,28,503,12,1.13,1,3.57,682,1.51,60,0.14
971.65,407102,27861,28,502,48,1.25,1,3.57,682,1.51,15,0.03
972.89,407604,27897,28,502,36,1.24,1,3.57,682,1.51,80,0.21
974.23,408107,27941,28,503,44,1.34,1,3.57,682,1.51,35,0.09
975.46,408608,27977,28,501,36,1.23,1,3.57,682,1.51,20,0.04
976.77,409111,28013,28,503,36,1.31,1,3.57,682,1.51,5,0.01
978.14,409611,28041,28,500,28,1.37,1,3.57,682,1.51,130,0.37
979.51,410111,28069,28,500,28,1.37,1,3.57,682,1.51,0,0
980.73,410615,28093,28,504,24,1.22,1,3.57,682,1.51,50,0.14
981.87,411115,28121,28,500,28,1.15,1,3.57,682,1.51,65,0.15
982.99,411616,28149,28,501,28,1.12,1,3.57,682,1.51,195,0.42
984.22,412119,28185,28,503,36,1.23,1,3.57,682,1.51,75,0.18
985.45,412621,28225,28,502,40,1.22,1,3.57,682,1.51,35,0.08
986.64,413124,28253,28,503,28,1.19,1,3.57,682,1.51,10,0.02
987.9,413625,28277,28,501,24,1.26,1,3.57,682,1.51,35,0.09
989.16,414128,28285,28,503,8,1.26,1,3.57,682,1.51,220,0.49
990.55,414631,28337,28,503,52,1.39,1,3.57,682,1.51,20,0.07
991.78,415132,28369,28,501,32,1.24,1,3.57,682,1.51,15,0.03
992.95,415635,28397,28,503,28,1.17,1,3.57,682,1.51,20,0.03
994.15,416138,28421,28,503,24,1.2,1,3.57,682,1.51,45,0.11
995.4,416642,28457,28,504,36,1.25,1,3.57,682,1.51,25,0.08
996.7,417146,28497,28,504,40,1.3,1,3.57,682,1.51,15,0.03
997.86,417648,28533,28,502,36,1.16,1,3.57,682,1.51,40,0.1
999.16,418149,28561,28,501,28,1.3,1,3.57,682,1.51,30,0.06
1000.46,418653,28585,28,504,24,1.31,1,3.57,682,1.51,90,0.23
1001.73,419153,28637,28,500,52,1.26,1,3.57,682,1.51,20,0.05
1003.15,419657,28669,28,504,32,1.42,1,3.57,682,1.51,55,0.14
1004.37,420158,28729,28,501,60,1.22,1,3.57,682,1.51,0,0
1005.63,420662,28757,28,504,28,1.26,1,3.57,682,1.51,10,0.03
1006.81,421166,28781,28,504,24,1.18,1,3.57,682,1.51,25,0.05
1008.1,421670,28801,28,504,20,1.29,1,3.57,682,1.51,90,0.21
1009.28,422171,28821,28,501,20,1.17,1,3.57,682,1.51,185,0.39
1010.55,422674,28849,28,503,28,1.28,1,3.57,682,1.51,130,0.33
1011.9,423176,28885,28,502,36,1.34,1,3.57,682,1.51,50,0.17
1013.27,423679,28897,28,503,12,1.37,1,3.57,682,1.51,160,0.41
1014.4,424180,28909,28,501,12,1.13,1,3.57,682,1.51,155,0.35
1015.76,424684,28949,28,504,40,1.36,1,3.57,682,1.51,65,0.18
1017.03,425187,28969,28,503,20,1.27,1,3.57,682,1.51,155,0.38
1018.18,425687,28985,28,500,16,1.15,1,3.57,682,1.51,55,0.11
1019.52,426187,29001,28,500,16,1.35,1,3.57,682,1.51,20,0.07
1020.72,426691,29021,28,504,20,1.19,1,3.57,682,1.51,25,0.06
1021.94,427192,29053,28,501,32,1.23,1,3.57,682,1.51,55,0.14
1023.21,427696,29097,28,504,44,1.27,1,3.57,682,1.51,20,0.07
1024.46,428196,29141,28,500,44,1.25,1,3.57,682,1.51,75,0.18
1025.71,428696,29165,28,500,24,1.25,1,3.57,682,1.51,20,0.03
1027.18,429200,29185,28,504,20,1.47,1,3.57,682,1.51,30,0.08
1028.48,429700,29209,28,500,24,1.3,1,3.57,682,1.51,175,0.46
1029.73,430203,29241,28,503,32,1.25,1,3.57,682,1.51,25,0.08
1030.95,430705,29277,28,502,36,1.22,1,3.57,682,1.51,25,0.07
1032.17,431205,29293,28,500,16,1.22,1,3.57,682,1.51,140,0.36
1033.49,431708,29317,28,503,24,1.32,1,3.57,682,1.51,5,0.01
1034.73,432211,29333,28,503,16,1.24,1,3.57,682,1.51,200,0.48
1035.85,432711,29361,28,500,28,1.12,1,3.57,682,1.51,45,0.1
1037.03,433213,29381,28,502,20,1.18,1,3.57,682,1.51,80,0.19
1.18,501,4705,25,501,4705,1.18,2,8,261,0.53,235,0.64
2.14,1002,4846,25,501,141,0.96,4,16,294,0.75,145,0.26
3.06,1504,4870,25,502,24,0.92,2,8,396,0.75,225,0.41
3.95,2004,4870,25,500,0,0.9,0,0,396,0.75,725,1.31
5.04,2505,5581,27,501,711,1.09,4,14.81,1023,1.87,190,0.36
6.01,3005,5585,27,500,4,0.97,2,7.41,1023,1.87,70,0.14
7,3506,5589,27,501,4,1,1,3.7,1023,1.87,115,0.23
7.98,4008,5597,27,502,8,0.98,1,3.7,1023,1.87,80,0.13
8.92,4510,5601,27,502,4,0.94,1,3.7,1023,1.87,135,0.28
9.98,5010,5601,27,500,0,1.06,0,0,1023,1.87,635,1.34
10.91,5512,5605,27,502,4,0.93,1,3.7,1023,1.87,245,0.47
11.99,6012,5605,27,500,0,1.08,0,0,1023,1.87,745,1.55
13.18,6513,5609,27,501,4,1.19,1,3.7,1191,2.62,55,0.12
14.2,7014,5613,27,501,4,1.02,1,3.7,1191,2.62,25,0.04
15.14,7516,5621,27,502,8,0.93,1,3.7,1191,2.62,275,0.51
16.12,8018,5629,27,502,8,0.98,1,3.7,1191,2.62,270,0.56
17.18,8518,5653,27,500,24,1.06,1,3.7,1191,2.62,10,0.03
18.18,9018,5710,27,500,57,1,2,7.41,1191,2.62,40,0.07
19.21,9521,5725,27,503,15,1.03,2,7.41,1191,2.62,60,0.15
20.31,10024,5741,27,503,16,1.1,1,3.7,1191,2.62,20,0.04
21.55,10528,5773,27,504,32,1.24,2,7.41,1191,2.62,260,0.71
22.6,11029,5797,27,501,24,1.05,1,3.7,1191,2.62,65,0.15
23.78,11533,5817,27,504,20,1.18,1,3.7,1191,2.62,120,0.24
24.81,12035,5841,27,502,24,1.02,1,3.7,1191,2.62,10,0.03
25.86,12535,5841,27,500,0,1.05,0,0,1191,2.62,510,1.08
26.86,13037,5857,27,502,16,1,1,3.7,1191,2.62,80,0.14
27.94,13537,5873,27,500,16,1.08,1,3.7,1191,2.62,15,0.03
29.09,14041,5889,27,504,16,1.14,1,3.7,1191,2.62,10,0.02
30.2,14545,5905,27,504,16,1.12,1,3.7,1191,2.62,60,0.14
31.29,15049,5921,27,504,16,1.08,1,3.7,1191,2.62,45,0.1
32.32,15550,5945,27,501,24,1.04,1,3.7,1191,2.62,215,0.43
33.42,16050,5945,27,500,0,1.09,0,0,1191,2.62,715,1.52
34.57,16553,5973,27,503,28,1.15,1,3.7,1191,2.62,120,0.31
35.81,17053,5993,27,500,20,1.24,1,3.7,1191,2.62,40,0.08
37,17557,6005,27,504,12,1.19,1,3.7,1191,2.62,290,0.68
38.14,18060,6025,27,503,20,1.14,1,3.7,1191,2.62,45,0.12
39.27,18562,6049,27,502,24,1.13,2,7.41,1191,2.62,85,0.19
40.38,19062,6081,27,500,32,1.11,1,3.7,1191,2.62,10,0.02
41.45,19562,6105,27,500,24,1.07,1,3.7,1191,2.62,10,0.01
42.52,20063,6121,27,501,16,1.08,1,3.7,1191,2.62,0,0
43.64,20565,6141,27,502,20,1.12,1,3.7,1191,2.62,85,0.21
44.98,21066,6185,27,501,44,1.34,1,3.7,1191,2.62,60,0.19
46.3,21566,6201,27,500,16,1.32,1,3.7,1191,2.62,0,0
47.47,22069,6213,27,503,12,1.17,1,3.7,1191,2.62,130,0.33
48.57,22571,6245,27,502,32,1.1,2,7.41,1191,2.62,0,0
49.74,23074,6269,27,503,24,1.17,1,3.7,1191,2.62,110,0.23
50.81,23574,6293,27,500,24,1.07,1,3.7,1191,2.62,30,0.05
51.87,24075,6313,27,501,20,1.06,1,3.7,1191,2.62,55,0.1
53.08,24576,6353,27,501,40,1.21,1,3.7,1191,2.62,45,0.12
54.62,25078,6369,27,502,16,1.54,1,3.7,1191,2.62,200,0.53
55.8,25579,6385,27,501,16,1.19,1,3.7,1191,2.62,175,0.43
56.96,26082,6413,27,503,28,1.16,1,3.7,1191,2.62,30,0.08
58.07,26582,6433,27,500,20,1.11,1,3.7,1191,2.62,105,0.22
59.26,27083,6453,27,501,20,1.19,1,3.7,1191,2.62,35,0.09
60.48,27585,6469,27,502,16,1.22,1,3.7,1191,2.62,100,0.26
61.69,28087,6485,27,502,16,1.21,1,3.7,1191,2.62,15,0.04
63.13,28589,6509,27,502,24,1.44,1,3.7,1191,2.62,85,0.26
64.37,29091,6549,27,502,40,1.24,1,3.7,1191,2.62,35,0.09
65.54,29593,6577,27,502,28,1.17,1,3.7,1191,2.62,0,0
66.73,30097,6617,27,504,40,1.18,1,3.7,1191,2.62,10,0.02
68.19,30598,6629,27,501,12,1.47,1,3.7,1191,2.62,340,0.98
69.54,31101,6641,27,503,12,1.35,1,3.7,1191,2.62,10,0.03
70.74,31601,6681,27,500,40,1.19,1,3.7,1191,2.62,15,0.03
71.97,32103,6717,27,502,36,1.24,1,3.7,1191,2.62,105,0.22
73.2,32604,6769,27,501,52,1.23,1,3.7,1191,2.62,30,0.08
74.37,33106,6785,27,502,16,1.17,1,3.7,1191,2.62,220,0.52
75.5,33608,6825,27,502,40,1.13,1,3.7,1191,2.62,25,0.06
76.68,34111,6869,27,503,44,1.19,1,3.7,1191,2.62,15,0.05
78.28,34611,6901,27,500,32,1.6,1,3.7,1191,2.62,30,0.11
80.05,35111,6949,27,500,48,1.77,1,3.7,1191,2.62,5,0.01
81.19,35613,6973,27,502,24,1.14,1,3.7,1191,2.62,205,0.43
82.47,36115,6997,27,502,24,1.28,1,3.7,1191,2.62,20,0.04
83.56,36618,7021,27,503,24,1.09,1,3.7,1191,2.62,95,0.17
84.62,37119,7037,27,501,16,1.06,1,3.7,1191,2.62,145,0.32
85.81,37619,7069,27,500,32,1.19,1,3.7,1191,2.62,80,0.2
87.11,38119,7101,27,500,32,1.3,1,3.7,1191,2.62,40,0.12
88.63,38619,7145,27,500,44,1.52,1,3.7,1191,2.62,80,0.26
90.4,39123,7177,27,504,32,1.77,1,3.7,1191,2.62,55,0.14
91.73,39627,7209,27,504,32,1.33,1,3.7,1191,2.62,10,0.03
92.94,40129,7233,27,502,24,1.21,1,3.7,1191,2.62,40,0.09
94.04,40633,7265,27,504,32,1.1,1,3.7,1191,2.62,5,0.01
95.43,41134,7297,27,501,32,1.39,1,3.7,1191,2.62,0,0
96.74,41635,7345,27,501,48,1.31,1,3.7,1191,2.62,15,0.04
97.94,42136,7381,27,501,36,1.2,1,3.7,1191,2.62,5,0.01
99.22,42636,7393,27,500,12,1.28,1,3.7,1191,2.62,35,0.07
100.51,43140,7433,27,504,40,1.29,1,3.7,1191,2.62,70,0.18
101.65,43640,7445,27,500,12,1.14,1,3.7,1191,2.62,60,0.15
102.94,44143,7469,27,503,24,1.29,1,3.7,1191,2.62,5,0.01
104.1,44647,7485,27,504,16,1.16,1,3.7,1191,2.62,30,0.06
105.41,45147,7517,27,500,32,1.31,1,3.7,1191,2.62,45,0.1
106.54,45649,7553,27,502,36,1.13,1,3.7,1191,2.62,35,0.09
107.83,46153,7569,27,504,16,1.29,1,3.7,1191,2.62,30,0.08
109.12,46653,7597,27,500,28,1.29,1,3.7,1191,2.62,5,0.01
110.36,47153,7617,27,500,20,1.24,1,3.7,1191,2.62,120,0.29
111.55,47656,7645,27,503,28,1.2,1,3.7,1191,2.62,75,0.2
112.75,48159,7669,27,503,24,1.2,1,3.7,1191,2.62,25,0.06
113.9,48662,7693,27,503,24,1.14,1,3.7,1191,2.62,75,0.19
115,49165,7721,27,503,28,1.1,1,3.7,1191,2.62,35,0.08
116.24,49669,7741,27,504,20,1.24,1,3.7,1191,2.62,125,0.3
117.33,50173,7773,27,504,32,1.09,1,3.7,1191,2.62,145,0.29
118.42,50677,7817,27,504,44,1.09,1,3.7,1191,2.62,100,0.21
119.72,51179,7837,27,502,20,1.3,1,3.7,1191,2.62,50,0.11
121,51683,7873,27,504,36,1.29,1,3.7,1191,2.62,15,0.03
122.16,52185,7881,27,502,8,1.16,1,3.7,1191,2.62,45,0.11
123.4,52688,7905,27,503,24,1.23,1,3.7,1191,2.62,35,0.08
124.51,53189,7917,27,501,12,1.12,1,3.7,1191,2.62,40,0.09
125.68,53689,7933,27,500,16,1.17,1,3.7,1191,2.62,0,0
126.92,54190,7953,27,501,20,1.24,1,3.7,1191,2.62,130,0.32
128.14,54690,7973,27,500,20,1.22,1,3.7,1191,2.62,50,0.16
129.44,55191,8009,27,501,36,1.3,1,3.7,1191,2.62,195,0.48
130.63,55693,8029,27,502,20,1.19,1,3.7,1191,2.62,100,0.23
131.84,56194,8053,27,501,24,1.21,1,3.7,1191,2.62,15,0.04
133.09,56695,8077,27,501,24,1.25,1,3.7,1191,2.62,70,0.2
134.22,57196,8101,27,501,24,1.13,1,3.7,1191,2.62,15,0.03
135.42,57700,8125,27,504,24,1.2,1,3.7,1191,2.62,190,0.48
136.54,58201,8165,27,501,40,1.12,1,3.7,1191,2.62,25,0.04
137.88,58704,8193,27,503,28,1.34,1,3.7,1191,2.62,80,0.19
139.15,59206,8237,27,502,44,1.27,1,3.7,1191,2.62,90,0.22
140.41,59706,8261,27,500,24,1.26,1,3.7,1191,2.62,10,0.02
141.72,60209,8297,27,503,36,1.31,1,3.7,1191,2.62,5,0.02
143.11,60711,8321,27,502,24,1.39,1,3.7,1191,2.62,25,0.05
144.44,61214,8341,27,503,20,1.33,1,3.7,1191,2.62,75,0.18
145.63,61718,8365,27,504,24,1.19,1,3.7,1191,2.62,25,0.07
146.87,62219,8393,27,501,28,1.25,1,3.7,1191,2.62,50,0.13
148.03,62722,8425,27,503,32,1.16,1,3.7,1191,2.62,95,0.21
149.29,63226,8465,27,504,40,1.27,1,3.7,1191,2.62,135,0.32
150.41,63727,8497,27,501,32,1.12,1,3.7,1191,2.62,45,0.08
151.6,64230,8509,27,503,12,1.19,1,3.7,1191,2.62,80,0.18
152.88,64730,8529,27,500,20,1.27,1,3.7,1191,2.62,30,0.07
154.17,65234,8557,27,504,28,1.29,1,3.7,1191,2.62,55,0.12
155.41,65738,8585,27,504,28,1.25,1,3.7,1191,2.62,25,0.05
156.57,66242,8601,27,504,16,1.16,1,3.7,1191,2.62,190,0.45
158.14,66746,8625,27,504,24,1.57,1,3.7,1191,2.62,40,0.14
159.52,67250,8665,27,504,40,1.38,1,3.7,1191,2.62,40,0.1
160.71,67751,8689,27,501,24,1.19,1,3.7,1191,2.62,100,0.22
161.8,68251,8721,27,500,32,1.09,1,3.7,1191,2.62,5,0.01
162.96,68755,8749,27,504,28,1.16,1,3.7,1191,2.62,55,0.14
164.04,69256,8789,27,501,40,1.07,1,3.7,1191,2.62,75,0.16
165.19,69757,8809,27,501,20,1.15,1,3.7,1191,2.62,55,0.12
166.28,70260,8853,27,503,44,1.09,1,3.7,1191,2.62,0,0
167.37,70760,8881,27,500,28,1.1,1,3.7,1191,2.62,120,0.27
168.4,71261,8901,27,501,20,1.02,1,3.7,1191,2.62,95,0.18
169.58,71762,8957,27,501,56,1.19,1,3.7,1191,2.62,5,0.01
170.75,72266,8977,27,504,20,1.17,2,7.41,1191,2.62,35,0.08
171.83,72766,9009,27,500,32,1.08,1,3.7,1191,2.62,70,0.15
173.01,73266,9033,27,500,24,1.18,1,3.7,1191,2.62,70,0.13
174.11,73768,9053,27,502,20,1.1,1,3.7,1191,2.62,100,0.21
175.29,74269,9077,27,501,24,1.18,1,3.7,1191,2.62,5,0.01
176.49,74772,9093,27,503,16,1.19,1,3.7,1191,2.62,120,0.27
177.53,75273,9113,27,501,20,1.05,1,3.7,1191,2.62,215,0.42
178.74,75775,9137,27,502,24,1.21,1,3.7,1191,2.62,55,0.16
180.26,76279,9173,27,504,36,1.52,1,3.7,1191,2.62,15,0.05
181.48,76781,9205,27,502,32,1.22,1,3.7,1191,2.62,100,0.24
182.63,77283,9229,27,502,24,1.15,1,3.7,1191,2.62,115,0.26
183.79,77787,9273,27,504,44,1.16,1,3.7,1191,2.62,15,0.04
185.19,78291,9289,27,504,16,1.4,1,3.7,1191,2.62,255,0.77
186.38,78792,9313,27,501,24,1.19,1,3.7,1191,2.62,150,0.36
187.64,79294,9353,27,502,40,1.26,1,3.7,1191,2.62,45,0.11
188.81,79794,9397,27,500,44,1.17,1,3.7,1191,2.62,25,0.04
189.83,80295,9433,27,501,36,1.02,1,3.7,1191,2.62,30,0.06
191.09,80795,9449,27,500,16,1.26,1,3.7,1191,2.62,70,0.19
192.34,81298,9473,27,503,24,1.25,1,3.7,1191,2.62,270,0.68
194.23,81799,9505,27,501,32,1.89,2,7.41,1191,2.62,50,0.2
195.92,82303,9541,27,504,36,1.69,1,3.7,1191,2.62,15,0.04
197.11,82804,9557,27,501,16,1.19,1,3.7,1191,2.62,30,0.08
198.4,83305,9561,27,501,4,1.28,1,3.7,1191,2.62,25,0.1
200.1,83808,9589,27,503,28,1.71,1,3.7,1191,2.62,25,0.06
201.27,84308,9629,27,500,40,1.17,1,3.7,1191,2.62,100,0.21
202.7,84812,9653,27,504,24,1.43,1,3.7,1191,2.62,5,0.02
204.02,85312,9689,27,500,36,1.32,1,3.7,1191,2.62,5,0.01
205.25,85812,9717,27,500,28,1.23,1,3.7,1191,2.62,50,0.11
206.54,86315,9757,27,503,40,1.29,1,3.7,1191,2.62,110,0.27
207.85,86819,9813,27,504,56,1.31,1,3.7,1191,2.62,30,0.08
208.91,87321,9837,27,502,24,1.06,1,3.7,1191,2.62,5,0.01
210.1,87822,9857,27,501,20,1.18,1,3.7,1191,2.62,80,0.17
211.33,88322,9877,27,500,20,1.23,1,3.7,1191,2.62,120,0.32
212.59,88825,9921,27,503,44,1.27,1,3.7,1191,2.62,25,0.07
213.93,89327,9949,27,502,28,1.34,1,3.7,1191,2.62,20,0.04
215.09,89828,9993,27,501,44,1.16,1,3.7,1191,2.62,5,0.01
216.17,90331,10013,27,503,20,1.08,1,3.7,1191,2.62,30,0.07
217.29,90833,10045,27,502,32,1.12,1,3.7,1191,2.62,10,0.02
218.44,91334,10065,27,501,20,1.15,1,3.7,1191,2.62,125,0.27
219.62,91838,10077,27,504,12,1.18,1,3.7,1191,2.62,75,0.18
220.85,92340,10097,27,502,20,1.23,1,3.7,1191,2.62,190,0.49
222.09,92840,10117,27,500,20,1.24,1,3.7,1191,2.62,60,0.13
223.16,93340,10145,27,500,28,1.07,1,3.7,1191,2.62,75,0.15
224.25,93843,10177,27,503,32,1.09,1,3.7,1191,2.62,45,0.11
225.48,94346,10201,27,503,24,1.23,1,3.7,1191,2.62,15,0.03
226.54,94846,10257,27,500,56,1.07,1,3.7,1191,2.62,55,0.12
227.67,95348,10281,27,502,24,1.13,1,3.7,1191,2.62,5,0.01
228.87,95851,10293,27,503,12,1.2,1,3.7,1191,2.62,110,0.24
230.06,96355,10301,27,504,8,1.19,1,3.7,1191,2.62,165,0.31
231.24,96856,10353,27,501,52,1.18,2,7.41,1191,2.62,50,0.11
232.33,97358,10385,27,502,32,1.09,1,3.7,1191,2.62,10,0.02
233.52,97861,10417,27,503,32,1.19,1,3.7,1191,2.62,30,0.09
234.67,98364,10449,27,503,32,1.15,1,3.7,1191,2.62,15,0.03
235.88,98864,10485,27,500,36,1.21,1,3.7,1191,2.62,25,0.06
237.07,99366,10517,27,502,32,1.19,2,7.41,1191,2.62,5,0.01
238.05,99867,10537,27,501,20,0.97,1,3.7,1191,2.62,165,0.37
239.17,100367,10565,27,500,28,1.12,1,3.7,1191,2.62,140,0.32
240.22,100869,10613,27,502,48,1.05,1,3.7,1191,2.62,170,0.34
241.4,101371,10633,27,502,20,1.18,1,3.7,1191,2.62,10,0.02
242.46,101873,10657,27,502,24,1.06,1,3.7,1191,2.62,40,0.08
243.71,102376,10689,27,503,32,1.25,1,3.7,1191,2.62,35,0.1
245.07,102878,10713,27,502,24,1.36,1,3.7,1191,2.62,105,0.3
246.46,103380,10749,27,502,36,1.39,1,3.7,1191,2.62,75,0.16
247.65,103881,10765,27,501,16,1.19,1,3.7,1191,2.62,125,0.27
248.84,104383,10785,27,502,20,1.19,1,3.7,1191,2.62,40,0.1
250.02,104884,10833,27,501,48,1.18,1,3.7,1191,2.62,110,0.21
251.23,105387,10861,27,503,28,1.21,1,3.7,1191,2.62,85,0.23
252.45,105891,10909,27,504,48,1.22,1,3.7,1191,2.62,70,0.17
253.71,106391,10921,27,500,12,1.26,1,3.7,1191,2.62,15,0.05
254.91,106893,10937,27,502,16,1.21,1,3.7,1191,2.62,15,0.07
256.04,107393,10965,27,500,28,1.12,1,3.7,1191,2.62,0,0
257.19,107893,10993,27,500,28,1.16,1,3.7,1191,2.62,20,0.03
258.39,108397,11037,27,504,44,1.2,1,3.7,1191,2.62,20,0.04
259.51,108899,11057,27,502,20,1.12,1,3.7,1191,2.62,30,0.07
260.71,109400,11073,27,501,16,1.2,1,3.7,1191,2.62,5,0.01
262.16,109900,11113,27,500,40,1.45,1,3.7,1191,2.62,125,0.35
263.26,110403,11141,27,503,28,1.1,1,3.7,1191,2.62,5,0.01
264.5,110906,11165,27,503,24,1.24,1,3.7,1191,2.62,180,0.39
265.75,111407,11181,27,501,16,1.25,1,3.7,1191,2.62,205,0.48
266.96,111910,11197,27,503,16,1.21,1,3.7,1191,2.62,35,0.09
268.19,112412,11245,27,502,48,1.22,1,3.7,1191,2.62,35,0.07
269.29,112912,11261,27,500,16,1.11,1,3.7,1191,2.62,225,0.46
270.53,113412,11277,27,500,16,1.24,1,3.7,1191,2.62,150,0.37
271.55,113912,11305,27,500,28,1.02,1,3.7,1191,2.62,190,0.4
272.74,114415,11341,27,503,36,1.19,1,3.7,1191,2.62,60,0.14
273.86,114918,11381,27,503,40,1.12,1,3.7,1191,2.62,115,0.23
275.05,115421,11401,27,503,20,1.19,1,3.7,1191,2.62,185,0.41
276.13,115923,11417,27,502,16,1.08,1,3.7,1191,2.62,90,0.2
277.15,116423,11437,27,500,20,1.02,1,3.7,1191,2.62,45,0.08
278.45,116925,11473,27,502,36,1.3,1,3.7,1191,2.62,10,0.03
279.68,117426,11501,27,501,28,1.23,1,3.7,1191,2.62,30,0.06
280.91,117930,11517,27,504,16,1.24,1,3.7,1191,2.62,205,0.5
282.12,118430,11541,27,500,24,1.2,1,3.7,1191,2.62,80,0.18
283.21,118933,11561,27,503,20,1.09,1,3.7,1191,2.62,75,0.17
284.32,119434,11581,27,501,20,1.12,1,3.7,1191,2.62,85,0.19
285.55,119935,11625,27,501,44,1.23,1,3.7,1191,2.62,20,0.05
286.77,120436,11657,27,501,32,1.22,1,3.7,1191,2.62,210,0.51
287.97,120937,11705,27,501,48,1.21,1,3.7,1191,2.62,20,0.06
289.44,121439,11741,27,502,36,1.46,1,3.7,1191,2.62,65,0.26
290.63,121940,11785,27,501,44,1.19,1,3.7,1191,2.62,5,0.01
291.84,122440,11825,27,500,40,1.2,1,3.7,1191,2.62,165,0.37
293.15,122943,11865,27,503,40,1.31,1,3.7,1191,2.62,15,0.04
294.35,123444,11909,27,501,44,1.2,1,3.7,1191,2.62,45,0.11
295.65,123945,11961,27,501,52,1.3,1,3.7,1191,2.62,55,0.15
296.94,124449,11993,27,504,32,1.28,1,3.7,1191,2.62,90,0.24
298.2,124949,12021,27,500,28,1.26,1,3.7,1191,2.62,0,0
299.37,125451,12041,27,502,20,1.17,1,3.7,1191,2.62,30,0.07
300.58,125953,12065,27,502,24,1.21,1,3.7,1191,2.62,70,0.16
301.74,126457,12101,27,504,36,1.16,1,3.7,1191,2.62,5,0.01
302.91,126960,12129,27,503,28,1.17,1,3.7,1191,2.62,95,0.26
304.26,127464,12153,27,504,24,1.35,1,3.7,1191,2.62,10,0.03
305.65,127965,12177,27,501,24,1.39,1,3.7,1191,2.62,145,0.42
306.83,128466,12233,27,501,56,1.19,1,3.7,1191,2.62,10,0.02
308.07,128968,12277,27,502,44,1.24,1,3.7,1191,2.62,20,0.05
309.34,129472,12313,27,504,36,1.27,1,3.7,1191,2.62,15,0.03
310.59,129973,12333,27,501,20,1.25,1,3.7,1191,2.62,40,0.07
311.74,130477,12345,27,504,12,1.15,1,3.7,1191,2.62,135,0.32
312.99,130977,12373,27,500,28,1.25,1,3.7,1191,2.62,135,0.33
314.13,131477,12409,27,500,36,1.15,1,3.7,1191,2.62,15,0.04
315.28,131978,12445,27,501,36,1.15,1,3.7,1191,2.62,50,0.12
316.51,132481,12473,27,503,28,1.22,1,3.7,1191,2.62,45,0.09
317.64,132984,12541,27,503,68,1.14,1,3.7,1191,2.62,5,0.01
319.04,133486,12565,27,502,24,1.4,1,3.7,1191,2.62,50,0.12
320.16,133986,12601,27,500,36,1.12,1,3.7,1191,2.62,60,0.17
321.51,134486,12637,27,500,36,1.35,1,3.7,1191,2.62,75,0.2
322.63,134987,12693,27,501,56,1.12,1,3.7,1191,2.62,70,0.14
323.89,135487,12729,27,500,36,1.26,1,3.7,1191,2.62,0,0
325.13,135987,12729,27,500,0,1.24,0,0,1191,2.62,500,1.24
326.31,136487,12789,27,500,60,1.19,1,3.7,1191,2.62,65,0.15
327.5,136991,12821,27,504,32,1.18,1,3.7,1191,2.62,5,0.01
328.69,137495,12869,27,504,48,1.2,1,3.7,1191,2.62,15,0.03
330.09,137995,12897,27,500,28,1.4,1,3.7,1191,2.62,5,0.01
331.3,138499,12913,27,504,16,1.21,1,3.7,1191,2.62,130,0.32
332.39,139000,12937,27,501,24,1.09,1,3.7,1191,2.62,35,0.07
333.58,139504,12973,27,504,36,1.19,1,3.7,1191,2.62,10,0.01
334.81,140006,13001,27,502,28,1.23,1,3.7,1191,2.62,15,0.05
336.43,140507,13021,27,501,20,1.62,1,3.7,1191,2.62,40,0.15
337.9,141011,13033,27,504,12,1.47,1,3.7,1191,2.62,190,0.52
339.16,141512,13081,27,501,48,1.26,1,3.7,1191,2.62,10,0.02
340.33,142016,13101,27,504,20,1.17,1,3.7,1191,2.62,110,0.25
341.52,142516,13145,27,500,44,1.19,1,3.7,1191,2.62,30,0.07
342.77,143020,13189,27,504,44,1.26,1,3.7,1191,2.62,185,0.49
344.07,143520,13221,27,500,32,1.29,1,3.7,1191,2.62,20,0.05
345.36,144023,13245,27,503,24,1.29,1,3.7,1191,2.62,30,0.08
346.63,144523,13269,27,500,24,1.27,1,3.7,1191,2.62,130,0.37
348.21,145027,13297,27,504,28,1.58,1,3.7,1191,2.62,20,0.06
349.52,145531,13329,27,504,32,1.31,1,3.7,1191,2.62,70,0.14
350.74,146035,13345,27,504,16,1.21,1,3.7,1191,2.62,5,0.01
351.92,146537,13369,27,502,24,1.18,1,3.7,1191,2.62,60,0.14
353,147038,13405,27,501,36,1.08,1,3.7,1191,2.62,0,0
354.18,147541,13441,27,503,36,1.18,1,3.7,1191,2.62,85,0.2
355.5,148041,13497,27,500,56,1.31,1,3.7,1191,2.62,5,0.01
356.59,148541,13513,27,500,16,1.09,1,3.7,1191,2.62,25,0.06
357.78,149044,13529,27,503,16,1.2,1,3.7,1191,2.62,90,0.22
358.92,149545,13557,27,501,28,1.14,1,3.7,1191,2.62,5,0.01
360.09,150045,13585,27,500,28,1.17,1,3.7,1191,2.62,125,0.28
361.25,150548,13617,27,503,32,1.16,1,3.7,1191,2.62,85,0.21
362.36,151048,13633,27,500,16,1.12,1,3.7,1191,2.62,175,0.38
363.58,151549,13693,27,501,60,1.22,1,3.7,1191,2.62,5,0.01
364.73,152052,13737,27,503,44,1.15,1,3.7,1191,2.62,90,0.21
365.92,152552,13757,27,500,20,1.19,1,3.7,1191,2.62,60,0.14
367.04,153056,13789,27,504,32,1.12,1,3.7,1191,2.62,55,0.13
368.18,153557,13825,27,501,36,1.14,1,3.7,1191,2.62,130,0.29
369.39,154060,13865,27,503,40,1.2,1,3.7,1191,2.62,40,0.09
370.73,154562,13889,27,502,24,1.34,1,3.7,1191,2.62,30,0.08
372.04,155065,13925,27,503,36,1.31,1,3.7,1191,2.62,5,0.01
373.37,155566,13957,27,501,32,1.33,1,3.7,1191,2.62,25,0.1
375.14,156069,13981,27,503,24,1.77,1,3.7,1191,2.62,45,0.11
376.43,156572,14001,27,503,20,1.29,2,7.41,1191,2.62,105,0.27
377.69,157075,14025,27,503,24,1.26,1,3.7,1191,2.62,30,0.08
378.91,157577,14049,27,502,24,1.22,1,3.7,1191,2.62,65,0.15
380.06,158080,14077,27,503,28,1.15,1,3.7,1191,2.62,220,0.52
381.27,158581,14101,27,501,24,1.21,1,3.7,1191,2.62,45,0.12
382.46,159084,14113,27,503,12,1.19,1,3.7,1191,2.62,170,0.38
383.75,159584,14153,27,500,40,1.29,1,3.7,1191,2.62,65,0.18
384.9,160086,14173,27,502,20,1.15,1,3.7,1191,2.62,190,0.46
386.07,160586,14205,27,500,32,1.18,1,3.7,1191,2.62,5,0.01
387.32,161087,14265,27,501,60,1.24,1,3.7,1191,2.62,60,0.17
388.53,161587,14289,27,500,24,1.21,1,3.7,1191,2.62,150,0.38
389.86,162088,14345,27,501,56,1.33,1,3.7,1191,2.62,50,0.14
391.05,162588,14361,27,500,16,1.19,1,3.7,1191,2.62,10,0.02
392.15,163088,14389,27,500,28,1.1,1,3.7,1191,2.62,40,0.09
393.26,163588,14429,27,500,40,1.12,1,3.7,1191,2.62,20,0.05
394.5,164091,14449,27,503,20,1.23,1,3.7,1191,2.62,115,0.3
395.66,164591,14477,27,500,28,1.16,1,3.7,1191,2.62,20,0.04
396.91,165094,14493,27,503,16,1.25,1,3.7,1191,2.62,15,0.04
398.3,165597,14521,27,503,28,1.4,1,3.7,1191,2.62,15,0.03
399.48,166097,14561,27,500,40,1.17,1,3.7,1191,2.62,20,0.06
400.71,166599,14585,27,502,24,1.23,1,3.7,1191,2.62,105,0.29
401.94,167102,14609,27,503,24,1.22,1,3.7,1191,2.62,35,0.08
403.19,167604,14641,27,502,32,1.25,1,3.7,1191,2.62,190,0.47
404.32,168104,14673,27,500,32,1.14,1,3.7,1191,2.62,10,0.02
405.46,168606,14697,27,502,24,1.14,1,3.7,1191,2.62,15,0.03
406.71,169109,14737,27,503,40,1.25,1,3.7,1191,2.62,60,0.15
407.81,169613,14773,27,504,36,1.11,1,3.7,1191,2.62,30,0.06
409.21,170117,14797,27,504,24,1.4,1,3.7,1191,2.62,180,0.58
410.41,170620,14845,27,503,48,1.19,1,3.7,1191,2.62,55,0.11
411.42,171120,14889,27,500,44,1.01,1,3.7,1191,2.62,50,0.09
412.59,171622,14909,27,502,20,1.17,1,3.7,1191,2.62,40,0.11
413.85,172123,14949,27,501,40,1.26,1,3.7,1191,2.62,20,0.05
415,172624,14969,27,501,20,1.15,1,3.7,1191,2.62,20,0.05
416.56,173124,15005,27,500,36,1.56,1,3.7,1191,2.62,25,0.08
417.87,173625,15041,27,501,36,1.31,1,3.7,1191,2.62,40,0.09
418.98,174128,15101,27,503,60,1.11,1,3.7,1191,2.62,5,0.01
420.04,174628,15121,27,500,20,1.06,1,3.7,1191,2.62,290,0.64
421.28,175132,15137,27,504,16,1.24,1,3.7,1191,2.62,225,0.58
422.56,175633,15185,27,501,48,1.28,1,3.7,1191,2.62,35,0.09
423.83,176137,15213,27,504,28,1.27,1,3.7,1191,2.62,20,0.05
425.13,176637,15257,27,500,44,1.29,1,3.7,1191,2.62,10,0.03
426.4,177138,15293,27,501,36,1.28,1,3.7,1191,2.62,15,0.03
427.61,177642,15325,27,504,32,1.2,1,3.7,1191,2.62,80,0.19
428.72,178145,15361,27,503,36,1.11,1,3.7,1191,2.62,15,0.04
429.95,178648,15369,27,503,8,1.23,1,3.7,1191,2.62,265,0.65
431.13,179150,15389,27,502,20,1.18,1,3.7,1191,2.62,15,0.04
432.34,179652,15413,27,502,24,1.2,1,3.7,1191,2.62,5,0.02
433.56,180155,15425,27,503,12,1.23,1,3.7,1191,2.62,160,0.41
434.74,180658,15449,27,503,24,1.17,1,3.7,1191,2.62,15,0.02
435.91,181161,15485,27,503,36,1.18,1,3.7,1191,2.62,90,0.24
437.1,181665,15497,27,504,12,1.19,1,3.7,1191,2.62,130,0.29
438.37,182168,15537,27,503,40,1.27,1,3.7,1191,2.62,50,0.13
439.72,182668,15561,27,500,24,1.35,1,3.7,1191,2.62,20,0.06
440.95,183170,15601,27,502,40,1.23,1,3.7,1191,2.62,15,0.03
442.24,183673,15613,27,503,12,1.29,1,3.7,1191,2.62,130,0.31
443.47,184176,15673,27,503,60,1.23,1,3.7,1191,2.62,10,0.03
444.72,184680,15693,27,504,20,1.25,1,3.7,1191,2.62,135,0.33
445.9,185180,15709,27,500,16,1.18,1,3.7,1191,2.62,35,0.08
447.1,185682,15713,27,502,4,1.19,1,3.7,1191,2.62,5,0.01
448.2,186185,15737,27,503,24,1.1,1,3.7,1191,2.62,20,0.04
449.41,186687,15781,27,502,44,1.21,1,3.7,1191,2.62,5,0.01
450.61,187191,15813,27,504,32,1.2,1,3.7,1191,2.62,20,0.05
451.76,187695,15845,27,504,32,1.15,1,3.7,1191,2.62,160,0.37
452.89,188198,15865,27,503,20,1.13,1,3.7,1191,2.62,140,0.34
454.03,188702,15877,27,504,12,1.14,1,3.7,1191,2.62,85,0.17
455.09,189205,15889,27,503,12,1.07,1,3.7,1191,2.62,130,0.26
456.34,189709,15917,27,504,28,1.25,1,3.7,1191,2.62,175,0.47
457.49,190209,15929,27,500,12,1.15,1,3.7,1191,2.62,50,0.12
458.64,190713,15937,27,504,8,1.15,1,3.7,1191,2.62,175,0.42
459.81,191214,15957,27,501,20,1.18,1,3.7,1191,2.62,140,0.28
460.91,191717,15981,27,503,24,1.1,1,3.7,1191,2.62,60,0.12
462.15,192220,16005,27,503,24,1.24,1,3.7,1191,2.62,30,0.08
463.31,192724,16033,27,504,28,1.16,1,3.7,1191,2.62,5,0.01
464.52,193228,16065,27,504,32,1.21,1,3.7,1191,2.62,210,0.49
465.84,193729,16097,27,501,32,1.32,1,3.7,1191,2.62,165,0.43
467.12,194231,16121,27,502,24,1.28,1,3.7,1191,2.62,20,0.04
468.18,194733,16153,27,502,32,1.06,1,3.7,1191,2.62,50,0.11
469.36,195237,16185,27,504,32,1.18,1,3.7,1191,2.62,60,0.14
470.54,195737,16229,27,500,44,1.18,1,3.7,1191,2.62,5,0.01
471.74,196239,16245,27,502,16,1.2,1,3.7,1191,2.62,70,0.16
472.83,196741,16273,27,502,28,1.09,1,3.7,1191,2.62,85,0.16
474.16,197243,16293,27,502,20,1.34,1,3.7,1191,2.62,95,0.23
475.37,197745,16305,27,502,12,1.21,1,3.7,1191,2.62,320,0.74
476.59,198249,16345,27,504,40,1.22,1,3.7,1191,2.62,145,0.4
477.82,198749,16385,27,500,40,1.23,1,3.7,1191,2.62,35,0.09
479.04,199253,16417,27,504,32,1.23,1,3.7,1191,2.62,150,0.37
480.21,199755,16441,27,502,24,1.16,1,3.7,1191,2.62,0,0
481.36,200258,16473,27,503,32,1.15,1,3.7,1191,2.62,15,0.03
482.54,200759,16509,27,501,36,1.18,1,3.7,1191,2.62,10,0.02
483.75,201260,16533,27,501,24,1.21,1,3.7,1191,2.62,30,0.08
484.9,201764,16561,27,504,28,1.14,1,3.7,1191,2.62,70,0.15
486.06,202268,16589,27,504,28,1.16,1,3.7,1191,2.62,55,0.14
487.23,202772,16641,27,504,52,1.17,1,3.7,1191,2.62,5,0.01
488.32,203273,16665,27,501,24,1.09,1,3.7,1191,2.62,60,0.11
489.42,203777,16693,27,504,28,1.1,1,3.7,1191,2.62,10,0.02
490.54,204278,16713,27,501,20,1.12,1,3.7,1191,2.62,70,0.12
491.68,204778,16725,27,500,12,1.14,1,3.7,1191,2.62,160,0.38
492.82,205282,16741,27,504,16,1.14,1,3.7,1191,2.62,355,0.82
493.94,205784,16777,27,502,36,1.13,1,3.7,1191,2.62,155,0.35
495.15,206288,16821,27,504,44,1.21,1,3.7,1191,2.62,35,0.07
496.23,206789,16865,27,501,44,1.07,1,3.7,1191,2.62,60,0.16
497.36,207291,16893,27,502,28,1.14,1,3.7,1191,2.62,25,0.05
498.46,207795,16933,27,504,40,1.1,1,3.7,1191,2.62,50,0.09
499.63,208297,16961,27,502,28,1.16,1,3.7,1191,2.62,25,0.06
500.7,208798,17005,27,501,44,1.08,1,3.7,1191,2.62,5,0.01
501.89,209299,17033,27,501,28,1.19,1,3.7,1191,2.62,0,0
502.98,209802,17049,27,503,16,1.09,1,3.7,1191,2.62,15,0.05
504.21,210303,17085,27,501,36,1.23,1,3.7,1191,2.62,135,0.29
505.42,210803,17121,27,500,36,1.21,1,3.7,1191,2.62,20,0.04
506.5,211304,17153,27,501,32,1.09,1,3.7,1191,2.62,10,0.02
507.58,211804,17181,27,500,28,1.08,1,3.7,1191,2.62,40,0.09
508.85,212306,17217,27,502,36,1.26,1,3.7,1191,2.62,110,0.25
510.04,212810,17229,27,504,12,1.19,1,3.7,1191,2.62,160,0.37
511.24,213312,17277,27,502,48,1.2,1,3.7,1191,2.62,5,0.02
512.48,213813,17301,27,501,24,1.24,1,3.7,1191,2.62,10,0.03
513.73,214317,17313,27,504,12,1.25,1,3.7,1191,2.62,135,0.33
514.86,214817,17357,27,500,44,1.14,1,3.7,1191,2.62,50,0.14
516.13,215319,17381,27,502,24,1.26,1,3.7,1191,2.62,135,0.32
517.49,215820,17409,27,501,28,1.36,1,3.7,1191,2.62,60,0.17
518.81,216323,17473,27,503,64,1.32,1,3.7,1191,2.62,5,0.01
519.88,216823,17505,27,500,32,1.07,1,3.7,1191,2.62,60,0.12
521.03,217326,17529,27,503,24,1.14,1,3.7,1191,2.62,10,0.03
522.22,217830,17561,27,504,32,1.19,1,3.7,1191,2.62,125,0.31
523.42,218330,17605,27,500,44,1.2,1,3.7,1191,2.62,35,0.08
524.47,218834,17621,27,504,16,1.05,1,3.7,1191,2.62,60,0.12
525.53,219335,17637,27,501,16,1.06,1,3.7,1191,2.62,265,0.55
526.61,219835,17677,27,500,40,1.08,1,3.7,1191,2.62,85,0.15
527.8,220339,17693,27,504,16,1.2,1,3.7,1191,2.62,30,0.07
529.01,220840,17709,27,501,16,1.21,1,3.7,1191,2.62,105,0.26
530.12,221342,17741,27,502,32,1.1,1,3.7,1191,2.62,130,0.31
531.3,221843,17757,27,501,16,1.18,1,3.7,1191,2.62,40,0.08
532.48,222344,17793,27,501,36,1.19,1,3.7,1191,2.62,95,0.25
533.54,222844,17809,27,500,16,1.06,1,3.7,1191,2.62,170,0.35
534.72,223348,17825,27,504,16,1.19,1,3.7,1191,2.62,30,0.07
535.84,223852,17857,27,504,32,1.11,1,3.7,1191,2.62,50,0.11
536.9,224355,17893,27,503,36,1.07,1,3.7,1191,2.62,135,0.33
538,224855,17917,27,500,24,1.09,1,3.7,1191,2.62,5,0.01
539.09,225359,17949,27,504,32,1.1,1,3.7,1191,2.62,105,0.26
540.25,225863,17977,27,504,28,1.15,1,3.7,1191,2.62,50,0.1
541.46,226366,18017,27,503,40,1.21,1,3.7,1191,2.62,25,0.07
542.71,226869,18041,27,503,24,1.25,1,3.7,1191,2.62,55,0.13
543.9,227369,18061,27,500,20,1.19,1,3.7,1191,2.62,25,0.06
545.05,227869,18109,27,500,48,1.15,1,3.7,1191,2.62,30,0.07
546.14,228369,18133,27,500,24,1.1,1,3.7,1191,2.62,30,0.07
547.31,228870,18173,27,501,40,1.16,1,3.7,1191,2.62,20,0.05
548.32,229370,18201,27,500,28,1.02,1,3.7,1191,2.62,30,0.06
549.44,229871,18221,27,501,20,1.12,1,3.7,1191,2.62,180,0.38
550.58,230375,18233,27,504,12,1.14,1,3.7,1191,2.62,190,0.47
551.81,230875,18265,27,500,32,1.23,1,3.7,1191,2.62,45,0.08
552.95,231379,18297,27,504,32,1.14,1,3.7,1191,2.62,20,0.05
554.1,231880,18333,27,501,36,1.15,1,3.7,1191,2.62,55,0.13
555.22,232384,18361,27,504,28,1.12,1,3.7,1191,2.62,30,0.07
556.38,232884,18417,27,500,56,1.17,1,3.7,1191,2.62,5,0.01
557.59,233387,18457,27,503,40,1.21,1,3.7,1191,2.62,110,0.28
558.85,233889,18481,27,502,24,1.26,1,3.7,1191,2.62,15,0.03
560.13,234392,18509,27,503,28,1.28,2,7.41,1191,2.62,5,0.02
561.37,234896,18545,27,504,36,1.24,1,3.7,1191,2.62,10,0.02
562.59,235396,18577,27,500,32,1.21,1,3.7,1191,2.62,80,0.23
563.88,235898,18605,27,502,28,1.29,1,3.7,1191,2.62,25,0.07
565.06,236399,18629,27,501,24,1.19,1,3.7,1191,2.62,25,0.05
566.38,236903,18653,27,504,24,1.31,1,3.7,1191,2.62,5,0.01
567.53,237405,18685,27,502,32,1.16,1,3.7,1191,2.62,70,0.17
568.7,237905,18701,27,500,16,1.17,1,3.7,1191,2.62,5,0.01
569.77,238409,18733,27,504,32,1.07,1,3.7,1191,2.62,75,0.17
570.93,238911,18753,27,502,20,1.16,1,3.7,1191,2.62,190,0.47
572.1,239413,18777,27,502,24,1.17,1,3.7,1191,2.62,40,0.1
573.34,239914,18797,27,501,20,1.23,1,3.7,1191,2.62,40,0.09
574.59,240415,18841,27,501,44,1.25,1,3.7,1191,2.62,30,0.07
575.8,240916,18873,27,501,32,1.22,1,3.7,1191,2.62,110,0.27
576.93,241418,18893,27,502,20,1.13,1,3.7,1191,2.62,10,0.02
578.1,241918,18909,27,500,16,1.16,1,3.7,1191,2.62,5,0.01
579.35,242422,18949,27,504,40,1.26,1,3.7,1191,2.62,30,0.07
580.54,242924,18977,27,502,28,1.19,1,3.7,1191,2.62,160,0.36
581.86,243424,19001,27,500,24,1.32,1,3.7,1191,2.62,70,0.16
583.03,243928,19037,27,504,36,1.17,1,3.7,1191,2.62,85,0.21
584.29,244428,19057,27,500,20,1.26,1,3.7,1191,2.62,140,0.35
585.4,244931,19077,27,503,20,1.11,1,3.7,1191,2.62,10,0.02
586.77,245434,19101,27,503,24,1.37,1,3.7,1191,2.62,100,0.47
588.22,245937,19125,27,503,24,1.46,1,3.7,1191,2.62,50,0.13
589.42,246439,19161,27,502,36,1.2,1,3.7,1191,2.62,30,0.09
590.6,246942,19193,27,503,32,1.18,1,3.7,1191,2.62,25,0.05
591.71,247442,19209,27,500,16,1.11,1,3.7,1191,2.62,280,0.59
592.85,247946,19217,27,504,8,1.13,1,3.7,1191,2.62,40,0.09
593.93,248446,19257,27,500,40,1.08,1,3.7,1191,2.62,30,0.07
595.12,248948,19301,27,502,44,1.2,1,3.7,1191,2.62,40,0.09
596.32,249452,19349,27,504,48,1.2,1,3.7,1191,2.62,55,0.16
597.49,249955,19369,27,503,20,1.16,1,3.7,1191,2.62,40,0.09
598.54,250455,19393,27,500,24,1.06,1,3.7,1191,2.62,90,0.21
599.65,250956,19417,27,501,24,1.11,1,3.7,1191,2.62,45,0.1
600.82,251459,19445,27,503,28,1.16,1,3.7,1191,2.62,140,0.32
601.97,251960,19485,27,501,40,1.15,1,3.7,1191,2.62,40,0.08
603.12,252463,19525,27,503,40,1.15,1,3.7,1191,2.62,55,0.12
604.25,252963,19549,27,500,24,1.13,1,3.7,1191,2.62,90,0.2
605.33,253467,19561,27,504,12,1.08,1,3.7,1191,2.62,60,0.13
606.5,253969,19585,27,502,24,1.17,1,3.7,1191,2.62,85,0.19
607.72,254470,19601,27,501,16,1.22,1,3.7,1191,2.62,5,0.02
608.99,254973,19633,27,503,32,1.27,1,3.7,1191,2.62,60,0.15
610.15,255476,19669,27,503,36,1.16,1,3.7,1191,2.62,35,0.08
611.31,255980,19685,27,504,16,1.16,1,3.7,1191,2.62,100,0.23
612.46,256483,19725,27,503,40,1.15,1,3.7,1191,2.62,25,0.07
613.59,256987,19785,27,504,60,1.13,1,3.7,1191,2.62,20,0.04
614.73,257489,19829,27,502,44,1.14,1,3.7,1191,2.62,95,0.22
615.93,257993,19877,27,504,48,1.21,1,3.7,1191,2.62,10,0.02
617.28,258494,19905,27,501,28,1.34,1,3.7,1191,2.62,35,0.1
618.41,258996,19933,27,502,28,1.13,1,3.7,1191,2.62,190,0.41
619.49,259497,19969,27,501,36,1.08,1,3.7,1191,2.62,60,0.13
620.56,260000,19977,27,503,8,1.08,1,3.7,1191,2.62,270,0.56
621.68,260502,19985,27,502,8,1.12,1,3.7,1191,2.62,100,0.2
622.8,261004,20017,27,502,32,1.13,1,3.7,1191,2.62,35,0.1
623.98,261508,20041,27,504,24,1.17,1,3.7,1191,2.62,90,0.2
625.11,262012,20089,27,504,48,1.14,1,3.7,1191,2.62,40,0.08
626.23,262516,20113,27,504,24,1.11,1,3.7,1191,2.62,105,0.23
627.51,263020,20129,27,504,16,1.28,1,3.7,1191,2.62,105,0.31
628.72,263523,20177,27,503,48,1.21,1,3.7,1191,2.62,30,0.09
630.02,264023,20209,27,500,32,1.3,1,3.7,1191,2.62,30,0.08
631.21,264527,20249,27,504,40,1.19,1,3.7,1191,2.62,40,0.12
632.44,265030,20293,27,503,44,1.23,1,3.7,1191,2.62,15,0.04
633.66,265531,20297,27,501,4,1.22,1,3.7,1191,2.62,365,0.9
634.84,266034,20325,27,503,28,1.19,1,3.7,1191,2.62,40,0.1
636.07,266535,20349,27,501,24,1.22,1,3.7,1191,2.62,0,0
637.27,267037,20389,27,502,40,1.2,1,3.7,1191,2.62,15,0.03
638.5,267539,20409,27,502,20,1.23,1,3.7,1191,2.62,145,0.39
639.78,268039,20449,27,500,40,1.28,1,3.7,1191,2.62,80,0.22
641.02,268542,20461,27,503,12,1.24,1,3.7,1191,2.62,255,0.62
642.29,269046,20505,27,504,44,1.27,1,3.7,1191,2.62,25,0.06
643.43,269546,20517,27,500,12,1.15,1,3.7,1191,2.62,85,0.2
644.51,270049,20537,27,503,20,1.08,1,3.7,1191,2.62,30,0.05
645.63,270551,20581,27,502,44,1.12,1,3.7,1191,2.62,10,0.02
646.77,271055,20593,27,504,12,1.13,1,3.7,1191,2.62,205,0.47
647.99,271555,20629,27,500,36,1.22,1,3.7,1191,2.62,75,0.18
649.17,272057,20653,27,502,24,1.18,1,3.7,1191,2.62,60,0.14
650.36,272559,20669,27,502,16,1.19,1,3.7,1191,2.62,155,0.38
651.53,273061,20693,27,502,24,1.16,1,3.7,1191,2.62,40,0.1
652.84,273562,20713,27,501,20,1.32,1,3.7,1191,2.62,240,0.56
654,274064,20733,27,502,20,1.16,1,3.7,1191,2.62,20,0.04
655.16,274565,20773,27,501,40,1.16,1,3.7,1191,2.62,55,0.13
656.33,275066,20809,27,501,36,1.16,1,3.7,1191,2.62,65,0.14
657.47,275570,20825,27,504,16,1.14,1,3.7,1191,2.62,20,0.05
658.66,276071,20829,27,501,4,1.19,1,3.7,1191,2.62,430,1.03
659.82,276571,20857,27,500,28,1.16,1,3.7,1191,2.62,150,0.33
660.92,277073,20877,27,502,20,1.1,1,3.7,1191,2.62,5,0.01
661.99,277577,20917,27,504,40,1.07,1,3.7,1191,2.62,240,0.5
663.17,278078,20941,27,501,24,1.18,1,3.7,1191,2.62,25,0.07
664.31,278582,20969,27,504,28,1.14,1,3.7,1191,2.62,45,0.09
665.44,279082,21013,27,500,44,1.13,1,3.7,1191,2.62,20,0.05
666.68,279585,21041,27,503,28,1.24,1,3.7,1191,2.62,165,0.35
667.77,280085,21065,27,500,24,1.1,1,3.7,1191,2.62,180,0.42
668.98,280589,21097,27,504,32,1.21,1,3.7,1191,2.62,15,0.03
670.14,281091,21117,27,502,20,1.16,1,3.7,1191,2.62,5,0.02
671.33,281591,21153,27,500,36,1.19,1,3.7,1191,2.62,0,0
672.34,282091,21165,27,500,12,1.01,1,3.7,1191,2.62,45,0.09
673.55,282591,21197,27,500,32,1.21,1,3.7,1191,2.62,30,0.08
674.66,283091,21237,27,500,40,1.11,1,3.7,1191,2.62,15,0.04
675.68,283591,21257,27,500,20,1.02,1,3.7,1191,2.62,130,0.28
676.74,284094,21297,27,503,40,1.06,1,3.7,1191,2.62,5,0.01
677.91,284594,21317,27,500,20,1.17,1,3.7,1191,2.62,195,0.45
679.07,285098,21353,27,504,36,1.17,1,3.7,1191,2.62,10,0.02
680.21,285599,21377,27,501,24,1.13,1,3.7,1191,2.62,95,0.21
681.43,286101,21429,27,502,52,1.22,1,3.7,1191,2.62,30,0.08
682.71,286605,21453,27,504,24,1.28,1,3.7,1191,2.62,35,0.09
684.02,287109,21481,27,504,28,1.31,1,3.7,1191,2.62,75,0.17
685.24,287611,21505,27,502,24,1.22,1,3.7,1191,2.62,15,0.03
686.29,288114,21533,27,503,28,1.06,1,3.7,1191,2.62,30,0.07
687.42,288616,21581,27,502,48,1.13,1,3.7,1191,2.62,40,0.08
688.56,289118,21597,27,502,16,1.14,1,3.7,1191,2.62,165,0.37
689.75,289618,21617,27,500,20,1.19,1,3.7,1191,2.62,100,0.25
690.96,290118,21637,27,500,20,1.21,1,3.7,1191,2.62,30,0.07
692.08,290618,21673,27,500,36,1.12,1,3.7,1191,2.62,15,0.04
693.24,291119,21713,27,501,40,1.16,1,3.7,1191,2.62,15,0.03
694.44,291619,21753,27,500,40,1.2,1,3.7,1191,2.62,50,0.11
695.64,292123,21781,27,504,28,1.2,1,3.7,1191,2.62,20,0.06
696.9,292627,21825,27,504,44,1.26,1,3.7,1191,2.62,5,0.01
698.03,293128,21849,27,501,24,1.13,1,3.7,1191,2.62,30,0.06
699.22,293629,21873,27,501,24,1.19,1,3.7,1191,2.62,10,0.03
700.35,294133,21925,27,504,52,1.13,1,3.7,1191,2.62,20,0.05
701.55,294636,21953,27,503,28,1.2,1,3.7,1191,2.62,45,0.11
702.72,295138,21973,27,502,20,1.17,1,3.7,1191,2.62,25,0.06
703.87,295638,22017,27,500,44,1.15,1,3.7,1191,2.62,15,0.04
705.1,296139,22065,27,501,48,1.23,1,3.7,1191,2.62,70,0.17
706.21,296639,22101,27,500,36,1.11,1,3.7,1191,2.62,0,0
707.39,297139,22129,27,500,28,1.18,2,7.41,1191,2.62,50,0.1
708.56,297643,22161,27,504,32,1.18,1,3.7,1191,2.62,150,0.33
709.67,298147,22201,27,504,40,1.11,1,3.7,1191,2.62,55,0.12
710.79,298650,22249,27,503,48,1.12,1,3.7,1191,2.62,20,0.04
711.89,299150,22273,27,500,24,1.1,1,3.7,1191,2.62,75,0.14
713.13,299652,22301,27,502,28,1.24,1,3.7,1191,2.62,130,0.33
714.36,300153,22321,27,501,20,1.23,1,3.7,1191,2.62,120,0.32
715.54,300654,22349,27,501,28,1.18,1,3.7,1191,2.62,110,0.25
716.73,301157,22373,27,503,24,1.19,1,3.7,1191,2.62,20,0.05
717.94,301658,22413,27,501,40,1.21,1,3.7,1191,2.62,190,0.48
719.12,302161,22445,27,503,32,1.18,1,3.7,1191,2.62,90,0.21
720.26,302664,22469,27,503,24,1.14,1,3.7,1191,2.62,120,0.27
721.44,303166,22497,27,502,28,1.18,1,3.7,1191,2.62,90,0.2
722.67,303667,22529,27,501,32,1.23,1,3.7,1191,2.62,125,0.28
724,304169,22537,27,502,8,1.33,1,3.7,1191,2.62,95,0.27
725.07,304671,22545,27,502,8,1.07,1,3.7,1191,2.62,200,0.45
726.35,305175,22557,27,504,12,1.28,1,3.7,1191,2.62,5,0.02
727.5,305676,22573,27,501,16,1.15,1,3.7,1191,2.62,350,0.81
728.58,306176,22597,27,500,24,1.09,1,3.7,1191,2.62,75,0.15
729.8,306680,22613,27,504,16,1.22,1,3.7,1191,2.62,35,0.11
731.13,307183,22621,27,503,8,1.32,1,3.7,1191,2.62,275,0.73
732.35,307685,22661,27,502,40,1.23,1,3.7,1191,2.62,125,0.3
733.54,308189,22713,27,504,52,1.19,1,3.7,1191,2.62,30,0.04
734.67,308692,22737,27,503,24,1.13,1,3.7,1191,2.62,45,0.11
735.92,309196,22769,27,504,32,1.25,1,3.7,1191,2.62,65,0.14
737,309699,22801,27,503,32,1.07,1,3.7,1191,2.62,10,0.03
738.54,310203,22833,27,504,32,1.54,1,3.7,1191,2.62,70,0.2
739.83,310707,22865,27,504,32,1.3,1,3.7,1191,2.62,55,0.13
741.07,311207,22893,27,500,28,1.23,1,3.7,1191,2.62,65,0.17
742.32,311710,22925,27,503,32,1.26,1,3.7,1191,2.62,20,0.06
743.47,312213,22953,27,503,28,1.14,1,3.7,1191,2.62,95,0.22
744.7,312716,22993,27,503,40,1.23,1,3.7,1191,2.62,35,0.08
745.93,313218,23021,27,502,28,1.24,1,3.7,1191,2.62,50,0.12
747.22,313721,23045,27,503,24,1.28,1,3.7,1191,2.62,45,0.12
748.49,314222,23077,27,501,32,1.28,1,3.7,1191,2.62,40,0.09
749.69,314722,23085,27,500,8,1.2,1,3.7,1191,2.62,315,0.77
750.91,315225,23113,27,503,28,1.22,1,3.7,1191,2.62,135,0.35
752.06,315727,23129,27,502,16,1.15,1,3.7,1191,2.62,80,0.17
753.24,316231,23173,27,504,44,1.18,1,3.7,1191,2.62,70,0.17
754.69,316735,23193,27,504,20,1.45,1,3.7,1191,2.62,160,0.45
756.14,317235,23225,27,500,32,1.44,1,3.7,1191,2.62,55,0.17
757.34,317739,23261,27,504,36,1.2,1,3.7,1191,2.62,20,0.05
758.64,318243,23289,27,504,28,1.3,1,3.7,1191,2.62,15,0.05
759.83,318744,23313,27,501,24,1.19,1,3.7,1191,2.62,105,0.22
761.01,319245,23333,27,501,20,1.18,1,3.7,1191,2.62,250,0.58
762.11,319747,23353,27,502,20,1.1,1,3.7,1191,2.62,40,0.08
763.34,320248,23389,27,501,36,1.23,1,3.7,1191,2.62,40,0.11
764.61,320751,23421,27,503,32,1.27,1,3.7,1191,2.62,70,0.17
765.8,321252,23445,27,501,24,1.19,1,3.7,1191,2.62,35,0.08
766.98,321752,23477,27,500,32,1.18,1,3.7,1191,2.62,155,0.35
768.18,322253,23505,27,501,28,1.21,1,3.7,1191,2.62,30,0.08
769.41,322756,23537,27,503,32,1.23,1,3.7,1191,2.62,25,0.05
770.62,323258,23569,27,502,32,1.21,1,3.7,1191,2.62,0,0
771.87,323761,23597,27,503,28,1.24,1,3.7,1191,2.62,30,0.06
773.1,324261,23633,27,500,36,1.23,1,3.7,1191,2.62,5,0.01
774.29,324765,23649,27,504,16,1.19,1,3.7,1191,2.62,130,0.31
775.46,325268,23661,27,503,12,1.17,1,3.7,1191,2.62,315,0.74
776.58,325768,23689,27,500,28,1.12,1,3.7,1191,2.62,110,0.22
777.65,326269,23741,27,501,52,1.07,1,3.7,1191,2.62,0,0
778.79,326773,23769,27,504,28,1.14,1,3.7,1191,2.62,40,0.1
779.94,327273,23805,27,500,36,1.14,1,3.7,1191,2.62,95,0.23
781.18,327775,23825,27,502,20,1.25,1,3.7,1191,2.62,15,0.03
782.36,328275,23845,27,500,20,1.17,1,3.7,1191,2.62,180,0.41
783.51,328779,23881,27,504,36,1.15,1,3.7,1191,2.62,10,0.02
784.68,329279,23925,27,500,44,1.16,1,3.7,1191,2.62,0,0
785.88,329783,23981,27,504,56,1.21,1,3.7,1191,2.62,90,0.25
787.14,330287,24021,27,504,40,1.26,1,3.7,1191,2.62,20,0.06
788.48,330791,24045,27,504,24,1.34,1,3.7,1191,2.62,10,0.02
789.65,331293,24085,27,502,40,1.17,1,3.7,1191,2.62,0,0
790.81,331794,24109,27,501,24,1.16,1,3.7,1191,2.62,200,0.49
792.02,332297,24137,27,503,28,1.22,1,3.7,1191,2.62,75,0.21
793.26,332801,24169,27,504,32,1.24,1,3.7,1191,2.62,40,0.11
794.47,333304,24201,27,503,32,1.22,1,3.7,1191,2.62,10,0.02
795.73,333807,24225,27,503,24,1.26,1,3.7,1191,2.62,190,0.41
796.93,334308,24237,27,501,12,1.19,1,3.7,1191,2.62,160,0.37
798.31,334812,24273,27,504,36,1.39,1,3.7,1191,2.62,25,0.06
799.5,335313,24305,27,501,32,1.18,1,3.7,1191,2.62,20,0.04
800.73,335817,24345,27,504,40,1.24,1,3.7,1191,2.62,105,0.26
801.95,336318,24385,27,501,40,1.22,1,3.7,1191,2.62,5,0.01
803.03,336822,24401,27,504,16,1.09,1,3.7,1191,2.62,35,0.08
804.12,337322,24421,27,500,20,1.09,1,3.7,1191,2.62,80,0.16
805.38,337826,24445,27,504,24,1.26,1,3.7,1191,2.62,70,0.17
806.47,338327,24465,27,501,20,1.09,1,3.7,1191,2.62,125,0.27
807.72,338827,24481,27,500,16,1.25,1,3.7,1191,2.62,165,0.44
808.82,339331,24513,27,504,32,1.1,1,3.7,1191,2.62,65,0.16
810.12,339835,24541,27,504,28,1.3,1,3.7,1191,2.62,305,0.79
811.34,340337,24549,27,502,8,1.22,1,3.7,1191,2.62,305,0.75
812.53,340837,24573,27,500,24,1.19,1,3.7,1191,2.62,125,0.31
813.86,341341,24585,27,504,12,1.33,1,3.7,1191,2.62,180,0.5
815.06,341842,24621,27,501,36,1.19,1,3.7,1191,2.62,30,0.06
816.27,342342,24641,27,500,20,1.22,1,3.7,1191,2.62,20,0.06
817.44,342845,24673,27,503,32,1.16,1,3.7,1191,2.62,15,0.04
818.69,343345,24713,27,500,40,1.25,1,3.7,1191,2.62,15,0.05
819.91,343849,24737,27,504,24,1.22,1,3.7,1191,2.62,5,0.01
821.15,344349,24777,27,500,40,1.24,1,3.7,1191,2.62,0,0
822.3,344850,24801,27,501,24,1.15,1,3.7,1191,2.62,175,0.37
823.51,345351,24829,27,501,28,1.22,1,3.7,1191,2.62,275,0.68
824.71,345853,24861,27,502,32,1.19,1,3.7,1191,2.62,30,0.06
825.93,346354,24885,27,501,24,1.22,1,3.7,1191,2.62,340,0.82
827.18,346858,24901,27,504,16,1.25,1,3.7,1191,2.62,280,0.69
828.4,347361,24961,27,503,60,1.22,1,3.7,1191,2.62,25,0.07
829.64,347861,24977,27,500,16,1.24,1,3.7,1191,2.62,35,0.09
830.83,348363,25005,27,502,28,1.19,1,3.7,1191,2.62,35,0.07
832.15,348867,25041,27,504,36,1.32,1,3.7,1191,2.62,25,0.06
833.32,349368,25057,27,501,16,1.18,1,3.7,1191,2.62,145,0.36
834.46,349868,25073,27,500,16,1.13,1,3.7,1191,2.62,15,0.03
835.63,350368,25093,27,500,20,1.18,1,3.7,1191,2.62,40,0.11
836.89,350870,25117,27,502,24,1.26,1,3.7,1191,2.62,170,0.45
838.17,351374,25141,27,504,24,1.28,1,3.7,1191,2.62,95,0.21
839.26,351877,25173,27,503,32,1.09,1,3.7,1191,2.62,35,0.08
840.56,352380,25197,27,503,24,1.3,1,3.7,1191,2.62,70,0.17
841.77,352881,25233,27,501,36,1.21,1,3.7,1191,2.62,95,0.24
843.04,353385,25273,27,504,40,1.28,1,3.7,1191,2.62,20,0.04
844.22,353888,25301,27,503,28,1.17,1,3.7,1191,2.62,105,0.3
845.28,354390,25325,27,502,24,1.06,1,3.7,1191,2.62,85,0.18
846.48,354891,25369,27,501,44,1.2,1,3.7,1191,2.62,35,0.09
847.76,355392,25393,27,501,24,1.29,1,3.7,1191,2.62,125,0.32
848.95,355894,25413,27,502,20,1.19,1,3.7,1191,2.62,40,0.1
850.25,356395,25457,27,501,44,1.3,1,3.7,1191,2.62,60,0.16
851.45,356898,25481,27,503,24,1.2,1,3.7,1191,2.62,20,0.05
852.53,357399,25513,27,501,32,1.08,1,3.7,1191,2.62,165,0.35
853.61,357900,25537,27,501,24,1.09,1,3.7,1191,2.62,70,0.14
854.96,358400,25577,27,500,40,1.35,1,3.7,1191,2.62,25,0.07
856.1,358903,25597,27,503,20,1.14,1,3.7,1191,2.62,115,0.28
857.28,359404,25629,27,501,32,1.18,1,3.7,1191,2.62,70,0.16
858.46,359907,25669,27,503,40,1.18,1,3.7,1191,2.62,10,0.02
859.67,360410,25689,27,503,20,1.21,1,3.7,1191,2.62,35,0.09
860.9,360911,25729,27,501,40,1.23,1,3.7,1191,2.62,60,0.16
862.15,361411,25753,27,500,24,1.25,1,3.7,1191,2.62,25,0.05
863.33,361915,25781,27,504,28,1.18,1,3.7,1191,2.62,5,0.01
864.39,362418,25825,27,503,44,1.06,1,3.7,1191,2.62,40,0.08
865.65,362920,25849,27,502,24,1.25,1,3.7,1191,2.62,145,0.35
866.82,363420,25889,27,500,40,1.17,1,3.7,1191,2.62,5,0.02
868.02,363924,25925,27,504,36,1.2,1,3.7,1191,2.62,15,0.03
869.15,364424,25949,27,500,24,1.13,1,3.7,1191,2.62,140,0.33
870.22,364924,25969,27,500,20,1.07,1,3.7,1191,2.62,170,0.34
871.37,365424,25997,27,500,28,1.15,1,3.7,1191,2.62,5,0.01
872.51,365925,26017,27,501,20,1.14,1,3.7,1191,2.62,50,0.11
873.71,366428,26025,27,503,8,1.2,1,3.7,1191,2.62,350,0.83
874.86,366931,26053,27,503,28,1.15,1,3.7,1191,2.62,10,0.02
876.06,367433,26073,27,502,20,1.21,1,3.7,1191,2.62,95,0.21
877.16,367937,26097,27,504,24,1.09,1,3.7,1191,2.62,10,0.03
878.35,368437,26129,27,500,32,1.2,1,3.7,1191,2.62,40,0.08
879.55,368938,26153,27,501,24,1.19,1,3.7,1191,2.62,60,0.12
880.65,369440,26197,27,502,44,1.1,1,3.7,1191,2.62,50,0.12
881.84,369941,26217,27,501,20,1.19,1,3.7,1191,2.62,95,0.22
882.96,370441,26237,27,500,20,1.12,1,3.7,1191,2.62,110,0.24
884.15,370945,26253,27,504,16,1.19,1,3.7,1191,2.62,70,0.16
885.28,371445,26313,27,500,60,1.13,1,3.7,1191,2.62,60,0.14
886.46,371945,26357,27,500,44,1.18,1,3.7,1191,2.62,60,0.15
887.76,372445,26377,27,500,20,1.3,1,3.7,1191,2.62,145,0.37
888.92,372947,26417,27,502,40,1.17,1,3.7,1191,2.62,140,0.33
890.17,373450,26441,27,503,24,1.25,1,3.7,1191,2.62,105,0.24
891.36,373950,26489,27,500,48,1.19,1,3.7,1191,2.62,15,0.04
892.51,374453,26517,27,503,28,1.16,1,3.7,1191,2.62,75,0.18
893.59,374953,26549,27,500,32,1.08,1,3.7,1191,2.62,40,0.11
894.83,375455,26573,27,502,24,1.24,1,3.7,1191,2.62,60,0.13
895.99,375958,26613,27,503,40,1.17,1,3.7,1191,2.62,5,0.01
897.25,376461,26641,27,503,28,1.26,1,3.7,1191,2.62,155,0.38
898.42,376962,26661,27,501,20,1.16,1,3.7,1191,2.62,35,0.08
899.63,377464,26685,27,502,24,1.21,1,3.7,1191,2.62,25,0.05
900.78,377967,26701,27,503,16,1.16,1,3.7,1191,2.62,30,0.06
901.89,378470,26713,27,503,12,1.11,1,3.7,1191,2.62,395,0.86
903.02,378971,26741,27,501,28,1.14,1,3.7,1191,2.62,20,0.06
904.14,379472,26781,27,501,40,1.11,1,3.7,1191,2.62,50,0.14
905.39,379972,26837,27,500,56,1.25,1,3.7,1191,2.62,35,0.08
906.6,380476,26877,27,504,40,1.21,1,3.7,1191,2.62,15,0.03
907.84,380978,26897,27,502,20,1.24,1,3.7,1191,2.62,5,0.01
909,381482,26909,27,504,12,1.16,1,3.7,1191,2.62,35,0.08
910,381984,26933,27,502,24,1,1,3.7,1191,2.62,50,0.1
911.14,382484,26965,27,500,32,1.15,1,3.7,1191,2.62,45,0.1
912.3,382985,26997,27,501,32,1.16,1,3.7,1191,2.62,85,0.18
913.45,383485,27033,27,500,36,1.15,1,3.7,1191,2.62,105,0.26
914.6,383987,27053,27,502,20,1.15,1,3.7,1191,2.62,140,0.29
915.76,384491,27089,27,504,36,1.16,1,3.7,1191,2.62,45,0.09
917.02,384992,27113,27,501,24,1.26,1,3.7,1191,2.62,10,0.02
918.12,385495,27133,27,503,20,1.1,1,3.7,1191,2.62,40,0.08
919.4,385999,27161,27,504,28,1.28,1,3.7,1191,2.62,50,0.13
920.61,386500,27173,27,501,12,1.21,1,3.7,1191,2.62,20,0.04
921.77,387002,27205,27,502,32,1.16,1,3.7,1191,2.62,5,0.01
922.98,387504,27245,27,502,40,1.21,1,3.7,1191,2.62,5,0.01
924.11,388005,27265,27,501,20,1.13,1,3.7,1191,2.62,195,0.46
925.22,388505,27281,27,500,16,1.11,1,3.7,1191,2.62,40,0.08
926.37,389007,27297,27,502,16,1.14,1,3.7,1191,2.62,200,0.48
927.63,389508,27317,27,501,20,1.27,1,3.7,1191,2.62,140,0.35
928.67,390009,27349,27,501,32,1.04,1,3.7,1191,2.62,35,0.07
929.74,390512,27373,27,503,24,1.08,1,3.7,1191,2.62,100,0.22
930.93,391016,27389,27,504,16,1.18,1,3.7,1191,2.62,30,0.05
932.08,391518,27409,27,502,20,1.15,1,3.7,1191,2.62,65,0.15
933.29,392021,27429,27,503,20,1.21,1,3.7,1191,2.62,70,0.16
934.39,392523,27457,27,502,28,1.1,1,3.7,1191,2.62,85,0.19
935.69,393026,27501,27,503,44,1.3,1,3.7,1191,2.62,5,0.02
936.95,393530,27525,27,504,24,1.27,1,3.7,1191,2.62,10,0.02
938.25,394030,27549,27,500,24,1.3,1,3.7,1191,2.62,10,0.02
939.48,394530,27593,27,500,44,1.23,1,3.7,1191,2.62,25,0.06
940.69,395031,27617,27,501,24,1.21,1,3.7,1191,2.62,45,0.1
941.74,395531,27641,27,500,24,1.04,1,3.7,1191,2.62,45,0.12
942.9,396031,27657,27,500,16,1.16,1,3.7,1191,2.62,20,0.05
944.09,396531,27701,27,500,44,1.19,1,3.7,1191,2.62,25,0.06
945.31,397034,27721,27,503,20,1.22,1,3.7,1191,2.62,45,0.12
946.44,397537,27745,27,503,24,1.13,1,3.7,1191,2.62,35,0.08
947.54,398037,27761,27,500,16,1.1,1,3.7,1191,2.62,65,0.16
948.67,398541,27777,27,504,16,1.13,1,3.7,1191,2.62,370,0.81
949.74,399043,27801,27,502,24,1.07,1,3.7,1191,2.62,95,0.19
950.94,399547,27825,27,504,24,1.2,1,3.7,1191,2.62,20,0.05
952.17,400051,27841,27,504,16,1.23,1,3.7,1191,2.62,15,0.04
953.52,400552,27877,27,501,36,1.35,1,3.7,1191,2.62,15,0.04
954.71,401053,27921,27,501,44,1.2,1,3.7,1191,2.62,95,0.21
955.96,401554,27969,27,501,48,1.25,1,3.7,1191,2.62,30,0.07
957.08,402054,27989,27,500,20,1.11,1,3.7,1191,2.62,65,0.15
958.23,402555,28017,27,501,28,1.16,1,3.7,1191,2.62,45,0.1
959.36,403059,28049,27,504,32,1.13,1,3.7,1191,2.62,50,0.13
960.44,403562,28089,27,503,40,1.07,1,3.7,1191,2.62,45,0.1
961.64,404063,28133,27,501,44,1.2,1,3.7,1191,2.62,80,0.2
962.82,404564,28161,27,501,28,1.19,1,3.7,1191,2.62,115,0.25
964.06,405068,28193,27,504,32,1.23,1,3.7,1191,2.62,25,0.06
965.22,405572,28221,27,504,28,1.16,1,3.7,1191,2.62,90,0.22
966.44,406075,28253,27,503,32,1.22,1,3.7,1191,2.62,10,0.03
967.61,406577,28285,27,502,32,1.17,1,3.7,1191,2.62,25,0.05
968.76,407081,28301,27,504,16,1.15,1,3.7,1191,2.62,15,0.05
969.99,407584,28337,27,503,36,1.24,1,3.7,1191,2.62,55,0.13
971.21,408088,28369,27,504,32,1.22,1,3.7,1191,2.62,55,0.12
972.44,408592,28409,27,504,40,1.23,1,3.7,1191,2.62,40,0.1
973.7,409094,28445,27,502,36,1.26,1,3.7,1191,2.62,30,0.08
974.97,409598,28473,27,504,28,1.27,1,3.7,1191,2.62,40,0.11
976.19,410099,28497,27,501,24,1.22,1,3.7,1191,2.62,105,0.27
977.58,410599,28521,27,500,24,1.39,1,3.7,1191,2.62,95,0.28
978.86,411103,28545,27,504,24,1.28,1,3.7,1191,2.62,45,0.11
980.12,411603,28577,27,500,32,1.26,1,3.7,1191,2.62,45,0.12
981.32,412107,28589,27,504,12,1.2,1,3.7,1191,2.62,120,0.29
982.55,412610,28621,27,503,32,1.23,1,3.7,1191,2.62,20,0.05
983.85,413111,28625,27,501,4,1.3,1,3.7,1191,2.62,185,0.43
985.03,413614,28657,27,503,32,1.18,1,3.7,1191,2.62,40,0.11
986.27,414114,28685,27,500,28,1.24,1,3.7,1191,2.62,130,0.29
987.28,414615,28725,27,501,40,1.01,1,3.7,1191,2.62,105,0.27
988.48,415116,28745,27,501,20,1.2,1,3.7,1191,2.62,100,0.26
989.66,415620,28769,27,504,24,1.18,1,3.7,1191,2.62,110,0.26
990.93,416124,28801,27,504,32,1.27,1,3.7,1191,2.62,20,0.04
992.09,416624,28821,27,500,20,1.17,1,3.7,1191,2.62,5,0.02
993.48,417124,28849,27,500,28,1.39,1,3.7,1191,2.62,25,0.07
994.64,417625,28873,27,501,24,1.16,1,3.7,1191,2.62,15,0.04
995.89,418128,28905,27,503,32,1.25,1,3.7,1191,2.62,60,0.16
997.12,418632,28921,27,504,16,1.23,1,3.7,1191,2.62,125,0.31
998.29,419134,28945,27,502,24,1.17,1,3.7,1191,2.62,35,0.1
999.39,419637,28977,27,503,32,1.09,1,3.7,1191,2.62,15,0.04
1000.63,420139,28997,27,502,20,1.24,1,3.7,1191,2.62,35,0.09
1002.08,420640,29021,27,501,24,1.45,1,3.7,1191,2.62,5,0.02
1003.3,421143,29045,27,503,24,1.22,1,3.7,1191,2.62,55,0.13
1004.5,421646,29077,27,503,32,1.2,1,3.7,1191,2.62,30,0.07
1005.64,422146,29113,27,500,36,1.14,1,3.7,1191,2.62,5,0.01
1006.88,422648,29133,27,502,20,1.25,1,3.7,1191,2.62,120,0.28
1008,423151,29149,27,503,16,1.11,1,3.7,1191,2.62,100,0.22
1009.18,423652,29169,27,501,20,1.19,1,3.7,1191,2.62,45,0.13
1010.85,424152,29201,27,500,32,1.66,1,3.7,1191,2.62,100,0.31
1012.31,424652,29225,27,500,24,1.46,1,3.7,1191,2.62,45,0.12
1013.81,425156,29249,27,504,24,1.5,1,3.7,1191,2.62,105,0.26
1015.09,425656,29289,27,500,40,1.29,1,3.7,1191,2.62,110,0.3
1016.34,426158,29317,27,502,28,1.24,1,3.7,1191,2.62,50,0.11
1017.56,426659,29341,27,501,24,1.22,1,3.7,1191,2.62,65,0.15
1018.86,427161,29381,27,502,40,1.3,1,3.7,1191,2.62,35,0.1
1020.08,427665,29401,27,504,20,1.23,1,3.7,1191,2.62,5,0.01
1021.3,428166,29425,27,501,24,1.22,1,3.7,1191,2.62,20,0.04
1022.49,428670,29457,27,504,32,1.19,1,3.7,1191,2.62,15,0.05
1023.69,429170,29505,27,500,48,1.2,1,3.7,1191,2.62,100,0.26
1024.84,429674,29529,27,504,24,1.16,1,3.7,1191,2.62,50,0.12
1026.15,430174,29557,27,500,28,1.31,1,3.7,1191,2.62,75,0.19
1.08,501,5445,27,501,5445,1.08,4,14.81,236,0.5,20,0.04
2.08,1005,5616,27,504,171,1,6,22.22,236,0.5,105,0.21
3.22,1508,5622,28,503,6,1.14,2,7.14,327,0.72,80,0.15
4.3,2010,5622,28,502,0,1.07,2,7.14,401,0.85,10,0.02
5.45,2510,5622,28,500,0,1.15,0,0,401,0.85,510,1.18
6.56,3011,5622,28,501,0,1.11,3,10.71,621,1.41,55,0.13
7.87,3511,5622,28,500,0,1.31,0,0,621,1.41,555,1.43
8.96,4011,5622,28,500,0,1.09,2,7.14,869,2.11,20,0.05
10.03,4511,5622,28,500,0,1.07,0,0,869,2.11,520,1.12
11.14,5011,5622,28,500,0,1.11,0,0,869,2.11,1020,2.23
12.32,5511,5622,28,500,0,1.18,0,0,869,2.11,1520,3.41
13.5,6014,5635,28,503,13,1.18,1,3.57,1547,3.47,155,0.39
14.7,6515,5648,28,501,13,1.2,2,7.14,1547,3.47,225,0.49
15.83,7015,5648,28,500,0,1.13,0,0,1547,3.47,725,1.62
16.85,7516,5652,28,501,4,1.02,1,3.57,1547,3.47,225,0.47
17.94,8018,5656,28,502,4,1.09,1,3.57,1547,3.47,500,1.08
18.98,8521,5660,27,503,4,1.04,2,7.41,1547,3.47,85,0.15
19.97,9021,5660,27,500,0,0.99,0,0,1547,3.47,585,1.14
21.01,9521,5660,27,500,0,1.04,0,0,1547,3.47,1085,2.18
22.12,10021,5660,27,500,0,1.11,0,0,1547,3.47,1585,3.29
23.19,10525,5660,26,504,0,1.07,1,3.85,2034,4.25,55,0.11
24.29,11025,5660,26,500,0,1.1,0,0,2034,4.25,555,1.21
25.31,11525,5660,26,500,0,1.02,0,0,2034,4.25,1055,2.23
26.31,12025,5660,26,500,0,1,0,0,2034,4.25,1555,3.22
27.32,12525,5660,26,500,0,1.01,0,0,2034,4.25,2055,4.24
28.45,13026,5664,26,501,4,1.13,1,3.85,2411,5.04,145,0.32
29.61,13526,5668,26,500,4,1.17,1,3.85,2411,5.04,470,1.1
30.6,14028,5676,26,502,8,0.99,1,3.85,2411,5.04,360,0.7
31.59,14528,5676,26,500,0,0.99,0,0,2411,5.04,860,1.69
32.59,15028,5676,26,500,0,1,0,0,2411,5.04,1360,2.69
33.69,15528,5676,26,500,0,1.1,0,0,2411,5.04,1860,3.79
34.87,16028,5676,26,500,0,1.18,0,0,2411,5.04,2360,4.97
35.88,16531,5688,26,503,12,1.01,1,3.85,2511,5.3,40,0.07
36.9,17032,5692,26,501,4,1.02,1,3.85,2511,5.3,425,0.87
38.03,17533,5704,26,501,12,1.13,2,7.69,2511,5.3,140,0.33
39.09,18036,5720,26,503,16,1.05,2,7.69,2511,5.3,30,0.06
40.21,18540,5728,26,504,8,1.12,2,7.69,2511,5.3,20,0.04
41.24,19040,5728,26,500,0,1.04,0,0,2511,5.3,520,1.07
42.29,19543,5736,26,503,8,1.04,1,3.85,2511,5.3,60,0.12
43.32,20046,5744,26,503,8,1.04,1,3.85,2511,5.3,90,0.21
44.51,20549,5756,26,503,12,1.19,1,3.85,2511,5.3,0,0
45.65,21050,5784,26,501,28,1.14,2,7.69,2511,5.3,30,0.08
46.87,21550,5800,26,500,16,1.22,1,3.85,2511,5.3,235,0.56
48.02,22053,5824,26,503,24,1.15,1,3.85,2511,5.3,115,0.27
49.2,22557,5840,26,504,16,1.18,1,3.85,2511,5.3,255,0.58
50.37,23060,5852,26,503,12,1.16,1,3.85,2511,5.3,40,0.08
51.52,23563,5872,26,503,20,1.15,1,3.85,2511,5.3,80,0.19
52.66,24067,5884,26,504,12,1.14,1,3.85,2511,5.3,230,0.54
53.82,24569,5888,26,502,4,1.16,1,3.85,2511,5.3,455,1.06
54.96,25071,5908,26,502,20,1.15,1,3.85,2511,5.3,5,0.02
56.11,25574,5920,26,503,12,1.14,1,3.85,2511,5.3,60,0.15
57.32,26077,5940,26,503,20,1.22,1,3.85,2511,5.3,35,0.09
58.47,26581,5968,26,504,28,1.15,1,3.85,2511,5.3,265,0.59
59.65,27084,6008,26,503,40,1.18,1,3.85,2511,5.3,25,0.06
60.91,27586,6016,26,502,8,1.26,1,3.85,2511,5.3,20,0.04
62.16,28088,6036,26,502,20,1.25,1,3.85,2511,5.3,35,0.1
63.41,28588,6060,26,500,24,1.25,1,3.85,2511,5.3,15,0.04
64.66,29091,6080,26,503,20,1.25,1,3.85,2511,5.3,30,0.07
65.79,29591,6096,26,500,16,1.13,1,3.85,2511,5.3,40,0.09
67.06,30094,6140,26,503,44,1.27,1,3.85,2511,5.3,25,0.06
68.28,30596,6148,26,502,8,1.22,1,3.85,2511,5.3,300,0.68
69.48,31096,6168,26,500,20,1.2,1,3.85,2511,5.3,80,0.19
70.7,31600,6172,26,504,4,1.22,1,3.85,2511,5.3,200,0.47
71.88,32100,6204,26,500,32,1.19,2,7.69,2511,5.3,55,0.13
73.1,32603,6232,26,503,28,1.21,1,3.85,2511,5.3,35,0.08
74.25,33105,6248,26,502,16,1.15,1,3.85,2511,5.3,155,0.34
75.51,33608,6268,26,503,20,1.26,1,3.85,2511,5.3,155,0.39
76.75,34108,6288,26,500,20,1.23,1,3.85,2511,5.3,30,0.07
77.94,34611,6316,26,503,28,1.19,1,3.85,2511,5.3,65,0.13
79.16,35115,6340,26,504,24,1.22,1,3.85,2511,5.3,120,0.31
80.41,35618,6360,26,503,20,1.25,1,3.85,2511,5.3,135,0.29
81.63,36121,6380,26,503,20,1.22,1,3.85,2511,5.3,35,0.08
82.87,36623,6416,26,502,36,1.24,1,3.85,2511,5.3,100,0.24
84.06,37126,6428,26,503,12,1.19,1,3.85,2511,5.3,90,0.23
85.28,37626,6456,26,500,28,1.22,1,3.85,2511,5.3,60,0.14
86.45,38126,6484,26,500,28,1.17,1,3.85,2511,5.3,10,0.02
87.69,38628,6508,26,502,24,1.24,1,3.85,2511,5.3,60,0.14
88.76,39130,6516,26,502,8,1.07,1,3.85,2511,5.3,120,0.23
89.93,39632,6544,26,502,28,1.17,1,3.85,2511,5.3,20,0.04
91.34,40132,6592,26,500,48,1.41,1,3.85,2511,5.3,15,0.04
92.69,40635,6604,26,503,12,1.35,1,3.85,2511,5.3,20,0.05
93.83,41137,6620,26,502,16,1.14,1,3.85,2511,5.3,55,0.13
94.98,41639,6648,26,502,28,1.14,1,3.85,2511,5.3,80,0.18
96.08,42140,6672,26,501,24,1.11,1,3.85,2511,5.3,260,0.54
97.25,42643,6700,26,503,28,1.17,1,3.85,2511,5.3,50,0.13
98.46,43146,6720,26,503,20,1.21,1,3.85,2511,5.3,85,0.19
99.64,43647,6748,26,501,28,1.19,1,3.85,2511,5.3,5,0.01
100.85,44148,6784,26,501,36,1.21,1,3.85,2511,5.3,30,0.08
101.97,44648,6800,26,500,16,1.12,1,3.85,2511,5.3,30,0.05
103.27,45148,6824,26,500,24,1.29,1,3.85,2511,5.3,35,0.09
104.38,45650,6844,26,502,20,1.11,1,3.85,2511,5.3,10,0.02
105.54,46151,6848,26,501,4,1.16,1,3.85,2511,5.3,70,0.15
106.69,46655,6876,26,504,28,1.14,1,3.85,2511,5.3,55,0.14
107.96,47155,6896,26,500,20,1.27,1,3.85,2511,5.3,100,0.23
109.05,47657,6924,26,502,28,1.09,1,3.85,2511,5.3,230,0.51
110.29,48160,6948,26,503,24,1.23,1,3.85,2511,5.3,35,0.08
111.46,48662,6968,26,502,20,1.17,1,3.85,2511,5.3,75,0.16
112.53,49165,6980,26,503,12,1.07,1,3.85,2511,5.3,15,0.03
113.74,49668,7000,26,503,20,1.21,1,3.85,2511,5.3,60,0.16
115.06,50172,7028,26,504,28,1.32,1,3.85,2511,5.3,75,0.16
116.27,50676,7048,26,504,20,1.21,1,3.85,2511,5.3,80,0.22
117.6,51178,7088,26,502,40,1.33,1,3.85,2511,5.3,35,0.09
118.73,51678,7100,26,500,12,1.13,1,3.85,2511,5.3,80,0.19
119.86,52182,7116,26,504,16,1.13,1,3.85,2511,5.3,275,0.58
121.01,52682,7116,26,500,0,1.16,0,0,2511,5.3,775,1.74
122.29,53186,7144,26,504,28,1.27,1,3.85,2511,5.3,25,0.07
123.51,53689,7164,26,503,20,1.23,1,3.85,2511,5.3,85,0.17
124.71,54190,7196,26,501,32,1.2,1,3.85,2511,5.3,35,0.09
125.86,54690,7220,26,500,24,1.15,1,3.85,2511,5.3,45,0.11
127.04,55191,7236,26,501,16,1.18,1,3.85,2511,5.3,110,0.28
128.21,55691,7264,26,500,28,1.17,2,7.69,2511,5.3,80,0.18
129.39,56191,7292,26,500,28,1.18,1,3.85,2511,5.3,5,0.01
130.65,56693,7324,26,502,32,1.26,2,7.69,2511,5.3,70,0.16
131.85,57196,7348,26,503,24,1.2,1,3.85,2511,5.3,10,0.03
133.1,57700,7376,26,504,28,1.25,1,3.85,2511,5.3,65,0.15
134.16,58202,7404,26,502,28,1.06,1,3.85,2511,5.3,15,0.03
135.29,58706,7440,26,504,36,1.13,1,3.85,2511,5.3,50,0.12
136.56,59207,7484,26,501,44,1.27,1,3.85,2511,5.3,10,0.02
137.92,59708,7516,26,501,32,1.36,1,3.85,2511,5.3,15,0.04
139.1,60208,7544,26,500,28,1.18,1,3.85,2511,5.3,125,0.31
140.39,60711,7568,26,503,24,1.29,1,3.85,2511,5.3,110,0.27
141.64,61211,7600,26,500,32,1.25,1,3.85,2511,5.3,210,0.59
142.76,61712,7652,26,501,52,1.12,1,3.85,2511,5.3,55,0.12
143.95,62214,7676,26,502,24,1.19,1,3.85,2511,5.3,205,0.47
145.06,62718,7700,26,504,24,1.11,1,3.85,2511,5.3,85,0.18
146.23,63218,7736,26,500,36,1.18,1,3.85,2511,5.3,60,0.15
147.6,63720,7756,26,502,20,1.37,1,3.85,2511,5.3,80,0.22
148.82,64224,7788,26,504,32,1.22,1,3.85,2511,5.3,45,0.11
150,64728,7816,26,504,28,1.18,1,3.85,2511,5.3,55,0.12
151.2,65229,7832,26,501,16,1.2,1,3.85,2511,5.3,270,0.7
152.37,65730,7860,26,501,28,1.18,1,3.85,2511,5.3,35,0.09
153.62,66233,7880,26,503,20,1.25,1,3.85,2511,5.3,220,0.53
154.97,66734,7924,26,501,44,1.35,1,3.85,2511,5.3,15,0.05
156.19,67238,7940,26,504,16,1.21,1,3.85,2511,5.3,105,0.23
157.31,67738,7968,26,500,28,1.13,1,3.85,2511,5.3,55,0.13
158.4,68238,7996,26,500,28,1.08,1,3.85,2511,5.3,30,0.06
159.6,68739,8028,26,501,32,1.21,1,3.85,2511,5.3,80,0.17
160.73,69239,8068,26,500,40,1.13,1,3.85,2511,5.3,20,0.04
161.87,69742,8092,26,503,24,1.14,1,3.85,2511,5.3,110,0.25
163.01,70244,8100,26,502,8,1.13,1,3.85,2511,5.3,280,0.62
164.05,70745,8128,26,501,28,1.04,1,3.85,2511,5.3,205,0.4
165.18,71245,8160,26,500,32,1.13,1,3.85,2511,5.3,30,0.07
166.3,71747,8184,26,502,24,1.12,1,3.85,2511,5.3,85,0.2
167.39,72248,8216,26,501,32,1.09,1,3.85,2511,5.3,130,0.29
168.55,72750,8252,26,502,36,1.16,1,3.85,2511,5.3,35,0.09
169.69,73250,8276,26,500,24,1.14,1,3.85,2511,5.3,125,0.25
170.85,73751,8288,26,501,12,1.16,1,3.85,2511,5.3,40,0.09
172.07,74251,8316,26,500,28,1.21,1,3.85,2511,5.3,55,0.13
173.21,74754,8348,26,503,32,1.14,1,3.85,2511,5.3,5,0.01
174.31,75256,8372,26,502,24,1.1,1,3.85,2511,5.3,5,0.01
175.54,75758,8400,26,502,28,1.23,1,3.85,2511,5.3,195,0.47
176.69,76258,8436,26,500,36,1.15,1,3.85,2511,5.3,25,0.06
177.94,76759,8472,26,501,36,1.24,1,3.85,2511,5.3,40,0.1
179.15,77262,8500,26,503,28,1.21,1,3.85,2511,5.3,95,0.22
180.35,77763,8516,26,501,16,1.2,1,3.85,2511,5.3,190,0.48
181.65,78263,8536,26,500,20,1.3,1,3.85,2511,5.3,35,0.08
182.8,78766,8560,26,503,24,1.15,1,3.85,2511,5.3,70,0.17
184.06,79269,8604,26,503,44,1.26,1,3.85,2511,5.3,15,0.05
185.31,79769,8632,26,500,28,1.24,1,3.85,2511,5.3,95,0.26
186.48,80271,8652,26,502,20,1.17,1,3.85,2511,5.3,105,0.24
187.69,80772,8672,26,501,20,1.21,1,3.85,2511,5.3,110,0.29
188.93,81273,8708,26,501,36,1.24,1,3.85,2511,5.3,5,0.01
190.14,81775,8744,26,502,36,1.21,2,7.69,2511,5.3,10,0.04
191.29,82276,8764,26,501,20,1.14,1,3.85,2511,5.3,55,0.12
192.46,82780,8788,26,504,24,1.17,1,3.85,2511,5.3,215,0.49
193.52,83281,8816,26,501,28,1.06,1,3.85,2511,5.3,5,0.02
194.7,83782,8840,26,501,24,1.17,1,3.85,2511,5.3,180,0.47
195.84,84282,8872,26,500,32,1.14,1,3.85,2511,5.3,35,0.08
197.08,84782,8912,26,500,40,1.24,1,3.85,2511,5.3,5,0.01
198.28,85285,8936,26,503,24,1.2,1,3.85,2511,5.3,60,0.12
199.48,85789,8980,26,504,44,1.2,1,3.85,2511,5.3,25,0.07
200.75,86293,9008,26,504,28,1.27,1,3.85,2511,5.3,15,0.04
201.98,86795,9044,26,502,36,1.23,1,3.85,2511,5.3,110,0.27
203.27,87299,9088,26,504,44,1.3,1,3.85,2511,5.3,25,0.06
204.49,87800,9128,26,501,40,1.22,1,3.85,2511,5.3,15,0.04
205.65,88302,9152,26,502,24,1.16,1,3.85,2511,5.3,5,0.01
206.82,88803,9172,26,501,20,1.17,1,3.85,2511,5.3,25,0.05
207.87,89305,9208,26,502,36,1.05,1,3.85,2511,5.3,135,0.3
209,89806,9236,26,501,28,1.13,1,3.85,2511,5.3,85,0.2
210.06,90308,9244,26,502,8,1.06,1,3.85,2511,5.3,185,0.38
211.19,90809,9264,26,501,20,1.13,1,3.85,2511,5.3,140,0.31
212.39,91313,9276,26,504,12,1.2,1,3.85,2511,5.3,35,0.08
213.53,91816,9300,26,503,24,1.14,1,3.85,2511,5.3,45,0.1
214.59,92320,9328,26,504,28,1.07,1,3.85,2511,5.3,110,0.23
215.74,92821,9348,26,501,20,1.15,1,3.85,2511,5.3,125,0.29
217.04,93322,9368,26,501,20,1.3,1,3.85,2511,5.3,25,0.06
218.2,93823,9384,26,501,16,1.16,1,3.85,2511,5.3,95,0.23
219.28,94324,9416,26,501,32,1.08,1,3.85,2511,5.3,100,0.21
220.51,94824,9448,26,500,32,1.23,1,3.85,2511,5.3,10,0.02
221.71,95324,9472,26,500,24,1.21,1,3.85,2511,5.3,100,0.23
222.89,95825,9492,26,501,20,1.18,1,3.85,2511,5.3,155,0.35
223.98,96325,9528,26,500,36,1.08,1,3.85,2511,5.3,0,0
225.18,96826,9556,26,501,28,1.2,1,3.85,2511,5.3,30,0.08
226.28,97329,9600,26,503,44,1.1,1,3.85,2511,5.3,165,0.35
227.41,97833,9632,26,504,32,1.13,1,3.85,2511,5.3,70,0.15
228.52,98333,9644,26,500,12,1.12,1,3.85,2511,5.3,90,0.21
229.68,98833,9660,26,500,16,1.16,1,3.85,2511,5.3,0,0
230.94,99334,9712,26,501,52,1.26,1,3.85,2511,5.3,10,0.03
232.13,99834,9736,26,500,24,1.19,1,3.85,2511,5.3,45,0.13
233.33,100338,9764,26,504,28,1.2,1,3.85,2511,5.3,55,0.13
234.54,100840,9792,26,502,28,1.2,1,3.85,2511,5.3,80,0.21
235.72,101342,9828,26,502,36,1.18,1,3.85,2511,5.3,115,0.26
236.89,101845,9856,26,503,28,1.17,1,3.85,2511,5.3,50,0.12
237.96,102349,9880,26,504,24,1.08,1,3.85,2511,5.3,135,0.31
239.17,102851,9924,26,502,44,1.21,1,3.85,2511,5.3,100,0.24
240.32,103355,9936,26,504,12,1.14,1,3.85,2511,5.3,255,0.57
241.5,103859,9952,26,504,16,1.18,1,3.85,2511,5.3,75,0.17
242.71,104359,9992,26,500,40,1.21,1,3.85,2511,5.3,10,0.01
243.91,104862,10040,26,503,48,1.2,1,3.85,2511,5.3,165,0.37
245.12,105362,10048,26,500,8,1.2,1,3.85,2511,5.3,60,0.14
246.29,105864,10072,26,502,24,1.17,1,3.85,2511,5.3,10,0.02
247.46,106365,10088,26,501,16,1.17,1,3.85,2511,5.3,235,0.56
248.77,106869,10100,26,504,12,1.31,1,3.85,2511,5.3,255,0.67
249.9,107372,10128,26,503,28,1.13,1,3.85,2511,5.3,10,0.03
251.02,107872,10164,26,500,36,1.12,1,3.85,2511,5.3,45,0.08
252.15,108376,10184,26,504,20,1.13,1,3.85,2511,5.3,60,0.15
253.43,108878,10208,26,502,24,1.28,1,3.85,2511,5.3,95,0.27
254.58,109378,10224,26,500,16,1.14,1,3.85,2511,5.3,50,0.11
255.83,109879,10252,26,501,28,1.25,1,3.85,2511,5.3,30,0.07
257.01,110383,10284,26,504,32,1.18,1,3.85,2511,5.3,85,0.17
258.1,110883,10304,26,500,20,1.09,1,3.85,2511,5.3,50,0.12
259.47,111385,10328,26,502,24,1.37,1,3.85,2511,5.3,150,0.37
260.7,111889,10360,26,504,32,1.24,1,3.85,2511,5.3,80,0.2
261.88,112392,10380,26,503,20,1.17,1,3.85,2511,5.3,130,0.29
263.08,112894,10428,26,502,48,1.2,1,3.85,2511,5.3,10,0.03
264.12,113398,10440,26,504,12,1.04,1,3.85,2511,5.3,110,0.24
265.29,113901,10480,26,503,40,1.17,1,3.85,2511,5.3,165,0.38
266.48,114403,10504,26,502,24,1.2,1,3.85,2511,5.3,135,0.31
267.62,114907,10536,26,504,32,1.14,1,3.85,2511,5.3,120,0.26
268.63,115408,10560,26,501,24,1.01,1,3.85,2511,5.3,70,0.15
269.72,115909,10580,26,501,20,1.09,1,3.85,2511,5.3,100,0.21
270.79,116409,10596,26,500,16,1.07,1,3.85,2511,5.3,0,0
271.96,116913,10636,26,504,40,1.17,1,3.85,2511,5.3,70,0.17
273.24,117413,10660,26,500,24,1.28,1,3.85,2511,5.3,130,0.31
274.34,117915,10680,26,502,20,1.1,1,3.85,2511,5.3,40,0.08
275.48,118418,10692,26,503,12,1.14,1,3.85,2511,5.3,320,0.75
276.74,118919,10728,26,501,36,1.25,1,3.85,2511,5.3,80,0.19
277.97,119420,10756,26,501,28,1.24,1,3.85,2511,5.3,35,0.09
279.2,119920,10792,26,500,36,1.22,1,3.85,2511,5.3,15,0.04
280.31,120423,10816,26,503,24,1.11,1,3.85,2511,5.3,200,0.42
281.38,120923,10836,26,500,20,1.07,1,3.85,2511,5.3,15,0.03
282.61,121427,10860,26,504,24,1.24,1,3.85,2511,5.3,85,0.19
283.71,121928,10896,26,501,36,1.09,1,3.85,2511,5.3,45,0.09
284.86,122430,10924,26,502,28,1.15,1,3.85,2511,5.3,5,0.01
285.97,122932,10972,26,502,48,1.12,1,3.85,2511,5.3,170,0.37
287.06,123435,11000,26,503,28,1.08,1,3.85,2511,5.3,10,0.02
288.14,123938,11020,26,503,20,1.08,1,3.85,2511,5.3,150,0.3
289.21,124440,11052,26,502,32,1.07,1,3.85,2511,5.3,5,0.01
290.39,124941,11060,26,501,8,1.18,1,3.85,2511,5.3,285,0.68
291.65,125443,11092,26,502,32,1.26,1,3.85,2511,5.3,35,0.08
292.92,125945,11104,26,502,12,1.27,1,3.85,2511,5.3,200,0.51
293.95,126446,11128,26,501,24,1.03,1,3.85,2511,5.3,220,0.44
295.07,126947,11172,26,501,44,1.12,1,3.85,2511,5.3,55,0.12
296.17,127451,11204,26,504,32,1.1,1,3.85,2511,5.3,170,0.36
297.25,127954,11224,26,503,20,1.08,1,3.85,2511,5.3,35,0.06
298.33,128454,11264,26,500,40,1.08,1,3.85,2511,5.3,100,0.2
299.28,128955,11288,26,501,24,0.96,1,3.85,2511,5.3,25,0.05
300.41,129459,11304,26,504,16,1.13,1,3.85,2511,5.3,45,0.12
301.57,129962,11348,26,503,44,1.16,1,3.85,2511,5.3,10,0.03
302.77,130462,11372,26,500,24,1.21,1,3.85,2511,5.3,0,0
303.92,130964,11400,26,502,28,1.14,1,3.85,2511,5.3,70,0.15
305.14,131465,11424,26,501,24,1.22,1,3.85,2511,5.3,80,0.22
306.43,131969,11452,26,504,28,1.29,1,3.85,2511,5.3,45,0.13
307.86,132470,11488,26,501,36,1.44,1,3.85,2511,5.3,80,0.24
309.05,132970,11520,26,500,32,1.19,1,3.85,2511,5.3,120,0.27
310.23,133471,11548,26,501,28,1.19,1,3.85,2511,5.3,180,0.42
311.46,133975,11564,26,504,16,1.23,1,3.85,2511,5.3,20,0.05
312.61,134478,11576,26,503,12,1.15,1,3.85,2511,5.3,105,0.23
313.7,134978,11596,26,500,20,1.1,1,3.85,2511,5.3,50,0.12
314.82,135479,11628,26,501,32,1.12,1,3.85,2511,5.3,10,0.03
316.06,135980,11636,26,501,8,1.24,1,3.85,2511,5.3,245,0.54
317.29,136480,11672,26,500,36,1.22,1,3.85,2511,5.3,45,0.11
318.41,136981,11696,26,501,24,1.12,1,3.85,2511,5.3,15,0.04
319.6,137485,11720,26,504,24,1.19,1,3.85,2511,5.3,50,0.1
320.8,137987,11752,26,502,32,1.21,1,3.85,2511,5.3,95,0.22
322.02,138491,11780,26,504,28,1.21,1,3.85,2511,5.3,30,0.06
323.15,138995,11800,26,504,20,1.13,1,3.85,2511,5.3,45,0.11
324.28,139496,11816,26,501,16,1.13,1,3.85,2511,5.3,290,0.67
325.56,139996,11828,26,500,12,1.28,1,3.85,2511,5.3,95,0.28
326.88,140500,11844,26,504,16,1.32,1,3.85,2511,5.3,25,0.08
328.24,141001,11864,26,501,20,1.37,1,3.85,2511,5.3,175,0.47
329.34,141501,11888,26,500,24,1.1,1,3.85,2511,5.3,95,0.19
330.57,142004,11916,26,503,28,1.23,1,3.85,2511,5.3,205,0.53
331.7,142505,11948,26,501,32,1.13,1,3.85,2511,5.3,30,0.07
332.89,143008,11968,26,503,20,1.19,1,3.85,2511,5.3,60,0.14
334.2,143511,12008,26,503,40,1.31,1,3.85,2511,5.3,20,0.04
335.39,144012,12024,26,501,16,1.18,1,3.85,2511,5.3,45,0.1
336.71,144514,12056,26,502,32,1.32,1,3.85,2511,5.3,55,0.14
338.04,145017,12080,26,503,24,1.33,1,3.85,2511,5.3,10,0.02
339.26,145518,12100,26,501,20,1.23,1,3.85,2511,5.3,55,0.15
340.53,146020,12120,26,502,20,1.26,1,3.85,2511,5.3,145,0.34
341.75,146521,12140,26,501,20,1.22,1,3.85,2511,5.3,60,0.15
342.92,147022,12156,26,501,16,1.18,1,3.85,2511,5.3,120,0.26
343.98,147523,12180,26,501,24,1.05,1,3.85,2511,5.3,70,0.17
345.23,148024,12208,26,501,28,1.25,1,3.85,2511,5.3,0,0
346.42,148524,12252,26,500,44,1.19,1,3.85,2511,5.3,45,0.11
347.52,149024,12312,26,500,60,1.1,1,3.85,2511,5.3,10,0.03
348.54,149524,12336,26,500,24,1.02,1,3.85,2511,5.3,80,0.16
349.68,150024,12372,26,500,36,1.14,1,3.85,2511,5.3,100,0.26
350.93,150525,12396,26,501,24,1.26,1,3.85,2511,5.3,145,0.38
352.08,151025,12416,26,500,20,1.15,1,3.85,2511,5.3,285,0.63
353.24,151526,12452,26,501,36,1.16,1,3.85,2511,5.3,40,0.1
354.36,152030,12468,26,504,16,1.13,1,3.85,2511,5.3,75,0.16
355.53,152533,12508,26,503,40,1.17,1,3.85,2511,5.3,5,0.01
356.71,153037,12540,26,504,32,1.18,1,3.85,2511,5.3,35,0.08
357.81,153540,12568,26,503,28,1.1,1,3.85,2511,5.3,30,0.08
358.93,154041,12592,26,501,24,1.12,1,3.85,2511,5.3,210,0.44
360.13,154545,12616,26,504,24,1.2,1,3.85,2511,5.3,135,0.33
361.29,155048,12640,26,503,24,1.16,1,3.85,2511,5.3,50,0.14
362.47,155548,12668,26,500,28,1.19,1,3.85,2511,5.3,90,0.18
363.53,156052,12692,26,504,24,1.06,1,3.85,2511,5.3,65,0.15
364.67,156556,12720,26,504,28,1.13,1,3.85,2511,5.3,15,0.04
365.83,157058,12740,26,502,20,1.16,1,3.85,2511,5.3,130,0.27
367.01,157558,12764,26,500,24,1.18,1,3.85,2511,5.3,120,0.28
368.16,158060,12788,26,502,24,1.15,1,3.85,2511,5.3,15,0.04
369.59,158564,12808,26,504,20,1.44,2,7.69,2511,5.3,140,0.47
370.83,159067,12840,26,503,32,1.24,1,3.85,2511,5.3,65,0.14
372.21,159568,12872,26,501,32,1.37,1,3.85,2511,5.3,20,0.05
373.51,160068,12900,26,500,28,1.3,1,3.85,2511,5.3,25,0.06
374.8,160568,12936,26,500,36,1.3,1,3.85,2511,5.3,0,0
375.95,161070,12948,26,502,12,1.15,1,3.85,2511,5.3,215,0.51
377.17,161570,12976,26,500,28,1.21,1,3.85,2511,5.3,0,0
378.27,162070,13012,26,500,36,1.1,1,3.85,2511,5.3,110,0.26
379.49,162573,13040,26,503,28,1.22,1,3.85,2511,5.3,35,0.08
380.65,163073,13072,26,500,32,1.16,1,3.85,2511,5.3,10,0.02
381.8,163576,13104,26,503,32,1.15,1,3.85,2511,5.3,5,0.01
383.01,164079,13128,26,503,24,1.21,1,3.85,2511,5.3,75,0.17
384.2,164580,13156,26,501,28,1.19,1,3.85,2511,5.3,70,0.17
385.5,165080,13184,26,500,28,1.3,1,3.85,2511,5.3,65,0.17
386.66,165580,13208,26,500,24,1.16,1,3.85,2511,5.3,15,0.04
387.85,166082,13228,26,502,20,1.19,1,3.85,2511,5.3,35,0.09
388.94,166583,13260,26,501,32,1.09,1,3.85,2511,5.3,130,0.28
390.08,167086,13280,26,503,20,1.15,1,3.85,2511,5.3,110,0.25
391.18,167590,13332,26,504,52,1.1,1,3.85,2511,5.3,85,0.17
392.45,168091,13352,26,501,20,1.27,1,3.85,2511,5.3,50,0.12
393.63,168592,13388,26,501,36,1.18,1,3.85,2511,5.3,45,0.11
394.7,169094,13408,26,502,20,1.07,1,3.85,2511,5.3,50,0.11
395.88,169595,13436,26,501,28,1.18,1,3.85,2511,5.3,30,0.09
397.1,170095,13480,26,500,44,1.22,1,3.85,2511,5.3,5,0.01
398.23,170598,13516,26,503,36,1.13,1,3.85,2511,5.3,5,0.01
399.49,171102,13544,26,504,28,1.26,1,3.85,2511,5.3,60,0.16
400.69,171606,13568,26,504,24,1.2,1,3.85,2511,5.3,200,0.5
401.98,172110,13600,26,504,32,1.28,1,3.85,2511,5.3,15,0.03
403.12,172614,13624,26,504,24,1.14,1,3.85,2511,5.3,15,0.04
404.29,173116,13660,26,502,36,1.17,1,3.85,2511,5.3,20,0.03
405.45,173616,13720,26,500,60,1.17,1,3.85,2511,5.3,20,0.04
406.76,174116,13768,26,500,48,1.3,1,3.85,2511,5.3,120,0.39
408.24,174618,13776,26,502,8,1.48,1,3.85,2511,5.3,185,0.58
409.68,175121,13804,26,503,28,1.44,1,3.85,2511,5.3,25,0.06
410.99,175621,13836,26,500,32,1.31,1,3.85,2511,5.3,115,0.3
412.18,176124,13876,26,503,40,1.19,1,3.85,2511,5.3,20,0.05
413.37,176628,13904,26,504,28,1.19,1,3.85,2511,5.3,35,0.08
414.55,177128,13936,26,500,32,1.18,1,3.85,2511,5.3,5,0.01
415.8,177632,13972,26,504,36,1.25,1,3.85,2511,5.3,25,0.08
417.01,178133,14004,26,501,32,1.21,1,3.85,2511,5.3,25,0.07
418.19,178637,14040,26,504,36,1.18,1,3.85,2511,5.3,50,0.12
419.28,179140,14072,26,503,32,1.09,1,3.85,2511,5.3,220,0.45
420.36,179643,14080,26,503,8,1.08,1,3.85,2511,5.3,145,0.36
421.59,180146,14120,26,503,40,1.23,1,3.85,2511,5.3,10,0.02
422.67,180646,14136,26,500,16,1.08,1,3.85,2511,5.3,55,0.13
423.81,181146,14168,26,500,32,1.14,1,3.85,2511,5.3,5,0.01
424.99,181647,14184,26,501,16,1.18,1,3.85,2511,5.3,135,0.35
426.2,182149,14208,26,502,24,1.21,1,3.85,2511,5.3,190,0.46
427.39,182653,14220,26,504,12,1.19,1,3.85,2511,5.3,190,0.44
428.65,183156,14256,26,503,36,1.26,1,3.85,2511,5.3,80,0.2
429.89,183658,14284,26,502,28,1.23,1,3.85,2511,5.3,25,0.08
431.16,184159,14328,26,501,44,1.27,1,3.85,2511,5.3,5,0.01
432.31,184659,14364,26,500,36,1.15,1,3.85,2511,5.3,40,0.09
433.44,185159,14400,26,500,36,1.13,1,3.85,2511,5.3,30,0.05
434.63,185659,14432,26,500,32,1.19,1,3.85,2511,5.3,10,0.02
436.07,186163,14460,26,504,28,1.44,1,3.85,2511,5.3,20,0.04
437.26,186666,14480,26,503,20,1.19,1,3.85,2511,5.3,75,0.18
438.46,187170,14496,26,504,16,1.19,1,3.85,2511,5.3,170,0.41
439.73,187671,14520,26,501,24,1.27,1,3.85,2511,5.3,35,0.08
441.01,188175,14552,26,504,32,1.28,1,3.85,2511,5.3,60,0.17
442.27,188678,14564,26,503,12,1.26,1,3.85,2511,5.3,215,0.51
443.45,189178,14580,26,500,16,1.18,1,3.85,2511,5.3,5,0.01
444.71,189681,14608,26,503,28,1.26,1,3.85,2511,5.3,65,0.14
445.86,190183,14640,26,502,32,1.15,1,3.85,2511,5.3,70,0.17
447.12,190686,14648,26,503,8,1.26,1,3.85,2511,5.3,35,0.09
448.27,191188,14664,26,502,16,1.15,1,3.85,2511,5.3,85,0.2
449.46,191692,14680,26,504,16,1.19,1,3.85,2511,5.3,5,0.01
450.71,192193,14724,26,501,44,1.25,1,3.85,2511,5.3,25,0.07
452.13,192693,14752,26,500,28,1.42,1,3.85,2511,5.3,25,0.06
453.39,193194,14780,26,501,28,1.27,1,3.85,2511,5.3,20,0.06
454.64,193698,14808,26,504,28,1.24,1,3.85,2511,5.3,60,0.14
455.83,194202,14836,26,504,28,1.19,1,3.85,2511,5.3,20,0.05
456.94,194703,14868,26,501,32,1.11,1,3.85,2511,5.3,115,0.34
458.22,195204,14896,26,501,28,1.28,1,3.85,2511,5.3,5,0.01
459.29,195705,14932,26,501,36,1.07,1,3.85,2511,5.3,20,0.04
460.51,196209,14972,26,504,40,1.22,1,3.85,2511,5.3,15,0.04
461.72,196712,14980,26,503,8,1.2,1,3.85,2511,5.3,5,0.01
462.94,197213,15000,26,501,20,1.23,1,3.85,2511,5.3,25,0.06
464.18,197716,15040,26,503,40,1.24,1,3.85,2511,5.3,5,0.01
465.37,198220,15060,26,504,20,1.19,1,3.85,2511,5.3,15,0.05
466.61,198723,15100,26,503,40,1.24,1,3.85,2511,5.3,10,0.02
467.79,199225,15128,26,502,28,1.18,1,3.85,2511,5.3,120,0.27
468.88,199727,15132,26,502,4,1.1,1,3.85,2511,5.3,385,0.83
470,200229,15156,26,502,24,1.12,1,3.85,2511,5.3,90,0.18
471.19,200731,15188,26,502,32,1.18,1,3.85,2511,5.3,45,0.1
472.33,201234,15216,26,503,28,1.14,1,3.85,2511,5.3,60,0.15
473.58,201734,15252,26,500,36,1.25,1,3.85,2511,5.3,30,0.07
474.7,202238,15284,26,504,32,1.12,1,3.85,2511,5.3,80,0.19
475.83,202739,15296,26,501,12,1.12,1,3.85,2511,5.3,290,0.62
477.1,203242,15336,26,503,40,1.27,1,3.85,2511,5.3,20,0.05
478.27,203745,15364,26,503,28,1.17,1,3.85,2511,5.3,145,0.31
479.39,204245,15380,26,500,16,1.12,1,3.85,2511,5.3,110,0.23
480.62,204747,15416,26,502,36,1.22,1,3.85,2511,5.3,60,0.12
481.7,205249,15448,26,502,32,1.08,1,3.85,2511,5.3,55,0.11
482.86,205753,15460,26,504,12,1.16,1,3.85,2511,5.3,260,0.57
484.02,206255,15480,26,502,20,1.16,1,3.85,2511,5.3,220,0.52
485.17,206756,15504,26,501,24,1.15,1,3.85,2511,5.3,110,0.27
486.55,207259,15528,26,503,24,1.38,1,3.85,2511,5.3,90,0.25
487.89,207760,15544,26,501,16,1.34,1,3.85,2511,5.3,25,0.06
489.14,208263,15584,26,503,40,1.25,1,3.85,2511,5.3,75,0.2
490.36,208764,15612,26,501,28,1.22,1,3.85,2511,5.3,145,0.34
491.63,209266,15652,26,502,40,1.26,1,3.85,2511,5.3,30,0.09
492.96,209769,15688,26,503,36,1.34,1,3.85,2511,5.3,30,0.09
494.24,210273,15740,26,504,52,1.28,1,3.85,2511,5.3,15,0.04
495.35,210777,15772,26,504,32,1.11,1,3.85,2511,5.3,20,0.04
496.48,211278,15784,26,501,12,1.13,1,3.85,2511,5.3,95,0.21
497.61,211778,15784,26,500,0,1.13,0,0,2511,5.3,595,1.34
498.8,212282,15808,26,504,24,1.19,1,3.85,2511,5.3,30,0.07
499.87,212782,15820,26,500,12,1.08,1,3.85,2511,5.3,235,0.5
500.97,213283,15824,26,501,4,1.1,1,3.85,2511,5.3,10,0.02
502.15,213783,15880,26,500,56,1.18,1,3.85,2511,5.3,20,0.04
503.33,214286,15908,26,503,28,1.18,1,3.85,2511,5.3,50,0.11
504.47,214789,15936,26,503,28,1.14,1,3.85,2511,5.3,5,0.01
505.72,215291,15960,26,502,24,1.25,1,3.85,2511,5.3,10,0.03
506.94,215795,15992,26,504,32,1.22,1,3.85,2511,5.3,190,0.45
508.14,216298,16012,26,503,20,1.2,1,3.85,2511,5.3,20,0.04
509.36,216799,16064,26,501,52,1.22,1,3.85,2511,5.3,35,0.09
510.5,217299,16084,26,500,20,1.14,1,3.85,2511,5.3,45,0.09
511.53,217803,16112,26,504,28,1.03,1,3.85,2511,5.3,10,0.02
512.61,218306,16144,26,503,32,1.08,1,3.85,2511,5.3,70,0.16
513.74,218810,16160,26,504,16,1.13,1,3.85,2511,5.3,55,0.14
514.82,219311,16192,26,501,32,1.07,1,3.85,2511,5.3,5,0.01
515.85,219815,16220,26,504,28,1.04,1,3.85,2511,5.3,50,0.1
517.05,220315,16248,26,500,28,1.2,1,3.85,2511,5.3,70,0.18
518.19,220817,16268,26,502,20,1.14,1,3.85,2511,5.3,55,0.16
519.28,221317,16304,26,500,36,1.09,1,3.85,2511,5.3,5,0.01
520.44,221817,16340,26,500,36,1.16,1,3.85,2511,5.3,70,0.18
521.54,222318,16360,26,501,20,1.1,1,3.85,2511,5.3,45,0.11
522.69,222819,16392,26,501,32,1.14,1,3.85,2511,5.3,30,0.07
523.82,223321,16400,26,502,8,1.13,1,3.85,2511,5.3,10,0.03
524.98,223825,16428,26,504,28,1.16,1,3.85,2511,5.3,5,0.01
526.13,224327,16464,26,502,36,1.14,1,3.85,2511,5.3,95,0.23
527.19,224828,16492,26,501,28,1.07,1,3.85,2511,5.3,25,0.05
528.29,225328,16512,26,500,20,1.09,1,3.85,2511,5.3,110,0.24
529.4,225828,16544,26,500,32,1.11,1,3.85,2511,5.3,5,0.01
530.56,226329,16576,26,501,32,1.16,1,3.85,2511,5.3,15,0.03
531.71,226831,16620,26,502,44,1.15,1,3.85,2511,5.3,30,0.06
532.91,227335,16656,26,504,36,1.2,1,3.85,2511,5.3,115,0.3
534.11,227839,16688,26,504,32,1.2,1,3.85,2511,5.3,35,0.09
535.26,228339,16700,26,500,12,1.15,1,3.85,2511,5.3,50,0.1
536.4,228840,16720,26,501,20,1.14,1,3.85,2511,5.3,60,0.14
537.67,229343,16744,26,503,24,1.26,1,3.85,2511,5.3,105,0.26
538.86,229845,16768,26,502,24,1.19,1,3.85,2511,5.3,15,0.04
540.14,230346,16820,26,501,52,1.28,1,3.85,2511,5.3,40,0.12
541.24,230849,16840,26,503,20,1.11,1,3.85,2511,5.3,350,0.75
542.37,231349,16856,26,500,16,1.13,1,3.85,2511,5.3,40,0.09
543.43,231849,16864,26,500,8,1.06,1,3.85,2511,5.3,65,0.13
544.56,232352,16924,26,503,60,1.12,1,3.85,2511,5.3,60,0.12
545.69,232855,16952,26,503,28,1.13,1,3.85,2511,5.3,75,0.17
546.86,233358,16984,26,503,32,1.17,1,3.85,2511,5.3,70,0.17
548.01,233862,17028,26,504,44,1.15,1,3.85,2511,5.3,20,0.03
549.19,234364,17048,26,502,20,1.18,1,3.85,2511,5.3,40,0.09
550.37,234866,17084,26,502,36,1.19,1,3.85,2511,5.3,5,0.01
551.6,235366,17116,26,500,32,1.23,1,3.85,2511,5.3,45,0.08
552.75,235869,17152,26,503,36,1.15,1,3.85,2511,5.3,65,0.14
553.89,236369,17164,26,500,12,1.14,1,3.85,2511,5.3,120,0.28
555.03,236872,17192,26,503,28,1.14,1,3.85,2511,5.3,55,0.11
556.21,237375,17212,26,503,20,1.18,1,3.85,2511,5.3,125,0.31
557.47,237879,17260,26,504,48,1.25,1,3.85,2511,5.3,40,0.09
558.58,238383,17288,26,504,28,1.11,1,3.85,2511,5.3,5,0.01
559.67,238886,17308,26,503,20,1.09,1,3.85,2511,5.3,40,0.08
560.84,239390,17340,26,504,32,1.17,1,3.85,2511,5.3,20,0.04
561.96,239894,17364,26,504,24,1.12,1,3.85,2511,5.3,10,0.03
563.28,240397,17400,26,503,36,1.31,1,3.85,2511,5.3,40,0.11
564.5,240899,17416,26,502,16,1.22,1,3.85,2511,5.3,60,0.13
565.65,241400,17444,26,501,28,1.15,1,3.85,2511,5.3,100,0.25
566.69,241901,17468,26,501,24,1.04,1,3.85,2511,5.3,20,0.04
567.9,242404,17516,26,503,48,1.21,1,3.85,2511,5.3,35,0.08
569.08,242905,17564,26,501,48,1.18,1,3.85,2511,5.3,70,0.17
570.22,243409,17576,26,504,12,1.14,1,3.85,2511,5.3,225,0.51
571.36,243913,17600,26,504,24,1.13,1,3.85,2511,5.3,120,0.29
572.53,244416,17624,26,503,24,1.18,1,3.85,2511,5.3,25,0.05
573.72,244917,17648,26,501,24,1.19,1,3.85,2511,5.3,30,0.08
574.89,245421,17680,26,504,32,1.17,1,3.85,2511,5.3,75,0.16
576.2,245924,17704,26,503,24,1.3,1,3.85,2511,5.3,245,0.56
577.35,246427,17724,26,503,20,1.15,1,3.85,2511,5.3,150,0.33
578.56,246928,17748,26,501,24,1.21,1,3.85,2511,5.3,20,0.05
579.76,247429,17772,26,501,24,1.21,1,3.85,2511,5.3,80,0.18
580.88,247930,17800,26,501,28,1.12,1,3.85,2511,5.3,25,0.06
582.14,248434,17832,26,504,32,1.26,1,3.85,2511,5.3,10,0.02
583.26,248934,17884,26,500,52,1.12,1,3.85,2511,5.3,25,0.06
584.32,249435,17904,26,501,20,1.05,1,3.85,2511,5.3,35,0.08
585.57,249937,17936,26,502,32,1.25,1,3.85,2511,5.3,30,0.08
586.79,250438,17956,26,501,20,1.22,1,3.85,2511,5.3,10,0.02
587.99,250938,17976,26,500,20,1.19,1,3.85,2511,5.3,130,0.3
589.26,251440,18000,26,502,24,1.27,1,3.85,2511,5.3,90,0.22
590.49,251943,18040,26,503,40,1.23,1,3.85,2511,5.3,10,0.03
591.63,252444,18068,26,501,28,1.14,1,3.85,2511,5.3,40,0.08
592.7,252946,18084,26,502,16,1.07,1,3.85,2511,5.3,125,0.27
593.78,253447,18096,26,501,12,1.08,1,3.85,2511,5.3,235,0.52
594.87,253947,18112,26,500,16,1.1,1,3.85,2511,5.3,10,0.03
596.05,254449,18152,26,502,40,1.18,1,3.85,2511,5.3,20,0.04
597.22,254953,18184,26,504,32,1.17,1,3.85,2511,5.3,5,0.01
598.44,255453,18216,26,500,32,1.22,1,3.85,2511,5.3,85,0.24
599.74,255953,18252,26,500,36,1.3,1,3.85,2511,5.3,35,0.08
600.94,256455,18276,26,502,24,1.2,1,3.85,2511,5.3,85,0.17
602.02,256958,18304,26,503,28,1.08,1,3.85,2511,5.3,110,0.24
603.21,257459,18328,26,501,24,1.19,1,3.85,2511,5.3,105,0.27
604.38,257959,18376,26,500,48,1.17,1,3.85,2511,5.3,0,0
605.47,258460,18408,26,501,32,1.1,1,3.85,2511,5.3,175,0.39
606.66,258962,18444,26,502,36,1.19,1,3.85,2511,5.3,130,0.38
608.08,259464,18468,26,502,24,1.41,1,3.85,2511,5.3,110,0.29
609.33,259966,18492,26,502,24,1.25,1,3.85,2511,5.3,30,0.07
610.61,260468,18520,26,502,28,1.29,1,3.85,2511,5.3,25,0.08
611.98,260969,18536,26,501,16,1.37,1,3.85,2511,5.3,35,0.08
613.32,261469,18556,26,500,20,1.33,1,3.85,2511,5.3,10,0.03
614.62,261973,18604,26,504,48,1.31,1,3.85,2511,5.3,65,0.15
615.74,262474,18644,26,501,40,1.12,1,3.85,2511,5.3,120,0.31
617.01,262975,18672,26,501,28,1.26,1,3.85,2511,5.3,20,0.04
618.01,263478,18692,26,503,20,1,1,3.85,2511,5.3,150,0.32
619.16,263981,18712,26,503,20,1.15,1,3.85,2511,5.3,20,0.05
620.2,264483,18756,26,502,44,1.04,1,3.85,2511,5.3,15,0.04
621.4,264987,18792,26,504,36,1.2,1,3.85,2511,5.3,130,0.28
622.58,265490,18852,26,503,60,1.18,1,3.85,2511,5.3,85,0.19
623.8,265994,18864,26,504,12,1.22,1,3.85,2511,5.3,115,0.26
624.94,266495,18912,26,501,48,1.14,1,3.85,2511,5.3,15,0.04
626.14,266999,18932,26,504,20,1.2,1,3.85,2511,5.3,100,0.24
627.24,267501,18936,26,502,4,1.1,1,3.85,2511,5.3,475,1.04
628.52,268003,18964,26,502,28,1.28,1,3.85,2511,5.3,130,0.31
629.8,268506,19000,26,503,36,1.29,1,3.85,2511,5.3,55,0.13
630.88,269008,19032,26,502,32,1.07,1,3.85,2511,5.3,10,0.01
631.95,269508,19044,26,500,12,1.07,1,3.85,2511,5.3,15,0.03
633.19,270008,19064,26,500,20,1.24,1,3.85,2511,5.3,195,0.54
634.38,270509,19096,26,501,32,1.19,1,3.85,2511,5.3,105,0.22
635.38,271013,19112,26,504,16,1,1,3.85,2511,5.3,110,0.21
636.53,271516,19132,26,503,20,1.15,1,3.85,2511,5.3,65,0.15
637.77,272017,19156,26,501,24,1.24,1,3.85,2511,5.3,70,0.15
638.82,272518,19192,26,501,36,1.05,1,3.85,2511,5.3,80,0.19
639.95,273020,19236,26,502,44,1.13,1,3.85,2511,5.3,10,0.02
641.21,273523,19284,26,503,48,1.26,1,3.85,2511,5.3,30,0.06
642.32,274025,19292,26,502,8,1.11,1,3.85,2511,5.3,30,0.08
643.51,274525,19316,26,500,24,1.19,1,3.85,2511,5.3,0,0
644.68,275029,19332,26,504,16,1.17,1,3.85,2511,5.3,15,0.03
645.95,275531,19376,26,502,44,1.27,1,3.85,2511,5.3,155,0.41
647.13,276033,19408,26,502,32,1.19,1,3.85,2511,5.3,100,0.23
648.31,276536,19432,26,503,24,1.18,1,3.85,2511,5.3,75,0.2
649.51,277040,19448,26,504,16,1.2,1,3.85,2511,5.3,10,0.03
650.72,277540,19468,26,500,20,1.21,1,3.85,2511,5.3,50,0.12
651.89,278040,19492,26,500,24,1.16,1,3.85,2511,5.3,10,0.02
652.93,278541,19496,26,501,4,1.04,1,3.85,2511,5.3,475,0.99
654.1,279043,19520,26,502,24,1.17,1,3.85,2511,5.3,15,0.03
655.24,279545,19540,26,502,20,1.13,1,3.85,2511,5.3,150,0.35
656.37,280046,19584,26,501,44,1.14,1,3.85,2511,5.3,25,0.05
657.62,280546,19612,26,500,28,1.24,1,3.85,2511,5.3,25,0.07
658.85,281047,19628,26,501,16,1.23,1,3.85,2511,5.3,55,0.12
660.07,281551,19660,26,504,32,1.22,1,3.85,2511,5.3,15,0.03
661.29,282051,19696,26,500,36,1.22,1,3.85,2511,5.3,0,0
662.56,282552,19712,26,501,16,1.27,1,3.85,2511,5.3,190,0.43
663.76,283054,19728,26,502,16,1.2,1,3.85,2511,5.3,160,0.38
665.04,283554,19768,26,500,40,1.28,1,3.85,2511,5.3,50,0.13
666.24,284056,19804,26,502,36,1.2,1,3.85,2511,5.3,20,0.06
667.49,284556,19824,26,500,20,1.24,1,3.85,2511,5.3,40,0.08
668.75,285060,19872,26,504,48,1.26,1,3.85,2511,5.3,5,0.01
670,285560,19908,26,500,36,1.25,1,3.85,2511,5.3,60,0.17
671.15,286062,19944,26,502,36,1.15,1,3.85,2511,5.3,15,0.04
672.34,286562,19976,26,500,32,1.19,1,3.85,2511,5.3,0,0
673.44,287064,19996,26,502,20,1.09,1,3.85,2511,5.3,190,0.41
674.57,287568,20012,26,504,16,1.13,1,3.85,2511,5.3,80,0.18
675.58,288068,20040,26,500,28,1.01,1,3.85,2511,5.3,50,0.09
676.7,288569,20088,26,501,48,1.12,1,3.85,2511,5.3,20,0.05
677.86,289071,20096,26,502,8,1.16,1,3.85,2511,5.3,360,0.85
679.09,289572,20144,26,501,48,1.23,1,3.85,2511,5.3,40,0.1
680.23,290076,20164,26,504,20,1.14,1,3.85,2511,5.3,15,0.02
681.38,290577,20184,26,501,20,1.16,1,3.85,2511,5.3,75,0.19
682.56,291080,20220,26,503,36,1.18,1,3.85,2511,5.3,85,0.21
683.74,291581,20244,26,501,24,1.18,1,3.85,2511,5.3,100,0.23
684.92,292081,20280,26,500,36,1.18,1,3.85,2511,5.3,20,0.04
686.15,292581,20296,26,500,16,1.23,1,3.85,2511,5.3,185,0.48
687.43,293084,20316,26,503,20,1.27,1,3.85,2511,5.3,20,0.05
688.75,293586,20368,26,502,52,1.32,1,3.85,2511,5.3,35,0.08
689.89,294086,20384,26,500,16,1.15,1,3.85,2511,5.3,0,0
691.08,294588,20428,26,502,44,1.18,1,3.85,2511,5.3,40,0.1
692.19,295091,20456,26,503,28,1.11,1,3.85,2511,5.3,10,0.03
693.31,295591,20488,26,500,32,1.12,1,3.85,2511,5.3,15,0.04
694.48,296095,20512,26,504,24,1.17,1,3.85,2511,5.3,160,0.37
695.62,296599,20544,26,504,32,1.14,1,3.85,2511,5.3,15,0.04
696.79,297099,20564,26,500,20,1.17,1,3.85,2511,5.3,5,0.01
697.98,297601,20624,26,502,60,1.19,1,3.85,2511,5.3,25,0.05
699.21,298104,20648,26,503,24,1.23,1,3.85,2511,5.3,50,0.13
700.45,298604,20664,26,500,16,1.24,1,3.85,2511,5.3,70,0.18
701.54,299107,20684,26,503,20,1.1,1,3.85,2511,5.3,180,0.38
702.71,299607,20724,26,500,40,1.17,1,3.85,2511,5.3,45,0.09
703.84,300111,20760,26,504,36,1.13,1,3.85,2511,5.3,115,0.24
704.98,300612,20796,26,501,36,1.14,1,3.85,2511,5.3,5,0.02
706.2,301115,20808,26,503,12,1.22,1,3.85,2511,5.3,175,0.43
707.31,301617,20832,26,502,24,1.1,1,3.85,2511,5.3,30,0.09
708.46,302118,20860,26,501,28,1.15,1,3.85,2511,5.3,15,0.04
709.63,302621,20884,26,503,24,1.18,1,3.85,2511,5.3,25,0.07
710.86,303124,20916,26,503,32,1.23,1,3.85,2511,5.3,5,0.01
711.95,303627,20928,26,503,12,1.09,1,3.85,2511,5.3,325,0.69
713.09,304127,20960,26,500,32,1.14,1,3.85,2511,5.3,95,0.22
714.3,304629,20996,26,502,36,1.21,1,3.85,2511,5.3,90,0.21
715.41,305130,21016,26,501,20,1.11,1,3.85,2511,5.3,15,0.03
716.56,305631,21052,26,501,36,1.15,2,7.69,2511,5.3,80,0.17
717.79,306132,21076,26,501,24,1.22,1,3.85,2511,5.3,10,0.03
719.04,306633,21096,26,501,20,1.25,1,3.85,2511,5.3,45,0.12
720.15,307135,21116,26,502,20,1.11,1,3.85,2511,5.3,35,0.07
721.4,307635,21144,26,500,28,1.25,1,3.85,2511,5.3,140,0.36
722.61,308137,21172,26,502,28,1.21,1,3.85,2511,5.3,130,0.31
723.84,308640,21184,26,503,12,1.23,1,3.85,2511,5.3,70,0.2
724.99,309143,21220,26,503,36,1.15,1,3.85,2511,5.3,45,0.1
726.13,309645,21236,26,502,16,1.14,1,3.85,2511,5.3,0,0
727.33,310149,21256,26,504,20,1.2,1,3.85,2511,5.3,5,0.01
728.5,310652,21296,26,503,40,1.17,1,3.85,2511,5.3,30,0.07
729.73,311155,21332,26,503,36,1.23,1,3.85,2511,5.3,95,0.23
730.95,311658,21364,26,503,32,1.23,1,3.85,2511,5.3,95,0.26
732.1,312160,21388,26,502,24,1.15,1,3.85,2511,5.3,85,0.18
733.2,312662,21412,26,502,24,1.1,1,3.85,2511,5.3,35,0.07
734.35,313164,21428,26,502,16,1.14,1,3.85,2511,5.3,240,0.57
735.47,313664,21464,26,500,36,1.12,1,3.85,2511,5.3,65,0.16
736.62,314164,21492,26,500,28,1.15,1,3.85,2511,5.3,15,0.04
737.68,314664,21512,26,500,20,1.06,1,3.85,2511,5.3,30,0.06
738.78,315168,21544,26,504,32,1.1,1,3.85,2511,5.3,15,0.03
739.91,315670,21568,26,502,24,1.13,1,3.85,2511,5.3,50,0.11
741.07,316174,21588,26,504,20,1.16,1,3.85,2511,5.3,35,0.09
742.19,316678,21604,26,504,16,1.11,1,3.85,2511,5.3,170,0.33
743.23,317178,21636,26,500,32,1.04,1,3.85,2511,5.3,135,0.28
744.38,317678,21676,26,500,40,1.16,1,3.85,2511,5.3,55,0.12
745.52,318180,21708,26,502,32,1.14,1,3.85,2511,5.3,55,0.12
746.68,318682,21736,26,502,28,1.16,1,3.85,2511,5.3,280,0.63
747.81,319182,21756,26,500,20,1.13,1,3.85,2511,5.3,60,0.13
749.01,319683,21780,26,501,24,1.2,1,3.85,2511,5.3,110,0.28
750.17,320183,21824,26,500,44,1.16,1,3.85,2511,5.3,35,0.1
751.43,320686,21848,26,503,24,1.26,1,3.85,2511,5.3,70,0.16
752.59,321190,21872,26,504,24,1.16,1,3.85,2511,5.3,60,0.12
753.71,321693,21888,26,503,16,1.12,1,3.85,2511,5.3,80,0.2
755.04,322197,21916,26,504,28,1.32,1,3.85,2511,5.3,45,0.1
756.31,322698,21936,26,501,20,1.28,1,3.85,2511,5.3,280,0.72
757.58,323200,21960,26,502,24,1.27,1,3.85,2511,5.3,50,0.11
758.76,323701,21980,26,501,20,1.18,1,3.85,2511,5.3,170,0.41
759.97,324204,22020,26,503,40,1.21,1,3.85,2511,5.3,90,0.24
761.15,324706,22056,26,502,36,1.17,1,3.85,2511,5.3,80,0.19
762.69,325210,22084,26,504,28,1.55,1,3.85,2511,5.3,160,0.52
763.88,325710,22112,26,500,28,1.18,1,3.85,2511,5.3,30,0.07
765.2,326214,22144,26,504,32,1.33,1,3.85,2511,5.3,105,0.3
766.43,326718,22168,26,504,24,1.23,1,3.85,2511,5.3,5,0.01
767.73,327220,22196,26,502,28,1.3,1,3.85,2511,5.3,50,0.13
768.96,327721,22232,26,501,36,1.22,1,3.85,2511,5.3,15,0.03
770.28,328222,22288,26,501,56,1.33,1,3.85,2511,5.3,30,0.07
771.53,328726,22316,26,504,28,1.25,1,3.85,2511,5.3,90,0.23
772.74,329229,22340,26,503,24,1.2,1,3.85,2511,5.3,10,0.02
773.93,329730,22368,26,501,28,1.19,1,3.85,2511,5.3,105,0.21
775.12,330232,22392,26,502,24,1.19,1,3.85,2511,5.3,45,0.11
776.3,330733,22416,26,501,24,1.18,1,3.85,2511,5.3,20,0.04
777.46,331236,22424,26,503,8,1.16,1,3.85,2511,5.3,130,0.31
778.71,331739,22448,26,503,24,1.25,1,3.85,2511,5.3,120,0.31
780.06,332240,22484,26,501,36,1.35,1,3.85,2511,5.3,150,0.38
781.23,332742,22508,26,502,24,1.18,1,3.85,2511,5.3,55,0.16
782.36,333245,22528,26,503,20,1.13,1,3.85,2511,5.3,30,0.07
783.6,333747,22552,26,502,24,1.24,1,3.85,2511,5.3,105,0.22
784.7,334249,22588,26,502,36,1.1,1,3.85,2511,5.3,85,0.22
785.88,334750,22612,26,501,24,1.18,1,3.85,2511,5.3,155,0.34
787.15,335251,22632,26,501,20,1.27,1,3.85,2511,5.3,5,0.01
788.39,335751,22652,26,500,20,1.24,1,3.85,2511,5.3,0,0
789.63,336253,22676,26,502,24,1.24,1,3.85,2511,5.3,15,0.04
790.91,336756,22700,26,503,24,1.28,1,3.85,2511,5.3,75,0.19
792.17,337260,22728,26,504,28,1.26,1,3.85,2511,5.3,15,0.04
793.34,337762,22736,26,502,8,1.17,1,3.85,2511,5.3,440,1.04
794.65,338265,22780,26,503,44,1.31,1,3.85,2511,5.3,40,0.11
795.82,338765,22796,26,500,16,1.17,1,3.85,2511,5.3,65,0.14
797.01,339267,22836,26,502,40,1.19,1,3.85,2511,5.3,75,0.18
798.17,339769,22852,26,502,16,1.16,1,3.85,2511,5.3,20,0.04
799.41,340271,22880,26,502,28,1.25,1,3.85,2511,5.3,20,0.04
800.61,340775,22912,26,504,32,1.2,1,3.85,2511,5.3,35,0.07
801.79,341279,22924,26,504,12,1.18,1,3.85,2511,5.3,65,0.18
803.17,341782,22964,26,503,40,1.37,1,3.85,2511,5.3,15,0.04
804.38,342286,22988,26,504,24,1.21,1,3.85,2511,5.3,115,0.28
805.62,342790,23020,26,504,32,1.24,1,3.85,2511,5.3,25,0.07
806.97,343292,23052,26,502,32,1.35,1,3.85,2511,5.3,5,0.01
808.12,343792,23084,26,500,32,1.15,1,3.85,2511,5.3,0,0
809.34,344294,23140,26,502,56,1.23,1,3.85,2511,5.3,45,0.1
810.53,344797,23168,26,503,28,1.18,1,3.85,2511,5.3,170,0.41
812.28,345299,23216,26,502,48,1.75,1,3.85,2511,5.3,20,0.08
813.73,345802,23260,26,503,44,1.45,1,3.85,2511,5.3,40,0.11
815.09,346305,23296,26,503,36,1.36,1,3.85,2511,5.3,5,0.02
816.46,346808,23324,26,503,28,1.37,1,3.85,2511,5.3,190,0.56
817.64,347312,23364,26,504,40,1.18,1,3.85,2511,5.3,80,0.17
818.94,347813,23388,26,501,24,1.29,1,3.85,2511,5.3,75,0.19
820.15,348317,23432,26,504,44,1.21,1,3.85,2511,5.3,30,0.09
821.38,348821,23480,26,504,48,1.23,1,3.85,2511,5.3,5,0.01
822.54,349324,23520,26,503,40,1.16,1,3.85,2511,5.3,45,0.12
823.88,349827,23544,26,503,24,1.33,1,3.85,2511,5.3,70,0.18
825.15,350330,23588,26,503,44,1.28,1,3.85,2511,5.3,5,0.01
826.32,350830,23628,26,500,40,1.17,1,3.85,2511,5.3,30,0.06
827.54,351334,23676,26,504,48,1.21,1,3.85,2511,5.3,40,0.08
828.63,351835,23704,26,501,28,1.1,1,3.85,2511,5.3,70,0.17
829.93,352339,23720,26,504,16,1.3,1,3.85,2511,5.3,70,0.19
831.19,352840,23756,26,501,36,1.26,1,3.85,2511,5.3,30,0.08
832.4,353344,23776,26,504,20,1.21,1,3.85,2511,5.3,140,0.3
833.42,353846,23800,26,502,24,1.02,1,3.85,2511,5.3,25,0.05
834.7,354346,23824,26,500,24,1.28,1,3.85,2511,5.3,100,0.26
835.95,354846,23860,26,500,36,1.25,1,3.85,2511,5.3,55,0.13
837.21,355349,23872,26,503,12,1.26,1,3.85,2511,5.3,115,0.31
838.9,355850,23904,26,501,32,1.69,1,3.85,2511,5.3,45,0.1
840.1,356353,23928,26,503,24,1.2,1,3.85,2511,5.3,35,0.1
841.34,356854,23944,26,501,16,1.24,1,3.85,2511,5.3,90,0.24
842.53,357355,23980,26,501,36,1.18,1,3.85,2511,5.3,15,0.04
843.96,357856,23996,26,501,16,1.43,1,3.85,2511,5.3,295,0.81
845.23,358358,24016,26,502,20,1.28,1,3.85,2511,5.3,210,0.55
846.5,358859,24032,26,501,16,1.26,1,3.85,2511,5.3,60,0.16
847.68,359359,24048,26,500,16,1.18,1,3.85,2511,5.3,155,0.35
848.94,359860,24068,26,501,20,1.26,1,3.85,2511,5.3,25,0.08
850.3,360364,24096,26,504,28,1.36,1,3.85,2511,5.3,40,0.09
851.74,360866,24132,26,502,36,1.44,1,3.85,2511,5.3,15,0.03
853.06,361367,24152,26,501,20,1.31,1,3.85,2511,5.3,200,0.53
854.33,361870,24188,26,503,36,1.28,1,3.85,2511,5.3,110,0.28
855.59,362372,24212,26,502,24,1.25,1,3.85,2511,5.3,0,0
856.73,362872,24240,26,500,28,1.15,1,3.85,2511,5.3,30,0.08
857.92,363375,24284,26,503,44,1.19,1,3.85,2511,5.3,30,0.08
859.14,363876,24324,26,501,40,1.22,1,3.85,2511,5.3,55,0.14
860.49,364376,24336,26,500,12,1.35,1,3.85,2511,5.3,80,0.19
861.63,364880,24360,26,504,24,1.14,1,3.85,2511,5.3,145,0.31
862.86,365381,24380,26,501,20,1.23,1,3.85,2511,5.3,25,0.06
864.13,365883,24408,26,502,28,1.27,1,3.85,2511,5.3,10,0.02
865.33,366385,24448,26,502,40,1.21,1,3.85,2511,5.3,65,0.18
866.68,366885,24480,26,500,32,1.35,1,3.85,2511,5.3,15,0.04
867.99,367389,24516,26,504,36,1.31,1,3.85,2511,5.3,25,0.05
869.09,367890,24536,26,501,20,1.1,1,3.85,2511,5.3,175,0.4
870.3,368391,24564,26,501,28,1.2,1,3.85,2511,5.3,15,0.06
871.88,368894,24584,26,503,20,1.59,1,3.85,2511,5.3,80,0.2
873,369398,24608,26,504,24,1.12,1,3.85,2511,5.3,50,0.1
874.17,369901,24656,26,503,48,1.17,1,3.85,2511,5.3,105,0.27
875.3,370402,24684,26,501,28,1.13,1,3.85,2511,5.3,60,0.15
876.49,370905,24708,26,503,24,1.19,1,3.85,2511,5.3,55,0.12
877.6,371407,24736,26,502,28,1.1,1,3.85,2511,5.3,165,0.33
878.69,371910,24752,26,503,16,1.1,1,3.85,2511,5.3,20,0.05
879.77,372411,24776,26,501,24,1.08,1,3.85,2511,5.3,60,0.14
880.95,372912,24800,26,501,24,1.19,1,3.85,2511,5.3,60,0.15
882.17,373415,24824,26,503,24,1.22,1,3.85,2511,5.3,65,0.13
883.32,373915,24856,26,500,32,1.15,1,3.85,2511,5.3,10,0.02
884.46,374418,24876,26,503,20,1.14,1,3.85,2511,5.3,95,0.19
885.76,374921,24908,26,503,32,1.31,1,3.85,2511,5.3,120,0.35
887.08,375424,24928,26,503,20,1.32,1,3.85,2511,5.3,20,0.05
888.27,375927,24948,26,503,20,1.18,1,3.85,2511,5.3,90,0.2
889.41,376428,24968,26,501,20,1.14,1,3.85,2511,5.3,45,0.09
890.61,376929,24988,26,501,20,1.2,1,3.85,2511,5.3,165,0.36
891.86,377432,25008,26,503,20,1.26,1,3.85,2511,5.3,35,0.08
893.1,377936,25040,26,504,32,1.24,1,3.85,2511,5.3,10,0.03
894.43,378438,25084,26,502,44,1.32,1,3.85,2511,5.3,10,0.03
895.66,378939,25096,26,501,12,1.23,1,3.85,2511,5.3,105,0.25
896.97,379439,25148,26,500,52,1.31,1,3.85,2511,5.3,25,0.07
898.28,379942,25168,26,503,20,1.31,1,3.85,2511,5.3,245,0.67
899.61,380446,25204,26,504,36,1.33,1,3.85,2511,5.3,10,0.04
901.03,380949,25216,26,503,12,1.42,1,3.85,2511,5.3,100,0.27
902.32,381450,25232,26,501,16,1.29,1,3.85,2511,5.3,105,0.27
903.56,381953,25264,26,503,32,1.24,1,3.85,2511,5.3,95,0.23
905.02,382457,25272,26,504,8,1.46,1,3.85,2511,5.3,325,1.01
906.3,382959,25288,26,502,16,1.28,1,3.85,2511,5.3,150,0.34
907.73,383459,25316,26,500,28,1.43,1,3.85,2511,5.3,10,0.02
908.95,383962,25340,26,503,24,1.22,1,3.85,2511,5.3,95,0.23
910.26,384463,25360,26,501,20,1.31,1,3.85,2511,5.3,10,0.03
911.62,384965,25388,26,502,28,1.36,1,3.85,2511,5.3,45,0.13
912.95,385468,25420,26,503,32,1.33,1,3.85,2511,5.3,35,0.09
914.32,385972,25448,26,504,28,1.37,1,3.85,2511,5.3,150,0.41
915.63,386473,25472,26,501,24,1.31,1,3.85,2511,5.3,15,0.04
916.94,386974,25504,26,501,32,1.31,1,3.85,2511,5.3,20,0.05
918.25,387475,25540,26,501,36,1.31,1,3.85,2511,5.3,15,0.03
919.41,387976,25564,26,501,24,1.16,1,3.85,2511,5.3,45,0.11
920.64,388477,25580,26,501,16,1.23,1,3.85,2511,5.3,200,0.48
921.71,388977,25596,26,500,16,1.07,1,3.85,2511,5.3,30,0.05
922.88,389479,25604,26,502,8,1.17,1,3.85,2511,5.3,175,0.43
924.02,389980,25640,26,501,36,1.14,1,3.85,2511,5.3,10,0.02
925.23,390483,25668,26,503,28,1.21,1,3.85,2511,5.3,90,0.21
926.41,390986,25688,26,503,20,1.18,1,3.85,2511,5.3,130,0.32
927.53,391490,25704,26,504,16,1.12,1,3.85,2511,5.3,95,0.23
928.79,391992,25728,26,502,24,1.26,1,3.85,2511,5.3,10,0.03
930.11,392496,25748,26,504,20,1.32,1,3.85,2511,5.3,165,0.41
931.44,392997,25780,26,501,32,1.32,1,3.85,2511,5.3,50,0.14
932.78,393498,25816,26,501,36,1.34,1,3.85,2511,5.3,30,0.08
934,393999,25832,26,501,16,1.22,1,3.85,2511,5.3,15,0.04
935.08,394500,25848,26,501,16,1.08,1,3.85,2511,5.3,105,0.2
936.32,395002,25872,26,502,24,1.24,1,3.85,2511,5.3,125,0.31
937.52,395506,25884,26,504,12,1.2,1,3.85,2511,5.3,115,0.28
938.7,396007,25920,26,501,36,1.18,1,3.85,2511,5.3,60,0.12
939.84,396508,25940,26,501,20,1.14,1,3.85,2511,5.3,70,0.16
941.06,397009,25976,26,501,36,1.22,1,3.85,2511,5.3,45,0.11
942.17,397512,26008,26,503,32,1.11,1,3.85,2511,5.3,15,0.04
943.43,398015,26028,26,503,20,1.26,1,3.85,2511,5.3,200,0.5
944.65,398517,26072,26,502,44,1.22,1,3.85,2511,5.3,15,0.03
945.91,399021,26088,26,504,16,1.26,1,3.85,2511,5.3,125,0.34
947.02,399524,26116,26,503,28,1.11,1,3.85,2511,5.3,160,0.35
948.2,400028,26132,26,504,16,1.18,1,3.85,2511,5.3,50,0.11
949.38,400529,26184,26,501,52,1.18,1,3.85,2511,5.3,5,0.02
950.55,401033,26220,26,504,36,1.17,1,3.85,2511,5.3,115,0.28
951.61,401534,26260,26,501,40,1.06,1,3.85,2511,5.3,125,0.27
952.71,402038,26292,26,504,32,1.1,1,3.85,2511,5.3,170,0.36
953.83,402540,26300,26,502,8,1.12,1,3.85,2511,5.3,305,0.7
954.99,403041,26344,26,501,44,1.16,1,3.85,2511,5.3,25,0.05
956.15,403541,26364,26,500,20,1.15,1,3.85,2511,5.3,210,0.46
957.27,404045,26376,26,504,12,1.13,1,3.85,2511,5.3,40,0.11
958.49,404547,26400,26,502,24,1.22,1,3.85,2511,5.3,45,0.1
959.7,405047,26428,26,500,28,1.21,1,3.85,2511,5.3,145,0.35
961.03,405551,26468,26,504,40,1.33,1,3.85,2511,5.3,20,0.05
962.27,406054,26500,26,503,32,1.23,1,3.85,2511,5.3,115,0.25
963.55,406557,26512,26,503,12,1.28,1,3.85,2511,5.3,25,0.07
964.8,407059,26532,26,502,20,1.25,1,3.85,2511,5.3,100,0.23
966.14,407560,26556,26,501,24,1.34,1,3.85,2511,5.3,50,0.11
967.46,408060,26592,26,500,36,1.31,1,3.85,2511,5.3,150,0.39
968.6,408562,26616,26,502,24,1.15,1,3.85,2511,5.3,30,0.07
969.81,409064,26652,26,502,36,1.21,1,3.85,2511,5.3,45,0.11
971.09,409564,26684,26,500,32,1.28,1,3.85,2511,5.3,200,0.51
972.28,410067,26696,26,503,12,1.18,1,3.85,2511,5.3,170,0.38
973.55,410571,26720,26,504,24,1.28,1,3.85,2511,5.3,5,0.01
974.8,411073,26764,26,502,44,1.24,1,3.85,2511,5.3,20,0.04
976.03,411575,26804,26,502,40,1.23,1,3.85,2511,5.3,10,0.02
977.31,412077,26816,26,502,12,1.28,1,3.85,2511,5.3,440,1.12
978.48,412577,26828,26,500,12,1.17,1,3.85,2511,5.3,30,0.06
979.71,413081,26860,26,504,32,1.23,1,3.85,2511,5.3,15,0.04
980.9,413583,26884,26,502,24,1.19,1,3.85,2511,5.3,30,0.07
982.08,414086,26900,26,503,16,1.18,1,3.85,2511,5.3,130,0.3
983.17,414587,26944,26,501,44,1.1,1,3.85,2511,5.3,110,0.25
984.45,415088,26976,26,501,32,1.28,1,3.85,2511,5.3,10,0.02
985.6,415590,26996,26,502,20,1.14,1,3.85,2511,5.3,140,0.31
986.98,416093,27024,26,503,28,1.38,1,3.85,2511,5.3,70,0.19
988.26,416593,27060,26,500,36,1.28,1,3.85,2511,5.3,15,0.03
989.54,417094,27084,26,501,24,1.28,1,3.85,2511,5.3,140,0.38
990.83,417598,27116,26,504,32,1.29,1,3.85,2511,5.3,150,0.36
992.12,418098,27136,26,500,20,1.29,1,3.85,2511,5.3,95,0.26
993.43,418602,27192,26,504,56,1.32,1,3.85,2511,5.3,40,0.09
994.65,419105,27232,26,503,40,1.22,1,3.85,2511,5.3,45,0.1
995.89,419608,27292,26,503,60,1.24,1,3.85,2511,5.3,25,0.07
997.16,420112,27308,26,504,16,1.27,1,3.85,2511,5.3,30,0.08
998.27,420613,27328,26,501,20,1.11,1,3.85,2511,5.3,75,0.13
999.37,421116,27372,26,503,44,1.1,1,3.85,2511,5.3,20,0.05
1000.58,421620,27404,26,504,32,1.22,1,3.85,2511,5.3,45,0.1
1001.86,422124,27428,26,504,24,1.28,1,3.85,2511,5.3,150,0.38
1003.11,422625,27464,26,501,36,1.25,1,3.85,2511,5.3,115,0.29
1004.34,423125,27484,26,500,20,1.23,1,3.85,2511,5.3,90,0.23
1005.59,423626,27516,26,501,32,1.25,1,3.85,2511,5.3,260,0.64
1006.81,424127,27548,26,501,32,1.22,1,3.85,2511,5.3,45,0.11
1007.97,424628,27576,26,501,28,1.16,1,3.85,2511,5.3,10,0.02
1009.22,425130,27604,26,502,28,1.25,1,3.85,2511,5.3,10,0.02
1010.53,425632,27628,26,502,24,1.3,1,3.85,2511,5.3,25,0.06
1011.7,426133,27676,26,501,48,1.17,1,3.85,2511,5.3,25,0.05
1012.91,426634,27716,26,501,40,1.21,1,3.85,2511,5.3,130,0.31
1014.19,427134,27740,26,500,24,1.28,1,3.85,2511,5.3,175,0.49
1015.5,427634,27760,26,500,20,1.31,1,3.85,2511,5.3,70,0.19
1016.77,428138,27808,26,504,48,1.27,1,3.85,2511,5.3,55,0.13
1018.06,428639,27840,26,501,32,1.29,1,3.85,2511,5.3,5,0.01
1019.38,429143,27860,26,504,20,1.32,1,3.85,2511,5.3,70,0.17
1020.67,429643,27876,26,500,16,1.28,1,3.85,2511,5.3,290,0.76
1022.11,430143,27932,26,500,56,1.44,1,3.85,2511,5.3,15,0.03
1023.48,430646,27980,26,503,48,1.37,1,3.85,2511,5.3,5,0.02
1024.72,431149,27988,26,503,8,1.24,1,3.85,2511,5.3,5,0.01
1025.97,431650,28016,26,501,28,1.25,1,3.85,2511,5.3,60,0.16
1027.38,432152,28040,26,502,24,1.4,1,3.85,2511,5.3,60,0.16
1028.63,432656,28072,26,504,32,1.26,1,3.85,2511,5.3,70,0.2
1029.92,433160,28120,26,504,48,1.29,1,3.85,2511,5.3,10,0.03
1031.23,433662,28156,26,502,36,1.3,1,3.85,2511,5.3,30,0.08
1032.5,434166,28196,26,504,40,1.27,1,3.85,2511,5.3,110,0.27
1033.86,434668,28232,26,502,36,1.36,1,3.85,2511,5.3,40,0.1
1035.07,435171,28260,26,503,28,1.22,1,3.85,2511,5.3,45,0.12
1036.4,435671,28300,26,500,40,1.32,1,3.85,2511,5.3,10,0.02
1037.76,436173,28320,26,502,20,1.37,1,3.85,2511,5.3,140,0.33
1038.95,436676,28348,26,503,28,1.19,1,3.85,2511,5.3,20,0.04
1040.11,437180,28376,26,504,28,1.15,1,3.85,2511,5.3,20,0.05
1041.36,437681,28424,26,501,48,1.25,1,3.85,2511,5.3,40,0.11
1042.49,438182,28460,26,501,36,1.13,1,3.85,2511,5.3,20,0.04
1043.68,438683,28492,26,501,32,1.19,1,3.85,2511,5.3,75,0.17
1044.82,439186,28524,26,503,32,1.14,1,3.85,2511,5.3,25,0.07
1046.02,439687,28536,26,501,12,1.2,1,3.85,2511,5.3,15,0.03
1047.15,440188,28552,26,501,16,1.14,1,3.85,2511,5.3,90,0.21
1048.33,440690,28584,26,502,32,1.17,1,3.85,2511,5.3,25,0.06
1049.46,441190,28604,26,500,20,1.13,1,3.85,2511,5.3,155,0.33
1050.79,441693,28640,26,503,36,1.33,1,3.85,2511,5.3,10,0.02
1052.01,442196,28668,26,503,28,1.23,1,3.85,2511,5.3,130,0.34
1053.3,442699,28692,26,503,24,1.29,1,3.85,2511,5.3,55,0.16
1054.62,443200,28704,26,501,12,1.31,1,3.85,2511,5.3,170,0.41
1055.89,443704,28712,26,504,8,1.27,1,3.85,2511,5.3,80,0.19
1057.38,444204,28764,26,500,52,1.49,1,3.85,2511,5.3,5,0.02
1058.57,444704,28800,26,500,36,1.2,1,3.85,2511,5.3,35,0.09
1059.84,445208,28824,26,504,24,1.26,1,3.85,2511,5.3,55,0.13
1060.96,445708,28848,26,500,24,1.12,1,3.85,2511,5.3,145,0.33
1062.13,446212,28876,26,504,28,1.17,1,3.85,2511,5.3,25,0.08
1063.32,446712,28900,26,500,24,1.19,1,3.85,2511,5.3,50,0.1
1064.51,447214,28920,26,502,20,1.19,1,3.85,2511,5.3,30,0.08
1065.78,447718,28944,26,504,24,1.27,1,3.85,2511,5.3,85,0.19
1.15,502,4721,25,502,4721,1.15,4,16,141,0.29,95,0.2
2.3,1002,5468,27,500,747,1.15,4,14.81,211,0.42,260,0.52
3.32,1504,5560,27,502,92,1.02,2,7.41,391,0.78,65,0.14
4.27,2006,5560,27,502,0,0.95,1,3.7,487,0.92,80,0.18
5.16,2506,5560,27,500,0,0.89,3,11.11,487,0.92,35,0.06
6.07,3007,5561,27,501,1,0.91,1,3.7,487,0.92,260,0.48
7.25,3508,5561,27,501,0,1.17,1,3.7,516,1.06,245,0.59
8.29,4009,5578,26,501,17,1.04,3,11.54,516,1.06,20,0.07
9.37,4509,5578,26,500,0,1.09,0,0,516,1.06,520,1.15
10.49,5010,5582,26,501,4,1.12,1,3.85,591,1.31,430,0.96
11.55,5514,5631,27,504,49,1.06,3,11.11,591,1.31,300,0.64
12.65,6015,5635,27,501,4,1.1,1,3.7,591,1.31,500,1.1
13.82,6517,5643,27,502,8,1.16,1,3.7,691,1.58,310,0.67
15.15,7017,5659,27,500,16,1.33,1,3.7,691,1.58,105,0.31
16.3,7519,5670,27,502,11,1.15,2,7.41,691,1.58,385,0.89
17.59,8021,5678,27,502,8,1.29,1,3.7,691,1.58,65,0.15
18.83,8522,5682,27,501,4,1.24,1,3.7,691,1.58,10,0.03
19.87,9026,5690,27,504,8,1.04,2,7.41,691,1.58,155,0.32
20.91,9527,5702,27,501,12,1.04,1,3.7,691,1.58,130,0.27
21.93,10030,5714,27,503,12,1.02,1,3.7,691,1.58,95,0.18
23.13,10532,5734,27,502,20,1.2,2,7.41,691,1.58,120,0.33
24.36,11035,5750,27,503,16,1.23,1,3.7,691,1.58,5,0.01
25.54,11538,5774,27,503,24,1.18,1,3.7,691,1.58,15,0.04
26.59,12040,5782,27,502,8,1.06,1,3.7,691,1.58,310,0.59
27.57,12543,5802,27,503,20,0.98,1,3.7,691,1.58,60,0.14
28.62,13047,5810,27,504,8,1.04,1,3.7,691,1.58,260,0.56
29.65,13548,5822,27,501,12,1.04,2,7.41,691,1.58,70,0.14
30.73,14048,5838,27,500,16,1.07,1,3.7,691,1.58,10,0.02
31.87,14550,5862,27,502,24,1.15,1,3.7,691,1.58,65,0.16
33.05,15051,5882,27,501,20,1.18,1,3.7,691,1.58,15,0.04
34.12,15554,5898,27,503,16,1.07,1,3.7,691,1.58,40,0.08
35.29,16054,5914,27,500,16,1.17,1,3.7,691,1.58,120,0.27
36.45,16557,5934,27,503,20,1.16,1,3.7,691,1.58,70,0.16
37.66,17058,5951,27,501,17,1.21,2,7.41,691,1.58,85,0.19
38.98,17559,5971,27,501,20,1.33,1,3.7,691,1.58,210,0.6
40.21,18062,5995,27,503,24,1.23,1,3.7,691,1.58,30,0.08
41.39,18562,6015,27,500,20,1.18,1,3.7,691,1.58,75,0.16
42.59,19066,6031,27,504,16,1.2,1,3.7,691,1.58,200,0.52
43.67,19567,6051,27,501,20,1.07,2,7.41,691,1.58,40,0.1
44.91,20069,6071,27,502,20,1.25,1,3.7,691,1.58,45,0.12
46.06,20569,6087,27,500,16,1.14,1,3.7,691,1.58,20,0.05
47.24,21071,6095,27,502,8,1.19,1,3.7,691,1.58,100,0.25
48.38,21572,6099,27,501,4,1.13,1,3.7,691,1.58,480,1.09
49.55,22073,6123,27,501,24,1.17,1,3.7,691,1.58,20,0.05
50.8,22574,6135,27,501,12,1.25,1,3.7,691,1.58,230,0.57
51.86,23074,6155,27,500,20,1.07,1,3.7,691,1.58,10,0.02
53.01,23578,6179,27,504,24,1.14,1,3.7,691,1.58,110,0.26
54.08,24078,6195,27,500,16,1.07,1,3.7,691,1.58,5,0.01
55.18,24580,6219,27,502,24,1.1,1,3.7,691,1.58,185,0.4
56.35,25083,6239,27,503,20,1.16,1,3.7,691,1.58,20,0.06
57.61,25587,6279,27,504,40,1.27,1,3.7,691,1.58,40,0.1
58.74,26087,6299,27,500,20,1.13,1,3.7,691,1.58,75,0.15
59.91,26590,6311,27,503,12,1.16,1,3.7,691,1.58,55,0.12
60.97,27092,6331,27,502,20,1.07,1,3.7,691,1.58,50,0.12
62.15,27595,6351,27,503,20,1.17,1,3.7,691,1.58,140,0.33
63.3,28095,6387,27,500,36,1.16,1,3.7,691,1.58,10,0.02
64.39,28598,6407,27,503,20,1.09,1,3.7,691,1.58,110,0.25
65.47,29100,6415,27,502,8,1.08,1,3.7,691,1.58,445,0.95
66.65,29602,6423,27,502,8,1.18,1,3.7,691,1.58,255,0.65
67.82,30106,6451,27,504,28,1.16,1,3.7,691,1.58,85,0.2
68.96,30607,6459,27,501,8,1.14,1,3.7,691,1.58,125,0.3
70.1,31110,6471,27,503,12,1.14,1,3.7,691,1.58,150,0.32
71.35,31614,6511,27,504,40,1.25,1,3.7,691,1.58,20,0.04
72.52,32117,6523,27,503,12,1.17,1,3.7,691,1.58,190,0.43
73.64,32617,6559,27,500,36,1.12,1,3.7,691,1.58,5,0.01
74.81,33120,6579,27,503,20,1.16,1,3.7,691,1.58,95,0.22
76.02,33624,6607,27,504,28,1.21,1,3.7,691,1.58,60,0.14
77.22,34126,6647,27,502,40,1.2,1,3.7,691,1.58,110,0.26
78.36,34626,6679,27,500,32,1.14,1,3.7,691,1.58,85,0.17
79.38,35126,6691,27,500,12,1.03,1,3.7,691,1.58,275,0.56
80.5,35627,6711,27,501,20,1.11,1,3.7,691,1.58,70,0.15
81.59,36131,6735,27,504,24,1.09,1,3.7,691,1.58,55,0.14
82.78,36631,6747,27,500,12,1.19,1,3.7,691,1.58,95,0.21
83.89,37132,6775,27,501,28,1.11,1,3.7,691,1.58,20,0.06
85.04,37632,6807,27,500,32,1.15,1,3.7,691,1.58,50,0.11
86.24,38134,6843,27,502,36,1.2,1,3.7,691,1.58,20,0.05
87.4,38638,6859,27,504,16,1.16,1,3.7,691,1.58,160,0.35
88.61,39141,6887,27,503,28,1.21,1,3.7,691,1.58,0,0
89.78,39642,6931,27,501,44,1.16,1,3.7,691,1.58,90,0.22
90.96,40145,6943,27,503,12,1.18,1,3.7,691,1.58,95,0.22
92.18,40647,6971,27,502,28,1.22,1,3.7,691,1.58,30,0.08
93.41,41150,7011,27,503,40,1.23,1,3.7,691,1.58,30,0.06
94.5,41651,7035,27,501,24,1.09,1,3.7,691,1.58,5,0.01
95.61,42153,7051,27,502,16,1.12,1,3.7,691,1.58,25,0.07
96.73,42655,7059,27,502,8,1.12,1,3.7,691,1.58,175,0.45
97.93,43157,7099,27,502,40,1.2,1,3.7,691,1.58,55,0.15
99.13,43659,7127,27,502,28,1.2,1,3.7,691,1.58,45,0.1
100.39,44162,7191,27,503,64,1.26,1,3.7,691,1.58,20,0.04
101.64,44665,7235,27,503,44,1.24,1,3.7,691,1.58,75,0.2
102.84,45169,7263,27,504,28,1.2,1,3.7,691,1.58,10,0.03
104.1,45670,7283,27,501,20,1.26,1,3.7,691,1.58,255,0.62
105.24,46171,7315,27,501,32,1.14,1,3.7,691,1.58,40,0.1
106.45,46673,7351,27,502,36,1.21,1,3.7,691,1.58,115,0.29
107.67,47173,7399,27,500,48,1.22,1,3.7,691,1.58,45,0.11
108.83,47675,7415,27,502,16,1.16,1,3.7,691,1.58,25,0.05
110.01,48179,7443,27,504,28,1.18,1,3.7,691,1.58,20,0.04
111.12,48680,7475,27,501,32,1.1,1,3.7,691,1.58,5,0.02
112.34,49180,7495,27,500,20,1.22,1,3.7,691,1.58,25,0.06
113.56,49683,7523,27,503,28,1.22,1,3.7,691,1.58,35,0.08
114.74,50183,7559,27,500,36,1.19,1,3.7,691,1.58,45,0.11
115.97,50683,7583,27,500,24,1.22,1,3.7,691,1.58,40,0.11
117.19,51183,7603,27,500,20,1.22,1,3.7,691,1.58,280,0.69
118.46,51687,7615,27,504,12,1.27,1,3.7,691,1.58,70,0.18
119.69,52187,7671,27,500,56,1.24,1,3.7,691,1.58,15,0.02
120.94,52689,7687,27,502,16,1.25,1,3.7,691,1.58,280,0.73
122.19,53190,7707,27,501,20,1.24,2,7.41,691,1.58,20,0.04
123.36,53693,7743,27,503,36,1.18,1,3.7,691,1.58,50,0.1
124.51,54193,7787,27,500,44,1.15,1,3.7,691,1.58,30,0.08
125.78,54696,7815,27,503,28,1.27,1,3.7,691,1.58,100,0.26
127.09,55200,7843,27,504,28,1.3,1,3.7,691,1.58,5,0.01
128.33,55702,7863,27,502,20,1.24,1,3.7,691,1.58,310,0.76
129.45,56203,7899,27,501,36,1.12,1,3.7,691,1.58,65,0.14
130.65,56705,7935,27,502,36,1.2,2,7.41,691,1.58,110,0.27
131.79,57208,7979,27,503,44,1.14,1,3.7,691,1.58,10,0.03
133.01,57710,7991,27,502,12,1.22,1,3.7,691,1.58,95,0.24
134.22,58210,8035,27,500,44,1.2,1,3.7,691,1.58,5,0.01
135.34,58713,8063,27,503,28,1.13,1,3.7,691,1.58,65,0.14
136.62,59214,8087,27,501,24,1.28,1,3.7,691,1.58,45,0.13
137.94,59715,8115,27,501,28,1.33,1,3.7,691,1.58,5,0.02
139.31,60215,8163,27,500,48,1.36,1,3.7,691,1.58,50,0.12
140.7,60718,8191,27,503,28,1.39,1,3.7,691,1.58,15,0.04
141.99,61221,8215,27,503,24,1.29,1,3.7,691,1.58,65,0.18
143.26,61724,8271,27,503,56,1.27,1,3.7,691,1.58,20,0.06
144.57,62228,8303,27,504,32,1.31,1,3.7,691,1.58,75,0.18
145.75,62729,8335,27,501,32,1.18,1,3.7,691,1.58,5,0.02
146.94,63230,8359,27,501,24,1.19,1,3.7,691,1.58,45,0.11
148.18,63732,8375,27,502,16,1.24,1,3.7,691,1.58,50,0.14
149.39,64232,8387,27,500,12,1.21,1,3.7,691,1.58,85,0.21
150.6,64736,8403,27,504,16,1.21,1,3.7,691,1.58,20,0.06
151.88,65240,8431,27,504,28,1.27,1,3.7,691,1.58,60,0.13
153.01,65744,8443,27,504,12,1.13,1,3.7,691,1.58,185,0.43
154.18,66245,8475,27,501,32,1.17,1,3.7,691,1.58,15,0.04
155.34,66748,8495,27,503,20,1.17,1,3.7,691,1.58,65,0.13
156.6,67252,8523,27,504,28,1.26,1,3.7,691,1.58,75,0.17
157.8,67752,8539,27,500,16,1.2,1,3.7,691,1.58,25,0.05
159.07,68255,8567,27,503,28,1.27,1,3.7,691,1.58,150,0.37
160.4,68757,8595,27,502,28,1.33,1,3.7,691,1.58,20,0.05
161.66,69261,8607,27,504,12,1.27,1,3.7,691,1.58,60,0.16
162.98,69761,8643,27,500,36,1.32,1,3.7,691,1.58,25,0.07
164.26,70265,8663,27,504,20,1.28,1,3.7,691,1.58,150,0.37
165.42,70769,8703,27,504,40,1.16,1,3.7,691,1.58,20,0.06
166.49,71271,8731,27,502,28,1.07,1,3.7,691,1.58,5,0.01
167.61,71772,8747,27,501,16,1.11,1,3.7,691,1.58,50,0.12
168.76,72273,8767,27,501,20,1.16,1,3.7,691,1.58,250,0.57
169.93,72776,8779,27,503,12,1.16,1,3.7,691,1.58,35,0.07
171.04,73278,8811,27,502,32,1.11,1,3.7,691,1.58,5,0.01
172.08,73782,8843,27,504,32,1.04,1,3.7,691,1.58,40,0.08
173.21,74282,8871,27,500,28,1.13,1,3.7,691,1.58,55,0.13
174.41,74786,8895,27,504,24,1.19,1,3.7,691,1.58,55,0.1
175.55,75288,8931,27,502,36,1.15,1,3.7,691,1.58,25,0.06
176.75,75792,8967,27,504,36,1.2,1,3.7,691,1.58,55,0.13
177.92,76296,8999,27,504,32,1.17,1,3.7,691,1.58,35,0.09
179.07,76798,9023,27,502,24,1.15,1,3.7,691,1.58,20,0.05
180.36,77300,9051,27,502,28,1.29,2,7.41,691,1.58,85,0.21
181.73,77804,9091,27,504,40,1.36,1,3.7,691,1.58,15,0.04
182.93,78308,9115,27,504,24,1.2,1,3.7,691,1.58,50,0.12
184.11,78810,9147,27,502,32,1.18,1,3.7,691,1.58,45,0.11
185.22,79312,9167,27,502,20,1.11,1,3.7,691,1.58,35,0.08
186.32,79815,9219,27,503,52,1.1,1,3.7,691,1.58,20,0.04
187.47,80319,9235,27,504,16,1.15,1,3.7,691,1.58,320,0.72
188.56,80821,9263,27,502,28,1.09,1,3.7,691,1.58,135,0.28
189.74,81325,9299,27,504,36,1.18,1,3.7,691,1.58,80,0.18
190.9,81828,9331,27,503,32,1.16,1,3.7,691,1.58,40,0.08
192.17,82331,9367,27,503,36,1.27,1,3.7,691,1.58,10,0.02
193.33,82832,9403,27,501,36,1.16,1,3.7,691,1.58,30,0.07
194.53,83333,9435,27,501,32,1.19,1,3.7,691,1.58,15,0.03
195.7,83834,9455,27,501,20,1.18,1,3.7,691,1.58,215,0.52
197.04,84337,9475,27,503,20,1.34,1,3.7,691,1.58,40,0.12
198.4,84840,9507,27,503,32,1.36,1,3.7,691,1.58,50,0.16
199.57,85340,9527,27,500,20,1.17,1,3.7,691,1.58,45,0.13
200.84,85840,9571,27,500,44,1.27,1,3.7,691,1.58,35,0.09
202.02,86344,9587,27,504,16,1.18,1,3.7,691,1.58,205,0.5
203.26,86844,9619,27,500,32,1.25,1,3.7,691,1.58,10,0.02
204.42,87344,9639,27,500,20,1.15,1,3.7,691,1.58,105,0.23
205.57,87846,9675,27,502,36,1.15,1,3.7,691,1.58,65,0.17
206.77,88347,9715,27,501,40,1.2,1,3.7,691,1.58,20,0.05
207.95,88849,9743,27,502,28,1.18,1,3.7,691,1.58,20,0.05
209.12,89353,9783,27,504,40,1.17,1,3.7,691,1.58,35,0.09
210.18,89855,9803,27,502,20,1.06,1,3.7,691,1.58,10,0.02
211.32,90358,9831,27,503,28,1.13,1,3.7,691,1.58,90,0.2
212.55,90861,9867,27,503,36,1.23,1,3.7,691,1.58,95,0.25
213.78,91363,9903,27,502,36,1.24,1,3.7,691,1.58,60,0.15
215,91866,9947,27,503,44,1.22,1,3.7,691,1.58,20,0.04
216.16,92368,9963,27,502,16,1.17,1,3.7,691,1.58,55,0.12
217.39,92870,9979,27,502,16,1.22,1,3.7,691,1.58,390,0.95
218.4,93374,9999,27,504,20,1.02,1,3.7,691,1.58,5,0.01
219.61,93876,10023,27,502,24,1.21,1,3.7,691,1.58,65,0.15
220.79,94376,10055,27,500,32,1.18,1,3.7,691,1.58,40,0.1
222,94877,10087,27,501,32,1.21,1,3.7,691,1.58,40,0.11
223.18,95380,10119,27,503,32,1.18,1,3.7,691,1.58,100,0.2
224.36,95884,10135,27,504,16,1.19,1,3.7,691,1.58,150,0.34
225.55,96387,10159,27,503,24,1.18,1,3.7,691,1.58,185,0.42
226.69,96889,10183,27,502,24,1.14,1,3.7,691,1.58,30,0.07
227.94,97392,10195,27,503,12,1.25,1,3.7,691,1.58,140,0.36
229.16,97893,10211,27,501,16,1.22,1,3.7,691,1.58,10,0.02
230.31,98395,10243,27,502,32,1.15,1,3.7,691,1.58,35,0.09
231.33,98896,10267,27,501,24,1.02,1,3.7,691,1.58,15,0.03
232.4,99399,10287,27,503,20,1.07,1,3.7,691,1.58,70,0.19
233.57,99900,10311,27,501,24,1.17,1,3.7,691,1.58,120,0.26
234.67,100401,10343,27,501,32,1.1,1,3.7,691,1.58,105,0.23
235.84,100901,10367,27,500,24,1.17,1,3.7,691,1.58,10,0.03
236.94,101403,10403,27,502,36,1.1,1,3.7,691,1.58,90,0.18
238.16,101903,10427,27,500,24,1.22,1,3.7,691,1.58,70,0.2
239.37,102403,10451,27,500,24,1.21,1,3.7,691,1.58,15,0.03
240.59,102904,10487,27,501,36,1.22,1,3.7,691,1.58,20,0.05
241.85,103407,10531,27,503,44,1.26,1,3.7,691,1.58,5,0.01
243.07,103910,10555,27,503,24,1.22,1,3.7,691,1.58,25,0.06
244.24,104414,10587,27,504,32,1.17,1,3.7,691,1.58,5,0.02
245.53,104918,10619,27,504,32,1.28,1,3.7,691,1.58,10,0.03
246.76,105421,10663,27,503,44,1.24,1,3.7,691,1.58,100,0.27
247.94,105923,10707,27,502,44,1.17,1,3.7,691,1.58,90,0.2
249.1,106427,10719,27,504,12,1.16,1,3.7,691,1.58,20,0.05
250.33,106928,10739,27,501,20,1.23,1,3.7,691,1.58,60,0.19
251.37,107428,10755,27,500,16,1.05,1,3.7,691,1.58,0,0
252.54,107929,10783,27,501,28,1.16,1,3.7,691,1.58,5,0.01
253.8,108431,10807,27,502,24,1.26,1,3.7,691,1.58,40,0.1
254.96,108932,10831,27,501,24,1.16,1,3.7,691,1.58,5,0.01
256,109433,10863,27,501,32,1.03,1,3.7,691,1.58,15,0.04
257.18,109936,10915,27,503,52,1.19,1,3.7,691,1.58,70,0.17
258.45,110440,10943,27,504,28,1.27,1,3.7,691,1.58,5,0.01
259.62,110944,10963,27,504,20,1.16,1,3.7,691,1.58,125,0.28
260.72,111444,10991,27,500,28,1.1,1,3.7,691,1.58,35,0.08
261.91,111948,11015,27,504,24,1.19,1,3.7,691,1.58,40,0.1
263.22,112452,11059,27,504,44,1.31,1,3.7,691,1.58,10,0.02
264.38,112954,11087,27,502,28,1.16,1,3.7,691,1.58,45,0.11
265.51,113457,11115,27,503,28,1.14,1,3.7,691,1.58,10,0.01
266.71,113960,11127,27,503,12,1.2,1,3.7,691,1.58,80,0.19
267.92,114464,11159,27,504,32,1.21,1,3.7,691,1.58,105,0.24
269.06,114964,11187,27,500,28,1.14,1,3.7,691,1.58,10,0.02
270.16,115467,11227,27,503,40,1.11,1,3.7,691,1.58,90,0.2
271.31,115970,11255,27,503,28,1.15,1,3.7,691,1.58,20,0.06
272.5,116474,11279,27,504,24,1.18,1,3.7,691,1.58,45,0.11
273.64,116978,11311,27,504,32,1.15,1,3.7,691,1.58,140,0.32
274.88,117478,11331,27,500,20,1.24,1,3.7,691,1.58,180,0.47
275.96,117980,11367,27,502,36,1.08,1,3.7,691,1.58,45,0.11
277.16,118483,11387,27,503,20,1.2,1,3.7,691,1.58,20,0.04
278.38,118985,11415,27,502,28,1.23,1,3.7,691,1.58,115,0.25
279.53,119487,11447,27,502,32,1.14,1,3.7,691,1.58,20,0.05
280.76,119989,11499,27,502,52,1.23,1,3.7,691,1.58,35,0.08
281.91,120491,11531,27,502,32,1.15,1,3.7,691,1.58,120,0.31
283.01,120993,11539,27,502,8,1.11,1,3.7,691,1.58,40,0.08
284.27,121496,11563,27,503,24,1.26,1,3.7,691,1.58,80,0.17
285.4,121999,11591,27,503,28,1.13,1,3.7,691,1.58,135,0.29
286.59,122500,11611,27,501,20,1.19,1,3.7,691,1.58,5,0.02
287.85,123003,11639,27,503,28,1.26,1,3.7,691,1.58,5,0.01
289.06,123507,11659,27,504,20,1.21,1,3.7,691,1.58,20,0.05
290.27,124011,11671,27,504,12,1.21,1,3.7,691,1.58,110,0.27
291.45,124514,11691,27,503,20,1.19,1,3.7,691,1.58,5,0.01
292.71,125018,11715,27,504,24,1.26,1,3.7,691,1.58,5,0.01
293.87,125521,11727,27,503,12,1.15,1,3.7,691,1.58,390,0.9
294.99,126025,11751,27,504,24,1.12,1,3.7,691,1.58,10,0.02
296.26,126528,11795,27,503,44,1.27,1,3.7,691,1.58,5,0.02
297.59,127032,11823,27,504,28,1.33,1,3.7,691,1.58,20,0.05
298.92,127533,11847,27,501,24,1.33,1,3.7,691,1.58,100,0.2
300,128034,11887,27,501,40,1.08,1,3.7,691,1.58,35,0.08
301.08,128536,11919,27,502,32,1.08,1,3.7,691,1.58,70,0.17
302.3,129040,11995,27,504,76,1.22,1,3.7,691,1.58,20,0.05
303.52,129542,12027,27,502,32,1.22,1,3.7,691,1.58,40,0.08
305.84,130046,12051,27,504,24,2.32,1,3.7,691,1.58,5,0.02
307.19,130549,12075,27,503,24,1.34,2,7.41,691,1.58,90,0.19
308.36,131053,12119,27,504,44,1.18,1,3.7,691,1.58,85,0.22
309.69,131555,12159,27,502,40,1.33,1,3.7,691,1.58,45,0.11
310.7,132056,12179,27,501,20,1.01,1,3.7,691,1.58,40,0.09
311.92,132560,12203,27,504,24,1.22,1,3.7,691,1.58,50,0.13
313.1,133063,12215,27,503,12,1.17,1,3.7,691,1.58,45,0.1
314.25,133565,12239,27,502,24,1.15,1,3.7,691,1.58,50,0.12
315.38,134065,12255,27,500,16,1.13,1,3.7,691,1.58,0,0
316.55,134569,12279,27,504,24,1.18,1,3.7,691,1.58,140,0.33
317.87,135072,12323,27,503,44,1.32,1,3.7,691,1.58,25,0.05
319.04,135576,12351,27,504,28,1.17,1,3.7,691,1.58,30,0.07
320.16,136078,12383,27,502,32,1.12,1,3.7,691,1.58,130,0.3
321.22,136580,12407,27,502,24,1.06,1,3.7,691,1.58,180,0.37
322.37,137081,12447,27,501,40,1.15,1,3.7,691,1.58,25,0.05
323.4,137582,12491,27,501,44,1.03,1,3.7,691,1.58,10,0.02
324.62,138083,12515,27,501,24,1.22,1,3.7,691,1.58,20,0.05
325.8,138584,12555,27,501,40,1.18,1,3.7,691,1.58,10,0.02
326.95,139087,12567,27,503,12,1.16,1,3.7,691,1.58,160,0.4
328.14,139591,12591,27,504,24,1.19,1,3.7,691,1.58,155,0.32
329.23,140093,12615,27,502,24,1.09,1,3.7,691,1.58,30,0.06
330.38,140596,12647,27,503,32,1.15,1,3.7,691,1.58,80,0.18
331.53,141096,12683,27,500,36,1.15,1,3.7,691,1.58,30,0.08
332.64,141596,12707,27,500,24,1.11,1,3.7,691,1.58,165,0.35
333.81,142100,12739,27,504,32,1.17,1,3.7,691,1.58,35,0.09
335,142602,12771,27,502,32,1.18,1,3.7,691,1.58,45,0.12
336.26,143106,12787,27,504,16,1.27,1,3.7,691,1.58,50,0.12
337.63,143606,12811,27,500,24,1.37,1,3.7,691,1.58,95,0.22
338.85,144109,12831,27,503,20,1.22,1,3.7,691,1.58,75,0.19
339.98,144612,12879,27,503,48,1.14,1,3.7,691,1.58,20,0.05
341.33,145116,12911,27,504,32,1.35,1,3.7,691,1.58,5,0.01
342.47,145616,12927,27,500,16,1.14,1,3.7,691,1.58,25,0.05
343.71,146119,12979,27,503,52,1.24,1,3.7,691,1.58,10,0.03
344.94,146622,13015,27,503,36,1.24,1,3.7,691,1.58,10,0.03
346.14,147122,13031,27,500,16,1.19,1,3.7,691,1.58,10,0.02
347.24,147624,13051,27,502,20,1.1,1,3.7,691,1.58,40,0.08
348.5,148127,13071,27,503,20,1.26,1,3.7,691,1.58,45,0.12
349.91,148631,13103,27,504,32,1.41,1,3.7,691,1.58,60,0.18
351.06,149133,13127,27,502,24,1.14,1,3.7,691,1.58,55,0.12
352.25,149637,13147,27,504,20,1.2,1,3.7,691,1.58,75,0.19
353.51,150141,13211,27,504,64,1.25,1,3.7,691,1.58,20,0.06
354.73,150645,13239,27,504,28,1.22,1,3.7,691,1.58,65,0.13
355.94,151149,13271,27,504,32,1.22,1,3.7,691,1.58,30,0.08
357.21,151653,13303,27,504,32,1.26,1,3.7,691,1.58,5,0.01
358.32,152154,13347,27,501,44,1.11,1,3.7,691,1.58,20,0.04
359.56,152654,13399,27,500,52,1.25,1,3.7,691,1.58,30,0.09
360.75,153158,13443,27,504,44,1.18,1,3.7,691,1.58,80,0.19
361.96,153662,13455,27,504,12,1.22,1,3.7,691,1.58,110,0.26
363.14,154164,13487,27,502,32,1.17,1,3.7,691,1.58,25,0.06
364.36,154665,13535,27,501,48,1.22,1,3.7,691,1.58,200,0.48
365.54,155169,13547,27,504,12,1.18,1,3.7,691,1.58,165,0.35
366.62,155669,13563,27,500,16,1.07,1,3.7,691,1.58,50,0.1
367.67,156171,13579,27,502,16,1.05,1,3.7,691,1.58,10,0.02
368.9,156674,13603,27,503,24,1.23,1,3.7,691,1.58,50,0.13
370.2,157175,13643,27,501,40,1.29,1,3.7,691,1.58,30,0.08
371.44,157679,13687,27,504,44,1.24,1,3.7,691,1.58,55,0.13
372.61,158180,13703,27,501,16,1.18,1,3.7,691,1.58,30,0.08
373.87,158684,13739,27,504,36,1.26,1,3.7,691,1.58,160,0.39
375.05,159186,13767,27,502,28,1.18,1,3.7,691,1.58,20,0.05
376.29,159687,13783,27,501,16,1.24,1,3.7,691,1.58,25,0.07
377.38,160188,13811,27,501,28,1.09,1,3.7,691,1.58,140,0.33
378.67,160692,13835,27,504,24,1.29,1,3.7,691,1.58,45,0.11
379.97,161195,13859,27,503,24,1.3,1,3.7,691,1.58,60,0.14
381.16,161695,13887,27,500,28,1.19,1,3.7,691,1.58,85,0.2
382.27,162196,13919,27,501,32,1.11,1,3.7,691,1.58,125,0.27
383.47,162699,13959,27,503,40,1.2,1,3.7,691,1.58,10,0.02
384.65,163202,13971,27,503,12,1.18,1,3.7,691,1.58,65,0.16
385.86,163702,14007,27,500,36,1.21,1,3.7,691,1.58,125,0.3
387,164204,14027,27,502,20,1.14,1,3.7,691,1.58,65,0.16
388.23,164704,14067,27,500,40,1.23,1,3.7,691,1.58,60,0.12
389.36,165207,14099,27,503,32,1.13,1,3.7,691,1.58,20,0.05
390.71,165710,14111,27,503,12,1.35,1,3.7,691,1.58,265,0.73
391.84,166210,14135,27,500,24,1.12,1,3.7,691,1.58,85,0.19
393.03,166711,14171,27,501,36,1.19,1,3.7,691,1.58,110,0.23
394.31,167215,14183,27,504,12,1.29,1,3.7,691,1.58,175,0.46
395.44,167718,14203,27,503,20,1.13,1,3.7,691,1.58,50,0.1
396.68,168222,14231,27,504,28,1.24,1,3.7,691,1.58,85,0.21
397.88,168726,14275,27,504,44,1.19,1,3.7,691,1.58,10,0.03
399.09,169227,14287,27,501,12,1.22,1,3.7,691,1.58,85,0.21
400.29,169729,14295,27,502,8,1.2,1,3.7,691,1.58,235,0.55
401.57,170229,14323,27,500,28,1.28,1,3.7,691,1.58,85,0.24
402.74,170732,14335,27,503,12,1.17,1,3.7,691,1.58,130,0.29
403.88,171235,14371,27,503,36,1.14,1,3.7,691,1.58,35,0.07
405.05,171737,14403,27,502,32,1.17,1,3.7,691,1.58,5,0.02
406.19,172240,14435,27,503,32,1.14,1,3.7,691,1.58,45,0.12
407.35,172742,14451,27,502,16,1.16,1,3.7,691,1.58,220,0.49
408.43,173242,14463,27,500,12,1.08,1,3.7,691,1.58,50,0.14
409.66,173744,14471,27,502,8,1.23,1,3.7,691,1.58,5,0.01
410.82,174244,14499,27,500,28,1.16,1,3.7,691,1.58,65,0.17
412.05,174748,14523,27,504,24,1.23,1,3.7,691,1.58,5,0.01
413.29,175250,14563,27,502,40,1.24,1,3.7,691,1.58,35,0.1
414.41,175753,14603,27,503,40,1.12,1,3.7,691,1.58,100,0.22
415.6,176257,14639,27,504,36,1.19,1,3.7,691,1.58,75,0.16
416.68,176757,14667,27,500,28,1.09,1,3.7,691,1.58,20,0.04
417.84,177258,14703,27,501,36,1.15,1,3.7,691,1.58,25,0.05
418.99,177761,14719,27,503,16,1.16,1,3.7,691,1.58,35,0.08
420.15,178263,14727,27,502,8,1.16,1,3.7,691,1.58,210,0.5
421.36,178765,14755,27,502,28,1.21,1,3.7,691,1.58,30,0.06
422.5,179267,14775,27,502,20,1.14,1,3.7,691,1.58,125,0.28
423.64,179771,14795,27,504,20,1.15,1,3.7,691,1.58,150,0.38
424.66,180274,14807,27,503,12,1.02,1,3.7,691,1.58,265,0.56
425.86,180774,14839,27,500,32,1.2,1,3.7,691,1.58,10,0.03
426.96,181276,14855,27,502,16,1.11,1,3.7,691,1.58,100,0.24
428.21,181777,14879,27,501,24,1.25,1,3.7,691,1.58,30,0.08
429.35,182280,14919,27,503,40,1.14,1,3.7,691,1.58,180,0.35
430.57,182783,14943,27,503,24,1.22,1,3.7,691,1.58,35,0.09
431.83,183284,14987,27,501,44,1.27,1,3.7,691,1.58,90,0.27
433.06,183785,15007,27,501,20,1.23,1,3.7,691,1.58,145,0.38
434.27,184287,15023,27,502,16,1.21,1,3.7,691,1.58,45,0.11
435.46,184791,15047,27,504,24,1.19,1,3.7,691,1.58,170,0.38
436.99,185292,15071,27,501,24,1.53,1,3.7,691,1.58,15,0.06
438.48,185795,15111,27,503,40,1.48,1,3.7,691,1.58,155,0.4
439.72,186295,15151,27,500,40,1.25,1,3.7,691,1.58,0,0
440.92,186795,15183,27,500,32,1.2,1,3.7,691,1.58,0,0
442.21,187296,15203,27,501,20,1.29,1,3.7,691,1.58,170,0.41
443.39,187796,15235,27,500,32,1.18,1,3.7,691,1.58,40,0.1
444.66,188299,15263,27,503,28,1.27,1,3.7,691,1.58,55,0.15
445.89,188803,15287,27,504,24,1.23,1,3.7,691,1.58,120,0.34
447.12,189306,15299,27,503,12,1.23,1,3.7,691,1.58,45,0.1
448.33,189806,15319,27,500,20,1.21,1,3.7,691,1.58,65,0.15
449.58,190309,15351,27,503,32,1.25,1,3.7,691,1.58,5,0.01
450.87,190810,15379,27,501,28,1.28,1,3.7,691,1.58,35,0.06
452.03,191314,15407,27,504,28,1.17,1,3.7,691,1.58,25,0.06
453.28,191815,15427,27,501,20,1.25,1,3.7,691,1.58,85,0.23
454.45,192319,15467,27,504,40,1.17,1,3.7,691,1.58,10,0.02
455.73,192819,15479,27,500,12,1.28,1,3.7,691,1.58,235,0.59
456.97,193323,15511,27,504,32,1.23,1,3.7,691,1.58,5,0.01
457.95,193827,15551,27,504,40,0.98,1,3.7,691,1.58,20,0.04
459.1,194329,15603,27,502,52,1.15,1,3.7,691,1.58,15,0.03
460.18,194832,15643,27,503,40,1.08,1,3.7,691,1.58,40,0.09
461.43,195332,15667,27,500,24,1.25,1,3.7,691,1.58,60,0.16
462.69,195834,15695,27,502,28,1.26,2,7.41,691,1.58,60,0.14
463.86,196335,15715,27,501,20,1.17,1,3.7,691,1.58,90,0.22
465.07,196835,15731,27,500,16,1.22,1,3.7,691,1.58,70,0.18
466.23,197335,15767,27,500,36,1.16,1,3.7,691,1.58,50,0.13
467.45,197835,15795,27,500,28,1.22,1,3.7,691,1.58,20,0.03
468.59,198335,15811,27,500,16,1.14,1,3.7,691,1.58,125,0.31
469.78,198835,15839,27,500,28,1.2,1,3.7,691,1.58,45,0.13
471,199335,15859,27,500,20,1.22,1,3.7,691,1.58,235,0.58
472.2,199835,15895,27,500,36,1.19,1,3.7,691,1.58,25,0.07
473.35,200336,15915,27,501,20,1.15,1,3.7,691,1.58,15,0.03
474.45,200837,15935,27,501,20,1.1,1,3.7,691,1.58,30,0.06
475.64,201341,15971,27,504,36,1.19,1,3.7,691,1.58,130,0.28
476.87,201843,16015,27,502,44,1.23,1,3.7,691,1.58,35,0.08
478.13,202346,16035,27,503,20,1.26,1,3.7,691,1.58,35,0.08
479.45,202850,16071,27,504,36,1.32,1,3.7,691,1.58,25,0.08
480.72,203350,16087,27,500,16,1.27,1,3.7,691,1.58,215,0.58
481.87,203852,16107,27,502,20,1.14,1,3.7,691,1.58,110,0.23
483.05,204355,16155,27,503,48,1.19,1,3.7,691,1.58,105,0.26
484.3,204856,16175,27,501,20,1.25,2,7.41,691,1.58,125,0.29
485.52,205360,16219,27,504,44,1.22,1,3.7,691,1.58,195,0.47
486.9,205863,16271,27,503,52,1.38,1,3.7,691,1.58,70,0.21
487.94,206365,16299,27,502,28,1.05,1,3.7,691,1.58,5,0.01
489.13,206869,16315,27,504,16,1.19,1,3.7,691,1.58,85,0.21
490.32,207369,16359,27,500,44,1.18,1,3.7,691,1.58,5,0.02
491.58,207872,16371,27,503,12,1.26,1,3.7,691,1.58,95,0.24
492.77,208373,16387,27,501,16,1.19,1,3.7,691,1.58,40,0.09
493.92,208876,16399,27,503,12,1.15,1,3.7,691,1.58,100,0.2
495.02,209379,16431,27,503,32,1.1,1,3.7,691,1.58,130,0.29
496.23,209879,16471,27,500,40,1.21,1,3.7,691,1.58,50,0.1
497.43,210383,16483,27,504,12,1.2,1,3.7,691,1.58,295,0.7
498.65,210883,16507,27,500,24,1.22,1,3.7,691,1.58,20,0.05
500.01,211387,16551,27,504,44,1.36,1,3.7,691,1.58,20,0.04
501.21,211887,16579,27,500,28,1.19,1,3.7,691,1.58,160,0.41
502.35,212389,16599,27,502,20,1.15,1,3.7,691,1.58,95,0.22
503.65,212893,16631,27,504,32,1.3,1,3.7,691,1.58,15,0.04
504.91,213395,16655,27,502,24,1.26,1,3.7,691,1.58,15,0.04
506.2,213899,16679,27,504,24,1.28,1,3.7,691,1.58,40,0.1
507.38,214399,16711,27,500,32,1.18,1,3.7,691,1.58,40,0.09
508.43,214901,16731,27,502,20,1.05,1,3.7,691,1.58,100,0.2
509.59,215401,16795,27,500,64,1.16,1,3.7,691,1.58,10,0.02
510.93,215903,16831,27,502,36,1.34,1,3.7,691,1.58,150,0.35
512.16,216406,16851,27,503,20,1.23,1,3.7,691,1.58,160,0.37
513.3,216910,16879,27,504,28,1.14,1,3.7,691,1.58,25,0.06
514.41,217412,16931,27,502,52,1.11,1,3.7,691,1.58,30,0.08
515.59,217914,16943,27,502,12,1.18,1,3.7,691,1.58,70,0.15
516.81,218416,16971,27,502,28,1.22,1,3.7,691,1.58,25,0.06
517.99,218917,16987,27,501,16,1.18,1,3.7,691,1.58,155,0.39
519.25,219419,17007,27,502,20,1.26,1,3.7,691,1.58,35,0.09
520.41,219921,17035,27,502,28,1.16,1,3.7,691,1.58,165,0.41
521.59,220425,17055,27,504,20,1.18,1,3.7,691,1.58,145,0.33
522.65,220927,17091,27,502,36,1.07,1,3.7,691,1.58,50,0.08
523.74,221430,17115,27,503,24,1.08,1,3.7,691,1.58,50,0.11
524.93,221932,17155,27,502,40,1.19,1,3.7,691,1.58,80,0.2
526.18,222433,17159,27,501,4,1.25,1,3.7,691,1.58,250,0.62
527.45,222934,17175,27,501,16,1.26,1,3.7,691,1.58,235,0.59
528.64,223434,17195,27,500,20,1.19,1,3.7,691,1.58,135,0.35
529.96,223934,17243,27,500,48,1.32,1,3.7,691,1.58,0,0
531.16,224436,17263,27,502,20,1.19,1,3.7,691,1.58,45,0.09
532.31,224937,17291,27,501,28,1.16,1,3.7,691,1.58,65,0.15
533.49,225438,17319,27,501,28,1.18,1,3.7,691,1.58,140,0.3
534.62,225942,17355,27,504,36,1.13,1,3.7,691,1.58,35,0.08
535.77,226446,17391,27,504,36,1.15,1,3.7,691,1.58,5,0.02
536.88,226949,17415,27,503,24,1.1,1,3.7,691,1.58,70,0.16
538.1,227449,17439,27,500,24,1.22,1,3.7,691,1.58,5,0.02
539.27,227951,17471,27,502,32,1.18,1,3.7,691,1.58,85,0.22
540.4,228454,17487,27,503,16,1.12,1,3.7,691,1.58,65,0.16
541.55,228954,17519,27,500,32,1.16,1,3.7,691,1.58,70,0.16
542.77,229457,17539,27,503,20,1.22,1,3.7,691,1.58,20,0.03
544.01,229960,17563,27,503,24,1.24,1,3.7,691,1.58,45,0.11
545.31,230462,17595,27,502,32,1.3,1,3.7,691,1.58,10,0.03
546.65,230966,17603,27,504,8,1.34,1,3.7,691,1.58,490,1.3
547.84,231470,17635,27,504,32,1.19,1,3.7,691,1.58,65,0.17
549.12,231974,17683,27,504,48,1.28,1,3.7,691,1.58,5,0.01
550.33,232477,17687,27,503,4,1.21,1,3.7,691,1.58,450,1.07
551.54,232980,17707,27,503,20,1.21,1,3.7,691,1.58,80,0.16
552.69,233480,17755,27,500,48,1.15,1,3.7,691,1.58,40,0.11
553.92,233982,17771,27,502,16,1.23,1,3.7,691,1.58,380,0.91
555.09,234483,17791,27,501,20,1.17,1,3.7,691,1.58,155,0.37
556.38,234986,17807,27,503,16,1.28,1,3.7,691,1.58,100,0.25
557.73,235486,17851,27,500,44,1.36,1,3.7,691,1.58,95,0.24
558.98,235989,17891,27,503,40,1.25,1,3.7,691,1.58,35,0.09
560.19,236493,17919,27,504,28,1.21,1,3.7,691,1.58,10,0.02
561.45,236996,17947,27,503,28,1.26,1,3.7,691,1.58,165,0.42
562.75,237497,18011,27,501,64,1.3,1,3.7,691,1.58,65,0.15
563.88,238001,18039,27,504,28,1.13,1,3.7,691,1.58,150,0.34
565.33,238504,18083,27,503,44,1.45,1,3.7,691,1.58,40,0.11
566.49,239006,18111,27,502,28,1.15,1,3.7,691,1.58,70,0.15
567.73,239506,18143,27,500,32,1.25,1,3.7,691,1.58,10,0.03
568.98,240006,18159,27,500,16,1.25,1,3.7,691,1.58,100,0.23
570.26,240506,18183,27,500,24,1.28,1,3.7,691,1.58,5,0.02
571.48,241010,18215,27,504,32,1.22,1,3.7,691,1.58,135,0.3
572.69,241514,18243,27,504,28,1.21,1,3.7,691,1.58,105,0.26
573.95,242017,18279,27,503,36,1.26,1,3.7,691,1.58,65,0.15
575.02,242521,18315,27,504,36,1.06,1,3.7,691,1.58,35,0.06
576.21,243023,18323,27,502,8,1.2,1,3.7,691,1.58,70,0.19
577.51,243527,18351,27,504,28,1.29,1,3.7,691,1.58,55,0.17
578.69,244028,18367,27,501,16,1.18,1,3.7,691,1.58,110,0.25
580.06,244529,18395,27,501,28,1.37,1,3.7,691,1.58,115,0.26
581.2,245031,18427,27,502,32,1.13,1,3.7,691,1.58,40,0.09
582.33,245532,18463,27,501,36,1.13,1,3.7,691,1.58,50,0.1
583.53,246032,18495,27,500,32,1.2,1,3.7,691,1.58,75,0.18
584.71,246535,18519,27,503,24,1.19,1,3.7,691,1.58,130,0.29
585.89,247037,18559,27,502,40,1.18,1,3.7,691,1.58,215,0.55
587.13,247540,18607,27,503,48,1.24,1,3.7,691,1.58,45,0.1
588.39,248043,18635,27,503,28,1.26,1,3.7,691,1.58,5,0.02
589.63,248547,18671,27,504,36,1.23,1,3.7,691,1.58,5,0.02
590.86,249047,18691,27,500,20,1.24,1,3.7,691,1.58,0,0
592.01,249550,18715,27,503,24,1.14,1,3.7,691,1.58,10,0.02
593.19,250053,18731,27,503,16,1.18,1,3.7,691,1.58,50,0.13
594.4,250556,18763,27,503,32,1.21,1,3.7,691,1.58,5,0.01
595.56,251056,18783,27,500,20,1.16,1,3.7,691,1.58,45,0.1
596.81,251558,18811,27,502,28,1.25,1,3.7,691,1.58,30,0.06
597.95,252060,18843,27,502,32,1.14,1,3.7,691,1.58,15,0.03
599.26,252564,18867,27,504,24,1.31,1,3.7,691,1.58,75,0.22
600.43,253065,18899,27,501,32,1.17,1,3.7,691,1.58,10,0.03
601.47,253569,18919,27,504,20,1.04,1,3.7,691,1.58,70,0.15
602.64,254069,18943,27,500,24,1.18,1,3.7,691,1.58,155,0.36
603.78,254570,18971,27,501,28,1.13,1,3.7,691,1.58,30,0.07
604.89,255071,19019,27,501,48,1.12,1,3.7,691,1.58,5,0.01
606.14,255575,19055,27,504,36,1.24,1,3.7,691,1.58,45,0.12
607.34,256078,19087,27,503,32,1.21,1,3.7,691,1.58,20,0.06
608.66,256579,19127,27,501,40,1.31,1,3.7,691,1.58,55,0.15
609.94,257081,19179,27,502,52,1.29,1,3.7,691,1.58,75,0.18
611.18,257584,19187,27,503,8,1.24,1,3.7,691,1.58,45,0.1
612.36,258085,19223,27,501,36,1.18,1,3.7,691,1.58,40,0.1
613.54,258585,19267,27,500,44,1.18,1,3.7,691,1.58,25,0.04
614.67,259086,19291,27,501,24,1.13,1,3.7,691,1.58,15,0.04
615.81,259589,19323,27,503,32,1.14,1,3.7,691,1.58,110,0.22
616.88,260090,19343,27,501,20,1.08,1,3.7,691,1.58,165,0.35
618.02,260590,19371,27,500,28,1.14,1,3.7,691,1.58,5,0.01
619.18,261090,19383,27,500,12,1.16,1,3.7,691,1.58,140,0.32
620.37,261593,19419,27,503,36,1.19,1,3.7,691,1.58,20,0.05
621.64,262094,19439,27,501,20,1.27,1,3.7,691,1.58,80,0.21
622.96,262595,19475,27,501,36,1.31,1,3.7,691,1.58,20,0.06
624.24,263098,19503,27,503,28,1.29,1,3.7,691,1.58,110,0.25
625.44,263599,19535,27,501,32,1.19,1,3.7,691,1.58,65,0.15
626.62,264101,19587,27,502,52,1.18,1,3.7,691,1.58,5,0.01
627.82,264602,19619,27,501,32,1.2,1,3.7,691,1.58,30,0.07
629.01,265104,19639,27,502,20,1.19,1,3.7,691,1.58,115,0.29
630.16,265604,19671,27,500,32,1.15,1,3.7,691,1.58,115,0.25
631.31,266104,19711,27,500,40,1.15,1,3.7,691,1.58,40,0.09
632.54,266604,19735,27,500,24,1.22,1,3.7,691,1.58,15,0.04
633.79,267104,19763,27,500,28,1.25,1,3.7,691,1.58,95,0.27
635.03,267606,19787,27,502,24,1.24,1,3.7,691,1.58,50,0.09
636.26,268108,19827,27,502,40,1.23,1,3.7,691,1.58,155,0.41
637.44,268610,19855,27,502,28,1.18,1,3.7,691,1.58,20,0.05
638.6,269114,19879,27,504,24,1.16,1,3.7,691,1.58,85,0.18
639.81,269615,19903,27,501,24,1.21,1,3.7,691,1.58,45,0.1
640.96,270116,19935,27,501,32,1.15,1,3.7,691,1.58,55,0.1
642.19,270620,19959,27,504,24,1.22,1,3.7,691,1.58,95,0.21
643.37,271120,19987,27,500,28,1.19,1,3.7,691,1.58,55,0.12
644.64,271623,20019,27,503,32,1.27,1,3.7,691,1.58,5,0.01
645.93,272125,20027,27,502,8,1.3,1,3.7,691,1.58,35,0.08
647.17,272629,20043,27,504,16,1.24,1,3.7,691,1.58,25,0.06
648.41,273131,20055,27,502,12,1.24,1,3.7,691,1.58,185,0.44
649.6,273633,20087,27,502,32,1.19,1,3.7,691,1.58,35,0.09
650.95,274137,20107,27,504,20,1.35,1,3.7,691,1.58,30,0.07
652.19,274641,20139,27,504,32,1.24,1,3.7,691,1.58,155,0.37
653.42,275142,20171,27,501,32,1.23,1,3.7,691,1.58,30,0.07
654.46,275642,20195,27,500,24,1.03,1,3.7,691,1.58,45,0.09
655.66,276142,20219,27,500,24,1.2,1,3.7,691,1.58,25,0.06
656.82,276642,20247,27,500,28,1.16,1,3.7,691,1.58,70,0.15
658,277142,20291,27,500,44,1.18,1,3.7,691,1.58,10,0.03
659.28,277642,20327,27,500,36,1.29,1,3.7,691,1.58,10,0.02
660.47,278144,20335,27,502,8,1.19,1,3.7,691,1.58,145,0.33
661.67,278648,20359,27,504,24,1.2,1,3.7,691,1.58,5,0.02
662.79,279150,20387,27,502,28,1.12,1,3.7,691,1.58,70,0.17
663.94,279654,20419,27,504,32,1.15,1,3.7,691,1.58,10,0.02
665.07,280157,20467,27,503,48,1.13,1,3.7,691,1.58,55,0.12
666.27,280660,20511,27,503,44,1.21,1,3.7,691,1.58,45,0.1
667.66,281162,20555,27,502,44,1.38,1,3.7,691,1.58,10,0.03
668.92,281665,20583,27,503,28,1.27,1,3.7,691,1.58,155,0.4
670.17,282166,20599,27,501,16,1.25,1,3.7,691,1.58,140,0.35
671.43,282669,20627,27,503,28,1.26,1,3.7,691,1.58,35,0.1
672.54,283170,20663,27,501,36,1.12,1,3.7,691,1.58,95,0.22
673.7,283674,20703,27,504,40,1.15,1,3.7,691,1.58,150,0.34
674.7,284175,20739,27,501,36,1,1,3.7,691,1.58,25,0.06
675.87,284676,20771,27,501,32,1.17,1,3.7,691,1.58,80,0.17
677.02,285177,20787,27,501,16,1.14,1,3.7,691,1.58,20,0.05
678.3,285681,20811,27,504,24,1.28,1,3.7,691,1.58,30,0.06
679.47,286183,20839,27,502,28,1.17,1,3.7,691,1.58,60,0.13
680.64,286683,20855,27,500,16,1.16,1,3.7,691,1.58,55,0.14
681.83,287187,20871,27,504,16,1.19,1,3.7,691,1.58,10,0.03
682.97,287687,20899,27,500,28,1.14,1,3.7,691,1.58,60,0.13
684.22,288189,20919,27,502,20,1.25,1,3.7,691,1.58,5,0.02
685.52,288689,20991,27,500,72,1.3,1,3.7,691,1.58,45,0.12
686.75,289189,21007,27,500,16,1.23,1,3.7,691,1.58,100,0.23
687.9,289691,21031,27,502,24,1.15,1,3.7,691,1.58,80,0.19
688.98,290193,21051,27,502,20,1.08,1,3.7,691,1.58,85,0.21
690.23,290693,21075,27,500,24,1.25,1,3.7,691,1.58,120,0.31
691.41,291193,21115,27,500,40,1.18,1,3.7,691,1.58,80,0.18
692.73,291694,21143,27,501,28,1.32,1,3.7,691,1.58,120,0.31
693.97,292197,21183,27,503,40,1.24,1,3.7,691,1.58,5,0.02
695.22,292698,21203,27,501,20,1.25,1,3.7,691,1.58,5,0.02
696.44,293200,21227,27,502,24,1.22,1,3.7,691,1.58,5,0.01
697.72,293703,21267,27,503,40,1.28,1,3.7,691,1.58,85,0.21
698.96,294203,21307,27,500,40,1.25,1,3.7,691,1.58,145,0.36
700.22,294707,21335,27,504,28,1.26,1,3.7,691,1.58,75,0.21
701.52,295211,21355,27,504,20,1.3,1,3.7,691,1.58,80,0.21
702.83,295712,21387,27,501,32,1.31,1,3.7,691,1.58,160,0.37
703.97,296212,21403,27,500,16,1.14,1,3.7,691,1.58,75,0.17
705.12,296715,21447,27,503,44,1.15,1,3.7,691,1.58,30,0.06
706.26,297215,21467,27,500,20,1.14,1,3.7,691,1.58,120,0.31
707.47,297715,21491,27,500,24,1.21,1,3.7,691,1.58,35,0.08
708.67,298219,21527,27,504,36,1.2,1,3.7,691,1.58,140,0.37
709.86,298720,21543,27,501,16,1.2,1,3.7,691,1.58,110,0.27
711.05,299222,21575,27,502,32,1.19,1,3.7,691,1.58,15,0.03
712.25,299725,21599,27,503,24,1.2,1,3.7,691,1.58,105,0.28
713.46,300228,21623,27,503,24,1.21,1,3.7,691,1.58,210,0.49
714.76,300732,21667,27,504,44,1.3,1,3.7,691,1.58,35,0.11
715.95,301233,21687,27,501,20,1.19,1,3.7,691,1.58,50,0.1
717.14,301734,21691,27,501,4,1.2,1,3.7,691,1.58,340,0.85
718.4,302237,21699,27,503,8,1.25,1,3.7,691,1.58,230,0.58
719.54,302738,21719,27,501,20,1.14,1,3.7,691,1.58,15,0.04
720.75,303242,21763,27,504,44,1.21,1,3.7,691,1.58,65,0.16
721.92,303746,21775,27,504,12,1.16,1,3.7,691,1.58,130,0.29
723.05,304246,21811,27,500,36,1.14,1,3.7,691,1.58,20,0.05
724.29,304749,21815,27,503,4,1.24,1,3.7,691,1.58,390,0.99
725.48,305251,21823,27,502,8,1.19,1,3.7,691,1.58,390,0.89
726.76,305755,21839,27,504,16,1.28,1,3.7,691,1.58,5,0.01
728.03,306259,21851,27,504,12,1.26,1,3.7,691,1.58,270,0.66
729.19,306759,21879,27,500,28,1.16,1,3.7,691,1.58,80,0.2
730.64,307263,21911,27,504,32,1.45,1,3.7,691,1.58,10,0.03
731.96,307763,21943,27,500,32,1.32,1,3.7,691,1.58,25,0.05
733.17,308263,21951,27,500,8,1.2,1,3.7,691,1.58,45,0.11
734.47,308766,21971,27,503,20,1.3,1,3.7,691,1.58,215,0.51
735.73,309266,22003,27,500,32,1.27,1,3.7,691,1.58,30,0.08
737.09,309769,22019,27,503,16,1.35,1,3.7,691,1.58,45,0.11
738.55,310271,22023,27,502,4,1.46,1,3.7,691,1.58,180,0.49
739.74,310771,22071,27,500,48,1.19,1,3.7,691,1.58,5,0.02
741.06,311275,22119,27,504,48,1.32,1,3.7,691,1.58,5,0.02
742.44,311777,22139,27,502,20,1.38,1,3.7,691,1.58,35,0.1
743.75,312278,22147,27,501,8,1.32,1,3.7,691,1.58,20,0.06
745,312780,22167,27,502,20,1.24,1,3.7,691,1.58,5,0.01
746.3,313283,22187,27,503,20,1.3,1,3.7,691,1.58,145,0.35
747.58,313785,22219,27,502,32,1.28,1,3.7,691,1.58,50,0.12
748.86,314287,22259,27,502,40,1.28,1,3.7,691,1.58,35,0.11
750.09,314788,22287,27,501,28,1.23,1,3.7,691,1.58,20,0.05
751.37,315292,22307,27,504,20,1.28,1,3.7,691,1.58,145,0.38
752.6,315794,22331,27,502,24,1.24,1,3.7,691,1.58,165,0.43
753.94,316295,22383,27,501,52,1.34,1,3.7,691,1.58,25,0.06
755.24,316798,22407,27,503,24,1.3,1,3.7,691,1.58,100,0.27
756.71,317302,22431,27,504,24,1.47,1,3.7,691,1.58,180,0.5
757.96,317805,22459,27,503,28,1.25,1,3.7,691,1.58,15,0.04
759.21,318305,22459,27,500,0,1.26,0,0,691,1.58,515,1.3
760.43,318805,22487,27,500,28,1.22,1,3.7,691,1.58,30,0.09
761.67,319305,22503,27,500,16,1.23,1,3.7,691,1.58,45,0.12
762.89,319806,22527,27,501,24,1.22,1,3.7,691,1.58,20,0.05
764.09,320309,22551,27,503,24,1.21,1,3.7,691,1.58,5,0.01
765.31,320813,22579,27,504,28,1.22,1,3.7,691,1.58,80,0.2
766.46,321316,22587,27,503,8,1.14,1,3.7,691,1.58,150,0.34
767.59,321817,22623,27,501,36,1.14,1,3.7,691,1.58,125,0.28
768.78,322320,22655,27,503,32,1.18,1,3.7,691,1.58,15,0.03
769.89,322824,22691,27,504,36,1.11,1,3.7,691,1.58,20,0.06
771.18,323325,22727,27,501,36,1.3,1,3.7,691,1.58,10,0.02
772.43,323828,22771,27,503,44,1.24,1,3.7,691,1.58,15,0.04
773.64,324328,22787,27,500,16,1.21,1,3.7,691,1.58,0,0
774.87,324829,22799,27,501,12,1.23,1,3.7,691,1.58,55,0.12
776.08,325331,22819,27,502,20,1.21,1,3.7,691,1.58,80,0.17
777.23,325831,22843,27,500,24,1.15,1,3.7,691,1.58,25,0.08
778.45,326331,22875,27,500,32,1.23,1,3.7,691,1.58,45,0.12
779.61,326834,22887,27,503,12,1.16,1,3.7,691,1.58,55,0.12
780.86,327336,22907,27,502,20,1.25,1,3.7,691,1.58,55,0.12
782.09,327836,22943,27,500,36,1.23,1,3.7,691,1.58,70,0.17
783.48,328339,22975,27,503,32,1.39,1,3.7,691,1.58,20,0.06
784.72,328839,23011,27,500,36,1.24,1,3.7,691,1.58,20,0.05
785.84,329342,23019,27,503,8,1.12,1,3.7,691,1.58,280,0.61
787.02,329844,23035,27,502,16,1.18,1,3.7,691,1.58,85,0.2
788.18,330348,23063,27,504,28,1.15,1,3.7,691,1.58,5,0.01
789.43,330849,23095,27,501,32,1.25,1,3.7,691,1.58,160,0.42
790.72,331349,23139,27,500,44,1.29,1,3.7,691,1.58,90,0.26
791.95,331851,23163,27,502,24,1.23,1,3.7,691,1.58,30,0.07
793.18,332354,23187,27,503,24,1.23,1,3.7,691,1.58,30,0.08
794.36,332858,23215,27,504,28,1.18,1,3.7,691,1.58,205,0.48
795.49,333359,23243,27,501,28,1.13,1,3.7,691,1.58,170,0.4
796.71,333859,23271,27,500,28,1.22,1,3.7,691,1.58,40,0.08
797.87,334363,23291,27,504,20,1.16,1,3.7,691,1.58,40,0.09
799.11,334867,23323,27,504,32,1.24,1,3.7,691,1.58,125,0.34
800.31,335370,23351,27,503,28,1.2,1,3.7,691,1.58,50,0.1
801.54,335871,23383,27,501,32,1.23,1,3.7,691,1.58,50,0.13
802.75,336375,23399,27,504,16,1.21,1,3.7,691,1.58,80,0.18
803.92,336878,23411,27,503,12,1.17,1,3.7,691,1.58,185,0.45
805.27,337378,23447,27,500,36,1.35,1,3.7,691,1.58,10,0.03
806.57,337882,23507,27,504,60,1.3,1,3.7,691,1.58,15,0.04
807.81,338385,23547,27,503,40,1.24,1,3.7,691,1.58,15,0.04
809.01,338887,23567,27,502,20,1.2,1,3.7,691,1.58,115,0.26
810.17,339390,23611,27,503,44,1.16,1,3.7,691,1.58,135,0.32
811.45,339890,23631,27,500,20,1.28,1,3.7,691,1.58,135,0.36
812.7,340390,23647,27,500,16,1.25,1,3.7,691,1.58,180,0.46
813.94,340890,23691,27,500,44,1.24,1,3.7,691,1.58,15,0.04
815.1,341394,23739,27,504,48,1.16,1,3.7,691,1.58,40,0.1
816.34,341897,23755,27,503,16,1.24,1,3.7,691,1.58,145,0.38
817.72,342399,23771,27,502,16,1.37,1,3.7,691,1.58,40,0.1
818.96,342899,23811,27,500,40,1.24,1,3.7,691,1.58,40,0.1
820.21,343401,23839,27,502,28,1.25,1,3.7,691,1.58,135,0.33
821.41,343901,23863,27,500,24,1.2,1,3.7,691,1.58,90,0.21
822.6,344402,23899,27,501,36,1.19,1,3.7,691,1.58,25,0.06
823.74,344905,23927,27,503,28,1.14,1,3.7,691,1.58,10,0.02
825.19,345405,23967,27,500,40,1.44,1,3.7,691,1.58,125,0.33
826.35,345905,23979,27,500,12,1.17,1,3.7,691,1.58,140,0.32
827.63,346408,23991,27,503,12,1.28,1,3.7,691,1.58,50,0.14
828.81,346910,24023,27,502,32,1.18,1,3.7,691,1.58,115,0.25
830.02,347410,24063,27,500,40,1.21,1,3.7,691,1.58,120,0.3
831.2,347912,24087,27,502,24,1.18,1,3.7,691,1.58,25,0.06
832.39,348414,24103,27,502,16,1.19,1,3.7,691,1.58,305,0.76
833.73,348918,24135,27,504,32,1.34,1,3.7,691,1.58,35,0.09
834.91,349422,24155,27,504,20,1.18,1,3.7,691,1.58,25,0.06
836.13,349923,24195,27,501,40,1.22,1,3.7,691,1.58,30,0.06
837.3,350426,24219,27,503,24,1.17,1,3.7,691,1.58,95,0.23
838.62,350928,24247,27,502,28,1.32,1,3.7,691,1.58,70,0.19
839.86,351430,24275,27,502,28,1.24,1,3.7,691,1.58,75,0.17
841.09,351932,24307,27,502,32,1.24,1,3.7,691,1.58,175,0.46
842.36,352436,24319,27,504,12,1.26,1,3.7,691,1.58,15,0.03
843.55,352940,24343,27,504,24,1.2,1,3.7,691,1.58,120,0.31
844.69,353442,24359,27,502,16,1.14,1,3.7,691,1.58,195,0.42
845.78,353944,24371,27,502,12,1.09,1,3.7,691,1.58,0,0
846.96,354446,24391,27,502,20,1.18,1,3.7,691,1.58,290,0.7
848.12,354950,24415,27,504,24,1.16,1,3.7,691,1.58,25,0.08
849.28,355450,24427,27,500,12,1.17,1,3.7,691,1.58,85,0.18
850.56,355950,24455,27,500,28,1.28,1,3.7,691,1.58,205,0.53
851.73,356451,24495,27,501,40,1.17,1,3.7,691,1.58,5,0.02
852.93,356954,24519,27,503,24,1.21,1,3.7,691,1.58,170,0.4
854.2,357454,24543,27,500,24,1.27,1,3.7,691,1.58,75,0.18
855.4,357955,24575,27,501,32,1.19,1,3.7,691,1.58,50,0.11
856.58,358459,24591,27,504,16,1.18,1,3.7,691,1.58,15,0.04
857.96,358962,24623,27,503,32,1.39,1,3.7,691,1.58,25,0.06
859.28,359462,24643,27,500,20,1.31,1,3.7,691,1.58,235,0.6
860.39,359964,24667,27,502,24,1.12,1,3.7,691,1.58,10,0.02
861.58,360467,24707,27,503,40,1.19,1,3.7,691,1.58,10,0.02
862.78,360969,24735,27,502,28,1.19,1,3.7,691,1.58,35,0.07
864.08,361471,24779,27,502,44,1.31,1,3.7,691,1.58,5,0.01
865.37,361973,24799,27,502,20,1.29,1,3.7,691,1.58,5,0.01
866.61,362476,24823,27,503,24,1.24,1,3.7,691,1.58,100,0.26
867.88,362979,24839,27,503,16,1.27,1,3.7,691,1.58,210,0.54
869.1,363481,24863,27,502,24,1.23,1,3.7,691,1.58,25,0.06
870.35,363982,24883,27,501,20,1.25,1,3.7,691,1.58,5,0.01
871.66,364486,24911,27,504,28,1.31,1,3.7,691,1.58,90,0.22
872.95,364988,24963,27,502,52,1.29,1,3.7,691,1.58,65,0.16
874.12,365490,24987,27,502,24,1.17,1,3.7,691,1.58,5,0.01
875.37,365992,25007,27,502,20,1.25,1,3.7,691,1.58,60,0.18
876.57,366496,25023,27,504,16,1.21,1,3.7,691,1.58,145,0.27
877.83,366999,25043,27,503,20,1.26,1,3.7,691,1.58,40,0.09
879.1,367502,25071,27,503,28,1.28,1,3.7,691,1.58,90,0.29
880.38,368004,25095,27,502,24,1.27,1,3.7,691,1.58,10,0.02
881.63,368505,25119,27,501,24,1.25,1,3.7,691,1.58,5,0.02
882.86,369008,25139,27,503,20,1.23,1,3.7,691,1.58,40,0.08
884.27,369508,25195,27,500,56,1.41,1,3.7,691,1.58,5,0.01
885.47,370011,25255,27,503,60,1.2,1,3.7,691,1.58,90,0.22
886.66,370515,25299,27,504,44,1.19,1,3.7,691,1.58,15,0.04
887.98,371015,25331,27,500,32,1.32,1,3.7,691,1.58,0,0
889.13,371517,25343,27,502,12,1.15,1,3.7,691,1.58,130,0.29
890.38,372020,25355,27,503,12,1.25,1,3.7,691,1.58,165,0.43
891.71,372523,25391,27,503,36,1.32,1,3.7,691,1.58,55,0.13
892.95,373026,25423,27,503,32,1.24,1,3.7,691,1.58,175,0.44
894.2,373526,25459,27,500,36,1.26,1,3.7,691,1.58,90,0.22
895.48,374027,25527,27,501,68,1.28,1,3.7,691,1.58,15,0.04
896.71,374530,25563,27,503,36,1.23,1,3.7,691,1.58,35,0.08
898,375033,25599,27,503,36,1.28,1,3.7,691,1.58,80,0.2
899.22,375533,25643,27,500,44,1.23,1,3.7,691,1.58,25,0.05
900.49,376036,25675,27,503,32,1.26,1,3.7,691,1.58,25,0.07
901.7,376539,25703,27,503,28,1.21,1,3.7,691,1.58,5,0.01
902.94,377039,25723,27,500,20,1.24,1,3.7,691,1.58,25,0.06
904.06,377540,25739,27,501,16,1.12,1,3.7,691,1.58,155,0.34
905.21,378040,25791,27,500,52,1.15,1,3.7,691,1.58,20,0.03
906.34,378542,25815,27,502,24,1.13,1,3.7,691,1.58,5,0.01
907.6,379043,25831,27,501,16,1.26,1,3.7,691,1.58,80,0.19
908.91,379546,25879,27,503,48,1.3,1,3.7,691,1.58,40,0.09
910.17,380049,25903,27,503,24,1.26,1,3.7,691,1.58,130,0.28
911.39,380553,25915,27,504,12,1.22,1,3.7,691,1.58,45,0.12
912.71,381054,25943,27,501,28,1.32,1,3.7,691,1.58,25,0.06
914.06,381558,25995,27,504,52,1.34,1,3.7,691,1.58,35,0.11
915.37,382059,26015,27,501,20,1.31,1,3.7,691,1.58,170,0.44
916.58,382559,26051,27,500,36,1.21,1,3.7,691,1.58,70,0.15
917.95,383059,26063,27,500,12,1.37,1,3.7,691,1.58,70,0.18
919.15,383560,26095,27,501,32,1.2,1,3.7,691,1.58,50,0.12
920.48,384063,26127,27,503,32,1.33,1,3.7,691,1.58,5,0.02
921.91,384565,26135,27,502,8,1.43,1,3.7,691,1.58,125,0.34
923.3,385065,26155,27,500,20,1.38,1,3.7,691,1.58,0,0
924.86,385568,26171,27,503,16,1.56,1,3.7,691,1.58,345,1.05
926.22,386070,26187,27,502,16,1.36,1,3.7,691,1.58,95,0.25
927.58,386572,26195,27,502,8,1.37,1,3.7,691,1.58,170,0.42
928.86,387073,26231,27,501,36,1.28,1,3.7,691,1.58,15,0.04
930.06,387577,26263,27,504,32,1.2,1,3.7,691,1.58,80,0.17
931.29,388079,26295,27,502,32,1.23,1,3.7,691,1.58,135,0.33
932.67,388581,26339,27,502,44,1.38,1,3.7,691,1.58,35,0.13
934.08,389081,26355,27,500,16,1.41,1,3.7,691,1.58,55,0.13
935.36,389582,26391,27,501,36,1.28,1,3.7,691,1.58,30,0.07
936.45,390085,26415,27,503,24,1.09,1,3.7,691,1.58,60,0.12
937.76,390589,26435,27,504,20,1.31,1,3.7,691,1.58,115,0.32
939.05,391091,26443,27,502,8,1.29,1,3.7,691,1.58,270,0.68
940.35,391594,26495,27,503,52,1.3,1,3.7,691,1.58,40,0.09
941.63,392097,26535,27,503,40,1.28,1,3.7,691,1.58,120,0.31
942.85,392601,26547,27,504,12,1.23,1,3.7,691,1.58,230,0.54
944.16,393104,26579,27,503,32,1.3,1,3.7,691,1.58,50,0.11
945.4,393607,26615,27,503,36,1.25,1,3.7,691,1.58,10,0.03
946.75,394110,26651,27,503,36,1.34,1,3.7,691,1.58,90,0.25
947.99,394612,26675,27,502,24,1.25,1,3.7,691,1.58,40,0.09
949.22,395116,26711,27,504,36,1.23,1,3.7,691,1.58,130,0.3
950.43,395617,26735,27,501,24,1.21,1,3.7,691,1.58,125,0.3
951.65,396117,26751,27,500,16,1.22,1,3.7,691,1.58,5,0.02
952.76,396618,26755,27,501,4,1.12,1,3.7,691,1.58,130,0.28
953.92,397121,26779,27,503,24,1.16,1,3.7,691,1.58,55,0.11
955.2,397622,26807,27,501,28,1.28,1,3.7,691,1.58,10,0.03
956.42,398123,26839,27,501,32,1.22,1,3.7,691,1.58,5,0.01
957.72,398627,26855,27,504,16,1.29,1,3.7,691,1.58,60,0.16
958.83,399131,26891,27,504,36,1.11,1,3.7,691,1.58,35,0.07
960.06,399635,26911,27,504,20,1.23,1,3.7,691,1.58,135,0.34
961.25,400139,26939,27,504,28,1.19,1,3.7,691,1.58,25,0.05
962.57,400642,26963,27,503,24,1.32,1,3.7,691,1.58,30,0.09
963.86,401146,26999,27,504,36,1.29,1,3.7,691,1.58,20,0.04
965.21,401650,27019,27,504,20,1.35,1,3.7,691,1.58,20,0.07
966.59,402152,27063,27,502,44,1.38,1,3.7,691,1.58,40,0.09
967.93,402655,27087,27,503,24,1.34,1,3.7,691,1.58,10,0.01
969.29,403159,27131,27,504,44,1.36,1,3.7,691,1.58,30,0.09
970.66,403662,27175,27,503,44,1.37,1,3.7,691,1.58,20,0.06
972.09,404164,27215,27,502,40,1.43,1,3.7,691,1.58,25,0.08
973.33,404664,27247,27,500,32,1.24,1,3.7,691,1.58,10,0.02
974.52,405164,27263,27,500,16,1.18,1,3.7,691,1.58,30,0.08
975.82,405665,27303,27,501,40,1.3,1,3.7,691,1.58,50,0.12
977.05,406169,27311,27,504,8,1.23,1,3.7,691,1.58,305,0.75
978.4,406670,27327,27,501,16,1.35,1,3.7,691,1.58,30,0.07
979.61,407170,27355,27,500,28,1.22,1,3.7,691,1.58,30,0.07
980.89,407673,27395,27,503,40,1.28,1,3.7,691,1.58,225,0.63
982.15,408173,27419,27,500,24,1.26,1,3.7,691,1.58,115,0.31
983.34,408676,27443,27,503,24,1.19,1,3.7,691,1.58,125,0.3
984.61,409176,27463,27,500,20,1.28,1,3.7,691,1.58,0,0
985.86,409678,27511,27,502,48,1.25,1,3.7,691,1.58,15,0.05
987.18,410181,27543,27,503,32,1.32,1,3.7,691,1.58,50,0.11
988.4,410682,27567,27,501,24,1.22,1,3.7,691,1.58,55,0.11
989.6,411182,27599,27,500,32,1.2,1,3.7,691,1.58,30,0.07
990.82,411684,27615,27,502,16,1.23,1,3.7,691,1.58,30,0.09
992.11,412188,27635,27,504,20,1.29,1,3.7,691,1.58,145,0.34
993.4,412692,27667,27,504,32,1.29,1,3.7,691,1.58,55,0.13
994.69,413193,27691,27,501,24,1.28,1,3.7,691,1.58,45,0.12
995.99,413697,27719,27,504,28,1.31,1,3.7,691,1.58,25,0.06
997.26,414201,27735,27,504,16,1.27,1,3.7,691,1.58,150,0.4
998.48,414701,27763,27,500,28,1.22,1,3.7,691,1.58,5,0.01
999.82,415204,27799,27,503,36,1.34,1,3.7,691,1.58,25,0.07
1001,415707,27827,27,503,28,1.18,1,3.7,691,1.58,85,0.19
1002.33,416208,27863,27,501,36,1.33,1,3.7,691,1.58,205,0.58
1003.72,416711,27903,27,503,40,1.4,1,3.7,691,1.58,55,0.1
1004.9,417211,27943,27,500,40,1.17,1,3.7,691,1.58,30,0.06
1006.16,417713,27971,27,502,28,1.26,1,3.7,691,1.58,20,0.04
1007.39,418214,28015,27,501,44,1.23,1,3.7,691,1.58,65,0.14
1008.58,418714,28039,27,500,24,1.19,1,3.7,691,1.58,40,0.09
1009.85,419218,28067,27,504,28,1.28,1,3.7,691,1.58,140,0.33
1010.89,419719,28111,27,501,44,1.04,1,3.7,691,1.58,90,0.2
1012.01,420221,28147,27,502,36,1.12,1,3.7,691,1.58,15,0.03
1013.12,420723,28167,27,502,20,1.11,1,3.7,691,1.58,5,0.01
1014.29,421226,28183,27,503,16,1.17,1,3.7,691,1.58,35,0.06
1015.48,421727,28227,27,501,44,1.19,1,3.7,691,1.58,10,0.03
1016.71,422227,28243,27,500,16,1.23,1,3.7,691,1.58,160,0.37
1017.85,422728,28283,27,501,40,1.14,1,3.7,691,1.58,50,0.1
1019.08,423229,28311,27,501,28,1.23,1,3.7,691,1.58,50,0.12
1020.28,423729,28331,27,500,20,1.21,1,3.7,691,1.58,280,0.67
1021.43,424231,28363,27,502,32,1.15,1,3.7,691,1.58,45,0.11
1022.63,424734,28387,27,503,24,1.2,1,3.7,691,1.58,190,0.5
1023.85,425237,28423,27,503,36,1.22,1,3.7,691,1.58,25,0.06
1025.08,425738,28435,27,501,12,1.23,1,3.7,691,1.58,205,0.53
1026.36,426240,28475,27,502,40,1.28,1,3.7,691,1.58,240,0.67
1027.48,426743,28495,27,503,20,1.13,1,3.7,691,1.58,5,0.02
1028.6,427245,28519,27,502,24,1.11,1,3.7,691,1.58,190,0.48
1029.79,427749,28531,27,504,12,1.19,1,3.7,691,1.58,120,0.3
1031.07,428249,28575,27,500,44,1.28,1,3.7,691,1.58,70,0.17
1032.37,428750,28599,27,501,24,1.3,1,3.7,691,1.58,40,0.1
1033.55,429252,28603,27,502,4,1.18,1,3.7,691,1.58,25,0.07
1034.78,429752,28643,27,500,40,1.24,1,3.7,691,1.58,60,0.15
1035.95,430254,28663,27,502,20,1.17,1,3.7,691,1.58,210,0.52
1037.42,430754,28695,27,500,32,1.46,1,3.7,691,1.58,25,0.09
1038.63,431256,28715,27,502,20,1.21,1,3.7,691,1.58,70,0.15
1039.94,431757,28759,27,501,44,1.3,1,3.7,691,1.58,30,0.08
1041.21,432257,28795,27,500,36,1.27,1,3.7,691,1.58,35,0.09
1042.46,432761,28807,27,504,12,1.26,1,3.7,691,1.58,95,0.24
1043.67,433264,28819,27,503,12,1.21,1,3.7,691,1.58,50,0.13
1045.03,433768,28863,27,504,44,1.36,1,3.7,691,1.58,45,0.12
1046.23,434268,28887,27,500,24,1.2,1,3.7,691,1.58,0,0
1047.53,434771,28919,27,503,32,1.3,1,3.7,691,1.58,20,0.06
1048.8,435271,28947,27,500,28,1.28,1,3.7,691,1.58,90,0.21
1050.07,435774,28963,27,503,16,1.27,1,3.7,691,1.58,250,0.66
1051.43,436275,28995,27,501,32,1.36,1,3.7,691,1.58,25,0.07
1052.71,436777,29027,27,502,32,1.28,1,3.7,691,1.58,20,0.07
1053.98,437279,29043,27,502,16,1.27,1,3.7,691,1.58,10,0.02
1055.2,437783,29075,27,504,32,1.22,1,3.7,691,1.58,15,0.03
1056.71,438286,29127,27,503,52,1.51,1,3.7,691,1.58,5,0.02
1.24,500,5392,25,500,5392,1.24,7,28,131,0.44,310,0.67
2.26,1002,5599,25,502,207,1.02,4,16,381,0.81,155,0.27
3.31,1503,5607,25,501,8,1.05,1,4,381,0.81,290,0.64
4.34,2005,5627,25,502,20,1.03,2,8,501,1.07,205,0.42
5.45,2505,5627,25,500,0,1.11,0,0,501,1.07,705,1.54
6.56,3006,5631,25,501,4,1.11,1,4,721,1.57,485,1.07
7.7,3508,5635,25,502,4,1.14,1,4,721,1.57,310,0.72
8.66,4008,5635,25,500,0,0.96,0,0,721,1.57,810,1.68
9.68,4508,5639,24,500,4,1.02,2,8.33,821,1.7,395,0.81
10.63,5008,5639,24,500,0,0.95,0,0,821,1.7,895,1.76
11.67,5508,5639,24,500,0,1.04,0,0,821,1.7,1395,2.8
12.74,6012,5651,24,504,12,1.06,1,4.17,1481,2.97,230,0.5
13.8,6512,5651,24,500,0,1.07,0,0,1481,2.97,730,1.56
14.86,7012,5651,24,500,0,1.06,0,0,1481,2.97,1230,2.62
15.87,7512,5665,25,500,14,1.01,2,8,1481,2.97,65,0.14
16.96,8014,5673,25,502,8,1.09,1,4,1481,2.97,300,0.65
18.15,8515,5677,25,501,4,1.19,1,4,1481,2.97,455,1.09
19.27,9015,5677,25,500,0,1.12,0,0,1481,2.97,955,2.21
20.33,9516,5681,25,501,4,1.06,1,4,1481,2.97,400,0.86
21.45,10018,5689,25,502,8,1.12,1,4,1481,2.97,10,0.02
22.61,10521,5705,25,503,16,1.16,1,4,1481,2.97,35,0.09
23.81,11022,5729,25,501,24,1.2,1,4,1481,2.97,55,0.12
24.87,11526,5745,25,504,16,1.05,2,8,1481,2.97,170,0.38
25.97,12027,5749,25,501,4,1.11,1,4,1481,2.97,370,0.83
26.99,12531,5757,25,504,8,1.02,1,4,1481,2.97,35,0.07
28.04,13034,5765,25,503,8,1.05,1,4,1481,2.97,5,0.01
29.16,13535,5792,25,501,27,1.12,2,8,1481,2.97,95,0.24
30.36,14038,5804,25,503,12,1.19,1,4,1481,2.97,330,0.76
31.57,14539,5840,25,501,36,1.21,1,4,1481,2.97,135,0.33
32.7,15039,5852,25,500,12,1.14,1,4,1481,2.97,135,0.28
33.71,15542,5864,25,503,12,1.01,1,4,1481,2.97,165,0.33
34.74,16043,5896,25,501,32,1.03,1,4,1481,2.97,5,0.01
35.81,16547,5916,25,504,20,1.06,1,4,1481,2.97,90,0.19
36.96,17050,5928,25,503,12,1.16,1,4,1481,2.97,30,0.05
38.29,17554,5944,25,504,16,1.33,1,4,1481,2.97,10,0.04
39.75,18058,5968,25,504,24,1.46,1,4,1481,2.97,55,0.15
40.91,18560,5984,25,502,16,1.16,1,4,1481,2.97,85,0.17
41.96,19064,6012,25,504,28,1.05,1,4,1481,2.97,165,0.33
43.14,19566,6052,25,502,40,1.18,1,4,1481,2.97,10,0.03
44.3,20066,6076,25,500,24,1.16,1,4,1481,2.97,5,0.01
45.5,20570,6096,25,504,20,1.2,1,4,1481,2.97,135,0.29
46.56,21072,6120,25,502,24,1.07,1,4,1481,2.97,95,0.19
47.67,21576,6140,25,504,20,1.1,1,4,1481,2.97,40,0.08
48.63,22080,6160,25,504,20,0.97,1,4,1481,2.97,145,0.29
49.71,22582,6168,25,502,8,1.08,1,4,1481,2.97,90,0.22
50.78,23083,6184,25,501,16,1.06,1,4,1481,2.97,25,0.06
51.97,23586,6208,25,503,24,1.19,1,4,1481,2.97,160,0.41
53.12,24086,6224,25,500,16,1.15,1,4,1481,2.97,25,0.05
54.31,24590,6252,25,504,28,1.19,1,4,1481,2.97,110,0.25
55.5,25094,6264,25,504,12,1.19,1,4,1481,2.97,85,0.21
56.59,25595,6292,25,501,28,1.09,1,4,1481,2.97,25,0.05
57.77,26096,6320,25,501,28,1.18,1,4,1481,2.97,70,0.15
58.86,26599,6344,25,503,24,1.09,1,4,1481,2.97,70,0.13
59.94,27103,6360,25,504,16,1.08,1,4,1481,2.97,115,0.25
61.15,27603,6376,25,500,16,1.21,1,4,1481,2.97,115,0.23
62.34,28106,6404,25,503,28,1.18,1,4,1481,2.97,30,0.08
63.53,28606,6420,25,500,16,1.19,1,4,1481,2.97,105,0.26
64.89,29107,6440,25,501,20,1.36,1,4,1481,2.97,150,0.42
66.09,29611,6456,25,504,16,1.2,1,4,1481,2.97,5,0.01
67.26,30114,6476,25,503,20,1.17,1,4,1481,2.97,135,0.27
68.46,30615,6500,25,501,24,1.2,1,4,1481,2.97,5,0.02
69.74,31119,6508,25,504,8,1.28,1,4,1481,2.97,165,0.42
70.85,31619,6528,25,500,20,1.1,1,4,1481,2.97,15,0.04
71.96,32123,6560,25,504,32,1.11,1,4,1481,2.97,235,0.57
73.01,32627,6568,25,504,8,1.05,1,4,1481,2.97,55,0.11
74.07,33128,6580,25,501,12,1.07,1,4,1481,2.97,100,0.2
75.2,33632,6600,25,504,20,1.13,1,4,1481,2.97,65,0.15
76.32,34133,6640,25,501,40,1.12,1,4,1481,2.97,80,0.17
77.43,34633,6656,25,500,16,1.1,1,4,1481,2.97,0,0
78.67,35134,6700,25,501,44,1.24,1,4,1481,2.97,85,0.21
79.81,35638,6732,25,504,32,1.14,1,4,1481,2.97,45,0.1
80.88,36142,6764,25,504,32,1.07,1,4,1481,2.97,15,0.04
82.15,36643,6792,25,501,28,1.27,1,4,1481,2.97,5,0.02
83.35,37146,6812,25,503,20,1.2,1,4,1481,2.97,30,0.06
84.59,37647,6840,25,501,28,1.24,1,4,1481,2.97,45,0.11
85.81,38148,6876,25,501,36,1.21,1,4,1481,2.97,70,0.16
87.04,38649,6888,25,501,12,1.23,1,4,1481,2.97,25,0.06
88.17,39151,6908,25,502,20,1.13,1,4,1481,2.97,60,0.13
89.24,39655,6932,25,504,24,1.07,1,4,1481,2.97,95,0.21
90.38,40159,6960,25,504,28,1.14,1,4,1481,2.97,100,0.22
91.49,40659,6980,25,500,20,1.11,1,4,1481,2.97,130,0.28
92.61,41162,6996,25,503,16,1.12,1,4,1481,2.97,15,0.04
93.83,41665,7028,25,503,32,1.22,1,4,1481,2.97,95,0.22
95.03,42165,7040,25,500,12,1.2,1,4,1481,2.97,145,0.34
96.13,42668,7048,25,503,8,1.1,1,4,1481,2.97,10,0.02
97.3,43171,7104,25,503,56,1.18,1,4,1481,2.97,50,0.11
98.44,43674,7124,25,503,20,1.14,1,4,1481,2.97,40,0.09
99.68,44177,7152,25,503,28,1.23,1,4,1481,2.97,30,0.07
100.86,44681,7196,25,504,44,1.18,1,4,1481,2.97,15,0.03
101.94,45184,7224,25,503,28,1.09,1,4,1481,2.97,275,0.63
103.11,45684,7268,25,500,44,1.17,1,4,1481,2.97,0,0
104.38,46187,7316,25,503,48,1.27,1,4,1481,2.97,5,0.02
105.73,46689,7324,25,502,8,1.36,1,4,1481,2.97,335,0.9
107.09,47189,7356,25,500,32,1.36,1,4,1481,2.97,35,0.08
108.3,47689,7388,25,500,32,1.21,1,4,1481,2.97,25,0.06
109.46,48190,7420,25,501,32,1.16,1,4,1481,2.97,155,0.34
110.71,48691,7440,25,501,20,1.25,1,4,1481,2.97,55,0.13
112.03,49192,7468,25,501,28,1.32,1,4,1481,2.97,95,0.26
113.29,49692,7484,25,500,16,1.26,1,4,1481,2.97,265,0.63
114.54,50194,7516,25,502,32,1.26,1,4,1481,2.97,40,0.1
115.67,50695,7560,25,501,44,1.13,1,4,1481,2.97,95,0.24
116.82,51197,7588,25,502,28,1.15,1,4,1481,2.97,80,0.18
118.04,51701,7596,25,504,8,1.21,1,4,1481,2.97,205,0.49
119.19,52205,7608,25,504,12,1.15,1,4,1481,2.97,220,0.47
120.39,52705,7660,25,500,52,1.2,1,4,1481,2.97,45,0.14
121.49,53208,7684,25,503,24,1.1,1,4,1481,2.97,20,0.05
122.53,53709,7708,25,501,24,1.04,1,4,1481,2.97,155,0.31
123.67,54211,7728,25,502,20,1.14,1,4,1481,2.97,110,0.28
124.8,54715,7756,25,504,28,1.13,1,4,1481,2.97,15,0.03
125.94,55216,7792,25,501,36,1.13,1,4,1481,2.97,60,0.14
127.14,55720,7808,25,504,16,1.2,1,4,1481,2.97,150,0.38
128.42,56222,7844,25,502,36,1.28,1,4,1481,2.97,10,0.03
129.65,56725,7868,25,503,24,1.24,1,4,1481,2.97,25,0.06
130.79,57226,7908,25,501,40,1.14,1,4,1481,2.97,25,0.05
131.93,57728,7916,25,502,8,1.14,1,4,1481,2.97,95,0.25
133.1,58231,7948,25,503,32,1.16,1,4,1481,2.97,75,0.17
134.23,58732,7984,25,501,36,1.14,1,4,1481,2.97,240,0.53
135.41,59233,8016,25,501,32,1.18,1,4,1481,2.97,5,0.01
136.54,59737,8048,25,504,32,1.12,1,4,1481,2.97,15,0.03
137.71,60238,8064,25,501,16,1.18,1,4,1481,2.97,35,0.07
138.77,60739,8092,25,501,28,1.05,1,4,1481,2.97,5,0.01
139.9,61242,8136,25,503,44,1.13,1,4,1481,2.97,10,0.03
141.15,61743,8156,25,501,20,1.25,1,4,1481,2.97,20,0.06
142.29,62243,8172,25,500,16,1.14,1,4,1481,2.97,0,0
143.46,62745,8224,25,502,52,1.17,1,4,1481,2.97,20,0.06
144.59,63247,8248,25,502,24,1.13,1,4,1481,2.97,20,0.03
145.84,63750,8276,25,503,28,1.25,1,4,1481,2.97,100,0.21
146.98,64252,8328,25,502,52,1.14,1,4,1481,2.97,40,0.1
148.12,64755,8352,25,503,24,1.15,1,4,1481,2.97,40,0.08
149.24,65257,8384,25,502,32,1.12,1,4,1481,2.97,50,0.11
150.31,65757,8408,25,500,24,1.06,1,4,1481,2.97,140,0.3
151.58,66257,8448,25,500,40,1.27,1,4,1481,2.97,5,0.02
152.65,66760,8480,25,503,32,1.07,1,4,1481,2.97,25,0.06
153.83,67263,8516,25,503,36,1.18,1,4,1481,2.97,35,0.08
154.95,67763,8532,25,500,16,1.12,1,4,1481,2.97,45,0.11
156.3,68265,8572,25,502,40,1.35,1,4,1481,2.97,45,0.14
157.7,68768,8608,25,503,36,1.4,1,4,1481,2.97,105,0.25
158.8,69271,8652,25,503,44,1.11,1,4,1481,2.97,45,0.11
159.94,69771,8680,25,500,28,1.14,1,4,1481,2.97,25,0.06
161.08,70271,8688,25,500,8,1.13,1,4,1481,2.97,110,0.25
162.23,70775,8704,25,504,16,1.15,1,4,1481,2.97,10,0.02
163.42,71276,8728,25,501,24,1.19,1,4,1481,2.97,35,0.08
164.68,71779,8764,25,503,36,1.26,1,4,1481,2.97,15,0.03
165.79,72282,8784,25,503,20,1.11,1,4,1481,2.97,75,0.15
166.96,72785,8800,25,503,16,1.17,1,4,1481,2.97,35,0.1
168.1,73286,8828,25,501,28,1.14,1,4,1481,2.97,25,0.05
169.21,73786,8852,25,500,24,1.11,1,4,1481,2.97,5,0.01
170.46,74290,8856,25,504,4,1.25,1,4,1481,2.97,195,0.48
171.55,74792,8880,25,502,24,1.09,1,4,1481,2.97,165,0.36
172.71,75292,8896,25,500,16,1.16,1,4,1481,2.97,100,0.28
173.86,75796,8908,25,504,12,1.15,1,4,1481,2.97,225,0.51
175,76300,8920,25,504,12,1.14,1,4,1481,2.97,255,0.59
176.31,76803,8956,25,503,36,1.31,1,4,1481,2.97,5,0.01
177.58,77303,8980,25,500,24,1.28,1,4,1481,2.97,10,0.03
178.8,77805,9000,25,502,20,1.22,1,4,1481,2.97,95,0.23
179.95,78305,9020,25,500,20,1.15,1,4,1481,2.97,0,0
181.18,78805,9068,25,500,48,1.23,1,4,1481,2.97,40,0.1
182.49,79305,9080,25,500,12,1.31,1,4,1481,2.97,45,0.11
183.67,79807,9104,25,502,24,1.17,1,4,1481,2.97,65,0.18
184.81,80307,9124,25,500,20,1.15,1,4,1481,2.97,80,0.17
185.94,80807,9168,25,500,44,1.13,1,4,1481,2.97,15,0.03
187.15,81309,9192,25,502,24,1.21,1,4,1481,2.97,15,0.04
188.26,81811,9200,25,502,8,1.11,1,4,1481,2.97,250,0.53
189.44,82314,9236,25,503,36,1.19,1,4,1481,2.97,10,0.02
190.61,82814,9248,25,500,12,1.17,1,4,1481,2.97,20,0.04
191.76,83315,9284,25,501,36,1.14,1,4,1481,2.97,30,0.06
192.99,83817,9332,25,502,48,1.24,1,4,1481,2.97,50,0.1
193.99,84318,9356,25,501,24,0.99,1,4,1481,2.97,45,0.08
195.08,84822,9384,25,504,28,1.09,1,4,1481,2.97,10,0.03
196.13,85322,9400,25,500,16,1.05,1,4,1481,2.97,50,0.12
197.31,85822,9432,25,500,32,1.18,1,4,1481,2.97,40,0.12
198.8,86322,9464,25,500,32,1.5,1,4,1481,2.97,15,0.04
200.13,86822,9508,25,500,44,1.33,1,4,1481,2.97,25,0.05
201.32,87326,9532,25,504,24,1.18,1,4,1481,2.97,85,0.19
202.46,87828,9552,25,502,20,1.15,1,4,1481,2.97,80,0.19
203.55,88328,9580,25,500,28,1.09,1,4,1481,2.97,100,0.21
204.65,88831,9604,25,503,24,1.1,1,4,1481,2.97,40,0.08
205.89,89335,9636,25,504,32,1.24,1,4,1481,2.97,5,0.01
207.02,89837,9672,25,502,36,1.13,1,4,1481,2.97,30,0.05
208.21,90338,9708,25,501,36,1.19,1,4,1481,2.97,70,0.18
209.41,90842,9724,25,504,16,1.2,1,4,1481,2.97,100,0.24
210.59,91345,9756,25,503,32,1.18,1,4,1481,2.97,80,0.14
211.71,91847,9764,25,502,8,1.12,1,4,1481,2.97,100,0.23
212.86,92348,9792,25,501,28,1.15,1,4,1481,2.97,35,0.09
213.9,92848,9816,25,500,24,1.05,1,4,1481,2.97,60,0.11
214.97,93352,9828,25,504,12,1.07,1,4,1481,2.97,50,0.12
216.14,93855,9856,25,503,28,1.17,1,4,1481,2.97,45,0.1
217.26,94355,9884,25,500,28,1.13,1,4,1481,2.97,105,0.24
218.55,94855,9912,25,500,28,1.29,1,4,1481,2.97,30,0.07
219.65,95358,9940,25,503,28,1.11,1,4,1481,2.97,95,0.23
220.86,95858,9952,25,500,12,1.21,1,4,1481,2.97,185,0.44
222.1,96358,9980,25,500,28,1.24,1,4,1481,2.97,60,0.14
223.26,96859,9996,25,501,16,1.16,1,4,1481,2.97,10,0.02
224.54,97361,10032,25,502,36,1.28,1,4,1481,2.97,45,0.1
225.76,97864,10056,25,503,24,1.22,1,4,1481,2.97,90,0.23
226.86,98366,10088,25,502,32,1.1,1,4,1481,2.97,25,0.04
228.03,98870,10112,25,504,24,1.17,1,4,1481,2.97,5,0.01
229.24,99374,10148,25,504,36,1.21,1,4,1481,2.97,140,0.33
230.27,99875,10168,25,501,20,1.03,1,4,1481,2.97,20,0.03
231.36,100379,10196,25,504,28,1.09,1,4,1481,2.97,125,0.3
232.53,100880,10232,25,501,36,1.17,1,4,1481,2.97,20,0.06
233.81,101381,10272,25,501,40,1.28,1,4,1481,2.97,65,0.16
235.06,101883,10300,25,502,28,1.25,1,4,1481,2.97,30,0.07
236.19,102384,10340,25,501,40,1.13,1,4,1481,2.97,35,0.08
237.29,102888,10360,25,504,20,1.1,1,4,1481,2.97,5,0.01
238.51,103392,10376,25,504,16,1.22,2,8,1481,2.97,15,0.03
239.72,103895,10396,25,503,20,1.21,1,4,1481,2.97,15,0.03
240.93,104399,10444,25,504,48,1.22,1,4,1481,2.97,75,0.18
242.18,104903,10472,25,504,28,1.24,1,4,1481,2.97,35,0.09
243.38,105404,10488,25,501,16,1.2,1,4,1481,2.97,125,0.29
244.5,105905,10512,25,501,24,1.13,1,4,1481,2.97,25,0.05
245.56,106407,10520,25,502,8,1.05,1,4,1481,2.97,170,0.35
246.76,106908,10536,25,501,16,1.2,1,4,1481,2.97,65,0.15
247.98,107412,10580,25,504,44,1.23,1,4,1481,2.97,50,0.13
249.28,107913,10596,25,501,16,1.29,1,4,1481,2.97,105,0.24
250.52,108416,10640,25,503,44,1.25,1,4,1481,2.97,85,0.21
251.66,108918,10672,25,502,32,1.14,1,4,1481,2.97,15,0.03
252.75,109420,10696,25,502,24,1.09,1,4,1481,2.97,90,0.19
253.91,109922,10720,25,502,24,1.16,1,4,1481,2.97,85,0.22
255.06,110422,10756,25,500,36,1.15,1,4,1481,2.97,5,0.01
256.19,110924,10792,25,502,36,1.14,1,4,1481,2.97,35,0.08
257.27,111426,10820,25,502,28,1.08,1,4,1481,2.97,30,0.07
258.4,111926,10836,25,500,16,1.13,1,4,1481,2.97,75,0.17
259.59,112426,10852,25,500,16,1.19,1,4,1481,2.97,140,0.33
260.66,112929,10900,25,503,48,1.07,1,4,1481,2.97,30,0.06
261.75,113432,10912,25,503,12,1.1,1,4,1481,2.97,385,0.84
262.94,113936,10928,25,504,16,1.19,1,4,1481,2.97,180,0.42
264.02,114439,10972,25,503,44,1.08,1,4,1481,2.97,5,0.01
265.21,114940,10988,25,501,16,1.2,1,4,1481,2.97,30,0.07
266.33,115441,11000,25,501,12,1.12,1,4,1481,2.97,200,0.43
267.4,115941,11060,25,500,60,1.07,1,4,1481,2.97,5,0.01
268.5,116441,11100,25,500,40,1.11,1,4,1481,2.97,10,0.03
269.67,116943,11124,25,502,24,1.17,1,4,1481,2.97,5,0.01
270.89,117444,11156,25,501,32,1.22,1,4,1481,2.97,20,0.04
272.12,117947,11172,25,503,16,1.23,1,4,1481,2.97,60,0.12
273.32,118451,11192,25,504,20,1.2,1,4,1481,2.97,45,0.11
274.53,118954,11232,25,503,40,1.21,1,4,1481,2.97,90,0.23
275.76,119455,11272,25,501,40,1.23,1,4,1481,2.97,20,0.06
277.14,119955,11304,25,500,32,1.39,1,4,1481,2.97,40,0.11
278.37,120456,11320,25,501,16,1.22,1,4,1481,2.97,140,0.31
279.55,120958,11340,25,502,20,1.18,1,4,1481,2.97,10,0.02
280.79,121458,11380,25,500,40,1.24,1,4,1481,2.97,10,0.02
282.08,121959,11436,25,501,56,1.29,1,4,1481,2.97,35,0.09
283.39,122463,11476,25,504,40,1.31,1,4,1481,2.97,20,0.06
284.72,122965,11520,25,502,44,1.34,1,4,1481,2.97,55,0.14
285.99,123467,11564,25,502,44,1.27,1,4,1481,2.97,5,0.01
287.07,123971,11600,25,504,36,1.07,1,4,1481,2.97,50,0.12
288.47,124474,11608,25,503,8,1.4,1,4,1481,2.97,180,0.41
289.68,124976,11636,25,502,28,1.21,1,4,1481,2.97,70,0.16
290.91,125476,11656,25,500,20,1.23,1,4,1481,2.97,60,0.14
292.11,125976,11700,25,500,44,1.2,1,4,1481,2.97,15,0.03
293.22,126479,11720,25,503,20,1.11,1,4,1481,2.97,25,0.05
294.28,126982,11748,25,503,28,1.06,1,4,1481,2.97,150,0.31
295.42,127486,11760,25,504,12,1.14,1,4,1481,2.97,145,0.36
296.49,127986,11804,25,500,44,1.06,1,4,1481,2.97,5,0.01
297.76,128490,11848,25,504,44,1.27,2,8,1481,2.97,30,0.07
298.93,128991,11892,25,501,44,1.17,1,4,1481,2.97,30,0.07
300.07,129491,11936,25,500,44,1.14,1,4,1481,2.97,65,0.14
301.19,129994,11952,25,503,16,1.12,1,4,1481,2.97,25,0.06
302.37,130494,11992,25,500,40,1.18,1,4,1481,2.97,15,0.04
303.55,130997,12020,25,503,28,1.18,1,4,1481,2.97,60,0.14
304.77,131499,12052,25,502,32,1.21,1,4,1481,2.97,115,0.27
305.95,132003,12060,25,504,8,1.19,1,4,1481,2.97,155,0.38
307.12,132505,12088,25,502,28,1.17,1,4,1481,2.97,30,0.07
308.32,133009,12120,25,504,32,1.2,1,4,1481,2.97,20,0.04
309.54,133512,12160,25,503,40,1.22,1,4,1481,2.97,110,0.25
310.61,134014,12168,25,502,8,1.07,1,4,1481,2.97,355,0.79
311.73,134514,12200,25,500,32,1.12,1,4,1481,2.97,55,0.15
312.87,135017,12224,25,503,24,1.14,1,4,1481,2.97,70,0.17
314.04,135519,12244,25,502,20,1.17,1,4,1481,2.97,75,0.17
315.31,136020,12248,25,501,4,1.27,1,4,1481,2.97,445,1.14
316.49,136522,12276,25,502,28,1.18,1,4,1481,2.97,10,0.02
317.72,137023,12312,25,501,36,1.23,1,4,1481,2.97,35,0.09
318.73,137524,12324,25,501,12,1.01,1,4,1481,2.97,90,0.18
319.84,138026,12356,25,502,32,1.11,1,4,1481,2.97,5,0.01
320.97,138528,12392,25,502,36,1.13,1,4,1481,2.97,35,0.08
322.15,139028,12416,25,500,24,1.17,1,4,1481,2.97,95,0.23
323.33,139529,12448,25,501,32,1.19,1,4,1481,2.97,60,0.13
324.54,140031,12484,25,502,36,1.21,1,4,1481,2.97,10,0.02
325.8,140532,12528,25,501,44,1.26,1,4,1481,2.97,50,0.14
327.12,141033,12556,25,501,28,1.32,1,4,1481,2.97,110,0.27
328.26,141536,12580,25,503,24,1.14,1,4,1481,2.97,5,0.01
329.5,142040,12616,25,504,36,1.23,1,4,1481,2.97,125,0.28
330.72,142541,12640,25,501,24,1.22,1,4,1481,2.97,15,0.04
332,143044,12672,25,503,32,1.27,1,4,1481,2.97,150,0.32
333.15,143545,12692,25,501,20,1.16,1,4,1481,2.97,40,0.08
334.42,144048,12716,25,503,24,1.27,1,4,1481,2.97,100,0.29
335.57,144551,12752,25,503,36,1.15,1,4,1481,2.97,5,0.01
336.8,145051,12788,25,500,36,1.23,1,4,1481,2.97,30,0.07
337.98,145551,12816,25,500,28,1.18,1,4,1481,2.97,120,0.28
339.12,146053,12840,25,502,24,1.14,1,4,1481,2.97,155,0.35
340.28,146556,12868,25,503,28,1.15,1,4,1481,2.97,140,0.32
341.46,147057,12916,25,501,48,1.19,1,4,1481,2.97,20,0.05
342.61,147557,12932,25,500,16,1.15,1,4,1481,2.97,90,0.2
343.69,148060,12968,25,503,36,1.08,1,4,1481,2.97,25,0.05
344.88,148561,12980,25,501,12,1.19,1,4,1481,2.97,95,0.22
346.12,149064,13004,25,503,24,1.23,1,4,1481,2.97,125,0.28
347.33,149564,13040,25,500,36,1.21,1,4,1481,2.97,30,0.07
348.51,150065,13068,25,501,28,1.19,1,4,1481,2.97,10,0.03
349.72,150566,13100,25,501,32,1.21,1,4,1481,2.97,50,0.14
350.9,151068,13148,25,502,48,1.18,1,4,1481,2.97,40,0.08
352.06,151569,13168,25,501,20,1.15,1,4,1481,2.97,5,0.01
353.19,152071,13180,25,502,12,1.14,1,4,1481,2.97,260,0.58
354.31,152574,13228,25,503,48,1.11,1,4,1481,2.97,75,0.18
355.58,153078,13240,25,504,12,1.27,1,4,1481,2.97,75,0.19
356.72,153579,13268,25,501,28,1.14,1,4,1481,2.97,25,0.05
357.83,154079,13304,25,500,36,1.12,1,4,1481,2.97,95,0.21
359.08,154582,13336,25,503,32,1.25,1,4,1481,2.97,25,0.07
360.25,155085,13348,25,503,12,1.17,1,4,1481,2.97,150,0.36
361.52,155589,13384,25,504,36,1.27,1,4,1481,2.97,25,0.07
362.72,156090,13408,25,501,24,1.2,1,4,1481,2.97,75,0.16
363.98,156594,13420,25,504,12,1.26,1,4,1481,2.97,15,0.03
365.19,157095,13456,25,501,36,1.21,1,4,1481,2.97,95,0.24
366.39,157597,13476,25,502,20,1.2,1,4,1481,2.97,60,0.14
367.46,158100,13500,25,503,24,1.07,1,4,1481,2.97,155,0.31
368.52,158604,13528,25,504,28,1.07,1,4,1481,2.97,145,0.3
369.63,159105,13552,25,501,24,1.1,1,4,1481,2.97,190,0.43
370.71,159605,13576,25,500,24,1.08,1,4,1481,2.97,125,0.3
371.9,160108,13588,25,503,12,1.19,1,4,1481,2.97,140,0.31
373,160609,13632,25,501,44,1.1,1,4,1481,2.97,20,0.04
374.23,161112,13652,25,503,20,1.23,1,4,1481,2.97,50,0.14
375.48,161616,13668,25,504,16,1.25,1,4,1481,2.97,60,0.15
376.67,162119,13704,25,503,36,1.19,1,4,1481,2.97,55,0.13
377.9,162622,13740,25,503,36,1.24,1,4,1481,2.97,45,0.11
379.16,163126,13772,25,504,32,1.26,1,4,1481,2.97,135,0.32
380.35,163627,13808,25,501,36,1.19,1,4,1481,2.97,40,0.1
381.47,164127,13840,25,500,32,1.12,1,4,1481,2.97,45,0.1
382.66,164631,13864,25,504,24,1.19,1,4,1481,2.97,85,0.2
383.78,165131,13880,25,500,16,1.13,1,4,1481,2.97,25,0.06
384.86,165635,13900,25,504,20,1.07,1,4,1481,2.97,20,0.04
386,166137,13920,25,502,20,1.14,1,4,1481,2.97,45,0.11
387.14,166637,13952,25,500,32,1.14,1,4,1481,2.97,85,0.16
388.2,167138,13988,25,501,36,1.06,1,4,1481,2.97,25,0.05
389.28,167640,13996,25,502,8,1.08,1,4,1481,2.97,250,0.53
390.39,168143,14028,25,503,32,1.11,1,4,1481,2.97,25,0.06
391.63,168645,14064,25,502,36,1.24,1,4,1481,2.97,55,0.13
392.81,169145,14088,25,500,24,1.19,1,4,1481,2.97,45,0.11
394.12,169647,14132,25,502,44,1.3,1,4,1481,2.97,15,0.03
395.29,170148,14148,25,501,16,1.17,1,4,1481,2.97,170,0.39
396.57,170650,14168,25,502,20,1.28,1,4,1481,2.97,20,0.05
397.84,171150,14200,25,500,32,1.27,1,4,1481,2.97,165,0.42
399.12,171653,14248,25,503,48,1.28,1,4,1481,2.97,5,0.01
400.31,172157,14280,25,504,32,1.19,1,4,1481,2.97,60,0.13
401.47,172661,14316,25,504,36,1.16,1,4,1481,2.97,350,0.77
402.63,173163,14360,25,502,44,1.16,1,4,1481,2.97,85,0.21
403.87,173666,14400,25,503,40,1.24,1,4,1481,2.97,45,0.11
405.07,174166,14428,25,500,28,1.21,1,4,1481,2.97,20,0.05
406.28,174669,14448,25,503,20,1.21,1,4,1481,2.97,135,0.32
407.53,175169,14472,25,500,24,1.25,1,4,1481,2.97,55,0.13
408.66,175670,14492,25,501,20,1.13,1,4,1481,2.97,280,0.61
409.71,176172,14512,25,502,20,1.05,1,4,1481,2.97,20,0.04
410.88,176675,14552,25,503,40,1.17,1,4,1481,2.97,55,0.12
412.06,177178,14564,25,503,12,1.18,1,4,1481,2.97,320,0.75
413.19,177679,14604,25,501,40,1.13,1,4,1481,2.97,0,0
414.32,178180,14608,25,501,4,1.13,1,4,1481,2.97,130,0.28
415.46,178680,14648,25,500,40,1.14,1,4,1481,2.97,25,0.07
416.68,179184,14668,25,504,20,1.22,1,4,1481,2.97,110,0.27
417.86,179686,14692,25,502,24,1.18,1,4,1481,2.97,70,0.15
418.95,180190,14712,25,504,20,1.09,1,4,1481,2.97,170,0.35
420.18,180690,14748,25,500,36,1.23,1,4,1481,2.97,80,0.21
421.47,181192,14776,25,502,28,1.29,1,4,1481,2.97,155,0.39
422.69,181696,14812,25,504,36,1.21,1,4,1481,2.97,15,0.04
423.89,182196,14832,25,500,20,1.2,1,4,1481,2.97,300,0.7
425.09,182700,14848,25,504,16,1.2,1,4,1481,2.97,10,0.02
426.42,183203,14880,25,503,32,1.33,1,4,1481,2.97,50,0.14
427.75,183706,14916,25,503,36,1.33,1,4,1481,2.97,60,0.13
428.97,184208,14940,25,502,24,1.22,1,4,1481,2.97,40,0.12
430.1,184709,14976,25,501,36,1.14,1,4,1481,2.97,40,0.1
431.26,185210,14996,25,501,20,1.16,1,4,1481,2.97,100,0.23
432.4,185710,15024,25,500,28,1.14,1,4,1481,2.97,40,0.1
433.59,186212,15040,25,502,16,1.19,1,4,1481,2.97,5,0.01
434.85,186715,15060,25,503,20,1.26,1,4,1481,2.97,50,0.14
436.18,187218,15080,25,503,20,1.32,1,4,1481,2.97,125,0.4
437.41,187720,15104,25,502,24,1.24,1,4,1481,2.97,35,0.08
438.76,188224,15144,25,504,40,1.35,1,4,1481,2.97,5,0.02
439.95,188724,15184,25,500,40,1.19,1,4,1481,2.97,105,0.22
441.13,189224,15200,25,500,16,1.18,1,4,1481,2.97,5,0.01
442.4,189727,15212,25,503,12,1.27,1,4,1481,2.97,60,0.16
443.6,190227,15232,25,500,20,1.21,1,4,1481,2.97,85,0.21
444.77,190727,15252,25,500,20,1.16,1,4,1481,2.97,5,0.01
445.87,191231,15272,25,504,20,1.11,1,4,1481,2.97,70,0.16
447.09,191731,15292,25,500,20,1.22,1,4,1481,2.97,90,0.22
448.28,192231,15320,25,500,28,1.19,1,4,1481,2.97,55,0.14
449.49,192733,15340,25,502,20,1.21,1,4,1481,2.97,60,0.15
450.89,193235,15368,25,502,28,1.4,1,4,1481,2.97,15,0.04
452.13,193737,15388,25,502,20,1.24,1,4,1481,2.97,265,0.68
453.27,194241,15416,25,504,28,1.14,1,4,1481,2.97,20,0.05
454.56,194745,15448,25,504,32,1.29,1,4,1481,2.97,5,0.01
455.66,195248,15456,25,503,8,1.1,1,4,1481,2.97,190,0.43
456.77,195752,15488,25,504,32,1.11,1,4,1481,2.97,60,0.14
457.91,196256,15532,25,504,44,1.14,1,4,1481,2.97,55,0.12
459.06,196758,15556,25,502,24,1.15,1,4,1481,2.97,5,0.02
460.29,197260,15576,25,502,20,1.24,1,4,1481,2.97,35,0.09
461.4,197760,15596,25,500,20,1.11,1,4,1481,2.97,120,0.3
462.58,198263,15616,25,503,20,1.17,1,4,1481,2.97,25,0.06
463.82,198767,15640,25,504,24,1.25,1,4,1481,2.97,190,0.45
465.02,199271,15656,25,504,16,1.2,1,4,1481,2.97,275,0.65
466.22,199771,15680,25,500,24,1.2,1,4,1481,2.97,95,0.19
467.5,200272,15716,25,501,36,1.29,1,4,1481,2.97,0,0
468.72,200774,15752,25,502,36,1.22,1,4,1481,2.97,120,0.28
469.99,201274,15784,25,500,32,1.27,1,4,1481,2.97,0,0
471.16,201776,15796,25,502,12,1.17,1,4,1481,2.97,350,0.83
472.42,202279,15824,25,503,28,1.26,1,4,1481,2.97,90,0.24
473.66,202779,15860,25,500,36,1.24,1,4,1481,2.97,50,0.1
474.94,203279,15912,25,500,52,1.28,1,4,1481,2.97,5,0.02
476.2,203781,15932,25,502,20,1.25,1,4,1481,2.97,55,0.13
477.41,204285,15944,25,504,12,1.21,1,4,1481,2.97,155,0.34
478.58,204788,15972,25,503,28,1.17,1,4,1481,2.97,110,0.26
479.72,205288,15992,25,500,20,1.14,1,4,1481,2.97,35,0.09
480.82,205790,16000,25,502,8,1.1,1,4,1481,2.97,5,0.01
482.07,206291,16048,25,501,48,1.25,1,4,1481,2.97,85,0.26
483.37,206793,16056,25,502,8,1.3,1,4,1481,2.97,305,0.74
484.63,207296,16076,25,503,20,1.26,1,4,1481,2.97,145,0.36
485.8,207798,16088,25,502,12,1.17,1,4,1481,2.97,35,0.09
486.92,208301,16120,25,503,32,1.12,1,4,1481,2.97,20,0.04
488.11,208803,16144,25,502,24,1.19,1,4,1481,2.97,10,0.03
489.35,209307,16200,25,504,56,1.24,1,4,1481,2.97,20,0.05
490.47,209807,16232,25,500,32,1.13,1,4,1481,2.97,55,0.11
491.59,210310,16252,25,503,20,1.11,1,4,1481,2.97,50,0.11
492.8,210810,16280,25,500,28,1.21,1,4,1481,2.97,35,0.09
493.97,211310,16308,25,500,28,1.17,1,4,1481,2.97,85,0.21
495.11,211814,16340,25,504,32,1.13,1,4,1481,2.97,15,0.03
496.29,212318,16380,25,504,40,1.19,1,4,1481,2.97,140,0.32
497.36,212821,16392,25,503,12,1.07,1,4,1481,2.97,260,0.55
498.58,213324,16416,25,503,24,1.22,1,4,1481,2.97,40,0.12
499.71,213826,16436,25,502,20,1.13,1,4,1481,2.97,85,0.19
500.83,214329,16488,25,503,52,1.12,1,4,1481,2.97,50,0.09
501.83,214831,16524,25,502,36,1,1,4,1481,2.97,50,0.11
502.97,215332,16548,25,501,24,1.14,1,4,1481,2.97,80,0.2
504.08,215836,16564,25,504,16,1.11,1,4,1481,2.97,65,0.15
505.24,216339,16588,25,503,24,1.16,1,4,1481,2.97,110,0.24
506.44,216843,16620,25,504,32,1.2,1,4,1481,2.97,35,0.08
507.66,217344,16656,25,501,36,1.22,1,4,1481,2.97,15,0.03
508.71,217845,16680,25,501,24,1.05,1,4,1481,2.97,15,0.03
509.89,218349,16716,25,504,36,1.18,1,4,1481,2.97,5,0.01
511,218853,16760,25,504,44,1.1,1,4,1481,2.97,30,0.05
512.17,219357,16796,25,504,36,1.17,1,4,1481,2.97,30,0.05
513.26,219860,16828,25,503,32,1.09,1,4,1481,2.97,110,0.21
514.47,220361,16852,25,501,24,1.21,1,4,1481,2.97,35,0.09
515.54,220865,16864,25,504,12,1.08,1,4,1481,2.97,145,0.3
516.8,221365,16896,25,500,32,1.26,1,4,1481,2.97,5,0.01
517.98,221866,16936,25,501,40,1.18,1,4,1481,2.97,80,0.2
519.16,222368,16948,25,502,12,1.19,1,4,1481,2.97,60,0.14
520.22,222868,16976,25,500,28,1.06,1,4,1481,2.97,30,0.08
521.46,223371,17004,25,503,28,1.24,1,4,1481,2.97,75,0.19
522.66,223873,17028,25,502,24,1.19,1,4,1481,2.97,100,0.23
523.83,224377,17056,25,504,28,1.17,1,4,1481,2.97,160,0.41
524.93,224880,17088,25,503,32,1.11,1,4,1481,2.97,40,0.09
526.16,225380,17112,25,500,24,1.23,1,4,1481,2.97,50,0.13
527.31,225882,17148,25,502,36,1.15,1,4,1481,2.97,15,0.04
528.64,226385,17188,25,503,40,1.33,1,4,1481,2.97,35,0.1
529.79,226886,17224,25,501,36,1.15,1,4,1481,2.97,35,0.07
530.95,227389,17236,25,503,12,1.16,1,4,1481,2.97,225,0.5
532.09,227891,17280,25,502,44,1.15,1,4,1481,2.97,70,0.16
533.23,228394,17308,25,503,28,1.14,1,4,1481,2.97,145,0.32
534.31,228897,17336,25,503,28,1.07,1,4,1481,2.97,5,0.02
535.56,229397,17380,25,500,44,1.26,1,4,1481,2.97,20,0.05
536.82,229899,17400,25,502,20,1.25,1,4,1481,2.97,55,0.15
537.99,230400,17420,25,501,20,1.17,1,4,1481,2.97,40,0.09
539.39,230902,17428,25,502,8,1.4,1,4,1481,2.97,175,0.42
540.51,231405,17452,25,503,24,1.11,1,4,1481,2.97,120,0.26
541.65,231908,17476,25,503,24,1.15,1,4,1481,2.97,100,0.24
542.81,232411,17504,25,503,28,1.16,1,4,1481,2.97,25,0.06
544,232911,17520,25,500,16,1.19,1,4,1481,2.97,130,0.29
545.21,233411,17556,25,500,36,1.21,1,4,1481,2.97,0,0
546.44,233914,17588,25,503,32,1.23,1,4,1481,2.97,75,0.18
547.75,234418,17612,25,504,24,1.31,1,4,1481,2.97,40,0.11
548.94,234921,17632,25,503,20,1.19,1,4,1481,2.97,25,0.07
550.12,235421,17648,25,500,16,1.18,1,4,1481,2.97,15,0.02
551.25,235922,17680,25,501,32,1.13,1,4,1481,2.97,65,0.15
552.35,236426,17696,25,504,16,1.11,1,4,1481,2.97,165,0.36
553.53,236928,17704,25,502,8,1.18,1,4,1481,2.97,170,0.4
554.72,237432,17712,25,504,8,1.19,1,4,1481,2.97,115,0.3
555.99,237934,17732,25,502,20,1.27,1,4,1481,2.97,60,0.15
557.12,238438,17760,25,504,28,1.14,1,4,1481,2.97,40,0.09
558.31,238939,17784,25,501,24,1.18,1,4,1481,2.97,25,0.06
559.55,239442,17820,25,503,36,1.25,1,4,1481,2.97,40,0.08
560.65,239944,17852,25,502,32,1.09,1,4,1481,2.97,10,0.02
561.81,240447,17900,25,503,48,1.16,1,4,1481,2.97,90,0.21
563.07,240950,17928,25,503,28,1.26,1,4,1481,2.97,140,0.35
564.28,241452,17952,25,502,24,1.21,1,4,1481,2.97,110,0.26
565.48,241955,18008,25,503,56,1.21,1,4,1481,2.97,25,0.05
566.76,242457,18020,25,502,12,1.27,1,4,1481,2.97,105,0.28
567.95,242960,18044,25,503,24,1.19,1,4,1481,2.97,75,0.16
569.13,243460,18088,25,500,44,1.18,1,4,1481,2.97,140,0.33
570.39,243961,18116,25,501,28,1.26,1,4,1481,2.97,25,0.06
571.67,244465,18132,25,504,16,1.28,1,4,1481,2.97,15,0.03
572.9,244969,18156,25,504,24,1.23,1,4,1481,2.97,80,0.21
574.03,245470,18176,25,501,20,1.14,1,4,1481,2.97,155,0.35
575.2,245974,18192,25,504,16,1.16,1,4,1481,2.97,20,0.05
576.57,246477,18216,25,503,24,1.38,1,4,1481,2.97,85,0.24
578.09,246979,18240,25,502,24,1.51,1,4,1481,2.97,5,0.01
579.32,247480,18264,25,501,24,1.24,1,4,1481,2.97,80,0.2
580.56,247982,18288,25,502,24,1.23,1,4,1481,2.97,145,0.38
581.9,248483,18316,25,501,28,1.35,1,4,1481,2.97,190,0.57
583.17,248983,18336,25,500,20,1.27,1,4,1481,2.97,115,0.29
584.43,249486,18352,25,503,16,1.25,1,4,1481,2.97,15,0.04
585.71,249988,18380,25,502,28,1.28,1,4,1481,2.97,15,0.05
586.92,250490,18416,25,502,36,1.22,1,4,1481,2.97,25,0.06
588.24,250994,18456,25,504,40,1.31,1,4,1481,2.97,60,0.17
589.46,251498,18472,25,504,16,1.22,1,4,1481,2.97,100,0.25
590.8,252001,18504,25,503,32,1.35,1,4,1481,2.97,30,0.08
592.08,252503,18528,25,502,24,1.28,1,4,1481,2.97,120,0.31
593.37,253003,18560,25,500,32,1.28,1,4,1481,2.97,105,0.25
594.58,253506,18600,25,503,40,1.22,1,4,1481,2.97,25,0.07
595.89,254008,18620,25,502,20,1.31,1,4,1481,2.97,65,0.16
597.07,254510,18648,25,502,28,1.18,1,4,1481,2.97,10,0.03
598.23,255011,18668,25,501,20,1.16,1,4,1481,2.97,0,0
599.48,255513,18696,25,502,28,1.25,1,4,1481,2.97,20,0.05
600.74,256015,18720,25,502,24,1.26,1,4,1481,2.97,10,0.03
602.07,256517,18756,25,502,36,1.33,1,4,1481,2.97,130,0.36
603.27,257017,18784,25,500,28,1.2,1,4,1481,2.97,195,0.48
604.53,257519,18840,25,502,56,1.26,1,4,1481,2.97,20,0.03
605.95,258020,18864,25,501,24,1.42,1,4,1481,2.97,95,0.31
607.23,258521,18888,25,501,24,1.29,1,4,1481,2.97,55,0.15
608.51,259025,18916,25,504,28,1.28,1,4,1481,2.97,35,0.09
610.69,259529,18944,25,504,28,2.17,1,4,1481,2.97,40,0.1
611.84,260029,18976,25,500,32,1.16,1,4,1481,2.97,65,0.19
613.18,260529,19000,25,500,24,1.34,1,4,1481,2.97,20,0.04
614.37,261030,19004,25,501,4,1.19,1,4,1481,2.97,10,0.02
615.57,261531,19040,25,501,36,1.2,1,4,1481,2.97,10,0.02
616.72,262035,19052,25,504,12,1.14,1,4,1481,2.97,110,0.23
617.83,262535,19084,25,500,32,1.11,1,4,1481,2.97,0,0
619.1,263038,19112,25,503,28,1.27,1,4,1481,2.97,30,0.07
620.38,263542,19156,25,504,44,1.28,1,4,1481,2.97,5,0.01
621.62,264043,19180,25,501,24,1.24,1,4,1481,2.97,95,0.18
622.89,264547,19208,25,504,28,1.27,1,4,1481,2.97,15,0.05
624.02,265047,19232,25,500,24,1.14,1,4,1481,2.97,80,0.17
625.24,265551,19264,25,504,32,1.22,1,4,1481,2.97,70,0.19
626.42,266054,19316,25,503,52,1.17,1,4,1481,2.97,30,0.08
627.57,266557,19344,25,503,28,1.16,1,4,1481,2.97,110,0.24
628.85,267058,19356,25,501,12,1.28,1,4,1481,2.97,40,0.1
630.09,267559,19396,25,501,40,1.25,1,4,1481,2.97,0,0
631.32,268063,19424,25,504,28,1.23,1,4,1481,2.97,70,0.19
632.58,268565,19432,25,502,8,1.25,1,4,1481,2.97,270,0.65
633.81,269067,19464,25,502,32,1.23,1,4,1481,2.97,60,0.14
635.01,269569,19488,25,502,24,1.2,1,4,1481,2.97,45,0.12
636.42,270070,19508,25,501,20,1.41,1,4,1481,2.97,175,0.46
637.71,270570,19544,25,500,36,1.29,1,4,1481,2.97,0,0
638.81,271073,19580,25,503,36,1.11,1,4,1481,2.97,10,0.02
640.02,271574,19608,25,501,28,1.21,1,4,1481,2.97,30,0.07
641.45,272078,19628,25,504,20,1.43,1,4,1481,2.97,200,0.59
642.62,272578,19648,25,500,20,1.17,1,4,1481,2.97,20,0.06
643.91,273078,19672,25,500,24,1.29,1,4,1481,2.97,40,0.13
645.08,273580,19676,25,502,4,1.17,1,4,1481,2.97,380,0.84
646.33,274083,19700,25,503,24,1.24,1,4,1481,2.97,30,0.06
647.67,274587,19716,25,504,16,1.35,1,4,1481,2.97,15,0.04
648.93,275087,19740,25,500,24,1.25,1,4,1481,2.97,40,0.1
650.27,275589,19776,25,502,36,1.34,1,4,1481,2.97,70,0.2
652.09,276092,19788,25,503,12,1.82,1,4,1481,2.97,120,0.5
653.66,276593,19812,25,501,24,1.57,1,4,1481,2.97,5,0.01
654.99,277095,19820,25,502,8,1.33,1,4,1481,2.97,5,0.01
656.28,277596,19836,25,501,16,1.29,1,4,1481,2.97,240,0.57
657.56,278099,19848,25,503,12,1.28,1,4,1481,2.97,135,0.31
658.64,278601,19876,25,502,28,1.08,1,4,1481,2.97,35,0.07
659.77,279102,19892,25,501,16,1.13,1,4,1481,2.97,10,0.02
661,279602,19920,25,500,28,1.22,1,4,1481,2.97,35,0.09
662.25,280103,19956,25,501,36,1.25,1,4,1481,2.97,215,0.48
663.46,280607,19980,25,504,24,1.21,1,4,1481,2.97,70,0.16
664.75,281109,20012,25,502,32,1.29,1,4,1481,2.97,30,0.09
665.95,281610,20048,25,501,36,1.19,1,4,1481,2.97,45,0.11
667.09,282112,20068,25,502,20,1.14,1,4,1481,2.97,140,0.31
668.21,282616,20080,25,504,12,1.11,1,4,1481,2.97,35,0.07
669.37,283116,20100,25,500,20,1.16,1,4,1481,2.97,45,0.11
670.57,283617,20136,25,501,36,1.2,1,4,1481,2.97,50,0.11
671.73,284118,20176,25,501,40,1.16,1,4,1481,2.97,5,0.02
672.82,284619,20200,25,501,24,1.09,1,4,1481,2.97,70,0.16
674.02,285119,20256,25,500,56,1.2,1,4,1481,2.97,5,0.01
675.3,285622,20292,25,503,36,1.28,1,4,1481,2.97,10,0.03
676.5,286124,20328,25,502,36,1.2,1,4,1481,2.97,50,0.12
677.69,286627,20356,25,503,28,1.19,1,4,1481,2.97,65,0.16
678.85,287128,20376,25,501,20,1.16,1,4,1481,2.97,5,0.01
680.01,287631,20408,25,503,32,1.17,1,4,1481,2.97,90,0.2
681.26,288134,20420,25,503,12,1.25,1,4,1481,2.97,190,0.5
682.47,288634,20436,25,500,16,1.21,1,4,1481,2.97,105,0.22
683.64,289134,20452,25,500,16,1.17,1,4,1481,2.97,25,0.08
684.88,289635,20468,25,501,16,1.24,1,4,1481,2.97,65,0.17
686.17,290136,20492,25,501,24,1.29,1,4,1481,2.97,130,0.35
687.47,290639,20532,25,503,40,1.29,1,4,1481,2.97,100,0.25
688.65,291143,20548,25,504,16,1.18,1,4,1481,2.97,10,0.03
689.86,291646,20596,25,503,48,1.22,1,4,1481,2.97,55,0.13
691.05,292147,20632,25,501,36,1.19,1,4,1481,2.97,110,0.28
692.32,292650,20652,25,503,20,1.27,1,4,1481,2.97,90,0.21
693.55,293150,20676,25,500,24,1.23,1,4,1481,2.97,65,0.16
694.79,293651,20716,25,501,40,1.25,1,4,1481,2.97,35,0.06
695.96,294153,20748,25,502,32,1.17,1,4,1481,2.97,5,0.02
697.19,294655,20756,25,502,8,1.23,1,4,1481,2.97,280,0.7
698.4,295157,20780,25,502,24,1.21,1,4,1481,2.97,260,0.64
699.61,295659,20800,25,502,20,1.21,1,4,1481,2.97,85,0.22
700.91,296163,20836,25,504,36,1.3,1,4,1481,2.97,100,0.24
702.06,296667,20888,25,504,52,1.15,1,4,1481,2.97,10,0.01
703.31,297171,20920,25,504,32,1.25,1,4,1481,2.97,60,0.14
704.57,297673,20944,25,502,24,1.26,1,4,1481,2.97,80,0.22
705.97,298177,20972,25,504,28,1.41,1,4,1481,2.97,55,0.18
707.33,298679,20992,25,502,20,1.35,1,4,1481,2.97,200,0.53
708.64,299179,21024,25,500,32,1.31,1,4,1481,2.97,10,0.03
709.89,299682,21064,25,503,40,1.25,1,4,1481,2.97,50,0.12
711.14,300184,21084,25,502,20,1.25,1,4,1481,2.97,50,0.15
712.45,300687,21124,25,503,40,1.31,1,4,1481,2.97,15,0.05
713.69,301190,21160,25,503,36,1.24,1,4,1481,2.97,45,0.1
714.97,301692,21196,25,502,36,1.28,1,4,1481,2.97,120,0.34
716.21,302192,21224,25,500,28,1.24,1,4,1481,2.97,40,0.08
717.46,302693,21260,25,501,36,1.25,1,4,1481,2.97,65,0.15
718.66,303195,21296,25,502,36,1.2,1,4,1481,2.97,10,0.03
719.85,303698,21340,25,503,44,1.19,1,4,1481,2.97,20,0.04
721.07,304199,21372,25,501,32,1.22,1,4,1481,2.97,55,0.15
722.36,304701,21396,25,502,24,1.29,1,4,1481,2.97,65,0.17
723.45,305201,21404,25,500,8,1.08,1,4,1481,2.97,75,0.16
724.7,305705,21436,25,504,32,1.25,1,4,1481,2.97,175,0.46
725.8,306209,21464,25,504,28,1.1,1,4,1481,2.97,65,0.15
726.93,306710,21484,25,501,20,1.12,1,4,1481,2.97,30,0.07
728.16,307211,21520,25,501,36,1.23,1,4,1481,2.97,25,0.06
729.41,307713,21544,25,502,24,1.26,1,4,1481,2.97,25,0.05
730.54,308213,21572,25,500,28,1.13,1,4,1481,2.97,5,0.01
731.64,308714,21592,25,501,20,1.1,1,4,1481,2.97,70,0.13
732.77,309215,21632,25,501,40,1.12,1,4,1481,2.97,70,0.15
734.05,309717,21656,25,502,24,1.28,1,4,1481,2.97,60,0.16
735.33,310220,21704,25,503,48,1.29,1,4,1481,2.97,25,0.05
736.6,310724,21712,25,504,8,1.27,1,4,1481,2.97,125,0.32
737.83,311228,21756,25,504,44,1.23,1,4,1481,2.97,40,0.11
739.01,311730,21788,25,502,32,1.18,1,4,1481,2.97,5,0.01
740.25,312234,21812,25,504,24,1.24,1,4,1481,2.97,55,0.17
741.44,312736,21836,25,502,24,1.18,1,4,1481,2.97,45,0.12
742.62,313240,21848,25,504,12,1.18,1,4,1481,2.97,425,0.99
743.87,313740,21876,25,500,28,1.26,1,4,1481,2.97,60,0.13
745.25,314243,21908,25,503,32,1.37,1,4,1481,2.97,75,0.22
746.48,314743,21940,25,500,32,1.24,1,4,1481,2.97,35,0.09
747.76,315247,21956,25,504,16,1.28,1,4,1481,2.97,175,0.5
749.02,315749,21992,25,502,36,1.26,1,4,1481,2.97,5,0.02
750.19,316251,22012,25,502,20,1.17,1,4,1481,2.97,25,0.06
751.39,316753,22028,25,502,16,1.2,1,4,1481,2.97,120,0.29
752.6,317257,22056,25,504,28,1.22,1,4,1481,2.97,55,0.15
753.9,317759,22092,25,502,36,1.3,1,4,1481,2.97,30,0.08
755.23,318263,22132,25,504,40,1.33,1,4,1481,2.97,5,0.02
756.46,318767,22148,25,504,16,1.23,1,4,1481,2.97,140,0.34
757.73,319267,22168,25,500,20,1.27,1,4,1481,2.97,130,0.33
758.86,319770,22196,25,503,28,1.13,1,4,1481,2.97,65,0.14
760.17,320270,22220,25,500,24,1.31,1,4,1481,2.97,220,0.61
761.47,320773,22260,25,503,40,1.3,1,4,1481,2.97,100,0.23
762.7,321273,22288,25,500,28,1.23,1,4,1481,2.97,110,0.25
764.03,321776,22316,25,503,28,1.33,1,4,1481,2.97,15,0.03
765.32,322280,22328,25,504,12,1.29,1,4,1481,2.97,415,1.07
766.61,322781,22348,25,501,20,1.29,1,4,1481,2.97,40,0.1
767.78,323284,22368,25,503,20,1.17,1,4,1481,2.97,5,0.02
769.13,323786,22416,25,502,48,1.34,1,4,1481,2.97,50,0.12
770.33,324286,22432,25,500,16,1.2,1,4,1481,2.97,125,0.3
771.45,324786,22456,25,500,24,1.12,1,4,1481,2.97,135,0.29
772.67,325288,22496,25,502,40,1.22,1,4,1481,2.97,30,0.08
773.93,325792,22532,25,504,36,1.26,1,4,1481,2.97,125,0.3
775.34,326292,22548,25,500,16,1.41,1,4,1481,2.97,100,0.27
776.62,326794,22576,25,502,28,1.29,1,4,1481,2.97,70,0.18
777.98,327295,22608,25,501,32,1.36,1,4,1481,2.97,55,0.16
779.3,327796,22624,25,501,16,1.32,1,4,1481,2.97,100,0.24
780.61,328297,22656,25,501,32,1.31,1,4,1481,2.97,30,0.1
781.88,328799,22688,25,502,32,1.27,1,4,1481,2.97,30,0.07
783.21,329300,22712,25,501,24,1.33,1,4,1481,2.97,30,0.06
784.45,329803,22732,25,503,20,1.24,1,4,1481,2.97,100,0.24
785.66,330307,22740,25,504,8,1.21,1,4,1481,2.97,160,0.4
786.92,330808,22764,25,501,24,1.26,1,4,1481,2.97,25,0.05
788.09,331311,22792,25,503,28,1.17,1,4,1481,2.97,40,0.1
789.36,331814,22812,25,503,20,1.27,1,4,1481,2.97,185,0.42
790.43,332315,22840,25,501,28,1.07,1,4,1481,2.97,145,0.32
791.65,332817,22860,25,502,20,1.22,1,4,1481,2.97,135,0.36
792.89,333319,22884,25,502,24,1.23,1,4,1481,2.97,55,0.12
794.05,333821,22908,25,502,24,1.16,1,4,1481,2.97,160,0.34
795.16,334325,22944,25,504,36,1.11,1,4,1481,2.97,15,0.03
796.34,334826,22968,25,501,24,1.18,1,4,1481,2.97,25,0.05
797.58,335327,22988,25,501,20,1.24,1,4,1481,2.97,20,0.05
798.76,335831,23016,25,504,28,1.18,1,4,1481,2.97,20,0.04
799.93,336331,23032,25,500,16,1.17,1,4,1481,2.97,55,0.15
801.09,336833,23056,25,502,24,1.16,1,4,1481,2.97,20,0.03
802.3,337335,23080,25,502,24,1.21,1,4,1481,2.97,10,0.03
803.46,337835,23108,25,500,28,1.16,1,4,1481,2.97,45,0.12
804.71,338335,23120,25,500,12,1.25,1,4,1481,2.97,290,0.72
806.02,338839,23156,25,504,36,1.31,1,4,1481,2.97,25,0.06
807.2,339340,23180,25,501,24,1.18,1,4,1481,2.97,5,0.01
808.52,339840,23196,25,500,16,1.33,1,4,1481,2.97,105,0.25
809.72,340340,23220,25,500,24,1.19,1,4,1481,2.97,70,0.16
810.88,340841,23240,25,501,20,1.16,1,4,1481,2.97,10,0.02
812.01,341341,23280,25,500,40,1.13,1,4,1481,2.97,30,0.06
813.18,341844,23316,25,503,36,1.16,1,4,1481,2.97,30,0.06
814.42,342345,23336,25,501,20,1.24,1,4,1481,2.97,140,0.39
815.55,342847,23360,25,502,24,1.13,1,4,1481,2.97,10,0.02
817.02,343348,23380,25,501,20,1.47,1,4,1481,2.97,90,0.24
818.13,343852,23404,25,504,24,1.11,1,4,1481,2.97,135,0.31
819.32,344354,23448,25,502,44,1.19,1,4,1481,2.97,45,0.1
820.55,344857,23488,25,503,40,1.23,1,4,1481,2.97,45,0.11
821.85,345359,23512,25,502,24,1.31,1,4,1481,2.97,100,0.23
823.01,345861,23532,25,502,20,1.16,1,4,1481,2.97,20,0.05
824.2,346362,23560,25,501,28,1.18,1,4,1481,2.97,35,0.08
825.42,346865,23588,25,503,28,1.22,1,4,1481,2.97,170,0.43
826.67,347367,23624,25,502,36,1.25,1,4,1481,2.97,85,0.21
827.87,347870,23644,25,503,20,1.2,1,4,1481,2.97,35,0.09
829.14,348370,23664,25,500,20,1.27,1,4,1481,2.97,210,0.54
830.34,348872,23700,25,502,36,1.2,1,4,1481,2.97,80,0.18
831.52,349373,23724,25,501,24,1.18,1,4,1481,2.97,70,0.16
832.74,349873,23752,25,500,28,1.22,1,4,1481,2.97,30,0.06
833.98,350377,23776,25,504,24,1.24,1,4,1481,2.97,25,0.06
835.14,350877,23800,25,500,24,1.17,1,4,1481,2.97,30,0.07
836.54,351379,23824,25,502,24,1.39,1,4,1481,2.97,95,0.26
837.78,351879,23864,25,500,40,1.24,1,4,1481,2.97,5,0.02
838.97,352382,23876,25,503,12,1.19,1,4,1481,2.97,60,0.13
840.01,352882,23888,25,500,12,1.05,1,4,1481,2.97,440,0.92
841.19,353382,23920,25,500,32,1.17,1,4,1481,2.97,20,0.05
842.39,353882,23944,25,500,24,1.2,1,4,1481,2.97,190,0.48
843.57,354386,23984,25,504,40,1.18,1,4,1481,2.97,85,0.2
844.84,354886,24040,25,500,56,1.27,1,4,1481,2.97,45,0.11
845.96,355390,24076,25,504,36,1.12,1,4,1481,2.97,50,0.11
847.14,355890,24112,25,500,36,1.18,1,4,1481,2.97,20,0.05
848.39,356393,24140,25,503,28,1.25,1,4,1481,2.97,135,0.33
849.48,356894,24180,25,501,40,1.1,1,4,1481,2.97,25,0.06
850.6,357396,24232,25,502,52,1.12,1,4,1481,2.97,70,0.17
851.79,357899,24268,25,503,36,1.19,1,4,1481,2.97,35,0.08
853.02,358399,24284,25,500,16,1.23,1,4,1481,2.97,90,0.2
854.16,358900,24296,25,501,12,1.14,1,4,1481,2.97,145,0.35
855.31,359402,24328,25,502,32,1.15,1,4,1481,2.97,75,0.17
856.43,359905,24336,25,503,8,1.12,1,4,1481,2.97,190,0.41
857.94,360406,24388,25,501,52,1.51,1,4,1481,2.97,35,0.1
859.06,360906,24436,25,500,48,1.13,1,4,1481,2.97,10,0.02
860.2,361409,24448,25,503,12,1.14,1,4,1481,2.97,245,0.54
861.31,361909,24488,25,500,40,1.11,1,4,1481,2.97,0,0
862.52,362411,24500,25,502,12,1.2,1,4,1481,2.97,215,0.55
863.6,362915,24520,25,504,20,1.08,1,4,1481,2.97,30,0.07
864.96,363416,24560,25,501,40,1.36,1,4,1481,2.97,85,0.44
866.52,363919,24576,25,503,16,1.56,1,4,1481,2.97,110,0.25
867.67,364419,24588,25,500,12,1.15,1,4,1481,2.97,85,0.21
868.87,364921,24616,25,502,28,1.2,1,4,1481,2.97,100,0.25
870.06,365422,24632,25,501,16,1.19,1,4,1481,2.97,35,0.1
871.26,365923,24664,25,501,32,1.2,1,4,1481,2.97,135,0.37
872.47,366424,24700,25,501,36,1.22,1,4,1481,2.97,10,0.03
873.72,366925,24720,25,501,20,1.24,1,4,1481,2.97,60,0.15
874.98,367428,24744,25,503,24,1.26,1,4,1481,2.97,65,0.16
876.28,367930,24772,25,502,28,1.3,1,4,1481,2.97,135,0.39
877.75,368431,24796,25,501,24,1.48,1,4,1481,2.97,15,0.04
879.04,368935,24820,25,504,24,1.29,1,4,1481,2.97,25,0.06
880.32,369436,24836,25,501,16,1.29,1,4,1481,2.97,125,0.31
881.5,369938,24880,25,502,44,1.18,1,4,1481,2.97,0,0
882.76,370439,24912,25,501,32,1.27,1,4,1481,2.97,10,0.01
884.02,370941,24936,25,502,24,1.25,1,4,1481,2.97,115,0.29
885.22,371443,24956,25,502,20,1.2,1,4,1481,2.97,140,0.34
886.38,371947,24964,25,504,8,1.16,1,4,1481,2.97,210,0.48
887.59,372451,24988,25,504,24,1.21,1,4,1481,2.97,20,0.05
888.88,372952,25008,25,501,20,1.28,1,4,1481,2.97,115,0.28
890.15,373452,25048,25,500,40,1.28,1,4,1481,2.97,35,0.09
891.34,373956,25072,25,504,24,1.19,1,4,1481,2.97,5,0.01
892.61,374459,25096,25,503,24,1.27,1,4,1481,2.97,250,0.65
893.86,374962,25120,25,503,24,1.25,1,4,1481,2.97,100,0.22
894.96,375464,25152,25,502,32,1.1,1,4,1481,2.97,10,0.02
896.14,375968,25168,25,504,16,1.18,1,4,1481,2.97,10,0.02
897.33,376472,25204,25,504,36,1.19,1,4,1481,2.97,40,0.09
898.58,376972,25228,25,500,24,1.25,1,4,1481,2.97,10,0.03
899.71,377475,25264,25,503,36,1.13,1,4,1481,2.97,100,0.23
900.96,377977,25284,25,502,20,1.24,1,4,1481,2.97,120,0.31
902.2,378481,25312,25,504,28,1.24,1,4,1481,2.97,130,0.35
903.43,378982,25344,25,501,32,1.23,1,4,1481,2.97,0,0
904.64,379485,25372,25,503,28,1.22,1,4,1481,2.97,170,0.41
905.78,379988,25396,25,503,24,1.13,1,4,1481,2.97,145,0.36
907.06,380488,25416,25,500,20,1.29,1,4,1481,2.97,10,0.01
908.29,380990,25452,25,502,36,1.23,1,4,1481,2.97,10,0.02
909.63,381492,25484,25,502,32,1.34,1,4,1481,2.97,60,0.15
910.81,381995,25516,25,503,32,1.19,1,4,1481,2.97,150,0.35
912.13,382496,25544,25,501,28,1.32,1,4,1481,2.97,180,0.42
913.39,382998,25576,25,502,32,1.26,1,4,1481,2.97,60,0.16
914.61,383500,25624,25,502,48,1.23,1,4,1481,2.97,35,0.09
915.87,384003,25652,25,503,28,1.26,1,4,1481,2.97,15,0.03
917,384505,25672,25,502,20,1.13,1,4,1481,2.97,20,0.05
918.17,385005,25688,25,500,16,1.17,1,4,1481,2.97,110,0.26
919.33,385508,25696,25,503,8,1.16,1,4,1481,2.97,185,0.43
920.5,386008,25724,25,500,28,1.17,1,4,1481,2.97,90,0.22
921.59,386508,25744,25,500,20,1.09,1,4,1481,2.97,10,0.02
922.83,387009,25768,25,501,24,1.24,1,4,1481,2.97,15,0.04
923.95,387509,25788,25,500,20,1.12,1,4,1481,2.97,100,0.23
925.13,388010,25816,25,501,28,1.19,1,4,1481,2.97,5,0.02
926.23,388510,25864,25,500,48,1.1,1,4,1481,2.97,25,0.05
927.41,389010,25912,25,500,48,1.18,1,4,1481,2.97,160,0.35
928.6,389513,25932,25,503,20,1.19,1,4,1481,2.97,115,0.28
929.91,390014,25972,25,501,40,1.3,1,4,1481,2.97,60,0.15
931.08,390516,25996,25,502,24,1.17,1,4,1481,2.97,160,0.39
932.29,391019,26020,25,503,24,1.21,1,4,1481,2.97,50,0.11
933.46,391522,26064,25,503,44,1.17,1,4,1481,2.97,30,0.07
934.66,392023,26100,25,501,36,1.2,1,4,1481,2.97,35,0.07
935.79,392523,26128,25,500,28,1.14,1,4,1481,2.97,45,0.11
937.08,393026,26168,25,503,40,1.29,1,4,1481,2.97,40,0.09
938.19,393530,26184,25,504,16,1.11,1,4,1481,2.97,15,0.03
939.39,394030,26208,25,500,24,1.2,1,4,1481,2.97,285,0.63
940.61,394534,26240,25,504,32,1.22,1,4,1481,2.97,130,0.33
942.03,395037,26268,25,503,28,1.42,1,4,1481,2.97,35,0.09
943.17,395538,26296,25,501,28,1.14,1,4,1481,2.97,85,0.19
944.48,396040,26320,25,502,24,1.3,1,4,1481,2.97,20,0.07
945.64,396541,26344,25,501,24,1.17,1,4,1481,2.97,120,0.25
946.88,397043,26372,25,502,28,1.23,1,4,1481,2.97,35,0.08
948,397547,26388,25,504,16,1.12,1,4,1481,2.97,150,0.33
949.15,398047,26396,25,500,8,1.15,1,4,1481,2.97,340,0.8
950.37,398547,26416,25,500,20,1.22,1,4,1481,2.97,50,0.1
951.48,399047,26432,25,500,16,1.11,1,4,1481,2.97,95,0.19
952.75,399548,26452,25,501,20,1.27,1,4,1481,2.97,225,0.6
953.85,400050,26456,25,502,4,1.1,1,4,1481,2.97,325,0.66
955.09,400551,26472,25,501,16,1.24,1,4,1481,2.97,110,0.27
956.26,401054,26496,25,503,24,1.17,1,4,1481,2.97,30,0.08
957.39,401554,26516,25,500,20,1.13,1,4,1481,2.97,85,0.17
958.63,402058,26560,25,504,44,1.23,1,4,1481,2.97,45,0.12
959.96,402559,26620,25,501,60,1.34,1,4,1481,2.97,50,0.15
961.5,403060,26668,25,501,48,1.54,1,4,1481,2.97,35,0.09
963.49,403560,26700,25,500,32,1.99,1,4,1481,2.97,35,0.08
964.76,404063,26728,25,503,28,1.27,1,4,1481,2.97,65,0.16
966.08,404567,26756,25,504,28,1.32,1,4,1481,2.97,65,0.14
967.18,405067,26796,25,500,40,1.1,1,4,1481,2.97,25,0.05
968.38,405567,26832,25,500,36,1.21,1,4,1481,2.97,170,0.4
969.53,406071,26856,25,504,24,1.15,1,4,1481,2.97,90,0.18
970.69,406574,26892,25,503,36,1.16,1,4,1481,2.97,25,0.05
971.84,407077,26912,25,503,20,1.15,1,4,1481,2.97,70,0.17
972.94,407579,26944,25,502,32,1.1,1,4,1481,2.97,10,0.03
974.06,408080,26964,25,501,20,1.12,1,4,1481,2.97,135,0.32
975.18,408581,27004,25,501,40,1.12,1,4,1481,2.97,50,0.11
976.35,409085,27048,25,504,44,1.17,1,4,1481,2.97,10,0.02
977.53,409587,27092,25,502,44,1.18,1,4,1481,2.97,20,0.05
978.62,410091,27104,25,504,12,1.08,1,4,1481,2.97,115,0.24
979.93,410594,27144,25,503,40,1.32,1,4,1481,2.97,5,0.02
981.15,411094,27188,25,500,44,1.22,1,4,1481,2.97,50,0.11
982.32,411598,27236,25,504,48,1.18,1,4,1481,2.97,25,0.07
983.49,412102,27280,25,504,44,1.16,1,4,1481,2.97,125,0.3
984.57,412604,27320,25,502,40,1.09,1,4,1481,2.97,5,0.01
985.84,413104,27352,25,500,32,1.27,1,4,1481,2.97,65,0.18
987.02,413606,27376,25,502,24,1.18,1,4,1481,2.97,85,0.19
988.28,414110,27392,25,504,16,1.26,1,4,1481,2.97,90,0.23
989.61,414612,27400,25,502,8,1.33,1,4,1481,2.97,305,0.78
990.72,415113,27420,25,501,20,1.11,1,4,1481,2.97,90,0.2
992.03,415616,27432,25,503,12,1.31,1,4,1481,2.97,110,0.3
993.23,416117,27464,25,501,32,1.2,1,4,1481,2.97,60,0.13
994.48,416617,27500,25,500,36,1.25,1,4,1481,2.97,55,0.17
995.85,417118,27536,25,501,36,1.37,1,4,1481,2.97,15,0.04
997.17,417621,27560,25,503,24,1.32,1,4,1481,2.97,65,0.18
998.44,418122,27580,25,501,20,1.27,1,4,1481,2.97,30,0.07
999.72,418623,27600,25,501,20,1.28,1,4,1481,2.97,15,0.04
1000.93,419126,27632,25,503,32,1.21,1,4,1481,2.97,80,0.18
1002.14,419627,27680,25,501,48,1.21,1,4,1481,2.97,45,0.14
1003.46,420131,27692,25,504,12,1.32,1,4,1481,2.97,330,0.9
1004.64,420631,27708,25,500,16,1.18,1,4,1481,2.97,355,0.83
1005.8,421135,27732,25,504,24,1.16,1,4,1481,2.97,30,0.07
1006.85,421635,27748,25,500,16,1.05,1,4,1481,2.97,155,0.34
1007.99,422136,27780,25,501,32,1.14,1,4,1481,2.97,200,0.46
1009.18,422639,27812,25,503,32,1.19,1,4,1481,2.97,140,0.33
1010.38,423143,27844,25,504,32,1.2,1,4,1481,2.97,20,0.04
1011.61,423644,27860,25,501,16,1.23,1,4,1481,2.97,60,0.15
1012.77,424145,27876,25,501,16,1.16,1,4,1481,2.97,165,0.34
1013.94,424645,27888,25,500,12,1.17,1,4,1481,2.97,150,0.38
1015.2,425145,27924,25,500,36,1.27,1,4,1481,2.97,5,0.01
1016.38,425646,27964,25,501,40,1.17,1,4,1481,2.97,55,0.11
1017.55,426149,27996,25,503,32,1.17,1,4,1481,2.97,95,0.25
1018.76,426651,28004,25,502,8,1.21,1,4,1481,2.97,170,0.42
1020.02,427155,28048,25,504,44,1.26,1,4,1481,2.97,20,0.05
1021.22,427655,28064,25,500,16,1.2,1,4,1481,2.97,5,0.01
1022.37,428158,28092,25,503,28,1.16,1,4,1481,2.97,15,0.02
1023.42,428659,28112,25,501,20,1.04,1,4,1481,2.97,70,0.17
1024.56,429160,28144,25,501,32,1.14,1,4,1481,2.97,5,0.01
1025.73,429664,28168,25,504,24,1.16,1,4,1481,2.97,25,0.06
1026.95,430164,28180,25,500,12,1.22,1,4,1481,2.97,100,0.25
1028.08,430666,28212,25,502,32,1.13,1,4,1481,2.97,85,0.2
1029.27,431170,28244,25,504,32,1.19,1,4,1481,2.97,5,0.01
1030.42,431671,28268,25,501,24,1.15,1,4,1481,2.97,80,0.17
1031.61,432172,28284,25,501,16,1.19,1,4,1481,2.97,125,0.32
1032.81,432672,28320,25,500,36,1.21,1,4,1481,2.97,10,0.03
1033.96,433175,28348,25,503,28,1.14,1,4,1481,2.97,120,0.3
1035.1,433676,28376,25,501,28,1.14,1,4,1481,2.97,200,0.47
1036.26,434177,28416,25,501,40,1.16,1,4,1481,2.97,95,0.23
1037.4,434680,28428,25,503,12,1.14,1,4,1481,2.97,185,0.42
1038.74,435183,28440,25,503,12,1.34,1,4,1481,2.97,235,0.53
1039.94,435683,28452,25,500,12,1.2,1,4,1481,2.97,245,0.62
1041.18,436184,28480,25,501,28,1.24,1,4,1481,2.97,45,0.09
1042.31,436687,28512,25,503,32,1.13,1,4,1481,2.97,5,0.01
1043.41,437190,28540,25,503,28,1.1,1,4,1481,2.97,5,0.01
1044.56,437691,28564,25,501,24,1.15,1,4,1481,2.97,50,0.13
1045.77,438193,28616,25,502,52,1.21,1,4,1481,2.97,15,0.04
1046.94,438694,28640,25,501,24,1.17,1,4,1481,2.97,85,0.2
1048.21,439194,28660,25,500,20,1.27,1,4,1481,2.97,10,0.02
1049.41,439695,28684,25,501,24,1.19,1,4,1481,2.97,190,0.48
1050.66,440195,28716,25,500,32,1.25,1,4,1481,2.97,90,0.22
1051.83,440697,28752,25,502,36,1.17,1,4,1481,2.97,20,0.04
1052.98,441199,28780,25,502,28,1.14,1,4,1481,2.97,25,0.05
1054.13,441701,28808,25,502,28,1.16,1,4,1481,2.97,65,0.17
1055.33,442201,28844,25,500,36,1.2,1,4,1481,2.97,110,0.23
1056.57,442702,28880,25,501,36,1.24,1,4,1481,2.97,55,0.14
1057.8,443205,28916,25,503,36,1.23,1,4,1481,2.97,45,0.1
1059.03,443708,28932,25,503,16,1.23,1,4,1481,2.97,155,0.39
1060.34,444209,28948,25,501,16,1.31,1,4,1481,2.97,0,0
1061.61,444713,28968,25,504,20,1.27,1,4,1481,2.97,265,0.67
1062.82,445215,29000,25,502,32,1.21,1,4,1481,2.97,90,0.21
1.03,500,5261,24,500,5261,1.03,3,12.5,176,0.39,160,0.32
2.07,1001,5430,24,501,169,1.04,1,4.17,316,0.68,345,0.69
3,1504,5487,24,503,57,0.93,2,8.33,427,0.85,85,0.16
3.92,2006,5609,24,502,122,0.92,1,4.17,427,0.85,220,0.39
4.91,2510,5631,24,504,22,0.99,2,8.33,427,0.85,130,0.27
5.97,3011,5635,24,501,4,1.05,1,4.17,616,1.3,15,0.03
6.97,3514,5637,25,503,2,1,1,4,616,1.3,275,0.53
7.93,4015,5653,25,501,16,0.96,1,4,616,1.3,60,0.11
9.06,4516,5657,25,501,4,1.13,1,4,616,1.3,55,0.15
10.15,5016,5675,25,500,18,1.08,2,8,616,1.3,25,0.05
11.23,5516,5683,25,500,8,1.09,2,8,616,1.3,225,0.52
12.32,6018,5691,25,502,8,1.09,1,4,616,1.3,155,0.38
13.46,6521,5703,25,503,12,1.14,1,4,616,1.3,175,0.36
14.61,7023,5707,25,502,4,1.15,1,4,616,1.3,415,0.96
15.8,7527,5719,25,504,12,1.19,2,8,616,1.3,25,0.06
16.87,8028,5723,25,501,4,1.07,1,4,616,1.3,360,0.77
18.02,8528,5731,25,500,8,1.15,1,4,616,1.3,230,0.54
19.17,9032,5759,25,504,28,1.15,2,8,616,1.3,10,0.02
20.3,9534,5783,25,502,24,1.13,1,4,616,1.3,155,0.35
21.42,10036,5787,25,502,4,1.12,1,4,616,1.3,110,0.23
22.59,10537,5807,25,501,20,1.17,1,4,616,1.3,75,0.17
23.72,11040,5819,25,503,12,1.13,1,4,616,1.3,25,0.06
24.81,11540,5835,25,500,16,1.09,1,4,616,1.3,30,0.06
25.88,12042,5855,25,502,20,1.07,1,4,616,1.3,5,0.01
26.95,12544,5863,25,502,8,1.07,1,4,616,1.3,10,0.01
28.04,13048,5883,25,504,20,1.09,2,8,616,1.3,50,0.1
29.08,13550,5899,25,502,16,1.03,1,4,616,1.3,40,0.07
30.27,14054,5927,25,504,28,1.19,1,4,616,1.3,10,0.03
31.34,14557,5939,25,503,12,1.07,1,4,616,1.3,405,0.87
32.53,15058,5963,25,501,24,1.19,1,4,616,1.3,10,0.03
33.72,15560,5983,25,502,20,1.18,1,4,616,1.3,15,0.04
34.98,16060,5999,25,500,16,1.27,1,4,616,1.3,100,0.24
36.2,16562,6023,25,502,24,1.21,1,4,616,1.3,5,0.01
37.27,17065,6047,25,503,24,1.07,1,4,616,1.3,55,0.13
38.4,17565,6071,25,500,24,1.13,1,4,616,1.3,65,0.17
39.62,18069,6107,25,504,36,1.22,1,4,616,1.3,15,0.03
40.83,18573,6131,25,504,24,1.21,1,4,616,1.3,45,0.11
42.08,19073,6143,25,500,12,1.24,1,4,616,1.3,80,0.19
43.35,19575,6155,25,502,12,1.27,2,8,616,1.3,5,0.01
44.61,20076,6175,25,501,20,1.26,1,4,616,1.3,70,0.16
45.73,20577,6191,25,501,16,1.12,1,4,616,1.3,140,0.33
46.83,21081,6207,25,504,16,1.1,1,4,616,1.3,35,0.09
48.01,21582,6247,25,501,40,1.18,1,4,616,1.3,50,0.13
49.12,22082,6291,25,500,44,1.11,1,4,616,1.3,20,0.06
50.33,22584,6299,25,502,8,1.21,1,4,616,1.3,110,0.24
51.5,23085,6319,25,501,20,1.17,1,4,616,1.3,65,0.14
52.59,23589,6331,25,504,12,1.09,1,4,616,1.3,5,0.01
53.71,24089,6371,25,500,40,1.13,1,4,616,1.3,5,0.01
54.8,24592,6383,25,503,12,1.09,1,4,616,1.3,290,0.64
55.94,25094,6419,25,502,36,1.14,1,4,616,1.3,15,0.03
57.06,25595,6435,25,501,16,1.11,1,4,616,1.3,210,0.47
58.32,26099,6459,25,504,24,1.26,2,8,616,1.3,200,0.5
59.47,26600,6479,25,501,20,1.15,1,4,616,1.3,95,0.23
60.76,27103,6499,25,503,20,1.29,1,4,616,1.3,105,0.31
61.98,27606,6527,25,503,28,1.22,1,4,616,1.3,20,0.05
63.19,28108,6551,25,502,24,1.21,1,4,616,1.3,15,0.04
64.42,28610,6571,25,502,20,1.23,1,4,616,1.3,40,0.1
65.6,29114,6575,25,504,4,1.18,1,4,616,1.3,295,0.68
66.83,29618,6615,25,504,40,1.24,1,4,616,1.3,30,0.08
67.9,30121,6635,25,503,20,1.07,1,4,616,1.3,30,0.06
69.05,30622,6655,25,501,20,1.15,1,4,616,1.3,145,0.34
70.14,31122,6687,25,500,32,1.09,1,4,616,1.3,0,0
71.19,31622,6707,25,500,20,1.04,1,4,616,1.3,175,0.35
72.27,32124,6723,25,502,16,1.08,1,4,616,1.3,185,0.42
73.44,32624,6759,25,500,36,1.17,1,4,616,1.3,20,0.05
74.59,33126,6787,25,502,28,1.15,1,4,616,1.3,5,0.01
75.79,33627,6815,25,501,28,1.2,1,4,616,1.3,180,0.42
76.92,34127,6859,25,500,44,1.13,1,4,616,1.3,100,0.23
78.11,34630,6871,25,503,12,1.19,1,4,616,1.3,5,0.02
79.22,35131,6895,25,501,24,1.11,1,4,616,1.3,110,0.22
80.26,35632,6919,25,501,24,1.04,1,4,616,1.3,160,0.33
81.33,36133,6951,25,501,32,1.07,1,4,616,1.3,10,0.02
82.42,36635,6979,25,502,28,1.09,1,4,616,1.3,15,0.03
83.57,37137,6999,25,502,20,1.15,1,4,616,1.3,140,0.34
84.75,37641,7051,25,504,52,1.18,1,4,616,1.3,20,0.04
85.9,38142,7067,25,501,16,1.15,1,4,616,1.3,30,0.06
87.08,38643,7083,25,501,16,1.18,1,4,616,1.3,170,0.39
88.3,39146,7107,25,503,24,1.22,1,4,616,1.3,245,0.62
89.55,39646,7127,25,500,20,1.25,1,4,616,1.3,90,0.22
90.61,40148,7155,25,502,28,1.07,1,4,616,1.3,35,0.08
91.77,40651,7195,25,503,40,1.15,1,4,616,1.3,155,0.37
93.04,41151,7259,25,500,64,1.27,1,4,616,1.3,25,0.06
94.21,41655,7303,25,504,44,1.17,1,4,616,1.3,75,0.15
95.35,42156,7327,25,501,24,1.13,1,4,616,1.3,15,0.02
96.51,42660,7355,25,504,28,1.16,1,4,616,1.3,190,0.43
97.68,43164,7415,25,504,60,1.17,1,4,616,1.3,150,0.37
98.83,43665,7443,25,501,28,1.15,1,4,616,1.3,20,0.04
100,44168,7467,25,503,24,1.17,2,8,616,1.3,70,0.16
101.13,44670,7499,25,502,32,1.13,1,4,616,1.3,140,0.32
102.13,45171,7535,25,501,36,1,1,4,616,1.3,50,0.09
103.3,45674,7567,25,503,32,1.17,1,4,616,1.3,65,0.17
104.43,46178,7583,25,504,16,1.14,1,4,616,1.3,150,0.33
105.55,46682,7599,25,504,16,1.12,1,4,616,1.3,100,0.23
106.77,47183,7623,25,501,24,1.22,1,4,616,1.3,40,0.09
107.91,47684,7643,25,501,20,1.14,1,4,616,1.3,250,0.6
109.3,48184,7679,25,500,36,1.39,1,4,616,1.3,10,0.02
110.6,48685,7711,25,501,32,1.31,1,4,616,1.3,70,0.16
111.71,49186,7727,25,501,16,1.11,1,4,616,1.3,280,0.64
112.95,49687,7747,25,501,20,1.24,1,4,616,1.3,15,0.03
114.04,50189,7779,25,502,32,1.09,1,4,616,1.3,35,0.06
115.08,50689,7791,25,500,12,1.04,1,4,616,1.3,200,0.45
116.17,51190,7819,25,501,28,1.09,1,4,616,1.3,75,0.17
117.23,51691,7839,25,501,20,1.06,1,4,616,1.3,30,0.07
118.46,52193,7871,25,502,32,1.23,1,4,616,1.3,55,0.14
119.6,52697,7891,25,504,20,1.14,1,4,616,1.3,5,0.01
120.81,53197,7915,25,500,24,1.22,1,4,616,1.3,165,0.37
121.94,53700,7935,25,503,20,1.12,2,8,616,1.3,225,0.52
123.14,54203,7975,25,503,40,1.2,1,4,616,1.3,25,0.05
124.39,54705,8015,25,502,40,1.25,1,4,616,1.3,50,0.13
125.67,55205,8051,25,500,36,1.28,1,4,616,1.3,0,0
126.92,55705,8099,25,500,48,1.25,1,4,616,1.3,25,0.04
128.13,56206,8151,25,501,52,1.21,1,4,616,1.3,40,0.11
129.32,56707,8179,25,501,28,1.2,1,4,616,1.3,105,0.25
130.47,57210,8199,25,503,20,1.14,1,4,616,1.3,80,0.18
131.65,57713,8231,25,503,32,1.18,1,4,616,1.3,45,0.11
132.85,58215,8263,25,502,32,1.2,1,4,616,1.3,20,0.06
134.09,58715,8291,25,500,28,1.24,2,8,616,1.3,15,0.03
135.32,59216,8315,25,501,24,1.23,1,4,616,1.3,10,0.03
136.55,59719,8351,25,503,36,1.23,1,4,616,1.3,5,0.02
137.7,60220,8375,25,501,24,1.14,1,4,616,1.3,70,0.14
138.88,60724,8399,25,504,24,1.18,1,4,616,1.3,265,0.62
140.08,61226,8423,25,502,24,1.2,1,4,616,1.3,145,0.33
141.17,61727,8439,25,501,16,1.09,1,4,616,1.3,5,0.01
142.31,62227,8463,25,500,24,1.14,1,4,616,1.3,135,0.31
143.43,62729,8495,25,502,32,1.12,1,4,616,1.3,125,0.31
144.64,63233,8507,25,504,12,1.21,1,4,616,1.3,130,0.3
145.73,63734,8519,25,501,12,1.1,1,4,616,1.3,60,0.12
146.87,64238,8535,25,504,16,1.14,1,4,616,1.3,45,0.1
147.94,64741,8559,25,503,24,1.07,1,4,616,1.3,265,0.56
149.07,65241,8607,25,500,48,1.13,1,4,616,1.3,15,0.03
150.17,65743,8627,25,502,20,1.1,1,4,616,1.3,100,0.24
151.41,66247,8671,25,504,44,1.24,1,4,616,1.3,60,0.17
152.61,66747,8711,25,500,40,1.2,1,4,616,1.3,25,0.05
153.88,67248,8735,25,501,24,1.27,1,4,616,1.3,95,0.23
154.96,67749,8763,25,501,28,1.08,1,4,616,1.3,50,0.11
156.05,68249,8783,25,500,20,1.09,1,4,616,1.3,50,0.09
157.19,68752,8803,25,503,20,1.13,1,4,616,1.3,5,0.01
158.51,69254,8839,25,502,36,1.32,1,4,616,1.3,170,0.45
159.68,69755,8859,25,501,20,1.17,1,4,616,1.3,75,0.2
160.82,70257,8887,25,502,28,1.14,1,4,616,1.3,30,0.06
161.94,70757,8947,25,500,60,1.13,1,4,616,1.3,90,0.22
163.17,71257,8971,25,500,24,1.22,1,4,616,1.3,120,0.31
164.24,71757,8987,25,500,16,1.07,1,4,616,1.3,120,0.22
165.41,72257,9035,25,500,48,1.18,1,4,616,1.3,45,0.1
166.56,72761,9075,25,504,40,1.15,1,4,616,1.3,25,0.07
167.73,73264,9083,25,503,8,1.17,1,4,616,1.3,250,0.58
168.9,73766,9127,25,502,44,1.17,1,4,616,1.3,25,0.06
170.1,74269,9155,25,503,28,1.2,1,4,616,1.3,110,0.25
171.36,74773,9179,25,504,24,1.26,1,4,616,1.3,30,0.08
172.56,75273,9215,25,500,36,1.2,1,4,616,1.3,25,0.06
173.77,75777,9231,25,504,16,1.21,1,4,616,1.3,185,0.47
175.02,76278,9247,25,501,16,1.25,1,4,616,1.3,190,0.47
176.24,76778,9267,25,500,20,1.22,1,4,616,1.3,20,0.05
177.41,77279,9295,25,501,28,1.17,1,4,616,1.3,90,0.19
178.56,77783,9319,25,504,24,1.15,1,4,616,1.3,45,0.11
179.73,78284,9347,25,501,28,1.17,1,4,616,1.3,100,0.24
180.82,78788,9383,25,504,36,1.09,1,4,616,1.3,30,0.07
182.05,79292,9411,25,504,28,1.23,1,4,616,1.3,145,0.32
183.18,79792,9427,25,500,16,1.13,1,4,616,1.3,170,0.37
184.36,80294,9472,25,502,45,1.18,2,8,616,1.3,5,0.01
185.54,80798,9500,25,504,28,1.17,1,4,616,1.3,105,0.26
186.69,81302,9520,25,504,20,1.15,1,4,616,1.3,55,0.12
187.83,81805,9556,25,503,36,1.15,1,4,616,1.3,30,0.07
189.06,82309,9584,25,504,28,1.23,1,4,616,1.3,10,0.02
190.21,82812,9604,25,503,20,1.15,1,4,616,1.3,0,0
191.27,83313,9624,25,501,20,1.06,1,4,616,1.3,60,0.12
192.44,83813,9656,25,500,32,1.17,1,4,616,1.3,85,0.19
193.59,84317,9716,25,504,60,1.15,1,4,616,1.3,10,0.02
194.7,84819,9736,25,502,20,1.11,1,4,616,1.3,195,0.43
195.75,85322,9772,25,503,36,1.06,1,4,616,1.3,5,0.01
196.88,85826,9812,25,504,40,1.13,1,4,616,1.3,60,0.14
198.04,86328,9860,25,502,48,1.16,1,4,616,1.3,60,0.14
199.31,86832,9884,25,504,24,1.27,1,4,616,1.3,5,0.01
200.57,87333,9900,25,501,16,1.26,1,4,616,1.3,360,0.88
201.69,87833,9940,25,500,40,1.12,1,4,616,1.3,170,0.39
202.79,88336,9964,25,503,24,1.1,1,4,616,1.3,105,0.24
203.92,88839,9996,25,503,32,1.12,1,4,616,1.3,100,0.2
204.99,89341,10024,25,502,28,1.07,1,4,616,1.3,15,0.03
206.17,89841,10052,25,500,28,1.18,1,4,616,1.3,175,0.41
207.22,90342,10068,25,501,16,1.06,1,4,616,1.3,50,0.12
208.29,90843,10104,25,501,36,1.07,1,4,616,1.3,10,0.01
209.46,91347,10128,25,504,24,1.16,1,4,616,1.3,5,0.01
210.65,91851,10160,25,504,32,1.19,1,4,616,1.3,90,0.21
211.89,92352,10192,25,501,32,1.24,1,4,616,1.3,25,0.06
212.96,92853,10212,25,501,20,1.07,1,4,616,1.3,10,0.02
214.07,93353,10236,25,500,24,1.1,1,4,616,1.3,35,0.08
215.29,93856,10288,25,503,52,1.23,1,4,616,1.3,10,0.02
216.46,94360,10328,25,504,40,1.16,1,4,616,1.3,35,0.08
217.65,94861,10376,25,501,48,1.2,1,4,616,1.3,10,0.03
218.86,95365,10420,25,504,44,1.21,1,4,616,1.3,55,0.13
220.07,95865,10452,25,500,32,1.21,1,4,616,1.3,15,0.02
221.27,96366,10492,25,501,40,1.2,1,4,616,1.3,120,0.28
222.54,96867,10508,25,501,16,1.27,1,4,616,1.3,155,0.4
223.68,97369,10532,25,502,24,1.14,1,4,616,1.3,35,0.09
224.95,97872,10564,25,503,32,1.27,1,4,616,1.3,70,0.19
226.25,98372,10596,25,500,32,1.29,1,4,616,1.3,55,0.15
227.32,98876,10620,25,504,24,1.07,1,4,616,1.3,145,0.28
228.5,99380,10652,25,504,32,1.18,1,4,616,1.3,10,0.02
229.73,99884,10672,25,504,20,1.24,1,4,616,1.3,25,0.05
230.91,100384,10704,25,500,32,1.17,1,4,616,1.3,35,0.07
232.06,100885,10736,25,501,32,1.15,1,4,616,1.3,75,0.16
233.21,101385,10784,25,500,48,1.15,1,4,616,1.3,25,0.06
234.45,101887,10816,25,502,32,1.24,1,4,616,1.3,30,0.07
235.58,102391,10828,25,504,12,1.13,1,4,616,1.3,220,0.45
236.84,102893,10852,25,502,24,1.26,1,4,616,1.3,85,0.23
238.04,103394,10896,25,501,44,1.2,1,4,616,1.3,35,0.09
239.25,103896,10924,25,502,28,1.21,1,4,616,1.3,70,0.16
240.54,104396,10964,25,500,40,1.29,1,4,616,1.3,105,0.24
241.65,104899,11016,25,503,52,1.11,1,4,616,1.3,75,0.16
242.96,105402,11048,25,503,32,1.31,1,4,616,1.3,70,0.17
244.16,105902,11080,25,500,32,1.2,1,4,616,1.3,100,0.24
245.34,106405,11096,25,503,16,1.18,1,4,616,1.3,55,0.12
246.47,106908,11124,25,503,28,1.13,1,4,616,1.3,60,0.15
247.68,107412,11148,25,504,24,1.21,1,4,616,1.3,85,0.2
248.9,107916,11176,25,504,28,1.22,1,4,616,1.3,100,0.24
250.08,108418,11196,25,502,20,1.18,1,4,616,1.3,5,0.01
251.38,108920,11220,25,502,24,1.3,1,4,616,1.3,50,0.16
252.47,109424,11240,25,504,20,1.09,1,4,616,1.3,85,0.18
253.72,109924,11284,25,500,44,1.26,1,4,616,1.3,70,0.15
254.83,110424,11300,25,500,16,1.1,1,4,616,1.3,225,0.49
255.99,110928,11316,25,504,16,1.17,1,4,616,1.3,100,0.21
257.1,111431,11340,25,503,24,1.1,1,4,616,1.3,20,0.05
258.26,111931,11372,25,500,32,1.16,1,4,616,1.3,115,0.23
259.45,112433,11404,25,502,32,1.19,1,4,616,1.3,15,0.04
260.64,112934,11416,25,501,12,1.18,1,4,616,1.3,20,0.04
261.75,113436,11452,25,502,36,1.11,1,4,616,1.3,85,0.2
262.87,113937,11484,25,501,32,1.12,1,4,616,1.3,20,0.05
264.01,114437,11516,25,500,32,1.13,1,4,616,1.3,75,0.17
265.2,114939,11564,25,502,48,1.2,1,4,616,1.3,15,0.04
266.47,115441,11612,25,502,48,1.27,1,4,616,1.3,60,0.15
267.69,115943,11640,25,502,28,1.22,1,4,616,1.3,60,0.14
268.97,116446,11648,25,503,8,1.27,1,4,616,1.3,455,1.16
270.14,116947,11700,25,501,52,1.17,1,4,616,1.35,5,0.01
271.37,117448,11732,25,501,32,1.23,1,4,616,1.35,40,0.1
272.47,117950,11772,25,502,40,1.1,1,4,616,1.35,100,0.2
273.66,118451,11792,25,501,20,1.18,1,4,616,1.35,140,0.33
274.8,118951,11844,25,500,52,1.15,1,4,616,1.35,50,0.09
275.95,119451,11888,25,500,44,1.15,1,4,616,1.35,15,0.04
277.12,119955,11916,25,504,28,1.18,1,4,616,1.35,35,0.09
278.3,120459,11956,25,504,40,1.18,1,4,616,1.35,35,0.07
279.52,120961,11972,25,502,16,1.22,1,4,616,1.35,90,0.24
280.67,121463,12008,25,502,36,1.15,1,4,616,1.35,5,0.02
282.03,121967,12024,25,504,16,1.36,1,4,616,1.35,5,0.02
283.21,122469,12032,25,502,8,1.18,1,4,616,1.35,20,0.03
284.45,122970,12088,25,501,56,1.24,1,4,616,1.35,10,0.03
285.67,123472,12104,25,502,16,1.22,1,4,616,1.35,30,0.06
286.86,123973,12140,25,501,36,1.19,1,4,616,1.35,135,0.36
288.08,124473,12164,25,500,24,1.22,1,4,616,1.35,30,0.08
289.24,124975,12172,25,502,8,1.16,1,4,616,1.35,135,0.33
290.41,125478,12204,25,503,32,1.17,1,4,616,1.35,15,0.04
291.67,125980,12236,25,502,32,1.26,1,4,616,1.35,60,0.14
292.91,126483,12284,25,503,48,1.23,1,4,616,1.35,80,0.18
294,126984,12300,25,501,16,1.09,1,4,616,1.35,100,0.21
295.24,127488,12324,25,504,24,1.25,1,4,616,1.35,155,0.4
296.35,127991,12356,25,503,32,1.11,1,4,616,1.35,15,0.03
297.48,128494,12400,25,503,44,1.13,1,4,616,1.35,25,0.06
298.65,128995,12428,25,501,28,1.16,1,4,616,1.35,15,0.04
299.78,129497,12460,25,502,32,1.14,1,4,616,1.35,30,0.06
300.92,130001,12480,25,504,20,1.13,1,4,616,1.35,75,0.19
302.04,130502,12484,25,501,4,1.13,1,4,616,1.35,325,0.74
303.34,131006,12528,25,504,44,1.3,1,4,616,1.35,70,0.19
304.63,131508,12568,25,502,40,1.29,1,4,616,1.35,35,0.08
305.86,132008,12596,25,500,28,1.23,1,4,616,1.35,0,0
307.15,132512,12624,25,504,28,1.29,1,4,616,1.35,25,0.07
308.46,133012,12640,25,500,16,1.31,1,4,616,1.35,30,0.08
309.55,133516,12664,25,504,24,1.09,1,4,616,1.35,5,0.01
310.66,134016,12692,25,500,28,1.11,1,4,616,1.35,45,0.08
311.86,134520,12712,25,504,20,1.2,1,4,616,1.35,35,0.08
313.02,135022,12744,25,502,32,1.16,1,4,616,1.35,100,0.23
314.19,135526,12776,25,504,32,1.17,1,4,616,1.35,220,0.52
315.45,136027,12816,25,501,40,1.26,1,4,616,1.35,30,0.07
316.65,136528,12836,25,501,20,1.2,1,4,616,1.35,110,0.25
317.83,137029,12856,25,501,20,1.17,1,4,616,1.35,170,0.41
318.98,137531,12868,25,502,12,1.15,1,4,616,1.35,195,0.46
320.17,138034,12892,25,503,24,1.2,1,4,616,1.35,85,0.19
321.36,138535,12936,25,501,44,1.19,1,4,616,1.35,10,0.02
322.62,139037,12976,25,502,40,1.26,1,4,616,1.35,240,0.6
323.8,139537,13020,25,500,44,1.18,1,4,616,1.35,5,0.01
325,140041,13052,25,504,32,1.2,1,4,616,1.35,100,0.23
326.24,140544,13096,25,503,44,1.23,1,4,616,1.35,75,0.15
327.36,141045,13132,25,501,36,1.12,1,4,616,1.35,25,0.05
328.47,141549,13164,25,504,32,1.11,1,4,616,1.35,70,0.19
329.72,142051,13184,25,502,20,1.25,1,4,616,1.35,35,0.07
330.85,142554,13208,25,503,24,1.13,1,4,616,1.35,135,0.32
331.98,143058,13216,25,504,8,1.13,1,4,616,1.35,5,0.01
333.13,143560,13228,25,502,12,1.15,1,4,616,1.35,290,0.66
334.29,144064,13256,25,504,28,1.17,1,4,616,1.35,20,0.04
335.51,144567,13284,25,503,28,1.21,1,4,616,1.35,95,0.23
336.65,145067,13324,25,500,40,1.14,1,4,616,1.35,145,0.35
337.79,145571,13352,25,504,28,1.15,1,4,616,1.35,50,0.1
339.02,146075,13376,25,504,24,1.23,1,4,616,1.35,35,0.1
340.25,146577,13420,25,502,44,1.23,1,4,616,1.35,5,0.02
341.5,147077,13448,25,500,28,1.24,1,4,616,1.35,50,0.14
342.73,147580,13460,25,503,12,1.23,1,4,616,1.35,300,0.73
343.91,148083,13492,25,503,32,1.19,1,4,616,1.35,50,0.11
345.13,148587,13528,25,504,36,1.22,1,4,616,1.35,35,0.09
346.16,149091,13556,25,504,28,1.03,1,4,616,1.35,135,0.24
347.28,149592,13592,25,501,36,1.12,1,4,616,1.35,25,0.05
348.43,150095,13616,25,503,24,1.15,1,4,616,1.35,55,0.12
349.71,150595,13664,25,500,48,1.28,1,4,616,1.35,5,0.02
350.87,151096,13688,25,501,24,1.16,1,4,616,1.35,245,0.56
352.03,151599,13712,25,503,24,1.16,1,4,616,1.35,65,0.14
353.14,152100,13760,25,501,48,1.11,1,4,616,1.35,10,0.02
354.26,152601,13812,25,501,52,1.12,1,4,616,1.35,15,0.03
355.47,153104,13844,25,503,32,1.21,1,4,616,1.35,30,0.08
356.65,153606,13868,25,502,24,1.18,1,4,616,1.35,100,0.24
357.85,154106,13904,25,500,36,1.2,1,4,616,1.35,35,0.07
359.03,154610,13936,25,504,32,1.18,1,4,616,1.35,100,0.23
360.21,155110,13972,25,500,36,1.19,1,4,616,1.35,20,0.05
361.33,155611,14008,25,501,36,1.12,1,4,616,1.35,25,0.05
362.62,156114,14028,25,503,20,1.29,1,4,616,1.35,60,0.18
364.13,156618,14056,25,504,28,1.52,1,4,616,1.35,15,0.04
365.51,157118,14092,25,500,36,1.37,1,4,616,1.35,35,0.1
366.75,157619,14120,25,501,28,1.25,1,4,616,1.35,30,0.07
367.98,158123,14144,25,504,24,1.23,1,4,616,1.35,45,0.12
369.21,158625,14184,25,502,40,1.23,1,4,616,1.35,30,0.07
370.46,159125,14216,25,500,32,1.25,1,4,616,1.35,130,0.34
371.68,159628,14244,25,503,28,1.22,1,4,616,1.35,85,0.22
372.97,160132,14268,25,504,24,1.29,1,4,616,1.35,20,0.04
374.3,160633,14324,25,501,56,1.33,1,4,616,1.35,45,0.12
375.59,161134,14352,25,501,28,1.3,1,4,616,1.35,205,0.5
376.73,161638,14376,25,504,24,1.14,1,4,616,1.35,45,0.1
377.86,162139,14396,25,501,20,1.13,1,4,616,1.35,45,0.1
379.03,162640,14424,25,501,28,1.16,1,4,616,1.35,30,0.07
380.37,163144,14460,25,504,36,1.34,1,4,616,1.35,115,0.34
381.56,163645,14464,25,501,4,1.19,1,4,616,1.35,130,0.29
382.64,164149,14520,25,504,56,1.09,1,4,616,1.35,40,0.09
383.87,164650,14556,25,501,36,1.23,1,4,616,1.35,200,0.44
385.02,165154,14568,25,504,12,1.15,1,4,616,1.35,30,0.08
386.23,165658,14584,25,504,16,1.21,1,4,616,1.35,155,0.37
387.47,166162,14612,25,504,28,1.24,1,4,616,1.35,95,0.24
388.71,166666,14640,25,504,28,1.24,1,4,616,1.35,45,0.1
389.91,167170,14672,25,504,32,1.2,1,4,616,1.35,40,0.09
391.01,167673,14696,25,503,24,1.1,1,4,616,1.35,65,0.15
392.23,168173,14716,25,500,20,1.22,1,4,616,1.35,205,0.46
393.48,168674,14764,25,501,48,1.26,1,4,616,1.35,15,0.05
394.64,169174,14788,25,500,24,1.16,1,4,616,1.35,20,0.05
395.88,169678,14812,25,504,24,1.24,1,4,616,1.35,35,0.07
397.05,170182,14840,25,504,28,1.18,1,4,616,1.35,90,0.19
398.28,170684,14872,25,502,32,1.23,1,4,616,1.35,100,0.25
399.62,171185,14908,25,501,36,1.34,1,4,616,1.35,45,0.12
400.76,171688,14920,25,503,12,1.14,1,4,616,1.35,55,0.13
401.96,172188,14948,25,500,28,1.2,1,4,616,1.35,10,0.03
403.03,172690,14964,25,502,16,1.08,1,4,616,1.35,55,0.13
404.23,173192,14984,25,502,20,1.2,1,4,616,1.35,215,0.47
405.43,173696,15000,25,504,16,1.2,1,4,616,1.35,90,0.23
406.68,174198,15036,25,502,36,1.25,1,4,616,1.35,180,0.43
407.81,174698,15052,25,500,16,1.13,1,4,616,1.35,60,0.15
409.16,175201,15084,25,503,32,1.35,1,4,616,1.35,160,0.44
410.52,175702,15116,25,501,32,1.35,1,4,616,1.35,65,0.17
411.96,176202,15144,25,500,28,1.45,1,4,616,1.35,35,0.1
413.48,176703,15180,25,501,36,1.52,1,4,616,1.35,15,0.05
414.78,177203,15208,25,500,28,1.3,1,4,616,1.35,40,0.12
415.96,177705,15240,25,502,32,1.18,1,4,616,1.35,5,0.01
417.3,178208,15252,25,503,12,1.34,1,4,616,1.35,390,1.07
418.65,178708,15276,25,500,24,1.35,1,4,616,1.35,195,0.53
419.8,179209,15296,25,501,20,1.16,1,4,616,1.35,160,0.33
420.91,179712,15320,25,503,24,1.11,1,4,616,1.35,60,0.13
422.16,180213,15368,25,501,48,1.25,1,4,616,1.35,65,0.14
423.36,180714,15388,25,501,20,1.2,1,4,616,1.35,105,0.23
424.53,181216,15444,25,502,56,1.17,1,4,616,1.35,25,0.06
425.79,181718,15452,25,502,8,1.26,1,4,616,1.35,15,0.04
426.99,182219,15500,25,501,48,1.2,1,4,616,1.35,20,0.05
428.17,182719,15540,25,500,40,1.18,1,4,616,1.35,10,0.03
429.33,183221,15572,25,502,32,1.16,1,4,616,1.35,10,0.02
430.52,183723,15604,25,502,32,1.19,1,4,616,1.35,40,0.08
431.73,184223,15616,25,500,12,1.21,1,4,616,1.35,175,0.42
432.91,184727,15640,25,504,24,1.19,1,4,616,1.35,45,0.11
434.08,185231,15656,25,504,16,1.16,1,4,616,1.35,110,0.25
435.32,185734,15676,25,503,20,1.24,1,4,616,1.35,30,0.08
436.58,186237,15704,25,503,28,1.26,1,4,616,1.35,25,0.05
437.91,186741,15748,25,504,44,1.33,1,4,616,1.35,70,0.16
439.04,187241,15792,25,500,44,1.13,1,4,616,1.35,0,0
440.25,187743,15816,25,502,24,1.21,1,4,616,1.35,155,0.38
441.45,188246,15824,25,503,8,1.2,1,4,616,1.35,40,0.09
442.51,188749,15840,25,503,16,1.05,1,4,616,1.35,15,0.03
443.78,189252,15864,25,503,24,1.27,1,4,616,1.35,65,0.21
444.92,189752,15896,25,500,32,1.14,1,4,616,1.35,45,0.1
446.13,190253,15920,25,501,24,1.2,1,4,616,1.35,55,0.13
447.33,190753,15940,25,500,20,1.2,1,4,616,1.35,120,0.3
448.62,191253,15976,25,500,36,1.29,1,4,616,1.35,20,0.04
449.83,191757,16016,25,504,40,1.22,1,4,616,1.35,40,0.09
451.07,192261,16048,25,504,32,1.23,1,4,616,1.35,50,0.12
452.2,192761,16080,25,500,32,1.13,1,4,616,1.35,5,0.01
453.38,193261,16116,25,500,36,1.18,1,4,616,1.35,30,0.08
454.72,193762,16164,25,501,48,1.34,1,4,616,1.35,10,0.05
456.29,194266,16176,25,504,12,1.56,1,4,616,1.35,100,0.23
457.54,194769,16216,25,503,40,1.25,1,4,616,1.35,45,0.1
458.81,195273,16252,25,504,36,1.27,1,4,616,1.35,10,0.03
460.02,195776,16276,25,503,24,1.21,1,4,616,1.35,30,0.08
461.19,196280,16296,25,504,20,1.17,1,4,616,1.35,40,0.08
462.41,196784,16324,25,504,28,1.22,1,4,616,1.35,40,0.09
463.65,197284,16348,25,500,24,1.24,1,4,616,1.35,15,0.04
464.89,197785,16364,25,501,16,1.24,1,4,616,1.35,70,0.16
466.06,198286,16384,25,501,20,1.17,1,4,616,1.35,50,0.12
467.27,198790,16400,25,504,16,1.21,1,4,616,1.35,70,0.18
468.57,199291,16428,25,501,28,1.3,1,4,616,1.35,10,0.03
469.8,199795,16480,25,504,52,1.23,1,4,616,1.35,30,0.09
471.09,200299,16508,25,504,28,1.29,1,4,616,1.35,95,0.25
472.27,200800,16536,25,501,28,1.18,1,4,616,1.35,5,0.01
473.55,201303,16564,25,503,28,1.28,1,4,616,1.35,90,0.23
474.77,201807,16584,25,504,20,1.22,1,4,616,1.35,115,0.25
475.91,202308,16600,25,501,16,1.14,1,4,616,1.35,235,0.57
477.25,202812,16632,25,504,32,1.35,1,4,616,1.35,85,0.24
478.51,203313,16656,25,501,24,1.25,1,4,616,1.35,200,0.52
479.72,203813,16676,25,500,20,1.21,1,4,616,1.35,245,0.57
480.99,204316,16712,25,503,36,1.27,1,4,616,1.35,10,0.03
482.36,204818,16736,25,502,24,1.36,1,4,616,1.35,175,0.48
483.66,205318,16748,25,500,12,1.31,1,4,616,1.35,100,0.23
484.98,205822,16776,25,504,28,1.32,1,4,616,1.35,75,0.21
486.16,206323,16792,25,501,16,1.18,1,4,616,1.35,245,0.54
487.34,206823,16808,25,500,16,1.18,1,4,616,1.35,55,0.15
488.55,207327,16848,25,504,40,1.2,1,4,616,1.35,10,0.02
489.64,207831,16880,25,504,32,1.09,1,4,616,1.35,115,0.24
490.9,208333,16908,25,502,28,1.26,1,4,616,1.35,150,0.34
492.09,208833,16928,25,500,20,1.19,1,4,616,1.35,50,0.12
493.21,209334,16964,25,501,36,1.13,1,4,616,1.35,60,0.12
494.32,209834,17004,25,500,40,1.11,1,4,616,1.35,45,0.09
495.55,210338,17028,25,504,24,1.23,1,4,616,1.35,10,0.03
496.7,210838,17056,25,500,28,1.15,1,4,616,1.35,80,0.19
497.92,211339,17084,25,501,28,1.22,1,4,616,1.35,0,0
499.18,211843,17108,25,504,24,1.26,1,4,616,1.35,155,0.41
500.43,212345,17164,25,502,56,1.26,1,4,616,1.35,25,0.06
501.49,212846,17180,25,501,16,1.05,1,4,616,1.35,35,0.07
502.68,213346,17196,25,500,16,1.19,1,4,616,1.35,260,0.67
503.89,213846,17212,25,500,16,1.21,1,4,616,1.35,160,0.37
505.1,214348,17248,25,502,36,1.21,1,4,616,1.35,35,0.09
506.32,214848,17272,25,500,24,1.22,1,4,616,1.35,5,0
507.79,215348,17304,25,500,32,1.47,1,4,616,1.35,5,0.02
509.26,215852,17352,25,504,48,1.47,1,4,616,1.35,80,0.28
510.54,216352,17380,25,500,28,1.28,1,4,616,1.35,30,0.07
511.6,216853,17396,25,501,16,1.06,1,4,616,1.35,50,0.1
512.62,217355,17420,25,502,24,1.03,1,4,616,1.35,75,0.16
513.76,217859,17440,25,504,20,1.14,1,4,616,1.35,95,0.21
514.9,218363,17472,25,504,32,1.14,1,4,616,1.35,155,0.28
516.03,218865,17504,25,502,32,1.13,1,4,616,1.35,120,0.26
517.15,219369,17520,25,504,16,1.12,1,4,616,1.35,210,0.47
518.35,219872,17552,25,503,32,1.2,1,4,616,1.35,5,0.02
519.62,220376,17584,25,504,32,1.27,1,4,616,1.35,10,0.02
520.85,220877,17608,25,501,24,1.23,1,4,616,1.35,195,0.51
522.12,221378,17632,25,501,24,1.27,1,4,616,1.35,85,0.22
523.34,221878,17668,25,500,36,1.22,1,4,616,1.35,10,0.03
524.63,222379,17692,25,501,24,1.29,1,4,616,1.35,25,0.06
525.88,222880,17748,25,501,56,1.25,1,4,616,1.35,35,0.08
527,223383,17780,25,503,32,1.12,1,4,616,1.35,60,0.13
528.17,223884,17812,25,501,32,1.17,1,4,616,1.35,25,0.07
529.56,224384,17844,25,500,32,1.39,1,4,616,1.35,40,0.13
530.85,224887,17884,25,503,40,1.29,1,4,616,1.35,10,0.02
532.02,225388,17904,25,501,20,1.16,1,4,616,1.35,35,0.09
533.25,225888,17924,25,500,20,1.23,1,4,616,1.35,15,0.04
534.42,226388,17960,25,500,36,1.17,1,4,616,1.35,85,0.19
535.7,226890,17980,25,502,20,1.28,1,4,616,1.35,5,0.01
536.84,227393,18000,25,503,20,1.14,1,4,616,1.35,90,0.22
538,227896,18036,25,503,36,1.15,1,4,616,1.35,80,0.18
539.2,228399,18064,25,503,28,1.2,1,4,616,1.35,60,0.12
540.31,228899,18092,25,500,28,1.1,1,4,616,1.35,15,0.05
541.54,229400,18124,25,501,32,1.23,1,4,616,1.35,135,0.34
542.7,229901,18160,25,501,36,1.16,1,4,616,1.35,30,0.07
543.81,230403,18188,25,502,28,1.11,1,4,616,1.35,135,0.3
545.02,230904,18216,25,501,28,1.22,1,4,616,1.35,140,0.35
546.24,231404,18240,25,500,24,1.21,1,4,616,1.35,105,0.26
547.49,231908,18276,25,504,36,1.25,1,4,616,1.35,120,0.3
548.7,232409,18316,25,501,40,1.21,1,4,616,1.35,60,0.15
549.99,232911,18344,25,502,28,1.3,1,4,616,1.35,40,0.11
551.17,233411,18392,25,500,48,1.18,1,4,616,1.35,5,0.01
552.29,233912,18420,25,501,28,1.11,1,4,616,1.35,90,0.2
553.41,234416,18444,25,504,24,1.12,1,4,616,1.35,20,0.05
554.67,234917,18468,25,501,24,1.26,1,4,616,1.35,50,0.13
555.84,235419,18488,25,502,20,1.17,1,4,616,1.35,10,0.01
557.01,235922,18528,25,503,40,1.18,1,4,616,1.35,10,0.04
558.18,236423,18560,25,501,32,1.17,1,4,616,1.35,205,0.43
559.42,236923,18588,25,500,28,1.24,1,4,616,1.35,120,0.32
560.61,237424,18632,25,501,44,1.19,1,4,616,1.35,10,0.02
561.78,237926,18664,25,502,32,1.18,1,4,616,1.35,220,0.53
562.96,238429,18688,25,503,24,1.17,1,4,616,1.35,35,0.09
564.16,238931,18712,25,502,24,1.2,1,4,616,1.35,25,0.07
565.35,239435,18724,25,504,12,1.19,1,4,616,1.35,15,0.05
566.46,239935,18756,25,500,32,1.12,1,4,616,1.35,120,0.29
567.72,240436,18800,25,501,44,1.26,1,4,616,1.35,30,0.08
568.84,240938,18824,25,502,24,1.13,1,4,616,1.35,35,0.07
569.96,241438,18856,25,500,32,1.12,1,4,616,1.35,120,0.27
571.09,241942,18880,25,504,24,1.13,1,4,616,1.35,30,0.07
572.44,242446,18896,25,504,16,1.34,1,4,616,1.35,10,0.02
573.64,242946,18912,25,500,16,1.2,1,4,616,1.35,60,0.13
574.84,243448,18920,25,502,8,1.2,1,4,616,1.35,305,0.77
576.03,243948,18948,25,500,28,1.19,1,4,616,1.35,55,0.11
577.17,244450,18976,25,502,28,1.14,1,4,616,1.35,25,0.06
578.59,244954,19012,25,504,36,1.42,1,4,616,1.35,55,0.34
579.84,245455,19040,25,501,28,1.25,1,4,616,1.35,20,0.06
581.12,245959,19056,25,504,16,1.28,1,4,616,1.35,60,0.15
582.41,246461,19096,25,502,40,1.29,1,4,616,1.35,30,0.08
583.75,246962,19124,25,501,28,1.34,1,4,616,1.35,10,0.02
585.18,247466,19176,25,504,52,1.43,1,4,616,1.35,10,0.02
586.36,247967,19200,25,501,24,1.18,1,4,616,1.35,25,0.05
587.51,248471,19220,25,504,20,1.15,1,4,616,1.35,140,0.3
588.81,248973,19256,25,502,36,1.3,1,4,616,1.35,0,0
589.96,249475,19288,25,502,32,1.15,1,4,616,1.35,80,0.17
591.15,249977,19312,25,502,24,1.19,1,4,616,1.35,105,0.25
592.43,250479,19348,25,502,36,1.28,1,4,616,1.35,35,0.1
593.55,250983,19380,25,504,32,1.13,1,4,616,1.35,10,0.02
594.76,251486,19400,25,503,20,1.2,1,4,616,1.35,30,0.08
595.96,251988,19428,25,502,28,1.2,1,4,616,1.35,230,0.5
597.06,252489,19444,25,501,16,1.1,1,4,616,1.35,0,0
598.17,252993,19472,25,504,28,1.11,1,4,616,1.35,5,0
599.32,253496,19512,25,503,40,1.14,1,4,616,1.35,70,0.15
600.49,253997,19544,25,501,32,1.17,1,4,616,1.35,85,0.19
601.71,254498,19576,25,501,32,1.22,1,4,616,1.35,60,0.15
602.91,255001,19600,25,503,24,1.19,1,4,616,1.35,70,0.16
604.11,255505,19624,25,504,24,1.2,1,4,616,1.35,75,0.17
605.27,256007,19672,25,502,48,1.16,1,4,616,1.35,55,0.14
606.44,256507,19700,25,500,28,1.17,1,4,616,1.35,40,0.11
607.7,257010,19724,25,503,24,1.26,1,4,616,1.35,185,0.48
608.82,257510,19756,25,500,32,1.12,1,4,616,1.35,175,0.42
609.95,258011,19796,25,501,40,1.13,1,4,616,1.35,50,0.1
611.28,258514,19824,25,503,28,1.33,1,4,616,1.35,60,0.16
612.52,259015,19860,25,501,36,1.25,1,4,616,1.35,15,0.03
613.74,259517,19888,25,502,28,1.21,1,4,616,1.35,10,0.03
615,260017,19948,25,500,60,1.26,1,4,616,1.35,0,0
616.23,260521,19988,25,504,40,1.23,1,4,616,1.35,15,0.05
617.46,261021,20004,25,500,16,1.23,1,4,616,1.35,180,0.41
618.61,261522,20044,25,501,40,1.14,1,4,616,1.35,5,0.01
619.71,262022,20084,25,500,40,1.1,1,4,616,1.35,15,0.03
620.78,262522,20104,25,500,20,1.07,1,4,616,1.35,150,0.3
621.89,263024,20136,25,502,32,1.12,1,4,616,1.35,5,0.01
623.08,263526,20156,25,502,20,1.19,1,4,616,1.35,50,0.14
624.24,264028,20176,25,502,20,1.17,1,4,616,1.35,40,0.08
625.33,264531,20188,25,503,12,1.08,1,4,616,1.35,190,0.4
626.6,265034,20208,25,503,20,1.27,1,4,616,1.35,120,0.36
627.83,265534,20240,25,500,32,1.23,1,4,616,1.35,130,0.3
629.21,266037,20268,25,503,28,1.38,1,4,616,1.35,15,0.05
630.41,266537,20284,25,500,16,1.2,1,4,616,1.35,35,0.11
631.68,267040,20304,25,503,20,1.28,1,4,616,1.35,20,0.05
633,267544,20328,25,504,24,1.32,1,4,616,1.35,130,0.31
634.17,268047,20356,25,503,28,1.17,1,4,616,1.35,55,0.13
635.46,268551,20380,25,504,24,1.29,1,4,616,1.35,85,0.22
636.64,269055,20404,25,504,24,1.18,1,4,616,1.35,15,0.04
637.8,269557,20440,25,502,36,1.16,1,4,616,1.35,10,0.02
639.05,270060,20468,25,503,28,1.25,2,8,616,1.35,110,0.26
640.25,270560,20504,25,500,36,1.2,1,4,616,1.35,5,0.01
641.44,271063,20524,25,503,20,1.2,1,4,616,1.35,70,0.17
642.7,271566,20552,25,503,28,1.26,1,4,616,1.35,105,0.27
643.9,272067,20556,25,501,4,1.19,1,4,616,1.35,250,0.55
645.13,272571,20600,25,504,44,1.23,1,4,616,1.35,60,0.15
646.37,273073,20628,25,502,28,1.24,1,4,616,1.35,40,0.1
647.63,273575,20668,25,502,40,1.26,1,4,616,1.35,5,0.01
648.96,274076,20700,25,501,32,1.33,1,4,616,1.35,35,0.11
650.4,274579,20740,25,503,40,1.44,1,4,616,1.35,15,0.05
651.81,275081,20748,25,502,8,1.41,1,4,616,1.35,135,0.4
652.97,275581,20764,25,500,16,1.16,1,4,616,1.35,60,0.14
654.15,276082,20800,25,501,36,1.18,1,4,616,1.35,65,0.16
655.37,276584,20828,25,502,28,1.22,1,4,616,1.35,10,0.02
656.66,277085,20864,25,501,36,1.29,1,4,616,1.35,110,0.29
658.08,277588,20904,25,503,40,1.42,1,4,616,1.35,20,0.05
659.45,278092,20944,25,504,40,1.37,1,4,616,1.35,60,0.17
660.75,278596,20976,25,504,32,1.3,1,4,616,1.35,5,0.02
662.22,279098,21008,25,502,32,1.47,1,4,616,1.35,5,0.01
663.84,279600,21036,25,502,28,1.63,1,4,616,1.35,110,0.32
665.27,280100,21056,25,500,20,1.43,1,4,616,1.35,80,0.23
666.58,280603,21076,25,503,20,1.3,1,4,616,1.35,325,0.81
668.1,281103,21096,25,500,20,1.52,1,4,616,1.35,115,0.34
669.37,281605,21120,25,502,24,1.27,1,4,616,1.35,115,0.31
670.62,282106,21140,25,501,20,1.25,1,4,616,1.35,110,0.28
671.82,282607,21168,25,501,28,1.2,1,4,616,1.35,25,0.06
673.25,283109,21220,25,502,52,1.42,1,4,616,1.35,15,0.05
674.43,283610,21240,25,501,20,1.19,1,4,616,1.35,250,0.55
675.61,284110,21272,25,500,32,1.17,1,4,616,1.35,60,0.16
676.86,284613,21292,25,503,20,1.25,1,4,616,1.35,150,0.35
678.18,285115,21336,25,502,44,1.32,1,4,616,1.35,25,0.07
679.58,285619,21356,25,504,20,1.41,1,4,616,1.35,210,0.62
680.87,286121,21376,25,502,20,1.29,1,4,616,1.35,100,0.26
682.19,286625,21408,25,504,32,1.32,1,4,616,1.35,190,0.47
683.62,287127,21448,25,502,40,1.42,1,4,616,1.35,120,0.39
685.04,287629,21460,25,502,12,1.42,1,4,616,1.35,105,0.29
686.27,288133,21492,25,504,32,1.23,1,4,616,1.35,110,0.26
687.54,288635,21512,25,502,20,1.27,1,4,616,1.35,175,0.4
688.78,289136,21532,25,501,20,1.25,1,4,616,1.35,135,0.34
689.96,289636,21552,25,500,20,1.17,1,4,616,1.35,85,0.18
691.22,290139,21564,25,503,12,1.27,1,4,616,1.35,20,0.05
692.54,290642,21592,25,503,28,1.32,1,4,616,1.35,225,0.6
693.87,291142,21616,25,500,24,1.33,1,4,616,1.35,5,0.01
695.04,291642,21640,25,500,24,1.17,1,4,616,1.35,145,0.33
696.23,292146,21684,25,504,44,1.19,1,4,616,1.35,140,0.33
697.5,292650,21724,25,504,40,1.26,1,4,616,1.35,20,0.05
698.77,293152,21756,25,502,32,1.27,1,4,616,1.35,15,0.04
700.13,293652,21800,25,500,44,1.36,1,4,616,1.35,20,0.06
701.59,294152,21816,25,500,16,1.46,1,4,616,1.35,185,0.58
703.09,294655,21844,25,503,28,1.49,1,4,616,1.35,90,0.27
704.46,295158,21868,25,503,24,1.37,1,4,616,1.35,160,0.43
705.82,295658,21896,25,500,28,1.36,1,4,616,1.35,125,0.33
707.18,296162,21912,25,504,16,1.36,1,4,616,1.35,40,0.11
708.42,296665,21956,25,503,44,1.24,1,4,616,1.35,30,0.08
709.81,297167,21984,25,502,28,1.39,1,4,616,1.35,70,0.16
711.09,297669,22008,25,502,24,1.28,1,4,616,1.35,105,0.22
712.35,298173,22016,25,504,8,1.26,1,4,616,1.35,300,0.76
713.61,298676,22060,25,503,44,1.27,1,4,616,1.35,90,0.2
714.85,299180,22092,25,504,32,1.24,1,4,616,1.35,80,0.17
716.14,299683,22112,25,503,20,1.29,1,4,616,1.35,20,0.04
717.38,300183,22152,25,500,40,1.24,1,4,616,1.35,115,0.28
718.64,300685,22168,25,502,16,1.26,1,4,616,1.35,80,0.21
719.99,301188,22200,25,503,32,1.34,1,4,616,1.35,150,0.38
721.23,301689,22224,25,501,24,1.25,1,4,616,1.35,45,0.11
722.59,302192,22256,25,503,32,1.35,1,4,616,1.35,80,0.22
723.95,302692,22300,25,500,44,1.37,1,4,616,1.35,95,0.25
725.26,303193,22336,25,501,36,1.31,1,4,616,1.35,10,0.03
726.56,303694,22356,25,501,20,1.3,1,4,616,1.35,30,0.08
727.95,304195,22392,25,501,36,1.39,1,4,616,1.35,50,0.12
729.33,304696,22412,25,501,20,1.39,1,4,616,1.35,45,0.11
730.66,305197,22452,25,501,40,1.33,1,4,616,1.35,5,0.01
732.06,305701,22468,25,504,16,1.4,1,4,616,1.35,65,0.2
733.3,306201,22488,25,500,20,1.25,1,4,616,1.35,70,0.17
734.7,306702,22528,25,501,40,1.4,1,4,616,1.35,85,0.27
735.89,307206,22560,25,504,32,1.18,1,4,616,1.35,50,0.11
737.19,307707,22584,25,501,24,1.3,1,4,616,1.35,15,0.04
738.57,308210,22636,25,503,52,1.39,1,4,616,1.35,10,0.02
739.93,308714,22656,25,504,20,1.35,1,4,616,1.35,100,0.28
741.35,309217,22672,25,503,16,1.42,1,4,616,1.35,85,0.3
742.62,309720,22708,25,503,36,1.27,1,4,616,1.35,60,0.14
743.84,310220,22728,25,500,20,1.22,1,4,616,1.35,85,0.21
745.09,310721,22756,25,501,28,1.25,1,4,616,1.35,55,0.12
746.25,311222,22792,25,501,36,1.16,1,4,616,1.35,60,0.14
747.46,311726,22820,25,504,28,1.2,1,4,616,1.35,65,0.17
748.7,312227,22864,25,501,44,1.24,1,4,616,1.35,70,0.17
749.75,312727,22864,25,500,0,1.04,0,0,616,1.35,570,1.21
750.93,313228,22896,25,501,32,1.19,1,4,653,1.43,5,0.01
752.18,313731,22908,25,503,12,1.25,1,4,653,1.43,50,0.14
753.37,314234,22944,25,503,36,1.19,1,4,653,1.43,40,0.09
754.58,314738,22964,25,504,20,1.21,1,4,653,1.43,160,0.38
755.85,315241,22984,25,503,20,1.27,1,4,653,1.43,20,0.04
757.05,315744,23020,25,503,36,1.2,1,4,653,1.43,25,0.07
758.39,316248,23056,25,504,36,1.34,1,4,653,1.43,145,0.38
759.66,316748,23072,25,500,16,1.26,1,4,653,1.43,0,0
760.97,317248,23116,25,500,44,1.32,1,4,653,1.43,20,0.05
762.21,317752,23152,25,504,36,1.24,1,4,653,1.43,25,0.06
763.44,318255,23176,25,503,24,1.23,1,4,653,1.43,110,0.25
764.7,318757,23216,25,502,40,1.26,1,4,653,1.43,45,0.12
765.81,319258,23252,25,501,36,1.11,1,4,653,1.43,10,0.02
767,319762,23280,25,504,28,1.19,1,4,653,1.43,50,0.11
768.13,320263,23320,25,501,40,1.13,1,4,653,1.43,20,0.05
769.54,320767,23364,25,504,44,1.41,1,4,653,1.43,25,0.07
770.77,321270,23384,25,503,20,1.22,1,4,653,1.43,30,0.08
772.02,321770,23440,25,500,56,1.26,1,4,653,1.43,15,0.04
773.32,322270,23480,25,500,40,1.3,1,4,653,1.43,80,0.21
774.62,322771,23500,25,501,20,1.29,1,4,653,1.43,190,0.49
775.89,323273,23532,25,502,32,1.28,1,4,653,1.43,5,0.01
777.05,323774,23548,25,501,16,1.16,1,4,653,1.43,155,0.34
778.29,324275,23596,25,501,48,1.23,1,4,653,1.43,75,0.2
779.56,324775,23636,25,500,40,1.27,1,4,653,1.43,0,0
780.73,325276,23672,25,501,36,1.17,1,4,653,1.43,65,0.16
781.96,325778,23716,25,502,44,1.23,1,4,653,1.43,80,0.19
783.1,326278,23740,25,500,24,1.13,1,4,653,1.43,230,0.49
784.27,326782,23756,25,504,16,1.17,1,4,653,1.43,35,0.09
785.5,327286,23772,25,504,16,1.23,1,4,653,1.43,125,0.34
786.72,327786,23792,25,500,20,1.22,1,4,653,1.43,10,0.02
787.91,328290,23812,25,504,20,1.2,1,4,653,1.43,150,0.35
789.08,328793,23856,25,503,44,1.17,1,4,653,1.43,20,0.05
790.25,329297,23884,25,504,28,1.17,1,4,653,1.43,240,0.58
791.41,329798,23900,25,501,16,1.16,1,4,653,1.43,25,0.06
792.58,330299,23916,25,501,16,1.17,1,4,653,1.43,70,0.16
793.78,330799,23940,25,500,24,1.2,1,4,653,1.43,15,0.04
794.96,331303,23956,25,504,16,1.18,1,4,653,1.43,20,0.04
796.12,331807,23996,25,504,40,1.15,1,4,653,1.43,30,0.08
797.44,332307,24036,25,500,40,1.32,1,4,653,1.43,40,0.12
798.61,332807,24060,25,500,24,1.17,1,4,653,1.43,25,0.06
799.87,333308,24100,25,501,40,1.25,1,4,653,1.43,30,0.08
801.14,333808,24148,25,500,48,1.28,1,4,653,1.43,20,0.05
802.3,334308,24184,25,500,36,1.16,1,4,653,1.43,5,0.02
803.46,334811,24196,25,503,12,1.16,1,4,653,1.43,375,0.88
804.66,335313,24232,25,502,36,1.2,1,4,653,1.43,30,0.08
805.83,335814,24252,25,501,20,1.17,1,4,653,1.43,5,0.01
807.01,336315,24284,25,501,32,1.18,1,4,653,1.43,5,0.01
808.22,336819,24316,25,504,32,1.21,1,4,653,1.43,30,0.09
809.5,337321,24336,25,502,20,1.28,1,4,653,1.43,200,0.49
810.65,337825,24380,25,504,44,1.15,1,4,653,1.43,50,0.11
811.92,338328,24424,25,503,44,1.27,1,4,653,1.43,5,0.01
813.23,338831,24440,25,503,16,1.31,1,4,653,1.43,270,0.71
814.47,339331,24460,25,500,20,1.24,1,4,653,1.43,195,0.47
815.73,339832,24480,25,501,20,1.26,1,4,653,1.43,60,0.18
817.13,340336,24520,25,504,40,1.4,1,4,653,1.43,15,0.04
818.5,340839,24544,25,503,24,1.38,1,4,653,1.43,120,0.33
819.91,341340,24584,25,501,40,1.41,1,4,653,1.43,5,0.02
821.4,341844,24628,25,504,44,1.5,1,4,653,1.43,35,0.12
822.74,342348,24648,25,504,20,1.34,1,4,653,1.43,190,0.57
824.24,342851,24688,25,503,40,1.5,1,4,653,1.43,125,0.32
825.59,343352,24724,25,501,36,1.34,1,4,653,1.43,25,0.07
827.11,343853,24740,25,501,16,1.52,1,4,653,1.43,25,0.07
828.54,344353,24760,25,500,20,1.43,1,4,653,1.43,25,0.07
829.96,344854,24780,25,501,20,1.43,1,4,653,1.43,35,0.09
831.25,345358,24812,25,504,32,1.28,1,4,653,1.43,90,0.25
832.63,345858,24852,25,500,40,1.38,1,4,653,1.43,5,0.01
833.96,346362,24888,25,504,36,1.33,1,4,653,1.43,110,0.3
835.41,346865,24940,25,503,52,1.45,1,4,653,1.43,75,0.23
836.68,347367,24964,25,502,24,1.27,1,4,653,1.43,75,0.17
837.88,347871,24980,25,504,16,1.21,1,4,653,1.43,70,0.19
839.16,348372,25020,25,501,40,1.28,1,4,653,1.43,140,0.31
840.67,348873,25040,25,501,20,1.51,1,4,653,1.43,290,0.93
842.05,349373,25060,25,500,20,1.38,1,4,653,1.43,140,0.39
843.24,349873,25088,25,500,28,1.19,1,4,653,1.43,30,0.06
844.52,350373,25108,25,500,20,1.29,1,4,653,1.43,5,0.02
845.94,350877,25168,25,504,60,1.41,1,4,653,1.43,35,0.12
847.16,351377,25196,25,500,28,1.22,1,4,653,1.43,15,0.03
848.44,351877,25228,25,500,32,1.29,1,4,653,1.43,10,0.02
849.68,352378,25248,25,501,20,1.24,1,4,653,1.43,80,0.19
850.86,352882,25296,25,504,48,1.17,1,4,653,1.43,35,0.09
852.03,353382,25316,25,500,20,1.17,1,4,653,1.43,20,0.04
853.23,353883,25320,25,501,4,1.2,1,4,653,1.43,100,0.23
854.41,354383,25348,25,500,28,1.18,1,4,653,1.43,30,0.06
855.66,354883,25380,25,500,32,1.25,1,4,653,1.43,20,0.06
856.95,355387,25392,25,504,12,1.3,1,4,653,1.43,45,0.12
858.52,355891,25428,25,504,36,1.57,1,4,653,1.43,175,0.58
859.85,356391,25468,25,500,40,1.32,1,4,653,1.43,30,0.07
861.11,356891,25508,25,500,40,1.26,1,4,653,1.43,45,0.12
862.37,357393,25552,25,502,44,1.25,1,4,653,1.43,50,0.12
863.95,357897,25588,25,504,36,1.58,1,4,653,1.43,120,0.39
865.41,358397,25624,25,500,36,1.47,1,4,653,1.43,25,0.07
866.71,358898,25656,25,501,32,1.29,1,4,653,1.43,30,0.08
867.85,359400,25676,25,502,20,1.14,1,4,653,1.43,135,0.28
868.9,359903,25708,25,503,32,1.05,1,4,653,1.43,10,0.02
870.11,360406,25740,25,503,32,1.21,1,4,653,1.43,15,0.03
871.38,360906,25768,25,500,28,1.27,1,4,653,1.43,25,0.07
872.52,361410,25812,25,504,44,1.14,1,4,653,1.43,5,0.01
873.8,361911,25836,25,501,24,1.28,1,4,653,1.43,15,0.05
874.99,362411,25884,25,500,48,1.19,1,4,653,1.43,50,0.14
876.3,362911,25900,25,500,16,1.31,1,4,653,1.43,80,0.19
877.56,363414,25928,25,503,28,1.26,1,4,653,1.43,25,0.06
878.87,363916,25956,25,502,28,1.31,1,4,653,1.43,5,0.02
880,364418,25964,25,502,8,1.13,1,4,653,1.43,335,0.74
881.12,364921,25984,25,503,20,1.12,1,4,653,1.43,15,0.04
882.41,365425,26024,25,504,40,1.29,1,4,653,1.43,10,0.02
883.67,365928,26080,25,503,56,1.26,1,4,653,1.43,10,0.02
884.97,366432,26120,25,504,40,1.3,1,4,653,1.43,25,0.06
886.17,366935,26140,25,503,20,1.2,1,4,653,1.43,15,0.03
887.45,367435,26164,25,500,24,1.28,1,4,653,1.43,0,0
888.8,367937,26208,25,502,44,1.36,1,4,653,1.43,50,0.12
890.09,368437,26248,25,500,40,1.29,1,4,653,1.43,65,0.15
891.37,368938,26276,25,501,28,1.28,1,4,653,1.43,125,0.29
892.6,369442,26288,25,504,12,1.24,1,4,653,1.43,40,0.09
895.43,369945,26332,25,503,44,2.83,1,4,653,1.87,40,0.1
896.64,370447,26348,25,502,16,1.2,1,4,653,1.87,100,0.25
897.97,370949,26384,25,502,36,1.33,1,4,653,1.87,35,0.08
899.12,371449,26404,25,500,20,1.15,1,4,653,1.87,35,0.08
900.33,371952,26432,25,503,28,1.21,1,4,653,1.87,140,0.34
901.55,372452,26468,25,500,36,1.22,1,4,653,1.87,30,0.04
902.85,372954,26484,25,502,16,1.31,1,4,653,1.87,40,0.12
904.12,373457,26492,25,503,8,1.27,1,4,653,1.87,100,0.24
905.3,373959,26524,25,502,32,1.18,1,4,653,1.87,30,0.06
906.64,374460,26544,25,501,20,1.33,1,4,653,1.87,140,0.34
907.91,374962,26572,25,502,28,1.27,1,4,653,1.87,40,0.09
909.14,375466,26584,25,504,12,1.23,1,4,653,1.87,420,1.02
910.36,375969,26608,25,503,24,1.22,1,4,653,1.87,100,0.25
911.6,376472,26640,25,503,32,1.24,1,4,653,1.87,10,0.02
912.78,376972,26660,25,500,20,1.18,1,4,653,1.87,70,0.19
914.03,377472,26680,25,500,20,1.25,1,4,653,1.87,60,0.15
915.26,377973,26696,25,501,16,1.23,1,4,653,1.87,25,0.06
916.46,378477,26720,25,504,24,1.2,1,4,653,1.87,105,0.3
917.64,378977,26732,25,500,12,1.17,1,4,653,1.87,40,0.1
919.07,379480,26768,25,503,36,1.43,1,4,653,1.87,30,0.06
920.27,379983,26804,25,503,36,1.2,1,4,653,1.87,65,0.13
921.53,380487,26828,25,504,24,1.27,1,4,653,1.87,80,0.18
922.7,380989,26844,25,502,16,1.16,1,4,653,1.87,240,0.52
924.02,381490,26868,25,501,24,1.32,1,4,653,1.87,110,0.24
925.28,381992,26900,25,502,32,1.26,1,4,653,1.87,40,0.1
926.61,382495,26936,25,503,36,1.33,1,4,653,1.87,100,0.25
927.84,382998,26972,25,503,36,1.24,1,4,653,1.87,40,0.11
929.2,383502,26984,25,504,12,1.35,1,4,653,1.87,135,0.33
930.42,384006,27004,25,504,20,1.22,1,4,653,1.87,35,0.07
931.61,384509,27028,25,503,24,1.19,1,4,653,1.87,5,0.02
932.84,385013,27068,25,504,40,1.23,1,4,653,1.87,85,0.22
934.21,385516,27080,25,503,12,1.36,1,4,653,1.87,315,0.85
935.54,386016,27104,25,500,24,1.34,1,4,653,1.87,25,0.08
936.82,386516,27120,25,500,16,1.28,1,4,653,1.87,65,0.17
938.05,387018,27148,25,502,28,1.23,1,4,653,1.87,65,0.14
939.22,387521,27184,25,503,36,1.17,1,4,653,1.87,20,0.05
940.42,388021,27224,25,500,40,1.2,1,4,653,1.87,0,0
941.64,388523,27248,25,502,24,1.22,1,4,653,1.87,10,0.02
942.97,389025,27288,25,502,40,1.33,1,4,653,1.87,15,0.04
944.18,389528,27316,25,503,28,1.21,1,4,653,1.87,60,0.14
945.45,390030,27348,25,502,32,1.27,1,4,653,1.87,170,0.46
946.81,390530,27380,25,500,32,1.36,1,4,653,1.87,15,0.03
948.26,391030,27416,25,500,36,1.45,1,4,653,1.87,0,0
949.61,391530,27436,25,500,20,1.35,1,4,653,1.87,95,0.26
950.86,392031,27448,25,501,12,1.25,1,4,653,1.87,80,0.21
952.17,392532,27480,25,501,32,1.31,1,4,653,1.87,55,0.14
953.47,393035,27524,25,503,44,1.3,1,4,653,1.87,35,0.09
954.6,393536,27544,25,501,20,1.13,1,4,653,1.87,230,0.5
955.91,394038,27564,25,502,20,1.31,1,4,653,1.87,20,0.04
957.14,394540,27572,25,502,8,1.23,1,4,653,1.87,55,0.13
958.36,395044,27584,25,504,12,1.22,1,4,653,1.87,10,0.04
959.55,395548,27612,25,504,28,1.19,1,4,653,1.87,85,0.18
960.78,396049,27648,25,501,36,1.23,1,4,653,1.87,15,0.04
961.9,396551,27688,25,502,40,1.12,1,4,653,1.87,10,0.02
962.99,397054,27700,25,503,12,1.09,1,4,653,1.87,55,0.13
964.16,397554,27712,25,500,12,1.18,1,4,653,1.87,165,0.44
965.45,398056,27752,25,502,40,1.29,1,4,653,1.87,5,0.01
966.7,398557,27780,25,501,28,1.25,1,4,653,1.87,140,0.35
968.08,399059,27816,25,502,36,1.38,1,4,653,1.87,15,0.04
969.31,399562,27848,25,503,32,1.22,1,4,653,1.87,60,0.16
970.5,400064,27856,25,502,8,1.2,1,4,653,1.87,85,0.21
971.65,400565,27892,25,501,36,1.15,1,4,653,1.87,135,0.33
972.79,401066,27912,25,501,20,1.14,1,4,653,1.87,120,0.26
974.08,401568,27940,25,502,28,1.29,1,4,653,1.87,55,0.15
975.33,402070,27944,25,502,4,1.25,1,4,653,1.87,175,0.41
976.44,402570,27980,25,500,36,1.1,1,4,653,1.87,10,0.03
977.68,403074,27992,25,504,12,1.25,1,4,653,1.87,110,0.26
978.91,403575,28008,25,501,16,1.23,1,4,653,1.87,195,0.45
980.13,404076,28048,25,501,40,1.22,1,4,653,1.87,90,0.23
981.34,404578,28072,25,502,24,1.22,1,4,653,1.87,40,0.1
982.55,405081,28108,25,503,36,1.21,1,4,653,1.87,30,0.06
983.87,405581,28144,25,500,36,1.32,1,4,653,1.87,60,0.15
985.23,406085,28160,25,504,16,1.36,1,4,653,1.87,140,0.4
986.45,406588,28192,25,503,32,1.22,1,4,653,1.87,95,0.21
987.73,407088,28216,25,500,24,1.28,1,4,653,1.87,145,0.35
989.01,407592,28228,25,504,12,1.28,1,4,653,1.87,85,0.22
990.24,408096,28260,25,504,32,1.23,1,4,653,1.87,120,0.28
991.61,408597,28272,25,501,12,1.38,1,4,653,1.87,130,0.35
992.91,409098,28308,25,501,36,1.3,1,4,653,1.87,115,0.28
994.46,409600,28336,25,502,28,1.55,1,4,653,1.87,185,0.5
995.65,410104,28384,25,504,48,1.19,1,4,653,1.87,20,0.05
996.87,410604,28404,25,500,20,1.22,1,4,653,1.87,35,0.08
998.14,411107,28436,25,503,32,1.27,1,4,653,1.87,135,0.33
999.48,411608,28472,25,501,36,1.34,1,4,653,1.87,20,0.05
1000.73,412109,28488,25,501,16,1.25,1,4,653,1.87,275,0.65
1003.17,412609,28520,25,500,32,2.44,1,4,653,1.87,100,1.44
1004.52,413109,28556,25,500,36,1.35,1,4,653,1.87,95,0.24
1005.79,413613,28596,25,504,40,1.27,1,4,653,1.87,50,0.13
1007.14,414114,28624,25,501,28,1.35,1,4,653,1.87,5,0.01
1008.69,414615,28664,25,501,40,1.55,1,4,653,1.87,30,0.11
1010.19,415115,28708,25,500,44,1.5,1,4,653,1.87,20,0.05
1011.56,415619,28740,25,504,32,1.37,1,4,653,1.87,295,0.8
1012.8,416123,28760,25,504,20,1.23,1,4,653,1.87,295,0.71
1014.09,416625,28792,25,502,32,1.29,1,4,653,1.87,5,0.01
1015.42,417129,28808,25,504,16,1.34,1,4,653,1.87,205,0.52
1016.68,417630,28832,25,501,24,1.26,1,4,653,1.87,30,0.08
1017.91,418130,28856,25,500,24,1.23,1,4,653,1.87,70,0.18
1019.18,418634,28880,25,504,24,1.27,1,4,653,1.87,35,0.1
1020.49,419137,28904,25,503,24,1.32,1,4,653,1.87,40,0.11
1021.69,419641,28932,25,504,28,1.2,1,4,653,1.87,115,0.23
1022.92,420143,28960,25,502,28,1.23,1,4,653,1.87,20,0.04
1024.08,420645,28988,25,502,28,1.16,1,4,653,1.87,80,0.18
1025.41,421145,29032,25,500,44,1.33,1,4,653,1.87,20,0.06
1026.63,421647,29060,25,502,28,1.23,1,4,653,1.87,35,0.1
1028.08,422148,29092,25,501,32,1.45,1,4,653,1.87,25,0.08
1029.37,422651,29136,25,503,44,1.29,1,4,653,1.87,5,0.01
1030.53,423153,29144,25,502,8,1.15,1,4,653,1.87,80,0.2
1031.72,423656,29168,25,503,24,1.2,1,4,653,1.87,45,0.1
1033.11,424156,29200,25,500,32,1.39,1,4,653,1.87,0,0
1034.36,424658,29256,25,502,56,1.25,1,4,653,1.87,20,0.04
1035.69,425160,29276,25,502,20,1.33,1,4,653,1.87,150,0.42
1037.25,425660,29308,25,500,32,1.56,1,4,653,1.87,55,0.16
1038.53,426162,29324,25,502,16,1.28,1,4,653,1.87,10,0.02
1039.85,426665,29364,25,503,40,1.32,1,4,653,1.87,5,0.01
1041.27,427169,29392,25,504,28,1.42,1,4,653,1.87,155,0.42
1042.63,427672,29412,25,503,20,1.36,1,4,653,1.87,5,0.02
1044.08,428175,29456,25,503,44,1.45,1,4,653,1.87,5,0.01
1045.5,428676,29504,25,501,48,1.42,1,4,653,1.87,10,0.03
1046.7,429178,29528,25,502,24,1.21,1,4,653,1.87,5,0.01
1.18,500,4750,28,500,4750,1.18,3,10.71,186,0.45,70,0.18
2.33,1001,4860,28,501,110,1.15,1,3.57,186,0.45,435,0.97
3.37,1501,4860,28,500,0,1.04,0,0,186,0.45,935,2.01
4.58,2001,5583,29,500,723,1.2,3,10.34,976,2.29,110,0.24
5.71,2502,5583,29,501,0,1.14,1,3.45,976,2.29,10,0.04
6.81,3002,5583,29,500,0,1.1,0,0,976,2.29,510,1.13
7.91,3502,5583,29,500,0,1.1,0,0,976,2.29,1010,2.23
8.99,4002,5583,29,500,0,1.08,0,0,976,2.29,1510,3.31
10.04,4503,5587,29,501,4,1.05,1,3.45,1751,3.83,260,0.53
11.15,5007,5637,29,504,50,1.11,2,6.9,1751,3.83,45,0.14
12.25,5510,5643,29,503,6,1.11,2,6.9,1751,3.83,250,0.52
13.32,6011,5647,29,501,4,1.07,1,3.45,1751,3.83,165,0.33
14.33,6511,5647,29,500,0,1.01,0,0,1751,3.83,665,1.34
15.45,7013,5661,30,502,14,1.13,2,6.67,1751,3.83,20,0.04
16.57,7517,5669,30,504,8,1.12,1,3.33,1751,3.83,30,0.07
17.66,8021,5677,30,504,8,1.09,1,3.33,1751,3.83,170,0.37
18.82,8525,5685,30,504,8,1.16,1,3.33,1751,3.83,195,0.42
19.85,9026,5689,30,501,4,1.03,1,3.33,1751,3.83,415,0.85
20.81,9526,5689,30,500,0,0.96,0,0,1751,3.83,915,1.82
21.79,10027,5701,30,501,12,0.98,1,3.33,1751,3.83,180,0.37
22.79,10530,5725,30,503,24,1,2,6.67,1751,3.83,185,0.38
23.82,11031,5729,30,501,4,1.03,1,3.33,1751,3.83,210,0.42
24.79,11532,5745,30,501,16,0.97,1,3.33,1751,3.83,70,0.12
25.91,12034,5753,30,502,8,1.12,1,3.33,1751,3.83,10,0.02
27.05,12537,5757,30,503,4,1.14,1,3.33,1751,3.83,470,1.07
28.13,13041,5777,30,504,20,1.08,1,3.33,1751,3.83,220,0.43
29.15,13544,5785,30,503,8,1.01,1,3.33,1751,3.83,305,0.6
30.09,14045,5789,30,501,4,0.95,1,3.33,1751,3.83,205,0.41
31.09,14549,5801,30,504,12,1,2,6.67,1751,3.83,380,0.76
32.17,15053,5817,30,504,16,1.08,1,3.33,1751,3.83,85,0.21
33.27,15555,5825,30,502,8,1.1,1,3.33,1751,3.83,245,0.49
34.5,16056,5829,30,501,4,1.24,1,3.33,1751,3.83,155,0.41
35.64,16558,5873,30,502,44,1.13,1,3.33,1751,3.83,10,0.02
36.62,17061,5897,30,503,24,0.98,1,3.33,1751,3.83,5,0.01
37.54,17561,5925,30,500,28,0.92,1,3.33,1751,3.83,190,0.38
38.53,18063,5929,30,502,4,0.99,1,3.33,1751,3.83,195,0.42
39.58,18564,5949,30,501,20,1.05,1,3.33,1751,3.83,20,0.05
40.69,19065,5969,30,501,20,1.11,1,3.33,1751,3.83,115,0.25
41.8,19567,5977,30,502,8,1.1,1,3.33,1751,3.83,10,0.03
43.02,20070,6001,30,503,24,1.22,1,3.33,1751,3.83,200,0.52
44.14,20572,6005,30,502,4,1.12,1,3.33,1751,3.83,175,0.38
45.26,21074,6029,30,502,24,1.12,1,3.33,1751,3.83,5,0.01
46.41,21578,6045,30,504,16,1.14,1,3.33,1751,3.83,95,0.19
47.41,22078,6061,30,500,16,1,1,3.33,1751,3.83,30,0.06
48.49,22578,6097,30,500,36,1.09,1,3.33,1751,3.83,55,0.13
49.52,23078,6141,30,500,44,1.02,1,3.33,1751,3.83,30,0.06
50.71,23581,6153,30,503,12,1.2,1,3.33,1751,3.83,75,0.19
51.85,24081,6165,30,500,12,1.14,1,3.33,1751,3.83,30,0.08
52.97,24584,6181,30,503,16,1.12,1,3.33,1751,3.83,200,0.46
54.05,25088,6197,30,504,16,1.08,1,3.33,1751,3.83,75,0.16
55.2,25590,6213,30,502,16,1.14,2,6.67,1751,3.83,10,0.02
56.65,26094,6229,30,504,16,1.46,1,3.33,1751,3.83,245,0.75
58.1,26595,6249,30,501,20,1.45,1,3.33,1751,3.83,30,0.09
59.41,27095,6261,30,500,12,1.31,1,3.33,1751,3.83,165,0.4
60.72,27598,6285,30,503,24,1.32,1,3.33,1751,3.83,175,0.39
61.88,28101,6313,30,503,28,1.16,1,3.33,1751,3.83,40,0.09
63.08,28602,6317,30,501,4,1.19,1,3.33,1751,3.83,80,0.16
64.23,29106,6341,30,504,24,1.15,1,3.33,1751,3.83,225,0.52
65.42,29606,6361,30,500,20,1.19,1,3.33,1751,3.83,145,0.37
66.56,30109,6373,30,503,12,1.14,1,3.33,1751,3.83,285,0.64
67.9,30610,6405,30,501,32,1.34,1,3.33,1751,3.83,35,0.11
69.16,31114,6449,30,504,44,1.26,1,3.33,1751,3.83,10,0.03
70.35,31617,6465,30,503,16,1.2,1,3.33,1751,3.83,60,0.15
71.72,32121,6493,30,504,28,1.37,1,3.33,1751,3.83,20,0.05
72.95,32621,6521,30,500,28,1.22,1,3.33,1751,3.83,255,0.63
74.15,33123,6541,30,502,20,1.2,1,3.33,1751,3.83,15,0.04
75.4,33624,6553,30,501,12,1.25,1,3.33,1751,3.83,30,0.08
76.55,34127,6589,30,503,36,1.15,1,3.33,1751,3.83,75,0.16
77.73,34630,6613,30,503,24,1.18,1,3.33,1751,3.83,85,0.22
78.83,35134,6629,30,504,16,1.1,1,3.33,1751,3.83,140,0.31
79.89,35638,6641,30,504,12,1.06,1,3.33,1751,3.83,40,0.09
81.2,36141,6669,30,503,28,1.31,1,3.33,1751,3.83,145,0.4
82.46,36643,6693,30,502,24,1.26,1,3.33,1751,3.83,60,0.17
83.83,37145,6729,30,502,36,1.37,1,3.33,1751,3.83,10,0.03
84.95,37649,6773,30,504,44,1.12,1,3.33,1751,3.83,5,0.01
86.2,38150,6805,30,501,32,1.25,1,3.33,1751,3.83,75,0.23
87.45,38651,6849,30,501,44,1.25,1,3.33,1751,3.83,50,0.12
88.76,39155,6877,30,504,28,1.32,1,3.33,1751,3.83,5,0.01
89.95,39656,6905,30,501,28,1.18,1,3.33,1751,3.83,20,0.04
91.1,40159,6945,30,503,40,1.16,1,3.33,1751,3.83,15,0.02
92.27,40660,6973,30,501,28,1.17,1,3.33,1751,3.83,15,0.07
93.45,41163,6993,30,503,20,1.19,2,6.67,1751,3.83,105,0.23
94.56,41667,7009,30,504,16,1.1,1,3.33,1751,3.83,10,0.03
95.7,42167,7053,30,500,44,1.15,1,3.33,1751,3.83,175,0.4
96.88,42667,7053,30,500,0,1.17,0,0,1751,3.83,675,1.58
97.99,43168,7089,30,501,36,1.11,1,3.33,1751,3.83,25,0.08
99.22,43669,7113,30,501,24,1.23,1,3.33,1751,3.83,20,0.05
100.5,44169,7133,30,500,20,1.27,1,3.33,1751,3.83,65,0.16
101.81,44673,7185,30,504,52,1.31,1,3.33,1751,3.83,15,0.06
103.04,45175,7205,30,502,20,1.24,1,3.33,1751,3.83,275,0.69
104.31,45676,7245,30,501,40,1.27,1,3.33,1751,3.83,30,0.08
105.54,46179,7257,30,503,12,1.22,1,3.33,1751,3.83,190,0.43
106.64,46683,7285,30,504,28,1.1,1,3.33,1751,3.83,85,0.2
107.81,47183,7305,30,500,20,1.17,1,3.33,1751,3.83,65,0.16
109.12,47686,7341,30,503,36,1.31,1,3.33,1751,3.83,50,0.13
110.37,48189,7365,30,503,24,1.25,1,3.33,1751,3.83,15,0.04
111.57,48689,7385,30,500,20,1.2,1,3.33,1751,3.83,30,0.08
112.93,49189,7421,30,500,36,1.36,1,3.33,1751,3.83,5,0.01
114.06,49690,7441,30,501,20,1.14,1,3.33,1751,3.83,40,0.08
115.24,50193,7457,30,503,16,1.17,1,3.33,1751,3.83,35,0.09
116.47,50697,7505,30,504,48,1.23,1,3.33,1751,3.83,30,0.07
117.64,51201,7521,30,504,16,1.18,1,3.33,1751,3.83,105,0.26
118.92,51705,7549,30,504,28,1.28,1,3.33,1751,3.83,50,0.11
120.02,52205,7577,30,500,28,1.1,1,3.33,1751,3.83,5,0.01
121.26,52709,7601,30,504,24,1.24,1,3.33,1751,3.83,100,0.3
122.6,53213,7629,30,504,28,1.34,1,3.33,1751,3.83,150,0.39
123.81,53715,7637,30,502,8,1.21,1,3.33,1751,3.83,130,0.33
124.96,54217,7669,30,502,32,1.15,1,3.33,1751,3.83,60,0.12
126,54718,7689,30,501,20,1.05,1,3.33,1751,3.83,150,0.33
127.14,55220,7713,30,502,24,1.14,1,3.33,1751,3.83,40,0.1
128.25,55720,7733,30,500,20,1.11,1,3.33,1751,3.83,95,0.21
129.5,56222,7749,30,502,16,1.25,1,3.33,1751,3.83,95,0.22
130.64,56724,7777,30,502,28,1.14,1,3.33,1751,3.83,115,0.25
131.88,57226,7829,30,502,52,1.23,1,3.33,1751,3.83,15,0.04
133.04,57730,7841,30,504,12,1.16,1,3.33,1751,3.83,55,0.13
134.33,58234,7861,30,504,20,1.29,1,3.33,1751,3.83,35,0.09
135.59,58735,7881,30,501,20,1.26,1,3.33,1751,3.83,10,0.03
136.77,59236,7909,30,501,28,1.19,1,3.33,1751,3.83,175,0.43
138.02,59739,7937,30,503,28,1.25,1,3.33,1751,3.83,40,0.11
139.46,60240,7941,30,501,4,1.44,1,3.33,1751,3.83,255,0.7
140.71,60742,7973,30,502,32,1.25,1,3.33,1751,3.83,75,0.19
141.86,61242,7989,30,500,16,1.16,1,3.33,1751,3.83,35,0.1
143.09,61742,8033,30,500,44,1.22,1,3.33,1751,3.83,10,0.02
144.27,62245,8045,30,503,12,1.18,1,3.33,1751,3.83,30,0.05
145.34,62746,8061,30,501,16,1.07,1,3.33,1751,3.83,25,0.05
146.49,63247,8085,30,501,24,1.15,1,3.33,1751,3.83,55,0.12
147.72,63748,8101,30,501,16,1.23,1,3.33,1751,3.83,60,0.16
148.9,64251,8129,30,503,28,1.18,1,3.33,1751,3.83,10,0.02
150.06,64752,8149,30,501,20,1.15,1,3.33,1751,3.83,90,0.21
151.24,65255,8185,30,503,36,1.18,1,3.33,1751,3.83,10,0.02
152.51,65756,8209,30,501,24,1.28,1,3.33,1751,3.83,65,0.14
153.87,66256,8229,30,500,20,1.35,1,3.33,1751,3.83,105,0.3
155.29,66759,8253,30,503,24,1.43,1,3.33,1751,3.83,25,0.06
156.52,67259,8277,30,500,24,1.23,1,3.33,1751,3.83,30,0.07
157.73,67761,8297,30,502,20,1.21,1,3.33,1751,3.83,5,0.01
158.91,68263,8329,30,502,32,1.18,1,3.33,1751,3.83,130,0.32
160.2,68764,8349,30,501,20,1.29,1,3.33,1751,3.83,195,0.45
161.42,69264,8361,30,500,12,1.22,1,3.33,1751,3.83,5,0.01
162.65,69764,8381,30,500,20,1.23,1,3.33,1751,3.83,20,0.05
163.77,70266,8421,30,502,40,1.12,1,3.33,1751,3.83,10,0.02
165.04,70766,8477,30,500,56,1.27,1,3.33,1751,3.83,5,0.01
166.24,71267,8501,30,501,24,1.21,2,6.67,1751,3.83,30,0.08
167.4,71768,8533,30,501,32,1.16,1,3.33,1751,3.83,20,0.05
168.52,72268,8569,30,500,36,1.12,1,3.33,1751,3.83,25,0.07
169.82,72768,8585,30,500,16,1.3,1,3.33,1751,3.83,155,0.4
171.03,73269,8625,30,501,40,1.2,1,3.33,1751,3.83,20,0.04
172.24,73771,8649,30,502,24,1.21,2,6.67,1751,3.83,155,0.35
173.4,74273,8673,30,502,24,1.16,1,3.33,1751,3.83,45,0.1
174.5,74777,8713,30,504,40,1.1,1,3.33,1751,3.83,55,0.11
175.68,75278,8757,30,501,44,1.18,1,3.33,1751,3.83,45,0.12
176.84,75780,8765,30,502,8,1.16,1,3.33,1751,3.83,210,0.48
178.06,76281,8789,30,501,24,1.22,1,3.33,1751,3.83,30,0.08
179.26,76782,8809,30,501,20,1.2,1,3.33,1751,3.83,160,0.34
180.33,77283,8821,30,501,12,1.07,1,3.33,1751,3.83,225,0.49
181.6,77785,8853,30,502,32,1.27,1,3.33,1751,3.83,20,0.06
182.89,78286,8873,30,501,20,1.29,1,3.33,1751,3.83,15,0.04
184.01,78787,8889,30,501,16,1.12,1,3.33,1751,3.83,165,0.34
185.18,79288,8913,30,501,24,1.16,1,3.33,1751,3.83,40,0.09
186.38,79789,8961,30,501,48,1.21,1,3.33,1751,3.83,10,0.03
187.51,80289,8981,30,500,20,1.13,1,3.33,1751,3.83,100,0.25
188.8,80789,9021,30,500,40,1.29,1,3.33,1751,3.83,15,0.03
189.94,81289,9049,30,500,28,1.13,1,3.33,1751,3.83,15,0.04
191.06,81792,9061,30,503,12,1.12,1,3.33,1751,3.83,50,0.13
192.19,82294,9093,30,502,32,1.13,1,3.33,1751,3.83,25,0.06
193.41,82794,9133,30,500,40,1.22,1,3.33,1751,3.83,45,0.1
194.63,83295,9165,30,501,32,1.22,1,3.33,1751,3.83,30,0.07
195.88,83796,9193,30,501,28,1.25,1,3.33,1751,3.83,115,0.29
197.03,84298,9213,30,502,20,1.15,1,3.33,1751,3.83,5,0.01
198.32,84802,9241,30,504,28,1.29,1,3.33,1751,3.83,35,0.1
199.55,85305,9249,30,503,8,1.24,1,3.33,1751,3.83,125,0.27
200.69,85805,9277,30,500,28,1.14,1,3.33,1751,3.83,30,0.07
201.81,86308,9289,30,503,12,1.12,1,3.33,1751,3.83,155,0.34
202.99,86812,9333,30,504,44,1.18,1,3.33,1751,3.83,50,0.13
204.16,87312,9345,30,500,12,1.17,1,3.33,1751,3.83,105,0.25
205.31,87812,9369,30,500,24,1.15,1,3.33,1751,3.83,80,0.18
206.53,88315,9405,30,503,36,1.22,1,3.33,1751,3.83,30,0.07
207.64,88816,9437,30,501,32,1.11,1,3.33,1751,3.83,20,0.05
208.78,89320,9481,30,504,44,1.14,1,3.33,1751,3.83,155,0.35
210.02,89822,9517,30,502,36,1.23,1,3.33,1751,3.83,75,0.19
211.21,90326,9545,30,504,28,1.19,1,3.33,1751,3.83,10,0.02
212.37,90826,9593,30,500,48,1.16,1,3.33,1751,3.83,35,0.08
213.73,91328,9617,30,502,24,1.36,1,3.33,1751,3.83,205,0.53
214.97,91831,9637,30,503,20,1.24,1,3.33,1751,3.83,85,0.21
216.1,92331,9665,30,500,28,1.13,1,3.33,1751,3.83,40,0.09
217.38,92831,9729,30,500,64,1.28,1,3.33,1751,3.83,95,0.22
218.62,93335,9749,30,504,20,1.24,1,3.33,1751,3.83,165,0.4
219.77,93838,9773,30,503,24,1.15,1,3.33,1751,3.83,20,0.05
221,94340,9829,30,502,56,1.23,1,3.33,1751,3.83,70,0.19
222.21,94842,9857,30,502,28,1.21,1,3.33,1751,3.83,20,0.06
223.41,95344,9881,30,502,24,1.2,1,3.33,1751,3.83,15,0.03
224.69,95847,9909,30,503,28,1.28,1,3.33,1751,3.83,40,0.09
225.93,96351,9941,30,504,32,1.25,1,3.33,1751,3.83,180,0.48
227.11,96854,9985,30,503,44,1.18,1,3.33,1751,3.83,40,0.1
228.34,97355,10001,30,501,16,1.23,1,3.33,1751,3.83,60,0.15
229.49,97855,10041,30,500,40,1.15,1,3.33,1751,3.83,5,0.01
230.79,98358,10073,30,503,32,1.29,1,3.33,1751,3.83,15,0.03
232.08,98858,10097,30,500,24,1.3,1,3.33,1751,3.83,20,0.05
233.33,99358,10113,30,500,16,1.25,1,3.33,1751,3.83,45,0.08
234.49,99861,10149,30,503,36,1.15,1,3.33,1751,3.83,5,0.01
235.63,100364,10197,30,503,48,1.15,1,3.33,1751,3.83,5,0.01
236.74,100867,10229,30,503,32,1.1,1,3.33,1751,3.83,30,0.07
237.86,101367,10269,30,500,40,1.12,1,3.33,1751,3.83,75,0.15
238.99,101871,10293,30,504,24,1.14,1,3.33,1751,3.83,75,0.18
240.06,102371,10317,30,500,24,1.06,1,3.33,1751,3.83,30,0.07
241.25,102875,10333,30,504,16,1.2,1,3.33,1751,3.83,40,0.11
242.41,103378,10345,30,503,12,1.15,1,3.33,1751,3.83,120,0.27
243.53,103878,10365,30,500,20,1.12,1,3.33,1751,3.83,35,0.09
244.75,104380,10389,30,502,24,1.22,1,3.33,1751,3.83,120,0.27
245.92,104880,10413,30,500,24,1.17,1,3.33,1751,3.83,30,0.07
247.18,105384,10453,30,504,40,1.26,1,3.33,1751,3.83,65,0.15
248.46,105887,10493,30,503,40,1.29,1,3.33,1751,3.83,55,0.15
249.73,106387,10529,30,500,36,1.27,1,3.33,1751,3.83,45,0.11
250.97,106889,10561,30,502,32,1.24,1,3.33,1751,3.83,20,0.06
252.18,107391,10581,30,502,20,1.21,1,3.33,1751,3.83,60,0.14
253.44,107893,10589,30,502,8,1.26,1,3.33,1751,3.83,360,0.91
254.56,108396,10617,30,503,28,1.12,1,3.33,1751,3.83,35,0.08
255.74,108898,10641,30,502,24,1.18,1,3.33,1751,3.83,95,0.22
256.96,109401,10673,30,503,32,1.22,1,3.33,1751,3.83,100,0.26
258.41,109905,10689,30,504,16,1.44,1,3.33,1751,3.83,115,0.37
259.81,110408,10721,30,503,32,1.41,1,3.33,1751,3.83,50,0.12
261.04,110911,10741,30,503,20,1.23,1,3.33,1751,3.83,115,0.25
262.2,111415,10761,30,504,20,1.15,1,3.33,1751,3.83,115,0.23
263.3,111916,10797,30,501,36,1.1,1,3.33,1751,3.83,5,0.01
264.6,112419,10821,30,503,24,1.31,1,3.33,1751,3.83,20,0.06
265.82,112921,10857,30,502,36,1.22,1,3.33,1751,3.83,100,0.23
267.09,113421,10877,30,500,20,1.28,1,3.33,1751,3.83,125,0.31
268.23,113925,10909,30,504,32,1.14,1,3.33,1751,3.83,10,0.02
269.41,114427,10941,30,502,32,1.18,1,3.33,1751,3.83,15,0.04
270.59,114928,10961,30,501,20,1.19,1,3.33,1751,3.83,85,0.2
272.03,115428,10993,30,500,32,1.43,1,3.33,1751,3.83,50,0.14
273.23,115932,11009,30,504,16,1.2,1,3.33,1751,3.83,140,0.33
274.49,116435,11049,30,503,40,1.26,1,3.33,1751,3.83,35,0.09
275.61,116935,11077,30,500,28,1.13,1,3.33,1751,3.83,70,0.16
276.74,117436,11097,30,501,20,1.13,1,3.33,1751,3.83,70,0.15
277.94,117937,11117,30,501,20,1.19,1,3.33,1751,3.83,240,0.6
279.2,118440,11145,30,503,28,1.26,1,3.33,1751,3.83,90,0.22
280.39,118941,11181,30,501,36,1.19,1,3.33,1751,3.83,95,0.18
281.43,119444,11217,30,503,36,1.05,1,3.33,1751,3.83,10,0.02
282.67,119944,11245,30,500,28,1.24,1,3.33,1751,3.83,0,0
283.87,120446,11257,30,502,12,1.2,1,3.33,1751,3.83,130,0.32
285.08,120946,11277,30,500,20,1.21,1,3.33,1751,3.83,25,0.06
286.26,121446,11305,30,500,28,1.17,1,3.33,1751,3.83,45,0.11
287.51,121947,11325,30,501,20,1.26,1,3.33,1751,3.83,60,0.16
289.01,122451,11337,30,504,12,1.49,1,3.33,1751,3.83,70,0.31
290.16,122953,11345,30,502,8,1.16,1,3.33,1751,3.83,120,0.28
291.33,123455,11381,30,502,36,1.16,1,3.33,1751,3.83,110,0.24
292.52,123956,11409,30,501,28,1.19,1,3.33,1751,3.83,65,0.15
293.76,124459,11421,30,503,12,1.24,1,3.33,1751,3.83,90,0.25
294.99,124959,11453,30,500,32,1.23,1,3.33,1751,3.83,25,0.07
296.11,125463,11481,30,504,28,1.12,1,3.33,1751,3.83,115,0.26
297.29,125966,11509,30,503,28,1.18,1,3.33,1751,3.83,50,0.11
298.44,126469,11537,30,503,28,1.15,1,3.33,1751,3.83,85,0.22
299.71,126971,11565,30,502,28,1.27,1,3.33,1751,3.83,80,0.18
300.8,127473,11613,30,502,48,1.09,1,3.33,1751,3.83,5,0.01
301.96,127975,11637,30,502,24,1.16,1,3.33,1751,3.83,35,0.08
303.14,128477,11665,30,502,28,1.18,1,3.33,1751,3.83,35,0.07
304.37,128978,11689,30,501,24,1.23,1,3.33,1751,3.83,85,0.21
305.58,129482,11713,30,504,24,1.2,1,3.33,1751,3.83,60,0.13
306.76,129983,11729,30,501,16,1.18,1,3.33,1751,3.83,70,0.19
307.9,130486,11757,30,503,28,1.15,1,3.33,1751,3.83,105,0.26
309.19,130988,11817,30,502,60,1.29,1,3.33,1751,3.83,35,0.08
310.39,131492,11837,30,504,20,1.19,1,3.33,1751,3.83,115,0.3
311.48,131994,11845,30,502,8,1.1,1,3.33,1751,3.83,215,0.45
312.69,132494,11877,30,500,32,1.2,1,3.33,1751,3.83,65,0.15
313.85,132998,11913,30,504,36,1.17,1,3.33,1751,3.83,35,0.07
314.91,133498,11957,30,500,44,1.06,1,3.33,1751,3.83,120,0.24
316.14,134002,11997,30,504,40,1.23,1,3.33,1751,3.83,90,0.21
317.37,134504,12021,30,502,24,1.22,1,3.33,1751,3.83,205,0.48
318.67,135007,12041,30,503,20,1.3,1,3.33,1751,3.83,15,0.03
319.91,135508,12053,30,501,12,1.24,1,3.33,1751,3.83,90,0.21
321.14,136011,12081,30,503,28,1.24,1,3.33,1751,3.83,135,0.29
322.37,136513,12121,30,502,40,1.22,1,3.33,1751,3.83,20,0.05
323.52,137017,12153,30,504,32,1.15,1,3.33,1751,3.83,25,0.04
324.7,137520,12173,30,503,20,1.18,1,3.33,1751,3.83,5,0.01
326.15,138024,12241,30,504,68,1.46,1,3.33,1751,3.83,45,0.11
327.34,138524,12281,30,500,40,1.18,1,3.33,1751,3.83,90,0.21
328.61,139024,12313,30,500,32,1.27,1,3.33,1751,3.83,85,0.2
329.86,139526,12333,30,502,20,1.25,1,3.33,1751,3.83,5,0.01
331.25,140027,12373,30,501,40,1.38,1,3.33,1751,3.83,15,0.03
332.54,140530,12401,30,503,28,1.29,1,3.33,1751,3.83,5,0.01
333.79,141030,12437,30,500,36,1.25,1,3.33,1751,3.83,225,0.52
335.03,141532,12465,30,502,28,1.24,1,3.33,1751,3.83,150,0.38
336.2,142033,12489,30,501,24,1.17,1,3.33,1751,3.83,175,0.39
337.39,142534,12505,30,501,16,1.19,1,3.33,1751,3.83,190,0.48
338.56,143038,12521,30,504,16,1.17,1,3.33,1751,3.83,0,0
339.87,143542,12537,30,504,16,1.31,1,3.33,1751,3.83,15,0.04
341.18,144044,12553,30,502,16,1.31,1,3.33,1751,3.83,110,0.24
342.37,144547,12589,30,503,36,1.19,1,3.33,1751,3.83,20,0.05
343.65,145051,12609,30,504,20,1.28,1,3.33,1751,3.83,10,0.02
344.84,145553,12645,30,502,36,1.2,1,3.33,1751,3.83,160,0.4
345.95,146055,12685,30,502,40,1.11,1,3.33,1751,3.83,5,0.01
347.24,146557,12713,30,502,28,1.29,1,3.33,1751,3.83,25,0.05
348.45,147057,12753,30,500,40,1.21,1,3.33,1751,3.83,45,0.1
349.72,147560,12773,30,503,20,1.27,1,3.33,1751,3.83,260,0.66
350.91,148064,12809,30,504,36,1.19,1,3.33,1751,3.83,70,0.16
352.09,148566,12825,30,502,16,1.18,1,3.33,1751,3.83,5,0.01
353.29,149070,12841,30,504,16,1.2,1,3.33,1751,3.83,40,0.09
354.44,149573,12869,30,503,28,1.15,1,3.33,1751,3.83,90,0.21
355.68,150073,12909,30,500,40,1.24,1,3.33,1751,3.83,130,0.34
356.85,150574,12941,30,501,32,1.17,1,3.33,1751,3.83,85,0.2
358.1,151076,12969,30,502,28,1.24,1,3.33,1751,3.83,10,0.02
359.32,151576,13001,30,500,32,1.22,1,3.33,1751,3.83,0,0
360.48,152077,13065,30,501,64,1.16,1,3.33,1751,3.83,15,0.04
361.74,152580,13097,30,503,32,1.26,1,3.33,1751,3.83,205,0.5
362.92,153082,13141,30,502,44,1.18,1,3.33,1751,3.83,50,0.13
364.16,153583,13173,30,501,32,1.24,1,3.33,1751,3.83,5,0.01
365.35,154083,13193,30,500,20,1.19,1,3.33,1751,3.83,30,0.07
366.69,154583,13225,30,500,32,1.34,1,3.33,1751,3.83,0,0
367.89,155083,13237,30,500,12,1.2,1,3.33,1751,3.83,155,0.38
369.01,155587,13273,30,504,36,1.12,1,3.33,1751,3.83,145,0.33
370.24,156089,13301,30,502,28,1.23,1,3.33,1751,3.83,10,0.03
371.44,156589,13337,30,500,36,1.2,1,3.33,1751,3.83,10,0.03
372.7,157089,13345,30,500,8,1.26,1,3.33,1751,3.83,35,0.09
373.8,157592,13385,30,503,40,1.11,1,3.33,1751,3.83,65,0.13
375.08,158092,13417,30,500,32,1.27,1,3.33,1751,3.83,115,0.3
376.3,158596,13453,30,504,36,1.22,1,3.33,1751,3.83,50,0.11
377.41,159097,13477,30,501,24,1.11,1,3.33,1751,3.83,135,0.3
378.72,159601,13505,30,504,28,1.32,1,3.33,1751,3.83,5,0.02
380.04,160101,13529,30,500,24,1.32,1,3.33,1751,3.83,10,0.02
381.25,160605,13565,30,504,36,1.2,1,3.33,1751,3.83,15,0.03
382.54,161109,13569,30,504,4,1.29,1,3.33,1751,3.83,20,0.05
383.81,161612,13609,30,503,40,1.27,1,3.33,1751,3.83,5,0.01
384.95,162115,13649,30,503,40,1.14,1,3.33,1751,3.83,15,0.03
386.13,162616,13669,30,501,20,1.19,1,3.33,1751,3.83,210,0.49
387.33,163120,13693,30,504,24,1.19,1,3.33,1751,3.83,190,0.43
388.46,163622,13733,30,502,40,1.14,1,3.33,1751,3.83,25,0.04
389.59,164125,13749,30,503,16,1.12,1,3.33,1751,3.83,220,0.49
390.68,164629,13789,30,504,40,1.09,1,3.33,1751,3.83,45,0.1
392.02,165131,13833,30,502,44,1.35,1,3.33,1751,3.83,55,0.16
393.28,165635,13869,30,504,36,1.26,1,3.33,1751,3.83,45,0.11
394.49,166137,13909,30,502,40,1.21,1,3.33,1751,3.83,30,0.07
395.57,166640,13937,30,503,28,1.08,1,3.33,1751,3.83,85,0.19
396.68,167144,13953,30,504,16,1.11,1,3.33,1751,3.83,105,0.22
397.85,167648,13965,30,504,12,1.17,1,3.33,1751,3.83,105,0.25
399.08,168148,13993,30,500,28,1.23,1,3.33,1751,3.83,5,0.01
400.35,168650,14013,30,502,20,1.26,1,3.33,1751,3.83,150,0.38
401.51,169154,14041,30,504,28,1.17,1,3.33,1751,3.83,20,0.04
402.66,169655,14061,30,501,20,1.15,1,3.33,1751,3.83,115,0.26
403.82,170156,14093,30,501,32,1.16,1,3.33,1751,3.83,85,0.21
405.05,170660,14129,30,504,36,1.22,1,3.33,1751,3.83,5,0.01
406.28,171164,14161,30,504,32,1.24,1,3.33,1751,3.83,5,0.01
407.51,171665,14189,30,501,28,1.23,1,3.33,1751,3.83,50,0.11
408.74,172168,14229,30,503,40,1.23,1,3.33,1751,3.83,130,0.27
409.95,172668,14265,30,500,36,1.21,1,3.33,1751,3.83,70,0.15
411.21,173168,14281,30,500,16,1.26,1,3.33,1751,3.83,15,0.04
412.48,173668,14313,30,500,32,1.27,1,3.33,1751,3.83,10,0.03
413.7,174170,14341,30,502,28,1.22,1,3.33,1751,3.83,40,0.11
414.97,174670,14377,30,500,36,1.27,1,3.33,1751,3.83,5,0.02
416.2,175174,14389,30,504,12,1.23,1,3.33,1751,3.83,300,0.75
417.47,175678,14417,30,504,28,1.27,1,3.33,1751,3.83,25,0.05
418.66,176178,14449,30,500,32,1.18,1,3.33,1751,3.83,25,0.06
419.97,176682,14481,30,504,32,1.31,1,3.33,1751,3.83,95,0.23
421.31,177184,14505,30,502,24,1.34,1,3.33,1751,3.83,95,0.23
422.51,177686,14529,30,502,24,1.2,1,3.33,1751,3.83,115,0.29
423.66,178188,14553,30,502,24,1.15,1,3.33,1751,3.83,35,0.08
424.99,178691,14581,30,503,28,1.34,1,3.33,1751,3.83,25,0.06
426.27,179193,14613,30,502,32,1.28,1,3.33,1751,3.83,85,0.26
427.55,179697,14629,30,504,16,1.27,1,3.33,1751,3.83,195,0.47
428.86,180200,14653,30,503,24,1.31,1,3.33,1751,3.83,105,0.25
430.1,180701,14677,30,501,24,1.24,1,3.33,1751,3.83,80,0.19
431.28,181204,14709,30,503,32,1.18,1,3.33,1751,3.83,70,0.16
432.5,181707,14725,30,503,16,1.22,1,3.33,1751,3.83,15,0.03
433.74,182207,14741,30,500,16,1.24,1,3.33,1751,3.83,10,0.03
435.11,182709,14777,30,502,36,1.37,1,3.33,1751,3.83,115,0.36
436.38,183211,14821,30,502,44,1.27,1,3.33,1751,3.83,40,0.1
437.64,183711,14841,30,500,20,1.26,1,3.33,1751,3.83,35,0.08
438.89,184214,14885,30,503,44,1.25,1,3.33,1751,3.83,10,0.02
440.07,184714,14917,30,500,32,1.18,1,3.33,1751,3.83,50,0.09
441.24,185216,14945,30,502,28,1.17,1,3.33,1751,3.83,110,0.27
442.71,185717,14969,30,501,24,1.47,1,3.33,1751,3.83,65,0.17
444,186221,14993,30,504,24,1.3,1,3.33,1751,3.83,20,0.06
445.42,186725,15029,30,504,36,1.42,1,3.33,1751,3.83,20,0.06
446.71,187227,15049,30,502,20,1.29,1,3.33,1751,3.83,45,0.14
448,187730,15073,30,503,24,1.29,1,3.33,1751,3.83,135,0.34
449.42,188233,15097,30,503,24,1.42,1,3.33,1751,3.83,50,0.13
450.59,188733,15133,30,500,36,1.17,1,3.33,1751,3.83,30,0.08
451.89,189237,15161,30,504,28,1.3,1,3.33,1751,3.83,20,0.04
453.13,189741,15189,30,504,28,1.24,1,3.33,1751,3.83,100,0.24
454.35,190241,15237,30,500,48,1.22,1,3.33,1751,3.83,50,0.11
455.59,190745,15249,30,504,12,1.25,1,3.33,1751,3.83,300,0.74
456.77,191245,15265,30,500,16,1.18,1,3.33,1751,3.83,190,0.44
458.07,191745,15289,30,500,24,1.3,1,3.33,1751,3.83,0,0
459.39,192248,15317,30,503,28,1.32,1,3.33,1751,3.83,5,0.02
460.65,192752,15333,30,504,16,1.26,1,3.33,1751,3.83,30,0.06
461.83,193255,15353,30,503,20,1.18,1,3.33,1751,3.83,110,0.26
463.05,193758,15385,30,503,32,1.22,1,3.33,1751,3.83,55,0.13
464.21,194259,15401,30,501,16,1.17,1,3.33,1751,3.83,200,0.48
465.39,194762,15409,30,503,8,1.18,1,3.33,1751,3.83,80,0.19
466.52,195265,15433,30,503,24,1.13,1,3.33,1751,3.83,140,0.33
467.81,195765,15465,30,500,32,1.3,1,3.33,1751,3.83,45,0.11
468.91,196266,15469,30,501,4,1.09,1,3.33,1751,3.83,355,0.73
470.12,196769,15489,30,503,20,1.22,1,3.33,1751,3.83,40,0.1
471.35,197273,15529,30,504,40,1.23,1,3.33,1751,3.83,145,0.36
472.56,197776,15565,30,503,36,1.2,1,3.33,1751,3.83,70,0.16
473.69,198280,15573,30,504,8,1.14,1,3.33,1751,3.83,415,0.92
474.84,198782,15609,30,502,36,1.14,1,3.33,1751,3.83,10,0.02
476.01,199283,15633,30,501,24,1.17,1,3.33,1751,3.83,35,0.09
477.25,199786,15641,30,503,8,1.24,1,3.33,1751,3.83,10,0.03
478.51,200286,15669,30,500,28,1.26,1,3.33,1751,3.83,100,0.27
479.68,200789,15693,30,503,24,1.17,1,3.33,1751,3.83,30,0.06
480.81,201289,15709,30,500,16,1.13,1,3.33,1751,3.83,35,0.07
481.94,201793,15749,30,504,40,1.13,1,3.33,1751,3.83,45,0.11
483.1,202294,15797,30,501,48,1.16,1,3.33,1751,3.83,20,0.04
484.27,202797,15805,30,503,8,1.16,1,3.33,1751,3.83,50,0.1
485.5,203301,15821,30,504,16,1.24,1,3.33,1751,3.83,90,0.23
486.6,203803,15861,30,502,40,1.1,1,3.33,1751,3.83,20,0.05
487.79,204304,15901,30,501,40,1.19,1,3.33,1751,3.83,55,0.12
488.98,204806,15937,30,502,36,1.19,1,3.33,1751,3.83,25,0.06
490.13,205308,15953,30,502,16,1.16,1,3.33,1751,3.83,80,0.19
491.29,205811,15997,30,503,44,1.15,1,3.33,1751,3.83,130,0.27
492.52,206313,16013,30,502,16,1.23,1,3.33,1751,3.83,295,0.73
493.85,206814,16037,30,501,24,1.33,1,3.33,1751,3.83,5,0.02
495.09,207317,16065,30,503,28,1.24,1,3.33,1751,3.83,115,0.27
496.3,207819,16085,30,502,20,1.2,1,3.33,1751,3.83,185,0.42
497.54,208319,16149,30,500,64,1.24,1,3.33,1751,3.83,0,0
498.79,208822,16177,30,503,28,1.24,1,3.33,1751,3.83,35,0.08
500.01,209326,16217,30,504,40,1.23,1,3.33,1751,3.83,5,0.01
501.3,209829,16261,30,503,44,1.28,1,3.33,1751,3.83,65,0.16
502.44,210332,16273,30,503,12,1.15,1,3.33,1751,3.83,245,0.56
503.54,210836,16301,30,504,28,1.1,1,3.33,1751,3.83,5,0.02
504.72,211339,16329,30,503,28,1.18,1,3.33,1751,3.83,45,0.12
505.91,211842,16361,30,503,32,1.18,1,3.33,1751,3.83,50,0.12
507.19,212342,16373,30,500,12,1.28,1,3.33,1751,3.83,95,0.25
508.45,212845,16401,30,503,28,1.26,1,3.33,1751,3.83,210,0.51
509.93,213345,16425,30,500,24,1.48,1,3.33,1751,3.83,135,0.37
511.19,213848,16453,30,503,28,1.26,1,3.33,1751,3.83,15,0.03
512.37,214349,16497,30,501,44,1.19,1,3.33,1751,3.83,15,0.04
513.59,214852,16521,30,503,24,1.22,1,3.33,1751,3.83,40,0.1
514.7,215353,16561,30,501,40,1.11,1,3.33,1751,3.83,0,0
515.83,215853,16585,30,500,24,1.13,1,3.33,1751,3.83,25,0.06
517.02,216354,16613,30,501,28,1.19,1,3.33,1751,3.83,40,0.1
518.26,216857,16641,30,503,28,1.24,1,3.33,1751,3.83,0,0
519.55,217359,16685,30,502,44,1.29,1,3.33,1751,3.83,30,0.07
520.71,217859,16701,30,500,16,1.16,1,3.33,1751,3.83,65,0.16
521.79,218363,16717,30,504,16,1.08,1,3.33,1751,3.83,85,0.18
523.1,218864,16753,30,501,36,1.31,1,3.33,1751,3.83,10,0.03
524.43,219368,16777,30,504,24,1.33,1,3.33,1751,3.83,55,0.13
525.72,219868,16817,30,500,40,1.29,1,3.33,1751,3.83,110,0.27
526.88,220372,16829,30,504,12,1.16,1,3.33,1751,3.83,215,0.45
528.12,220873,16849,30,501,20,1.23,1,3.33,1751,3.83,80,0.18
529.3,221374,16881,30,501,32,1.18,1,3.33,1751,3.83,115,0.26
530.45,221877,16901,30,503,20,1.15,1,3.33,1751,3.83,90,0.19
531.52,222380,16929,30,503,28,1.07,1,3.33,1751,3.83,115,0.24
532.84,222881,16969,30,501,40,1.32,1,3.33,1751,3.83,5,0.01
534.02,223383,16993,30,502,24,1.19,1,3.33,1751,3.83,145,0.34
535.3,223886,17017,30,503,24,1.27,1,3.33,1751,3.83,200,0.5
536.62,224390,17041,30,504,24,1.32,1,3.33,1751,3.83,30,0.08
537.75,224894,17073,30,504,32,1.13,1,3.33,1751,3.83,50,0.11
538.98,225398,17093,30,504,20,1.23,1,3.33,1751,3.83,10,0.02
540.26,225898,17133,30,500,40,1.28,1,3.33,1751,3.83,5,0.01
541.51,226398,17153,30,500,20,1.25,1,3.33,1751,3.83,60,0.15
542.73,226898,17185,30,500,32,1.23,2,6.67,1751,3.83,150,0.37
544.1,227401,17213,30,503,28,1.37,1,3.33,1751,3.83,15,0.04
545.32,227902,17253,30,501,40,1.22,1,3.33,1751,3.83,40,0.09
546.48,228402,17285,30,500,32,1.16,1,3.33,1751,3.83,140,0.29
547.66,228905,17313,30,503,28,1.17,1,3.33,1751,3.83,125,0.29
548.83,229405,17325,30,500,12,1.17,1,3.33,1751,3.83,235,0.55
549.95,229909,17357,30,504,32,1.12,1,3.33,1751,3.83,55,0.14
551.21,230412,17385,30,503,28,1.26,1,3.33,1751,3.83,145,0.37
552.39,230916,17413,30,504,28,1.18,1,3.33,1751,3.83,60,0.15
553.55,231420,17441,30,504,28,1.16,1,3.33,1751,3.83,135,0.31
554.77,231924,17469,30,504,28,1.22,1,3.33,1751,3.83,10,0.02
555.94,232424,17517,30,500,48,1.17,1,3.33,1751,3.83,10,0.03
557.44,232924,17549,30,500,32,1.5,1,3.33,1751,3.83,45,0.13
558.75,233425,17569,30,501,20,1.31,1,3.33,1751,3.83,45,0.09
559.93,233927,17593,30,502,24,1.18,1,3.33,1751,3.83,110,0.25
561.11,234427,17613,30,500,20,1.17,1,3.33,1751,3.83,5,0.01
562.27,234931,17633,30,504,20,1.17,1,3.33,1751,3.83,15,0.05
563.66,235433,17673,30,502,40,1.39,1,3.33,1751,3.83,10,0.03
564.87,235935,17681,30,502,8,1.21,1,3.33,1751,3.83,225,0.49
566.16,236439,17697,30,504,16,1.29,1,3.33,1751,3.83,5,0.01
567.42,236940,17713,30,501,16,1.26,1,3.33,1751,3.83,65,0.16
568.75,237444,17749,30,504,36,1.33,1,3.33,1751,3.83,35,0.08
569.88,237944,17765,30,500,16,1.13,1,3.33,1751,3.83,80,0.17
570.91,238448,17797,30,504,32,1.03,1,3.33,1751,3.83,105,0.22
572.1,238949,17849,30,501,52,1.19,1,3.33,1751,3.83,105,0.24
573.28,239451,17889,30,502,40,1.18,1,3.33,1751,3.83,80,0.2
574.56,239953,17909,30,502,20,1.28,1,3.33,1751,3.83,60,0.15
575.74,240453,17929,30,500,20,1.18,1,3.33,1751,3.83,60,0.16
576.99,240955,17941,30,502,12,1.24,1,3.33,1751,3.83,20,0.05
578.29,241457,17961,30,502,20,1.31,1,3.33,1751,3.83,170,0.39
579.4,241960,18005,30,503,44,1.11,1,3.33,1751,3.83,25,0.05
580.56,242462,18041,30,502,36,1.16,1,3.33,1751,3.83,60,0.17
581.85,242962,18057,30,500,16,1.29,1,3.33,1751,3.83,225,0.58
583.23,243466,18081,30,504,24,1.38,1,3.33,1751,3.83,45,0.12
584.4,243967,18125,30,501,44,1.17,1,3.33,1751,3.83,80,0.17
585.54,244471,18153,30,504,28,1.14,1,3.33,1751,3.83,170,0.38
586.76,244974,18161,30,503,8,1.22,1,3.33,1751,3.83,25,0.07
587.95,245474,18181,30,500,20,1.19,1,3.33,1751,3.83,75,0.15
589.06,245978,18209,30,504,28,1.11,1,3.33,1751,3.83,90,0.17
590.22,246479,18225,30,501,16,1.16,1,3.33,1751,3.83,80,0.17
591.41,246979,18257,30,500,32,1.2,1,3.33,1751,3.83,145,0.35
592.79,247482,18281,30,503,24,1.37,1,3.33,1751,3.83,130,0.28
594,247985,18301,30,503,20,1.21,1,3.33,1751,3.83,185,0.44
595.18,248488,18337,30,503,36,1.18,1,3.33,1751,3.83,50,0.13
596.32,248988,18365,30,500,28,1.14,1,3.33,1751,3.83,70,0.15
597.52,249488,18397,30,500,32,1.2,1,3.33,1751,3.83,85,0.19
598.77,249989,18433,30,501,36,1.25,1,3.33,1751,3.83,195,0.47
600.01,250491,18465,30,502,32,1.24,1,3.33,1751,3.83,50,0.13
601.26,250994,18485,30,503,20,1.25,1,3.33,1751,3.83,280,0.68
602.43,251497,18497,30,503,12,1.16,1,3.33,1751,3.83,430,0.96
603.66,251999,18521,30,502,24,1.23,1,3.33,1751,3.83,65,0.15
604.78,252499,18549,30,500,28,1.12,1,3.33,1751,3.83,270,0.61
605.89,252999,18605,30,500,56,1.12,1,3.33,1751,3.83,70,0.16
607.02,253500,18625,30,501,20,1.12,1,3.33,1751,3.83,40,0.08
608.2,254003,18677,30,503,52,1.18,1,3.33,1751,3.83,20,0.04
609.28,254507,18697,30,504,20,1.08,1,3.33,1751,3.83,35,0.08
610.47,255007,18733,30,500,36,1.19,1,3.33,1751,3.83,90,0.21
611.63,255507,18773,30,500,40,1.16,1,3.33,1751,3.83,10,0.03
612.83,256010,18801,30,503,28,1.2,1,3.33,1751,3.83,30,0.08
614.1,256514,18837,30,504,36,1.28,1,3.33,1751,3.83,50,0.13
615.25,257014,18865,30,500,28,1.15,1,3.33,1751,3.83,5,0.01
616.58,257517,18893,30,503,28,1.33,1,3.33,1751,3.83,5,0.02
617.75,258020,18929,30,503,36,1.17,1,3.33,1751,3.83,70,0.17
619.09,258524,18957,30,504,28,1.34,1,3.33,1751,3.83,30,0.08
620.43,259028,18993,30,504,36,1.34,1,3.33,1751,3.83,70,0.17
621.6,259529,19021,30,501,28,1.18,1,3.33,1751,3.83,25,0.05
622.74,260033,19041,30,504,20,1.13,1,3.33,1751,3.83,25,0.07
623.94,260534,19069,30,501,28,1.21,1,3.33,1751,3.83,30,0.08
625.33,261038,19081,30,504,12,1.39,1,3.33,1751,3.83,45,0.11
626.65,261540,19121,30,502,40,1.32,1,3.33,1751,3.83,210,0.57
627.82,262041,19153,30,501,32,1.17,1,3.33,1751,3.83,70,0.15
629.02,262544,19185,30,503,32,1.2,1,3.33,1751,3.83,105,0.25
630.27,263045,19233,30,501,48,1.25,1,3.33,1751,3.83,5,0.01
631.57,263547,19253,30,502,20,1.29,1,3.33,1751,3.83,140,0.38
632.83,264048,19293,30,501,40,1.26,1,3.33,1751,3.83,25,0.05
634.06,264549,19305,30,501,12,1.23,1,3.33,1751,3.83,365,0.9
635.37,265049,19325,30,500,20,1.31,1,3.33,1751,3.83,200,0.44
636.49,265551,19337,30,502,12,1.12,1,3.33,1751,3.83,215,0.48
637.69,266055,19373,30,504,36,1.2,1,3.33,1751,3.83,125,0.26
638.79,266555,19401,30,500,28,1.1,1,3.33,1751,3.83,45,0.11
640,267057,19421,30,502,20,1.2,1,3.33,1751,3.83,25,0.06
641.23,267560,19445,30,503,24,1.23,1,3.33,1751,3.83,150,0.35
642.43,268061,19469,30,501,24,1.2,1,3.33,1751,3.83,30,0.07
643.61,268563,19497,30,502,28,1.18,1,3.33,1751,3.83,85,0.18
644.85,269063,19525,30,500,28,1.24,1,3.33,1751,3.83,50,0.13
646.15,269563,19545,30,500,20,1.3,1,3.33,1751,3.83,45,0.1
647.37,270067,19589,30,504,44,1.22,1,3.33,1751,3.83,5,0.01
648.63,270571,19621,30,504,32,1.26,1,3.33,1751,3.83,145,0.38
649.89,271075,19645,30,504,24,1.25,1,3.33,1751,3.83,45,0.12
651.08,271577,19673,30,502,28,1.19,1,3.33,1751,3.83,100,0.21
652.16,272077,19701,30,500,28,1.08,1,3.33,1751,3.83,20,0.04
653.23,272578,19717,30,501,16,1.07,1,3.33,1751,3.83,55,0.11
654.31,273081,19729,30,503,12,1.08,1,3.33,1751,3.83,10,0.03
655.37,273584,19741,30,503,12,1.06,1,3.33,1751,3.83,55,0.11
656.53,274088,19753,30,504,12,1.16,1,3.33,1751,3.83,280,0.64
657.77,274590,19773,30,502,20,1.23,1,3.33,1751,3.83,80,0.19
659.27,275091,19797,30,501,24,1.51,1,3.33,1751,3.83,65,0.23
660.59,275595,19837,30,504,40,1.32,1,3.33,1751,3.83,105,0.28
661.89,276096,19865,30,501,28,1.3,1,3.33,1751,3.83,165,0.45
663.17,276597,19885,30,501,20,1.28,1,3.33,1751,3.83,5,0.01
664.49,277100,19937,30,503,52,1.32,1,3.33,1751,3.83,165,0.45
665.75,277602,19953,30,502,16,1.26,1,3.33,1751,3.83,65,0.17
666.95,278104,19993,30,502,40,1.19,1,3.33,1751,3.83,40,0.09
668.13,278608,20021,30,504,28,1.18,1,3.33,1751,3.83,5,0.01
669.26,279110,20061,30,502,40,1.13,1,3.33,1751,3.83,65,0.15
670.37,279614,20097,30,504,36,1.11,1,3.33,1751,3.83,105,0.26
671.53,280117,20125,30,503,28,1.16,1,3.33,1751,3.83,15,0.03
672.66,280620,20149,30,503,24,1.12,1,3.33,1751,3.83,75,0.16
673.85,281120,20185,30,500,36,1.19,1,3.33,1751,3.83,25,0.07
675.09,281621,20209,30,501,24,1.24,1,3.33,1751,3.83,25,0.05
676.24,282124,20241,30,503,32,1.16,1,3.33,1751,3.83,40,0.1
677.44,282627,20269,30,503,28,1.19,1,3.33,1751,3.83,40,0.1
678.71,283129,20293,30,502,24,1.27,1,3.33,1751,3.83,40,0.1
679.95,283630,20329,30,501,36,1.25,1,3.33,1751,3.83,50,0.12
681.12,284133,20361,30,503,32,1.17,1,3.33,1751,3.83,80,0.2
682.28,284635,20397,30,502,36,1.16,1,3.33,1751,3.83,15,0.03
683.54,285139,20449,30,504,52,1.26,1,3.33,1751,3.83,5,0.02
684.68,285641,20473,30,502,24,1.13,1,3.33,1751,3.83,105,0.24
685.83,286141,20509,30,500,36,1.15,1,3.33,1751,3.83,50,0.11
686.99,286645,20549,30,504,40,1.16,1,3.33,1751,3.83,40,0.07
688.12,287147,20569,30,502,20,1.13,1,3.33,1751,3.83,30,0.06
689.29,287647,20593,30,500,24,1.17,1,3.33,1751,3.83,75,0.19
690.57,288147,20629,30,500,36,1.28,1,3.33,1751,3.83,25,0.07
691.69,288647,20657,30,500,28,1.12,1,3.33,1751,3.83,25,0.06
692.96,289148,20693,30,501,36,1.26,1,3.33,1751,3.83,50,0.13
694.11,289648,20733,30,500,40,1.16,1,3.33,1751,3.83,35,0.07
695.28,290149,20753,30,501,20,1.17,1,3.33,1751,3.83,85,0.23
696.49,290652,20773,30,503,20,1.21,1,3.33,1751,3.83,55,0.16
697.79,291153,20793,30,501,20,1.31,1,3.33,1751,3.83,200,0.5
698.93,291656,20813,30,503,20,1.14,1,3.33,1751,3.83,80,0.18
700.11,292159,20841,30,503,28,1.18,1,3.33,1751,3.83,30,0.06
701.34,292661,20865,30,502,24,1.23,1,3.33,1751,3.83,15,0.04
702.53,293161,20901,30,500,36,1.19,1,3.33,1751,3.83,20,0.06
703.81,293664,20941,30,503,40,1.28,1,3.33,1751,3.83,10,0.02
705.13,294167,20989,30,503,48,1.33,1,3.33,1751,3.83,20,0.06
706.28,294669,20993,30,502,4,1.15,1,3.33,1751,3.83,105,0.23
707.45,295170,21013,30,501,20,1.17,1,3.33,1751,3.83,120,0.27
708.61,295673,21069,30,503,56,1.16,1,3.33,1751,3.83,25,0.06
709.74,296177,21113,30,504,44,1.13,1,3.33,1751,3.83,15,0.05
710.89,296678,21157,30,501,44,1.15,1,3.33,1751,3.83,10,0.03
712.12,297179,21177,30,501,20,1.23,1,3.33,1751,3.83,155,0.42
713.33,297680,21205,30,501,28,1.21,1,3.33,1751,3.83,20,0.05
714.48,298184,21229,30,504,24,1.15,1,3.33,1751,3.83,85,0.19
715.62,298685,21245,30,501,16,1.15,1,3.33,1751,3.83,5,0.02
716.79,299189,21277,30,504,32,1.17,1,3.33,1751,3.83,70,0.15
717.95,299690,21305,30,501,28,1.16,1,3.33,1751,3.83,150,0.32
719.2,300192,21345,30,502,40,1.25,1,3.33,1751,3.83,20,0.05
720.42,300692,21385,30,500,40,1.22,1,3.33,1751,3.83,165,0.38
721.78,301196,21401,30,504,16,1.36,1,3.33,1751,3.83,65,0.19
723.3,301698,21421,30,502,20,1.52,1,3.33,1751,3.83,0,0
724.45,302201,21449,30,503,28,1.16,1,3.33,1751,3.83,25,0.05
725.8,302704,21477,30,503,28,1.35,1,3.33,1751,3.83,35,0.07
727.27,303204,21505,30,500,28,1.47,1,3.33,1751,3.83,150,0.46
728.47,303705,21521,30,501,16,1.2,1,3.33,1751,3.83,190,0.46
729.64,304208,21557,30,503,36,1.17,1,3.33,1751,3.83,90,0.2
730.77,304708,21597,30,500,40,1.13,1,3.33,1751,3.83,100,0.21
731.87,305208,21641,30,500,44,1.1,1,3.33,1751,3.83,10,0.02
733.14,305712,21677,30,504,36,1.27,1,3.33,1751,3.83,165,0.37
734.31,306216,21701,30,504,24,1.17,1,3.33,1751,3.83,10,0.02
735.41,306719,21733,30,503,32,1.11,1,3.33,1751,3.83,85,0.18
736.65,307222,21761,30,503,28,1.24,1,3.33,1751,3.83,30,0.08
737.97,307725,21789,30,503,28,1.31,1,3.33,1751,3.83,10,0.03
739.39,308225,21837,30,500,48,1.42,1,3.33,1751,3.83,80,0.27
740.58,308725,21893,30,500,56,1.19,1,3.33,1751,3.83,35,0.08
741.8,309227,21933,30,502,40,1.23,1,3.33,1751,3.83,30,0.08
743.01,309728,21973,30,501,40,1.21,1,3.33,1751,3.83,100,0.26
744.25,310230,21997,30,502,24,1.24,1,3.33,1751,3.83,40,0.11
745.51,310733,22033,30,503,36,1.26,1,3.33,1751,3.83,90,0.24
746.57,311236,22057,30,503,24,1.06,1,3.33,1751,3.83,20,0.05
747.81,311737,22089,30,501,32,1.23,1,3.33,1751,3.83,45,0.13
748.88,312239,22113,30,502,24,1.08,1,3.33,1751,3.83,55,0.13
750.12,312743,22137,30,504,24,1.24,1,3.33,1751,3.83,50,0.15
751.62,313245,22161,30,502,24,1.49,1,3.33,1751,3.83,110,0.29
752.79,313748,22185,30,503,24,1.17,1,3.33,1751,3.83,125,0.29
754.03,314252,22217,30,504,32,1.24,1,3.33,1751,3.83,25,0.06
755.35,314756,22249,30,504,32,1.32,1,3.33,1751,3.83,60,0.15
756.59,315258,22273,30,502,24,1.24,1,3.33,1751,3.83,145,0.36
757.77,315759,22293,30,501,20,1.18,1,3.33,1751,3.83,145,0.34
758.98,316263,22309,30,504,16,1.21,1,3.33,1751,3.83,140,0.31
760.13,316763,22329,30,500,20,1.15,1,3.33,1751,3.83,175,0.36
761.35,317267,22369,30,504,40,1.22,1,3.33,1751,3.83,75,0.18
762.5,317769,22377,30,502,8,1.15,1,3.33,1751,3.83,40,0.1
763.63,318272,22413,30,503,36,1.14,1,3.33,1751,3.83,45,0.1
764.79,318773,22441,30,501,28,1.16,1,3.33,1751,3.83,70,0.15
765.77,319275,22457,30,502,16,0.98,1,3.33,1751,3.83,5,0.01
766.97,319776,22489,30,501,32,1.2,1,3.33,1751,3.83,110,0.26
768.17,320280,22513,30,504,24,1.2,1,3.33,1751,3.83,30,0.08
769.5,320781,22533,30,501,20,1.33,1,3.33,1751,3.83,85,0.23
770.82,321284,22553,30,503,20,1.32,1,3.33,1751,3.83,45,0.11
772.1,321786,22569,30,502,16,1.28,1,3.33,1751,3.83,100,0.22
773.33,322286,22601,30,500,32,1.24,1,3.33,1751,3.83,0,0
774.51,322790,22625,30,504,24,1.17,1,3.33,1751,3.83,30,0.08
775.75,323294,22673,30,504,48,1.25,1,3.33,1751,3.83,10,0.03
776.97,323797,22677,30,503,4,1.22,1,3.33,1751,3.83,315,0.72
778.06,324298,22713,30,501,36,1.08,1,3.33,1751,3.83,15,0.04
779.23,324801,22741,30,503,28,1.18,1,3.33,1751,3.83,80,0.21
780.41,325301,22773,30,500,32,1.18,1,3.33,1751,3.83,55,0.13
781.64,325804,22797,30,503,24,1.22,1,3.33,1751,3.83,40,0.1
782.89,326306,22817,30,502,20,1.25,1,3.33,1751,3.83,40,0.11
784.1,326807,22833,30,501,16,1.21,1,3.33,1751,3.83,35,0.09
785.29,327310,22869,30,503,36,1.2,1,3.33,1751,3.83,45,0.1
786.55,327812,22897,30,502,28,1.26,1,3.33,1751,3.83,15,0.02
787.66,328315,22925,30,503,28,1.11,1,3.33,1751,3.83,165,0.37
788.84,328817,22961,30,502,36,1.18,1,3.33,1751,3.83,75,0.19
790.05,329318,22981,30,501,20,1.21,1,3.33,1751,3.83,150,0.39
791.34,329821,22989,30,503,8,1.29,1,3.33,1751,3.83,40,0.09
792.49,330321,23005,30,500,16,1.15,1,3.33,1751,3.83,365,0.83
793.76,330824,23037,30,503,32,1.26,1,3.33,1751,3.83,30,0.08
795.04,331325,23053,30,501,16,1.28,1,3.33,1751,3.83,110,0.31
796.3,331825,23053,30,500,0,1.26,0,0,1751,3.83,610,1.57
797.57,332325,23081,30,500,28,1.27,1,3.33,1751,3.83,65,0.16
798.88,332827,23117,30,502,36,1.31,1,3.33,1751,3.83,55,0.14
800.04,333329,23149,30,502,32,1.16,1,3.33,1751,3.83,150,0.35
801.22,333831,23173,30,502,24,1.17,1,3.33,1751,3.83,35,0.07
802.4,334333,23217,30,502,44,1.18,1,3.33,1751,3.83,40,0.09
803.62,334836,23253,30,503,36,1.21,1,3.33,1751,3.83,110,0.27
804.82,335340,23277,30,504,24,1.21,1,3.33,1751,3.83,45,0.1
805.97,335842,23321,30,502,44,1.15,1,3.33,1751,3.83,5,0.02
807.22,336345,23357,30,503,36,1.25,1,3.33,1751,3.83,65,0.15
808.46,336846,23405,30,501,48,1.24,1,3.33,1751,3.83,15,0.04
809.65,337348,23433,30,502,28,1.19,1,3.33,1751,3.83,90,0.22
810.84,337850,23469,30,502,36,1.2,1,3.33,1751,3.83,115,0.28
812.06,338350,23485,30,500,16,1.21,1,3.33,1751,3.83,70,0.17
813.2,338853,23493,30,503,8,1.14,1,3.33,1751,3.83,60,0.11
814.47,339354,23529,30,501,36,1.27,1,3.33,1751,3.83,160,0.43
815.79,339854,23573,30,500,44,1.32,1,3.33,1751,3.83,5,0.02
817.09,340357,23597,30,503,24,1.31,1,3.33,1751,3.83,5,0.02
818.47,340858,23617,30,501,20,1.37,1,3.33,1751,3.83,150,0.36
819.68,341359,23641,30,501,24,1.21,1,3.33,1751,3.83,30,0.06
820.99,341862,23673,30,503,32,1.32,1,3.33,1751,3.83,20,0.05
822.3,342364,23693,30,502,20,1.31,1,3.33,1751,3.83,70,0.16
823.52,342864,23737,30,500,44,1.22,1,3.33,1751,3.83,65,0.17
824.79,343368,23769,30,504,32,1.27,1,3.33,1751,3.83,15,0.05
825.93,343872,23797,30,504,28,1.14,1,3.33,1751,3.83,20,0.06
827.28,344372,23825,30,500,28,1.35,1,3.33,1751,3.83,90,0.27
828.64,344876,23857,30,504,32,1.36,1,3.33,1751,3.83,35,0.09
829.83,345377,23869,30,501,12,1.19,1,3.33,1751,3.83,200,0.44
831.05,345877,23893,30,500,24,1.22,1,3.33,1751,3.83,80,0.21
832.32,346378,23921,30,501,28,1.27,1,3.33,1751,3.83,45,0.1
833.5,346882,23965,30,504,44,1.19,1,3.33,1751,3.83,140,0.34
834.84,347385,24005,30,503,40,1.34,1,3.33,1751,3.83,15,0.04
836.16,347885,24041,30,500,36,1.32,1,3.33,1751,3.83,140,0.37
837.41,348388,24053,30,503,12,1.25,1,3.33,1751,3.83,50,0.11
838.72,348888,24073,30,500,20,1.3,1,3.33,1751,3.83,40,0.11
840.04,349391,24113,30,503,40,1.32,1,3.33,1751,3.83,35,0.09
841.34,349895,24129,30,504,16,1.3,1,3.33,1751,3.83,35,0.13
842.61,350396,24149,30,501,20,1.27,1,3.33,1751,3.83,90,0.22
843.81,350899,24173,30,503,24,1.2,1,3.33,1751,3.83,50,0.13
845.1,351400,24189,30,501,16,1.29,1,3.33,1751,3.83,165,0.42
846.25,351902,24209,30,502,20,1.15,1,3.33,1751,3.83,5,0.02
847.4,352406,24225,30,504,16,1.14,1,3.33,1751,3.83,340,0.78
848.71,352906,24241,30,500,16,1.31,1,3.33,1751,3.83,175,0.43
849.98,353409,24277,30,503,36,1.27,1,3.33,1751,3.83,5,0.01
851.28,353909,24305,30,500,28,1.3,1,3.33,1751,3.83,85,0.23
852.73,354410,24337,30,501,32,1.46,1,3.33,1751,3.83,115,0.29
854.09,354913,24361,30,503,24,1.36,1,3.33,1751,3.83,90,0.24
855.39,355414,24377,30,501,16,1.3,1,3.33,1751,3.83,55,0.14
856.53,355915,24397,30,501,20,1.14,1,3.33,1751,3.83,120,0.27
857.84,356419,24429,30,504,32,1.31,1,3.33,1751,3.83,40,0.1
859.25,356922,24461,30,503,32,1.42,1,3.33,1751,3.83,45,0.14
860.57,357425,24493,30,503,32,1.31,1,3.33,1751,3.83,40,0.1
861.77,357926,24521,30,501,28,1.2,1,3.33,1751,3.83,50,0.15
863.4,358429,24541,30,503,20,1.63,1,3.33,1751,3.83,55,0.17
864.61,358933,24553,30,504,12,1.21,1,3.33,1751,3.83,10,0.02
866.11,359435,24581,30,502,28,1.5,1,3.33,1751,3.83,5,0.01
867.4,359939,24609,30,504,28,1.3,1,3.33,1751,3.83,180,0.47
868.69,360439,24629,30,500,20,1.29,1,3.33,1751,3.83,230,0.66
870.16,360939,24657,30,500,28,1.46,1,3.33,1751,3.83,135,0.35
871.39,361441,24685,30,502,28,1.23,1,3.33,1751,3.83,65,0.17
872.61,361942,24733,30,501,48,1.23,1,3.33,1751,3.83,0,0
873.69,362445,24781,30,503,48,1.08,1,3.33,1751,3.83,5,0.01
874.96,362947,24813,30,502,32,1.26,1,3.33,1751,3.83,5,0.01
876.37,363449,24833,30,502,20,1.41,1,3.33,1751,3.83,40,0.08
877.61,363952,24845,30,503,12,1.24,1,3.33,1751,3.83,80,0.16
878.92,364452,24869,30,500,24,1.32,1,3.33,1751,3.83,15,0.03
880.16,364955,24897,30,503,28,1.24,1,3.33,1751,3.83,15,0.04
881.38,365456,24953,30,501,56,1.22,1,3.33,1751,3.83,5,0.01
882.54,365957,24981,30,501,28,1.16,1,3.33,1751,3.83,155,0.36
883.77,366461,25005,30,504,24,1.24,1,3.33,1751,3.83,165,0.43
884.94,366965,25033,30,504,28,1.17,1,3.33,1751,3.83,130,0.29
886.15,367469,25057,30,504,24,1.2,1,3.33,1751,3.83,35,0.1
887.37,367972,25077,30,503,20,1.23,1,3.33,1751,3.83,10,0.02
888.71,368474,25097,30,502,20,1.34,1,3.33,1751,3.83,305,0.85
890.03,368976,25117,30,502,20,1.32,1,3.33,1751,3.83,5,0.02
891.28,369479,25145,30,503,28,1.24,1,3.33,1751,3.83,85,0.23
892.52,369981,25173,30,502,28,1.25,1,3.33,1751,3.83,5,0.01
893.98,370485,25197,30,504,24,1.45,1,3.33,1751,3.83,90,0.25
895.18,370987,25233,30,502,36,1.21,1,3.33,1751,3.83,5,0.02
896.33,371487,25257,30,500,24,1.14,1,3.33,1751,3.83,30,0.07
897.46,371990,25289,30,503,32,1.14,1,3.33,1751,3.83,25,0.05
898.54,372490,25313,30,500,24,1.08,1,3.33,1751,3.83,125,0.26
899.81,372992,25357,30,502,44,1.26,1,3.33,1751,3.83,120,0.32
901,373496,25385,30,504,28,1.19,1,3.33,1751,3.83,65,0.16
902.44,373998,25413,30,502,28,1.44,1,3.33,1751,3.83,220,0.74
903.65,374499,25445,30,501,32,1.21,1,3.33,1751,3.83,30,0.07
904.9,374999,25481,30,500,36,1.25,1,3.33,1751,3.83,0,0
906.01,375500,25513,30,501,32,1.11,1,3.33,1751,3.83,25,0.05
907.24,376001,25541,30,501,28,1.23,1,3.33,1751,3.83,105,0.26
908.49,376503,25565,30,502,24,1.25,1,3.33,1751,3.83,75,0.16
909.84,377006,25625,30,503,60,1.36,1,3.33,1751,3.83,5,0.01
911.09,377508,25641,30,502,16,1.24,1,3.33,1751,3.83,85,0.22
912.39,378012,25665,30,504,24,1.3,1,3.33,1751,3.83,105,0.3
913.64,378512,25685,30,500,20,1.25,1,3.33,1751,3.83,110,0.31
914.98,379013,25697,30,501,12,1.34,1,3.33,1751,3.83,285,0.73
916.38,379517,25713,30,504,16,1.4,1,3.33,1751,3.83,115,0.28
917.69,380021,25729,30,504,16,1.31,1,3.33,1751,3.83,220,0.54
918.92,380524,25753,30,503,24,1.23,1,3.33,1751,3.83,45,0.11
920.19,381024,25793,30,500,40,1.27,1,3.33,1751,3.83,0,0
921.42,381526,25801,30,502,8,1.23,1,3.33,1751,3.83,215,0.59
922.91,382027,25825,30,501,24,1.48,1,3.33,1751,3.83,95,0.24
924.22,382530,25869,30,503,44,1.31,1,3.33,1751,3.83,95,0.24
925.55,383030,25917,30,500,48,1.33,1,3.33,1751,3.83,25,0.07
926.87,383534,25949,30,504,32,1.33,1,3.33,1751,3.83,115,0.34
928.47,384035,25997,30,501,48,1.6,1,3.33,1751,3.83,10,0.03
929.72,384538,26009,30,503,12,1.25,1,3.33,1751,3.83,145,0.38
930.86,385041,26021,30,503,12,1.14,1,3.33,1751,3.83,25,0.06
932.01,385542,26041,30,501,20,1.15,1,3.33,1751,3.83,135,0.36
933.39,386045,26073,30,503,32,1.38,1,3.33,1751,3.83,5,0.01
934.62,386549,26117,30,504,44,1.23,1,3.33,1751,3.83,50,0.14
935.89,387049,26133,30,500,16,1.27,1,3.33,1751,3.83,0,0
937.1,387549,26149,30,500,16,1.21,1,3.33,1751,3.83,135,0.29
938.3,388050,26181,30,501,32,1.2,1,3.33,1751,3.83,80,0.2
939.48,388554,26217,30,504,36,1.18,1,3.33,1751,3.83,25,0.06
940.68,389054,26257,30,500,40,1.2,1,3.33,1751,3.83,75,0.17
941.93,389554,26277,30,500,20,1.25,1,3.33,1751,3.83,55,0.15
943.38,390056,26329,30,502,52,1.45,1,3.33,1751,3.83,5,0
944.6,390558,26365,30,502,36,1.22,1,3.33,1751,3.83,30,0.09
945.88,391062,26393,30,504,28,1.28,1,3.33,1751,3.83,45,0.13
947.03,391564,26429,30,502,36,1.15,1,3.33,1751,3.83,10,0.02
950.21,392066,26469,30,502,40,3.17,1,3.33,1751,3.83,20,0.06
951.5,392566,26497,30,500,28,1.3,1,3.33,1751,3.83,140,0.33
952.81,393069,26517,30,503,20,1.31,1,3.33,1751,3.83,5,0.01
954.02,393570,26553,30,501,36,1.21,1,3.33,1751,3.83,70,0.17
955.33,394070,26573,30,500,20,1.32,1,3.33,1751,3.83,0,0
956.57,394573,26601,30,503,28,1.24,1,3.33,1751,3.83,155,0.41
957.84,395076,26633,30,503,32,1.27,1,3.33,1751,3.83,125,0.29
959.07,395578,26677,30,502,44,1.23,1,3.33,1751,3.83,65,0.17
960.31,396078,26725,30,500,48,1.24,1,3.33,1751,3.83,15,0.03
961.54,396579,26745,30,501,20,1.23,1,3.33,1751,3.83,85,0.19
962.8,397080,26777,30,501,32,1.26,1,3.33,1751,3.83,70,0.18
964.02,397583,26801,30,503,24,1.22,1,3.33,1751,3.83,10,0.02
965.19,398086,26817,30,503,16,1.17,1,3.33,1751,3.83,85,0.21
966.36,398588,26841,30,502,24,1.17,1,3.33,1751,3.83,55,0.12
967.75,399092,26865,30,504,24,1.39,1,3.33,1751,3.83,140,0.39
968.98,399593,26869,30,501,4,1.23,1,3.33,1751,3.83,90,0.24
970.33,400095,26913,30,502,44,1.35,1,3.33,1751,3.83,30,0.09
971.62,400597,26953,30,502,40,1.29,1,3.33,1751,3.83,30,0.09
972.92,401100,27001,30,503,48,1.3,1,3.33,1751,3.83,80,0.2
974.08,401601,27029,30,501,28,1.16,1,3.33,1751,3.83,70,0.16
975.4,402101,27061,30,500,32,1.32,1,3.33,1751,3.83,0,0
976.6,402601,27101,30,500,40,1.2,1,3.33,1751,3.83,0,0
977.78,403104,27137,30,503,36,1.18,1,3.33,1751,3.83,35,0.06
979.04,403607,27157,30,503,20,1.26,1,3.33,1751,3.83,125,0.32
980.28,404109,27197,30,502,40,1.23,1,3.33,1751,3.83,15,0.04
981.49,404610,27213,30,501,16,1.21,1,3.33,1751,3.83,10,0.03
982.83,405111,27249,30,501,36,1.34,1,3.33,1751,3.83,30,0.09
984.35,405612,27289,30,501,40,1.51,1,3.33,1751,3.83,40,0.14
985.78,406114,27333,30,502,44,1.43,1,3.33,1751,3.83,45,0.1
987,406616,27353,30,502,20,1.22,1,3.33,1751,3.83,120,0.32
988.31,407118,27377,30,502,24,1.31,1,3.33,1751,3.83,5,0.01
989.38,407619,27429,30,501,52,1.07,1,3.33,1751,3.83,85,0.2
990.5,408120,27449,30,501,20,1.12,1,3.33,1751,3.83,145,0.32
991.73,408623,27505,30,503,56,1.23,1,3.33,1751,3.83,30,0.07
992.92,409124,27529,30,501,24,1.19,1,3.33,1751,3.83,155,0.39
994.17,409624,27569,30,500,40,1.25,1,3.33,1751,3.83,35,0.09
995.35,410127,27601,30,503,32,1.17,1,3.33,1751,3.83,15,0.04
996.61,410628,27637,30,501,36,1.27,1,3.33,1751,3.83,75,0.18
997.85,411128,27665,30,500,28,1.24,1,3.33,1751,3.83,45,0.12
999.06,411628,27705,30,500,40,1.22,1,3.33,1751,3.83,70,0.17
1000.3,412128,27717,30,500,12,1.23,1,3.33,1751,3.83,40,0.09
1001.52,412632,27757,30,504,40,1.22,1,3.33,1751,3.83,10,0.02
1002.75,413135,27805,30,503,48,1.23,1,3.33,1751,3.83,25,0.07
1003.99,413636,27837,30,501,32,1.24,1,3.33,1751,3.83,5,0.02
1005.38,414140,27869,30,504,32,1.39,1,3.33,1751,3.83,30,0.07
1006.58,414643,27897,30,503,28,1.2,1,3.33,1751,3.83,140,0.33
1007.8,415146,27929,30,503,32,1.23,1,3.33,1751,3.83,35,0.08
1009.13,415646,27949,30,500,20,1.33,1,3.33,1751,3.83,270,0.75
1010.36,416149,27969,30,503,20,1.23,1,3.33,1751,3.83,25,0.06
1011.71,416650,27993,30,501,24,1.36,1,3.33,1751,3.83,215,0.56
1012.94,417153,28053,30,503,60,1.23,1,3.33,1751,3.83,50,0.14
1014.11,417653,28077,30,500,24,1.17,1,3.33,1751,3.83,90,0.19
1015.37,418154,28089,30,501,12,1.25,1,3.33,1751,3.83,240,0.67
1016.62,418658,28105,30,504,16,1.25,1,3.33,1751,3.83,15,0.04
1017.86,419160,28125,30,502,20,1.24,1,3.33,1751,3.83,25,0.06
1019.16,419664,28141,30,504,16,1.29,1,3.33,1751,3.83,265,0.7
1020.52,420164,28169,30,500,28,1.37,1,3.33,1751,3.83,10,0.03
1021.7,420665,28185,30,501,16,1.18,1,3.33,1751,3.83,110,0.23
1022.83,421167,28237,30,502,52,1.13,1,3.33,1751,3.83,25,0.06
1024.02,421667,28277,30,500,40,1.18,1,3.33,1751,3.83,30,0.08
1025.26,422170,28313,30,503,36,1.24,1,3.33,1751,3.83,60,0.13
1026.71,422673,28337,30,503,24,1.45,1,3.33,1751,3.83,15,0.06
1028.05,423173,28361,30,500,24,1.35,1,3.33,1751,3.83,50,0.12
1029.42,423676,28385,30,503,24,1.37,1,3.33,1751,3.83,225,0.61
1030.82,424178,28433,30,502,48,1.4,1,3.33,1751,3.83,20,0.04
1032.08,424681,28445,30,503,12,1.26,1,3.33,1751,3.83,25,0.05
1033.34,425182,28481,30,501,36,1.26,1,3.33,1751,3.83,110,0.24
1034.57,425682,28513,30,500,32,1.23,1,3.33,1751,3.83,30,0.08
1036,426186,28537,30,504,24,1.43,1,3.33,1751,3.83,45,0.13
1037.38,426690,28557,30,504,20,1.37,1,3.33,1751,3.83,60,0.16
1038.81,427190,28573,30,500,16,1.43,1,3.33,1751,3.83,70,0.18
1040.08,427692,28589,30,502,16,1.27,1,3.33,1751,3.83,20,0.06
1041.29,428192,28617,30,500,28,1.22,1,3.33,1751,3.83,25,0.05
1042.62,428692,28649,30,500,32,1.33,1,3.33,1751,3.83,150,0.4
1043.92,429196,28681,30,504,32,1.3,1,3.33,1751,3.83,135,0.33
1045.18,429699,28717,30,503,36,1.26,1,3.33,1751,3.83,0,0
1046.35,430200,28741,30,501,24,1.17,1,3.33,1751,3.83,20,0.05
1047.7,430703,28773,30,503,32,1.35,1,3.33,1751,3.83,15,0.05
1048.9,431205,28781,30,502,8,1.2,1,3.33,1751,3.83,5,0.01
1050.15,431709,28821,30,504,40,1.25,1,3.33,1751,3.83,20,0.06
1051.37,432211,28861,30,502,40,1.22,1,3.33,1751,3.83,50,0.13
1052.6,432713,28881,30,502,20,1.23,1,3.33,1751,3.83,10,0.03
1053.92,433213,28917,30,500,36,1.32,1,3.33,1751,3.83,185,0.49
1055.24,433715,28941,30,502,24,1.33,1,3.33,1751,3.83,120,0.29
1056.52,434218,28973,30,503,32,1.28,1,3.33,1751,3.83,30,0.08
1057.74,434721,28985,30,503,12,1.22,1,3.33,1751,3.83,225,0.5
1058.91,435223,29009,30,502,24,1.18,1,3.33,1751,3.83,95,0.2
1060.16,435725,29029,30,502,20,1.25,1,3.33,1751,3.83,165,0.42
1061.34,436229,29057,30,504,28,1.18,1,3.33,1751,3.83,140,0.33
1062.56,436731,29065,30,502,8,1.22,1,3.33,1751,3.83,330,0.8
1063.78,437232,29089,30,501,24,1.22,1,3.33,1751,3.83,190,0.46
1064.92,437733,29121,30,501,32,1.14,1,3.33,1751,3.83,145,0.33
1066.27,438233,29137,30,500,16,1.36,1,3.33,1751,3.83,200,0.49
1067.44,438736,29177,30,503,40,1.17,1,3.33,1751,3.83,35,0.07
1068.67,439236,29209,30,500,32,1.22,1,3.33,1751,3.83,20,0.05
1069.93,439737,29233,30,501,24,1.27,1,3.33,1751,3.83,50,0.14
1071.17,440238,29265,30,501,32,1.23,1,3.33,1751,3.83,30,0.07
1072.28,440741,29297,30,503,32,1.11,1,3.33,1751,3.83,125,0.25
1.09,502,5469,24,502,5469,1.09,4,16.67,151,0.3,175,0.39
2.22,1006,5556,24,504,87,1.12,2,8.33,265,0.59,95,0.19
3.23,1507,5556,24,501,0,1.01,1,4.17,265,0.59,410,0.81
4.23,2008,5618,24,501,62,1,2,8.33,411,0.82,200,0.4
5.18,2508,5618,24,500,0,0.95,0,0,411,0.82,700,1.35
6.17,3009,5624,24,501,6,0.99,1,4.17,1136,2.2,65,0.14
7.22,3511,5624,24,502,0,1.06,1,4.17,1136,2.2,345,0.74
8.31,4011,5624,24,500,0,1.08,0,0,1136,2.2,845,1.82
9.51,4512,5626,24,501,2,1.2,1,4.17,1136,2.2,445,1.06
10.66,5012,5626,24,500,0,1.15,0,0,1136,2.2,945,2.22
11.75,5514,5632,24,502,6,1.09,1,4.17,1356,3.09,70,0.16
12.79,6015,5636,24,501,4,1.05,1,4.17,1356,3.09,90,0.17
13.77,6515,5636,24,500,0,0.97,0,0,1356,3.09,590,1.14
14.75,7015,5636,24,500,0,0.98,0,0,1356,3.09,1090,2.12
15.77,7516,5640,24,501,4,1.02,1,4.17,1356,3.09,345,0.69
16.75,8016,5640,24,500,0,0.98,0,0,1356,3.09,845,1.67
17.76,8517,5644,24,501,4,1.02,1,4.17,1356,3.09,345,0.67
18.86,9017,5644,24,500,0,1.1,0,0,1356,3.09,845,1.77
19.97,9521,5660,24,504,16,1.11,1,4.17,1356,3.09,45,0.09
21.05,10022,5664,24,501,4,1.08,1,4.17,1356,3.09,55,0.12
22.31,10523,5668,24,501,4,1.26,1,4.17,1356,3.09,350,0.92
23.44,11026,5684,24,503,16,1.13,2,8.33,1356,3.09,120,0.25
24.44,11530,5692,24,504,8,1,1,4.17,1356,3.09,230,0.45
25.56,12030,5704,24,500,12,1.12,1,4.17,1356,3.09,0,0
26.78,12534,5724,24,504,20,1.22,1,4.17,1356,3.09,25,0.07
27.88,13036,5744,24,502,20,1.1,1,4.17,1356,3.09,60,0.14
29.09,13540,5764,24,504,20,1.21,1,4.17,1356,3.09,95,0.2
30.18,14041,5784,24,501,20,1.09,1,4.17,1356,3.09,85,0.16
31.23,14542,5816,24,501,32,1.05,2,8.33,1356,3.09,45,0.09
32.35,15043,5832,24,501,16,1.12,1,4.17,1356,3.09,5,0.01
33.42,15547,5848,24,504,16,1.06,1,4.17,1356,3.09,25,0.07
34.72,16049,5868,24,502,20,1.3,1,4.17,1356,3.09,15,0.03
35.98,16550,5912,24,501,44,1.26,1,4.17,1356,3.09,60,0.16
37.13,17050,5936,24,500,24,1.15,1,4.17,1356,3.09,45,0.1
38.2,17552,5956,24,502,20,1.07,1,4.17,1356,3.09,25,0.05
39.39,18052,5984,24,500,28,1.19,2,8.33,1356,3.09,30,0.08
40.49,18554,6024,24,502,40,1.11,1,4.17,1356,3.09,40,0.1
41.6,19058,6036,24,504,12,1.11,1,4.17,1356,3.09,150,0.33
42.77,19561,6056,24,503,20,1.17,1,4.17,1356,3.09,75,0.18
43.88,20065,6072,24,504,16,1.11,1,4.17,1356,3.09,70,0.16
44.97,20565,6100,24,500,28,1.09,1,4.17,1356,3.09,5,0.01
46.03,21067,6136,24,502,36,1.07,1,4.17,1356,3.09,40,0.07
47.06,21568,6156,24,501,20,1.02,1,4.17,1356,3.09,25,0.06
48.27,22072,6216,24,504,60,1.21,1,4.17,1356,3.09,30,0.07
49.39,22574,6252,24,502,36,1.12,1,4.17,1356,3.09,65,0.14
50.58,23075,6284,24,501,32,1.19,1,4.17,1356,3.09,5,0.01
51.7,23577,6316,24,502,32,1.12,1,4.17,1356,3.09,5,0.01
52.99,24078,6332,24,501,16,1.29,1,4.17,1356,3.09,190,0.56
54.21,24580,6340,23,502,8,1.22,2,8.7,1356,3.09,410,0.95
55.31,25080,6340,23,500,0,1.1,0,0,1356,3.09,910,2.04
56.48,25580,6340,23,500,0,1.17,0,0,1356,3.09,1410,3.22
57.57,26081,6344,23,501,4,1.08,1,4.35,1856,4.16,55,0.13
58.55,26581,6344,23,500,0,0.99,0,0,1856,4.16,555,1.12
59.6,27081,6344,23,500,0,1.04,0,0,1856,4.16,1055,2.17
60.61,27582,6348,23,501,4,1.01,1,4.35,1856,4.16,295,0.6
61.71,28082,6348,23,500,0,1.1,0,0,1856,4.16,795,1.7
62.68,28583,6352,23,501,4,0.97,1,4.35,1856,4.16,215,0.43
63.74,29084,6356,23,501,4,1.06,1,4.35,1856,4.16,435,0.92
64.78,29585,6360,23,501,4,1.04,1,4.35,1856,4.16,255,0.52
65.84,30085,6360,23,500,0,1.06,0,0,1856,4.16,755,1.58
66.95,30586,6364,23,501,4,1.11,1,4.35,1856,4.16,300,0.66
67.97,31086,6364,23,500,0,1.03,0,0,1856,4.16,800,1.69
69.08,31589,6372,23,503,8,1.1,1,4.35,1856,4.16,20,0.05
70.1,32093,6380,23,504,8,1.02,1,4.35,1856,4.16,225,0.45
71.1,32593,6380,23,500,0,1,0,0,1856,4.16,725,1.46
72.11,33093,6380,23,500,0,1.01,0,0,1856,4.16,1225,2.46
73.16,33597,6412,23,504,32,1.04,1,4.35,1856,4.16,15,0.04
74.46,34101,6432,23,504,20,1.3,1,4.35,1856,4.16,55,0.15
75.56,34604,6452,23,503,20,1.11,1,4.35,1856,4.16,40,0.08
76.73,35105,6476,23,501,24,1.16,1,4.35,1856,4.16,30,0.09
77.83,35608,6492,23,503,16,1.1,1,4.35,1856,4.16,35,0.09
79.01,36111,6516,23,503,24,1.18,1,4.35,1856,4.16,30,0.06
80.19,36613,6536,23,502,20,1.19,1,4.35,1856,4.16,20,0.05
81.21,37116,6548,23,503,12,1.01,1,4.35,1856,4.16,185,0.37
82.42,37620,6560,23,504,12,1.21,1,4.35,1856,4.16,95,0.23
83.69,38124,6600,23,504,40,1.28,1,4.35,1856,4.16,25,0.06
85.03,38627,6620,23,503,20,1.34,1,4.35,1856,4.16,60,0.15
86.17,39128,6652,23,501,32,1.14,1,4.35,1856,4.16,75,0.17
87.41,39631,6664,23,503,12,1.23,1,4.35,1856,4.16,15,0.04
88.62,40131,6688,23,500,24,1.21,1,4.35,1856,4.16,30,0.06
89.91,40635,6712,23,504,24,1.29,1,4.35,1856,4.16,65,0.16
91.13,41136,6728,23,501,16,1.22,1,4.35,1856,4.16,60,0.14
92.37,41640,6744,23,504,16,1.24,1,4.35,1856,4.16,5,0.01
93.58,42140,6744,23,500,0,1.21,0,0,1856,4.16,505,1.22
94.79,42641,6776,23,501,32,1.21,1,4.35,1856,4.16,15,0.05
96,43142,6792,23,501,16,1.22,2,8.7,1856,4.16,200,0.46
97.18,43646,6808,23,504,16,1.17,1,4.35,1856,4.16,70,0.16
98.38,44149,6836,23,503,28,1.21,1,4.35,1856,4.16,45,0.12
99.59,44651,6876,23,502,40,1.2,1,4.35,1856,4.16,10,0.03
100.7,45154,6892,23,503,16,1.11,1,4.35,1856,4.16,0,0
101.8,45658,6928,23,504,36,1.1,1,4.35,1856,4.16,30,0.08
103.05,46159,6972,23,501,44,1.24,1,4.35,1856,4.16,5,0.02
104.31,46661,6980,23,502,8,1.27,1,4.35,1856,4.16,120,0.3
105.51,47164,7004,23,503,24,1.2,1,4.35,1856,4.16,10,0.02
106.63,47664,7020,23,500,16,1.12,1,4.35,1856,4.16,0,0
107.82,48166,7036,23,502,16,1.19,2,8.7,1856,4.16,55,0.13
109.26,48669,7041,23,503,5,1.45,2,8.7,1856,4.16,30,0.1
110.54,49171,7049,23,502,8,1.28,1,4.35,1856,4.16,55,0.15
111.79,49673,7073,23,502,24,1.25,1,4.35,1856,4.16,0,0
113.01,50177,7109,23,504,36,1.23,1,4.35,1856,4.16,30,0.06
114.22,50678,7133,23,501,24,1.21,1,4.35,1856,4.16,55,0.11
115.43,51182,7145,23,504,12,1.21,1,4.35,1856,4.16,190,0.41
116.64,51685,7189,23,503,44,1.21,1,4.35,1856,4.16,10,0.03
117.78,52186,7217,23,501,28,1.15,1,4.35,1856,4.16,15,0.05
118.94,52686,7229,23,500,12,1.15,1,4.35,1856,4.16,85,0.2
120.13,53187,7257,23,501,28,1.19,1,4.35,1856,4.16,160,0.36
121.32,53687,7293,23,500,36,1.19,1,4.35,1856,4.16,0,0
122.63,54188,7329,23,501,36,1.31,1,4.35,1856,4.16,115,0.34
123.84,54692,7377,23,504,48,1.21,1,4.35,1856,4.16,10,0.02
125.03,55193,7417,23,501,40,1.2,1,4.35,1856,4.16,30,0.07
126.19,55695,7433,23,502,16,1.16,1,4.35,1856,4.16,65,0.13
127.3,56196,7453,23,501,20,1.11,1,4.35,1856,4.16,65,0.15
128.51,56698,7481,23,502,28,1.22,1,4.35,1856,4.16,65,0.14
129.78,57200,7521,23,502,40,1.27,1,4.35,1856,4.16,55,0.12
130.98,57700,7553,23,500,32,1.19,1,4.35,1856,4.16,5,0.01
132.06,58200,7569,23,500,16,1.09,1,4.35,1856,4.16,15,0.03
133.34,58704,7601,23,504,32,1.27,1,4.35,1856,4.16,50,0.13
134.54,59204,7633,23,500,32,1.2,1,4.35,1856,4.16,135,0.32
135.79,59707,7669,23,503,36,1.25,1,4.35,1856,4.16,50,0.12
137.04,60209,7693,23,502,24,1.25,1,4.35,1856,4.16,15,0.04
138.36,60709,7733,23,500,40,1.32,1,4.35,1856,4.16,100,0.25
139.66,61212,7741,23,503,8,1.3,1,4.35,1856,4.16,80,0.23
140.82,61714,7777,23,502,36,1.16,1,4.35,1856,4.16,130,0.3
142,62215,7793,23,501,16,1.18,1,4.35,1856,4.16,160,0.38
143.31,62716,7837,23,501,44,1.31,1,4.35,1856,4.16,5,0.01
144.51,63217,7861,23,501,24,1.2,1,4.35,1856,4.16,260,0.64
145.7,63718,7889,23,501,28,1.19,1,4.35,1856,4.16,95,0.24
146.9,64220,7917,23,502,28,1.21,1,4.35,1856,4.16,215,0.54
148.08,64720,7937,23,500,20,1.18,1,4.35,1856,4.16,75,0.18
149.26,65222,7961,23,502,24,1.17,1,4.35,1856,4.16,60,0.14
150.36,65722,7989,23,500,28,1.11,1,4.35,1856,4.16,105,0.22
151.52,66225,8001,23,503,12,1.16,1,4.35,1856,4.16,185,0.42
152.67,66725,8025,23,500,24,1.15,1,4.35,1856,4.16,80,0.19
153.85,67225,8037,23,500,12,1.18,1,4.35,1856,4.16,95,0.23
155.01,67726,8069,23,501,32,1.16,1,4.35,1856,4.16,25,0.06
156.29,68228,8089,23,502,20,1.28,1,4.35,1856,4.16,135,0.32
157.4,68732,8101,23,504,12,1.11,1,4.35,1856,4.16,130,0.31
158.55,69236,8129,23,504,28,1.16,1,4.35,1856,4.16,30,0.07
159.78,69736,8157,23,500,28,1.23,1,4.35,1856,4.16,5,0.01
160.94,70237,8197,23,501,40,1.16,1,4.35,1856,4.16,60,0.14
162.2,70737,8225,23,500,28,1.25,1,4.35,1856,4.16,10,0.02
163.27,71238,8265,23,501,40,1.08,1,4.35,1856,4.16,5,0.01
164.49,71739,8297,23,501,32,1.22,1,4.35,1856,4.16,35,0.08
165.72,72240,8313,23,501,16,1.23,1,4.35,1856,4.16,90,0.21
166.77,72740,8329,23,500,16,1.05,1,4.35,1856,4.16,80,0.2
168.05,73243,8369,23,503,40,1.27,1,4.35,1856,4.16,40,0.11
169.34,73746,8393,23,503,24,1.29,1,4.35,1856,4.16,120,0.29
170.42,74246,8413,23,500,20,1.08,1,4.35,1856,4.16,5,0.01
171.6,74749,8433,23,503,20,1.18,1,4.35,1856,4.16,65,0.13
172.74,75250,8461,23,501,28,1.15,1,4.35,1856,4.16,125,0.29
173.95,75750,8477,23,500,16,1.21,2,8.7,1856,4.16,10,0.03
175.16,76253,8517,23,503,40,1.21,1,4.35,1856,4.16,25,0.07
176.52,76756,8529,23,503,12,1.35,1,4.35,1856,4.16,15,0.03
177.74,77256,8557,23,500,28,1.23,1,4.35,1856,4.16,140,0.36
178.78,77757,8573,23,501,16,1.04,1,4.35,1856,4.16,175,0.34
179.88,78257,8617,23,500,44,1.1,1,4.35,1856,4.16,20,0.05
181.13,78761,8645,23,504,28,1.25,1,4.35,1856,4.16,15,0.03
182.28,79262,8677,23,501,32,1.15,1,4.35,1856,4.16,65,0.16
183.37,79762,8701,23,500,24,1.09,1,4.35,1856,4.16,0,0
184.54,80265,8721,23,503,20,1.17,1,4.35,1856,4.16,145,0.32
185.77,80767,8753,23,502,32,1.23,2,8.7,1856,4.16,30,0.06
186.91,81267,8777,23,500,24,1.14,1,4.35,1856,4.16,70,0.15
188.07,81769,8797,23,502,20,1.16,1,4.35,1856,4.16,60,0.14
189.17,82270,8817,23,501,20,1.11,1,4.35,1856,4.16,40,0.08
190.35,82774,8841,23,504,24,1.18,1,4.35,1856,4.16,20,0.03
191.46,83274,8861,23,500,20,1.11,1,4.35,1856,4.16,75,0.18
192.6,83777,8877,23,503,16,1.14,1,4.35,1856,4.16,75,0.18
193.76,84281,8901,23,504,24,1.17,1,4.35,1856,4.16,130,0.31
194.85,84783,8925,23,502,24,1.09,1,4.35,1856,4.16,40,0.1
195.99,85287,8949,23,504,24,1.14,1,4.35,1856,4.16,190,0.38
197.18,85789,8969,23,502,20,1.18,1,4.35,1856,4.16,45,0.1
198.4,86293,9001,23,504,32,1.22,1,4.35,1856,4.16,20,0.05
199.63,86795,9037,23,502,36,1.24,1,4.35,1856,4.16,35,0.09
200.9,87297,9061,23,502,24,1.27,1,4.35,1856,4.16,155,0.39
202.21,87798,9085,23,501,24,1.31,1,4.35,1856,4.16,85,0.22
203.5,88301,9113,23,503,28,1.29,1,4.35,1856,4.16,135,0.33
204.7,88804,9137,23,503,24,1.2,1,4.35,1856,4.16,15,0.03
205.87,89307,9177,23,503,40,1.17,1,4.35,1856,4.16,35,0.08
207.05,89811,9221,23,504,44,1.18,1,4.35,1856,4.16,15,0.03
208.18,90313,9249,23,502,28,1.13,1,4.35,1856,4.16,40,0.09
209.35,90814,9285,23,501,36,1.17,1,4.35,1856,4.16,10,0.01
210.52,91318,9309,23,504,24,1.17,1,4.35,1856,4.16,45,0.09
211.69,91821,9321,23,503,12,1.17,1,4.35,1856,4.16,20,0.06
213.06,92321,9333,23,500,12,1.38,1,4.35,1856,4.16,20,0.06
214.18,92821,9353,23,500,20,1.12,1,4.35,1856,4.16,220,0.48
215.34,93324,9365,23,503,12,1.15,1,4.35,1856,4.16,110,0.26
216.48,93825,9381,23,501,16,1.15,1,4.35,1856,4.16,170,0.36
217.63,94326,9417,23,501,36,1.15,1,4.35,1856,4.16,70,0.15
218.79,94826,9433,23,500,16,1.16,1,4.35,1856,4.16,175,0.42
219.99,95328,9461,23,502,28,1.2,1,4.35,1856,4.16,60,0.17
221.26,95830,9485,23,502,24,1.27,1,4.35,1856,4.16,5,0.01
222.35,96331,9513,23,501,28,1.09,1,4.35,1856,4.16,15,0.03
223.37,96831,9533,23,500,20,1.02,1,4.35,1856,4.16,125,0.29
224.5,97335,9549,23,504,16,1.13,1,4.35,1856,4.16,35,0.08
225.62,97837,9597,23,502,48,1.13,1,4.35,1856,4.16,45,0.1
226.77,98339,9613,23,502,16,1.15,1,4.35,1856,4.16,40,0.09
228.04,98840,9645,23,501,32,1.27,1,4.35,1856,4.16,105,0.3
229.35,99341,9681,23,501,36,1.31,1,4.35,1856,4.16,65,0.15
230.51,99845,9717,23,504,36,1.16,1,4.35,1856,4.16,20,0.05
231.67,100347,9753,23,502,36,1.16,1,4.35,1856,4.16,0,0
232.89,100849,9777,23,502,24,1.22,1,4.35,1856,4.16,50,0.13
234.02,101352,9793,23,503,16,1.13,1,4.35,1856,4.16,130,0.28
235.14,101855,9825,23,503,32,1.13,1,4.35,1856,4.16,35,0.09
236.27,102356,9873,23,501,48,1.13,1,4.35,1856,4.16,5,0.01
237.41,102857,9905,23,501,32,1.14,1,4.35,1856,4.16,135,0.32
238.5,103357,9925,23,500,20,1.09,1,4.35,1856,4.16,70,0.15
239.62,103858,9949,23,501,24,1.12,1,4.35,1856,4.16,90,0.18
240.81,104360,10013,23,502,64,1.19,1,4.35,1856,4.16,85,0.2
241.94,104861,10057,23,501,44,1.13,1,4.35,1856,4.16,35,0.08
243.08,105364,10097,23,503,40,1.14,1,4.35,1856,4.16,50,0.11
244.19,105866,10121,23,502,24,1.11,1,4.35,1856,4.16,140,0.29
245.41,106367,10149,23,501,28,1.23,1,4.35,1856,4.16,45,0.11
246.65,106870,10173,23,503,24,1.24,1,4.35,1856,4.16,25,0.06
247.86,107370,10189,23,500,16,1.21,1,4.35,1856,4.16,350,0.84
249.08,107871,10221,23,501,32,1.22,1,4.35,1856,4.16,185,0.48
250.32,108372,10253,23,501,32,1.24,1,4.35,1856,4.16,5,0.01
251.5,108874,10281,23,502,28,1.18,1,4.35,1856,4.16,25,0.05
252.73,109376,10289,23,502,8,1.23,1,4.35,1856,4.16,100,0.28
253.9,109878,10313,23,502,24,1.16,1,4.35,1856,4.16,50,0.13
255.17,110382,10325,23,504,12,1.27,1,4.35,1856,4.16,215,0.57
256.41,110886,10353,23,504,28,1.24,1,4.35,1856,4.16,35,0.08
257.54,111390,10393,23,504,40,1.13,1,4.35,1856,4.16,30,0.08
258.74,111894,10413,23,504,20,1.2,1,4.35,1856,4.16,100,0.24
259.83,112395,10433,23,501,20,1.09,1,4.35,1856,4.16,90,0.21
261.14,112896,10465,23,501,32,1.31,1,4.35,1856,4.16,20,0.05
262.37,113398,10477,23,502,12,1.23,1,4.35,1856,4.16,25,0.06
263.56,113898,10513,23,500,36,1.19,1,4.35,1856,4.16,20,0.05
264.81,114401,10525,23,503,12,1.25,1,4.35,1856,4.16,80,0.2
265.94,114904,10569,23,503,44,1.13,1,4.35,1856,4.16,30,0.06
267.16,115407,10593,23,503,24,1.22,1,4.35,1856,4.16,85,0.21
268.3,115908,10609,23,501,16,1.14,1,4.35,1856,4.16,75,0.17
269.52,116410,10617,23,502,8,1.22,1,4.35,1856,4.16,120,0.28
270.75,116914,10641,23,504,24,1.22,1,4.35,1856,4.16,40,0.1
271.93,117415,10661,23,501,20,1.18,1,4.35,1856,4.16,55,0.12
273.01,117918,10685,23,503,24,1.08,1,4.35,1856,4.16,75,0.18
274.18,118418,10701,23,500,16,1.18,1,4.35,1856,4.16,0,0
275.39,118920,10713,23,502,12,1.2,1,4.35,1856,4.16,235,0.56
276.56,119420,10729,23,500,16,1.17,1,4.35,1856,4.16,105,0.22
277.88,119924,10769,23,504,40,1.32,1,4.35,1856,4.16,75,0.19
279.07,120426,10805,23,502,36,1.19,1,4.35,1856,4.16,55,0.15
280.37,120929,10841,23,503,36,1.3,1,4.35,1856,4.16,10,0.02
281.5,121430,10901,23,501,60,1.14,1,4.35,1856,4.16,60,0.15
282.66,121934,10949,23,504,48,1.15,1,4.35,1856,4.16,15,0.05
283.82,122438,10977,23,504,28,1.16,1,4.35,1856,4.16,90,0.19
285.09,122940,11017,23,502,40,1.27,1,4.35,1856,4.16,20,0.04
286.26,123443,11049,23,503,32,1.17,1,4.35,1856,4.16,5,0.01
287.5,123945,11105,23,502,56,1.24,1,4.35,1856,4.16,45,0.11
288.67,124446,11129,23,501,24,1.17,1,4.35,1856,4.16,20,0.05
289.84,124948,11137,23,502,8,1.17,1,4.35,1856,4.16,105,0.26
291.1,125452,11165,23,504,28,1.25,1,4.35,1856,4.16,90,0.23
292.43,125953,11189,23,501,24,1.33,1,4.35,1856,4.16,45,0.11
293.68,126454,11213,23,501,24,1.25,1,4.35,1856,4.16,335,0.84
294.71,126958,11249,23,504,36,1.03,1,4.35,1856,4.16,20,0.03
295.81,127462,11281,23,504,32,1.1,1,4.35,1856,4.16,20,0.05
296.97,127964,11309,23,502,28,1.17,1,4.35,1856,4.16,80,0.19
298.16,128467,11317,23,503,8,1.18,1,4.35,1856,4.16,50,0.12
299.53,128967,11337,23,500,20,1.38,1,4.35,1856,4.16,15,0.06
300.92,129467,11373,23,500,36,1.39,1,4.35,1856,4.16,50,0.15
302.28,129970,11433,23,503,60,1.36,1,4.35,1856,4.16,10,0.02
303.5,130471,11465,23,501,32,1.22,1,4.35,1856,4.16,5,0.01
304.54,130974,11493,23,503,28,1.04,1,4.35,1856,4.16,125,0.26
305.69,131474,11529,23,500,36,1.15,1,4.35,1856,4.16,5,0.01
307.07,131975,11545,23,501,16,1.39,1,4.35,1856,4.16,90,0.23
308.3,132475,11557,23,500,12,1.23,1,4.35,1856,4.16,295,0.7
309.52,132977,11597,23,502,40,1.22,1,4.35,1856,4.16,30,0.08
310.82,133477,11633,23,500,36,1.3,1,4.35,1856,4.16,40,0.14
312.15,133977,11653,23,500,20,1.32,1,4.35,1856,4.16,0,0
313.55,134477,11677,23,500,24,1.41,1,4.35,1856,4.16,280,0.73
314.65,134979,11701,23,502,24,1.1,1,4.35,1856,4.16,75,0.21
315.91,135481,11725,23,502,24,1.26,1,4.35,1856,4.16,35,0.14
317.2,135984,11749,23,503,24,1.29,1,4.35,1856,4.16,60,0.14
318.51,136487,11781,23,503,32,1.31,1,4.35,1856,4.16,35,0.08
319.83,136991,11809,23,504,28,1.32,1,4.35,1856,4.16,190,0.5
321.16,137492,11829,23,501,20,1.33,1,4.35,1856,4.16,90,0.22
322.38,137996,11857,23,504,28,1.22,1,4.35,1856,4.16,160,0.38
323.6,138500,11885,23,504,28,1.23,1,4.35,1856,4.16,300,0.7
324.91,139000,11937,23,500,52,1.31,1,4.35,1856,4.16,0,0
326.09,139502,11957,23,502,20,1.18,1,4.35,1856,4.16,200,0.5
327.36,140003,11981,23,501,24,1.27,1,4.35,1856,4.16,55,0.15
328.76,140507,12001,23,504,20,1.4,1,4.35,1856,4.16,20,0.06
329.91,141008,12013,23,501,12,1.15,1,4.35,1856,4.16,50,0.12
331.23,141511,12045,23,503,32,1.32,1,4.35,1856,4.16,175,0.48
332.54,142013,12081,23,502,36,1.31,1,4.35,1856,4.16,10,0.03
333.81,142514,12125,23,501,44,1.27,1,4.35,1856,4.16,110,0.25
334.87,143015,12141,23,501,16,1.05,1,4.35,1856,4.16,130,0.29
336.22,143516,12185,23,501,44,1.36,1,4.35,1856,4.16,45,0.12
337.45,144020,12217,23,504,32,1.23,1,4.35,1856,4.16,35,0.08
338.82,144520,12237,23,500,20,1.37,1,4.35,1856,4.16,105,0.31
340.03,145021,12253,23,501,16,1.21,1,4.35,1856,4.16,70,0.17
341.35,145523,12273,23,502,20,1.32,1,4.35,1856,4.16,20,0.06
342.88,146026,12309,23,503,36,1.53,1,4.35,1856,4.16,5,0.01
344.41,146528,12325,23,502,16,1.53,1,4.35,1856,4.16,130,0.4
345.62,147030,12345,23,502,20,1.21,1,4.35,1856,4.16,65,0.15
347.01,147531,12365,23,501,20,1.39,1,4.35,1856,4.16,35,0.1
348.19,148033,12401,23,502,36,1.18,1,4.35,1856,4.16,230,0.52
349.34,148537,12429,23,504,28,1.16,1,4.35,1856,4.16,145,0.37
350.5,149038,12449,23,501,20,1.16,1,4.35,1856,4.16,50,0.1
351.62,149539,12465,23,501,16,1.12,1,4.35,1856,4.16,80,0.17
352.91,150040,12493,23,501,28,1.29,1,4.35,1856,4.16,25,0.09
354.25,150542,12521,23,502,28,1.34,1,4.35,1856,4.16,85,0.21
355.53,151042,12549,23,500,28,1.28,2,8.7,1856,4.16,25,0.07
356.71,151544,12561,23,502,12,1.18,1,4.35,1856,4.16,65,0.15
357.93,152046,12601,23,502,40,1.22,1,4.35,1856,4.16,35,0.09
359.13,152548,12625,23,502,24,1.2,1,4.35,1856,4.16,60,0.13
360.27,153049,12665,23,501,40,1.14,1,4.35,1856,4.16,30,0.08
361.49,153549,12697,23,500,32,1.23,1,4.35,1856,4.16,115,0.27
362.64,154053,12737,23,504,40,1.15,1,4.35,1856,4.16,160,0.39
363.8,154557,12773,23,504,36,1.16,1,4.35,1856,4.16,25,0.05
364.93,155059,12809,23,502,36,1.12,1,4.35,1856,4.16,15,0.05
366.17,155563,12861,23,504,52,1.25,1,4.35,1856,4.16,25,0.06
367.5,156066,12905,23,503,44,1.33,1,4.35,1856,4.16,40,0.11
368.66,156568,12949,23,502,44,1.16,1,4.35,1856,4.16,60,0.15
369.86,157072,12961,23,504,12,1.2,1,4.35,1856,4.16,115,0.26
370.98,157574,12989,23,502,28,1.13,1,4.35,1856,4.16,160,0.38
372.28,158074,13025,23,500,36,1.3,1,4.35,1856,4.16,95,0.19
373.29,158575,13053,23,501,28,1.01,1,4.35,1856,4.16,55,0.11
374.35,159078,13081,23,503,28,1.06,1,4.35,1856,4.16,10,0.02
375.57,159579,13101,23,501,20,1.22,1,4.35,1856,4.16,85,0.21
376.71,160079,13129,23,500,28,1.15,1,4.35,1856,4.16,55,0.1
377.89,160579,13149,23,500,20,1.17,1,4.35,1856,4.16,5,0.01
379.06,161081,13189,23,502,40,1.17,1,4.35,1856,4.16,5,0.01
380.26,161585,13205,23,504,16,1.2,1,4.35,1856,4.16,195,0.45
381.45,162087,13213,23,502,8,1.19,1,4.35,1856,4.16,425,1.03
382.84,162588,13249,23,501,36,1.39,1,4.35,1856,4.16,60,0.17
384.02,163091,13281,23,503,32,1.17,1,4.35,1856,4.16,60,0.15
385.2,163592,13337,23,501,56,1.18,1,4.35,1856,4.16,5,0.01
386.35,164092,13369,23,500,32,1.16,1,4.35,1856,4.16,65,0.17
387.57,164592,13405,23,500,36,1.22,1,4.35,1856,4.16,35,0.09
388.8,165096,13433,23,504,28,1.22,1,4.35,1856,4.16,130,0.3
390.12,165598,13465,23,502,32,1.32,1,4.35,1856,4.16,175,0.46
391.38,166099,13513,23,501,48,1.26,1,4.35,1856,4.16,35,0.07
392.66,166602,13533,23,503,20,1.27,1,4.35,1856,4.16,80,0.22
393.82,167104,13569,23,502,36,1.16,1,4.35,1856,4.16,15,0.03
394.91,167606,13573,23,502,4,1.1,1,4.35,1856,4.16,50,0.11
396,168107,13597,23,501,24,1.09,1,4.35,1856,4.16,145,0.31
397.18,168610,13625,23,503,28,1.18,1,4.35,1856,4.16,85,0.23
398.43,169110,13665,23,500,40,1.25,1,4.35,1856,4.16,60,0.17
399.57,169610,13681,23,500,16,1.14,1,4.35,1856,4.16,50,0.1
400.73,170113,13705,23,503,24,1.16,1,4.35,1856,4.16,10,0.03
401.99,170616,13745,23,503,40,1.25,1,4.35,1856,4.16,30,0.08
403.28,171116,13761,23,500,16,1.3,1,4.35,1856,4.16,25,0.08
404.49,171618,13793,23,502,32,1.21,1,4.35,1856,4.16,5,0.01
405.7,172119,13817,23,501,24,1.21,1,4.35,1856,4.16,70,0.19
406.97,172621,13853,23,502,36,1.26,1,4.35,1856,4.16,100,0.25
408.25,173125,13869,23,504,16,1.28,1,4.35,1856,4.16,85,0.22
409.69,173629,13921,23,504,52,1.44,1,4.35,1856,4.16,20,0.06
411.01,174130,13945,23,501,24,1.32,1,4.35,1856,4.16,25,0.07
412.28,174634,13977,23,504,32,1.28,1,4.35,1856,4.16,35,0.08
413.46,175137,13989,23,503,12,1.18,1,4.35,1856,4.16,185,0.44
414.59,175641,14005,23,504,16,1.13,1,4.35,1856,4.16,150,0.34
415.7,176141,14037,23,500,32,1.1,1,4.35,1856,4.16,5,0.01
416.95,176643,14085,23,502,48,1.26,1,4.35,1856,4.16,170,0.45
418.15,177144,14113,23,501,28,1.19,1,4.35,1856,4.16,40,0.1
419.41,177645,14133,23,501,20,1.26,1,4.35,1856,4.16,45,0.11
420.75,178146,14173,23,501,40,1.34,1,4.35,1856,4.16,115,0.24
421.99,178650,14201,23,504,28,1.24,1,4.35,1856,4.16,0,0
423.25,179150,14221,23,500,20,1.26,1,4.35,1856,4.16,85,0.2
424.44,179650,14233,23,500,12,1.19,1,4.35,1856,4.16,75,0.16
425.69,180150,14253,23,500,20,1.25,1,4.35,1856,4.16,165,0.38
426.95,180650,14265,23,500,12,1.26,1,4.35,1856,4.16,45,0.12
428.07,181152,14273,23,502,8,1.12,1,4.35,1856,4.16,255,0.51
429.29,181652,14289,23,500,16,1.22,1,4.35,1856,4.16,75,0.19
430.41,182153,14309,23,501,20,1.12,1,4.35,1856,4.16,90,0.23
431.68,182656,14321,23,503,12,1.27,1,4.35,1856,4.16,55,0.17
432.82,183158,14341,23,502,20,1.14,1,4.35,1856,4.16,190,0.41
434,183662,14373,23,504,32,1.18,1,4.35,1856,4.16,15,0.04
435.21,184163,14401,23,501,28,1.22,1,4.35,1856,4.16,20,0.04
436.41,184664,14441,23,501,40,1.2,1,4.35,1856,4.16,110,0.32
437.74,185166,14469,23,502,28,1.32,1,4.35,1856,4.16,135,0.33
438.94,185666,14497,23,500,28,1.2,1,4.35,1856,4.16,40,0.08
440.03,186166,14541,23,500,44,1.09,1,4.35,1856,4.16,10,0.02
441.25,186669,14577,23,503,36,1.22,1,4.35,1856,4.16,80,0.25
442.61,187173,14613,23,504,36,1.36,1,4.35,1856,4.16,40,0.11
443.9,187675,14645,23,502,32,1.3,1,4.35,1856,4.16,75,0.19
445.16,188178,14681,23,503,36,1.26,1,4.35,1856,4.16,20,0.05
446.29,188682,14709,23,504,28,1.13,1,4.35,1856,4.16,85,0.19
447.51,189185,14741,23,503,32,1.22,1,4.35,1856,4.16,130,0.34
448.77,189688,14769,23,503,28,1.26,1,4.35,1856,4.16,35,0.08
449.97,190188,14781,23,500,12,1.19,1,4.35,1856,4.16,265,0.62
451.17,190692,14797,23,504,16,1.2,1,4.35,1856,4.16,170,0.4
452.39,191192,14813,23,500,16,1.22,1,4.35,1856,4.16,75,0.18
453.56,191695,14833,23,503,20,1.17,1,4.35,1856,4.16,85,0.22
454.84,192196,14845,23,501,12,1.28,1,4.35,1856,4.16,190,0.5
456.02,192697,14861,23,501,16,1.19,1,4.35,1856,4.16,75,0.17
457.26,193201,14889,23,504,28,1.23,1,4.35,1856,4.16,55,0.13
458.43,193701,14913,23,500,24,1.18,1,4.35,1856,4.16,0,0
459.71,194205,14949,23,504,36,1.28,1,4.35,1856,4.16,40,0.09
460.9,194708,14977,23,503,28,1.19,1,4.35,1856,4.16,190,0.49
462.22,195212,15021,23,504,44,1.32,1,4.35,1856,4.16,15,0.06
463.46,195713,15041,23,501,20,1.24,1,4.35,1856,4.16,25,0.06
464.59,196214,15069,23,501,28,1.13,1,4.35,1856,4.16,75,0.14
465.79,196714,15097,23,500,28,1.21,1,4.35,1856,4.16,10,0.02
466.98,197214,15141,23,500,44,1.19,1,4.35,1856,4.16,5,0.01
468.28,197717,15181,23,503,40,1.29,1,4.35,1856,4.16,55,0.15
469.49,198220,15205,23,503,24,1.21,1,4.35,1856,4.16,45,0.12
470.65,198722,15233,23,502,28,1.16,1,4.35,1856,4.16,70,0.17
471.81,199224,15237,23,502,4,1.16,1,4.35,1856,4.16,420,0.94
473.05,199726,15241,23,502,4,1.24,1,4.35,1856,4.16,380,0.94
474.27,200227,15265,23,501,24,1.22,1,4.35,1856,4.16,30,0.07
475.53,200730,15285,23,503,20,1.27,1,4.35,1856,4.16,60,0.18
476.86,201234,15305,23,504,20,1.33,1,4.35,1856,4.16,30,0.08
478.11,201735,15329,23,501,24,1.25,1,4.35,1856,4.16,120,0.29
479.43,202239,15345,23,504,16,1.32,1,4.35,1856,4.16,20,0.05
480.73,202740,15377,23,501,32,1.3,1,4.35,1856,4.16,85,0.21
482.07,203240,15413,23,500,36,1.34,1,4.35,1856,4.16,5,0.01
483.26,203740,15441,23,500,28,1.2,1,4.35,1856,4.16,200,0.42
484.45,204240,15481,23,500,40,1.19,1,4.35,1856,4.16,10,0.02
485.7,204742,15505,23,502,24,1.25,1,4.35,1856,4.16,70,0.17
486.84,205243,15541,23,501,36,1.14,1,4.35,1856,4.16,90,0.22
488,205743,15561,23,500,20,1.16,1,4.35,1856,4.16,65,0.14
489.26,206243,15577,23,500,16,1.26,1,4.35,1856,4.16,60,0.16
490.53,206745,15597,23,502,20,1.28,1,4.35,1856,4.16,40,0.09
491.63,207248,15625,23,503,28,1.1,1,4.35,1856,4.16,45,0.1
492.71,207748,15661,23,500,36,1.08,1,4.35,1856,4.16,120,0.27
493.88,208250,15689,23,502,28,1.17,1,4.35,1856,4.16,25,0.06
495.13,208750,15733,23,500,44,1.25,1,4.35,1856,4.16,25,0.06
496.37,209254,15761,23,504,28,1.24,1,4.35,1856,4.16,50,0.12
497.62,209757,15809,23,503,48,1.25,1,4.35,1856,4.16,55,0.15
498.82,210260,15829,23,503,20,1.2,1,4.35,1856,4.16,10,0.02
500.04,210763,15857,23,503,28,1.22,1,4.35,1856,4.16,50,0.12
501.23,211266,15885,23,503,28,1.19,1,4.35,1856,4.16,55,0.13
502.59,211769,15913,23,503,28,1.36,1,4.35,1856,4.16,30,0.07
503.67,212270,15941,23,501,28,1.08,1,4.35,1856,4.16,75,0.16
504.85,212770,15969,23,500,28,1.19,1,4.35,1856,4.16,125,0.31
506.03,213270,16005,23,500,36,1.17,1,4.35,1856,4.16,20,0.05
507.36,213774,16017,23,504,12,1.33,1,4.35,1856,4.16,120,0.35
508.58,214275,16021,23,501,4,1.22,1,4.35,1856,4.16,175,0.41
509.87,214775,16045,23,500,24,1.29,1,4.35,1856,4.16,160,0.37
511.08,215278,16065,23,503,20,1.21,1,4.35,1856,4.16,100,0.26
512.3,215779,16085,23,501,20,1.22,1,4.35,1856,4.16,85,0.28
513.36,216282,16117,23,503,32,1.07,1,4.35,1856,4.16,40,0.08
514.49,216783,16149,23,501,32,1.13,1,4.35,1856,4.16,115,0.26
515.57,217287,16193,23,504,44,1.08,1,4.35,1856,4.16,30,0.05
516.78,217789,16213,23,502,20,1.21,1,4.35,1856,4.16,45,0.13
517.94,218290,16233,23,501,20,1.16,1,4.35,1856,4.16,140,0.29
519.19,218791,16269,23,501,36,1.25,1,4.35,1856,4.16,30,0.07
520.39,219291,16317,23,500,48,1.2,1,4.35,1856,4.16,5,0.01
521.51,219794,16369,23,503,52,1.12,1,4.35,1856,4.16,50,0.11
522.71,220295,16393,23,501,24,1.2,1,4.35,1856,4.16,75,0.15
523.78,220797,16417,23,502,24,1.07,1,4.35,1856,4.16,95,0.2
525.01,221299,16449,23,502,32,1.23,1,4.35,1856,4.16,65,0.15
526.3,221801,16489,23,502,40,1.29,1,4.35,1856,4.16,40,0.13
527.77,222304,16513,23,503,24,1.47,1,4.35,1856,4.16,90,0.25
528.91,222807,16537,23,503,24,1.14,1,4.35,1856,4.16,110,0.28
530.17,223310,16573,23,503,36,1.26,1,4.35,1856,4.16,20,0.05
531.38,223811,16601,23,501,28,1.2,1,4.35,1856,4.16,20,0.05
532.6,224313,16621,23,502,20,1.22,1,4.35,1856,4.16,270,0.65
533.83,224817,16649,23,504,28,1.23,1,4.35,1856,4.16,55,0.14
535.05,225321,16685,23,504,36,1.22,1,4.35,1856,4.16,90,0.22
536.17,225824,16709,23,503,24,1.12,1,4.35,1856,4.16,55,0.1
537.31,226324,16761,23,500,52,1.14,1,4.35,1856,4.16,135,0.34
538.51,226825,16785,23,501,24,1.2,1,4.35,1856,4.16,25,0.07
539.57,227326,16821,23,501,36,1.06,1,4.35,1856,4.16,10,0.03
540.69,227827,16861,23,501,40,1.12,1,4.35,1856,4.16,20,0.03
541.92,228327,16889,23,500,28,1.23,1,4.35,1856,4.16,30,0.07
543.02,228828,16909,23,501,20,1.09,1,4.35,1856,4.16,5,0.01
544.26,229330,16933,23,502,24,1.24,1,4.35,1856,4.16,10,0.02
545.36,229830,16977,23,500,44,1.1,1,4.35,1856,4.16,45,0.11
546.47,230332,17033,23,502,56,1.1,1,4.35,1856,4.16,40,0.1
547.59,230835,17061,23,503,28,1.12,1,4.35,1856,4.16,85,0.18
548.74,231337,17085,23,502,24,1.15,1,4.35,1856,4.16,20,0.05
549.85,231837,17109,23,500,24,1.11,1,4.35,1856,4.16,95,0.22
550.97,232337,17153,23,500,44,1.11,1,4.35,1856,4.16,25,0.07
552.24,232838,17193,23,501,40,1.27,1,4.35,1856,4.16,85,0.19
553.36,233339,17221,23,501,28,1.12,1,4.35,1856,4.16,45,0.11
554.64,233841,17249,23,502,28,1.28,1,4.35,1856,4.16,30,0.07
555.8,234344,17273,23,503,24,1.16,1,4.35,1856,4.16,65,0.16
557,234847,17297,23,503,24,1.2,1,4.35,1856,4.16,50,0.12
558.08,235349,17333,23,502,36,1.08,1,4.35,1856,4.16,10,0.03
559.35,235850,17377,23,501,44,1.27,1,4.35,1856,4.16,30,0.07
560.44,236354,17397,23,504,20,1.09,1,4.35,1856,4.16,25,0.06
561.7,236854,17429,23,500,32,1.26,1,4.35,1856,4.16,145,0.37
562.94,237358,17461,23,504,32,1.23,1,4.35,1856,4.16,65,0.15
564.23,237858,17493,23,500,32,1.29,1,4.35,1856,4.16,100,0.24
565.29,238361,17529,23,503,36,1.07,1,4.35,1856,4.16,25,0.05
566.36,238863,17565,23,502,36,1.07,1,4.35,1856,4.16,70,0.14
567.55,239366,17613,23,503,48,1.19,1,4.35,1856,4.16,55,0.15
568.74,239870,17633,23,504,20,1.19,1,4.35,1856,4.16,10,0.02
569.94,240371,17649,23,501,16,1.2,1,4.35,1856,4.16,65,0.15
571.15,240875,17693,23,504,44,1.21,1,4.35,1856,4.16,25,0.07
572.35,241376,17713,23,501,20,1.21,1,4.35,1856,4.16,75,0.18
574.24,241879,17761,23,503,48,1.89,1,4.35,1856,4.16,5,0.02
575.55,242382,17793,23,503,32,1.31,1,4.35,1856,4.16,120,0.31
576.8,242885,17813,23,503,20,1.25,1,4.35,1856,4.16,65,0.16
578.01,243387,17849,23,502,36,1.2,1,4.35,1856,4.16,5,0.01
579.21,243890,17897,23,503,48,1.2,1,4.35,1856,4.16,10,0.02
580.35,244393,17913,23,503,16,1.14,1,4.35,1856,4.16,50,0.1
581.58,244896,17937,23,503,24,1.23,1,4.35,1856,4.16,20,0.04
582.83,245399,17949,23,503,12,1.25,1,4.35,1856,4.16,150,0.52
584.05,245901,17981,23,502,32,1.22,1,4.35,1856,4.16,0,0
585.27,246405,18021,23,504,40,1.22,1,4.35,1856,4.16,110,0.25
586.44,246908,18033,23,503,12,1.18,1,4.35,1856,4.16,180,0.42
587.82,247411,18045,23,503,12,1.37,1,4.35,1856,4.16,165,0.47
589.32,247912,18081,23,501,36,1.5,1,4.35,1856,4.16,40,0.11
590.45,248414,18085,23,502,4,1.14,1,4.35,1856,4.16,165,0.36
591.67,248917,18109,23,503,24,1.22,1,4.35,1856,4.16,60,0.14
592.95,249418,18133,23,501,24,1.28,1,4.35,1856,4.16,130,0.33
594.15,249920,18153,23,502,20,1.2,1,4.35,1856,4.16,45,0.12
595.4,250420,18189,23,500,36,1.25,1,4.35,1856,4.16,30,0.08
596.57,250923,18217,23,503,28,1.17,1,4.35,1856,4.16,5,0.01
597.73,251427,18229,23,504,12,1.15,1,4.35,1856,4.16,10,0.02
598.97,251928,18253,23,501,24,1.25,1,4.35,1856,4.16,150,0.38
600.12,252430,18293,23,502,40,1.14,1,4.35,1856,4.16,20,0.05
601.38,252930,18313,23,500,20,1.27,1,4.35,1856,4.16,115,0.27
602.59,253432,18337,23,502,24,1.21,1,4.35,1856,4.16,95,0.25
603.87,253936,18361,23,504,24,1.28,1,4.35,1856,4.16,40,0.12
604.96,254436,18389,23,500,28,1.09,1,4.35,1856,4.16,45,0.09
606.04,254938,18421,23,502,32,1.08,1,4.35,1856,4.16,30,0.07
607.12,255440,18445,23,502,24,1.08,1,4.35,1856,4.16,165,0.36
608.4,255943,18493,23,503,48,1.28,1,4.35,1856,4.16,60,0.18
609.56,256444,18513,23,501,20,1.15,1,4.35,1856,4.16,65,0.14
610.79,256946,18569,23,502,56,1.23,1,4.35,1856,4.16,80,0.23
612.01,257446,18609,23,500,40,1.22,1,4.35,1856,4.16,25,0.07
613.3,257947,18641,23,501,32,1.3,1,4.35,1856,4.16,20,0.05
614.52,258448,18673,23,501,32,1.21,1,4.35,1856,4.16,35,0.09
615.76,258949,18693,23,501,20,1.25,1,4.35,1856,4.16,255,0.61
616.93,259449,18721,23,500,28,1.17,1,4.35,1856,4.16,110,0.24
618.03,259952,18753,23,503,32,1.1,1,4.35,1856,4.16,10,0.03
619.47,260453,18765,23,501,12,1.44,1,4.35,1856,4.16,30,0.06
620.81,260956,18793,23,503,28,1.34,1,4.35,1856,4.16,85,0.25
622.14,261457,18825,23,501,32,1.33,1,4.35,1856,4.16,5,0.01
623.43,261961,18853,23,504,28,1.3,1,4.35,1856,4.16,75,0.2
624.6,262465,18877,23,504,24,1.16,1,4.35,1856,4.16,105,0.24
625.88,262969,18905,23,504,28,1.29,1,4.35,1856,4.16,55,0.13
627.06,263469,18921,23,500,16,1.18,1,4.35,1856,4.16,255,0.61
628.28,263972,18953,23,503,32,1.21,1,4.35,1856,4.16,100,0.26
629.4,264472,18973,23,500,20,1.12,1,4.35,1856,4.16,60,0.12
630.55,264974,19013,23,502,40,1.15,1,4.35,1856,4.16,30,0.08
631.65,265476,19053,23,502,40,1.1,1,4.35,1856,4.16,15,0.05
632.82,265976,19097,23,500,44,1.17,1,4.35,1856,4.16,145,0.37
633.95,266478,19141,23,502,44,1.14,1,4.35,1856,4.16,30,0.06
635.11,266980,19173,23,502,32,1.15,1,4.35,1856,4.16,120,0.25
636.37,267481,19225,23,501,52,1.26,1,4.35,1856,4.16,105,0.29
637.55,267983,19237,23,502,12,1.18,1,4.35,1856,4.16,155,0.39
638.71,268484,19253,23,501,16,1.16,1,4.35,1856,4.16,290,0.66
639.97,268984,19285,23,500,32,1.26,1,4.35,1856,4.16,40,0.1
641.12,269484,19301,23,500,16,1.15,1,4.35,1856,4.16,85,0.19
642.32,269987,19329,23,503,28,1.21,1,4.35,1856,4.16,110,0.25
643.46,270491,19357,23,504,28,1.14,1,4.35,1856,4.16,5,0.01
644.6,270995,19381,23,504,24,1.13,1,4.35,1856,4.16,10,0.03
645.9,271495,19409,23,500,28,1.31,1,4.35,1856,4.16,60,0.16
647.04,271997,19437,23,502,28,1.14,1,4.35,1856,4.16,85,0.2
648.25,272498,19477,23,501,40,1.2,1,4.35,1856,4.16,120,0.26
649.38,272998,19525,23,500,48,1.13,1,4.35,1856,4.16,0,0
650.47,273498,19541,23,500,16,1.09,1,4.35,1856,4.16,330,0.7
651.6,273999,19561,23,501,20,1.13,1,4.35,1856,4.16,35,0.08
652.74,274502,19589,23,503,28,1.14,1,4.35,1856,4.16,65,0.14
653.9,275005,19617,23,503,28,1.15,1,4.35,1856,4.16,50,0.13
655.12,275507,19633,23,502,16,1.22,1,4.35,1856,4.16,190,0.5
656.22,276011,19669,23,504,36,1.1,1,4.35,1856,4.16,125,0.3
657.34,276512,19685,23,501,16,1.12,1,4.35,1856,4.16,290,0.68
658.62,277014,19721,23,502,36,1.28,1,4.35,1856,4.16,25,0.08
659.93,277514,19737,23,500,16,1.32,1,4.35,1856,4.16,310,0.78
661.14,278016,19757,23,502,20,1.2,1,4.35,1856,4.16,190,0.46
662.25,278516,19793,23,500,36,1.11,1,4.35,1856,4.16,35,0.08
663.42,279019,19829,23,503,36,1.17,1,4.35,1856,4.16,10,0.02
664.62,279519,19869,23,500,40,1.2,1,4.35,1856,4.16,25,0.06
665.82,280019,19893,23,500,24,1.2,1,4.35,1856,4.16,5,0.02
666.93,280522,19917,23,503,24,1.12,1,4.35,1856,4.16,105,0.22
668.14,281024,19941,23,502,24,1.21,1,4.35,1856,4.16,60,0.13
669.28,281527,19973,23,503,32,1.14,1,4.35,1856,4.16,60,0.12
670.53,282031,20009,23,504,36,1.25,1,4.35,1856,4.16,120,0.3
671.77,282535,20037,23,504,28,1.24,1,4.35,1856,4.16,35,0.11
673,283038,20081,23,503,44,1.23,1,4.35,1856,4.16,40,0.11
674.17,283541,20093,23,503,12,1.17,1,4.35,1856,4.16,230,0.5
675.4,284043,20125,23,502,32,1.23,1,4.35,1856,4.16,15,0.04
676.65,284544,20137,23,501,12,1.25,1,4.35,1856,4.16,10,0.03
677.91,285046,20165,23,502,28,1.26,1,4.35,1856,4.16,30,0.09
679.16,285550,20189,23,504,24,1.25,1,4.35,1856,4.16,100,0.23
680.37,286051,20221,23,501,32,1.21,1,4.35,1856,4.16,60,0.16
681.64,286552,20257,23,501,36,1.26,1,4.35,1856,4.16,35,0.08
683.07,287054,20285,23,502,28,1.44,1,4.35,1856,4.16,215,0.58
684.38,287557,20305,23,503,20,1.31,1,4.35,1856,4.16,15,0.04
685.57,288057,20329,23,500,24,1.19,1,4.35,1856,4.16,30,0.07
686.82,288557,20353,23,500,24,1.24,1,4.35,1856,4.16,120,0.31
688.07,289060,20381,23,503,28,1.25,1,4.35,1856,4.16,10,0.02
689.31,289560,20413,23,500,32,1.25,1,4.35,1856,4.16,0,0
690.53,290061,20437,23,501,24,1.21,1,4.35,1856,4.16,45,0.11
691.74,290564,20465,23,503,28,1.21,1,4.35,1856,4.16,65,0.14
692.95,291065,20517,23,501,52,1.21,1,4.35,1856,4.16,5,0.01
694.12,291566,20521,23,501,4,1.17,1,4.35,1856,4.16,180,0.38
695.36,292070,20561,23,504,40,1.24,1,4.35,1856,4.16,55,0.14
696.52,292570,20589,23,500,28,1.16,1,4.35,1856,4.16,10,0.03
697.72,293073,20621,23,503,32,1.2,1,4.35,1856,4.16,40,0.08
698.86,293576,20633,23,503,12,1.15,1,4.35,1856,4.16,100,0.22
700.06,294079,20669,23,503,36,1.19,1,4.35,1856,4.16,125,0.34
701.31,294583,20713,23,504,44,1.25,1,4.35,1856,4.16,30,0.08
702.44,295085,20737,23,502,24,1.12,1,4.35,1856,4.16,240,0.55
703.53,295589,20761,23,504,24,1.09,1,4.35,1856,4.16,90,0.22
704.67,296092,20777,23,503,16,1.14,1,4.35,1856,4.16,35,0.09
705.89,296593,20801,23,501,24,1.22,1,4.35,1856,4.16,85,0.21
707.16,297094,20829,23,501,28,1.27,1,4.35,1856,4.16,10,0.03
708.41,297598,20857,23,504,28,1.25,1,4.35,1856,4.16,80,0.21
709.67,298099,20873,23,501,16,1.27,1,4.35,1856,4.16,25,0.06
710.86,298600,20921,23,501,48,1.19,1,4.35,1856,4.16,25,0.06
712.03,299104,20945,23,504,24,1.17,1,4.35,1856,4.16,20,0.05
713.36,299607,20969,23,503,24,1.32,1,4.35,1856,4.16,135,0.33
714.64,300110,21009,23,503,40,1.28,1,4.35,1856,4.16,50,0.12
715.97,300614,21041,23,504,32,1.33,1,4.35,1856,4.16,25,0.07
717.17,301115,21057,23,501,16,1.2,1,4.35,1856,4.16,130,0.28
718.49,301617,21061,23,502,4,1.33,1,4.35,1856,4.16,420,1.13
719.79,302117,21097,23,500,36,1.3,1,4.35,1856,4.16,20,0.05
721.03,302617,21121,23,500,24,1.24,1,4.35,1856,4.16,35,0.1
722.22,303120,21157,23,503,36,1.18,1,4.35,1856,4.16,35,0.08
723.59,303623,21181,23,503,24,1.37,1,4.35,1856,4.16,5,0.02
724.78,304127,21225,23,504,44,1.19,1,4.35,1856,4.16,40,0.1
726.04,304628,21269,23,501,44,1.26,1,4.35,1856,4.16,25,0.07
727.28,305132,21301,23,504,32,1.24,1,4.35,1856,4.16,15,0.05
728.54,305634,21337,23,502,36,1.26,1,4.35,1856,4.16,90,0.2
729.79,306138,21365,23,504,28,1.25,1,4.35,1856,4.16,25,0.06
730.89,306642,21381,23,504,16,1.11,1,4.35,1856,4.16,200,0.42
732.09,307145,21413,23,503,32,1.2,1,4.35,1856,4.16,95,0.25
733.43,307645,21437,23,500,24,1.34,1,4.35,1856,4.16,85,0.22
734.61,308148,21465,23,503,28,1.18,1,4.35,1856,4.16,125,0.29
735.79,308652,21485,23,504,20,1.19,1,4.35,1856,4.16,140,0.31
737.02,309152,21501,23,500,16,1.23,1,4.35,1856,4.16,145,0.35
738.31,309655,21505,23,503,4,1.29,1,4.35,1856,4.16,285,0.73
739.76,310155,21533,23,500,28,1.45,1,4.35,1856,4.16,45,0.11
741.11,310658,21557,23,503,24,1.35,1,4.35,1856,4.16,10,0.02
742.68,311159,21593,23,501,36,1.57,1,4.35,1856,4.16,20,0.04
743.93,311660,21613,23,501,20,1.25,1,4.35,1856,4.16,285,0.7
745.43,312162,21645,23,502,32,1.5,1,4.35,1856,4.16,70,0.18
746.63,312662,21665,23,500,20,1.21,1,4.35,1856,4.16,100,0.22
748.01,313164,21697,23,502,32,1.38,1,4.35,1856,4.16,20,0.06
749.22,313664,21713,23,500,16,1.21,1,4.35,1856,4.16,25,0.05
750.59,314168,21729,23,504,16,1.37,1,4.35,1856,4.16,190,0.57
751.92,314668,21741,23,500,12,1.32,1,4.35,1856,4.16,265,0.66
753.04,315169,21761,23,501,20,1.12,1,4.35,1856,4.16,15,0.04
754.16,315672,21773,23,503,12,1.13,1,4.35,1856,4.16,150,0.33
755.47,316174,21793,23,502,20,1.31,1,4.35,1856,4.16,5,0.01
756.58,316674,21817,23,500,24,1.11,1,4.35,1856,4.16,55,0.12
757.69,317174,21849,23,500,32,1.11,1,4.35,1856,4.16,5,0.02
758.86,317676,21853,23,502,4,1.18,1,4.35,1856,4.16,365,0.87
760.08,318179,21901,23,503,48,1.22,1,4.35,1856,4.16,85,0.2
761.43,318680,21937,23,501,36,1.34,1,4.35,1856,4.16,70,0.2
762.88,319180,21973,23,500,36,1.45,1,4.35,1856,4.16,20,0.06
764.08,319680,22013,23,500,40,1.2,1,4.35,1856,4.16,35,0.11
765.24,320180,22033,23,500,20,1.16,1,4.35,1856,4.16,95,0.24
766.44,320683,22049,23,503,16,1.2,1,4.35,1856,4.16,255,0.62
767.7,321183,22061,23,500,12,1.26,1,4.35,1856,4.16,175,0.44
769,321686,22081,23,503,20,1.3,1,4.35,1856,4.16,45,0.1
770.21,322188,22109,23,502,28,1.21,1,4.35,1856,4.16,45,0.11
771.46,322688,22129,23,500,20,1.25,1,4.35,1856,4.16,25,0.06
772.75,323191,22153,23,503,24,1.29,1,4.35,1856,4.16,175,0.42
773.85,323693,22173,23,502,20,1.11,1,4.35,1856,4.16,20,0.05
775.04,324194,22209,23,501,36,1.19,1,4.35,1856,4.16,35,0.1
776.09,324697,22241,23,503,32,1.05,1,4.35,1856,4.16,70,0.12
777.2,325198,22273,23,501,32,1.11,1,4.35,1856,4.16,0,0
778.28,325700,22317,23,502,44,1.07,1,4.35,1856,4.16,20,0.04
779.56,326203,22361,23,503,44,1.28,1,4.35,1856,4.16,5,0.01
780.92,326705,22401,23,502,40,1.36,1,4.35,1856,4.16,30,0.06
782.1,327209,22445,23,504,44,1.17,1,4.35,1856,4.16,50,0.14
783.38,327711,22473,23,502,28,1.29,1,4.35,1856,4.16,65,0.15
784.59,328211,22501,23,500,28,1.21,1,4.35,1856,4.16,155,0.38
785.82,328714,22521,23,503,20,1.22,1,4.35,1856,4.16,90,0.25
787.15,329217,22537,23,503,16,1.34,1,4.35,1856,4.16,355,0.91
788.4,329721,22553,23,504,16,1.25,1,4.35,1856,4.16,30,0.08
789.65,330221,22577,23,500,24,1.25,1,4.35,1856,4.16,85,0.21
790.9,330722,22605,23,501,28,1.25,1,4.35,1856,4.16,125,0.32
792.11,331224,22637,23,502,32,1.21,1,4.35,1856,4.16,20,0.05
793.35,331725,22657,23,501,20,1.24,1,4.35,1856,4.16,80,0.19
794.53,332226,22677,23,501,20,1.18,1,4.35,1856,4.16,90,0.2
795.65,332726,22709,23,500,32,1.12,1,4.35,1856,4.16,25,0.06
796.88,333227,22741,23,501,32,1.24,1,4.35,1856,4.16,45,0.11
798.16,333728,22773,23,501,32,1.28,1,4.35,1856,4.16,15,0.04
799.5,334229,22801,23,501,28,1.34,1,4.35,1856,4.16,195,0.5
800.78,334729,22837,23,500,36,1.28,1,4.35,1856,4.16,75,0.2
802.04,335229,22865,23,500,28,1.26,1,4.35,1856,4.16,45,0.12
803.36,335733,22881,23,504,16,1.31,1,4.35,1856,4.16,30,0.07
804.69,336235,22929,23,502,48,1.33,1,4.35,1856,4.16,50,0.13
805.87,336738,22957,23,503,28,1.18,1,4.35,1856,4.16,60,0.14
807.07,337240,22989,23,502,32,1.2,1,4.35,1856,4.16,140,0.31
808.32,337741,23013,23,501,24,1.25,1,4.35,1856,4.16,90,0.24
809.59,338241,23049,23,500,36,1.28,1,4.35,1856,4.16,15,0.05
810.87,338744,23077,23,503,28,1.27,1,4.35,1856,4.16,10,0.02
812.15,339247,23121,23,503,44,1.29,1,4.35,1856,4.16,50,0.11
813.44,339751,23169,23,504,48,1.29,1,4.35,1856,4.16,20,0.05
814.73,340251,23197,23,500,28,1.29,1,4.35,1856,4.16,50,0.13
816.04,340752,23257,23,501,60,1.31,1,4.35,1856,4.16,145,0.36
817.33,341253,23297,23,501,40,1.29,1,4.35,1856,4.16,60,0.17
818.65,341754,23325,23,501,28,1.32,1,4.35,1856,4.16,45,0.11
819.92,342255,23341,23,501,16,1.27,1,4.35,1856,4.16,240,0.58
821.08,342758,23377,23,503,36,1.16,1,4.35,1856,4.16,85,0.18
822.31,343260,23401,23,502,24,1.23,1,4.35,1856,4.16,30,0.08
823.5,343762,23421,23,502,20,1.2,1,4.35,1856,4.16,35,0.07
824.87,344265,23457,23,503,36,1.37,1,4.35,1856,4.16,25,0.09
826.06,344768,23469,23,503,12,1.19,1,4.35,1856,4.16,325,0.76
827.25,345270,23513,23,502,44,1.19,1,4.35,1856,4.16,5,0.01
828.51,345773,23549,23,503,36,1.25,1,4.35,1856,4.16,20,0.06
829.9,346274,23569,23,501,20,1.4,1,4.35,1856,4.16,30,0.07
831.16,346774,23589,23,500,20,1.26,1,4.35,1856,4.16,40,0.1
832.5,347277,23601,23,503,12,1.34,1,4.35,1856,4.16,400,1.05
833.8,347779,23641,23,502,40,1.31,1,4.35,1856,4.16,35,0.08
835.03,348282,23693,23,503,52,1.23,1,4.35,1856,4.16,25,0.06
836.2,348786,23709,23,504,16,1.16,1,4.35,1856,4.16,185,0.43
837.36,349289,23717,23,503,8,1.16,1,4.35,1856,4.16,150,0.37
838.63,349789,23761,23,500,44,1.27,1,4.35,1856,4.16,90,0.22
839.89,350290,23785,23,501,24,1.26,1,4.35,1856,4.16,95,0.23
841.25,350794,23793,23,504,8,1.36,1,4.35,1856,4.16,175,0.47
842.64,351297,23841,23,503,48,1.39,1,4.35,1856,4.16,185,0.49
843.82,351799,23881,23,502,40,1.18,1,4.35,1856,4.16,5,0.02
844.97,352299,23917,23,500,36,1.15,1,4.35,1856,4.16,30,0.08
846.07,352800,23949,23,501,32,1.1,1,4.35,1856,4.16,15,0.04
847.27,353302,23973,23,502,24,1.19,1,4.35,1856,4.16,160,0.36
848.53,353804,24001,23,502,28,1.26,1,4.35,1856,4.16,20,0.05
849.84,354308,24025,23,504,24,1.31,1,4.35,1856,4.16,30,0.06
851.02,354809,24041,23,501,16,1.18,1,4.35,1856,4.16,160,0.35
852.36,355309,24065,23,500,24,1.34,1,4.35,1856,4.16,275,0.73
853.59,355810,24077,23,501,12,1.22,1,4.35,1856,4.16,155,0.39
854.83,356312,24117,23,502,40,1.24,1,4.35,1856,4.16,30,0.07
855.96,356816,24141,23,504,24,1.13,1,4.35,1856,4.16,50,0.12
857.05,357316,24169,23,500,28,1.09,1,4.35,1856,4.16,70,0.16
858.24,357819,24189,23,503,20,1.19,1,4.35,1856,4.16,10,0.03
859.43,358319,24209,23,500,20,1.19,1,4.35,1856,4.16,15,0.04
860.62,358821,24233,23,502,24,1.18,1,4.35,1856,4.16,105,0.25
861.84,359324,24265,23,503,32,1.23,1,4.35,1856,4.16,20,0.05
863.26,359828,24313,23,504,48,1.42,1,4.35,1856,4.16,15,0.05
864.47,360329,24333,23,501,20,1.21,1,4.35,1856,4.16,90,0.22
865.91,360829,24361,23,500,28,1.44,1,4.35,1856,4.16,5,0.01
867.12,361329,24377,23,500,16,1.21,1,4.35,1856,4.16,80,0.2
868.16,361830,24409,23,501,32,1.04,1,4.35,1856,4.16,40,0.08
869.37,362330,24441,23,500,32,1.21,1,4.35,1856,4.16,140,0.33
870.52,362834,24469,23,504,28,1.14,1,4.35,1856,4.16,5,0.01
871.61,363334,24485,23,500,16,1.09,1,4.35,1856,4.16,145,0.32
875.11,363837,24501,23,503,16,3.5,1,4.35,1856,4.16,5,0.01
876.42,364340,24529,23,503,28,1.31,1,4.35,1856,4.16,20,0.06
877.64,364844,24573,23,504,44,1.22,1,4.35,1856,4.16,20,0.06
878.8,365345,24601,23,501,28,1.16,1,4.35,1856,4.16,90,0.22
880.01,365847,24633,23,502,32,1.21,1,4.35,1856,4.16,10,0.03
881.21,366348,24657,23,501,24,1.2,1,4.35,1856,4.16,75,0.16
882.33,366849,24697,23,501,40,1.11,1,4.35,1856,4.16,135,0.28
883.52,367349,24721,23,500,24,1.2,1,4.35,1856,4.16,55,0.15
884.69,367849,24737,23,500,16,1.17,1,4.35,1856,4.16,150,0.34
885.88,368351,24761,23,502,24,1.19,1,4.35,1856,4.16,60,0.15
887.15,368853,24793,23,502,32,1.27,1,4.35,1856,4.16,30,0.08
888.48,369357,24809,23,504,16,1.33,1,4.35,1856,4.16,5,0.01
889.77,369859,24833,23,502,24,1.29,1,4.35,1856,4.16,165,0.47
891.03,370362,24877,23,503,44,1.26,1,4.35,1856,4.16,20,0.04
892.23,370865,24921,23,503,44,1.2,1,4.35,1856,4.16,5,0.02
893.41,371368,24929,23,503,8,1.18,1,4.35,1856,4.16,55,0.12
894.61,371871,24941,23,503,12,1.2,1,4.35,1856,4.16,160,0.4
895.82,372374,24985,23,503,44,1.21,1,4.35,1856,4.16,10,0.02
897.04,372876,25033,23,502,48,1.22,1,4.35,1856,4.16,35,0.1
898.33,373380,25049,23,504,16,1.28,1,4.35,1856,4.16,180,0.46
899.45,373883,25073,23,503,24,1.12,1,4.35,1856,4.16,20,0.04
900.6,374383,25113,23,500,40,1.15,1,4.35,1856,4.16,5,0.01
901.84,374883,25149,23,500,36,1.24,1,4.35,1856,4.16,40,0.11
902.89,375383,25177,23,500,28,1.05,1,4.35,1856,4.16,5,0.01
904,375885,25201,23,502,24,1.1,1,4.35,1856,4.16,10,0.02
905.12,376385,25237,23,500,36,1.12,1,4.35,1856,4.16,0,0
906.21,376885,25265,23,500,28,1.09,1,4.35,1856,4.16,145,0.32
907.73,377387,25281,23,502,16,1.52,1,4.35,1856,4.16,5,0.01
909.03,377888,25297,23,501,16,1.3,1,4.35,1856,4.16,50,0.14
910.22,378392,25321,23,504,24,1.19,1,4.35,1856,4.16,95,0.22
911.38,378894,25349,23,502,28,1.16,1,4.35,1856,4.16,10,0.03
912.55,379396,25357,23,502,8,1.17,1,4.35,1856,4.16,30,0.08
913.78,379900,25373,23,504,16,1.23,1,4.35,1856,4.16,165,0.41
915.11,380401,25401,23,501,28,1.33,1,4.35,1856,4.16,120,0.3
916.54,380902,25453,23,501,52,1.43,1,4.35,1856,4.16,95,0.3
917.89,381402,25469,23,500,16,1.36,1,4.35,1856,4.16,210,0.59
919.21,381902,25509,23,500,40,1.32,1,4.35,1856,4.16,10,0.03
920.51,382403,25529,23,501,20,1.3,1,4.35,1856,4.16,70,0.17
921.79,382906,25541,23,503,12,1.28,1,4.35,1856,4.16,95,0.22
923.14,383410,25553,23,504,12,1.35,1,4.35,1856,4.16,210,0.56
924.32,383911,25577,23,501,24,1.18,1,4.35,1856,4.16,25,0.06
925.5,384415,25605,23,504,28,1.18,1,4.35,1856,4.16,140,0.31
926.8,384919,25625,23,504,20,1.3,1,4.35,1856,4.16,155,0.35
927.91,385421,25637,23,502,12,1.11,1,4.35,1856,4.16,155,0.33
929.07,385921,25669,23,500,32,1.16,1,4.35,1856,4.16,30,0.06
930.22,386422,25697,23,501,28,1.14,1,4.35,1856,4.16,70,0.17
931.37,386923,25733,23,501,36,1.16,1,4.35,1856,4.16,5,0.01
932.69,387426,25753,23,503,20,1.32,1,4.35,1856,4.16,25,0.08
934.14,387927,25777,23,501,24,1.44,1,4.35,1856,4.16,40,0.12
935.32,388428,25801,23,501,24,1.19,1,4.35,1856,4.16,275,0.65
936.59,388931,25837,23,503,36,1.27,1,4.35,1856,4.16,200,0.49
937.73,389432,25841,23,501,4,1.14,1,4.35,1856,4.16,460,1.04
938.91,389934,25865,23,502,24,1.18,1,4.35,1856,4.16,290,0.66
940.16,390438,25909,23,504,44,1.24,1,4.35,1856,4.16,5,0.01
941.36,390939,25929,23,501,20,1.2,1,4.35,1856,4.16,40,0.1
942.71,391440,25969,23,501,40,1.34,1,4.35,1856,4.16,30,0.09
943.95,391944,25993,23,504,24,1.25,1,4.35,1856,4.16,20,0.04
945.12,392445,26017,23,501,24,1.17,1,4.35,1856,4.16,105,0.23
946.29,392948,26045,23,503,28,1.17,1,4.35,1856,4.16,10,0.03
947.43,393450,26065,23,502,20,1.14,1,4.35,1856,4.16,140,0.3
948.6,393952,26089,23,502,24,1.16,1,4.35,1856,4.16,20,0.04
949.77,394456,26117,23,504,28,1.17,1,4.35,1856,4.16,55,0.13
950.94,394956,26161,23,500,44,1.17,1,4.35,1856,4.16,40,0.08
952.11,395456,26197,23,500,36,1.17,1,4.35,1856,4.16,80,0.23
953.38,395956,26221,23,500,24,1.27,1,4.35,1856,4.16,210,0.57
954.63,396460,26237,23,504,16,1.25,1,4.35,1856,4.16,60,0.17
955.98,396960,26277,23,500,40,1.35,1,4.35,1856,4.16,80,0.21
957.19,397463,26289,23,503,12,1.2,1,4.35,1856,4.16,160,0.4
958.52,397967,26321,23,504,32,1.33,1,4.35,1856,4.16,40,0.12
959.79,398468,26333,23,501,12,1.27,1,4.35,1856,4.16,55,0.17
961.06,398969,26381,23,501,48,1.27,1,4.35,1856,4.16,40,0.09
962.24,399469,26397,23,500,16,1.18,1,4.35,1856,4.16,105,0.22
963.54,399970,26421,23,501,24,1.31,1,4.35,1856,4.16,220,0.54
964.71,400474,26441,23,504,20,1.16,1,4.35,1856,4.16,115,0.27
965.95,400976,26461,23,502,20,1.24,1,4.35,1856,4.16,150,0.4
967.18,401478,26469,23,502,8,1.23,1,4.35,1856,4.16,115,0.27
968.26,401979,26501,23,501,32,1.07,1,4.35,1856,4.16,15,0.04
969.46,402483,26533,23,504,32,1.21,1,4.35,1856,4.16,15,0.03
970.61,402987,26569,23,504,36,1.15,1,4.35,1856,4.16,45,0.09
971.73,403490,26609,23,503,40,1.13,1,4.35,1856,4.16,30,0.07
972.86,403990,26657,23,500,48,1.13,1,4.35,1856,4.16,10,0.02
974.06,404494,26701,23,504,44,1.2,1,4.35,1856,4.16,30,0.07
975.3,404996,26725,23,502,24,1.23,1,4.35,1856,4.16,30,0.08
976.5,405498,26741,23,502,16,1.2,1,4.35,1856,4.16,160,0.37
977.89,405999,26777,23,501,36,1.39,1,4.35,1856,4.16,65,0.2
979.2,406499,26809,23,500,32,1.32,1,4.35,1856,4.16,5,0.01
980.43,407000,26829,23,501,20,1.23,1,4.35,1856,4.16,130,0.31
981.68,407502,26853,23,502,24,1.24,1,4.35,1856,4.16,5,0.01
983.06,408005,26877,23,503,24,1.38,1,4.35,1856,4.16,120,0.29
984.37,408505,26897,23,500,20,1.31,1,4.35,1856,4.16,160,0.39
985.62,409007,26937,23,502,40,1.25,1,4.35,1856,4.16,20,0.06
986.92,409509,26965,23,502,28,1.3,1,4.35,1856,4.16,20,0.04
988.11,410012,26993,23,503,28,1.19,1,4.35,1856,4.16,135,0.3
989.38,410512,27025,23,500,32,1.28,1,4.35,1856,4.16,80,0.19
990.7,411016,27057,23,504,32,1.31,1,4.35,1856,4.16,30,0.08
991.99,411519,27085,23,503,28,1.29,1,4.35,1856,4.16,85,0.19
993.15,412019,27093,23,500,8,1.16,1,4.35,1856,4.16,55,0.13
994.44,412521,27129,23,502,36,1.29,1,4.35,1856,4.16,35,0.09
995.62,413021,27157,23,500,28,1.18,1,4.35,1856,4.16,65,0.17
996.87,413521,27169,23,500,12,1.25,1,4.35,1856,4.16,50,0.1
998.1,414024,27213,23,503,44,1.23,1,4.35,1856,4.16,10,0.02
999.3,414526,27241,23,502,28,1.2,1,4.35,1856,4.16,25,0.06
1000.6,415026,27265,23,500,24,1.3,1,4.35,1856,4.16,20,0.05
1001.71,415527,27285,23,501,20,1.11,1,4.35,1856,4.16,10,0.03
1003.11,416029,27301,23,502,16,1.4,1,4.35,1856,4.16,180,0.58
1004.47,416531,27337,23,502,36,1.36,1,4.35,1856,4.16,10,0.03
1005.76,417033,27377,23,502,40,1.29,1,4.35,1856,4.16,80,0.21
1006.95,417534,27405,23,501,28,1.19,1,4.35,1856,4.16,0,0
1008.3,418036,27425,23,502,20,1.34,1,4.35,1856,4.16,195,0.52
1009.5,418540,27465,23,504,40,1.2,1,4.35,1856,4.16,75,0.18
1010.7,419041,27485,23,501,20,1.21,1,4.35,1856,4.16,80,0.17
1011.9,419541,27537,23,500,52,1.2,1,4.35,1856,4.16,90,0.25
1013.25,420041,27569,23,500,32,1.35,1,4.35,1856,4.16,0,0
1014.46,420541,27597,23,500,28,1.21,1,4.35,1856,4.16,250,0.57
1015.66,421044,27613,23,503,16,1.2,1,4.35,1856,4.16,40,0.09
1016.87,421546,27621,23,502,8,1.2,1,4.35,1856,4.16,95,0.25
1018.17,422049,27661,23,503,40,1.31,1,4.35,1856,4.16,20,0.04
1019.31,422549,27677,23,500,16,1.14,1,4.35,1856,4.16,320,0.7
1020.44,423053,27693,23,504,16,1.13,1,4.35,1856,4.16,150,0.31
1021.66,423555,27721,23,502,28,1.22,1,4.35,1856,4.16,65,0.14
1022.87,424056,27745,23,501,24,1.21,1,4.35,1856,4.16,45,0.13
1024.23,424558,27753,23,502,8,1.36,1,4.35,1856,4.16,325,0.88
1025.58,425061,27765,23,503,12,1.35,1,4.35,1856,4.16,170,0.46
1026.72,425561,27785,23,500,20,1.15,1,4.35,1856,4.16,95,0.23
1027.91,426061,27813,23,500,28,1.19,1,4.35,1856,4.16,20,0.04
1029.3,426563,27833,23,502,20,1.38,1,4.35,1856,4.16,75,0.2
1030.53,427065,27857,23,502,24,1.24,1,4.35,1856,4.16,75,0.17
1033.74,427566,27897,23,501,40,3.21,1,4.35,1856,4.16,10,1.97
1034.95,428069,27925,23,503,28,1.21,1,4.35,1856,4.16,120,0.27
1036.15,428569,27945,23,500,20,1.2,1,4.35,1856,4.16,120,0.34
1037.38,429070,27981,23,501,36,1.24,1,4.35,1856,4.16,0,0
1038.62,429570,27989,23,500,8,1.24,1,4.35,1856,4.16,65,0.15
1039.72,430073,28005,23,503,16,1.09,1,4.35,1856,4.16,5,0.01
1040.96,430573,28033,23,500,28,1.24,1,4.35,1856,4.16,65,0.19
1042.18,431077,28041,23,504,8,1.22,1,4.35,1856,4.16,25,0.06
1043.37,431579,28069,23,502,28,1.19,1,4.35,1856,4.16,105,0.24
1044.59,432079,28105,23,500,36,1.22,1,4.35,1856,4.16,65,0.15
1045.86,432581,28137,23,502,32,1.27,1,4.35,1856,4.16,40,0.1
1047.03,433081,28193,23,500,56,1.17,1,4.35,1856,4.16,15,0.03
1048.28,433585,28221,23,504,28,1.25,1,4.35,1856,4.16,10,0.03
1049.52,434087,28249,23,502,28,1.24,1,4.35,1856,4.16,5,0.01
1050.83,434589,28265,23,502,16,1.3,1,4.35,1856,4.16,95,0.26
1052.24,435090,28305,23,501,40,1.41,1,4.35,1856,4.16,65,0.13
1053.4,435593,28325,23,503,20,1.17,1,4.35,1856,4.16,80,0.19
1054.52,436093,28337,23,500,12,1.12,1,4.35,1856,4.16,275,0.56
1055.7,436595,28361,23,502,24,1.17,1,4.35,1856,4.16,130,0.32
1057.12,437098,28389,23,503,28,1.42,1,4.35,1856,4.16,45,0.11
1058.41,437601,28433,23,503,44,1.29,1,4.35,1856,4.16,25,0.08
1059.69,438101,28469,23,500,36,1.28,1,4.35,1856,4.16,20,0.05
1060.9,438602,28501,23,501,32,1.21,1,4.35,1856,4.16,85,0.2
1062.09,439102,28529,23,500,28,1.19,1,4.35,1856,4.16,165,0.38
1063.36,439606,28569,23,504,40,1.27,1,4.35,1856,4.16,25,0.07
1064.69,440110,28601,23,504,32,1.33,1,4.35,1856,4.16,25,0.07
1065.83,440614,28613,23,504,12,1.14,1,4.35,1856,4.16,210,0.47
1066.94,441115,28637,23,501,24,1.11,1,4.35,1856,4.16,55,0.13
1068.04,441618,28661,23,503,24,1.1,1,4.35,1856,4.16,65,0.13
1069.22,442119,28673,23,501,12,1.19,1,4.35,1856,4.16,115,0.31
1070.41,442620,28693,23,501,20,1.19,1,4.35,1856,4.16,130,0.33
1071.53,443121,28717,23,501,24,1.12,1,4.35,1856,4.16,45,0.1
1072.79,443621,28741,23,500,24,1.26,1,4.35,1856,4.16,30,0.09
1074,444121,28769,23,500,28,1.21,1,4.35,1856,4.16,80,0.19
1075.14,444621,28789,23,500,20,1.14,1,4.35,1856,4.16,50,0.1
1076.23,445122,28817,23,501,28,1.09,1,4.35,1856,4.16,15,0.04
1077.42,445622,28849,23,500,32,1.2,1,4.35,1856,4.16,65,0.16
1078.58,446125,28873,23,503,24,1.16,1,4.35,1856,4.16,50,0.11
1079.79,446626,28893,23,501,20,1.21,1,4.35,1856,4.16,155,0.4
1080.98,447126,28905,23,500,12,1.19,1,4.35,1856,4.16,100,0.27
1082.2,447629,28933,23,503,28,1.22,1,4.35,1856,4.16,55,0.15
1083.5,448132,28945,23,503,12,1.3,1,4.35,1856,4.16,230,0.57
1084.81,448633,28985,23,501,40,1.31,1,4.35,1856,4.16,140,0.41
1086.22,449134,29021,23,501,36,1.41,1,4.35,1856,4.16,15,0.04
1087.57,449638,29045,23,504,24,1.35,1,4.35,1856,4.16,30,0.07
1088.88,450140,29065,23,502,20,1.31,1,4.35,1856,4.16,125,0.34
1090.15,450644,29093,23,504,28,1.27,1,4.35,1856,4.16,105,0.26
1091.43,451147,29113,23,503,20,1.28,1,4.35,1856,4.16,35,0.09
1092.6,451648,29129,23,501,16,1.18,1,4.35,1856,4.16,270,0.61
1093.76,452152,29157,23,504,28,1.16,1,4.35,1856,4.16,120,0.27
1095.13,452655,29205,23,503,48,1.36,1,4.35,1856,4.16,75,0.2
1096.37,453159,29265,23,504,60,1.24,1,4.35,1856,4.16,25,0.07
1097.65,453662,29301,23,503,36,1.28,1,4.35,1856,4.16,30,0.08
1098.84,454163,29321,23,501,20,1.19,1,4.35,1856,4.16,55,0.11
1099.91,454663,29341,23,500,20,1.08,1,4.35,1856,4.16,145,0.36
1.4,500,5193,24,500,5193,1.4,2,8.33,496,1.37,0,0
2.46,1002,5504,26,502,311,1.07,3,11.54,496,1.37,95,0.2
3.47,1505,5622,26,503,118,1,2,7.69,531,1.37,55,0.13
4.46,2007,5630,26,502,8,0.99,1,3.85,531,1.37,275,0.54
5.45,2508,5634,26,501,4,1,1,3.85,741,1.48,35,0.06
6.49,3008,5634,26,500,0,1.04,0,0,741,1.48,535,1.09
7.55,3509,5662,26,501,28,1.06,1,3.85,741,1.48,75,0.17
8.7,4009,5670,26,500,8,1.15,1,3.85,741,1.48,60,0.13
9.68,4513,5678,26,504,8,0.98,1,3.85,741,1.48,5,0.01
10.71,5014,5682,26,501,4,1.02,1,3.85,741,1.48,65,0.14
11.84,5515,5698,26,501,16,1.13,1,3.85,741,1.48,110,0.22
12.96,6018,5710,26,503,12,1.12,1,3.85,741,1.48,165,0.38
14.09,6521,5734,26,503,24,1.13,1,3.85,741,1.48,50,0.11
15.3,7025,5750,26,504,16,1.21,1,3.85,741,1.48,260,0.59
16.41,7528,5762,26,503,12,1.11,1,3.85,741,1.48,40,0.08
17.58,8029,5778,26,501,16,1.17,2,7.69,741,1.48,0,0
18.63,8529,5802,26,500,24,1.04,1,3.85,741,1.48,100,0.21
19.75,9032,5810,26,503,8,1.13,1,3.85,741,1.48,15,0.03
20.91,9532,5830,26,500,20,1.16,1,3.85,741,1.48,125,0.28
22,10035,5854,26,503,24,1.09,2,7.69,741,1.48,170,0.38
23.18,10539,5882,26,504,28,1.18,1,3.85,741,1.48,20,0.04
24.28,11040,5894,26,501,12,1.1,2,7.69,741,1.48,115,0.24
25.4,11543,5910,26,503,16,1.12,1,3.85,741,1.48,45,0.1
26.46,12046,5930,26,503,20,1.06,1,3.85,741,1.48,40,0.07
27.55,12550,5958,26,504,28,1.1,1,3.85,741,1.48,110,0.23
28.63,13050,5990,26,500,32,1.08,1,3.85,741,1.48,90,0.2
29.89,13554,6006,26,504,16,1.27,1,3.85,741,1.48,95,0.27
31.03,14058,6038,26,504,32,1.13,1,3.85,741,1.48,15,0.03
32.19,14558,6054,26,500,16,1.16,1,3.85,741,1.48,120,0.27
33.36,15061,6086,26,503,32,1.17,1,3.85,741,1.48,30,0.06
34.68,15564,6130,26,503,44,1.33,1,3.85,741,1.48,35,0.1
35.96,16067,6174,26,503,44,1.27,1,3.85,741,1.48,60,0.16
37.18,16568,6190,26,501,16,1.23,1,3.85,741,1.48,75,0.18
38.34,17068,6214,26,500,24,1.16,1,3.85,741,1.48,0,0
39.73,17568,6238,26,500,24,1.39,1,3.85,741,1.48,40,0.1
41.32,18071,6266,26,503,28,1.59,1,3.85,741,1.48,85,0.35
43.12,18572,6306,26,501,40,1.8,2,7.69,741,1.48,120,0.42
45.11,19073,6327,26,501,21,1.99,2,7.69,741,1.48,85,0.39
