timestamp,runs,unique_features,corpus_size
0.97,504,4558,25
1.97,1005,4633,25
3.11,1507,5805,27
4.2,2010,5805,27
5.15,2514,5810,27
6.19,3015,5810,27
7.24,3519,5810,27
8.35,4022,5971,27
9.44,4523,5975,27
10.72,5023,6028,27
11.87,5523,6028,27
12.96,6024,6032,27
14.02,6527,6040,27
15.14,7027,6040,27
16.17,7527,6040,27
17.31,8027,6040,27
18.53,8527,6040,27
19.65,9030,6065,28
20.69,9531,6067,28
21.81,10033,6071,28
22.87,10533,6071,28
23.9,11033,6071,28
25.02,11533,6071,28
26.16,12033,6071,28
27.37,12533,6071,28
28.44,13034,6075,28
29.65,13534,6083,28
30.81,14036,6087,28
31.99,14536,6107,28
33.24,15039,6119,28
34.37,15540,6123,28
35.49,16041,6127,28
36.63,16544,6143,28
37.86,17048,6155,28
38.93,17552,6179,28
40.09,18053,6191,28
41.08,18553,6191,28
42.13,19057,6195,28
43.18,19557,6195,28
44.21,20057,6195,28
45.31,20557,6195,28
46.41,21057,6195,28
47.45,21557,6195,28
48.61,22057,6195,28
49.69,22557,6195,28
50.7,23057,6195,28
51.76,23557,6195,28
52.81,24058,6199,28
53.77,24558,6199,28
54.82,25059,6203,28
55.8,25559,6203,28
56.89,26059,6203,28
57.99,26560,6207,28
59.08,27061,6211,28
60.09,27561,6211,28
61.24,28062,6215,28
62.35,28562,6215,28
63.58,29062,6215,28
64.67,29565,6223,28
65.7,30067,6231,28
66.81,30567,6231,28
67.95,31069,6239,28
68.95,31571,6247,28
70.04,32072,6251,28
71.17,32572,6267,28
72.32,33073,6271,28
73.48,33575,6287,28
74.63,34075,6287,28
75.94,34576,6291,28
77.07,35077,6295,28
78.25,35581,6319,28
79.52,36081,6331,28
80.84,36583,6339,28
82.08,37083,6347,28
83.38,37587,6379,28
84.51,38088,6396,28
85.8,38589,6400,28
86.94,39090,6404,28
88.16,39593,6428,28
89.37,40095,6448,28
90.58,40599,6460,28
91.86,41103,6484,28
93.05,41605,6504,28
94.17,42109,6528,28
95.34,42613,6548,28
96.36,43117,6568,28
97.51,43617,6588,28
98.68,44117,6600,28
99.74,44619,6644,28
100.95,45121,6676,28
102.07,45625,6692,28
103.24,46126,6712,28
104.29,46626,6744,28
105.42,47130,6772,28
106.68,47630,6792,28
107.89,48132,6808,28
109.14,48632,6828,28
110.29,49133,6848,28
111.46,49633,6880,28
112.64,50135,6912,28
113.73,50636,6940,28
114.84,51137,6980,28
116,51639,6988,28
117.18,52141,7012,28
118.25,52642,7028,28
119.23,53143,7072,28
120.37,53646,7100,28
121.53,54146,7120,28
122.57,54646,7144,28
123.8,55146,7160,28
125.04,55650,7192,28
126.25,56151,7208,28
127.48,56653,7228,28
128.63,57157,7256,28
129.74,57659,7296,28
130.91,58159,7304,28
132.03,58659,7320,28
133.25,59161,7372,28
134.39,59661,7388,28
135.38,60165,7428,28
136.57,60667,7484,28
137.77,61170,7520,28
138.96,61672,7552,28
140.16,62175,7572,28
141.3,62678,7584,28
142.42,63179,7616,28
143.48,63683,7652,28
144.77,64187,7668,28
145.92,64688,7692,28
147.17,65192,7720,28
148.39,65692,7752,28
149.44,66196,7780,28
150.59,66697,7796,28
151.68,67198,7820,28
153.05,67701,7848,28
154.34,68205,7888,28
155.52,68708,7908,28
156.65,69212,7924,28
157.85,69716,7952,28
159.11,70218,7980,28
160.28,70718,8028,28
161.35,71218,8064,28
162.58,71719,8096,28
163.76,72223,8108,28
164.9,72724,8148,28
166.15,73227,8176,28
167.55,73729,8204,28
168.69,74232,8260,28
169.71,74733,8288,28
170.82,75234,8312,28
171.88,75737,8344,28
172.92,76239,8376,28
174.08,76742,8388,28
175.13,77242,8408,28
176.22,77744,8432,28
177.47,78245,8460,28
178.7,78748,8480,28
179.92,79252,8504,28
181.12,79752,8524,28
182.76,80254,8552,28
183.97,80754,8580,28
185.12,81254,8608,28
186.23,81754,8628,28
187.49,82254,8664,28
188.69,82756,8684,28
189.92,83256,8700,28
191.04,83758,8716,28
192.19,84260,8740,28
193.45,84761,8760,28
194.69,85263,8788,28
195.91,85766,8816,28
197.07,86266,8848,28
198.26,86766,8876,28
199.47,87270,8904,28
200.67,87772,8932,28
201.82,88273,8956,28
203.08,88774,8992,28
204.42,89274,9016,28
205.68,89776,9032,28
206.86,90277,9056,28
208.03,90781,9072,28
209.23,91282,9096,28
210.44,91785,9136,28
211.6,92289,9152,28
212.84,92791,9160,28
213.94,93293,9180,28
215.04,93793,9200,28
216.23,94297,9228,28
217.45,94797,9260,28
218.63,95297,9296,28
219.85,95799,9332,28
221.02,96302,9344,28
222.43,96802,9388,28
223.63,97303,9392,28
224.82,97803,9404,28
226.02,98306,9464,28
227.19,98810,9492,28
228.41,99311,9524,28
229.81,99811,9556,28
230.95,100315,9592,28
232.12,100819,9640,28
233.4,101320,9676,28
234.57,101820,9700,28
235.75,102320,9732,28
236.88,102824,9748,28
238.01,103326,9784,28
239.18,103826,9824,28
240.43,104329,9836,28
241.58,104830,9860,28
243.08,105330,9880,28
244.21,105832,9912,28
245.23,106332,9924,28
246.5,106833,9944,28
247.66,107336,9964,28
248.92,107837,9984,28
250.04,108337,10008,28
251.23,108837,10028,28
252.52,109339,10036,28
253.8,109842,10072,28
255.02,110345,10088,28
256.13,110848,10116,28
257.26,111349,10152,28
258.4,111850,10172,28
259.61,112351,10204,28
260.91,112851,10256,28
262.1,113351,10280,28
263.39,113853,10300,28
264.6,114356,10320,28
265.82,114860,10348,28
267.03,115360,10400,28
268.2,115860,10424,28
269.44,116361,10444,28
270.71,116861,10476,28
271.85,117365,10488,28
273.03,117865,10512,28
274.91,118368,10524,28
276.03,118868,10536,28
277.3,119368,10576,28
278.48,119869,10592,28
279.59,120373,10608,28
280.9,120876,10636,28
283.5,121377,10656,28
284.69,121880,10684,28
285.88,122383,10708,28
287.11,122886,10748,28
288.33,123390,10784,28
289.47,123892,10804,28
290.68,124396,10820,28
291.94,124900,10848,28
293.1,125402,10880,28
294.28,125906,10892,28
295.46,126408,10924,28
296.67,126908,10956,28
297.9,127410,10980,28
299.13,127911,11012,28
300.33,128412,11028,28
301.56,128914,11056,28
302.83,129415,11092,28
304.01,129915,11120,28
305.22,130417,11140,28
306.34,130920,11152,28
307.64,131422,11156,28
308.91,131926,11180,28
309.98,132427,11208,28
311.12,132927,11236,28
312.23,133431,11268,28
313.42,133934,11308,28
314.66,134435,11328,28
315.9,134936,11360,28
317.07,135440,11384,28
318.28,135941,11404,28
319.69,136444,11412,28
320.96,136948,11436,28
322.27,137451,11464,28
323.46,137954,11512,28
324.75,138456,11540,28
325.94,138960,11552,28
327.27,139461,11576,28
328.45,139963,11596,28
329.69,140466,11628,28
330.95,140968,11636,28
332.08,141472,11680,28
333.23,141973,11696,28
334.41,142474,11748,28
336.12,142976,11768,28
337.54,143477,11804,28
338.85,143981,11840,28
340.15,144483,11872,28
341.48,144987,11896,28
342.77,145490,11920,28
343.99,145991,11960,28
345.41,146493,11996,28
346.58,146993,12020,28
347.76,147494,12040,28
348.9,147996,12084,28
350.18,148496,12116,28
351.32,148997,12156,28
352.55,149501,12192,28
353.79,150001,12244,28
355.03,150503,12276,28
356.24,151003,12292,28
357.49,151505,12320,28
358.66,152007,12360,28
360.02,152510,12396,28
361.18,153011,12420,28
362.31,153511,12468,28
363.53,154014,12496,28
364.75,154516,12540,28
365.85,155018,12568,28
367.13,155520,12600,28
368.28,156024,12636,28
369.54,156524,12672,28
370.67,157027,12696,28
371.82,157527,12732,28
372.89,158030,12764,28
374.1,158533,12776,28
375.53,159036,12828,28
376.73,159540,12840,28
378,160040,12860,28
379.45,160540,12872,28
380.66,161040,12888,28
381.83,161541,12916,28
383.01,162043,12964,28
384.23,162545,12988,28
385.47,163049,13028,28
386.75,163553,13044,28
388.06,164056,13068,28
390.09,164556,13092,28
391.33,165058,13128,28
392.51,165561,13164,28
393.8,166065,13200,28
395.13,166568,13228,28
396.33,167069,13256,28
397.53,167573,13284,28
398.83,168076,13308,28
400.04,168579,13328,28
401.32,169081,13360,28
402.53,169584,13392,28
403.64,170084,13436,28
404.84,170586,13460,28
406.01,171087,13484,28
407.31,171588,13528,28
408.47,172091,13564,28
409.53,172595,13576,28
410.75,173095,13604,28
411.93,173599,13640,28
413.04,174101,13676,28
414.26,174605,13720,28
415.48,175106,13760,28
416.69,175609,13784,28
417.87,176110,13816,28
419.02,176613,13840,28
420.09,177117,13856,28
421.22,177618,13896,28
422.42,178118,13916,28
423.59,178620,13956,28
424.76,179122,13976,28
425.86,179626,14012,28
427.13,180130,14028,28
428.42,180633,14052,28
429.59,181137,14068,28
430.77,181637,14092,28
431.98,182137,14104,28
433.26,182641,14120,28
434.75,183145,14164,28
436.09,183648,14188,28
437.19,184149,14200,28
438.42,184651,14232,28
439.7,185152,14252,28
440.84,185654,14276,28
442,186156,14300,28
443.35,186659,14312,28
444.59,187159,14336,28
445.76,187660,14372,28
447.25,188164,14404,28
448.43,188667,14436,28
449.66,189170,14452,28
450.91,189673,14468,28
452.11,190174,14484,28
453.35,190674,14504,28
454.55,191174,14524,28
455.75,191676,14552,28
457.37,192177,14580,28
458.64,192678,14604,28
459.91,193179,14628,28
461.13,193680,14664,28
462.39,194181,14684,28
463.66,194681,14716,28
464.84,195185,14732,28
466,195689,14764,28
467.26,196191,14788,28
468.72,196695,14824,28
469.9,197195,14840,28
471.09,197696,14860,28
472.28,198197,14876,28
473.46,198700,14912,28
474.62,199203,14936,28
475.79,199704,14960,28
477.01,200207,14964,28
478.28,200708,14984,28
479.83,201209,15016,28
481.22,201709,15044,28
482.45,202211,15064,28
483.65,202712,15096,28
484.82,203216,15120,28
485.97,203716,15148,28
487.39,204218,15184,28
488.69,204718,15204,28
489.81,205222,15228,28
491.3,205722,15264,28
492.49,206223,15296,28
493.75,206724,15312,28
494.94,207227,15344,28
496.14,207728,15384,28
497.39,208231,15424,28
498.68,208731,15444,28
499.96,209233,15484,28
501.53,209737,15508,28
502.63,210239,15528,28
503.94,210743,15564,28
505.16,211244,15600,28
506.38,211744,15636,28
507.56,212244,15668,28
508.81,212744,15696,28
510.07,213246,15712,28
511.34,213746,15728,28
512.75,214250,15760,28
514.04,214753,15808,28
515.33,215257,15828,28
516.62,215759,15860,28
517.96,216263,15880,28
519.23,216764,15900,28
520.51,217264,15920,28
521.95,217765,15952,28
523.37,218266,15984,28
524.81,218767,16024,28
526.21,219268,16056,28
527.51,219772,16088,28
528.74,220274,16104,28
529.94,220774,16136,28
531.28,221278,16152,28
532.55,221781,16176,28
534.04,222284,16204,28
535.21,222784,16224,28
536.42,223287,16252,28
537.6,223791,16280,28
538.83,224293,16308,28
540.03,224795,16340,28
541.27,225295,16372,28
542.54,225795,16408,28
543.72,226298,16432,28
544.97,226800,16480,28
546.2,227300,16512,28
547.37,227802,16540,28
548.46,228303,16560,28
549.63,228806,16588,28
550.93,229306,16616,28
552.15,229806,16632,28
553.3,230306,16644,28
554.74,230806,16660,28
556.1,231308,16684,28
557.73,231808,16712,28
559.07,232311,16736,28
560.28,232813,16760,28
561.76,233315,16780,28
563.16,233819,16808,28
564.46,234320,16844,28
565.75,234823,16888,28
566.9,235326,16900,28
568.17,235826,16920,28
569.32,236330,16928,28
570.54,236833,16956,28
571.92,237336,16976,28
573.15,237836,17000,28
574.41,238339,17032,28
575.57,238841,17072,28
576.9,239343,17104,28
578.21,239843,17132,28
579.46,240346,17160,28
580.73,240850,17184,28
581.92,241351,17200,28
583.15,241853,17252,28
584.31,242354,17280,28
585.47,242854,17300,28
586.66,243355,17328,28
587.96,243858,17348,28
589.12,244358,17364,28
590.3,244858,17384,28
591.61,245359,17416,28
593.12,245860,17456,28
594.3,246360,17476,28
595.51,246862,17516,28
596.58,247364,17536,28
597.81,247868,17568,28
599.04,248370,17576,28
600.26,248870,17608,28
601.64,249370,17652,28
602.86,249873,17692,28
604.23,250374,17720,28
605.44,250876,17756,28
606.71,251380,17776,28
607.9,251881,17800,28
609.17,252385,17840,28
610.31,252889,17868,28
611.57,253392,17908,28
612.84,253894,17932,28
614.07,254398,17968,28
615.24,254901,18004,28
616.41,255402,18020,28
617.66,255903,18060,28
618.9,256405,18080,28
620.2,256906,18116,28
621.5,257406,18128,28
622.7,257909,18152,28
623.96,258411,18192,28
625.28,258913,18212,28
626.46,259413,18232,28
627.61,259913,18272,28
628.81,260417,18304,28
630.03,260921,18336,28
631.27,261421,18364,28
632.7,261924,18388,28
634.09,262424,18396,28
635.34,262927,18428,28
636.45,263427,18480,28
637.78,263928,18512,28
639.07,264430,18540,28
640.34,264930,18584,28
641.61,265433,18608,28
642.78,265934,18640,28
643.96,266437,18648,28
645.26,266939,18676,28
646.44,267442,18696,28
647.62,267942,18696,28
648.9,268446,18712,28
650.02,268950,18724,28
651.31,269451,18736,28
652.52,269954,18760,28
653.7,270457,18784,28
654.99,270958,18824,28
656.24,271459,18852,28
657.6,271960,18872,28
658.97,272463,18912,28
660.67,272964,18936,28
661.79,273468,18948,28
663.35,273970,18968,28
664.56,274470,18984,28
666.61,274971,19016,28
667.91,275473,19032,28
669.3,275976,19048,28
670.62,276476,19076,28
671.94,276979,19088,28
673.39,277482,19108,28
674.6,277985,19144,28
675.89,278488,19168,28
677.3,278992,19192,28
678.85,279495,19236,28
680.6,279996,19272,28
682.07,280500,19300,28
683.48,281000,19332,28
684.74,281500,19360,28
686.07,282000,19392,28
687.29,282501,19408,28
688.64,283002,19440,28
690.02,283503,19476,28
691.41,284006,19496,28
692.78,284508,19524,28
694,285010,19548,28
695.25,285510,19580,28
696.7,286013,19600,28
698.1,286513,19640,28
699.32,287015,19648,28
700.66,287515,19672,28
702,288019,19696,28
703.24,288520,19732,28
704.44,289021,19748,28
705.88,289522,19776,28
707.33,290025,19800,28
708.44,290527,19828,28
709.89,291031,19844,28
711.15,291532,19872,28
712.39,292033,19900,28
714.03,292536,19920,28
715.3,293036,19932,28
716.54,293540,19948,28
717.78,294044,19984,28
719.07,294547,20032,28
720.42,295047,20060,28
721.69,295551,20112,28
722.92,296054,20148,28
724.13,296555,20172,28
725.57,297056,20208,28
726.94,297558,20256,28
728.57,298060,20292,28
730.06,298560,20320,28
731.54,299063,20348,28
732.81,299564,20364,28
734.38,300064,20404,28
735.74,300566,20428,28
736.99,301066,20464,28
738.24,301570,20476,28
739.54,302071,20504,28
740.92,302572,20540,28
742.2,303076,20568,28
743.58,303580,20584,28
744.83,304082,20620,28
746.26,304586,20644,28
747.47,305088,20680,28
748.65,305589,20716,28
749.9,306092,20768,28
751.19,306596,20792,28
752.55,307097,20840,28
753.82,307597,20876,28
755.26,308098,20900,28
756.74,308601,20928,28
758.07,309102,20964,28
759.45,309604,20996,28
760.99,310105,21016,28
762.12,310609,21028,28
763.43,311112,21072,28
764.85,311614,21100,28
766.47,312117,21120,28
767.67,312617,21156,28
768.94,313121,21184,28
770.29,313625,21212,28
771.51,314127,21252,28
772.8,314630,21276,28
774.27,315130,21292,28
775.72,315634,21320,28
777.19,316134,21364,28
778.57,316637,21416,28
779.82,317138,21436,28
781.34,317641,21460,28
782.66,318144,21492,28
783.94,318645,21512,28
785.19,319148,21536,28
786.47,319652,21560,28
788.1,320154,21580,28
789.28,320658,21604,28
790.66,321158,21616,28
791.84,321662,21644,28
793.23,322166,21672,28
794.6,322668,21708,28
795.85,323172,21736,28
797.16,323675,21764,28
798.47,324177,21784,28
799.72,324677,21804,28
801.04,325179,21820,28
802.35,325680,21844,28
803.81,326181,21864,28
805.04,326685,21888,28
806.41,327189,21904,28
808.08,327689,21940,28
809.4,328191,21976,28
810.6,328692,22004,28
812.11,329196,22028,28
813.39,329698,22052,28
814.82,330198,22084,28
816.29,330700,22120,28
817.72,331204,22148,28
819.06,331704,22172,28
820.4,332204,22204,28
821.84,332706,22212,28
823.15,333210,22228,28
824.4,333712,22256,28
825.67,334214,22288,28
827.01,334714,22324,28
828.35,335217,22356,28
829.7,335719,22388,28
831.31,336223,22420,28
832.56,336725,22460,28
834.05,337229,22488,28
835.56,337730,22528,28
837.17,338232,22560,28
838.39,338735,22572,28
839.81,339238,22608,28
841.2,339740,22640,28
842.62,340240,22712,28
844.11,340741,22748,28
845.37,341245,22800,28
846.86,341745,22828,28
848.2,342246,22856,28
849.58,342748,22888,28
850.8,343249,22892,28
852.1,343749,22916,28
853.26,344249,22940,28
854.61,344753,22984,28
855.8,345256,22996,28
857.12,345758,23044,28
858.53,346262,23088,28
859.92,346762,23108,28
861.17,347266,23132,28
862.91,347767,23168,28
864.15,348267,23180,28
865.55,348769,23188,28
866.96,349270,23224,28
868.31,349773,23268,28
869.47,350274,23288,28
871,350776,23308,28
872.27,351278,23324,28
874.01,351778,23344,28
875.26,352282,23360,28
876.65,352785,23388,28
878.06,353289,23416,28
879.48,353793,23428,28
880.86,354293,23464,28
882.23,354795,23508,28
883.48,355298,23520,28
884.86,355799,23540,28
886.39,356302,23568,28
887.71,356802,23600,28
889.05,357304,23624,28
890.34,357804,23636,28
891.56,358304,23664,28
892.82,358807,23708,28
894.25,359311,23736,28
895.45,359815,23760,28
896.81,360316,23796,28
898.18,360818,23824,28
899.65,361320,23856,28
900.93,361824,23892,28
902.4,362324,23920,28
903.56,362824,23948,28
904.83,363325,23952,28
906.07,363826,23976,28
907.37,364327,24008,28
909.24,364829,24048,28
910.84,365333,24084,28
912.29,365835,24108,28
913.75,366335,24132,28
915.01,366837,24156,28
916.32,367337,24176,28
917.62,367841,24192,28
919.26,368344,24208,28
920.65,368844,24224,28
922,369347,24264,28
923.42,369851,24284,28
924.65,370353,24348,28
926.14,370857,24372,28
927.43,371359,24384,28
928.85,371860,24404,28
930.18,372363,24448,28
932.1,372865,24476,28
933.49,373368,24484,28
934.91,373868,24504,28
936.41,374371,24532,28
937.84,374873,24560,28
939.17,375375,24608,28
940.52,375878,24628,28
942.17,376380,24664,28
943.71,376882,24692,28
945.1,377385,24732,28
946.36,377885,24752,28
947.86,378385,24796,28
949.17,378888,24824,28
950.49,379390,24844,28
951.88,379891,24880,28
953.12,380394,24892,28
954.31,380894,24940,28
955.64,381397,24964,28
956.85,381897,24984,28
958.38,382401,25012,28
959.77,382904,25032,28
961.05,383406,25060,28
962.39,383906,25088,28
963.63,384408,25104,28
965.1,384912,25144,28
966.43,385412,25168,28
967.71,385915,25196,28
968.96,386418,25236,28
970.37,386920,25276,28
971.67,387424,25296,28
973.14,387928,25320,28
974.44,388430,25356,28
975.75,388933,25384,28
977.32,389436,25396,28
979.04,389937,25444,28
980.47,390438,25468,28
981.74,390941,25504,28
983.19,391445,25524,28
984.66,391947,25544,28
986.03,392448,25560,28
987.7,392949,25620,28
989.34,393451,25644,28
990.63,393953,25672,28
991.98,394453,25708,28
993.47,394956,25732,28
994.95,395458,25752,28
996.35,395959,25784,28
997.58,396462,25808,28
998.86,396963,25840,28
1000.23,397465,25848,28
1001.6,397968,25876,28
1003.04,398472,25908,28
1004.45,398974,25932,28
1005.77,399476,25940,28
1007.23,399979,25972,28
1008.66,400483,25996,28
1010.03,400986,26008,28
1011.6,401488,26040,28
1013.22,401991,26060,28
1014.87,402491,26088,28
1016.1,402992,26100,28
1017.37,403496,26128,28
1018.72,403996,26152,28
1019.93,404498,26168,28
1021.19,405001,26200,28
1022.72,405505,26216,28
1024.01,406005,26252,28
1025.39,406509,26288,28
1026.72,407011,26328,28
1028,407515,26360,28
1029.31,408019,26384,28
1030.66,408521,26412,28
1032.04,409022,26456,28
1033.35,409525,26488,28
1034.99,410026,26520,28
1036.38,410527,26556,28
1037.92,411027,26592,28
1039.21,411529,26620,28
1040.58,412032,26632,28
1041.91,412536,26664,28
1043.25,413038,26688,28
1044.75,413541,26708,28
1046.2,414045,26724,28
1047.75,414549,26772,28
1049.12,415052,26828,28
1050.27,415552,26864,28
1051.58,416054,26872,28
1053.06,416556,26908,28
1054.45,417056,26940,28
1055.85,417560,26968,28
1057.81,418062,26976,28
1059.75,418563,27012,28
1061.02,419067,27028,28
1062.37,419568,27044,28
1063.84,420069,27064,28
1065.13,420570,27084,28
1066.69,421072,27100,28
1067.94,421575,27112,28
1069.33,422075,27140,28
1070.89,422577,27172,28
1072.11,423077,27212,28
1073.33,423579,27232,28
1074.56,424079,27248,28
1075.88,424579,27272,28
1077.16,425082,27304,28
1078.51,425585,27332,28
1079.79,426087,27376,28
1081.13,426587,27396,28
1082.81,427089,27408,28
1084.19,427593,27448,28
1085.57,428096,27460,28
1087.15,428597,27492,28
1088.49,429101,27524,28
1089.81,429605,27540,28
1091.06,430107,27592,28
1092.49,430608,27644,28
1093.79,431110,27672,28
1095.12,431614,27704,28
1096.6,432118,27736,28
1098.01,432620,27772,28
1099.28,433122,27800,28
1100.58,433625,27828,28
1102.1,434127,27848,28
1103.46,434631,27860,28
1104.89,435135,27888,28
1106.16,435637,27928,28
1107.66,436139,27952,28
1109,436642,27960,28
1110.32,437145,27988,28
1111.51,437649,28032,28
1112.81,438149,28056,28
1114.29,438649,28096,28
1115.63,439151,28128,28
1116.93,439654,28172,28
1118.31,440158,28224,28
1119.74,440659,28244,28
1121.06,441159,28276,28
1122.72,441662,28300,28
1124.15,442162,28328,28
1125.69,442666,28344,28
1127.11,443170,28384,28
1128.47,443670,28412,28
1129.75,444170,28432,28
1130.97,444671,28448,28
1132.31,445175,28480,28
1133.63,445676,28504,28
1135.02,446177,28540,28
1136.38,446677,28568,28
1138.03,447181,28588,28
1139.35,447684,28612,28
1140.62,448188,28640,28
1141.95,448690,28684,28
1143.28,449192,28720,28
1144.72,449693,28744,28
1146.08,450194,28768,28
1147.41,450698,28792,28
1148.97,451201,28824,28
1150.65,451705,28856,28
1152.02,452207,28872,28
1153.42,452711,28916,28
1154.9,453213,28932,28
1156.35,453715,28968,28
1157.63,454215,29004,28
1159.16,454719,29032,28
1160.47,455223,29052,28
1161.98,455724,29072,28
1163.35,456228,29108,28
1.04,503,4892,25
2.32,1005,5844,26
3.42,1506,5898,26
4.42,2009,6032,26
5.43,2511,6033,26
6.4,3012,6035,26
7.53,3516,6036,26
8.65,4016,6036,26
9.79,4520,6036,25
10.93,5020,6036,25
12.1,5522,6045,25
13.3,6023,6049,25
14.43,6523,6049,25
15.48,7023,6049,25
16.55,7525,6053,25
17.72,8025,6053,25
18.95,8525,6053,25
20.14,9028,6061,25
21.31,9529,6079,25
22.56,10029,6095,25
23.73,10531,6103,25
24.86,11034,6111,25
25.89,11537,6119,25
27.05,12039,6123,25
28.31,12539,6147,25
29.39,13042,6155,25
30.51,13543,6159,25
31.62,14043,6175,25
32.81,14543,6207,25
34.1,15047,6219,25
35.15,15550,6231,25
36.32,16050,6263,25
37.47,16552,6279,25
38.74,17054,6287,25
39.92,17558,6319,25
41.12,18060,6331,25
42.38,18562,6343,25
43.55,19063,6359,25
44.76,19565,6403,25
45.86,20066,6435,25
46.98,20569,6447,25
48.2,21069,6463,25
49.44,21570,6499,25
50.75,22074,6547,25
52.02,22577,6571,25
53.21,23081,6591,25
54.54,23582,6623,25
55.72,24084,6655,25
56.95,24587,6687,25
58.18,25087,6707,25
59.31,25588,6711,25
60.51,26089,6747,25
61.73,26592,6783,25
62.98,27096,6803,25
64.2,27599,6827,25
65.38,28103,6843,25
66.59,28603,6875,25
67.85,29105,6907,25
68.98,29606,6923,25
70.14,30110,6939,25
71.34,30610,6959,25
72.56,31111,6999,25
73.71,31612,7019,25
74.84,32115,7043,25
76.02,32616,7071,25
77.12,33120,7083,25
78.29,33623,7103,25
79.48,34123,7139,25
80.75,34624,7191,25
81.88,35128,7203,25
83.07,35631,7215,25
84.36,36133,7247,25
85.6,36634,7271,25
86.89,37137,7295,25
88.13,37640,7327,25
89.43,38142,7359,25
90.77,38642,7375,25
92.06,39143,7419,25
93.29,39646,7443,25
94.62,40149,7467,25
95.99,40650,7499,25
97.28,41151,7503,25
98.42,41652,7535,25
99.67,42153,7583,25
100.95,42654,7615,25
102.04,43155,7655,25
103.24,43656,7699,25
104.42,44157,7727,25
105.64,44659,7759,25
106.88,45161,7779,25
108.06,45662,7795,25
109.35,46163,7799,25
110.67,46666,7819,25
111.92,47168,7851,25
113.1,47669,7871,25
114.25,48172,7903,25
115.26,48674,7939,25
116.39,49177,7963,25
117.65,49677,7987,25
118.9,50177,8003,25
120.2,50680,8035,25
121.4,51182,8059,25
122.49,51683,8083,25
123.8,52186,8095,25
124.98,52687,8127,25
126.25,53191,8159,25
127.41,53692,8171,25
128.7,54196,8195,25
130.02,54698,8247,25
131.25,55198,8275,25
132.51,55698,8299,25
133.74,56200,8323,25
134.83,56704,8355,25
136.07,57207,8399,25
137.2,57709,8419,25
138.33,58210,8443,25
139.53,58714,8475,25
140.77,59217,8499,25
142.08,59720,8535,25
143.42,60223,8563,25
144.83,60727,8591,25
146.09,61229,8611,25
147.34,61732,8651,25
148.58,62236,8667,25
149.8,62737,8703,25
151.13,63239,8723,25
152.43,63742,8775,25
153.8,64245,8811,25
155.07,64746,8815,25
156.29,65249,8827,25
157.56,65750,8847,25
158.76,66253,8863,25
160.03,66756,8887,25
161.24,67258,8927,25
162.62,67758,8947,25
163.87,68260,8955,25
165.09,68761,8983,25
166.19,69261,9011,25
167.43,69762,9043,25
168.62,70266,9063,25
169.84,70766,9099,25
171.14,71270,9115,25
172.41,71770,9131,25
173.7,72274,9151,25
175.02,72777,9175,25
176.17,73280,9195,25
177.43,73781,9215,25
178.61,74281,9235,25
179.79,74784,9279,25
180.9,75286,9311,25
182.16,75787,9327,25
183.38,76289,9363,25
184.67,76789,9407,25
186.01,77292,9439,25
187.2,77795,9463,25
188.29,78299,9495,25
189.45,78799,9511,25
190.64,79299,9539,25
191.89,79799,9559,25
193.07,80301,9579,25
194.4,80801,9599,25
195.84,81304,9627,25
196.97,81806,9667,25
198.11,82306,9699,25
199.37,82806,9715,25
200.57,83306,9743,25
201.79,83806,9763,25
203.02,84306,9783,25
204.32,84810,9799,25
205.61,85313,9823,25
206.81,85815,9847,25
208.05,86318,9871,25
209.3,86821,9903,25
210.57,87323,9947,25
211.85,87827,9999,25
213.08,88330,10031,25
214.37,88831,10055,25
215.53,89333,10091,25
216.78,89835,10123,25
217.99,90337,10143,25
219.35,90837,10175,25
220.59,91339,10199,25
221.8,91839,10219,25
223.13,92340,10239,25
224.37,92841,10267,25
225.57,93344,10291,25
226.75,93844,10319,25
227.97,94348,10347,25
229.22,94849,10375,25
230.47,95350,10407,25
231.74,95851,10447,25
233.01,96353,10483,25
234.31,96857,10499,25
235.6,97361,10527,25
236.79,97865,10551,25
238.01,98369,10571,25
239.26,98869,10583,25
240.49,99370,10627,25
241.6,99873,10655,25
242.82,100375,10691,25
243.96,100876,10723,25
245.21,101377,10747,25
246.49,101881,10779,25
247.75,102384,10807,25
249.1,102885,10835,25
250.23,103385,10855,25
251.41,103888,10867,25
252.81,104391,10891,25
254.15,104891,10927,25
255.43,105391,10947,25
256.59,105891,10983,25
257.86,106393,11007,25
259.04,106896,11039,25
260.23,107398,11079,25
261.44,107898,11123,25
262.62,108399,11143,25
263.75,108901,11163,25
264.86,109401,11199,25
266.17,109904,11235,25
267.49,110405,11267,25
268.84,110908,11295,25
270.13,111409,11319,25
271.39,111911,11355,25
272.6,112415,11371,25
273.83,112919,11403,25
275.11,113423,11427,25
276.31,113927,11471,25
277.56,114431,11495,25
278.81,114933,11515,25
280.02,115437,11547,25
281.16,115940,11579,25
282.38,116443,11603,25
283.58,116944,11635,25
284.67,117444,11651,25
285.92,117945,11679,25
287.16,118447,11703,25
288.42,118949,11723,25
289.71,119453,11767,25
290.94,119954,11799,25
292.08,120455,11803,25
293.08,120958,11827,25
294.3,121458,11859,25
295.58,121960,11887,25
296.81,122464,11919,25
298.03,122968,11935,25
299.31,123472,11967,25
300.73,123975,11999,25
302.16,124475,12015,25
303.46,124975,12055,25
304.76,125479,12083,25
305.99,125983,12115,25
307.28,126483,12139,25
308.63,126983,12159,25
309.8,127486,12187,25
311.07,127990,12223,25
312.29,128491,12247,25
313.63,128991,12275,25
314.96,129495,12307,25
316.2,129997,12331,25
317.51,130501,12367,25
318.78,131004,12403,25
319.94,131504,12423,25
321.12,132007,12435,25
322.39,132507,12471,25
323.6,133009,12499,25
324.71,133510,12559,25
325.91,134010,12587,25
327.12,134510,12631,25
328.39,135014,12659,25
329.55,135515,12695,25
330.92,136015,12731,25
332.33,136517,12743,25
333.64,137020,12755,25
334.96,137522,12787,25
336.13,138023,12815,25
337.39,138524,12835,25
338.67,139028,12855,25
339.94,139531,12879,25
341.14,140031,12911,25
342.41,140531,12943,25
343.77,141035,12963,25
345.1,141535,12991,25
346.34,142036,13019,25
347.64,142539,13047,25
348.87,143043,13067,25
350.1,143544,13091,25
351.36,144046,13095,25
352.7,144548,13123,25
353.95,145052,13147,25
355.2,145554,13175,25
356.51,146057,13195,25
357.75,146561,13215,25
358.95,147064,13251,25
360.26,147567,13279,25
361.53,148071,13303,25
362.83,148573,13323,25
364.11,149077,13371,25
365.34,149580,13391,25
366.55,150084,13423,25
367.88,150584,13459,25
369.24,151088,13519,25
370.54,151590,13555,25
371.76,152092,13587,25
373.01,152593,13619,25
374.28,153095,13635,25
375.62,153596,13679,25
376.98,154100,13731,25
378.35,154600,13759,25
379.61,155102,13799,25
380.85,155602,13831,25
382.15,156103,13859,25
383.37,156605,13883,25
384.59,157107,13907,25
385.78,157607,13935,25
386.9,158107,13955,25
388.11,158608,14003,25
389.28,159111,14019,25
390.53,159615,14031,25
391.72,160119,14075,25
392.99,160619,14091,25
394.34,161119,14111,25
395.63,161622,14155,25
396.88,162126,14199,25
398.25,162627,14239,25
399.56,163127,14259,25
400.89,163631,14303,25
402.25,164135,14347,25
403.58,164638,14379,25
404.79,165140,14387,25
406.02,165641,14435,25
407.26,166145,14479,25
408.45,166645,14511,25
409.73,167146,14531,25
410.85,167650,14559,25
412.12,168150,14579,25
413.32,168652,14603,25
414.53,169155,14631,25
415.67,169657,14667,25
416.89,170158,14695,25
417.97,170661,14715,25
419.22,171161,14747,25
420.46,171665,14787,25
421.73,172165,14823,25
422.96,172665,14851,25
424.19,173168,14891,25
425.41,173669,14907,25
426.65,174173,14923,25
427.97,174674,14967,25
429.24,175174,14995,25
430.49,175675,15019,25
431.69,176178,15043,25
432.94,176679,15075,25
434.09,177179,15099,25
435.32,177681,15135,25
436.49,178181,15171,25
437.72,178684,15223,25
438.92,179188,15251,25
440.27,179692,15275,25
441.53,180192,15291,25
442.83,180694,15319,25
444.27,181198,15331,25
445.49,181699,15351,25
446.63,182200,15387,25
447.96,182702,15427,25
449.23,183203,15443,25
450.5,183707,15491,25
451.78,184207,15519,25
453.09,184710,15571,25
454.59,185211,15607,25
456.05,185712,15635,25
457.39,186212,15651,25
458.73,186712,15675,25
459.98,187213,15707,25
461.28,187716,15723,25
462.5,188219,15767,25
463.8,188722,15811,25
465.07,189222,15839,25
466.41,189725,15859,25
467.65,190225,15891,25
468.93,190729,15915,25
470.23,191230,15951,25
471.55,191732,15979,25
472.76,192232,16023,25
474.1,192734,16055,25
475.41,193236,16087,25
476.65,193740,16119,25
477.73,194242,16143,25
479.02,194745,16167,25
480.35,195247,16191,25
481.81,195751,16215,25
482.99,196252,16239,25
484.24,196752,16259,25
485.38,197252,16295,25
486.54,197753,16315,25
487.76,198255,16335,25
488.84,198758,16367,25
490.08,199260,16391,25
491.58,199762,16407,25
492.97,200265,16435,25
494.43,200766,16463,25
495.89,201267,16475,25
497.1,201769,16519,25
498.27,202271,16547,25
499.5,202771,16575,25
500.79,203271,16603,25
501.89,203771,16631,25
503.21,204275,16659,25
504.45,204775,16679,25
505.76,205278,16727,25
506.98,205779,16747,25
508.37,206279,16767,25
509.65,206782,16799,25
510.81,207285,16827,25
512.04,207785,16887,25
513.28,208286,16939,25
514.58,208790,16955,25
515.87,209290,16995,25
517.16,209792,17015,25
518.41,210295,17043,25
519.59,210795,17083,25
520.72,211297,17091,25
522.01,211799,17127,25
523.41,212302,17143,25
524.62,212805,17175,25
525.89,213307,17195,25
527.56,213810,17219,25
528.84,214311,17259,25
530.17,214812,17303,25
531.48,215314,17327,25
532.76,215816,17351,25
534.08,216319,17383,25
535.48,216821,17403,25
536.75,217322,17419,25
537.93,217825,17451,25
539.27,218326,17487,25
540.62,218826,17519,25
541.91,219327,17555,25
543.1,219827,17583,25
544.21,220330,17599,25
545.41,220832,17623,25
546.66,221334,17651,25
547.98,221834,17671,25
549.27,222335,17707,25
550.58,222835,17743,25
551.75,223336,17763,25
553.07,223840,17795,25
554.31,224341,17815,25
555.64,224844,17835,25
556.99,225347,17867,25
558.24,225848,17891,25
559.5,226351,17899,25
560.84,226854,17923,25
562.06,227356,17959,25
563.31,227857,17999,25
564.58,228357,18035,25
565.83,228859,18055,25
567.2,229360,18111,25
568.53,229863,18135,25
569.82,230364,18155,25
571.02,230864,18179,25
572.34,231365,18227,25
573.52,231866,18259,25
574.76,232369,18299,25
576.02,232870,18327,25
577.29,233373,18363,25
578.5,233877,18403,25
579.75,234381,18419,25
581.14,234885,18459,25
582.44,235385,18487,25
583.67,235885,18507,25
584.96,236385,18527,25
586.3,236888,18555,25
587.68,237389,18575,25
588.9,237891,18615,25
590.16,238395,18627,25
591.34,238899,18647,25
592.63,239399,18663,25
593.91,239901,18683,25
595.18,240405,18703,25
596.37,240905,18731,25
597.62,241409,18759,25
598.92,241909,18799,25
600.24,242411,18823,25
601.38,242914,18851,25
602.58,243418,18867,25
603.84,243918,18903,25
605.03,244422,18915,25
606.25,244924,18939,25
607.51,245425,18975,25
608.97,245927,19003,25
610.35,246429,19019,25
611.62,246929,19031,25
612.85,247431,19055,25
614.21,247931,19087,25
615.48,248434,19095,25
616.74,248935,19119,25
618.01,249437,19135,25
619.2,249939,19167,25
620.47,250441,19199,25
621.9,250944,19263,25
623.12,251447,19299,25
624.33,251947,19315,25
625.49,252451,19335,25
626.79,252953,19375,25
628.14,253456,19423,25
629.39,253957,19455,25
630.56,254458,19491,25
631.75,254962,19507,25
633.01,255462,19535,25
634.29,255966,19583,25
635.4,256466,19603,25
636.73,256968,19643,25
637.94,257471,19671,25
639.21,257972,19735,25
640.56,258476,19759,25
641.8,258977,19791,25
643.01,259478,19811,25
644.36,259979,19831,25
645.67,260483,19859,25
647.01,260983,19875,25
648.29,261486,19887,25
649.53,261990,19919,25
650.59,262491,19931,25
651.77,262993,19967,25
652.99,263495,19995,25
654.3,263996,20011,25
655.55,264499,20019,25
656.83,265003,20051,25
658.1,265507,20079,25
659.45,266009,20099,25
660.66,266510,20139,25
662.04,267012,20179,25
663.3,267513,20223,25
664.41,268014,20247,25
665.68,268518,20275,25
666.95,269019,20307,25
668.17,269519,20323,25
669.36,270021,20343,25
670.79,270524,20383,25
672.21,271024,20419,25
673.52,271524,20431,25
674.6,272024,20467,25
675.82,272528,20487,25
677.09,273028,20515,25
678.22,273532,20543,25
679.61,274035,20567,25
680.79,274538,20595,25
682.02,275041,20611,25
683.11,275541,20631,25
684.32,276041,20647,25
685.52,276541,20659,25
686.77,277042,20683,25
688.14,277543,20715,25
689.48,278046,20739,25
690.67,278546,20771,25
691.96,279048,20827,25
693.32,279549,20859,25
694.66,280052,20867,25
695.91,280552,20911,25
697.23,281053,20951,25
698.53,281556,20983,25
699.71,282056,21011,25
700.93,282556,21051,25
702.17,283057,21087,25
703.46,283558,21119,25
704.81,284059,21151,25
706.17,284559,21171,25
707.42,285061,21203,25
708.77,285565,21231,25
710.06,286066,21243,25
711.4,286570,21275,25
712.75,287074,21311,25
714.2,287575,21355,25
715.49,288077,21375,25
716.65,288578,21395,25
717.84,289082,21407,25
719.09,289584,21439,25
720.32,290088,21459,25
721.46,290588,21515,25
722.78,291090,21547,25
724,291592,21567,25
725.36,292092,21623,25
726.68,292593,21647,25
727.96,293094,21675,25
729.24,293596,21695,25
730.43,294098,21719,25
731.73,294600,21759,25
733.03,295103,21787,25
734.25,295606,21819,25
735.39,296108,21835,25
736.55,296611,21851,25
737.88,297114,21879,25
739.13,297615,21911,25
740.38,298118,21947,25
741.59,298620,21987,25
742.9,299121,22019,25
744.16,299623,22039,25
745.54,300125,22067,25
746.71,300626,22095,25
748.02,301127,22123,25
749.21,301627,22143,25
750.62,302129,22175,25
751.91,302632,22227,25
753.18,303134,22259,25
754.64,303635,22295,25
755.98,304137,22335,25
757.4,304639,22379,25
758.75,305139,22419,25
760.06,305642,22455,25
761.39,306145,22479,25
762.88,306647,22515,25
764.12,307147,22535,25
765.41,307647,22563,25
766.64,308151,22575,25
768.05,308655,22611,25
769.26,309158,22643,25
770.52,309662,22663,25
771.86,310165,22683,25
773.12,310668,22707,25
774.31,311172,22731,25
775.48,311674,22755,25
776.71,312175,22791,25
777.94,312679,22803,25
779.22,313179,22827,25
780.4,313680,22855,25
781.56,314184,22867,25
782.8,314688,22875,25
783.96,315189,22899,25
785.19,315689,22911,25
786.55,316193,22931,25
787.8,316697,22971,25
789.11,317199,23011,25
790.3,317701,23035,25
791.6,318204,23055,25
792.81,318708,23083,25
794.1,319211,23119,25
795.34,319715,23159,25
796.66,320217,23179,25
797.8,320718,23231,25
799.09,321222,23267,25
800.49,321724,23323,25
801.76,322227,23335,25
803.09,322728,23351,25
804.4,323230,23363,25
805.68,323734,23391,25
807.05,324238,23403,25
808.28,324742,23427,25
809.42,325245,23451,25
810.64,325745,23483,25
812.01,326245,23511,25
813.43,326745,23547,25
814.83,327245,23567,25
816.15,327747,23603,25
817.51,328250,23643,25
818.8,328750,23671,25
820.11,329250,23703,25
821.51,329750,23735,25
822.82,330252,23747,25
824.19,330755,23767,25
825.3,331256,23799,25
826.75,331759,23835,25
828.02,332263,23863,25
829.37,332766,23883,25
830.67,333266,23915,25
832,333766,23955,25
833.23,334268,23975,25
834.64,334771,24003,25
836,335272,24039,25
837.34,335772,24063,25
838.56,336272,24087,25
839.76,336776,24131,25
840.91,337278,24163,25
842.2,337782,24175,25
843.43,338286,24191,25
844.75,338787,24215,25
845.93,339290,24223,25
847.13,339791,24247,25
848.4,340294,24271,25
849.59,340796,24303,25
850.85,341299,24315,25
852.17,341799,24347,25
853.41,342301,24371,25
854.65,342802,24395,25
855.9,343303,24431,25
857.23,343803,24471,25
858.44,344307,24495,25
859.68,344807,24539,25
860.76,345311,24563,25
862.01,345814,24587,25
863.22,346314,24615,25
864.4,346817,24675,25
865.62,347318,24695,25
866.83,347818,24735,25
868.11,348320,24767,25
869.34,348823,24803,25
870.8,349325,24831,25
872.15,349827,24875,25
873.56,350328,24915,25
874.88,350830,24923,25
876.18,351331,24967,25
877.31,351834,25019,25
878.53,352334,25043,25
879.74,352837,25055,25
880.93,353339,25079,25
882.11,353841,25127,25
883.3,354345,25151,25
884.51,354848,25195,25
885.83,355348,25211,25
887.09,355848,25231,25
888.37,356349,25267,25
889.48,356850,25291,25
890.87,357353,25323,25
892.18,357856,25335,25
893.48,358358,25355,25
894.84,358858,25387,25
896.11,359361,25423,25
897.31,359864,25467,25
898.56,360368,25475,25
899.85,360871,25503,25
901.05,361372,25515,25
902.32,361876,25543,25
903.67,362376,25579,25
904.89,362878,25603,25
906.14,363381,25647,25
907.44,363884,25667,25
908.6,364388,25699,25
909.9,364892,25723,25
911.16,365394,25767,25
912.41,365895,25795,25
913.62,366397,25827,25
914.92,366899,25843,25
916.38,367403,25879,25
917.88,367907,25907,25
919,368410,25931,25
920.16,368913,25975,25
921.33,369413,25987,25
922.59,369914,26007,25
923.84,370417,26043,25
925.03,370918,26067,25
926.25,371418,26083,25
927.54,371921,26131,25
928.8,372424,26159,25
930.04,372928,26183,25
931.31,373431,26203,25
932.62,373933,26239,25
933.9,374433,26271,25
935.09,374933,26295,25
936.34,375435,26339,25
937.67,375937,26375,25
939.11,376437,26399,25
940.44,376939,26435,25
941.66,377443,26455,25
942.82,377944,26471,25
944.2,378448,26507,25
945.51,378951,26523,25
946.76,379454,26555,25
947.98,379955,26579,25
949.31,380458,26599,25
950.62,380960,26627,25
951.92,381463,26659,25
953.13,381963,26683,25
954.37,382466,26715,25
955.56,382967,26735,25
956.78,383467,26759,25
958.18,383967,26775,25
959.43,384471,26799,25
960.67,384971,26835,25
961.92,385474,26847,25
963.09,385975,26883,25
964.4,386475,26915,25
965.69,386975,26931,25
966.97,387478,26951,25
968.24,387980,26983,25
969.58,388481,27019,25
970.81,388984,27035,25
972.03,389486,27079,25
973.43,389988,27115,25
974.75,390491,27147,25
975.91,390995,27163,25
977.23,391498,27187,25
978.54,392000,27211,25
979.85,392501,27247,25
981.03,393003,27271,25
982.42,393503,27315,25
983.73,394005,27327,25
985.14,394507,27371,25
986.49,395007,27411,25
987.87,395508,27443,25
989.13,396008,27475,25
990.43,396512,27491,25
991.77,397013,27531,25
993.06,397517,27547,25
994.32,398017,27567,25
995.54,398518,27583,25
996.82,399022,27607,25
997.98,399522,27631,25
999.32,400025,27663,25
1000.59,400525,27711,25
1001.87,401025,27747,25
1003.31,401529,27779,25
1004.69,402033,27799,25
1006.06,402537,27819,25
1007.51,403037,27831,25
1008.8,403538,27863,25
1010.18,404042,27891,25
1011.39,404543,27919,25
1012.71,405043,27955,25
1013.95,405546,27971,25
1015.41,406046,28007,25
1016.79,406549,28019,25
1018.28,407051,28055,25
1019.61,407553,28075,25
1020.78,408055,28091,25
1022.32,408555,28111,25
1023.67,409059,28151,25
1024.97,409560,28183,25
1026.29,410060,28239,25
1027.59,410562,28275,25
1029.14,411062,28295,25
1030.3,411565,28323,25
1031.54,412067,28339,25
1032.88,412567,28355,25
1034.14,413068,28371,25
1035.51,413570,28395,25
1036.89,414071,28431,25
1038.67,414572,28467,25
1039.92,415074,28499,25
1041.18,415575,28511,25
1042.47,416078,28523,25
1043.79,416582,28555,25
1045.12,417084,28583,25
1046.55,417587,28607,25
1047.98,418091,28627,25
1049.28,418594,28639,25
1050.7,419095,28691,25
1052.19,419599,28723,25
1053.81,420103,28759,25
1055.26,420603,28779,25
1056.69,421105,28799,25
1058.09,421609,28827,25
1059.54,422109,28867,25
1060.87,422611,28895,25
1062.09,423111,28915,25
1063.37,423614,28931,25
1064.55,424116,28955,25
1065.93,424616,29003,25
1067.26,425118,29027,25
1068.61,425620,29051,25
1069.85,426124,29079,25
1071.23,426626,29127,25
1072.55,427130,29143,25
1073.87,427631,29163,25
1075.19,428135,29207,25
1076.55,428636,29227,25
1077.87,429138,29251,25
1079.22,429640,29271,25
1080.45,430140,29303,25
1081.63,430642,29327,25
1082.86,431146,29351,25
1084.12,431647,29387,25
1085.38,432147,29407,25
1086.59,432649,29447,25
1088.12,433152,29479,25
1089.45,433656,29507,25
1090.67,434159,29547,25
1092,434661,29571,25
1093.27,435163,29579,25
1094.7,435666,29611,25
1096.03,436168,29635,25
1097.26,436669,29663,25
1.2,502,5472,29
2.26,1003,5474,29
3.27,1507,5551,29
4.29,2009,5551,29
5.32,2509,5551,29
6.39,3009,5551,29
7.55,3510,5551,29
8.72,4012,5551,29
9.79,4512,5551,29
10.71,5012,5551,29
11.63,5515,5598,29
12.67,6016,5604,29
13.71,6516,5604,29
14.64,7016,5604,29
15.8,7520,5615,29
16.83,8020,5615,29
17.99,8524,5642,29
19,9027,5646,28
20,9531,5646,28
21.09,10031,5646,28
22.21,10533,5650,28
23.3,11033,5650,28
24.28,11533,5650,28
25.34,12034,5654,28
26.39,12534,5654,28
27.34,13034,5654,28
28.45,13536,5666,28
29.49,14037,5670,28
30.54,14541,5674,28
31.6,15042,5678,28
32.55,15544,5678,28
33.64,16047,5682,28
34.65,16547,5682,28
35.56,17047,5682,28
36.59,17547,5682,28
37.61,18047,5682,28
38.61,18547,5682,28
39.62,19048,5686,28
40.6,19548,5694,28
41.72,20048,5694,28
42.78,20549,5698,28
43.83,21051,5700,29
44.84,21554,5708,29
45.92,22055,5712,29
46.98,22557,5720,29
48.01,23057,5720,29
49,23558,5724,29
50,24059,5728,29
51.02,24561,5740,29
52.11,25062,5760,29
53.21,25566,5772,29
54.28,26066,5772,29
55.38,26570,5788,29
56.59,27072,5812,29
57.79,27574,5832,29
58.89,28074,5852,29
59.98,28577,5872,29
61.13,29080,5896,29
62.29,29582,5900,29
63.36,30083,5912,29
64.42,30583,5924,29
65.62,31086,5948,29
66.75,31589,5984,29
67.89,32092,6016,29
69.06,32592,6032,29
70.16,33093,6072,29
71.42,33595,6092,29
72.6,34099,6116,29
73.85,34603,6124,29
75.1,35106,6156,29
76.24,35609,6180,29
77.44,36110,6184,29
78.66,36612,6188,29
79.9,37115,6196,29
81.13,37615,6220,29
82.34,38116,6252,29
83.62,38618,6260,29
84.79,39119,6284,29
85.89,39622,6304,29
87.04,40126,6336,29
88.15,40626,6364,29
89.27,41128,6384,29
90.46,41630,6400,29
91.6,42132,6424,29
92.75,42635,6436,29
93.84,43139,6460,29
94.98,43640,6480,29
96.12,44140,6516,29
97.3,44644,6540,29
98.62,45148,6564,29
99.89,45652,6612,29
101.08,46155,6636,29
102.27,46657,6656,29
103.58,47157,6688,29
104.91,47658,6712,29
106.2,48160,6756,29
107.48,48662,6780,29
108.68,49164,6812,29
109.88,49664,6844,29
111.08,50167,6856,29
112.23,50671,6872,29
113.56,51173,6896,29
114.82,51676,6916,29
116,52176,6940,29
117.23,52677,6956,29
118.48,53180,7004,29
119.74,53683,7036,29
120.96,54185,7056,29
122.16,54688,7100,29
123.27,55189,7132,29
124.47,55693,7148,29
125.81,56195,7180,29
127.06,56695,7204,29
128.27,57198,7228,29
129.59,57702,7276,29
130.75,58202,7288,29
132.06,58704,7296,29
133.35,59204,7316,29
134.59,59704,7348,29
135.85,60205,7368,29
137.05,60708,7400,29
138.17,61208,7432,29
139.32,61711,7468,29
140.5,62215,7504,29
141.63,62717,7548,29
142.94,63217,7568,29
144.17,63717,7580,29
145.4,64219,7612,29
146.71,64721,7644,29
147.94,65225,7668,29
149.22,65728,7696,29
150.5,66232,7720,29
151.75,66732,7764,29
152.96,67232,7780,29
154.07,67734,7808,29
155.33,68234,7840,29
156.51,68736,7872,29
157.77,69240,7900,29
158.92,69743,7940,29
160.16,70243,7956,29
161.43,70743,7984,29
162.68,71244,8000,29
163.85,71747,8008,29
164.95,72251,8024,29
166.18,72754,8048,29
167.42,73255,8088,29
168.63,73758,8100,29
169.9,74260,8116,29
171.15,74760,8132,29
172.53,75260,8160,29
173.77,75760,8176,29
175.22,76262,8196,29
176.49,76766,8220,29
177.69,77270,8232,29
178.8,77770,8264,29
179.93,78272,8284,29
181.26,78775,8308,29
182.47,79279,8340,29
183.98,79783,8388,29
185.12,80284,8412,29
186.52,80788,8424,29
187.81,81288,8452,29
189.08,81791,8484,29
190.31,82292,8516,29
191.53,82794,8532,29
192.71,83295,8560,29
194.17,83799,8588,29
195.33,84302,8624,29
196.59,84803,8652,29
197.92,85307,8672,29
199.19,85810,8700,29
200.43,86314,8732,29
201.74,86817,8756,29
203.16,87320,8780,29
204.45,87822,8808,29
205.62,88325,8848,29
207.07,88826,8876,29
208.47,89330,8904,29
209.7,89830,8944,29
210.96,90331,8968,29
212.21,90831,8992,29
213.54,91333,9020,29
214.63,91837,9032,29
215.83,92341,9076,29
216.88,92844,9096,29
217.98,93347,9120,29
219.17,93849,9140,29
220.35,94352,9164,29
221.53,94852,9200,29
222.79,95354,9232,29
224.05,95857,9272,29
225.26,96361,9300,29
226.62,96861,9344,29
227.88,97361,9376,29
228.97,97861,9388,29
230.15,98361,9432,29
231.44,98862,9436,29
232.89,99362,9452,29
234.08,99863,9484,29
235.34,100366,9496,29
236.62,100870,9524,29
237.77,101371,9548,29
238.99,101874,9600,29
240,102377,9612,29
241.33,102880,9644,29
242.55,103382,9672,29
243.8,103882,9704,29
245.07,104383,9736,29
246.27,104883,9772,29
247.43,105386,9792,29
248.64,105886,9808,29
249.78,106387,9828,29
250.97,106889,9856,29
252.35,107390,9892,29
253.81,107892,9916,29
255.06,108392,9952,29
256.48,108894,9972,29
257.74,109397,10000,29
259.12,109897,10008,29
260.42,110398,10044,29
261.68,110899,10080,29
262.82,111400,10088,29
264.02,111902,10108,29
265.11,112404,10120,29
266.31,112908,10152,29
267.58,113410,10172,29
268.86,113910,10200,29
270.12,114410,10224,29
271.3,114910,10244,29
272.53,115413,10280,29
273.68,115917,10304,29
274.92,116417,10320,29
276.16,116920,10364,29
277.32,117420,10384,29
278.52,117922,10404,29
279.73,118422,10444,29
281.1,118926,10464,29
282.34,119427,10520,29
283.6,119927,10552,29
284.89,120428,10568,29
286.06,120932,10600,29
287.29,121435,10636,29
288.43,121938,10664,29
289.62,122438,10680,29
290.82,122939,10712,29
292,123439,10728,29
293.19,123941,10744,29
294.46,124442,10764,29
295.7,124943,10780,29
296.86,125446,10804,29
298.04,125947,10840,29
299.31,126448,10868,29
300.59,126949,10900,29
301.66,127450,10952,29
302.8,127951,10972,29
304.11,128455,11000,29
305.57,128959,11036,29
306.99,129459,11076,29
308.17,129961,11104,29
309.47,130461,11124,29
310.74,130964,11156,29
311.9,131468,11176,29
313.25,131971,11224,29
314.51,132473,11268,29
315.66,132975,11300,29
316.97,133476,11320,29
318.24,133980,11340,29
319.53,134484,11356,29
320.74,134984,11384,29
321.91,135486,11392,29
323.17,135988,11416,29
324.41,136491,11428,29
325.59,136995,11480,29
326.78,137499,11492,29
327.97,138001,11516,29
329.23,138505,11536,29
330.49,139007,11572,29
331.8,139508,11588,29
333.05,140009,11600,29
334.2,140509,11620,29
335.51,141011,11656,29
336.9,141514,11696,29
338.37,142016,11732,29
339.63,142519,11744,29
340.89,143022,11780,29
342.16,143524,11800,29
343.41,144026,11804,29
344.66,144529,11856,29
345.9,145033,11868,29
347.11,145533,11904,29
348.31,146035,11928,29
349.56,146537,11956,29
350.62,147038,11960,29
351.8,147542,11992,29
353.1,148043,12028,29
354.28,148546,12068,29
355.42,149046,12096,29
356.56,149547,12128,29
357.67,150048,12156,29
358.92,150549,12188,29
360.14,151053,12232,29
361.4,151555,12268,29
362.62,152055,12280,29
363.84,152559,12324,29
365.07,153060,12348,29
366.58,153564,12368,29
367.86,154067,12404,29
369.1,154570,12436,29
370.25,155072,12468,29
371.5,155572,12504,29
372.95,156072,12564,29
374.35,156576,12600,29
375.74,157078,12620,29
377.01,157582,12656,29
378.38,158086,12688,29
379.69,158590,12740,29
381.04,159091,12768,29
382.3,159594,12812,29
383.53,160097,12848,29
384.73,160597,12864,29
386.32,161099,12900,29
387.53,161602,12912,29
388.58,162104,12956,29
390.22,162607,12972,29
391.52,163107,13000,29
392.62,163611,13036,29
393.87,164112,13068,29
395.08,164613,13104,29
396.47,165115,13124,29
397.9,165617,13148,29
399.21,166121,13192,29
400.75,166624,13216,29
402.02,167126,13240,29
403.16,167627,13264,29
404.4,168129,13288,29
405.54,168631,13324,29
406.73,169132,13356,29
407.93,169633,13396,29
409.12,170135,13432,29
410.48,170638,13468,29
411.79,171139,13492,29
413.09,171639,13512,29
414.39,172142,13540,29
415.58,172642,13560,29
416.99,173142,13608,29
418.1,173644,13628,29
419.28,174148,13648,29
420.56,174648,13668,29
421.74,175150,13700,29
422.99,175650,13728,29
424.15,176154,13760,29
425.31,176655,13772,29
426.55,177159,13804,29
427.79,177662,13852,29
428.93,178162,13868,29
430.17,178666,13896,29
431.59,179170,13948,29
433.02,179674,13980,29
434.32,180175,13996,29
435.63,180678,14032,29
436.8,181178,14084,29
437.96,181678,14108,29
439.17,182181,14140,29
440.39,182685,14176,29
441.57,183188,14196,29
442.73,183688,14228,29
443.91,184189,14232,29
445.13,184691,14272,29
446.29,185193,14308,29
447.57,185694,14344,29
448.76,186194,14368,29
450.35,186697,14400,29
451.43,187197,14420,29
452.69,187699,14440,29
454,188200,14492,29
455.19,188704,14512,29
456.39,189207,14548,29
457.59,189710,14556,29
458.81,190210,14572,29
460,190710,14600,29
461.18,191211,14624,29
462.31,191715,14640,29
463.59,192215,14676,29
464.82,192715,14708,29
466.19,193216,14736,29
467.41,193718,14784,29
468.53,194219,14804,29
469.82,194722,14816,29
470.94,195225,14836,29
472.21,195727,14856,29
473.48,196230,14896,29
474.85,196732,14912,29
476.07,197232,14932,29
477.32,197736,14976,29
478.49,198239,14996,29
479.85,198739,15028,29
481.05,199240,15032,29
482.18,199744,15052,29
483.49,200248,15068,29
484.7,200751,15092,29
486.05,201251,15112,29
487.26,201754,15140,29
488.43,202255,15160,29
489.77,202755,15184,29
491.03,203256,15224,29
492.41,203759,15256,29
493.57,204259,15284,29
494.88,204760,15320,29
496.14,205262,15352,29
497.38,205766,15384,29
498.71,206270,15424,29
499.95,206774,15456,29
501.13,207275,15488,29
502.54,207776,15524,29
503.83,208280,15560,29
504.99,208784,15588,29
506.39,209288,15620,29
507.77,209788,15660,29
509.07,210288,15688,29
510.27,210788,15716,29
511.49,211288,15748,29
512.69,211791,15768,29
513.83,212292,15788,29
515,212795,15812,29
516.1,213299,15828,29
517.19,213799,15844,29
518.4,214301,15880,29
519.55,214805,15924,29
520.68,215307,15944,29
521.98,215810,15956,29
523.09,216314,15980,29
524.19,216816,16000,29
525.39,217317,16032,29
526.44,217821,16056,29
527.52,218324,16096,29
528.61,218824,16120,29
529.84,219326,16144,29
531.05,219826,16164,29
532.28,220326,16188,29
533.37,220826,16208,29
534.6,221328,16224,29
535.73,221829,16264,29
536.82,222330,16288,29
537.95,222831,16304,29
539.15,223334,16320,29
540.58,223835,16340,29
541.78,224339,16384,29
542.87,224841,16400,29
544.04,225341,16432,29
545.2,225841,16488,29
546.31,226341,16536,29
547.5,226842,16564,29
548.76,227344,16592,29
550,227845,16640,29
551.22,228346,16688,29
552.44,228846,16712,29
553.9,229347,16744,29
555.21,229847,16776,29
556.56,230350,16800,29
557.88,230854,16832,29
559.22,231354,16860,29
560.43,231855,16864,29
561.67,232359,16888,29
562.8,232862,16908,29
563.99,233363,16964,29
565.29,233864,17008,29
566.51,234367,17020,29
567.94,234869,17048,29
569.36,235371,17068,29
570.5,235872,17088,29
571.65,236374,17112,29
572.85,236874,17144,29
574.06,237374,17152,29
575.28,237875,17176,29
576.44,238378,17212,29
577.63,238878,17256,29
578.89,239378,17288,29
580.03,239878,17336,29
581.29,240379,17372,29
582.59,240880,17408,29
584.05,241381,17436,29
585.35,241885,17464,29
586.54,242388,17484,29
587.64,242889,17512,29
588.79,243390,17524,29
590.03,243894,17544,29
591.42,244395,17564,29
593.11,244899,17580,29
594.51,245403,17620,29
595.79,245905,17652,29
597.03,246409,17680,29
598.17,246911,17720,29
599.33,247412,17744,29
600.43,247916,17784,29
601.51,248419,17808,29
602.74,248919,17840,29
603.9,249420,17868,29
605.01,249923,17896,29
606.25,250426,17904,29
607.51,250927,17956,29
608.94,251428,17984,29
610.24,251928,18000,29
611.49,252428,18024,29
612.86,252929,18040,29
614.12,253430,18056,29
615.35,253934,18096,29
616.8,254437,18128,29
618.02,254938,18144,29
619.33,255438,18180,29
620.62,255941,18216,29
621.88,256445,18252,29
623.18,256948,18280,29
624.46,257450,18312,29
625.74,257953,18356,29
626.89,258454,18376,29
628.18,258956,18412,29
629.55,259460,18440,29
630.78,259962,18464,29
632.08,260465,18492,29
633.42,260969,18516,29
634.68,261471,18540,29
635.87,261974,18560,29
637.03,262476,18580,29
638.15,262977,18620,29
639.28,263480,18648,29
640.42,263982,18688,29
641.6,264484,18732,29
642.86,264988,18764,29
644.12,265490,18792,29
645.41,265992,18844,29
646.63,266493,18868,29
647.73,266995,18904,29
648.99,267495,18940,29
650.04,267998,18968,29
651.19,268502,18984,29
652.32,269004,19016,29
653.6,269507,19052,29
654.78,270008,19092,29
655.93,270510,19112,29
657.19,271013,19136,29
658.43,271517,19156,29
659.65,272018,19164,29
660.72,272518,19192,29
661.92,273018,19216,29
663.07,273518,19252,29
664.24,274019,19272,29
665.5,274519,19288,29
666.66,275021,19316,29
667.96,275524,19336,29
669.14,276027,19356,29
670.33,276530,19384,29
671.49,277034,19412,29
672.84,277537,19456,29
674.2,278037,19472,29
675.39,278540,19496,29
676.74,279043,19560,29
677.98,279544,19584,29
679.28,280046,19624,29
680.61,280546,19660,29
681.86,281050,19684,29
683.12,281550,19712,29
684.4,282052,19748,29
685.62,282555,19772,29
686.83,283055,19812,29
688.02,283559,19840,29
689.15,284060,19860,29
690.36,284562,19884,29
691.53,285066,19920,29
692.76,285568,19956,29
693.89,286072,19996,29
695.1,286576,20040,29
696.29,287078,20068,29
697.48,287581,20088,29
698.69,288083,20112,29
699.94,288583,20148,29
701.1,289086,20160,29
702.32,289586,20192,29
703.59,290086,20224,29
704.93,290588,20288,29
706.15,291090,20312,29
707.38,291592,20340,29
708.59,292093,20388,29
709.88,292597,20412,29
711.24,293097,20448,29
712.52,293600,20472,29
713.75,294102,20508,29
714.89,294604,20528,29
716.14,295107,20552,29
717.37,295608,20568,29
718.57,296110,20628,29
719.7,296613,20648,29
720.94,297117,20660,29
722.26,297621,20672,29
723.44,298124,20720,29
724.65,298626,20740,29
725.91,299129,20788,29
727.15,299632,20824,29
728.36,300132,20844,29
729.66,300636,20876,29
730.82,301136,20904,29
732.14,301637,20924,29
733.49,302141,20956,29
734.79,302642,20996,29
736.03,303143,21016,29
737.3,303647,21036,29
738.43,304151,21064,29
739.7,304652,21088,29
740.94,305156,21120,29
742.17,305656,21136,29
743.36,306160,21164,29
744.6,306662,21184,29
745.8,307163,21244,29
747.13,307666,21272,29
748.53,308168,21304,29
749.66,308672,21328,29
750.88,309174,21380,29
752.08,309675,21408,29
753.33,310175,21436,29
754.61,310677,21476,29
755.81,311179,21504,29
757.01,311681,21528,29
758.18,312182,21544,29
759.56,312685,21564,29
760.71,313189,21576,29
761.96,313692,21604,29
763.27,314193,21636,29
764.54,314693,21668,29
765.76,315194,21672,29
766.96,315695,21692,29
768.01,316197,21716,29
769.19,316698,21748,29
770.44,317201,21772,29
771.71,317703,21792,29
772.98,318207,21824,29
774.25,318711,21860,29
775.44,319213,21900,29
776.52,319715,21920,29
777.77,320217,21952,29
778.92,320721,21968,29
780.2,321222,22008,29
781.47,321722,22040,29
782.65,322224,22060,29
783.84,322727,22088,29
785.08,323228,22116,29
786.35,323728,22136,29
787.49,324228,22148,29
788.8,324732,22176,29
790.05,325232,22220,29
791.31,325732,22256,29
792.58,326235,22284,29
793.91,326737,22312,29
795.19,327239,22348,29
796.49,327743,22380,29
797.62,328244,22408,29
798.66,328748,22424,29
799.78,329252,22452,29
801.02,329755,22464,29
802.25,330257,22504,29
803.43,330760,22524,29
804.58,331264,22560,29
805.86,331768,22596,29
807.13,332269,22608,29
808.4,332769,22636,29
809.58,333271,22672,29
810.8,333773,22700,29
812.01,334274,22748,29
813.22,334774,22760,29
814.38,335274,22772,29
815.54,335778,22800,29
816.78,336281,22824,29
818.03,336782,22844,29
819.25,337282,22872,29
820.33,337782,22896,29
821.66,338285,22936,29
822.97,338789,22968,29
824.14,339290,22976,29
825.21,339794,23008,29
826.55,340295,23044,29
827.78,340795,23076,29
829.05,341296,23116,29
830.27,341799,23136,29
831.61,342300,23168,29
832.78,342802,23204,29
834.05,343303,23224,29
835.21,343803,23256,29
836.41,344304,23284,29
837.58,344804,23308,29
838.95,345304,23336,29
840.14,345805,23348,29
841.36,346306,23368,29
842.76,346810,23404,29
844.08,347313,23424,29
845.37,347816,23460,29
846.44,348316,23488,29
847.71,348820,23524,29
848.91,349324,23560,29
850.1,349825,23604,29
851.38,350326,23632,29
852.76,350826,23656,29
854.15,351327,23704,29
855.43,351827,23732,29
856.7,352329,23756,29
857.95,352830,23792,29
859.13,353332,23808,29
860.39,353833,23820,29
861.59,354336,23856,29
862.84,354837,23884,29
864.18,355340,23920,29
865.44,355840,23972,29
866.67,356340,23996,29
867.86,356841,24020,29
869.13,357345,24052,29
870.44,357845,24072,29
871.66,358345,24096,29
872.91,358846,24108,29
874.14,359348,24148,29
875.47,359850,24180,29
876.66,360352,24200,29
877.92,360856,24236,29
879.17,361358,24280,29
880.34,361861,24308,29
881.48,362363,24324,29
882.67,362867,24348,29
883.81,363367,24392,29
885.18,363871,24404,29
886.47,364375,24424,29
887.7,364876,24452,29
888.9,365380,24496,29
890.19,365883,24524,29
891.48,366386,24556,29
892.69,366890,24572,29
893.91,367391,24592,29
895.12,367892,24612,29
896.45,368395,24640,29
897.66,368895,24660,29
898.82,369397,24696,29
900.05,369900,24744,29
901.51,370400,24776,29
902.8,370900,24792,29
904,371400,24820,29
905.22,371901,24864,29
906.41,372401,24908,29
907.59,372903,24932,29
908.8,373406,24976,29
910,373908,24996,29
911.24,374408,25012,29
912.52,374909,25048,29
913.92,375412,25100,29
915.17,375915,25140,29
916.33,376416,25172,29
917.53,376919,25196,29
918.79,377421,25232,29
919.95,377922,25264,29
921.02,378425,25308,29
922.3,378929,25340,29
923.51,379433,25364,29
924.82,379937,25408,29
925.97,380440,25432,29
927.23,380944,25444,29
928.52,381446,25468,29
929.84,381949,25524,29
931.11,382452,25560,29
932.51,382954,25600,29
933.88,383458,25624,29
935.24,383962,25636,29
936.48,384465,25672,29
937.74,384968,25696,29
939.02,385469,25716,29
940.25,385973,25744,29
941.6,386476,25768,29
942.87,386978,25792,29
944.15,387479,25821,29
945.6,387980,25889,29
947.03,388480,25925,29
948.29,388982,25945,29
949.47,389485,25985,29
950.79,389985,26005,29
952.03,390485,26037,29
953.27,390986,26061,29
954.45,391489,26089,29
955.77,391991,26125,29
957.04,392493,26161,29
958.26,392995,26185,29
959.48,393498,26197,29
960.74,394002,26209,29
961.89,394504,26249,29
963,395004,26269,29
964.17,395506,26297,29
965.31,396008,26329,29
966.51,396508,26357,29
967.78,397012,26389,29
969.02,397512,26409,29
970.18,398012,26437,29
971.43,398513,26449,29
972.75,399017,26473,29
974.05,399519,26509,29
975.3,400023,26537,29
976.59,400524,26585,29
977.96,401025,26601,29
979.19,401529,26637,29
980.36,402032,26669,29
981.65,402533,26701,29
982.92,403033,26737,29
984.14,403534,26773,29
985.41,404034,26805,29
986.58,404538,26833,29
987.77,405039,26853,29
988.94,405540,26869,29
990.12,406041,26901,29
991.5,406543,26925,29
992.86,407047,26957,29
994.11,407551,26977,29
995.41,408053,27013,29
996.67,408553,27041,29
997.9,409057,27097,29
999.01,409558,27129,29
1000.24,410061,27161,29
1001.63,410564,27185,29
1002.84,411065,27201,29
1004.16,411568,27221,29
1005.49,412070,27241,29
1006.79,412573,27281,29
1008.16,413073,27297,29
1009.4,413573,27321,29
1010.76,414076,27361,29
1012.1,414578,27385,29
1013.44,415081,27413,29
1014.65,415585,27437,29
1015.95,416087,27465,29
1017.28,416591,27509,29
1018.6,417092,27529,29
1019.83,417592,27553,29
1020.99,418092,27569,29
1022.23,418592,27589,29
1023.45,419092,27601,29
1024.86,419595,27633,29
1026.17,420095,27673,29
1027.39,420596,27701,29
1028.65,421098,27737,29
1029.95,421600,27765,29
1031.16,422103,27785,29
1032.51,422605,27809,29
1033.89,423107,27833,29
1035.17,423609,27869,29
1036.44,424113,27881,29
1037.64,424617,27909,29
1038.95,425117,27941,29
1040.31,425617,27985,29
1041.77,426118,28013,29
1043,426620,28033,29
1044.3,427122,28057,29
1045.51,427626,28085,29
1046.8,428128,28125,29
1048.01,428628,28145,29
1049.34,429130,28161,29
1050.5,429634,28173,29
1051.69,430136,28213,29
1052.95,430638,28249,29
1054.18,431142,28265,29
1055.55,431645,28305,29
1056.94,432149,28341,29
1058.23,432651,28365,29
1059.41,433153,28389,29
1060.57,433653,28401,29
1061.74,434157,28437,29
1063.03,434660,28477,29
1064.46,435164,28493,29
1065.63,435668,28537,29
1066.86,436168,28557,29
1068.08,436668,28573,29
1069.32,437170,28601,29
1070.63,437672,28633,29
1071.78,438173,28657,29
1073.04,438674,28673,29
1074.4,439177,28709,29
1075.64,439681,28729,29
1076.89,440183,28773,29
1078.11,440687,28789,29
1079.39,441188,28825,29
1080.58,441689,28845,29
1081.75,442189,28873,29
1082.97,442690,28889,29
1084.26,443191,28905,29
1085.69,443695,28933,29
1087.03,444199,28953,29
1088.28,444700,28985,29
1.25,504,4788,22
2.25,1006,4835,22
3.27,1506,4835,22
4.31,2008,4837,22
5.29,2508,4837,22
6.44,3008,4837,22
7.6,3510,4841,22
8.76,4014,4865,22
9.83,4515,4889,22
10.89,5015,4909,22
11.97,5519,4917,22
13.09,6021,4933,22
14.14,6523,4957,22
15.2,7023,4977,22
16.33,7523,4989,22
17.52,8026,5001,22
18.71,8528,5013,22
19.79,9031,5037,22
20.95,9532,5061,22
22.12,10033,5081,22
23.32,10537,5093,22
24.65,11040,5113,22
25.87,11544,5145,22
27.02,12045,5177,22
28.16,12546,5197,22
29.52,13048,5918,23
30.65,13549,5930,23
31.55,14049,5930,23
32.61,14550,5934,23
33.74,15051,5986,23
34.69,15552,5990,23
35.79,16053,6030,23
36.84,16553,6030,23
37.85,17054,6034,23
38.77,17556,6042,23
39.88,18058,6050,23
41.06,18560,6058,23
42.05,19061,6062,23
43.08,19563,6068,23
44.18,20063,6084,23
45.26,20566,6108,23
46.36,21068,6112,23
47.51,21572,6132,23
48.64,22075,6144,23
49.73,22575,6164,23
50.92,23079,6186,24
51.94,23581,6206,24
53.04,24081,6218,24
54.21,24584,6230,24
55.46,25087,6246,24
56.54,25588,6250,24
57.66,26090,6302,24
58.81,26594,6322,24
60.13,27098,6338,24
61.5,27599,6350,24
62.7,28099,6362,24
63.92,28602,6374,24
65.05,29103,6386,24
66.23,29607,6398,24
67.38,30111,6426,24
68.58,30611,6442,24
69.81,31111,6490,24
70.99,31612,6518,24
72.3,32112,6534,24
73.47,32614,6558,24
74.65,33116,6566,24
75.7,33619,6598,24
76.87,34122,6610,24
78.03,34626,6626,24
79.11,35129,6646,24
80.21,35633,6662,24
81.38,36134,6690,24
82.42,36635,6710,24
83.54,37138,6734,24
84.73,37641,6770,24
85.76,38143,6798,24
86.97,38645,6802,24
88.22,39148,6826,24
89.47,39652,6866,24
90.61,40156,6898,24
91.65,40656,6926,24
92.86,41158,6958,24
93.95,41661,6978,24
95.03,42163,6994,24
96.23,42665,7034,24
97.45,43169,7062,24
98.67,43669,7098,24
99.75,44171,7118,24
100.87,44673,7142,24
102,45173,7158,24
103.17,45675,7178,24
104.39,46179,7206,24
105.54,46683,7230,24
106.79,47183,7262,24
107.95,47686,7274,24
109.13,48188,7294,24
110.29,48688,7310,24
111.39,49191,7326,24
112.49,49695,7354,24
113.67,50195,7378,24
114.84,50696,7398,24
115.93,51197,7430,24
116.99,51699,7442,24
118.2,52203,7474,24
119.4,52704,7506,24
120.6,53205,7510,24
121.71,53709,7546,24
122.96,54211,7562,24
124.23,54713,7586,24
125.55,55214,7622,24
126.77,55715,7654,24
127.99,56218,7682,24
129.21,56719,7738,24
130.38,57219,7758,24
131.64,57722,7782,24
132.69,58225,7826,24
134.02,58727,7842,24
135.2,59228,7854,24
136.48,59731,7882,24
137.6,60233,7922,24
138.82,60734,7934,24
139.99,61236,7982,24
141.17,61738,8010,24
142.37,62242,8018,24
143.53,62743,8038,24
144.7,63243,8054,24
145.85,63744,8070,24
147.01,64246,8086,24
148.22,64750,8102,24
149.5,65250,8134,24
150.72,65751,8162,24
151.89,66254,8166,24
153.14,66758,8206,24
154.24,67261,8226,24
155.45,67764,8266,24
156.75,68267,8286,24
157.86,68767,8310,24
158.98,69267,8326,24
160.21,69767,8362,24
161.42,70271,8374,24
162.56,70771,8398,24
163.68,71275,8430,24
164.78,71778,8458,24
165.99,72278,8486,24
167.23,72781,8522,24
168.34,73284,8546,24
169.45,73784,8566,24
170.58,74284,8578,24
171.74,74784,8610,24
172.95,75284,8658,24
174.15,75784,8678,24
175.26,76284,8698,24
176.47,76784,8714,24
177.63,77287,8742,24
178.85,77788,8770,24
180,78292,8794,24
181.2,78795,8806,24
182.4,79297,8850,24
183.67,79800,8882,24
184.82,80301,8898,24
185.96,80802,8930,24
187.13,81302,8946,24
188.34,81802,8966,24
189.54,82304,9002,24
190.79,82805,9030,24
191.98,83308,9054,24
193.03,83809,9082,24
194.22,84309,9110,24
195.45,84813,9138,24
196.64,85316,9162,24
197.8,85818,9194,24
198.9,86319,9226,24
200.08,86820,9266,24
201.29,87322,9298,24
202.47,87822,9310,24
203.79,88323,9322,24
204.92,88825,9350,24
206,89326,9370,24
207.22,89829,9394,24
208.42,90329,9414,24
209.6,90833,9438,24
210.84,91334,9470,24
212.07,91838,9494,24
213.26,92341,9514,24
214.46,92843,9538,24
215.62,93344,9578,24
216.82,93848,9606,24
218.07,94351,9634,24
219.3,94852,9670,24
220.54,95356,9726,24
221.71,95860,9750,24
222.96,96363,9766,24
224.21,96866,9778,24
225.47,97370,9798,24
226.5,97870,9818,24
227.76,98373,9842,24
228.99,98874,9886,24
230.06,99377,9914,24
231.2,99877,9954,24
232.37,100380,9982,24
233.66,100883,10030,24
234.9,101385,10074,24
236.16,101885,10094,24
237.36,102388,10134,24
238.5,102892,10162,24
239.65,103393,10198,24
240.8,103896,10238,24
241.98,104398,10270,24
243.15,104900,10306,24
244.33,105401,10322,24
245.52,105903,10358,24
246.71,106406,10366,24
247.94,106909,10394,24
249.14,107413,10426,24
250.43,107916,10466,24
251.82,108419,10498,24
253.11,108923,10514,24
254.34,109427,10534,24
255.52,109927,10562,24
256.66,110430,10594,24
257.84,110930,10646,24
259.07,111432,10698,24
260.27,111934,10722,24
261.5,112435,10746,24
262.67,112938,10758,24
263.89,113442,10770,24
265.12,113943,10798,24
266.36,114446,10806,24
267.72,114949,10842,24
269,115452,10874,24
270.18,115955,10894,24
271.44,116459,10922,24
272.6,116960,10926,24
273.74,117460,10962,24
274.9,117964,10990,24
276.01,118464,11018,24
277.1,118965,11062,24
278.19,119467,11102,24
279.27,119968,11126,24
280.52,120468,11142,24
281.65,120972,11190,24
282.94,121472,11218,24
284.07,121976,11234,24
285.37,122476,11258,24
286.54,122976,11318,24
287.62,123479,11338,24
288.69,123980,11378,24
289.83,124481,11398,24
291.04,124981,11470,24
292.17,125484,11478,24
293.38,125987,11498,24
294.66,126491,11510,24
295.85,126994,11534,24
297.09,127494,11546,23
298.25,127994,11546,23
299.3,128494,11546,23
300.4,128995,11550,23
301.43,129495,11550,23
302.44,129995,11550,23
303.53,130496,11554,23
304.54,130996,11554,23
305.5,131496,11554,23
306.5,131996,11554,23
307.59,132496,11554,23
308.69,132997,11558,23
309.88,133497,11558,23
310.95,133997,11558,23
311.84,134500,11566,23
312.9,135003,11578,23
314.07,135503,11578,23
315.21,136006,11590,23
316.25,136508,11598,23
317.26,137011,11618,23
318.28,137511,11618,23
319.29,138014,11630,23
320.38,138518,11642,23
321.41,139022,11658,23
322.51,139523,11682,23
323.58,140024,11694,23
324.68,140525,11718,23
326.01,141025,11742,23
327.14,141525,11770,23
328.22,142027,11786,23
329.37,142528,11802,23
330.61,143032,11830,23
331.76,143533,11850,23
332.94,144037,11866,23
334.11,144539,11886,23
335.22,145043,11902,23
336.31,145544,11942,23
337.43,146045,11958,23
338.49,146545,11986,23
339.55,147047,12002,23
340.69,147547,12054,23
341.81,148049,12062,23
342.89,148550,12094,23
343.97,149053,12122,23
345.1,149554,12158,23
346.27,150058,12182,23
347.47,150560,12202,23
348.66,151063,12234,23
349.82,151566,12274,23
351.06,152070,12310,23
352.18,152572,12342,23
353.26,153073,12362,23
354.47,153577,12394,23
355.59,154080,12422,23
356.73,154582,12430,23
357.86,155083,12454,23
358.93,155585,12506,23
360.17,156088,12526,23
361.51,156588,12546,23
362.81,157092,12574,23
364.02,157595,12598,23
365.2,158098,12630,23
366.43,158600,12654,23
367.76,159104,12674,23
369.17,159605,12706,23
370.42,160108,12738,23
371.53,160610,12766,23
372.86,161113,12798,23
374.08,161616,12830,23
375.27,162120,12870,23
376.52,162623,12902,23
377.84,163125,12942,23
379.04,163629,12982,23
380.19,164132,13010,23
381.38,164636,13034,23
382.6,165139,13058,23
383.83,165643,13102,23
385.18,166145,13122,23
386.42,166648,13150,23
387.41,167152,13170,23
388.57,167655,13190,23
389.84,168158,13214,23
391.04,168660,13234,23
392.22,169161,13270,23
393.43,169665,13298,23
394.57,170165,13326,23
395.85,170668,13350,23
397.07,171168,13386,23
398.2,171670,13426,23
399.32,172170,13442,23
400.41,172672,13478,23
401.59,173176,13506,23
402.69,173679,13538,23
403.89,174181,13546,23
405.07,174683,13566,23
406.2,175184,13594,23
407.36,175686,13614,23
408.51,176190,13646,23
409.64,176693,13654,23
410.74,177197,13702,23
411.9,177698,13726,23
413.05,178201,13754,23
414.27,178705,13798,23
415.47,179205,13838,23
416.87,179708,13874,23
418.02,180210,13882,23
419.11,180711,13902,23
420.3,181215,13946,23
421.46,181716,13962,23
422.51,182218,13982,23
423.64,182719,14038,23
424.97,183223,14058,23
426.18,183727,14070,23
427.47,184229,14094,23
428.66,184729,14126,23
429.88,185230,14146,23
431.1,185730,14170,23
432.4,186230,14210,23
433.65,186732,14238,23
434.96,187234,14246,23
436.23,187736,14270,23
437.43,188240,14302,23
438.65,188743,14338,23
439.86,189244,14362,23
440.91,189746,14390,23
442.03,190247,14406,23
443.2,190747,14410,23
444.28,191249,14422,23
445.49,191749,14478,23
446.66,192252,14518,23
447.94,192753,14538,23
449.13,193255,14562,23
450.41,193759,14598,23
451.72,194259,14634,23
452.96,194763,14674,23
454.13,195264,14702,23
455.37,195766,14726,23
456.54,196266,14754,23
457.83,196768,14774,23
459.14,197269,14806,23
460.35,197769,14834,23
461.57,198269,14874,23
462.8,198770,14930,23
464.04,199274,14978,23
465.31,199775,14990,23
466.53,200275,15018,23
467.82,200778,15038,23
469.02,201278,15070,23
470.15,201781,15094,23
471.34,202284,15118,23
472.53,202787,15130,23
473.77,203291,15150,23
474.94,203794,15182,23
476.17,204296,15202,23
477.35,204796,15226,23
478.59,205297,15242,23
479.86,205797,15262,23
481.25,206299,15282,23
482.5,206800,15314,23
483.64,207303,15350,23
484.79,207807,15390,23
486,208308,15402,23
487.12,208811,15438,23
488.44,209312,15454,23
489.64,209815,15494,23
490.95,210315,15514,23
492.23,210817,15554,23
493.51,211321,15586,23
494.73,211825,15610,23
495.93,212325,15630,23
497.1,212829,15666,23
498.26,213333,15698,23
499.53,213837,15714,23
500.76,214338,15742,23
502.11,214838,15766,23
503.39,215341,15786,23
504.59,215845,15806,23
505.88,216346,15822,23
507.05,216850,15838,23
508.27,217350,15874,23
509.5,217850,15914,23
510.77,218350,15930,23
511.96,218851,15966,23
513.1,219353,15986,23
514.25,219856,16006,23
515.42,220357,16018,23
516.7,220860,16034,23
517.89,221361,16050,23
519.08,221861,16074,23
520.36,222361,16110,23
521.61,222861,16126,23
522.84,223361,16138,23
524.11,223865,16174,23
525.29,224369,16190,23
526.48,224872,16210,23
527.62,225376,16258,23
528.82,225878,16274,23
529.95,226379,16290,23
531.31,226879,16318,23
532.53,227382,16334,23
533.78,227885,16350,23
535.01,228387,16358,23
536.2,228890,16390,23
537.48,229392,16430,23
538.7,229895,16438,23
539.93,230395,16450,23
541.27,230896,16474,23
542.43,231396,16514,23
543.59,231899,16526,23
544.71,232400,16550,23
546,232902,16582,23
547.26,233405,16610,23
548.43,233909,16646,23
549.74,234410,16678,23
551.21,234911,16698,23
552.48,235414,16722,23
553.6,235917,16754,23
554.97,236421,16774,23
556.27,236925,16798,23
557.54,237425,16830,23
558.77,237928,16870,23
560.19,238432,16914,23
561.58,238936,16938,23
562.84,239438,16954,23
564.34,239940,16966,23
566.27,240444,16990,23
567.87,240945,17014,23
569.42,241446,17046,23
571.15,241949,17058,23
1.2,503,4843,23
2.21,1004,4863,23
3.36,1507,5218,23
4.57,2007,5243,23
5.89,2507,5904,25
6.89,3009,6007,25
7.91,3513,6011,25
8.95,4014,6017,25
10.25,4515,6037,25
11.28,5017,6041,25
12.39,5518,6044,25
13.64,6021,6049,26
14.73,6521,6053,26
15.87,7022,6057,26
16.93,7523,6077,26
18.06,8024,6079,26
19.22,8525,6088,26
20.41,9026,6104,26
21.49,9526,6120,26
22.66,10029,6152,26
23.9,10530,6164,26
25.09,11034,6176,26
26.21,11538,6192,26
27.41,12040,6208,26
28.75,12543,6220,26
29.98,13043,6240,26
31.19,13544,6260,26
32.31,14047,6272,26
33.58,14549,6288,26
34.85,15051,6296,26
35.95,15551,6296,26
37.19,16053,6328,26
38.47,16557,6360,26
39.74,17060,6388,26
40.94,17563,6400,26
42.26,18066,6412,26
43.62,18569,6424,26
44.73,19070,6428,26
45.96,19572,6464,26
47.12,20072,6496,26
48.47,20573,6508,26
49.7,21074,6524,26
50.91,21578,6540,26
52.04,22081,6572,26
53.34,22582,6584,26
54.7,23086,6604,26
56,23588,6616,26
57.18,24091,6636,26
58.32,24595,6648,26
59.45,25099,6676,26
60.72,25601,6716,26
61.83,26105,6736,26
63.07,26607,6748,26
64.31,27110,6764,26
65.55,27612,6792,26
66.85,28116,6828,26
68.05,28618,6852,26
69.18,29122,6880,26
70.46,29622,6900,26
71.61,30123,6916,26
72.8,30624,6940,26
73.98,31126,6948,26
75,31626,6972,26
76.16,32128,6992,26
77.31,32632,7004,26
78.41,33135,7028,26
79.61,33636,7060,26
80.9,34139,7084,26
82.14,34641,7112,26
83.3,35145,7124,26
84.32,35649,7148,26
85.54,36151,7172,26
86.63,36654,7184,26
87.88,37156,7216,26
89.01,37657,7260,26
90.23,38158,7308,26
91.41,38661,7332,26
92.49,39162,7352,26
93.65,39664,7376,26
94.9,40165,7396,26
96.12,40665,7408,26
97.37,41165,7452,26
98.56,41667,7492,26
99.65,42168,7516,26
100.85,42670,7544,26
102.07,43173,7556,26
103.3,43676,7592,26
104.41,44179,7620,26
105.59,44682,7660,26
106.92,45186,7692,26
108.21,45690,7724,26
109.42,46190,7740,26
110.67,46691,7772,26
111.94,47195,7788,26
113.07,47697,7812,26
114.28,48198,7848,26
115.48,48701,7876,26
116.74,49204,7896,26
117.94,49704,7912,26
119.17,50207,7952,26
120.32,50707,7996,26
121.61,51209,8032,26
122.88,51710,8060,26
124.07,52210,8096,26
125.25,52713,8132,26
126.5,53217,8160,26
127.63,53721,8176,26
128.9,54221,8188,26
130.1,54721,8204,26
131.26,55222,8240,26
132.44,55723,8244,26
133.69,56223,8280,26
134.8,56725,8312,26
135.94,57225,8352,26
137.11,57727,8384,26
138.37,58230,8412,26
139.61,58734,8436,26
140.82,59234,8468,26
141.96,59734,8500,26
143.1,60236,8520,26
144.25,60737,8560,26
145.31,61240,8596,26
146.32,61742,8620,26
147.54,62244,8648,26
148.74,62744,8688,26
149.97,63245,8708,26
151.26,63747,8720,26
152.54,64247,8736,26
153.78,64750,8776,26
155.04,65254,8816,26
156.26,65757,8856,26
157.51,66259,8880,26
158.68,66759,8908,26
159.87,67263,8932,26
160.98,67766,8960,26
162.22,68266,9020,26
163.46,68767,9060,26
164.56,69270,9068,26
165.75,69772,9092,26
166.98,70274,9124,26
168.11,70778,9148,26
169.29,71279,9172,26
170.62,71779,9192,26
171.9,72279,9208,26
173.19,72783,9236,26
174.34,73286,9264,26
175.57,73787,9304,26
176.69,74291,9324,26
177.99,74793,9352,26
179.2,75295,9364,26
180.41,75799,9392,26
181.59,76299,9424,26
182.83,76799,9456,26
184.03,77302,9492,26
185.2,77805,9504,26
186.39,78307,9512,26
187.53,78808,9532,26
188.8,79309,9576,26
189.99,79810,9600,26
191.21,80310,9624,26
192.35,80813,9636,26
193.54,81316,9664,26
194.74,81816,9692,26
195.98,82319,9704,26
197.16,82823,9728,26
198.22,83323,9744,26
199.43,83823,9792,26
200.62,84325,9824,26
201.83,84827,9832,26
203.02,85331,9856,26
204.21,85834,9900,26
205.55,86335,9940,26
206.86,86835,10012,26
208.04,87338,10044,26
209.28,87841,10056,26
210.49,88343,10072,26
211.63,88847,10088,26
212.87,89350,10112,26
214.06,89852,10140,26
215.17,90352,10184,26
216.36,90854,10224,26
217.54,91357,10236,26
218.73,91857,10268,26
219.82,92360,10300,26
221.03,92862,10320,26
222.39,93363,10332,26
223.5,93867,10356,26
224.7,94368,10364,26
225.95,94870,10412,26
227.22,95373,10444,26
228.39,95877,10472,26
229.56,96379,10480,26
230.82,96879,10504,26
232.08,97382,10532,26
233.3,97883,10544,26
234.56,98386,10568,26
235.86,98888,10604,26
237.13,99390,10632,26
238.34,99892,10652,26
239.7,100394,10692,26
240.98,100895,10724,26
242.17,101396,10760,26
243.38,101896,10792,26
244.56,102399,10820,26
245.66,102903,10832,26
246.92,103407,10876,26
248.2,103910,10908,26
249.42,104410,10928,26
250.64,104911,10932,26
251.77,105413,10972,26
253.05,105915,11000,26
254.37,106419,11040,26
255.53,106920,11080,26
256.8,107423,11104,26
257.9,107923,11124,26
259.14,108424,11164,26
260.35,108926,11200,26
261.67,109429,11252,26
262.91,109931,11280,26
264.12,110432,11324,26
265.37,110935,11364,26
266.61,111436,11384,26
267.77,111936,11420,26
268.87,112440,11460,26
270,112943,11488,26
271.25,113443,11504,26
272.42,113943,11536,26
273.51,114445,11560,26
274.77,114949,11580,26
276.04,115452,11612,26
277.2,115952,11628,26
278.48,116454,11660,26
279.62,116954,11680,26
280.92,117458,11696,26
282.18,117961,11712,26
283.54,118463,11720,26
284.82,118964,11740,26
286.06,119464,11760,26
287.29,119965,11804,26
288.58,120467,11832,26
289.88,120969,11856,26
291.08,121471,11884,26
292.34,121975,11924,26
293.53,122475,11936,26
294.77,122979,11948,26
296.04,123479,11984,26
297.22,123982,12008,26
298.47,124484,12032,26
299.58,124987,12064,26
300.84,125489,12100,26
302.01,125992,12116,26
303.27,126495,12148,26
304.58,126999,12160,26
305.87,127500,12192,26
307.06,128003,12212,26
308.29,128505,12220,26
309.5,129005,12244,26
310.78,129508,12268,26
312.07,130008,12316,26
313.3,130510,12340,26
314.38,131010,12356,26
315.6,131514,12380,26
316.78,132018,12412,26
317.95,132520,12432,26
319.19,133023,12476,26
320.4,133523,12492,26
321.6,134024,12536,26
322.8,134524,12560,26
324.05,135024,12584,26
325.32,135525,12604,26
326.71,136027,12612,26
328.03,136529,12636,26
329.27,137033,12652,26
330.43,137536,12700,26
331.68,138038,12708,26
332.91,138541,12736,26
334.17,139041,12760,26
335.38,139544,12772,26
336.66,140047,12784,26
337.87,140547,12800,26
339.06,141050,12844,26
340.19,141554,12856,26
341.55,142056,12880,26
343,142560,12916,26
344.33,143060,12920,26
345.67,143563,12940,26
346.89,144066,12952,26
348.03,144568,12980,26
349.32,145069,13000,26
350.49,145573,13032,26
351.76,146074,13056,26
353.03,146578,13076,26
354.34,147078,13100,26
355.55,147582,13112,26
356.92,148085,13136,26
358.18,148589,13180,26
359.47,149090,13204,26
360.79,149592,13240,26
362.05,150092,13256,26
363.3,150596,13272,26
364.41,151097,13296,26
365.68,151600,13328,26
366.81,152100,13360,26
368.07,152603,13400,26
369.37,153105,13440,26
370.62,153608,13464,26
371.97,154108,13484,26
373.14,154610,13508,26
374.36,155114,13564,26
375.59,155614,13608,26
376.87,156116,13628,26
378.15,156616,13664,26
379.53,157116,13688,26
380.78,157620,13712,26
381.92,158122,13720,26
383.29,158624,13740,26
384.59,159126,13772,26
385.87,159628,13792,26
387.39,160130,13820,26
388.86,160631,13836,26
390.06,161131,13868,26
391.3,161634,13888,26
392.51,162138,13920,26
393.75,162638,13948,26
395.03,163139,13988,26
396.28,163643,14028,26
397.48,164145,14056,26
398.66,164647,14080,26
399.88,165148,14132,26
401.14,165650,14160,26
402.52,166151,14204,26
403.76,166653,14224,26
405.02,167153,14252,26
406.27,167653,14272,26
407.47,168156,14304,26
408.81,168659,14340,26
410.01,169163,14364,26
411.2,169663,14384,26
412.43,170165,14428,26
413.6,170665,14460,26
414.81,171165,14504,26
416.05,171667,14508,26
417.33,172168,14540,26
418.66,172670,14576,26
420.05,173171,14592,26
421.37,173671,14624,26
422.62,174174,14664,26
423.71,174674,14676,26
424.86,175175,14708,26
426.06,175675,14760,26
427.2,176175,14776,26
428.43,176678,14824,26
429.74,177180,14852,26
430.93,177684,14880,26
432.15,178187,14900,26
433.62,178688,14924,26
434.99,179189,14960,26
436.16,179689,14984,26
437.43,180193,15016,26
438.64,180697,15032,26
439.8,181201,15060,26
440.94,181701,15084,26
442.19,182203,15104,26
443.45,182704,15144,26
444.73,183204,15156,26
445.95,183708,15188,26
447.04,184208,15208,26
448.35,184711,15224,26
449.62,185214,15252,26
450.9,185717,15292,26
452.2,186217,15308,26
453.51,186717,15320,26
454.74,187221,15340,26
455.96,187722,15384,26
457.25,188225,15408,26
458.59,188729,15444,26
459.76,189233,15468,26
461.02,189733,15496,26
462.38,190235,15524,26
463.56,190738,15568,26
464.84,191240,15608,26
466.07,191740,15640,26
467.33,192243,15676,26
468.49,192743,15692,26
469.67,193244,15720,26
470.91,193747,15740,26
472.12,194249,15756,26
473.27,194753,15796,26
474.48,195254,15816,26
475.79,195758,15844,26
477.08,196258,15872,26
478.33,196761,15908,26
479.51,197261,15916,26
480.8,197765,15944,26
482.13,198269,15972,26
483.35,198771,16008,26
484.64,199272,16036,26
485.93,199774,16084,26
487.2,200277,16116,26
488.41,200780,16148,26
489.68,201281,16168,26
490.89,201782,16192,26
492.1,202282,16220,26
493.29,202785,16240,26
494.4,203288,16264,26
495.64,203788,16280,26
496.91,204292,16304,26
498.16,204795,16356,26
499.32,205295,16384,26
500.57,205796,16416,26
501.8,206300,16440,26
503.04,206801,16480,26
504.23,207302,16512,26
505.44,207804,16544,26
506.78,208306,16576,26
508.1,208808,16604,26
509.34,209311,16624,26
510.64,209815,16656,26
511.84,210317,16664,26
513.14,210818,16692,26
514.4,211322,16716,26
515.71,211824,16740,26
517.08,212328,16796,26
518.35,212829,16816,26
519.58,213329,16836,26
521.02,213833,16856,26
522.42,214335,16896,26
523.65,214835,16928,26
524.97,215335,16972,26
526.22,215839,16988,26
527.42,216343,17020,26
528.9,216847,17056,26
530.29,217349,17084,26
531.57,217852,17096,26
532.85,218355,17132,26
534.1,218859,17164,26
535.3,219359,17212,26
536.65,219863,17248,26
537.9,220364,17308,26
539.25,220865,17348,26
540.58,221368,17372,26
541.74,221869,17408,26
543.05,222370,17428,26
544.37,222872,17484,26
545.58,223374,17512,26
546.86,223874,17540,26
548.06,224376,17568,26
549.28,224877,17572,26
550.57,225378,17596,26
551.83,225878,17624,26
553.14,226379,17668,26
554.43,226879,17692,26
555.73,227383,17720,26
556.95,227887,17740,26
558.17,228390,17764,26
559.48,228894,17796,26
560.7,229396,17820,26
561.94,229897,17844,26
563.16,230400,17880,26
564.43,230900,17904,26
565.67,231404,17936,26
566.94,231906,17956,26
568.22,232410,17984,26
569.38,232913,18020,26
570.58,233415,18040,26
571.71,233918,18064,26
573.08,234419,18104,26
574.25,234920,18132,26
575.59,235424,18148,26
576.84,235926,18168,26
578.13,236427,18192,26
579.36,236928,18228,26
580.64,237428,18248,26
581.94,237930,18252,26
583.24,238430,18268,26
584.47,238933,18296,26
585.72,239434,18308,26
586.97,239936,18348,26
588.32,240436,18380,26
589.66,240938,18420,26
590.98,241442,18456,26
592.31,241943,18492,26
593.55,242445,18532,26
594.78,242946,18548,26
596.05,243449,18572,26
597.31,243951,18620,26
598.49,244455,18632,26
599.73,244955,18656,26
600.88,245456,18692,26
602.33,245960,18732,26
603.64,246462,18764,26
604.86,246965,18784,26
606.12,247469,18812,26
607.36,247972,18832,26
608.71,248473,18868,26
610,248974,18896,26
611.26,249476,18932,26
612.45,249978,18956,26
613.71,250480,19012,26
614.96,250980,19044,26
616.09,251481,19060,26
617.33,251984,19096,26
618.54,252484,19124,26
619.77,252986,19144,26
620.99,253488,19164,26
622.16,253989,19188,26
623.34,254492,19212,26
624.58,254996,19236,26
625.85,255500,19268,26
627.13,256001,19320,26
628.36,256504,19328,26
629.6,257005,19356,26
630.92,257506,19372,26
632.18,258007,19412,26
633.47,258511,19440,26
634.73,259014,19468,26
636.05,259515,19496,26
637.25,260018,19520,26
638.43,260519,19540,26
639.94,261020,19564,26
641.33,261521,19596,26
642.92,262025,19604,26
644.39,262529,19632,26
645.86,263033,19668,26
647.21,263534,19692,26
648.54,264038,19724,26
649.78,264538,19748,26
651.04,265042,19784,26
652.29,265542,19804,26
653.55,266046,19820,26
654.79,266549,19832,26
656.13,267053,19844,26
657.44,267554,19860,26
658.73,268057,19872,26
659.88,268557,19908,26
661.13,269057,19952,26
662.41,269557,20000,26
663.75,270061,20016,26
665.08,270564,20060,26
666.32,271064,20076,26
667.57,271564,20096,26
668.8,272066,20116,26
670.04,272568,20172,26
671.32,273068,20200,26
672.54,273571,20232,26
673.83,274072,20256,26
675.07,274575,20280,26
676.32,275075,20308,26
677.5,275575,20336,26
678.71,276076,20360,26
679.9,276576,20392,26
681.12,277078,20428,26
682.45,277579,20448,26
683.68,278082,20468,26
685.03,278583,20488,26
686.24,279087,20516,26
687.48,279590,20544,26
688.68,280091,20568,26
689.99,280591,20624,26
691.21,281095,20640,26
692.44,281599,20664,26
693.6,282100,20692,26
694.93,282601,20744,26
696.25,283105,20768,26
697.62,283609,20780,26
698.95,284110,20800,26
700.18,284612,20816,26
701.5,285112,20860,26
702.86,285615,20888,26
704.17,286117,20896,26
705.64,286621,20924,26
706.99,287124,20944,26
708.2,287627,20952,26
709.51,288128,20980,26
710.86,288631,21020,26
712.1,289134,21048,26
713.36,289635,21088,26
714.59,290139,21104,26
715.92,290643,21124,26
717.27,291144,21156,26
718.68,291647,21184,26
719.93,292150,21216,26
721.17,292654,21236,26
722.35,293156,21272,26
723.58,293657,21312,26
724.81,294159,21348,26
726.1,294660,21380,26
727.36,295163,21396,26
728.63,295665,21432,26
729.87,296167,21484,26
731.38,296671,21516,26
732.7,297172,21532,26
733.96,297672,21548,26
735.09,298176,21568,26
736.31,298678,21592,26
737.58,299178,21624,26
738.84,299678,21664,26
740.03,300180,21688,26
741.29,300681,21712,26
742.5,301184,21748,26
743.86,301687,21796,26
745.02,302187,21824,26
746.36,302688,21840,26
747.84,303192,21868,26
749.24,303693,21888,26
750.53,304195,21908,26
751.72,304695,21940,26
753.04,305197,21964,26
754.26,305700,21992,26
755.56,306202,22012,26
756.85,306702,22040,26
758.07,307205,22080,26
759.41,307706,22132,26
760.77,308209,22152,26
762.08,308712,22164,26
763.46,309216,22200,26
764.74,309717,22212,26
766.08,310218,22252,26
767.5,310718,22264,26
768.82,311219,22308,26
770.06,311722,22336,26
771.33,312225,22372,26
772.82,312729,22416,26
774.24,313231,22444,26
775.49,313735,22460,26
776.76,314239,22476,26
778.3,314740,22520,26
779.6,315242,22544,26
780.89,315742,22568,26
782.16,316246,22608,26
783.41,316750,22636,26
784.72,317250,22692,26
785.98,317754,22712,26
787.38,318256,22736,26
788.77,318760,22748,26
790.03,319262,22772,26
791.45,319762,22800,26
792.85,320262,22852,26
794.14,320765,22876,26
795.61,321268,22896,26
796.96,321769,22932,26
798.23,322269,22964,26
799.54,322772,23004,26
800.8,323273,23028,26
802.54,323773,23044,26
803.86,324277,23084,26
805.17,324781,23112,26
806.47,325282,23132,26
807.76,325785,23156,26
809.21,326287,23204,26
810.41,326789,23220,26
811.56,327290,23248,26
812.74,327790,23268,26
813.91,328291,23292,26
815.37,328795,23316,26
816.79,329299,23336,26
818.06,329802,23352,26
819.27,330306,23368,26
820.63,330810,23392,26
822.14,331311,23408,26
823.63,331811,23460,26
825.01,332311,23480,26
826.25,332814,23500,26
827.6,333316,23536,26
829.09,333818,23556,26
830.25,334318,23568,26
831.75,334818,23612,26
832.99,335320,23652,26
834.26,335823,23664,26
835.5,336323,23680,26
836.91,336827,23708,26
838.12,337327,23744,26
839.5,337828,23772,26
841.01,338332,23824,26
842.31,338832,23868,26
843.83,339333,23884,26
845.17,339836,23924,26
846.61,340338,23952,26
847.91,340842,23960,26
849.29,341346,23988,26
850.62,341849,24000,26
851.87,342353,24024,26
853.2,342857,24056,26
854.55,343359,24088,26
855.8,343862,24116,26
857.3,344362,24160,26
858.67,344865,24184,26
859.94,345367,24216,26
861.27,345869,24248,26
862.53,346373,24292,26
863.94,346877,24308,26
865.23,347381,24332,26
866.64,347885,24344,26
868.09,348387,24364,26
869.54,348889,24388,26
870.77,349389,24416,26
872.06,349889,24428,26
873.38,350389,24448,26
874.67,350892,24468,26
875.99,351393,24500,26
877.42,351897,24516,26
878.76,352399,24564,26
880.15,352902,24600,26
881.53,353406,24632,26
882.85,353907,24676,26
884.16,354410,24688,26
885.42,354913,24704,26
886.73,355415,24728,26
888.13,355919,24772,26
889.65,356421,24796,26
891.11,356923,24828,26
892.53,357427,24844,26
893.8,357927,24860,26
895.18,358428,24916,26
896.72,358932,24936,26
898.19,359434,24980,26
899.58,359934,25016,26
900.85,360437,25028,26
902.26,360941,25044,26
903.52,361441,25072,26
904.8,361942,25092,26
906.17,362443,25104,26
907.7,362947,25136,26
909.17,363450,25172,26
910.38,363951,25200,26
911.65,364451,25244,26
913.06,364951,25280,26
914.44,365451,25304,26
915.82,365954,25324,26
917.39,366455,25368,26
918.75,366957,25404,26
920.06,367459,25444,26
921.31,367963,25476,26
922.58,368465,25508,26
923.87,368966,25548,26
925.22,369468,25576,26
926.57,369969,25604,26
927.87,370473,25640,26
929.35,370973,25668,26
930.72,371477,25700,26
932.05,371981,25732,26
933.43,372481,25748,26
935.02,372985,25764,26
936.53,373489,25820,26
937.85,373991,25856,26
939.11,374493,25876,26
940.42,374993,25908,26
941.92,375494,25920,26
943.41,375998,25948,26
944.98,376501,25976,26
946.39,377003,25996,26
947.81,377504,26028,26
949.34,378004,26076,26
950.87,378504,26088,26
952.23,379007,26124,26
953.6,379508,26148,26
954.92,380009,26168,26
956.35,380511,26200,26
957.65,381011,26216,26
959.05,381511,26240,26
960.28,382015,26276,26
961.67,382516,26308,26
963.1,383019,26344,26
964.37,383523,26392,26
965.55,384025,26420,26
966.93,384529,26444,26
968.22,385031,26472,26
969.66,385534,26492,26
970.89,386037,26504,26
972.17,386537,26536,26
973.49,387039,26564,26
974.73,387543,26604,26
976.05,388044,26624,26
977.22,388544,26652,26
978.44,389048,26680,26
979.88,389551,26700,26
981.38,390053,26728,26
982.6,390556,26752,26
984.02,391058,26784,26
985.42,391559,26820,26
986.76,392060,26852,26
988.23,392561,26880,26
989.55,393063,26920,26
990.91,393567,26936,26
992.29,394071,26952,26
993.57,394573,26976,26
995.13,395073,27020,26
996.46,395573,27040,26
997.87,396076,27068,26
999.21,396577,27092,26
1000.49,397079,27112,26
1001.94,397582,27124,26
1003.31,398084,27156,26
1004.69,398588,27184,26
1005.93,399091,27212,26
1007.22,399595,27232,26
1008.5,400097,27256,26
1009.74,400599,27284,26
1011,401101,27332,26
1012.36,401602,27376,26
1013.64,402105,27416,26
1015.03,402608,27428,26
1016.27,403112,27460,26
1017.65,403615,27488,26
1018.96,404117,27516,26
1020.25,404617,27532,26
1021.56,405120,27560,26
1023.06,405624,27616,26
1024.34,406128,27632,26
1025.62,406630,27664,26
1026.91,407134,27712,26
1028.19,407636,27748,26
1029.37,408136,27776,26
1030.72,408638,27816,26
1032.01,409142,27860,26
1033.35,409645,27900,26
1034.88,410148,27920,26
1036.25,410652,27956,26
1037.54,411154,27988,26
1038.85,411657,28004,26
1040.12,412161,28032,26
1041.49,412664,28072,26
1042.78,413164,28108,26
1044.08,413664,28128,26
1045.35,414165,28132,26
1046.66,414667,28156,26
1048.35,415168,28192,26
1049.67,415668,28236,26
1051.12,416171,28288,26
1052.48,416671,28324,26
1053.75,417172,28340,26
1055.06,417674,28368,26
1056.2,418178,28388,26
1057.45,418678,28416,26
1058.8,419179,28448,26
1060.18,419679,28472,26
1061.48,420179,28500,26
1062.9,420681,28532,26
1064.2,421185,28564,26
1065.62,421689,28604,26
1066.83,422193,28620,26
1068.13,422697,28656,26
1069.34,423200,28668,26
1070.5,423704,28692,26
1071.84,424204,28748,26
1073.04,424705,28768,26
1074.45,425209,28804,26
1075.87,425711,28828,26
1077.23,426212,28872,26
1078.6,426714,28896,26
1079.84,427216,28920,26
1081.12,427717,28948,26
1082.64,428220,28972,26
1084.02,428723,29016,26
1085.26,429225,29060,26
1086.7,429729,29076,26
1087.9,430233,29112,26
1089.19,430736,29140,26
1090.38,431237,29176,26
1091.66,431741,29192,26
1092.99,432242,29224,26
1094.18,432743,29244,26
1095.45,433244,29276,26
1096.7,433748,29304,26
1097.84,434252,29340,26
1099.31,434756,29364,26
1100.57,435260,29388,26
1101.9,435760,29408,26
1103.21,436261,29428,26
1104.42,436763,29444,26
1105.79,437263,29480,26
1106.94,437763,29516,26
1108.17,438265,29536,26
1109.37,438769,29588,26
1,504,4739,27
2.26,1008,5524,29
3.37,1510,5573,29
4.37,2012,5573,29
5.33,2512,5573,29
6.37,3012,5575,29
7.46,3512,5575,29
8.58,4016,5575,29
9.71,4518,5575,29
10.83,5018,5575,29
11.98,5518,5575,29
13.01,6021,5575,29
14.07,6521,5575,29
15.09,7021,5575,29
16.08,7523,5637,29
17.17,8023,5637,29
18.31,8524,5643,29
19.35,9028,5659,29
20.35,9530,5667,29
21.36,10031,5671,29
22.46,10533,5679,29
23.5,11037,5695,29
24.58,11537,5711,29
25.59,12040,5719,29
26.64,12544,5731,29
27.79,13047,5739,29
28.95,13549,5747,29
30.13,14052,5759,29
31.21,14552,5779,29
32.36,15052,5803,29
33.44,15555,5823,29
34.68,16059,5839,29
35.9,16562,5851,29
37.06,17065,5871,29
38.2,17568,5899,29
39.42,18071,5915,29
40.55,18572,5935,29
41.66,19075,5959,29
42.82,19579,5995,29
44.02,20081,6007,29
45.07,20581,6007,29
46.13,21081,6007,29
47.18,21581,6007,29
48.2,22081,6007,29
49.27,22581,6007,29
50.26,23081,6007,29
51.32,23581,6007,29
52.31,24081,6007,29
53.45,24581,6007,29
54.51,25081,6007,29
55.58,25583,6011,29
56.59,26083,6011,29
57.69,26583,6011,29
58.81,27083,6011,29
60.06,27583,6011,29
61.15,28083,6011,29
62.18,28584,6015,29
63.22,29084,6026,29
64.35,29584,6026,29
65.39,30084,6026,29
66.53,30584,6026,29
67.62,31084,6026,29
68.69,31584,6026,29
69.69,32084,6026,29
70.73,32584,6026,29
71.74,33084,6026,29
72.73,33584,6026,29
73.82,34084,6026,29
74.81,34585,6030,29
75.89,35085,6030,29
76.96,35585,6030,29
78.09,36089,6034,29
79.23,36590,6038,29
80.39,37090,6038,29
81.47,37590,6038,29
82.52,38093,6042,29
83.63,38594,6046,29
84.7,39094,6046,29
85.87,39598,6050,29
86.91,40100,6058,29
88.04,40601,6062,29
89.2,41102,6062,29
90.41,41602,6062,29
91.46,42102,6062,29
92.5,42602,6062,29
93.57,43102,6062,29
94.69,43602,6062,29
95.8,44103,6066,29
97.03,44603,6066,29
97.87,45103,6066,29
98.93,45605,6070,29
99.94,46105,6070,29
101.12,46608,6074,29
102.18,47109,6078,29
103.18,47613,6078,28
104.2,48113,6078,28
105.08,48613,6078,28
106.12,49113,6078,28
107.12,49613,6078,28
108.18,50117,6082,28
109.26,50617,6082,28
110.33,51117,6082,28
111.39,51617,6082,28
112.41,52117,6082,28
113.57,52617,6082,28
114.61,53117,6082,28
115.64,53617,6082,28
116.67,54118,6082,28
117.62,54620,6086,28
118.6,55120,6086,28
119.57,55623,6094,28
120.61,56123,6094,28
121.62,56625,6095,28
122.67,57125,6095,28
123.8,57625,6095,28
124.92,58125,6095,28
126.12,58629,6103,28
127.2,59133,6115,28
128.32,59635,6123,28
129.47,60139,6131,28
130.71,60639,6131,28
131.92,61143,6147,28
133.13,61644,6151,28
134.44,62146,6159,28
135.74,62650,6167,28
136.93,63151,6171,28
138.27,63651,6179,28
139.5,64152,6203,28
140.56,64654,6207,27
141.61,65154,6207,27
142.65,65655,6211,27
143.74,66156,6215,27
144.74,66659,6223,27
145.72,67161,6231,27
146.8,67662,6239,27
147.85,68164,6247,27
148.86,68667,6259,27
149.88,69167,6259,27
150.97,69670,6271,27
152.11,70171,6275,27
153.28,70674,6283,27
154.42,71176,6295,27
155.54,71677,6311,27
156.61,72180,6327,27
157.7,72681,6343,27
158.89,73182,6371,27
160.01,73684,6379,27
161.19,74186,6399,27
162.2,74689,6419,27
163.37,75190,6439,27
164.52,75692,6475,27
165.7,76193,6499,27
166.8,76694,6503,27
167.9,77196,6531,27
169.1,77697,6555,27
170.19,78200,6579,27
171.34,78701,6615,27
172.55,79203,6631,27
173.68,79707,6647,27
174.86,80209,6667,27
175.93,80709,6695,27
177.15,81213,6707,27
178.35,81717,6723,27
179.64,82219,6743,27
180.75,82723,6759,27
181.93,83224,6779,27
183.1,83724,6807,27
184.3,84224,6819,27
185.43,84725,6823,27
186.45,85227,6835,27
187.6,85729,6851,27
188.74,86230,6875,27
190.06,86732,6895,27
191.15,87235,6915,27
192.34,87735,6931,27
193.54,88235,6951,27
194.64,88738,6975,27
195.81,89238,7003,27
196.94,89740,7027,27
198.12,90244,7063,27
199.3,90748,7083,27
200.54,91249,7107,27
201.88,91752,7127,27
203.03,92255,7147,27
204.27,92757,7155,27
205.45,93259,7187,27
206.73,93759,7203,27
207.96,94261,7231,27
209.19,94761,7247,27
210.29,95261,7271,27
211.42,95764,7295,27
212.52,96267,7303,27
213.61,96771,7339,27
214.73,97272,7371,27
215.92,97773,7387,27
217.13,98273,7419,27
218.32,98773,7451,27
219.58,99274,7499,27
220.69,99778,7523,27
221.92,100280,7551,27
223.02,100783,7563,27
224.21,101286,7587,27
225.54,101789,7623,27
226.82,102292,7647,27
228.11,102794,7655,27
229.38,103296,7667,27
230.69,103800,7699,27
232.07,104301,7727,27
233.31,104803,7751,27
234.57,105306,7771,27
235.67,105806,7803,27
236.84,106308,7827,27
238.08,106812,7851,27
239.26,107312,7875,27
240.45,107812,7903,27
241.58,108315,7931,27
242.68,108819,7943,27
243.94,109322,7967,27
245.14,109826,7983,27
246.25,110330,8019,27
247.38,110831,8047,27
248.79,111332,8067,27
250.06,111832,8087,27
251.28,112335,8099,27
252.71,112839,8147,27
254,113339,8187,27
255.23,113839,8211,27
256.66,114343,8227,27
257.98,114845,8255,27
259.24,115347,8307,27
260.37,115849,8331,27
261.53,116353,8367,27
262.82,116853,8403,27
264.02,117353,8443,27
265.46,117855,8463,27
266.83,118357,8475,27
268.19,118859,8491,27
269.37,119359,8511,27
270.57,119861,8531,27
271.89,120361,8551,27
273.11,120863,8559,27
274.33,121367,8571,27
275.68,121869,8599,27
276.92,122373,8631,27
278.12,122877,8663,27
279.25,123381,8691,27
280.48,123882,8715,27
281.65,124385,8739,27
282.8,124886,8763,27
284.04,125390,8795,27
285.38,125892,8823,27
286.59,126395,8859,27
287.79,126895,8891,27
289.08,127396,8915,27
290.36,127898,8943,27
291.65,128402,8979,27
292.83,128902,9003,27
294.19,129406,9039,27
295.51,129906,9087,27
296.91,130409,9107,27
298.2,130911,9127,27
299.42,131412,9159,27
300.63,131915,9183,27
301.93,132419,9211,27
303.15,132920,9259,27
304.46,133420,9307,27
305.61,133920,9327,27
306.78,134421,9347,27
307.96,134922,9367,27
309.28,135424,9411,27
310.66,135927,9455,27
311.95,136428,9495,27
313.21,136932,9531,27
314.48,137433,9555,27
315.72,137933,9575,27
317.03,138436,9611,27
318.31,138940,9627,27
319.57,139441,9651,27
320.74,139944,9679,27
321.98,140445,9723,27
323.16,140946,9743,27
324.45,141448,9779,27
325.69,141951,9799,27
326.97,142452,9831,27
328.32,142952,9875,27
329.59,143454,9907,27
330.91,143958,9931,27
332.19,144458,9963,27
333.39,144962,9995,27
334.69,145466,10015,27
335.88,145967,10039,27
337.21,146470,10063,27
338.32,146971,10087,27
339.56,147472,10103,27
340.75,147973,10123,27
341.89,148473,10159,27
343.12,148975,10179,27
344.24,149476,10191,27
345.52,149979,10215,27
346.79,150479,10239,27
348,150979,10259,27
349.18,151480,10287,27
350.4,151980,10315,27
351.66,152482,10323,27
352.83,152982,10351,27
354,153484,10371,27
355.25,153986,10399,27
356.49,154486,10435,27
357.63,154986,10479,27
358.82,155486,10535,27
360.06,155990,10547,27
361.29,156490,10567,27
362.63,156992,10595,27
363.81,157495,10607,27
364.98,157997,10627,27
366.13,158500,10639,27
367.35,159001,10655,27
368.56,159503,10683,27
369.82,160005,10719,27
371.18,160507,10739,27
372.45,161010,10767,27
373.81,161510,10803,27
374.92,162012,10831,27
376.21,162512,10867,27
377.59,163012,10895,27
378.87,163514,10911,27
380.04,164015,10947,27
381.24,164519,10971,27
382.51,165023,11007,27
383.77,165524,11027,27
385,166026,11047,27
386.22,166530,11075,27
387.49,167031,11087,27
388.58,167533,11111,27
389.72,168035,11139,27
391.1,168536,11159,27
392.34,169039,11171,27
393.55,169539,11191,27
394.86,170043,11235,27
396.12,170543,11271,27
397.28,171045,11311,27
398.39,171546,11343,27
399.64,172050,11375,27
400.85,172554,11407,27
402.01,173058,11435,27
403.29,173558,11463,27
404.47,174060,11483,27
405.67,174562,11491,27
406.91,175065,11515,27
408.17,175565,11539,27
409.54,176069,11547,27
410.7,176571,11575,27
411.94,177075,11603,27
413.23,177578,11635,27
414.46,178079,11667,27
415.73,178582,11691,27
417.04,179084,11723,27
418.33,179588,11739,27
419.53,180091,11759,27
420.79,180595,11775,27
421.9,181097,11803,27
423.2,181599,11811,27
424.28,182102,11823,27
425.58,182605,11855,27
426.83,183107,11891,27
428.05,183608,11907,27
429.38,184108,11927,27
430.86,184610,11971,27
432.13,185113,11995,27
433.38,185616,12015,27
434.79,186118,12039,27
435.98,186622,12063,27
437.42,187125,12111,27
438.79,187627,12135,27
440.14,188128,12159,27
441.36,188631,12167,27
442.73,189135,12203,27
444.2,189639,12219,27
445.4,190139,12251,27
446.6,190642,12279,27
447.84,191146,12295,27
449.03,191647,12327,27
450.28,192150,12355,27
451.58,192651,12375,27
452.82,193151,12407,27
454.12,193651,12443,27
455.33,194154,12455,27
456.48,194658,12479,27
457.63,195162,12491,27
458.69,195663,12515,27
459.9,196163,12527,27
461.18,196663,12559,27
462.39,197163,12611,27
463.73,197667,12639,27
464.89,198168,12651,27
466.09,198672,12691,27
467.26,199176,12707,27
468.43,199678,12719,27
469.61,200178,12771,27
470.9,200679,12807,27
472.14,201181,12855,27
473.3,201684,12895,27
474.47,202188,12915,27
475.69,202692,12963,27
476.87,203193,12987,27
478.09,203693,13015,27
479.28,204194,13055,27
480.5,204696,13083,27
481.63,205200,13095,27
482.79,205704,13111,27
484,206205,13143,27
485.32,206706,13179,27
486.5,207209,13191,27
487.81,207713,13203,27
489.03,208216,13239,27
490.29,208718,13263,27
491.53,209218,13299,27
492.7,209722,13347,27
493.85,210225,13359,27
495.12,210725,13391,27
496.35,211226,13415,27
497.61,211726,13451,27
498.84,212229,13463,27
500.05,212733,13479,27
501.49,213234,13515,27
502.84,213737,13527,27
504.07,214241,13559,27
505.32,214742,13583,27
506.61,215245,13635,27
507.88,215745,13651,27
509.28,216248,13679,27
510.58,216752,13707,27
511.82,217255,13735,27
513.19,217757,13755,27
514.32,218261,13767,27
515.48,218764,13791,27
516.75,219268,13835,27
518.01,219772,13851,27
519.26,220273,13863,27
520.49,220774,13887,27
521.77,221278,13903,27
523.08,221781,13927,27
524.47,222284,13955,27
525.8,222787,13959,27
527,223291,13995,27
528.39,223792,14019,27
529.54,224292,14035,27
530.8,224793,14067,27
531.95,225294,14087,27
533.16,225795,14103,27
534.4,226295,14123,27
535.61,226799,14159,27
536.8,227302,14199,27
537.97,227805,14219,27
539.18,228308,14247,27
540.44,228809,14267,27
541.72,229309,14287,27
542.92,229810,14335,27
544.22,230312,14371,27
545.29,230814,14411,27
546.4,231316,14451,27
547.59,231817,14475,27
548.75,232319,14503,27
550.11,232823,14519,27
551.48,233326,14563,27
552.7,233830,14595,27
553.96,234332,14619,27
555.19,234836,14651,27
556.32,235337,14667,27
557.41,235839,14695,27
558.57,236341,14719,27
559.89,236842,14747,27
561.25,237346,14763,27
562.54,237848,14819,27
563.77,238351,14843,27
565,238855,14879,27
566.33,239359,14923,27
567.51,239860,14947,27
568.65,240361,14971,27
569.82,240863,14999,27
571.06,241367,15011,27
572.29,241868,15035,27
573.58,242372,15067,27
575.06,242872,15079,27
576.21,243372,15103,27
577.36,243875,15119,27
578.61,244375,15151,27
579.83,244876,15175,27
581.11,245376,15187,27
582.34,245878,15215,27
583.68,246382,15243,27
584.85,246886,15259,27
586.03,247389,15275,27
587.34,247893,15295,27
588.59,248397,15319,27
589.78,248898,15367,27
591,249399,15391,27
592.19,249899,15411,27
593.47,250401,15451,27
594.7,250903,15463,27
595.88,251407,15479,27
597.08,251907,15495,27
598.38,252409,15527,27
599.57,252910,15547,27
600.74,253414,15579,27
601.83,253916,15603,27
603.13,254419,15623,27
604.35,254923,15663,27
605.53,255425,15703,27
606.72,255926,15723,27
608.05,256427,15755,27
609.4,256929,15787,27
610.81,257429,15815,27
612.1,257930,15835,27
613.52,258430,15871,27
614.76,258930,15883,27
616.04,259434,15895,27
617.16,259935,15899,27
618.54,260437,15935,27
619.7,260941,15955,27
621.02,261444,16003,27
622.35,261948,16031,27
623.55,262451,16055,27
624.84,262951,16083,27
626.19,263455,16107,27
627.42,263958,16115,27
628.76,264461,16151,27
630.1,264965,16179,27
631.37,265467,16211,27
632.78,265971,16247,27
634.28,266474,16259,27
635.39,266974,16291,27
636.58,267478,16299,27
638.04,267978,16331,27
639.23,268480,16351,27
640.39,268981,16407,27
641.73,269485,16447,27
642.89,269988,16479,27
644.13,270490,16511,27
645.38,270991,16535,27
646.69,271495,16547,27
648.02,271995,16563,27
649.4,272499,16591,27
650.66,273000,16611,27
651.76,273502,16627,27
652.95,274006,16639,27
654.22,274510,16671,27
655.58,275013,16707,27
656.79,275514,16727,27
658.02,276014,16759,27
659.45,276517,16783,27
660.62,277019,16815,27
661.92,277519,16859,27
663.14,278021,16883,27
664.4,278521,16911,27
665.63,279022,16939,27
666.86,279523,16991,27
668.13,280023,17007,27
669.65,280526,17027,27
671.07,281027,17055,27
672.41,281528,17091,27
673.76,282032,17155,27
675.05,282533,17187,27
676.26,283035,17195,27
677.46,283539,17239,27
678.76,284043,17255,27
679.89,284543,17283,27
681.16,285047,17315,27
682.33,285551,17335,27
683.53,286055,17351,27
685.13,286557,17383,27
686.44,287057,17427,27
687.8,287559,17447,27
689.15,288062,17459,27
690.37,288563,17475,27
691.65,289065,17503,27
692.97,289568,17531,27
694.23,290072,17567,27
695.52,290573,17571,27
696.78,291074,17587,27
698.07,291576,17627,27
699.23,292077,17631,27
700.57,292581,17671,27
701.72,293085,17679,27
702.89,293585,17715,27
704.09,294085,17771,27
705.3,294586,17799,27
706.56,295088,17819,27
707.94,295589,17839,27
709.17,296093,17863,27
710.48,296594,17883,27
711.67,297098,17903,27
712.86,297599,17919,27
714.18,298100,17935,27
715.32,298602,17971,27
716.48,299105,17999,27
717.67,299606,18035,27
718.98,300109,18075,27
720.3,300612,18095,27
721.48,301113,18119,27
722.65,301613,18131,27
724.02,302117,18163,27
725.32,302621,18203,27
726.6,303123,18223,27
727.85,303623,18239,27
729.16,304124,18255,27
730.69,304627,18291,27
732.08,305130,18335,27
733.45,305630,18355,27
734.84,306131,18391,27
736.18,306632,18423,27
737.41,307133,18443,27
738.63,307637,18471,27
739.88,308137,18495,27
741.16,308638,18531,27
742.38,309141,18539,27
743.6,309642,18571,27
744.86,310144,18607,27
746.09,310647,18635,27
747.27,311150,18667,27
748.43,311650,18695,27
749.76,312151,18731,27
751.02,312651,18779,27
752.29,313154,18807,27
753.58,313656,18831,27
754.72,314157,18851,27
756.02,314659,18887,27
757.21,315159,18899,27
758.35,315659,18915,27
759.65,316161,18935,27
760.75,316664,18975,27
761.97,317166,18995,27
763.14,317669,19019,27
764.3,318169,19043,27
765.57,318669,19071,27
766.82,319172,19103,27
768.1,319675,19139,27
769.38,320179,19163,27
770.58,320679,19203,27
771.78,321181,19211,27
773.13,321683,19239,27
774.33,322187,19255,27
775.56,322689,19279,27
776.84,323192,19303,27
778.08,323694,19327,27
779.32,324194,19351,27
780.56,324696,19387,27
781.79,325196,19407,27
783.15,325698,19439,27
784.51,326202,19483,27
785.87,326705,19511,27
787.22,327206,19535,27
788.53,327709,19571,27
790.07,328213,19583,27
791.3,328713,19603,27
792.56,329217,19631,27
793.84,329719,19639,27
795.12,330219,19667,27
796.32,330720,19691,27
797.57,331220,19715,27
798.91,331723,19743,27
800.18,332226,19771,27
801.31,332728,19795,27
802.55,333232,19815,27
803.85,333735,19843,27
805.18,334235,19871,27
806.37,334736,19899,27
807.62,335240,19935,27
808.87,335740,19955,27
810.18,336244,19971,27
811.44,336744,19991,27
812.77,337247,20019,27
814.13,337751,20051,27
815.38,338253,20059,27
816.62,338753,20095,27
817.84,339255,20119,27
819.14,339758,20147,27
820.34,340260,20203,27
821.49,340760,20251,27
822.76,341264,20299,27
824.14,341767,20327,27
825.4,342270,20347,27
826.67,342771,20371,27
827.97,343271,20399,27
829.22,343772,20431,27
830.66,344272,20463,27
832.01,344775,20475,27
833.32,345276,20495,27
834.68,345776,20519,27
836.04,346277,20555,27
837.33,346777,20571,27
838.72,347281,20599,27
839.98,347784,20627,27
841.29,348286,20651,27
842.5,348787,20663,27
843.8,349291,20675,27
845.06,349795,20699,27
846.35,350295,20727,27
847.55,350798,20755,27
848.7,351299,20787,27
849.91,351800,20807,27
851.06,352302,20839,27
852.37,352805,20851,27
853.65,353307,20879,27
854.83,353810,20915,27
856.21,354311,20947,27
857.46,354814,20967,27
858.88,355316,20995,27
860.14,355819,21015,27
861.42,356321,21063,27
862.69,356824,21119,27
863.93,357324,21155,27
865.37,357824,21175,27
866.56,358327,21183,27
867.73,358828,21199,27
868.96,359332,21235,27
870.08,359836,21263,27
871.21,360337,21283,27
872.3,360837,21307,27
873.56,361338,21351,27
874.62,361838,21391,27
875.81,362342,21411,27
876.98,362845,21435,27
878.11,363345,21491,27
879.45,363847,21539,27
880.76,364351,21567,27
881.99,364852,21619,27
883.29,365352,21635,27
884.57,365855,21679,27
885.82,366359,21723,27
886.97,366861,21759,27
888.19,367363,21803,27
889.46,367865,21831,27
890.73,368369,21855,27
891.95,368872,21883,27
893.17,369372,21911,27
894.43,369873,21939,27
895.76,370377,21971,27
897.1,370878,21999,27
898.34,371378,22047,27
899.53,371878,22075,27
900.74,372380,22099,27
901.89,372882,22135,27
903.15,373386,22171,27
904.42,373888,22199,27
905.75,374388,22219,27
906.96,374891,22255,27
908.14,375391,22299,27
909.45,375895,22319,27
910.83,376399,22339,27
911.98,376902,22359,27
913.18,377405,22391,27
914.43,377908,22407,27
915.54,378408,22443,27
916.68,378910,22459,27
917.83,379412,22487,27
919.08,379913,22507,27
920.28,380414,22547,27
921.62,380915,22575,27
922.93,381419,22611,27
924.17,381921,22635,27
925.39,382421,22663,27
926.64,382923,22699,27
927.82,383425,22727,27
929.18,383927,22751,27
930.52,384430,22779,27
931.87,384932,22791,27
933.18,385432,22819,27
934.39,385933,22855,27
935.6,386435,22891,27
936.76,386935,22915,27
938.12,387435,22943,27
939.42,387936,22967,27
940.84,388438,23003,27
942.03,388939,23039,27
943.3,389441,23055,27
944.57,389942,23079,27
945.72,390445,23115,27
946.97,390949,23143,27
948.31,391450,23159,27
949.57,391950,23191,27
950.85,392454,23231,27
952.03,392958,23267,27
953.32,393459,23299,27
954.62,393959,23311,27
955.87,394459,23327,27
957.29,394961,23343,27
958.52,395464,23379,27
959.75,395968,23415,27
960.99,396470,23459,27
962.27,396972,23491,27
963.62,397473,23507,27
964.92,397977,23531,27
966.19,398481,23555,27
967.4,398985,23591,27
968.6,399489,23607,27
970.05,399992,23647,27
971.27,400496,23671,27
972.63,400998,23699,27
973.89,401502,23731,27
975.13,402005,23739,27
976.37,402505,23783,27
977.64,403007,23799,27
978.93,403509,23843,27
980.24,404010,23863,27
981.49,404513,23899,27
982.83,405016,23923,27
984.11,405517,23947,27
985.44,406020,23983,27
986.79,406524,24003,27
987.95,407027,24027,27
989.27,407529,24047,27
990.3,408029,24079,27
991.6,408532,24099,27
992.9,409034,24131,27
994.18,409534,24175,27
995.49,410035,24223,27
996.69,410535,24271,27
997.84,411038,24307,27
999.14,411542,24335,27
1000.48,412042,24383,27
1001.7,412542,24407,27
1003.05,413044,24427,27
1004.32,413548,24451,27
1005.6,414050,24495,27
1006.85,414550,24531,27
1008.02,415051,24543,27
1009.3,415551,24567,27
1010.53,416055,24579,27
1011.83,416558,24607,27
1013,417059,24643,27
1014.2,417560,24691,27
1015.45,418064,24715,27
1016.79,418565,24719,27
1018.1,419069,24751,27
1019.47,419571,24759,27
1020.67,420073,24783,27
1021.85,420574,24799,27
1023.18,421078,24827,27
1024.53,421579,24863,27
1025.86,422080,24899,27
1027.1,422581,24931,27
1028.4,423081,24955,27
1029.88,423584,24971,27
1031.29,424086,24979,27
1032.59,424590,24991,27
1033.83,425094,25023,27
1035.13,425598,25051,27
1036.45,426102,25063,27
1037.63,426602,25083,27
1039.02,427102,25099,27
1040.34,427604,25127,27
1041.86,428107,25151,27
1043.08,428611,25187,27
1044.42,429115,25203,27
1045.69,429615,25219,27
1046.94,430115,25235,27
1048.2,430619,25247,27
1049.56,431122,25283,27
1050.82,431626,25311,27
1052.04,432128,25347,27
1053.4,432631,25367,27
1054.59,433134,25411,27
1056.02,433636,25431,27
1057.3,434137,25467,27
1058.6,434639,25483,27
1059.83,435143,25515,27
1061.16,435645,25563,27
1062.54,436148,25587,27
1063.81,436648,25599,27
1065.04,437148,25627,27
1066.31,437648,25655,27
1067.62,438149,25675,27
1068.91,438650,25711,27
1070.22,439150,25743,27
1071.58,439653,25775,27
1072.76,440155,25791,27
1073.87,440659,25823,27
1075.12,441163,25855,27
1076.32,441666,25895,27
1077.57,442167,25915,27
1078.94,442671,25927,27
1080.2,443175,25947,27
1081.44,443675,25979,27
1082.79,444179,26039,27
1083.96,444682,26067,27
1085.15,445185,26099,27
1086.42,445688,26135,27
1087.69,446191,26163,27
1089.02,446694,26191,27
1090.41,447196,26215,27
1091.6,447698,26267,27
1092.82,448199,26299,27
1094.08,448703,26339,27
1095.41,449203,26359,27
1096.74,449704,26379,27
1098.01,450207,26403,27
1099.31,450710,26431,27
1100.66,451214,26467,27
1101.82,451717,26487,27
1103.08,452218,26519,27
1104.29,452718,26547,27
1105.81,453222,26563,27
1106.96,453725,26579,27
1108.16,454225,26607,27
1109.44,454725,26627,27
1110.68,455229,26643,27
1112.09,455732,26679,27
1113.3,456233,26699,27
1114.5,456733,26719,27
1115.73,457235,26743,27
1116.8,457735,26775,27
1118,458236,26819,27
1119.22,458736,26843,27
1120.49,459240,26879,27
1121.68,459740,26911,27
1122.79,460240,26931,27
1123.9,460743,26967,27
1124.98,461245,27011,27
1126.22,461745,27035,27
1127.49,462248,27047,27
1128.67,462752,27071,27
1129.97,463256,27111,27
1131.13,463760,27127,27
1132.45,464260,27143,27
1133.59,464761,27175,27
1134.73,465261,27203,27
1135.95,465763,27211,27
1137.14,466263,27235,27
1138.39,466767,27291,27
1139.68,467270,27315,27
1141.01,467773,27343,27
1142.28,468276,27351,27
1143.65,468780,27383,27
1144.93,469284,27403,27
1146.19,469786,27435,27
1147.42,470287,27471,27
1148.86,470791,27499,27
1150.21,471294,27547,27
1151.43,471798,27587,27
1152.74,472299,27627,27
1154.06,472801,27635,27
1155.4,473303,27671,27
1156.76,473805,27695,27
1158.07,474309,27719,27
1159.39,474812,27767,27
1160.53,475312,27783,27
1161.79,475815,27803,27
1162.99,476319,27831,27
1164.24,476820,27863,27
1165.46,477322,27891,27
1166.71,477826,27927,27
1167.9,478326,27943,27
1169.31,478826,27963,27
1170.65,479328,27991,27
1171.96,479830,28015,27
1173.19,480332,28039,27
1174.63,480836,28071,27
1175.87,481340,28087,27
1177.15,481842,28111,27
1.05,501,4637,23
2,1004,4746,23
3.1,1504,5490,25
4.04,2005,5491,25
5.05,2508,5577,25
6.1,3009,5637,25
7.21,3509,5675,25
8.24,4010,5691,25
9.2,4510,5691,25
10.17,5011,5691,25
11.31,5512,5695,25
12.41,6013,5699,25
13.38,6515,5703,25
14.44,7017,5711,25
15.56,7517,5711,25
16.64,8017,5711,25
17.7,8517,5719,25
18.77,9019,5727,25
19.88,9519,5727,25
21.03,10021,5743,25
22.15,10524,5751,25
23.23,11026,5775,25
24.27,11526,5779,25
25.34,12030,5787,25
26.47,12533,5799,25
27.6,13035,5819,25
28.73,13538,5839,25
29.94,14041,5851,25
31.13,14544,5875,25
32.29,15047,5895,25
33.43,15551,5919,25
34.67,16052,5939,25
35.83,16554,5947,25
37.01,17058,5963,25
38.18,17562,5975,25
39.33,18064,6011,25
40.48,18567,6039,25
41.62,19071,6051,25
42.81,19574,6063,25
43.96,20075,6079,25
45.15,20576,6103,25
46.33,21079,6131,25
47.47,21582,6143,25
48.65,22085,6175,25
49.77,22585,6191,25
50.88,23085,6211,25
51.99,23588,6235,25
53.12,24089,6259,25
54.26,24590,6291,25
55.42,25091,6303,25
56.61,25594,6347,25
57.67,26098,6387,25
58.86,26598,6403,25
59.97,27098,6415,25
61.05,27598,6443,25
62.24,28100,6471,25
63.4,28603,6511,25
64.64,29106,6547,25
65.93,29608,6555,25
67.17,30111,6603,25
68.38,30611,6619,25
69.56,31114,6655,25
70.64,31615,6675,25
71.88,32115,6699,25
73.08,32616,6715,25
74.25,33120,6747,25
75.41,33620,6783,25
76.63,34123,6803,25
77.88,34626,6823,25
78.97,35128,6831,25
80.22,35630,6835,25
81.42,36133,6855,25
82.51,36634,6879,25
83.61,37138,6923,25
84.68,37640,6963,25
85.77,38141,6999,25
86.89,38641,7023,25
88.07,39143,7055,25
89.29,39643,7087,25
90.39,40144,7123,25
91.55,40644,7155,25
92.8,41145,7175,25
93.94,41649,7223,25
95.15,42150,7239,25
96.29,42654,7255,25
97.41,43157,7287,25
98.66,43659,7307,25
99.84,44163,7351,25
101,44665,7375,25
102.15,45168,7399,25
103.35,45672,7443,25
104.56,46172,7459,25
105.73,46674,7495,25
106.95,47178,7531,25
108.1,47681,7575,25
109.24,48185,7611,25
110.43,48689,7635,25
111.55,49189,7655,25
112.69,49689,7675,25
113.85,50191,7711,25
115.2,50695,7723,25
116.46,51195,7755,25
117.65,51696,7787,25
118.8,52196,7807,25
119.92,52698,7835,25
121.02,53198,7867,25
122.25,53700,7895,25
123.38,54204,7927,25
124.59,54706,7971,25
125.79,55210,7995,25
127.01,55711,8023,25
128.47,56211,8055,25
129.85,56714,8091,25
131.06,57215,8135,25
132.23,57716,8155,25
133.36,58219,8183,25
134.56,58720,8215,25
135.78,59220,8231,25
136.96,59723,8271,25
138.08,60225,8291,25
139.34,60727,8319,25
140.58,61227,8339,25
141.71,61727,8371,25
142.83,62229,8383,25
144.02,62731,8427,25
145.13,63232,8447,25
146.3,63733,8487,25
147.6,64237,8503,25
148.78,64738,8527,25
150.1,65240,8559,25
151.39,65744,8583,25
152.56,66246,8623,25
153.94,66747,8651,25
155.17,67249,8691,25
156.38,67750,8739,25
157.59,68254,8787,25
158.84,68755,8803,25
160.11,69257,8827,25
161.3,69757,8867,25
162.6,70261,8903,25
163.85,70761,8927,25
165.05,71261,8947,25
166.26,71765,8967,25
167.44,72266,9003,25
168.56,72768,9027,25
169.83,73272,9063,25
171.04,73774,9083,25
172.29,74278,9101,25
173.43,74782,9125,25
174.66,75282,9157,25
175.81,75786,9173,25
177.07,76287,9193,25
178.35,76788,9213,25
179.52,77288,9237,25
180.67,77792,9253,25
181.99,78294,9269,25
183.18,78797,9309,25
184.28,79300,9329,25
185.41,79800,9353,25
186.61,80300,9369,25
187.77,80802,9405,25
188.94,81303,9433,25
190.2,81804,9453,25
191.35,82305,9473,25
192.69,82805,9497,25
194.02,83309,9513,25
195.33,83810,9541,25
196.49,84314,9581,25
197.79,84815,9605,25
198.86,85318,9625,25
199.95,85821,9657,25
201.14,86324,9681,25
202.27,86826,9701,25
203.44,87329,9729,25
204.71,87832,9757,25
205.89,88334,9789,25
206.93,88837,9809,25
208,89339,9833,25
209.13,89843,9857,25
210.4,90345,9885,25
211.55,90847,9917,25
212.66,91348,9949,25
213.64,91849,9965,25
214.61,92351,9989,25
215.65,92852,10005,25
216.62,93355,10029,25
217.6,93859,10037,25
218.59,94359,10049,25
219.59,94863,10073,25
220.55,95365,10097,25
221.6,95865,10141,25
222.61,96369,10173,25
223.62,96869,10213,25
224.6,97371,10249,25
225.63,97873,10285,25
226.74,98375,10317,25
227.94,98876,10365,25
229.2,99379,10397,25
230.47,99883,10413,25
231.63,100386,10429,25
232.88,100889,10489,25
234.06,101390,10513,25
235.15,101892,10545,25
236.39,102396,10585,25
237.52,102896,10605,25
238.79,103397,10625,25
240.15,103897,10661,25
241.34,104400,10681,25
242.48,104901,10705,25
243.59,105404,10737,25
244.66,105904,10765,25
245.76,106408,10789,25
246.92,106909,10825,25
248.05,107412,10857,25
249.2,107912,10881,25
250.4,108413,10909,25
251.48,108917,10949,25
252.69,109421,10977,25
253.96,109921,11005,25
255.2,110424,11029,25
256.28,110924,11069,25
257.41,111425,11089,25
258.52,111928,11129,25
259.62,112431,11141,25
260.74,112934,11157,25
261.9,113435,11177,25
263.1,113936,11205,25
264.24,114439,11233,25
265.49,114941,11269,25
266.68,115443,11305,25
267.87,115946,11337,25
269.09,116448,11377,25
270.51,116950,11405,25
271.61,117454,11421,25
272.87,117958,11445,25
274.25,118462,11477,25
275.45,118964,11501,25
276.71,119466,11549,25
277.94,119969,11577,25
279.16,120472,11609,25
280.38,120975,11629,25
281.57,121479,11657,25
282.81,121983,11681,25
284.12,122485,11701,25
285.61,122988,11725,25
286.87,123492,11737,25
288.06,123995,11777,25
289.21,124495,11793,25
290.33,124999,11809,25
291.57,125503,11833,25
292.82,126005,11877,25
293.98,126509,11901,25
295.28,127010,11905,25
296.39,127510,11937,25
297.53,128010,11981,25
298.67,128512,12009,25
299.87,129015,12029,25
301.07,129518,12061,25
302.35,130022,12073,25
303.59,130523,12109,25
304.88,131023,12129,25
306.07,131523,12141,25
307.24,132025,12161,25
308.49,132528,12197,25
309.65,133029,12209,25
310.81,133533,12245,25
312.05,134035,12257,25
313.24,134535,12273,25
314.44,135039,12309,25
315.65,135541,12329,25
316.81,136041,12349,25
318.12,136543,12373,25
319.51,137043,12413,25
320.6,137545,12429,25
321.81,138046,12469,25
323.23,138549,12473,25
324.39,139052,12501,25
325.66,139555,12525,25
326.85,140059,12577,25
328.21,140561,12597,25
329.47,141061,12625,25
330.7,141563,12649,25
332.15,142063,12681,25
333.47,142566,12709,25
334.75,143066,12737,25
335.96,143568,12769,25
337.37,144070,12789,25
338.82,144574,12801,25
340.02,145077,12817,25
341.2,145578,12829,25
342.44,146078,12861,25
343.81,146582,12889,25
345.02,147084,12937,25
346.19,147586,12949,25
347.44,148090,12957,25
348.8,148594,12997,25
350.08,149094,13009,25
351.28,149595,13025,25
352.41,150095,13041,25
353.61,150599,13065,25
354.89,151103,13077,25
356.09,151607,13105,25
357.26,152110,13137,25
358.44,152612,13161,25
359.83,153116,13193,25
360.96,153620,13213,25
362.29,154124,13233,25
363.49,154627,13293,25
364.75,155129,13317,25
365.98,155633,13345,25
367.21,156134,13361,25
368.49,156634,13381,25
369.61,157134,13401,25
370.85,157637,13429,25
372.13,158139,13453,25
373.28,158642,13489,25
374.57,159143,13533,25
375.72,159644,13577,25
376.9,160148,13609,25
378.14,160650,13657,25
379.39,161154,13673,25
380.85,161657,13701,25
382.08,162159,13725,25
383.29,162659,13761,25
384.4,163160,13797,25
385.71,163662,13841,25
386.91,164165,13865,25
388.16,164667,13885,25
389.44,165168,13909,25
390.69,165670,13957,25
391.9,166171,13981,25
393.17,166675,13997,25
394.4,167178,14037,25
395.78,167680,14073,25
396.93,168180,14109,25
398.3,168684,14137,25
399.63,169188,14185,25
400.78,169691,14205,25
401.88,170191,14217,25
403.04,170691,14249,25
404.24,171195,14285,25
405.56,171698,14293,25
406.84,172198,14325,25
408.17,172699,14349,25
409.43,173203,14373,25
410.85,173707,14405,25
412.25,174207,14453,25
413.51,174707,14481,25
414.63,175209,14513,25
415.83,175711,14541,25
417.05,176213,14577,25
418.69,176716,14597,25
420.05,177219,14625,25
421.37,177722,14665,25
422.64,178224,14693,25
423.93,178726,14721,25
425.17,179229,14749,25
426.46,179733,14765,25
427.7,180236,14801,25
428.9,180739,14817,25
430.05,181242,14853,25
431.19,181745,14881,25
432.48,182248,14905,25
433.64,182751,14941,25
434.78,183252,14961,25
436.03,183754,14981,25
437.34,184256,15025,25
438.56,184756,15073,25
439.81,185256,15085,25
441.06,185760,15105,25
442.38,186261,15145,25
443.59,186765,15161,25
444.98,187265,15189,25
446.23,187768,15237,25
447.56,188272,15249,25
448.94,188774,15277,25
450.25,189276,15297,25
451.52,189777,15313,25
452.87,190280,15341,25
454.23,190781,15365,25
455.61,191282,15393,25
456.89,191786,15421,25
458.12,192289,15445,25
459.34,192793,15489,25
460.53,193297,15529,25
461.85,193798,15565,25
463.15,194298,15609,25
464.45,194800,15633,25
465.62,195300,15661,25
466.82,195802,15681,25
468.1,196303,15697,25
469.36,196807,15717,25
470.79,197308,15749,25
472.05,197812,15773,25
473.41,198313,15813,25
474.79,198816,15849,25
476.03,199316,15857,25
477.3,199816,15881,25
478.61,200317,15909,25
479.92,200821,15945,25
481.09,201325,15957,25
482.35,201828,15969,25
483.65,202332,15997,25
485.25,202832,16025,25
486.37,203335,16049,25
487.6,203839,16073,25
488.93,204341,16109,25
490.14,204842,16137,25
491.32,205342,16157,25
492.51,205845,16165,25
493.74,206345,16181,25
494.95,206847,16209,25
496.5,207351,16233,25
497.89,207851,16269,25
499.15,208355,16305,25
500.37,208855,16321,25
501.77,209356,16353,25
502.97,209860,16389,25
504.28,210360,16425,25
505.51,210862,16441,25
506.9,211362,16457,25
508.18,211865,16469,25
509.55,212366,16517,25
510.74,212866,16545,25
511.94,213367,16569,25
513.19,213868,16617,25
514.62,214370,16653,25
515.88,214873,16689,25
517.14,215374,16713,25
518.49,215878,16741,25
519.82,216379,16753,25
521.15,216881,16789,25
522.57,217385,16817,25
523.93,217886,16837,25
525.13,218388,16861,25
526.34,218888,16905,25
527.59,219390,16937,25
528.82,219893,16949,25
530.02,220393,16981,25
531.2,220893,17005,25
532.35,221393,17021,25
533.75,221897,17073,25
535.01,222398,17109,25
536.11,222898,17137,25
537.26,223398,17173,25
538.46,223901,17221,25
539.68,224401,17245,25
540.94,224903,17261,25
542.19,225405,17309,25
543.48,225909,17345,25
544.73,226413,17369,25
546,226917,17405,25
547.43,227420,17433,25
548.68,227921,17453,25
549.97,228424,17485,25
551.26,228924,17513,25
552.69,229425,17533,25
554.16,229925,17557,25
555.41,230425,17581,25
556.63,230925,17617,25
557.94,231425,17649,25
559.17,231929,17685,25
560.52,232429,17701,25
561.75,232930,17733,25
563.17,233432,17769,25
564.37,233932,17797,25
565.5,234435,17845,25
566.83,234939,17877,25
568.13,235442,17909,25
569.46,235942,17937,25
570.9,236446,17973,25
572.25,236948,17997,25
573.59,237449,18049,25
574.86,237952,18073,25
576.12,238455,18109,25
577.48,238959,18133,25
578.64,239459,18157,25
579.9,239961,18201,25
581.1,240465,18241,25
582.26,240966,18269,25
583.72,241466,18297,25
585.1,241967,18317,25
586.43,242470,18345,25
587.57,242972,18365,25
588.77,243474,18389,25
589.96,243974,18413,25
591.13,244477,18425,25
592.41,244977,18481,25
593.62,245477,18513,25
594.85,245977,18529,25
596.15,246478,18557,25
597.71,246979,18605,25
599.12,247479,18645,25
600.34,247983,18673,25
601.58,248483,18713,25
603.06,248986,18737,25
604.41,249488,18765,25
605.73,249989,18785,25
607.02,250493,18833,25
608.28,250996,18861,25
609.47,251497,18881,25
610.75,251998,18901,25
612.17,252499,18917,25
613.44,253002,18953,25
614.58,253503,18989,25
615.86,254003,19009,25
617.03,254507,19041,25
618.31,255011,19057,25
619.44,255514,19093,25
620.62,256018,19117,25
621.9,256519,19137,25
623.19,257019,19177,25
624.64,257521,19221,25
625.86,258022,19253,25
627.11,258524,19293,25
628.36,259024,19313,25
629.67,259525,19349,25
630.94,260028,19373,25
632.17,260529,19389,25
633.5,261029,19417,25
634.73,261530,19445,25
635.93,262033,19473,25
637.14,262536,19509,25
638.46,263040,19525,25
639.81,263542,19557,25
641.06,264045,19597,25
642.24,264549,19629,25
643.51,265053,19645,25
644.78,265553,19665,25
645.98,266056,19689,25
647.18,266559,19725,25
648.37,267063,19757,25
649.56,267563,19765,25
650.75,268064,19813,25
652.01,268565,19829,25
653.3,269069,19853,25
654.68,269573,19885,25
655.87,270076,19921,25
657.04,270579,19933,25
658.26,271080,19953,25
659.53,271580,19993,25
660.77,272084,20033,25
661.98,272587,20057,25
663.24,273091,20069,25
664.37,273595,20117,25
665.65,274097,20149,25
666.85,274600,20177,25
667.99,275101,20221,25
669.34,275602,20237,25
670.58,276106,20249,25
671.77,276607,20281,25
673.12,277108,20309,25
674.35,277611,20353,25
675.62,278114,20393,25
676.89,278617,20437,25
678.03,279121,20453,25
679.17,279621,20489,25
680.39,280124,20513,25
681.77,280626,20537,25
682.97,281129,20565,25
684.17,281632,20585,25
685.46,282132,20613,25
686.77,282633,20633,25
688.07,283134,20661,25
689.26,283635,20681,25
690.5,284138,20701,25
691.98,284641,20717,25
693.23,285145,20737,25
694.51,285645,20773,25
695.81,286145,20797,25
697.05,286646,20821,25
698.27,287149,20857,25
699.64,287651,20881,25
700.91,288152,20913,25
702.18,288656,20945,25
703.39,289156,20977,25
704.62,289659,20997,25
705.9,290161,21017,25
707.33,290662,21037,25
708.59,291166,21065,25
709.77,291668,21085,25
711.04,292170,21133,25
712.21,292671,21185,25
713.44,293172,21197,25
714.7,293673,21229,25
716.01,294175,21269,25
717.21,294678,21325,25
718.32,295182,21361,25
719.57,295686,21397,25
720.72,296188,21409,25
721.95,296689,21453,25
723.16,297193,21473,25
724.39,297697,21501,25
725.59,298198,21545,25
726.74,298698,21565,25
727.9,299200,21573,25
729.1,299701,21605,25
730.41,300204,21653,25
731.62,300706,21677,25
732.8,301210,21705,25
734.08,301712,21729,25
735.23,302216,21749,25
736.4,302718,21781,25
737.53,303220,21801,25
738.72,303722,21821,25
740.02,304226,21861,25
741.33,304726,21897,25
742.52,305228,21925,25
743.7,305732,21941,25
744.94,306233,21965,25
746.14,306734,21985,25
747.43,307237,22013,25
748.83,307741,22041,25
750.3,308243,22069,25
751.66,308743,22085,25
752.95,309244,22101,25
754.24,309744,22125,25
755.61,310244,22157,25
756.98,310748,22193,25
758.36,311252,22221,25
759.71,311754,22261,25
761.03,312254,22285,25
762.3,312755,22321,25
763.52,313258,22333,25
764.76,313762,22361,25
765.97,314265,22389,25
767.22,314767,22417,25
768.59,315267,22429,25
769.8,315768,22461,25
771.12,316272,22489,25
772.36,316775,22521,25
773.68,317279,22537,25
774.8,317782,22577,25
775.95,318282,22613,25
777.09,318783,22641,25
778.25,319285,22665,25
779.42,319785,22709,25
780.67,320285,22733,25
781.86,320785,22777,25
783.1,321287,22797,25
784.34,321791,22817,25
785.61,322294,22829,25
786.84,322794,22845,25
788,323296,22877,25
789.25,323798,22901,25
790.45,324299,22941,25
791.67,324803,22961,25
792.82,325303,22993,25
794.1,325803,23017,25
795.24,326305,23045,25
796.53,326806,23073,25
797.69,327306,23097,25
798.9,327809,23113,25
800.2,328310,23133,25
801.38,328813,23145,25
802.59,329315,23189,25
803.71,329816,23221,25
804.96,330318,23261,25
806.21,330821,23297,25
807.39,331324,23329,25
808.68,331826,23349,25
810.11,332326,23361,25
811.29,332826,23389,25
812.46,333327,23413,25
813.65,333828,23433,25
814.8,334330,23461,25
816.14,334830,23485,25
817.45,335332,23525,25
818.92,335832,23561,25
820.14,336336,23589,25
821.32,336837,23605,25
822.44,337339,23633,25
823.63,337842,23661,25
824.74,338342,23705,25
826.4,338842,23733,25
827.7,339344,23773,25
829,339846,23813,25
830.29,340349,23833,25
831.59,340849,23865,25
832.86,341350,23885,25
834.13,341854,23897,25
835.34,342357,23909,25
836.61,342859,23933,25
837.87,343362,23969,25
839.32,343863,24005,25
840.59,344365,24045,25
841.88,344867,24073,25
843.05,345367,24097,25
844.23,345869,24137,25
845.38,346370,24177,25
846.55,346871,24225,25
847.69,347373,24257,25
848.88,347874,24269,25
850.07,348376,24293,25
851.39,348877,24329,25
852.75,349377,24353,25
854.07,349880,24385,25
855.27,350381,24401,25
856.49,350885,24433,25
857.68,351389,24465,25
858.82,351890,24517,25
860.04,352393,24545,25
861.36,352895,24577,25
862.56,353395,24609,25
863.81,353899,24649,25
865.12,354399,24693,25
866.41,354901,24725,25
867.72,355405,24737,25
869.05,355907,24757,25
870.26,356410,24805,25
871.48,356911,24841,25
872.79,357415,24873,25
874.11,357918,24901,25
875.32,358419,24921,25
876.4,358920,24945,25
877.65,359424,24981,25
878.79,359924,25009,25
880.05,360428,25029,25
881.21,360932,25073,25
882.34,361433,25093,25
883.55,361936,25125,25
884.82,362439,25149,25
886.1,362940,25169,25
887.33,363444,25205,25
888.65,363944,25241,25
889.81,364446,25285,25
891.02,364947,25345,25
892.22,365450,25377,25
893.5,365951,25417,25
894.71,366455,25449,25
895.86,366955,25461,25
897.11,367455,25477,25
898.3,367956,25505,25
899.58,368460,25545,25
900.95,368960,25557,25
902.16,369461,25585,25
903.41,369961,25613,25
904.62,370465,25641,25
905.81,370965,25669,25
907.05,371466,25697,25
908.43,371970,25737,25
909.56,372474,25765,25
910.82,372976,25785,25
912.18,373477,25809,25
913.58,373981,25849,25
914.8,374481,25909,25
916.06,374982,25949,25
917.39,375486,25997,25
918.64,375988,26037,25
919.83,376490,26069,25
920.99,376991,26105,25
922.22,377491,26121,25
923.39,377994,26145,25
924.69,378496,26169,25
925.93,378998,26181,25
927.26,379498,26193,25
928.64,379999,26241,25
930.07,380499,26297,25
931.38,381000,26329,25
932.67,381502,26349,25
933.98,382006,26381,25
935.27,382506,26413,25
936.61,383006,26441,25
937.82,383508,26461,25
939.1,384008,26477,25
940.22,384511,26501,25
941.36,385013,26513,25
942.49,385517,26545,25
943.79,386021,26585,25
945.07,386522,26589,25
946.4,387026,26617,25
947.73,387530,26649,25
949.2,388034,26673,25
950.4,388537,26701,25
951.67,389038,26737,25
952.82,389540,26781,25
954.09,390044,26793,25
955.33,390545,26813,25
956.67,391047,26849,25
957.95,391551,26873,25
959.23,392051,26909,25
960.55,392552,26933,25
961.72,393056,26965,25
962.9,393558,26985,25
964.13,394062,27013,25
965.35,394563,27037,25
966.5,395067,27073,25
967.72,395568,27101,25
969.08,396071,27129,25
973.68,396572,27197,25
974.96,397075,27233,25
976.3,397578,27273,25
977.65,398081,27297,25
978.81,398585,27325,25
979.95,399085,27337,25
981.06,399587,27357,25
982.21,400091,27389,25
983.34,400595,27425,25
984.56,401097,27449,25
985.78,401601,27493,25
986.99,402103,27517,25
988.07,402603,27545,25
989.14,403105,27577,25
990.32,403607,27597,25
991.48,404108,27621,25
992.71,404609,27645,25
993.85,405110,27669,25
995.02,405610,27693,25
996.18,406114,27741,25
997.35,406616,27761,25
998.57,407120,27801,25
999.75,407622,27821,25
1000.87,408125,27857,25
1001.97,408629,27865,25
1003.11,409133,27913,25
1004.25,409637,27925,25
1005.43,410138,27941,25
1006.61,410642,27973,25
1007.83,411145,27981,25
1009.09,411645,28005,25
1010.3,412149,28025,25
1011.43,412652,28061,25
1012.53,413156,28089,25
1013.69,413659,28109,25
1014.88,414163,28161,25
1015.96,414666,28189,25
1017.08,415166,28201,25
1018.28,415668,28229,25
1019.42,416170,28257,25
1020.63,416671,28277,25
1021.87,417175,28317,25
1023.22,417675,28365,25
1024.34,418178,28397,25
1025.53,418682,28421,25
1026.83,419186,28449,25
1028.08,419687,28469,25
1029.28,420187,28489,25
1030.44,420690,28529,25
1031.65,421193,28581,25
1032.69,421695,28601,25
1033.76,422199,28633,25
1034.97,422700,28653,25
1036.01,423203,28681,25
1037.22,423706,28709,25
1038.46,424209,28737,25
1039.76,424709,28769,25
1040.86,425213,28809,25
1042.06,425715,28829,25
1043.34,426219,28861,25
1044.66,426721,28897,25
1045.72,427221,28921,25
1046.9,427723,28949,25
1047.94,428226,28989,25
1049.4,428728,29013,25
1050.67,429232,29065,25
1051.86,429733,29101,25
1053.16,430236,29129,25
1054.39,430739,29169,25
1055.67,431241,29189,25
1056.86,431743,29217,25
1058,432245,29257,25
1059.18,432746,29297,25
1060.42,433248,29321,25
1061.58,433749,29349,25
1062.67,434251,29357,25
1063.94,434752,29409,25
1065.17,435252,29445,25
1066.33,435756,29477,25
1.01,501,4864,27
2,1001,4864,27
3.04,1503,4893,27
4.09,2007,4905,27
5.25,2509,5617,28
6.24,3011,5629,28
7.2,3513,5637,28
8.2,4017,5645,28
9.27,4520,5661,28
10.37,5021,5705,28
11.39,5525,5709,28
12.39,6028,5729,28
13.42,6528,5749,28
14.47,7032,5765,28
15.49,7533,5769,28
16.49,8034,5773,28
17.5,8537,5789,28
18.52,9037,5801,28
19.62,9537,5821,28
20.69,10040,5845,28
21.74,10540,5861,28
22.84,11040,5885,28
23.83,11543,5905,28
24.86,12046,5937,28
25.84,12547,5945,28
26.85,13048,5949,28
27.89,13548,5973,28
28.95,14051,5997,28
30.09,14551,6013,28
31.24,15054,6037,28
32.29,15557,6057,28
33.44,16059,6093,28
34.57,16559,6117,28
35.7,17061,6125,28
36.87,17565,6149,28
38.05,18066,6153,28
39.22,18569,6165,28
40.32,19069,6177,28
41.49,19571,6201,28
42.58,20072,6229,28
43.76,20576,6257,28
44.96,21079,6301,28
46,21582,6337,28
47.11,22084,6365,28
48.29,22587,6397,28
49.44,23088,6421,28
50.48,23590,6445,28
51.55,24093,6473,28
52.59,24594,6489,28
53.77,25097,6509,28
54.93,25597,6525,28
56,26101,6557,28
57.03,26601,6589,28
58.2,27104,6601,28
59.33,27605,6633,28
60.5,28108,6645,28
61.56,28610,6665,28
62.65,29110,6697,28
63.71,29614,6721,28
64.8,30118,6761,28
65.95,30620,6777,28
67.05,31124,6793,28
68.16,31628,6829,28
69.35,32131,6853,28
70.57,32634,6889,28
71.77,33138,6917,28
72.89,33640,6941,28
74.07,34142,6961,28
75.22,34645,6981,28
76.43,35145,7021,28
77.63,35647,7045,28
78.79,36151,7069,28
79.92,36652,7101,28
81.03,37152,7117,28
82.12,37654,7165,28
83.27,38155,7193,28
84.5,38658,7201,28
85.66,39158,7217,28
86.81,39660,7253,28
88,40163,7265,28
89.2,40663,7297,28
90.36,41163,7305,28
91.44,41666,7341,28
92.53,42167,7361,28
93.76,42670,7405,28
94.85,43172,7433,28
95.99,43673,7453,28
97.07,44177,7473,28
98.19,44679,7485,28
99.37,45179,7521,28
100.51,45680,7545,28
101.77,46182,7569,28
102.88,46683,7597,28
104.07,47184,7641,28
105.14,47684,7677,28
106.28,48185,7701,28
107.56,48688,7721,28
108.8,49192,7753,28
109.93,49693,7769,28
111.21,50196,7809,28
112.47,50698,7837,28
113.62,51198,7865,28
114.8,51700,7889,28
115.99,52203,7913,28
117.12,52705,7937,28
118.35,53208,7957,28
119.51,53709,7993,28
120.68,54210,8017,28
121.91,54713,8045,28
123.2,55217,8081,28
124.42,55717,8101,28
125.58,56221,8145,28
126.71,56725,8177,28
127.87,57229,8209,28
128.99,57732,8233,28
130.1,58233,8257,28
131.16,58735,8289,28
132.29,59239,8313,28
133.48,59739,8345,28
134.65,60243,8377,28
135.9,60747,8425,28
136.95,61250,8461,28
138.18,61752,8481,28
139.36,62256,8501,28
140.56,62760,8529,28
141.7,63262,8549,28
142.88,63763,8589,28
144,64263,8649,28
145.18,64763,8681,28
146.37,65264,8693,28
147.52,65765,8741,28
148.64,66269,8785,28
149.75,66773,8809,28
150.86,67273,8837,28
152.04,67775,8853,28
153.25,68277,8889,28
154.44,68781,8921,28
155.61,69283,8941,28
156.81,69786,8953,28
158.03,70288,8973,28
159.27,70791,9001,28
160.48,71291,9017,28
161.54,71793,9037,28
162.64,72294,9057,28
163.77,72797,9081,28
164.97,73300,9105,28
166.22,73802,9125,28
167.39,74302,9153,28
168.54,74803,9173,28
169.71,75305,9217,28
171,75809,9253,28
172.16,76310,9281,28
173.36,76814,9297,28
174.5,77314,9325,28
175.8,77817,9333,28
176.93,78320,9365,28
178,78823,9409,28
179.16,79327,9441,28
180.33,79827,9469,28
181.55,80330,9517,28
182.67,80833,9529,28
183.98,81335,9569,28
185.14,81839,9597,28
186.27,82342,9629,28
187.47,82845,9665,28
188.63,83349,9705,28
189.73,83853,9721,28
190.89,84355,9749,28
192.02,84859,9769,28
193.09,85360,9781,28
194.08,85864,9809,28
195.21,86366,9841,28
196.31,86867,9885,28
197.49,87370,9909,28
198.58,87874,9929,28
199.69,88376,9945,28
200.9,88876,9969,28
202.01,89379,9993,28
203.23,89882,10005,28
204.38,90383,10045,28
205.5,90884,10061,28
206.68,91385,10081,28
207.78,91885,10097,28
208.91,92385,10129,28
210,92889,10173,28
211.16,93389,10193,28
212.29,93891,10233,28
213.41,94391,10261,28
214.56,94893,10293,28
215.76,95396,10305,28
216.82,95898,10337,28
218.04,96401,10377,28
219.16,96904,10401,28
220.31,97407,10449,28
221.46,97908,10465,28
222.61,98411,10509,28
223.75,98912,10537,28
224.77,99413,10581,28
225.92,99917,10629,28
227.07,100419,10665,28
228.2,100920,10681,28
229.28,101420,10713,28
230.53,101923,10741,28
231.65,102426,10769,28
232.84,102926,10785,28
234.04,103428,10809,28
235.37,103929,10865,28
236.73,104431,10873,28
237.83,104934,10901,28
239.08,105436,10933,28
240.3,105936,10961,28
241.49,106438,10973,28
242.65,106942,10985,28
243.82,107443,10989,28
244.94,107945,11009,28
246.09,108448,11037,28
247.12,108949,11065,28
248.21,109451,11121,28
249.41,109955,11157,28
250.53,110456,11189,28
251.73,110959,11213,28
252.98,111462,11257,28
254.12,111965,11285,28
255.41,112468,11321,28
257.25,112971,11345,28
258.43,113472,11377,28
259.68,113975,11385,28
260.8,114478,11413,28
262.05,114980,11457,28
263.31,115482,11497,28
264.51,115984,11533,28
265.68,116485,11537,28
266.98,116989,11577,28
268.24,117492,11593,28
269.42,117994,11617,28
270.56,118495,11649,28
271.82,118995,11693,28
272.99,119498,11725,28
274.23,119998,11757,28
275.43,120502,11797,28
276.58,121005,11821,28
277.87,121509,11849,28
279.31,122013,11909,28
280.87,122517,11945,28
282.19,123017,11981,28
283.58,123521,12001,28
284.95,124024,12025,28
286.22,124524,12041,28
287.43,125025,12065,28
288.63,125526,12101,28
289.87,126028,12121,28
291,126529,12137,28
292.28,127029,12165,28
293.55,127532,12181,28
294.85,128036,12225,28
296.06,128538,12265,28
297.32,129039,12289,28
298.54,129542,12297,28
299.73,130044,12333,28
300.97,130545,12341,28
302.11,131046,12361,28
303.29,131546,12393,28
304.58,132046,12449,28
305.81,132549,12481,28
306.94,133049,12501,28
308.14,133552,12533,28
309.25,134054,12557,28
310.43,134554,12589,28
311.64,135055,12613,28
312.8,135559,12629,28
313.99,136063,12661,28
315.12,136567,12673,28
316.18,137067,12709,28
317.28,137567,12745,28
318.45,138070,12753,28
319.51,138574,12781,28
320.7,139074,12817,28
321.85,139578,12849,28
322.99,140080,12869,28
324.19,140582,12901,28
325.43,141082,12917,28
326.67,141586,12949,28
327.91,142088,12969,28
329.07,142591,13001,28
330.32,143092,13009,28
331.58,143593,13053,28
332.87,144093,13101,28
334.08,144594,13125,28
335.25,145094,13165,28
336.52,145597,13193,28
337.69,146097,13221,28
338.95,146599,13249,28
340.16,147099,13269,28
341.27,147601,13285,28
342.49,148103,13313,28
343.67,148603,13345,28
344.92,149105,13377,28
346.05,149605,13409,28
347.23,150108,13445,28
348.42,150611,13473,28
349.55,151113,13501,28
350.67,151615,13513,28
351.83,152115,13529,28
353.12,152617,13557,28
354.33,153117,13593,28
355.53,153617,13617,28
356.57,154120,13657,28
357.78,154624,13717,28
358.95,155125,13741,28
360.12,155629,13757,28
361.3,156129,13789,28
362.52,156630,13825,28
363.72,157131,13845,28
364.86,157631,13869,28
366.13,158132,13905,28
367.37,158633,13941,28
368.59,159135,13969,28
369.78,159635,13993,28
370.99,160136,14013,28
372.17,160640,14069,28
373.39,161141,14097,28
374.6,161644,14129,28
375.76,162148,14157,28
376.8,162652,14213,28
377.91,163153,14249,28
379.15,163653,14281,28
380.19,164157,14309,28
381.34,164660,14369,28
382.54,165161,14397,28
383.72,165662,14417,28
384.79,166163,14441,28
386.02,166666,14489,28
387.15,167168,14513,28
388.37,167669,14549,28
389.64,168171,14581,28
390.75,168673,14609,28
391.94,169177,14649,28
393.14,169678,14661,28
394.35,170181,14701,28
395.5,170684,14713,28
396.7,171187,14753,28
397.86,171690,14777,28
399.1,172191,14797,28
400.5,172693,14841,28
401.68,173193,14869,28
402.82,173693,14897,28
403.96,174193,14945,28
405.19,174694,14969,28
406.4,175196,14985,28
407.71,175696,15009,28
408.89,176197,15025,28
410.04,176700,15045,28
411.3,177203,15073,28
412.69,177703,15085,28
413.95,178204,15105,28
415.23,178706,15141,28
416.52,179210,15145,28
417.67,179712,15169,28
418.83,180212,15185,28
420.07,180714,15217,28
421.14,181216,15237,28
422.08,181717,15277,28
423.18,182221,15301,28
424.4,182725,15313,28
425.64,183225,15341,28
426.84,183727,15369,28
427.96,184229,15401,28
429.38,184731,15433,28
430.53,185232,15461,28
431.71,185733,15497,28
432.89,186237,15549,28
434.07,186737,15585,28
435.23,187237,15617,28
436.56,187738,15641,28
437.61,188240,15661,28
438.69,188743,15673,28
439.83,189247,15693,28
440.97,189749,15705,28
442.23,190249,15729,28
443.41,190752,15749,28
444.57,191254,15769,28
445.75,191758,15809,28
446.91,192258,15821,28
448.06,192762,15857,28
449.23,193262,15889,28
450.35,193764,15913,28
451.54,194265,15957,28
452.69,194768,15997,28
453.81,195268,16029,28
454.98,195769,16049,28
456.18,196273,16085,28
457.28,196776,16121,28
458.55,197277,16145,28
459.64,197779,16185,28
460.79,198280,16245,28
462.02,198783,16273,28
463.21,199286,16313,28
464.37,199788,16337,28
465.41,200291,16381,28
466.54,200794,16417,28
467.72,201297,16445,28
468.81,201798,16477,28
469.83,202302,16509,28
470.89,202802,16529,28
471.97,203302,16565,28
473.08,203804,16569,28
474.21,204304,16621,28
475.31,204805,16625,28
476.39,205305,16633,28
477.45,205809,16673,28
478.68,206313,16717,28
479.77,206813,16757,28
480.86,207315,16789,28
482.03,207818,16821,28
483.17,208320,16845,28
484.26,208822,16885,28
485.41,209326,16901,28
486.55,209828,16925,28
487.66,210330,16961,28
488.92,210832,16993,28
490.14,211336,17025,28
491.27,211839,17065,28
492.51,212339,17081,28
493.61,212839,17109,28
494.75,213342,17141,28
495.96,213845,17173,28
497.14,214348,17197,28
498.39,214848,17225,28
499.61,215351,17241,28
500.78,215852,17265,28
502.13,216353,17293,28
503.2,216857,17305,28
504.34,217359,17333,28
505.53,217859,17357,28
506.55,218360,17381,28
507.6,218863,17393,28
508.73,219367,17421,28
509.84,219869,17445,28
511.06,220372,17457,28
512.04,220873,17501,28
513.15,221373,17521,28
514.3,221873,17553,28
515.44,222377,17581,28
516.59,222880,17609,28
517.7,223382,17641,28
519.02,223883,17677,28
520.25,224384,17705,28
521.37,224884,17741,28
522.52,225384,17781,28
523.69,225887,17817,28
524.87,226389,17865,28
526.11,226893,17873,28
527.32,227397,17889,28
528.4,227898,17909,28
529.53,228398,17933,28
530.76,228899,17977,28
531.89,229401,18001,28
533.09,229903,18029,28
534.31,230407,18049,28
535.46,230908,18089,28
536.48,231409,18133,28
537.57,231911,18173,28
538.73,232414,18197,28
539.86,232916,18221,28
541.01,233419,18241,28
542.23,233919,18277,28
543.42,234420,18321,28
544.62,234924,18357,28
545.99,235427,18401,28
547.16,235928,18417,28
548.28,236431,18449,28
549.44,236935,18485,28
550.65,237435,18509,28
551.79,237936,18537,28
552.95,238439,18549,28
554.21,238940,18569,28
555.39,239444,18597,28
556.65,239948,18613,28
557.88,240448,18649,28
559.22,240949,18677,28
560.54,241451,18701,28
561.78,241952,18717,28
562.93,242456,18729,28
564.04,242956,18737,28
565.32,243457,18757,28
566.35,243958,18777,28
567.57,244460,18801,28
568.72,244964,18833,28
570.14,245468,18893,28
571.4,245972,18921,28
572.73,246476,18949,28
573.86,246979,18957,28
575.08,247479,18993,28
576.25,247983,19021,28
577.49,248487,19045,28
578.78,248990,19093,28
580.17,249494,19109,28
581.31,249995,19133,28
582.56,250498,19165,28
583.63,250999,19173,28
584.92,251500,19197,28
586.09,252002,19217,28
587.17,252505,19229,28
588.32,253005,19249,28
589.57,253507,19273,28
590.68,254010,19285,28
591.9,254510,19297,28
593.03,255011,19329,28
594.12,255512,19377,28
595.39,256014,19405,28
596.52,256514,19453,28
597.73,257018,19501,28
598.9,257519,19545,28
600.15,258021,19549,28
601.5,258525,19585,28
602.65,259027,19613,28
603.85,259530,19653,28
604.99,260034,19677,28
606.07,260534,19689,28
607.28,261034,19717,28
608.5,261537,19741,28
609.71,262038,19781,28
610.93,262541,19821,28
612.19,263041,19837,28
613.39,263544,19881,28
614.48,264045,19913,28
615.72,264545,19933,28
616.96,265045,19941,28
618.18,265547,19965,28
619.41,266047,19965,28
620.58,266547,19993,28
621.6,267047,20021,28
622.74,267548,20045,28
623.9,268052,20093,28
625.02,268552,20129,28
626.16,269055,20141,28
627.33,269557,20185,28
628.38,270061,20209,28
629.53,270561,20245,28
630.72,271061,20273,28
631.89,271564,20293,28
633.04,272066,20301,28
634.35,272568,20329,28
635.67,273071,20353,28
636.88,273572,20381,28
637.95,274072,20397,28
639.22,274575,20449,28
640.42,275075,20465,28
641.51,275575,20489,28
642.6,276077,20525,28
643.8,276577,20553,28
645.03,277077,20585,28
646.28,277577,20617,28
647.48,278081,20653,28
648.63,278582,20685,28
649.79,279084,20705,28
651.01,279584,20717,28
652.31,280086,20753,28
653.5,280589,20789,28
654.68,281089,20805,28
655.79,281590,20829,28
657.01,282092,20857,28
658.14,282594,20877,28
659.32,283095,20909,28
660.5,283597,20933,28
661.66,284097,20961,28
662.82,284600,21009,28
663.94,285101,21013,28
665.06,285601,21041,28
666.38,286104,21053,28
667.59,286605,21069,28
668.8,287108,21089,28
670.09,287611,21129,28
671.27,288112,21145,28
672.42,288615,21173,28
673.61,289117,21209,28
674.75,289619,21237,28
675.96,290121,21253,28
677.2,290625,21277,28
678.61,291127,21305,28
679.89,291627,21357,28
681.28,292131,21377,28
682.4,292634,21417,28
683.55,293134,21433,28
684.78,293636,21449,28
686.02,294139,21481,28
687.15,294640,21501,28
688.27,295141,21525,28
689.57,295644,21553,28
690.76,296146,21561,28
692,296647,21589,28
693.13,297150,21613,28
694.34,297650,21633,28
695.58,298153,21645,28
696.85,298653,21677,28
698.1,299157,21709,28
699.42,299661,21729,28
700.79,300162,21757,28
702.08,300664,21777,28
703.25,301166,21821,28
704.65,301670,21837,28
706.44,302172,21853,28
707.71,302672,21865,28
709.06,303175,21901,28
710.33,303677,21933,28
711.62,304181,21965,28
712.86,304685,21985,28
714.11,305189,22013,28
715.46,305693,22045,28
716.79,306193,22081,28
717.99,306696,22113,28
719.21,307200,22125,28
720.43,307700,22157,28
721.9,308201,22193,28
723.28,308701,22209,28
724.47,309204,22237,28
725.81,309707,22249,28
727.17,310208,22277,28
728.36,310712,22305,28
729.74,311214,22349,28
730.98,311717,22401,28
732.2,312217,22429,28
733.44,312718,22461,28
734.57,313218,22477,28
735.88,313719,22505,28
737.11,314219,22537,28
738.25,314719,22569,28
739.46,315223,22601,28
740.65,315726,22621,28
741.85,316228,22653,28
742.97,316732,22669,28
744.2,317233,22705,28
745.38,317734,22729,28
746.58,318234,22745,28
748.11,318737,22773,28
749.69,319240,22781,28
750.91,319740,22801,28
752.33,320241,22821,28
753.53,320745,22837,28
754.88,321249,22877,28
756.07,321749,22909,28
757.35,322251,22953,28
758.82,322753,22965,28
759.96,323255,22989,28
761.18,323758,23021,28
762.4,324261,23053,28
763.49,324764,23081,28
764.8,325266,23109,28
765.91,325767,23137,28
767.13,326271,23153,28
768.46,326773,23177,28
769.66,327274,23201,28
770.9,327776,23249,28
772.13,328276,23273,28
773.31,328777,23297,28
774.48,329278,23301,28
775.63,329779,23313,28
776.93,330283,23349,28
778.23,330783,23361,28
779.44,331284,23401,28
780.66,331788,23441,28
781.75,332292,23465,28
782.88,332793,23493,28
784,333295,23513,28
785.23,333796,23553,28
786.36,334299,23601,28
787.55,334803,23633,28
788.73,335305,23653,28
789.9,335806,23693,28
791.09,336307,23737,28
792.43,336810,23761,28
793.64,337313,23793,28
794.81,337816,23821,28
796.29,338320,23849,28
797.97,338823,23889,28
799.2,339324,23921,28
800.37,339827,23925,28
801.65,340331,23981,28
802.98,340832,23993,28
804.23,341333,24033,28
805.48,341836,24069,28
806.66,342339,24081,28
807.83,342843,24117,28
809.12,343343,24145,28
810.2,343846,24177,28
811.5,344349,24213,28
812.8,344849,24233,28
814.09,345349,24277,28
815.29,345852,24301,28
816.61,346356,24345,28
817.9,346860,24369,28
819.21,347363,24393,28
820.45,347866,24405,28
821.79,348369,24457,28
823.04,348873,24477,28
824.29,349376,24489,28
825.62,349877,24537,28
826.84,350381,24549,28
828.16,350883,24585,28
829.53,351383,24609,28
830.83,351885,24641,28
832.29,352386,24669,28
833.54,352886,24697,28
834.71,353390,24729,28
835.95,353894,24741,28
837.23,354394,24781,28
838.51,354896,24813,28
839.81,355397,24833,28
841.01,355901,24869,28
842.12,356405,24881,28
843.25,356907,24901,28
844.44,357407,24917,28
845.6,357909,24953,28
846.84,358412,24973,28
848.02,358913,25001,28
849.17,359414,25017,28
850.36,359914,25057,28
851.6,360415,25105,28
852.82,360916,25137,28
854.09,361420,25177,28
855.27,361920,25217,28
856.5,362424,25253,28
857.69,362926,25293,28
858.91,363429,25333,28
860.04,363929,25365,28
861.32,364430,25385,28
862.52,364932,25409,28
863.69,365434,25433,28
865.05,365935,25465,28
866.62,366436,25493,28
867.78,366939,25517,28
869.01,367443,25553,28
870.18,367944,25573,28
871.48,368446,25605,28
872.69,368947,25641,28
873.85,369448,25665,28
875.22,369951,25693,28
876.89,370451,25721,28
878.29,370954,25757,28
879.8,371458,25781,28
881.11,371959,25817,28
882.49,372463,25861,28
883.87,372964,25909,28
885.44,373464,25949,28
886.76,373964,25973,28
888.06,374464,26005,28
889.4,374964,26037,28
890.57,375468,26069,28
892.12,375971,26081,28
893.38,376473,26133,28
894.7,376976,26157,28
896.01,377478,26185,28
897.32,377980,26221,28
898.52,378483,26245,28
899.82,378983,26265,28
901.06,379486,26281,28
902.34,379986,26341,28
903.7,380487,26373,28
904.94,380991,26405,28
906.17,381491,26445,28
907.51,381995,26477,28
908.72,382499,26529,28
909.86,382999,26553,28
911.19,383501,26585,28
912.55,384004,26613,28
913.78,384504,26661,28
915.07,385008,26685,28
916.43,385509,26717,28
917.76,386010,26741,28
919.11,386511,26777,28
920.41,387012,26813,28
921.55,387515,26837,28
922.8,388016,26865,28
924.19,388520,26897,28
925.61,389024,26941,28
926.85,389525,26965,28
928.01,390027,26973,28
929.36,390530,26989,28
930.63,391032,27021,28
931.86,391534,27049,28
933.2,392037,27073,28
934.42,392538,27089,28
935.71,393041,27109,28
936.97,393543,27137,28
938.38,394045,27169,28
939.78,394546,27193,28
941.01,395050,27221,28
942.22,395550,27241,28
943.39,396052,27265,28
944.71,396554,27281,28
945.93,397058,27317,28
947.15,397558,27365,28
948.37,398058,27393,28
949.56,398558,27421,28
950.86,399060,27441,28
952.19,399561,27465,28
953.38,400065,27477,28
954.7,400569,27509,28
955.93,401069,27541,28
957.27,401573,27561,28
958.62,402074,27585,28
959.99,402577,27621,28
961.25,403080,27649,28
962.63,403581,27669,28
963.99,404085,27701,28
965.28,404587,27721,28
966.47,405090,27741,28
967.93,405594,27769,28
969.27,406097,27801,28
970.4,406600,27813,28
971.65,407102,27861,28
972.89,407604,27897,28
974.23,408107,27941,28
975.46,408608,27977,28
976.77,409111,28013,28
978.14,409611,28041,28
979.51,410111,28069,28
980.73,410615,28093,28
981.87,411115,28121,28
982.99,411616,28149,28
984.22,412119,28185,28
985.45,412621,28225,28
986.64,413124,28253,28
987.9,413625,28277,28
989.16,414128,28285,28
990.55,414631,28337,28
991.78,415132,28369,28
992.95,415635,28397,28
994.15,416138,28421,28
995.4,416642,28457,28
996.7,417146,28497,28
997.86,417648,28533,28
999.16,418149,28561,28
1000.46,418653,28585,28
1001.73,419153,28637,28
1003.15,419657,28669,28
1004.37,420158,28729,28
1005.63,420662,28757,28
1006.81,421166,28781,28
1008.1,421670,28801,28
1009.28,422171,28821,28
1010.55,422674,28849,28
1011.9,423176,28885,28
1013.27,423679,28897,28
1014.4,424180,28909,28
1015.76,424684,28949,28
1017.03,425187,28969,28
1018.18,425687,28985,28
1019.52,426187,29001,28
1020.72,426691,29021,28
1021.94,427192,29053,28
1023.21,427696,29097,28
1024.46,428196,29141,28
1025.71,428696,29165,28
1027.18,429200,29185,28
1028.48,429700,29209,28
1029.73,430203,29241,28
1030.95,430705,29277,28
1032.17,431205,29293,28
1033.49,431708,29317,28
1034.73,432211,29333,28
1035.85,432711,29361,28
1037.03,433213,29381,28
1.18,501,4705,25
2.14,1002,4846,25
3.06,1504,4870,25
3.95,2004,4870,25
5.04,2505,5581,27
6.01,3005,5585,27
7,3506,5589,27
7.98,4008,5597,27
8.92,4510,5601,27
9.98,5010,5601,27
10.91,5512,5605,27
11.99,6012,5605,27
13.18,6513,5609,27
14.2,7014,5613,27
15.14,7516,5621,27
16.12,8018,5629,27
17.18,8518,5653,27
18.18,9018,5710,27
19.21,9521,5725,27
20.31,10024,5741,27
21.55,10528,5773,27
22.6,11029,5797,27
23.78,11533,5817,27
24.81,12035,5841,27
25.86,12535,5841,27
26.86,13037,5857,27
27.94,13537,5873,27
29.09,14041,5889,27
30.2,14545,5905,27
31.29,15049,5921,27
32.32,15550,5945,27
33.42,16050,5945,27
34.57,16553,5973,27
35.81,17053,5993,27
37,17557,6005,27
38.14,18060,6025,27
39.27,18562,6049,27
40.38,19062,6081,27
41.45,19562,6105,27
42.52,20063,6121,27
43.64,20565,6141,27
44.98,21066,6185,27
46.3,21566,6201,27
47.47,22069,6213,27
48.57,22571,6245,27
49.74,23074,6269,27
50.81,23574,6293,27
51.87,24075,6313,27
53.08,24576,6353,27
54.62,25078,6369,27
55.8,25579,6385,27
56.96,26082,6413,27
58.07,26582,6433,27
59.26,27083,6453,27
60.48,27585,6469,27
61.69,28087,6485,27
63.13,28589,6509,27
64.37,29091,6549,27
65.54,29593,6577,27
66.73,30097,6617,27
68.19,30598,6629,27
69.54,31101,6641,27
70.74,31601,6681,27
71.97,32103,6717,27
73.2,32604,6769,27
74.37,33106,6785,27
75.5,33608,6825,27
76.68,34111,6869,27
78.28,34611,6901,27
80.05,35111,6949,27
81.19,35613,6973,27
82.47,36115,6997,27
83.56,36618,7021,27
84.62,37119,7037,27
85.81,37619,7069,27
87.11,38119,7101,27
88.63,38619,7145,27
90.4,39123,7177,27
91.73,39627,7209,27
92.94,40129,7233,27
94.04,40633,7265,27
95.43,41134,7297,27
96.74,41635,7345,27
97.94,42136,7381,27
99.22,42636,7393,27
100.51,43140,7433,27
101.65,43640,7445,27
102.94,44143,7469,27
104.1,44647,7485,27
105.41,45147,7517,27
106.54,45649,7553,27
107.83,46153,7569,27
109.12,46653,7597,27
110.36,47153,7617,27
111.55,47656,7645,27
112.75,48159,7669,27
113.9,48662,7693,27
115,49165,7721,27
116.24,49669,7741,27
117.33,50173,7773,27
118.42,50677,7817,27
119.72,51179,7837,27
121,51683,7873,27
122.16,52185,7881,27
123.4,52688,7905,27
124.51,53189,7917,27
125.68,53689,7933,27
126.92,54190,7953,27
128.14,54690,7973,27
129.44,55191,8009,27
130.63,55693,8029,27
131.84,56194,8053,27
133.09,56695,8077,27
134.22,57196,8101,27
135.42,57700,8125,27
136.54,58201,8165,27
137.88,58704,8193,27
139.15,59206,8237,27
140.41,59706,8261,27
141.72,60209,8297,27
143.11,60711,8321,27
144.44,61214,8341,27
145.63,61718,8365,27
146.87,62219,8393,27
148.03,62722,8425,27
149.29,63226,8465,27
150.41,63727,8497,27
151.6,64230,8509,27
152.88,64730,8529,27
154.17,65234,8557,27
155.41,65738,8585,27
156.57,66242,8601,27
158.14,66746,8625,27
159.52,67250,8665,27
160.71,67751,8689,27
161.8,68251,8721,27
162.96,68755,8749,27
164.04,69256,8789,27
165.19,69757,8809,27
166.28,70260,8853,27
167.37,70760,8881,27
168.4,71261,8901,27
169.58,71762,8957,27
170.75,72266,8977,27
171.83,72766,9009,27
173.01,73266,9033,27
174.11,73768,9053,27
175.29,74269,9077,27
176.49,74772,9093,27
177.53,75273,9113,27
178.74,75775,9137,27
180.26,76279,9173,27
181.48,76781,9205,27
182.63,77283,9229,27
183.79,77787,9273,27
185.19,78291,9289,27
186.38,78792,9313,27
187.64,79294,9353,27
188.81,79794,9397,27
189.83,80295,9433,27
191.09,80795,9449,27
192.34,81298,9473,27
194.23,81799,9505,27
195.92,82303,9541,27
197.11,82804,9557,27
198.4,83305,9561,27
200.1,83808,9589,27
201.27,84308,9629,27
202.7,84812,9653,27
204.02,85312,9689,27
205.25,85812,9717,27
206.54,86315,9757,27
207.85,86819,9813,27
208.91,87321,9837,27
210.1,87822,9857,27
211.33,88322,9877,27
212.59,88825,9921,27
213.93,89327,9949,27
215.09,89828,9993,27
216.17,90331,10013,27
217.29,90833,10045,27
218.44,91334,10065,27
219.62,91838,10077,27
220.85,92340,10097,27
222.09,92840,10117,27
223.16,93340,10145,27
224.25,93843,10177,27
225.48,94346,10201,27
226.54,94846,10257,27
227.67,95348,10281,27
228.87,95851,10293,27
230.06,96355,10301,27
231.24,96856,10353,27
232.33,97358,10385,27
233.52,97861,10417,27
234.67,98364,10449,27
235.88,98864,10485,27
237.07,99366,10517,27
238.05,99867,10537,27
239.17,100367,10565,27
240.22,100869,10613,27
241.4,101371,10633,27
242.46,101873,10657,27
243.71,102376,10689,27
245.07,102878,10713,27
246.46,103380,10749,27
247.65,103881,10765,27
248.84,104383,10785,27
250.02,104884,10833,27
251.23,105387,10861,27
252.45,105891,10909,27
253.71,106391,10921,27
254.91,106893,10937,27
256.04,107393,10965,27
257.19,107893,10993,27
258.39,108397,11037,27
259.51,108899,11057,27
260.71,109400,11073,27
262.16,109900,11113,27
263.26,110403,11141,27
264.5,110906,11165,27
265.75,111407,11181,27
266.96,111910,11197,27
268.19,112412,11245,27
269.29,112912,11261,27
270.53,113412,11277,27
271.55,113912,11305,27
272.74,114415,11341,27
273.86,114918,11381,27
275.05,115421,11401,27
276.13,115923,11417,27
277.15,116423,11437,27
278.45,116925,11473,27
279.68,117426,11501,27
280.91,117930,11517,27
282.12,118430,11541,27
283.21,118933,11561,27
284.32,119434,11581,27
285.55,119935,11625,27
286.77,120436,11657,27
287.97,120937,11705,27
289.44,121439,11741,27
290.63,121940,11785,27
291.84,122440,11825,27
293.15,122943,11865,27
294.35,123444,11909,27
295.65,123945,11961,27
296.94,124449,11993,27
298.2,124949,12021,27
299.37,125451,12041,27
300.58,125953,12065,27
301.74,126457,12101,27
302.91,126960,12129,27
304.26,127464,12153,27
305.65,127965,12177,27
306.83,128466,12233,27
308.07,128968,12277,27
309.34,129472,12313,27
310.59,129973,12333,27
311.74,130477,12345,27
312.99,130977,12373,27
314.13,131477,12409,27
315.28,131978,12445,27
316.51,132481,12473,27
317.64,132984,12541,27
319.04,133486,12565,27
320.16,133986,12601,27
321.51,134486,12637,27
322.63,134987,12693,27
323.89,135487,12729,27
325.13,135987,12729,27
326.31,136487,12789,27
327.5,136991,12821,27
328.69,137495,12869,27
330.09,137995,12897,27
331.3,138499,12913,27
332.39,139000,12937,27
333.58,139504,12973,27
334.81,140006,13001,27
336.43,140507,13021,27
337.9,141011,13033,27
339.16,141512,13081,27
340.33,142016,13101,27
341.52,142516,13145,27
342.77,143020,13189,27
344.07,143520,13221,27
345.36,144023,13245,27
346.63,144523,13269,27
348.21,145027,13297,27
349.52,145531,13329,27
350.74,146035,13345,27
351.92,146537,13369,27
353,147038,13405,27
354.18,147541,13441,27
355.5,148041,13497,27
356.59,148541,13513,27
357.78,149044,13529,27
358.92,149545,13557,27
360.09,150045,13585,27
361.25,150548,13617,27
362.36,151048,13633,27
363.58,151549,13693,27
364.73,152052,13737,27
365.92,152552,13757,27
367.04,153056,13789,27
368.18,153557,13825,27
369.39,154060,13865,27
370.73,154562,13889,27
372.04,155065,13925,27
373.37,155566,13957,27
375.14,156069,13981,27
376.43,156572,14001,27
377.69,157075,14025,27
378.91,157577,14049,27
380.06,158080,14077,27
381.27,158581,14101,27
382.46,159084,14113,27
383.75,159584,14153,27
384.9,160086,14173,27
386.07,160586,14205,27
387.32,161087,14265,27
388.53,161587,14289,27
389.86,162088,14345,27
391.05,162588,14361,27
392.15,163088,14389,27
393.26,163588,14429,27
394.5,164091,14449,27
395.66,164591,14477,27
396.91,165094,14493,27
398.3,165597,14521,27
399.48,166097,14561,27
400.71,166599,14585,27
401.94,167102,14609,27
403.19,167604,14641,27
404.32,168104,14673,27
405.46,168606,14697,27
406.71,169109,14737,27
407.81,169613,14773,27
409.21,170117,14797,27
410.41,170620,14845,27
411.42,171120,14889,27
412.59,171622,14909,27
413.85,172123,14949,27
415,172624,14969,27
416.56,173124,15005,27
417.87,173625,15041,27
418.98,174128,15101,27
420.04,174628,15121,27
421.28,175132,15137,27
422.56,175633,15185,27
423.83,176137,15213,27
425.13,176637,15257,27
426.4,177138,15293,27
427.61,177642,15325,27
428.72,178145,15361,27
429.95,178648,15369,27
431.13,179150,15389,27
432.34,179652,15413,27
433.56,180155,15425,27
434.74,180658,15449,27
435.91,181161,15485,27
437.1,181665,15497,27
438.37,182168,15537,27
439.72,182668,15561,27
440.95,183170,15601,27
442.24,183673,15613,27
443.47,184176,15673,27
444.72,184680,15693,27
445.9,185180,15709,27
447.1,185682,15713,27
448.2,186185,15737,27
449.41,186687,15781,27
450.61,187191,15813,27
451.76,187695,15845,27
452.89,188198,15865,27
454.03,188702,15877,27
455.09,189205,15889,27
456.34,189709,15917,27
457.49,190209,15929,27
458.64,190713,15937,27
459.81,191214,15957,27
460.91,191717,15981,27
462.15,192220,16005,27
463.31,192724,16033,27
464.52,193228,16065,27
465.84,193729,16097,27
467.12,194231,16121,27
468.18,194733,16153,27
469.36,195237,16185,27
470.54,195737,16229,27
471.74,196239,16245,27
472.83,196741,16273,27
474.16,197243,16293,27
475.37,197745,16305,27
476.59,198249,16345,27
477.82,198749,16385,27
479.04,199253,16417,27
480.21,199755,16441,27
481.36,200258,16473,27
482.54,200759,16509,27
483.75,201260,16533,27
484.9,201764,16561,27
486.06,202268,16589,27
487.23,202772,16641,27
488.32,203273,16665,27
489.42,203777,16693,27
490.54,204278,16713,27
491.68,204778,16725,27
492.82,205282,16741,27
493.94,205784,16777,27
495.15,206288,16821,27
496.23,206789,16865,27
497.36,207291,16893,27
498.46,207795,16933,27
499.63,208297,16961,27
500.7,208798,17005,27
501.89,209299,17033,27
502.98,209802,17049,27
504.21,210303,17085,27
505.42,210803,17121,27
506.5,211304,17153,27
507.58,211804,17181,27
508.85,212306,17217,27
510.04,212810,17229,27
511.24,213312,17277,27
512.48,213813,17301,27
513.73,214317,17313,27
514.86,214817,17357,27
516.13,215319,17381,27
517.49,215820,17409,27
518.81,216323,17473,27
519.88,216823,17505,27
521.03,217326,17529,27
522.22,217830,17561,27
523.42,218330,17605,27
524.47,218834,17621,27
525.53,219335,17637,27
526.61,219835,17677,27
527.8,220339,17693,27
529.01,220840,17709,27
530.12,221342,17741,27
531.3,221843,17757,27
532.48,222344,17793,27
533.54,222844,17809,27
534.72,223348,17825,27
535.84,223852,17857,27
536.9,224355,17893,27
538,224855,17917,27
539.09,225359,17949,27
540.25,225863,17977,27
541.46,226366,18017,27
542.71,226869,18041,27
543.9,227369,18061,27
545.05,227869,18109,27
546.14,228369,18133,27
547.31,228870,18173,27
548.32,229370,18201,27
549.44,229871,18221,27
550.58,230375,18233,27
551.81,230875,18265,27
552.95,231379,18297,27
554.1,231880,18333,27
555.22,232384,18361,27
556.38,232884,18417,27
557.59,233387,18457,27
558.85,233889,18481,27
560.13,234392,18509,27
561.37,234896,18545,27
562.59,235396,18577,27
563.88,235898,18605,27
565.06,236399,18629,27
566.38,236903,18653,27
567.53,237405,18685,27
568.7,237905,18701,27
569.77,238409,18733,27
570.93,238911,18753,27
572.1,239413,18777,27
573.34,239914,18797,27
574.59,240415,18841,27
575.8,240916,18873,27
576.93,241418,18893,27
578.1,241918,18909,27
579.35,242422,18949,27
580.54,242924,18977,27
581.86,243424,19001,27
583.03,243928,19037,27
584.29,244428,19057,27
585.4,244931,19077,27
586.77,245434,19101,27
588.22,245937,19125,27
589.42,246439,19161,27
590.6,246942,19193,27
591.71,247442,19209,27
592.85,247946,19217,27
593.93,248446,19257,27
595.12,248948,19301,27
596.32,249452,19349,27
597.49,249955,19369,27
598.54,250455,19393,27
599.65,250956,19417,27
600.82,251459,19445,27
601.97,251960,19485,27
603.12,252463,19525,27
604.25,252963,19549,27
605.33,253467,19561,27
606.5,253969,19585,27
607.72,254470,19601,27
608.99,254973,19633,27
610.15,255476,19669,27
611.31,255980,19685,27
612.46,256483,19725,27
613.59,256987,19785,27
614.73,257489,19829,27
615.93,257993,19877,27
617.28,258494,19905,27
618.41,258996,19933,27
619.49,259497,19969,27
620.56,260000,19977,27
621.68,260502,19985,27
622.8,261004,20017,27
623.98,261508,20041,27
625.11,262012,20089,27
626.23,262516,20113,27
627.51,263020,20129,27
628.72,263523,20177,27
630.02,264023,20209,27
631.21,264527,20249,27
632.44,265030,20293,27
633.66,265531,20297,27
634.84,266034,20325,27
636.07,266535,20349,27
637.27,267037,20389,27
638.5,267539,20409,27
639.78,268039,20449,27
641.02,268542,20461,27
642.29,269046,20505,27
643.43,269546,20517,27
644.51,270049,20537,27
645.63,270551,20581,27
646.77,271055,20593,27
647.99,271555,20629,27
649.17,272057,20653,27
650.36,272559,20669,27
651.53,273061,20693,27
652.84,273562,20713,27
654,274064,20733,27
655.16,274565,20773,27
656.33,275066,20809,27
657.47,275570,20825,27
658.66,276071,20829,27
659.82,276571,20857,27
660.92,277073,20877,27
661.99,277577,20917,27
663.17,278078,20941,27
664.31,278582,20969,27
665.44,279082,21013,27
666.68,279585,21041,27
667.77,280085,21065,27
668.98,280589,21097,27
670.14,281091,21117,27
671.33,281591,21153,27
672.34,282091,21165,27
673.55,282591,21197,27
674.66,283091,21237,27
675.68,283591,21257,27
676.74,284094,21297,27
677.91,284594,21317,27
679.07,285098,21353,27
680.21,285599,21377,27
681.43,286101,21429,27
682.71,286605,21453,27
684.02,287109,21481,27
685.24,287611,21505,27
686.29,288114,21533,27
687.42,288616,21581,27
688.56,289118,21597,27
689.75,289618,21617,27
690.96,290118,21637,27
692.08,290618,21673,27
693.24,291119,21713,27
694.44,291619,21753,27
695.64,292123,21781,27
696.9,292627,21825,27
698.03,293128,21849,27
699.22,293629,21873,27
700.35,294133,21925,27
701.55,294636,21953,27
702.72,295138,21973,27
703.87,295638,22017,27
705.1,296139,22065,27
706.21,296639,22101,27
707.39,297139,22129,27
708.56,297643,22161,27
709.67,298147,22201,27
710.79,298650,22249,27
711.89,299150,22273,27
713.13,299652,22301,27
714.36,300153,22321,27
715.54,300654,22349,27
716.73,301157,22373,27
717.94,301658,22413,27
719.12,302161,22445,27
720.26,302664,22469,27
721.44,303166,22497,27
722.67,303667,22529,27
724,304169,22537,27
725.07,304671,22545,27
726.35,305175,22557,27
727.5,305676,22573,27
728.58,306176,22597,27
729.8,306680,22613,27
731.13,307183,22621,27
732.35,307685,22661,27
733.54,308189,22713,27
734.67,308692,22737,27
735.92,309196,22769,27
737,309699,22801,27
738.54,310203,22833,27
739.83,310707,22865,27
741.07,311207,22893,27
742.32,311710,22925,27
743.47,312213,22953,27
744.7,312716,22993,27
745.93,313218,23021,27
747.22,313721,23045,27
748.49,314222,23077,27
749.69,314722,23085,27
750.91,315225,23113,27
752.06,315727,23129,27
753.24,316231,23173,27
754.69,316735,23193,27
756.14,317235,23225,27
757.34,317739,23261,27
758.64,318243,23289,27
759.83,318744,23313,27
761.01,319245,23333,27
762.11,319747,23353,27
763.34,320248,23389,27
764.61,320751,23421,27
765.8,321252,23445,27
766.98,321752,23477,27
768.18,322253,23505,27
769.41,322756,23537,27
770.62,323258,23569,27
771.87,323761,23597,27
773.1,324261,23633,27
774.29,324765,23649,27
775.46,325268,23661,27
776.58,325768,23689,27
777.65,326269,23741,27
778.79,326773,23769,27
779.94,327273,23805,27
781.18,327775,23825,27
782.36,328275,23845,27
783.51,328779,23881,27
784.68,329279,23925,27
785.88,329783,23981,27
787.14,330287,24021,27
788.48,330791,24045,27
789.65,331293,24085,27
790.81,331794,24109,27
792.02,332297,24137,27
793.26,332801,24169,27
794.47,333304,24201,27
795.73,333807,24225,27
796.93,334308,24237,27
798.31,334812,24273,27
799.5,335313,24305,27
800.73,335817,24345,27
801.95,336318,24385,27
803.03,336822,24401,27
804.12,337322,24421,27
805.38,337826,24445,27
806.47,338327,24465,27
807.72,338827,24481,27
808.82,339331,24513,27
810.12,339835,24541,27
811.34,340337,24549,27
812.53,340837,24573,27
813.86,341341,24585,27
815.06,341842,24621,27
816.27,342342,24641,27
817.44,342845,24673,27
818.69,343345,24713,27
819.91,343849,24737,27
821.15,344349,24777,27
822.3,344850,24801,27
823.51,345351,24829,27
824.71,345853,24861,27
825.93,346354,24885,27
827.18,346858,24901,27
828.4,347361,24961,27
829.64,347861,24977,27
830.83,348363,25005,27
832.15,348867,25041,27
833.32,349368,25057,27
834.46,349868,25073,27
835.63,350368,25093,27
836.89,350870,25117,27
838.17,351374,25141,27
839.26,351877,25173,27
840.56,352380,25197,27
841.77,352881,25233,27
843.04,353385,25273,27
844.22,353888,25301,27
845.28,354390,25325,27
846.48,354891,25369,27
847.76,355392,25393,27
848.95,355894,25413,27
850.25,356395,25457,27
851.45,356898,25481,27
852.53,357399,25513,27
853.61,357900,25537,27
854.96,358400,25577,27
856.1,358903,25597,27
857.28,359404,25629,27
858.46,359907,25669,27
859.67,360410,25689,27
860.9,360911,25729,27
862.15,361411,25753,27
863.33,361915,25781,27
864.39,362418,25825,27
865.65,362920,25849,27
866.82,363420,25889,27
868.02,363924,25925,27
869.15,364424,25949,27
870.22,364924,25969,27
871.37,365424,25997,27
872.51,365925,26017,27
873.71,366428,26025,27
874.86,366931,26053,27
876.06,367433,26073,27
877.16,367937,26097,27
878.35,368437,26129,27
879.55,368938,26153,27
880.65,369440,26197,27
881.84,369941,26217,27
882.96,370441,26237,27
884.15,370945,26253,27
885.28,371445,26313,27
886.46,371945,26357,27
887.76,372445,26377,27
888.92,372947,26417,27
890.17,373450,26441,27
891.36,373950,26489,27
892.51,374453,26517,27
893.59,374953,26549,27
894.83,375455,26573,27
895.99,375958,26613,27
897.25,376461,26641,27
898.42,376962,26661,27
899.63,377464,26685,27
900.78,377967,26701,27
901.89,378470,26713,27
903.02,378971,26741,27
904.14,379472,26781,27
905.39,379972,26837,27
906.6,380476,26877,27
907.84,380978,26897,27
909,381482,26909,27
910,381984,26933,27
911.14,382484,26965,27
912.3,382985,26997,27
913.45,383485,27033,27
914.6,383987,27053,27
915.76,384491,27089,27
917.02,384992,27113,27
918.12,385495,27133,27
919.4,385999,27161,27
920.61,386500,27173,27
921.77,387002,27205,27
922.98,387504,27245,27
924.11,388005,27265,27
925.22,388505,27281,27
926.37,389007,27297,27
927.63,389508,27317,27
928.67,390009,27349,27
929.74,390512,27373,27
930.93,391016,27389,27
932.08,391518,27409,27
933.29,392021,27429,27
934.39,392523,27457,27
935.69,393026,27501,27
936.95,393530,27525,27
938.25,394030,27549,27
939.48,394530,27593,27
940.69,395031,27617,27
941.74,395531,27641,27
942.9,396031,27657,27
944.09,396531,27701,27
945.31,397034,27721,27
946.44,397537,27745,27
947.54,398037,27761,27
948.67,398541,27777,27
949.74,399043,27801,27
950.94,399547,27825,27
952.17,400051,27841,27
953.52,400552,27877,27
954.71,401053,27921,27
955.96,401554,27969,27
957.08,402054,27989,27
958.23,402555,28017,27
959.36,403059,28049,27
960.44,403562,28089,27
961.64,404063,28133,27
962.82,404564,28161,27
964.06,405068,28193,27
965.22,405572,28221,27
966.44,406075,28253,27
967.61,406577,28285,27
968.76,407081,28301,27
969.99,407584,28337,27
971.21,408088,28369,27
972.44,408592,28409,27
973.7,409094,28445,27
974.97,409598,28473,27
976.19,410099,28497,27
977.58,410599,28521,27
978.86,411103,28545,27
980.12,411603,28577,27
981.32,412107,28589,27
982.55,412610,28621,27
983.85,413111,28625,27
985.03,413614,28657,27
986.27,414114,28685,27
987.28,414615,28725,27
988.48,415116,28745,27
989.66,415620,28769,27
990.93,416124,28801,27
992.09,416624,28821,27
993.48,417124,28849,27
994.64,417625,28873,27
995.89,418128,28905,27
997.12,418632,28921,27
998.29,419134,28945,27
999.39,419637,28977,27
1000.63,420139,28997,27
1002.08,420640,29021,27
1003.3,421143,29045,27
1004.5,421646,29077,27
1005.64,422146,29113,27
1006.88,422648,29133,27
1008,423151,29149,27
1009.18,423652,29169,27
1010.85,424152,29201,27
1012.31,424652,29225,27
1013.81,425156,29249,27
1015.09,425656,29289,27
1016.34,426158,29317,27
1017.56,426659,29341,27
1018.86,427161,29381,27
1020.08,427665,29401,27
1021.3,428166,29425,27
1022.49,428670,29457,27
1023.69,429170,29505,27
1024.84,429674,29529,27
1026.15,430174,29557,27
1.08,501,5445,27
2.08,1005,5616,27
3.22,1508,5622,28
4.3,2010,5622,28
5.45,2510,5622,28
6.56,3011,5622,28
7.87,3511,5622,28
8.96,4011,5622,28
10.03,4511,5622,28
11.14,5011,5622,28
12.32,5511,5622,28
13.5,6014,5635,28
14.7,6515,5648,28
15.83,7015,5648,28
16.85,7516,5652,28
17.94,8018,5656,28
18.98,8521,5660,27
19.97,9021,5660,27
21.01,9521,5660,27
22.12,10021,5660,27
23.19,10525,5660,26
24.29,11025,5660,26
25.31,11525,5660,26
26.31,12025,5660,26
27.32,12525,5660,26
28.45,13026,5664,26
29.61,13526,5668,26
30.6,14028,5676,26
31.59,14528,5676,26
32.59,15028,5676,26
33.69,15528,5676,26
34.87,16028,5676,26
35.88,16531,5688,26
36.9,17032,5692,26
38.03,17533,5704,26
39.09,18036,5720,26
40.21,18540,5728,26
41.24,19040,5728,26
42.29,19543,5736,26
43.32,20046,5744,26
44.51,20549,5756,26
45.65,21050,5784,26
46.87,21550,5800,26
48.02,22053,5824,26
49.2,22557,5840,26
50.37,23060,5852,26
51.52,23563,5872,26
52.66,24067,5884,26
53.82,24569,5888,26
54.96,25071,5908,26
56.11,25574,5920,26
57.32,26077,5940,26
58.47,26581,5968,26
59.65,27084,6008,26
60.91,27586,6016,26
62.16,28088,6036,26
63.41,28588,6060,26
64.66,29091,6080,26
65.79,29591,6096,26
67.06,30094,6140,26
68.28,30596,6148,26
69.48,31096,6168,26
70.7,31600,6172,26
71.88,32100,6204,26
73.1,32603,6232,26
74.25,33105,6248,26
75.51,33608,6268,26
76.75,34108,6288,26
77.94,34611,6316,26
79.16,35115,6340,26
80.41,35618,6360,26
81.63,36121,6380,26
82.87,36623,6416,26
84.06,37126,6428,26
85.28,37626,6456,26
86.45,38126,6484,26
87.69,38628,6508,26
88.76,39130,6516,26
89.93,39632,6544,26
91.34,40132,6592,26
92.69,40635,6604,26
93.83,41137,6620,26
94.98,41639,6648,26
96.08,42140,6672,26
97.25,42643,6700,26
98.46,43146,6720,26
99.64,43647,6748,26
100.85,44148,6784,26
101.97,44648,6800,26
103.27,45148,6824,26
104.38,45650,6844,26
105.54,46151,6848,26
106.69,46655,6876,26
107.96,47155,6896,26
109.05,47657,6924,26
110.29,48160,6948,26
111.46,48662,6968,26
112.53,49165,6980,26
113.74,49668,7000,26
115.06,50172,7028,26
116.27,50676,7048,26
117.6,51178,7088,26
118.73,51678,7100,26
119.86,52182,7116,26
121.01,52682,7116,26
122.29,53186,7144,26
123.51,53689,7164,26
124.71,54190,7196,26
125.86,54690,7220,26
127.04,55191,7236,26
128.21,55691,7264,26
129.39,56191,7292,26
130.65,56693,7324,26
131.85,57196,7348,26
133.1,57700,7376,26
134.16,58202,7404,26
135.29,58706,7440,26
136.56,59207,7484,26
137.92,59708,7516,26
139.1,60208,7544,26
140.39,60711,7568,26
141.64,61211,7600,26
142.76,61712,7652,26
143.95,62214,7676,26
145.06,62718,7700,26
146.23,63218,7736,26
147.6,63720,7756,26
148.82,64224,7788,26
150,64728,7816,26
151.2,65229,7832,26
152.37,65730,7860,26
153.62,66233,7880,26
154.97,66734,7924,26
156.19,67238,7940,26
157.31,67738,7968,26
158.4,68238,7996,26
159.6,68739,8028,26
160.73,69239,8068,26
161.87,69742,8092,26
163.01,70244,8100,26
164.05,70745,8128,26
165.18,71245,8160,26
166.3,71747,8184,26
167.39,72248,8216,26
168.55,72750,8252,26
169.69,73250,8276,26
170.85,73751,8288,26
172.07,74251,8316,26
173.21,74754,8348,26
174.31,75256,8372,26
175.54,75758,8400,26
176.69,76258,8436,26
177.94,76759,8472,26
179.15,77262,8500,26
180.35,77763,8516,26
181.65,78263,8536,26
182.8,78766,8560,26
184.06,79269,8604,26
185.31,79769,8632,26
186.48,80271,8652,26
187.69,80772,8672,26
188.93,81273,8708,26
190.14,81775,8744,26
191.29,82276,8764,26
192.46,82780,8788,26
193.52,83281,8816,26
194.7,83782,8840,26
195.84,84282,8872,26
197.08,84782,8912,26
198.28,85285,8936,26
199.48,85789,8980,26
200.75,86293,9008,26
201.98,86795,9044,26
203.27,87299,9088,26
204.49,87800,9128,26
205.65,88302,9152,26
206.82,88803,9172,26
207.87,89305,9208,26
209,89806,9236,26
210.06,90308,9244,26
211.19,90809,9264,26
212.39,91313,9276,26
213.53,91816,9300,26
214.59,92320,9328,26
215.74,92821,9348,26
217.04,93322,9368,26
218.2,93823,9384,26
219.28,94324,9416,26
220.51,94824,9448,26
221.71,95324,9472,26
222.89,95825,9492,26
223.98,96325,9528,26
225.18,96826,9556,26
226.28,97329,9600,26
227.41,97833,9632,26
228.52,98333,9644,26
229.68,98833,9660,26
230.94,99334,9712,26
232.13,99834,9736,26
233.33,100338,9764,26
234.54,100840,9792,26
235.72,101342,9828,26
236.89,101845,9856,26
237.96,102349,9880,26
239.17,102851,9924,26
240.32,103355,9936,26
241.5,103859,9952,26
242.71,104359,9992,26
243.91,104862,10040,26
245.12,105362,10048,26
246.29,105864,10072,26
247.46,106365,10088,26
248.77,106869,10100,26
249.9,107372,10128,26
251.02,107872,10164,26
252.15,108376,10184,26
253.43,108878,10208,26
254.58,109378,10224,26
255.83,109879,10252,26
257.01,110383,10284,26
258.1,110883,10304,26
259.47,111385,10328,26
260.7,111889,10360,26
261.88,112392,10380,26
263.08,112894,10428,26
264.12,113398,10440,26
265.29,113901,10480,26
266.48,114403,10504,26
267.62,114907,10536,26
268.63,115408,10560,26
269.72,115909,10580,26
270.79,116409,10596,26
271.96,116913,10636,26
273.24,117413,10660,26
274.34,117915,10680,26
275.48,118418,10692,26
276.74,118919,10728,26
277.97,119420,10756,26
279.2,119920,10792,26
280.31,120423,10816,26
281.38,120923,10836,26
282.61,121427,10860,26
283.71,121928,10896,26
284.86,122430,10924,26
285.97,122932,10972,26
287.06,123435,11000,26
288.14,123938,11020,26
289.21,124440,11052,26
290.39,124941,11060,26
291.65,125443,11092,26
292.92,125945,11104,26
293.95,126446,11128,26
295.07,126947,11172,26
296.17,127451,11204,26
297.25,127954,11224,26
298.33,128454,11264,26
299.28,128955,11288,26
300.41,129459,11304,26
301.57,129962,11348,26
302.77,130462,11372,26
303.92,130964,11400,26
305.14,131465,11424,26
306.43,131969,11452,26
307.86,132470,11488,26
309.05,132970,11520,26
310.23,133471,11548,26
311.46,133975,11564,26
312.61,134478,11576,26
313.7,134978,11596,26
314.82,135479,11628,26
316.06,135980,11636,26
317.29,136480,11672,26
318.41,136981,11696,26
319.6,137485,11720,26
320.8,137987,11752,26
322.02,138491,11780,26
323.15,138995,11800,26
324.28,139496,11816,26
325.56,139996,11828,26
326.88,140500,11844,26
328.24,141001,11864,26
329.34,141501,11888,26
330.57,142004,11916,26
331.7,142505,11948,26
332.89,143008,11968,26
334.2,143511,12008,26
335.39,144012,12024,26
336.71,144514,12056,26
338.04,145017,12080,26
339.26,145518,12100,26
340.53,146020,12120,26
341.75,146521,12140,26
342.92,147022,12156,26
343.98,147523,12180,26
345.23,148024,12208,26
346.42,148524,12252,26
347.52,149024,12312,26
348.54,149524,12336,26
349.68,150024,12372,26
350.93,150525,12396,26
352.08,151025,12416,26
353.24,151526,12452,26
354.36,152030,12468,26
355.53,152533,12508,26
356.71,153037,12540,26
357.81,153540,12568,26
358.93,154041,12592,26
360.13,154545,12616,26
361.29,155048,12640,26
362.47,155548,12668,26
363.53,156052,12692,26
364.67,156556,12720,26
365.83,157058,12740,26
367.01,157558,12764,26
368.16,158060,12788,26
369.59,158564,12808,26
370.83,159067,12840,26
372.21,159568,12872,26
373.51,160068,12900,26
374.8,160568,12936,26
375.95,161070,12948,26
377.17,161570,12976,26
378.27,162070,13012,26
379.49,162573,13040,26
380.65,163073,13072,26
381.8,163576,13104,26
383.01,164079,13128,26
384.2,164580,13156,26
385.5,165080,13184,26
386.66,165580,13208,26
387.85,166082,13228,26
388.94,166583,13260,26
390.08,167086,13280,26
391.18,167590,13332,26
392.45,168091,13352,26
393.63,168592,13388,26
394.7,169094,13408,26
395.88,169595,13436,26
397.1,170095,13480,26
398.23,170598,13516,26
399.49,171102,13544,26
400.69,171606,13568,26
401.98,172110,13600,26
403.12,172614,13624,26
404.29,173116,13660,26
405.45,173616,13720,26
406.76,174116,13768,26
408.24,174618,13776,26
409.68,175121,13804,26
410.99,175621,13836,26
412.18,176124,13876,26
413.37,176628,13904,26
414.55,177128,13936,26
415.8,177632,13972,26
417.01,178133,14004,26
418.19,178637,14040,26
419.28,179140,14072,26
420.36,179643,14080,26
421.59,180146,14120,26
422.67,180646,14136,26
423.81,181146,14168,26
424.99,181647,14184,26
426.2,182149,14208,26
427.39,182653,14220,26
428.65,183156,14256,26
429.89,183658,14284,26
431.16,184159,14328,26
432.31,184659,14364,26
433.44,185159,14400,26
434.63,185659,14432,26
436.07,186163,14460,26
437.26,186666,14480,26
438.46,187170,14496,26
439.73,187671,14520,26
441.01,188175,14552,26
442.27,188678,14564,26
443.45,189178,14580,26
444.71,189681,14608,26
445.86,190183,14640,26
447.12,190686,14648,26
448.27,191188,14664,26
449.46,191692,14680,26
450.71,192193,14724,26
452.13,192693,14752,26
453.39,193194,14780,26
454.64,193698,14808,26
455.83,194202,14836,26
456.94,194703,14868,26
458.22,195204,14896,26
459.29,195705,14932,26
460.51,196209,14972,26
461.72,196712,14980,26
462.94,197213,15000,26
464.18,197716,15040,26
465.37,198220,15060,26
466.61,198723,15100,26
467.79,199225,15128,26
468.88,199727,15132,26
470,200229,15156,26
471.19,200731,15188,26
472.33,201234,15216,26
473.58,201734,15252,26
474.7,202238,15284,26
475.83,202739,15296,26
477.1,203242,15336,26
478.27,203745,15364,26
479.39,204245,15380,26
480.62,204747,15416,26
481.7,205249,15448,26
482.86,205753,15460,26
484.02,206255,15480,26
485.17,206756,15504,26
486.55,207259,15528,26
487.89,207760,15544,26
489.14,208263,15584,26
490.36,208764,15612,26
491.63,209266,15652,26
492.96,209769,15688,26
494.24,210273,15740,26
495.35,210777,15772,26
496.48,211278,15784,26
497.61,211778,15784,26
498.8,212282,15808,26
499.87,212782,15820,26
500.97,213283,15824,26
502.15,213783,15880,26
503.33,214286,15908,26
504.47,214789,15936,26
505.72,215291,15960,26
506.94,215795,15992,26
508.14,216298,16012,26
509.36,216799,16064,26
510.5,217299,16084,26
511.53,217803,16112,26
512.61,218306,16144,26
513.74,218810,16160,26
514.82,219311,16192,26
515.85,219815,16220,26
517.05,220315,16248,26
518.19,220817,16268,26
519.28,221317,16304,26
520.44,221817,16340,26
521.54,222318,16360,26
522.69,222819,16392,26
523.82,223321,16400,26
524.98,223825,16428,26
526.13,224327,16464,26
527.19,224828,16492,26
528.29,225328,16512,26
529.4,225828,16544,26
530.56,226329,16576,26
531.71,226831,16620,26
532.91,227335,16656,26
534.11,227839,16688,26
535.26,228339,16700,26
536.4,228840,16720,26
537.67,229343,16744,26
538.86,229845,16768,26
540.14,230346,16820,26
541.24,230849,16840,26
542.37,231349,16856,26
543.43,231849,16864,26
544.56,232352,16924,26
545.69,232855,16952,26
546.86,233358,16984,26
548.01,233862,17028,26
549.19,234364,17048,26
550.37,234866,17084,26
551.6,235366,17116,26
552.75,235869,17152,26
553.89,236369,17164,26
555.03,236872,17192,26
556.21,237375,17212,26
557.47,237879,17260,26
558.58,238383,17288,26
559.67,238886,17308,26
560.84,239390,17340,26
561.96,239894,17364,26
563.28,240397,17400,26
564.5,240899,17416,26
565.65,241400,17444,26
566.69,241901,17468,26
567.9,242404,17516,26
569.08,242905,17564,26
570.22,243409,17576,26
571.36,243913,17600,26
572.53,244416,17624,26
573.72,244917,17648,26
574.89,245421,17680,26
576.2,245924,17704,26
577.35,246427,17724,26
578.56,246928,17748,26
579.76,247429,17772,26
580.88,247930,17800,26
582.14,248434,17832,26
583.26,248934,17884,26
584.32,249435,17904,26
585.57,249937,17936,26
586.79,250438,17956,26
587.99,250938,17976,26
589.26,251440,18000,26
590.49,251943,18040,26
591.63,252444,18068,26
592.7,252946,18084,26
593.78,253447,18096,26
594.87,253947,18112,26
596.05,254449,18152,26
597.22,254953,18184,26
598.44,255453,18216,26
599.74,255953,18252,26
600.94,256455,18276,26
602.02,256958,18304,26
603.21,257459,18328,26
604.38,257959,18376,26
605.47,258460,18408,26
606.66,258962,18444,26
608.08,259464,18468,26
609.33,259966,18492,26
610.61,260468,18520,26
611.98,260969,18536,26
613.32,261469,18556,26
614.62,261973,18604,26
615.74,262474,18644,26
617.01,262975,18672,26
618.01,263478,18692,26
619.16,263981,18712,26
620.2,264483,18756,26
621.4,264987,18792,26
622.58,265490,18852,26
623.8,265994,18864,26
624.94,266495,18912,26
626.14,266999,18932,26
627.24,267501,18936,26
628.52,268003,18964,26
629.8,268506,19000,26
630.88,269008,19032,26
631.95,269508,19044,26
633.19,270008,19064,26
634.38,270509,19096,26
635.38,271013,19112,26
636.53,271516,19132,26
637.77,272017,19156,26
638.82,272518,19192,26
639.95,273020,19236,26
641.21,273523,19284,26
642.32,274025,19292,26
643.51,274525,19316,26
644.68,275029,19332,26
645.95,275531,19376,26
647.13,276033,19408,26
648.31,276536,19432,26
649.51,277040,19448,26
650.72,277540,19468,26
651.89,278040,19492,26
652.93,278541,19496,26
654.1,279043,19520,26
655.24,279545,19540,26
656.37,280046,19584,26
657.62,280546,19612,26
658.85,281047,19628,26
660.07,281551,19660,26
661.29,282051,19696,26
662.56,282552,19712,26
663.76,283054,19728,26
665.04,283554,19768,26
666.24,284056,19804,26
667.49,284556,19824,26
668.75,285060,19872,26
670,285560,19908,26
671.15,286062,19944,26
672.34,286562,19976,26
673.44,287064,19996,26
674.57,287568,20012,26
675.58,288068,20040,26
676.7,288569,20088,26
677.86,289071,20096,26
679.09,289572,20144,26
680.23,290076,20164,26
681.38,290577,20184,26
682.56,291080,20220,26
683.74,291581,20244,26
684.92,292081,20280,26
686.15,292581,20296,26
687.43,293084,20316,26
688.75,293586,20368,26
689.89,294086,20384,26
691.08,294588,20428,26
692.19,295091,20456,26
693.31,295591,20488,26
694.48,296095,20512,26
695.62,296599,20544,26
696.79,297099,20564,26
697.98,297601,20624,26
699.21,298104,20648,26
700.45,298604,20664,26
701.54,299107,20684,26
702.71,299607,20724,26
703.84,300111,20760,26
704.98,300612,20796,26
706.2,301115,20808,26
707.31,301617,20832,26
708.46,302118,20860,26
709.63,302621,20884,26
710.86,303124,20916,26
711.95,303627,20928,26
713.09,304127,20960,26
714.3,304629,20996,26
715.41,305130,21016,26
716.56,305631,21052,26
717.79,306132,21076,26
719.04,306633,21096,26
720.15,307135,21116,26
721.4,307635,21144,26
722.61,308137,21172,26
723.84,308640,21184,26
724.99,309143,21220,26
726.13,309645,21236,26
727.33,310149,21256,26
728.5,310652,21296,26
729.73,311155,21332,26
730.95,311658,21364,26
732.1,312160,21388,26
733.2,312662,21412,26
734.35,313164,21428,26
735.47,313664,21464,26
736.62,314164,21492,26
737.68,314664,21512,26
738.78,315168,21544,26
739.91,315670,21568,26
741.07,316174,21588,26
742.19,316678,21604,26
743.23,317178,21636,26
744.38,317678,21676,26
745.52,318180,21708,26
746.68,318682,21736,26
747.81,319182,21756,26
749.01,319683,21780,26
750.17,320183,21824,26
751.43,320686,21848,26
752.59,321190,21872,26
753.71,321693,21888,26
755.04,322197,21916,26
756.31,322698,21936,26
757.58,323200,21960,26
758.76,323701,21980,26
759.97,324204,22020,26
761.15,324706,22056,26
762.69,325210,22084,26
763.88,325710,22112,26
765.2,326214,22144,26
766.43,326718,22168,26
767.73,327220,22196,26
768.96,327721,22232,26
770.28,328222,22288,26
771.53,328726,22316,26
772.74,329229,22340,26
773.93,329730,22368,26
775.12,330232,22392,26
776.3,330733,22416,26
777.46,331236,22424,26
778.71,331739,22448,26
780.06,332240,22484,26
781.23,332742,22508,26
782.36,333245,22528,26
783.6,333747,22552,26
784.7,334249,22588,26
785.88,334750,22612,26
787.15,335251,22632,26
788.39,335751,22652,26
789.63,336253,22676,26
790.91,336756,22700,26
792.17,337260,22728,26
793.34,337762,22736,26
794.65,338265,22780,26
795.82,338765,22796,26
797.01,339267,22836,26
798.17,339769,22852,26
799.41,340271,22880,26
800.61,340775,22912,26
801.79,341279,22924,26
803.17,341782,22964,26
804.38,342286,22988,26
805.62,342790,23020,26
806.97,343292,23052,26
808.12,343792,23084,26
809.34,344294,23140,26
810.53,344797,23168,26
812.28,345299,23216,26
813.73,345802,23260,26
815.09,346305,23296,26
816.46,346808,23324,26
817.64,347312,23364,26
818.94,347813,23388,26
820.15,348317,23432,26
821.38,348821,23480,26
822.54,349324,23520,26
823.88,349827,23544,26
825.15,350330,23588,26
826.32,350830,23628,26
827.54,351334,23676,26
828.63,351835,23704,26
829.93,352339,23720,26
831.19,352840,23756,26
832.4,353344,23776,26
833.42,353846,23800,26
834.7,354346,23824,26
835.95,354846,23860,26
837.21,355349,23872,26
838.9,355850,23904,26
840.1,356353,23928,26
841.34,356854,23944,26
842.53,357355,23980,26
843.96,357856,23996,26
845.23,358358,24016,26
846.5,358859,24032,26
847.68,359359,24048,26
848.94,359860,24068,26
850.3,360364,24096,26
851.74,360866,24132,26
853.06,361367,24152,26
854.33,361870,24188,26
855.59,362372,24212,26
856.73,362872,24240,26
857.92,363375,24284,26
859.14,363876,24324,26
860.49,364376,24336,26
861.63,364880,24360,26
862.86,365381,24380,26
864.13,365883,24408,26
865.33,366385,24448,26
866.68,366885,24480,26
867.99,367389,24516,26
869.09,367890,24536,26
870.3,368391,24564,26
871.88,368894,24584,26
873,369398,24608,26
874.17,369901,24656,26
875.3,370402,24684,26
876.49,370905,24708,26
877.6,371407,24736,26
878.69,371910,24752,26
879.77,372411,24776,26
880.95,372912,24800,26
882.17,373415,24824,26
883.32,373915,24856,26
884.46,374418,24876,26
885.76,374921,24908,26
887.08,375424,24928,26
888.27,375927,24948,26
889.41,376428,24968,26
890.61,376929,24988,26
891.86,377432,25008,26
893.1,377936,25040,26
894.43,378438,25084,26
895.66,378939,25096,26
896.97,379439,25148,26
898.28,379942,25168,26
899.61,380446,25204,26
901.03,380949,25216,26
902.32,381450,25232,26
903.56,381953,25264,26
905.02,382457,25272,26
906.3,382959,25288,26
907.73,383459,25316,26
908.95,383962,25340,26
910.26,384463,25360,26
911.62,384965,25388,26
912.95,385468,25420,26
914.32,385972,25448,26
915.63,386473,25472,26
916.94,386974,25504,26
918.25,387475,25540,26
919.41,387976,25564,26
920.64,388477,25580,26
921.71,388977,25596,26
922.88,389479,25604,26
924.02,389980,25640,26
925.23,390483,25668,26
926.41,390986,25688,26
927.53,391490,25704,26
928.79,391992,25728,26
930.11,392496,25748,26
931.44,392997,25780,26
932.78,393498,25816,26
934,393999,25832,26
935.08,394500,25848,26
936.32,395002,25872,26
937.52,395506,25884,26
938.7,396007,25920,26
939.84,396508,25940,26
941.06,397009,25976,26
942.17,397512,26008,26
943.43,398015,26028,26
944.65,398517,26072,26
945.91,399021,26088,26
947.02,399524,26116,26
948.2,400028,26132,26
949.38,400529,26184,26
950.55,401033,26220,26
951.61,401534,26260,26
952.71,402038,26292,26
953.83,402540,26300,26
954.99,403041,26344,26
956.15,403541,26364,26
957.27,404045,26376,26
958.49,404547,26400,26
959.7,405047,26428,26
961.03,405551,26468,26
962.27,406054,26500,26
963.55,406557,26512,26
964.8,407059,26532,26
966.14,407560,26556,26
967.46,408060,26592,26
968.6,408562,26616,26
969.81,409064,26652,26
971.09,409564,26684,26
972.28,410067,26696,26
973.55,410571,26720,26
974.8,411073,26764,26
976.03,411575,26804,26
977.31,412077,26816,26
978.48,412577,26828,26
979.71,413081,26860,26
980.9,413583,26884,26
982.08,414086,26900,26
983.17,414587,26944,26
984.45,415088,26976,26
985.6,415590,26996,26
986.98,416093,27024,26
988.26,416593,27060,26
989.54,417094,27084,26
990.83,417598,27116,26
992.12,418098,27136,26
993.43,418602,27192,26
994.65,419105,27232,26
995.89,419608,27292,26
997.16,420112,27308,26
998.27,420613,27328,26
999.37,421116,27372,26
1000.58,421620,27404,26
1001.86,422124,27428,26
1003.11,422625,27464,26
1004.34,423125,27484,26
1005.59,423626,27516,26
1006.81,424127,27548,26
1007.97,424628,27576,26
1009.22,425130,27604,26
1010.53,425632,27628,26
1011.7,426133,27676,26
1012.91,426634,27716,26
1014.19,427134,27740,26
1015.5,427634,27760,26
1016.77,428138,27808,26
1018.06,428639,27840,26
1019.38,429143,27860,26
1020.67,429643,27876,26
1022.11,430143,27932,26
1023.48,430646,27980,26
1024.72,431149,27988,26
1025.97,431650,28016,26
1027.38,432152,28040,26
1028.63,432656,28072,26
1029.92,433160,28120,26
1031.23,433662,28156,26
1032.5,434166,28196,26
1033.86,434668,28232,26
1035.07,435171,28260,26
1036.4,435671,28300,26
1037.76,436173,28320,26
1038.95,436676,28348,26
1040.11,437180,28376,26
1041.36,437681,28424,26
1042.49,438182,28460,26
1043.68,438683,28492,26
1044.82,439186,28524,26
1046.02,439687,28536,26
1047.15,440188,28552,26
1048.33,440690,28584,26
1049.46,441190,28604,26
1050.79,441693,28640,26
1052.01,442196,28668,26
1053.3,442699,28692,26
1054.62,443200,28704,26
1055.89,443704,28712,26
1057.38,444204,28764,26
1058.57,444704,28800,26
1059.84,445208,28824,26
1060.96,445708,28848,26
1062.13,446212,28876,26
1063.32,446712,28900,26
1064.51,447214,28920,26
1065.78,447718,28944,26
1.15,502,4721,25
2.3,1002,5468,27
3.32,1504,5560,27
4.27,2006,5560,27
5.16,2506,5560,27
6.07,3007,5561,27
7.25,3508,5561,27
8.29,4009,5578,26
9.37,4509,5578,26
10.49,5010,5582,26
11.55,5514,5631,27
12.65,6015,5635,27
13.82,6517,5643,27
15.15,7017,5659,27
16.3,7519,5670,27
17.59,8021,5678,27
18.83,8522,5682,27
19.87,9026,5690,27
20.91,9527,5702,27
21.93,10030,5714,27
23.13,10532,5734,27
24.36,11035,5750,27
25.54,11538,5774,27
26.59,12040,5782,27
27.57,12543,5802,27
28.62,13047,5810,27
29.65,13548,5822,27
30.73,14048,5838,27
31.87,14550,5862,27
33.05,15051,5882,27
34.12,15554,5898,27
35.29,16054,5914,27
36.45,16557,5934,27
37.66,17058,5951,27
38.98,17559,5971,27
40.21,18062,5995,27
41.39,18562,6015,27
42.59,19066,6031,27
43.67,19567,6051,27
44.91,20069,6071,27
46.06,20569,6087,27
47.24,21071,6095,27
48.38,21572,6099,27
49.55,22073,6123,27
50.8,22574,6135,27
51.86,23074,6155,27
53.01,23578,6179,27
54.08,24078,6195,27
55.18,24580,6219,27
56.35,25083,6239,27
57.61,25587,6279,27
58.74,26087,6299,27
59.91,26590,6311,27
60.97,27092,6331,27
62.15,27595,6351,27
63.3,28095,6387,27
64.39,28598,6407,27
65.47,29100,6415,27
66.65,29602,6423,27
67.82,30106,6451,27
68.96,30607,6459,27
70.1,31110,6471,27
71.35,31614,6511,27
72.52,32117,6523,27
73.64,32617,6559,27
74.81,33120,6579,27
76.02,33624,6607,27
77.22,34126,6647,27
78.36,34626,6679,27
79.38,35126,6691,27
80.5,35627,6711,27
81.59,36131,6735,27
82.78,36631,6747,27
83.89,37132,6775,27
85.04,37632,6807,27
86.24,38134,6843,27
87.4,38638,6859,27
88.61,39141,6887,27
89.78,39642,6931,27
90.96,40145,6943,27
92.18,40647,6971,27
93.41,41150,7011,27
94.5,41651,7035,27
95.61,42153,7051,27
96.73,42655,7059,27
97.93,43157,7099,27
99.13,43659,7127,27
100.39,44162,7191,27
101.64,44665,7235,27
102.84,45169,7263,27
104.1,45670,7283,27
105.24,46171,7315,27
106.45,46673,7351,27
107.67,47173,7399,27
108.83,47675,7415,27
110.01,48179,7443,27
111.12,48680,7475,27
112.34,49180,7495,27
113.56,49683,7523,27
114.74,50183,7559,27
115.97,50683,7583,27
117.19,51183,7603,27
118.46,51687,7615,27
119.69,52187,7671,27
120.94,52689,7687,27
122.19,53190,7707,27
123.36,53693,7743,27
124.51,54193,7787,27
125.78,54696,7815,27
127.09,55200,7843,27
128.33,55702,7863,27
129.45,56203,7899,27
130.65,56705,7935,27
131.79,57208,7979,27
133.01,57710,7991,27
134.22,58210,8035,27
135.34,58713,8063,27
136.62,59214,8087,27
137.94,59715,8115,27
139.31,60215,8163,27
140.7,60718,8191,27
141.99,61221,8215,27
143.26,61724,8271,27
144.57,62228,8303,27
145.75,62729,8335,27
146.94,63230,8359,27
148.18,63732,8375,27
149.39,64232,8387,27
150.6,64736,8403,27
151.88,65240,8431,27
153.01,65744,8443,27
154.18,66245,8475,27
155.34,66748,8495,27
156.6,67252,8523,27
157.8,67752,8539,27
159.07,68255,8567,27
160.4,68757,8595,27
161.66,69261,8607,27
162.98,69761,8643,27
164.26,70265,8663,27
165.42,70769,8703,27
166.49,71271,8731,27
167.61,71772,8747,27
168.76,72273,8767,27
169.93,72776,8779,27
171.04,73278,8811,27
172.08,73782,8843,27
173.21,74282,8871,27
174.41,74786,8895,27
175.55,75288,8931,27
176.75,75792,8967,27
177.92,76296,8999,27
179.07,76798,9023,27
180.36,77300,9051,27
181.73,77804,9091,27
182.93,78308,9115,27
184.11,78810,9147,27
185.22,79312,9167,27
186.32,79815,9219,27
187.47,80319,9235,27
188.56,80821,9263,27
189.74,81325,9299,27
190.9,81828,9331,27
192.17,82331,9367,27
193.33,82832,9403,27
194.53,83333,9435,27
195.7,83834,9455,27
197.04,84337,9475,27
198.4,84840,9507,27
199.57,85340,9527,27
200.84,85840,9571,27
202.02,86344,9587,27
203.26,86844,9619,27
204.42,87344,9639,27
205.57,87846,9675,27
206.77,88347,9715,27
207.95,88849,9743,27
209.12,89353,9783,27
210.18,89855,9803,27
211.32,90358,9831,27
212.55,90861,9867,27
213.78,91363,9903,27
215,91866,9947,27
216.16,92368,9963,27
217.39,92870,9979,27
218.4,93374,9999,27
219.61,93876,10023,27
220.79,94376,10055,27
222,94877,10087,27
223.18,95380,10119,27
224.36,95884,10135,27
225.55,96387,10159,27
226.69,96889,10183,27
227.94,97392,10195,27
229.16,97893,10211,27
230.31,98395,10243,27
231.33,98896,10267,27
232.4,99399,10287,27
233.57,99900,10311,27
234.67,100401,10343,27
235.84,100901,10367,27
236.94,101403,10403,27
238.16,101903,10427,27
239.37,102403,10451,27
240.59,102904,10487,27
241.85,103407,10531,27
243.07,103910,10555,27
244.24,104414,10587,27
245.53,104918,10619,27
246.76,105421,10663,27
247.94,105923,10707,27
249.1,106427,10719,27
250.33,106928,10739,27
251.37,107428,10755,27
252.54,107929,10783,27
253.8,108431,10807,27
254.96,108932,10831,27
256,109433,10863,27
257.18,109936,10915,27
258.45,110440,10943,27
259.62,110944,10963,27
260.72,111444,10991,27
261.91,111948,11015,27
263.22,112452,11059,27
264.38,112954,11087,27
265.51,113457,11115,27
266.71,113960,11127,27
267.92,114464,11159,27
269.06,114964,11187,27
270.16,115467,11227,27
271.31,115970,11255,27
272.5,116474,11279,27
273.64,116978,11311,27
274.88,117478,11331,27
275.96,117980,11367,27
277.16,118483,11387,27
278.38,118985,11415,27
279.53,119487,11447,27
280.76,119989,11499,27
281.91,120491,11531,27
283.01,120993,11539,27
284.27,121496,11563,27
285.4,121999,11591,27
286.59,122500,11611,27
287.85,123003,11639,27
289.06,123507,11659,27
290.27,124011,11671,27
291.45,124514,11691,27
292.71,125018,11715,27
293.87,125521,11727,27
294.99,126025,11751,27
296.26,126528,11795,27
297.59,127032,11823,27
298.92,127533,11847,27
300,128034,11887,27
301.08,128536,11919,27
302.3,129040,11995,27
303.52,129542,12027,27
305.84,130046,12051,27
307.19,130549,12075,27
308.36,131053,12119,27
309.69,131555,12159,27
310.7,132056,12179,27
311.92,132560,12203,27
313.1,133063,12215,27
314.25,133565,12239,27
315.38,134065,12255,27
316.55,134569,12279,27
317.87,135072,12323,27
319.04,135576,12351,27
320.16,136078,12383,27
321.22,136580,12407,27
322.37,137081,12447,27
323.4,137582,12491,27
324.62,138083,12515,27
325.8,138584,12555,27
326.95,139087,12567,27
328.14,139591,12591,27
329.23,140093,12615,27
330.38,140596,12647,27
331.53,141096,12683,27
332.64,141596,12707,27
333.81,142100,12739,27
335,142602,12771,27
336.26,143106,12787,27
337.63,143606,12811,27
338.85,144109,12831,27
339.98,144612,12879,27
341.33,145116,12911,27
342.47,145616,12927,27
343.71,146119,12979,27
344.94,146622,13015,27
346.14,147122,13031,27
347.24,147624,13051,27
348.5,148127,13071,27
349.91,148631,13103,27
351.06,149133,13127,27
352.25,149637,13147,27
353.51,150141,13211,27
354.73,150645,13239,27
355.94,151149,13271,27
357.21,151653,13303,27
358.32,152154,13347,27
359.56,152654,13399,27
360.75,153158,13443,27
361.96,153662,13455,27
363.14,154164,13487,27
364.36,154665,13535,27
365.54,155169,13547,27
366.62,155669,13563,27
367.67,156171,13579,27
368.9,156674,13603,27
370.2,157175,13643,27
371.44,157679,13687,27
372.61,158180,13703,27
373.87,158684,13739,27
375.05,159186,13767,27
376.29,159687,13783,27
377.38,160188,13811,27
378.67,160692,13835,27
379.97,161195,13859,27
381.16,161695,13887,27
382.27,162196,13919,27
383.47,162699,13959,27
384.65,163202,13971,27
385.86,163702,14007,27
387,164204,14027,27
388.23,164704,14067,27
389.36,165207,14099,27
390.71,165710,14111,27
391.84,166210,14135,27
393.03,166711,14171,27
394.31,167215,14183,27
395.44,167718,14203,27
396.68,168222,14231,27
397.88,168726,14275,27
399.09,169227,14287,27
400.29,169729,14295,27
401.57,170229,14323,27
402.74,170732,14335,27
403.88,171235,14371,27
405.05,171737,14403,27
406.19,172240,14435,27
407.35,172742,14451,27
408.43,173242,14463,27
409.66,173744,14471,27
410.82,174244,14499,27
412.05,174748,14523,27
413.29,175250,14563,27
414.41,175753,14603,27
415.6,176257,14639,27
416.68,176757,14667,27
417.84,177258,14703,27
418.99,177761,14719,27
420.15,178263,14727,27
421.36,178765,14755,27
422.5,179267,14775,27
423.64,179771,14795,27
424.66,180274,14807,27
425.86,180774,14839,27
426.96,181276,14855,27
428.21,181777,14879,27
429.35,182280,14919,27
430.57,182783,14943,27
431.83,183284,14987,27
433.06,183785,15007,27
434.27,184287,15023,27
435.46,184791,15047,27
436.99,185292,15071,27
438.48,185795,15111,27
439.72,186295,15151,27
440.92,186795,15183,27
442.21,187296,15203,27
443.39,187796,15235,27
444.66,188299,15263,27
445.89,188803,15287,27
447.12,189306,15299,27
448.33,189806,15319,27
449.58,190309,15351,27
450.87,190810,15379,27
452.03,191314,15407,27
453.28,191815,15427,27
454.45,192319,15467,27
455.73,192819,15479,27
456.97,193323,15511,27
457.95,193827,15551,27
459.1,194329,15603,27
460.18,194832,15643,27
461.43,195332,15667,27
462.69,195834,15695,27
463.86,196335,15715,27
465.07,196835,15731,27
466.23,197335,15767,27
467.45,197835,15795,27
468.59,198335,15811,27
469.78,198835,15839,27
471,199335,15859,27
472.2,199835,15895,27
473.35,200336,15915,27
474.45,200837,15935,27
475.64,201341,15971,27
476.87,201843,16015,27
478.13,202346,16035,27
479.45,202850,16071,27
480.72,203350,16087,27
481.87,203852,16107,27
483.05,204355,16155,27
484.3,204856,16175,27
485.52,205360,16219,27
486.9,205863,16271,27
487.94,206365,16299,27
489.13,206869,16315,27
490.32,207369,16359,27
491.58,207872,16371,27
492.77,208373,16387,27
493.92,208876,16399,27
495.02,209379,16431,27
496.23,209879,16471,27
497.43,210383,16483,27
498.65,210883,16507,27
500.01,211387,16551,27
501.21,211887,16579,27
502.35,212389,16599,27
503.65,212893,16631,27
504.91,213395,16655,27
506.2,213899,16679,27
507.38,214399,16711,27
508.43,214901,16731,27
509.59,215401,16795,27
510.93,215903,16831,27
512.16,216406,16851,27
513.3,216910,16879,27
514.41,217412,16931,27
515.59,217914,16943,27
516.81,218416,16971,27
517.99,218917,16987,27
519.25,219419,17007,27
520.41,219921,17035,27
521.59,220425,17055,27
522.65,220927,17091,27
523.74,221430,17115,27
524.93,221932,17155,27
526.18,222433,17159,27
527.45,222934,17175,27
528.64,223434,17195,27
529.96,223934,17243,27
531.16,224436,17263,27
532.31,224937,17291,27
533.49,225438,17319,27
534.62,225942,17355,27
535.77,226446,17391,27
536.88,226949,17415,27
538.1,227449,17439,27
539.27,227951,17471,27
540.4,228454,17487,27
541.55,228954,17519,27
542.77,229457,17539,27
544.01,229960,17563,27
545.31,230462,17595,27
546.65,230966,17603,27
547.84,231470,17635,27
549.12,231974,17683,27
550.33,232477,17687,27
551.54,232980,17707,27
552.69,233480,17755,27
553.92,233982,17771,27
555.09,234483,17791,27
556.38,234986,17807,27
557.73,235486,17851,27
558.98,235989,17891,27
560.19,236493,17919,27
561.45,236996,17947,27
562.75,237497,18011,27
563.88,238001,18039,27
565.33,238504,18083,27
566.49,239006,18111,27
567.73,239506,18143,27
568.98,240006,18159,27
570.26,240506,18183,27
571.48,241010,18215,27
572.69,241514,18243,27
573.95,242017,18279,27
575.02,242521,18315,27
576.21,243023,18323,27
577.51,243527,18351,27
578.69,244028,18367,27
580.06,244529,18395,27
581.2,245031,18427,27
582.33,245532,18463,27
583.53,246032,18495,27
584.71,246535,18519,27
585.89,247037,18559,27
587.13,247540,18607,27
588.39,248043,18635,27
589.63,248547,18671,27
590.86,249047,18691,27
592.01,249550,18715,27
593.19,250053,18731,27
594.4,250556,18763,27
595.56,251056,18783,27
596.81,251558,18811,27
597.95,252060,18843,27
599.26,252564,18867,27
600.43,253065,18899,27
601.47,253569,18919,27
602.64,254069,18943,27
603.78,254570,18971,27
604.89,255071,19019,27
606.14,255575,19055,27
607.34,256078,19087,27
608.66,256579,19127,27
609.94,257081,19179,27
611.18,257584,19187,27
612.36,258085,19223,27
613.54,258585,19267,27
614.67,259086,19291,27
615.81,259589,19323,27
616.88,260090,19343,27
618.02,260590,19371,27
619.18,261090,19383,27
620.37,261593,19419,27
621.64,262094,19439,27
622.96,262595,19475,27
624.24,263098,19503,27
625.44,263599,19535,27
626.62,264101,19587,27
627.82,264602,19619,27
629.01,265104,19639,27
630.16,265604,19671,27
631.31,266104,19711,27
632.54,266604,19735,27
633.79,267104,19763,27
635.03,267606,19787,27
636.26,268108,19827,27
637.44,268610,19855,27
638.6,269114,19879,27
639.81,269615,19903,27
640.96,270116,19935,27
642.19,270620,19959,27
643.37,271120,19987,27
644.64,271623,20019,27
645.93,272125,20027,27
647.17,272629,20043,27
648.41,273131,20055,27
649.6,273633,20087,27
650.95,274137,20107,27
652.19,274641,20139,27
653.42,275142,20171,27
654.46,275642,20195,27
655.66,276142,20219,27
656.82,276642,20247,27
658,277142,20291,27
659.28,277642,20327,27
660.47,278144,20335,27
661.67,278648,20359,27
662.79,279150,20387,27
663.94,279654,20419,27
665.07,280157,20467,27
666.27,280660,20511,27
667.66,281162,20555,27
668.92,281665,20583,27
670.17,282166,20599,27
671.43,282669,20627,27
672.54,283170,20663,27
673.7,283674,20703,27
674.7,284175,20739,27
675.87,284676,20771,27
677.02,285177,20787,27
678.3,285681,20811,27
679.47,286183,20839,27
680.64,286683,20855,27
681.83,287187,20871,27
682.97,287687,20899,27
684.22,288189,20919,27
685.52,288689,20991,27
686.75,289189,21007,27
687.9,289691,21031,27
688.98,290193,21051,27
690.23,290693,21075,27
691.41,291193,21115,27
692.73,291694,21143,27
693.97,292197,21183,27
695.22,292698,21203,27
696.44,293200,21227,27
697.72,293703,21267,27
698.96,294203,21307,27
700.22,294707,21335,27
701.52,295211,21355,27
702.83,295712,21387,27
703.97,296212,21403,27
705.12,296715,21447,27
706.26,297215,21467,27
707.47,297715,21491,27
708.67,298219,21527,27
709.86,298720,21543,27
711.05,299222,21575,27
712.25,299725,21599,27
713.46,300228,21623,27
714.76,300732,21667,27
715.95,301233,21687,27
717.14,301734,21691,27
718.4,302237,21699,27
719.54,302738,21719,27
720.75,303242,21763,27
721.92,303746,21775,27
723.05,304246,21811,27
724.29,304749,21815,27
725.48,305251,21823,27
726.76,305755,21839,27
728.03,306259,21851,27
729.19,306759,21879,27
730.64,307263,21911,27
731.96,307763,21943,27
733.17,308263,21951,27
734.47,308766,21971,27
735.73,309266,22003,27
737.09,309769,22019,27
738.55,310271,22023,27
739.74,310771,22071,27
741.06,311275,22119,27
742.44,311777,22139,27
743.75,312278,22147,27
745,312780,22167,27
746.3,313283,22187,27
747.58,313785,22219,27
748.86,314287,22259,27
750.09,314788,22287,27
751.37,315292,22307,27
752.6,315794,22331,27
753.94,316295,22383,27
755.24,316798,22407,27
756.71,317302,22431,27
757.96,317805,22459,27
759.21,318305,22459,27
760.43,318805,22487,27
761.67,319305,22503,27
762.89,319806,22527,27
764.09,320309,22551,27
765.31,320813,22579,27
766.46,321316,22587,27
767.59,321817,22623,27
768.78,322320,22655,27
769.89,322824,22691,27
771.18,323325,22727,27
772.43,323828,22771,27
773.64,324328,22787,27
774.87,324829,22799,27
776.08,325331,22819,27
777.23,325831,22843,27
778.45,326331,22875,27
779.61,326834,22887,27
780.86,327336,22907,27
782.09,327836,22943,27
783.48,328339,22975,27
784.72,328839,23011,27
785.84,329342,23019,27
787.02,329844,23035,27
788.18,330348,23063,27
789.43,330849,23095,27
790.72,331349,23139,27
791.95,331851,23163,27
793.18,332354,23187,27
794.36,332858,23215,27
795.49,333359,23243,27
796.71,333859,23271,27
797.87,334363,23291,27
799.11,334867,23323,27
800.31,335370,23351,27
801.54,335871,23383,27
802.75,336375,23399,27
803.92,336878,23411,27
805.27,337378,23447,27
806.57,337882,23507,27
807.81,338385,23547,27
809.01,338887,23567,27
810.17,339390,23611,27
811.45,339890,23631,27
812.7,340390,23647,27
813.94,340890,23691,27
815.1,341394,23739,27
816.34,341897,23755,27
817.72,342399,23771,27
818.96,342899,23811,27
820.21,343401,23839,27
821.41,343901,23863,27
822.6,344402,23899,27
823.74,344905,23927,27
825.19,345405,23967,27
826.35,345905,23979,27
827.63,346408,23991,27
828.81,346910,24023,27
830.02,347410,24063,27
831.2,347912,24087,27
832.39,348414,24103,27
833.73,348918,24135,27
834.91,349422,24155,27
836.13,349923,24195,27
837.3,350426,24219,27
838.62,350928,24247,27
839.86,351430,24275,27
841.09,351932,24307,27
842.36,352436,24319,27
843.55,352940,24343,27
844.69,353442,24359,27
845.78,353944,24371,27
846.96,354446,24391,27
848.12,354950,24415,27
849.28,355450,24427,27
850.56,355950,24455,27
851.73,356451,24495,27
852.93,356954,24519,27
854.2,357454,24543,27
855.4,357955,24575,27
856.58,358459,24591,27
857.96,358962,24623,27
859.28,359462,24643,27
860.39,359964,24667,27
861.58,360467,24707,27
862.78,360969,24735,27
864.08,361471,24779,27
865.37,361973,24799,27
866.61,362476,24823,27
867.88,362979,24839,27
869.1,363481,24863,27
870.35,363982,24883,27
871.66,364486,24911,27
872.95,364988,24963,27
874.12,365490,24987,27
875.37,365992,25007,27
876.57,366496,25023,27
877.83,366999,25043,27
879.1,367502,25071,27
880.38,368004,25095,27
881.63,368505,25119,27
882.86,369008,25139,27
884.27,369508,25195,27
885.47,370011,25255,27
886.66,370515,25299,27
887.98,371015,25331,27
889.13,371517,25343,27
890.38,372020,25355,27
891.71,372523,25391,27
892.95,373026,25423,27
894.2,373526,25459,27
895.48,374027,25527,27
896.71,374530,25563,27
898,375033,25599,27
899.22,375533,25643,27
900.49,376036,25675,27
901.7,376539,25703,27
902.94,377039,25723,27
904.06,377540,25739,27
905.21,378040,25791,27
906.34,378542,25815,27
907.6,379043,25831,27
908.91,379546,25879,27
910.17,380049,25903,27
911.39,380553,25915,27
912.71,381054,25943,27
914.06,381558,25995,27
915.37,382059,26015,27
916.58,382559,26051,27
917.95,383059,26063,27
919.15,383560,26095,27
920.48,384063,26127,27
921.91,384565,26135,27
923.3,385065,26155,27
924.86,385568,26171,27
926.22,386070,26187,27
927.58,386572,26195,27
928.86,387073,26231,27
930.06,387577,26263,27
931.29,388079,26295,27
932.67,388581,26339,27
934.08,389081,26355,27
935.36,389582,26391,27
936.45,390085,26415,27
937.76,390589,26435,27
939.05,391091,26443,27
940.35,391594,26495,27
941.63,392097,26535,27
942.85,392601,26547,27
944.16,393104,26579,27
945.4,393607,26615,27
946.75,394110,26651,27
947.99,394612,26675,27
949.22,395116,26711,27
950.43,395617,26735,27
951.65,396117,26751,27
952.76,396618,26755,27
953.92,397121,26779,27
955.2,397622,26807,27
956.42,398123,26839,27
957.72,398627,26855,27
958.83,399131,26891,27
960.06,399635,26911,27
961.25,400139,26939,27
962.57,400642,26963,27
963.86,401146,26999,27
965.21,401650,27019,27
966.59,402152,27063,27
967.93,402655,27087,27
969.29,403159,27131,27
970.66,403662,27175,27
972.09,404164,27215,27
973.33,404664,27247,27
974.52,405164,27263,27
975.82,405665,27303,27
977.05,406169,27311,27
978.4,406670,27327,27
979.61,407170,27355,27
980.89,407673,27395,27
982.15,408173,27419,27
983.34,408676,27443,27
984.61,409176,27463,27
985.86,409678,27511,27
987.18,410181,27543,27
988.4,410682,27567,27
989.6,411182,27599,27
990.82,411684,27615,27
992.11,412188,27635,27
993.4,412692,27667,27
994.69,413193,27691,27
995.99,413697,27719,27
997.26,414201,27735,27
998.48,414701,27763,27
999.82,415204,27799,27
1001,415707,27827,27
1002.33,416208,27863,27
1003.72,416711,27903,27
1004.9,417211,27943,27
1006.16,417713,27971,27
1007.39,418214,28015,27
1008.58,418714,28039,27
1009.85,419218,28067,27
1010.89,419719,28111,27
1012.01,420221,28147,27
1013.12,420723,28167,27
1014.29,421226,28183,27
1015.48,421727,28227,27
1016.71,422227,28243,27
1017.85,422728,28283,27
1019.08,423229,28311,27
1020.28,423729,28331,27
1021.43,424231,28363,27
1022.63,424734,28387,27
1023.85,425237,28423,27
1025.08,425738,28435,27
1026.36,426240,28475,27
1027.48,426743,28495,27
1028.6,427245,28519,27
1029.79,427749,28531,27
1031.07,428249,28575,27
1032.37,428750,28599,27
1033.55,429252,28603,27
1034.78,429752,28643,27
1035.95,430254,28663,27
1037.42,430754,28695,27
1038.63,431256,28715,27
1039.94,431757,28759,27
1041.21,432257,28795,27
1042.46,432761,28807,27
1043.67,433264,28819,27
1045.03,433768,28863,27
1046.23,434268,28887,27
1047.53,434771,28919,27
1048.8,435271,28947,27
1050.07,435774,28963,27
1051.43,436275,28995,27
1052.71,436777,29027,27
1053.98,437279,29043,27
1055.2,437783,29075,27
1056.71,438286,29127,27
1.24,500,5392,25
2.26,1002,5599,25
3.31,1503,5607,25
4.34,2005,5627,25
5.45,2505,5627,25
6.56,3006,5631,25
7.7,3508,5635,25
8.66,4008,5635,25
9.68,4508,5639,24
10.63,5008,5639,24
11.67,5508,5639,24
12.74,6012,5651,24
13.8,6512,5651,24
14.86,7012,5651,24
15.87,7512,5665,25
16.96,8014,5673,25
18.15,8515,5677,25
19.27,9015,5677,25
20.33,9516,5681,25
21.45,10018,5689,25
22.61,10521,5705,25
23.81,11022,5729,25
24.87,11526,5745,25
25.97,12027,5749,25
26.99,12531,5757,25
28.04,13034,5765,25
29.16,13535,5792,25
30.36,14038,5804,25
31.57,14539,5840,25
32.7,15039,5852,25
33.71,15542,5864,25
34.74,16043,5896,25
35.81,16547,5916,25
36.96,17050,5928,25
38.29,17554,5944,25
39.75,18058,5968,25
40.91,18560,5984,25
41.96,19064,6012,25
43.14,19566,6052,25
44.3,20066,6076,25
45.5,20570,6096,25
46.56,21072,6120,25
47.67,21576,6140,25
48.63,22080,6160,25
49.71,22582,6168,25
50.78,23083,6184,25
51.97,23586,6208,25
53.12,24086,6224,25
54.31,24590,6252,25
55.5,25094,6264,25
56.59,25595,6292,25
57.77,26096,6320,25
58.86,26599,6344,25
59.94,27103,6360,25
61.15,27603,6376,25
62.34,28106,6404,25
63.53,28606,6420,25
64.89,29107,6440,25
66.09,29611,6456,25
67.26,30114,6476,25
68.46,30615,6500,25
69.74,31119,6508,25
70.85,31619,6528,25
71.96,32123,6560,25
73.01,32627,6568,25
74.07,33128,6580,25
75.2,33632,6600,25
76.32,34133,6640,25
77.43,34633,6656,25
78.67,35134,6700,25
79.81,35638,6732,25
80.88,36142,6764,25
82.15,36643,6792,25
83.35,37146,6812,25
84.59,37647,6840,25
85.81,38148,6876,25
87.04,38649,6888,25
88.17,39151,6908,25
89.24,39655,6932,25
90.38,40159,6960,25
91.49,40659,6980,25
92.61,41162,6996,25
93.83,41665,7028,25
95.03,42165,7040,25
96.13,42668,7048,25
97.3,43171,7104,25
98.44,43674,7124,25
99.68,44177,7152,25
100.86,44681,7196,25
101.94,45184,7224,25
103.11,45684,7268,25
104.38,46187,7316,25
105.73,46689,7324,25
107.09,47189,7356,25
108.3,47689,7388,25
109.46,48190,7420,25
110.71,48691,7440,25
112.03,49192,7468,25
113.29,49692,7484,25
114.54,50194,7516,25
115.67,50695,7560,25
116.82,51197,7588,25
118.04,51701,7596,25
119.19,52205,7608,25
120.39,52705,7660,25
121.49,53208,7684,25
122.53,53709,7708,25
123.67,54211,7728,25
124.8,54715,7756,25
125.94,55216,7792,25
127.14,55720,7808,25
128.42,56222,7844,25
129.65,56725,7868,25
130.79,57226,7908,25
131.93,57728,7916,25
133.1,58231,7948,25
134.23,58732,7984,25
135.41,59233,8016,25
136.54,59737,8048,25
137.71,60238,8064,25
138.77,60739,8092,25
139.9,61242,8136,25
141.15,61743,8156,25
142.29,62243,8172,25
143.46,62745,8224,25
144.59,63247,8248,25
145.84,63750,8276,25
146.98,64252,8328,25
148.12,64755,8352,25
149.24,65257,8384,25
150.31,65757,8408,25
151.58,66257,8448,25
152.65,66760,8480,25
153.83,67263,8516,25
154.95,67763,8532,25
156.3,68265,8572,25
157.7,68768,8608,25
158.8,69271,8652,25
159.94,69771,8680,25
161.08,70271,8688,25
162.23,70775,8704,25
163.42,71276,8728,25
164.68,71779,8764,25
165.79,72282,8784,25
166.96,72785,8800,25
168.1,73286,8828,25
169.21,73786,8852,25
170.46,74290,8856,25
171.55,74792,8880,25
172.71,75292,8896,25
173.86,75796,8908,25
175,76300,8920,25
176.31,76803,8956,25
177.58,77303,8980,25
178.8,77805,9000,25
179.95,78305,9020,25
181.18,78805,9068,25
182.49,79305,9080,25
183.67,79807,9104,25
184.81,80307,9124,25
185.94,80807,9168,25
187.15,81309,9192,25
188.26,81811,9200,25
189.44,82314,9236,25
190.61,82814,9248,25
191.76,83315,9284,25
192.99,83817,9332,25
193.99,84318,9356,25
195.08,84822,9384,25
196.13,85322,9400,25
197.31,85822,9432,25
198.8,86322,9464,25
200.13,86822,9508,25
201.32,87326,9532,25
202.46,87828,9552,25
203.55,88328,9580,25
204.65,88831,9604,25
205.89,89335,9636,25
207.02,89837,9672,25
208.21,90338,9708,25
209.41,90842,9724,25
210.59,91345,9756,25
211.71,91847,9764,25
212.86,92348,9792,25
213.9,92848,9816,25
214.97,93352,9828,25
216.14,93855,9856,25
217.26,94355,9884,25
218.55,94855,9912,25
219.65,95358,9940,25
220.86,95858,9952,25
222.1,96358,9980,25
223.26,96859,9996,25
224.54,97361,10032,25
225.76,97864,10056,25
226.86,98366,10088,25
228.03,98870,10112,25
229.24,99374,10148,25
230.27,99875,10168,25
231.36,100379,10196,25
232.53,100880,10232,25
233.81,101381,10272,25
235.06,101883,10300,25
236.19,102384,10340,25
237.29,102888,10360,25
238.51,103392,10376,25
239.72,103895,10396,25
240.93,104399,10444,25
242.18,104903,10472,25
243.38,105404,10488,25
244.5,105905,10512,25
245.56,106407,10520,25
246.76,106908,10536,25
247.98,107412,10580,25
249.28,107913,10596,25
250.52,108416,10640,25
251.66,108918,10672,25
252.75,109420,10696,25
253.91,109922,10720,25
255.06,110422,10756,25
256.19,110924,10792,25
257.27,111426,10820,25
258.4,111926,10836,25
259.59,112426,10852,25
260.66,112929,10900,25
261.75,113432,10912,25
262.94,113936,10928,25
264.02,114439,10972,25
265.21,114940,10988,25
266.33,115441,11000,25
267.4,115941,11060,25
268.5,116441,11100,25
269.67,116943,11124,25
270.89,117444,11156,25
272.12,117947,11172,25
273.32,118451,11192,25
274.53,118954,11232,25
275.76,119455,11272,25
277.14,119955,11304,25
278.37,120456,11320,25
279.55,120958,11340,25
280.79,121458,11380,25
282.08,121959,11436,25
283.39,122463,11476,25
284.72,122965,11520,25
285.99,123467,11564,25
287.07,123971,11600,25
288.47,124474,11608,25
289.68,124976,11636,25
290.91,125476,11656,25
292.11,125976,11700,25
293.22,126479,11720,25
294.28,126982,11748,25
295.42,127486,11760,25
296.49,127986,11804,25
297.76,128490,11848,25
298.93,128991,11892,25
300.07,129491,11936,25
301.19,129994,11952,25
302.37,130494,11992,25
303.55,130997,12020,25
304.77,131499,12052,25
305.95,132003,12060,25
307.12,132505,12088,25
308.32,133009,12120,25
309.54,133512,12160,25
310.61,134014,12168,25
311.73,134514,12200,25
312.87,135017,12224,25
314.04,135519,12244,25
315.31,136020,12248,25
316.49,136522,12276,25
317.72,137023,12312,25
318.73,137524,12324,25
319.84,138026,12356,25
320.97,138528,12392,25
322.15,139028,12416,25
323.33,139529,12448,25
324.54,140031,12484,25
325.8,140532,12528,25
327.12,141033,12556,25
328.26,141536,12580,25
329.5,142040,12616,25
330.72,142541,12640,25
332,143044,12672,25
333.15,143545,12692,25
334.42,144048,12716,25
335.57,144551,12752,25
336.8,145051,12788,25
337.98,145551,12816,25
339.12,146053,12840,25
340.28,146556,12868,25
341.46,147057,12916,25
342.61,147557,12932,25
343.69,148060,12968,25
344.88,148561,12980,25
346.12,149064,13004,25
347.33,149564,13040,25
348.51,150065,13068,25
349.72,150566,13100,25
350.9,151068,13148,25
352.06,151569,13168,25
353.19,152071,13180,25
354.31,152574,13228,25
355.58,153078,13240,25
356.72,153579,13268,25
357.83,154079,13304,25
359.08,154582,13336,25
360.25,155085,13348,25
361.52,155589,13384,25
362.72,156090,13408,25
363.98,156594,13420,25
365.19,157095,13456,25
366.39,157597,13476,25
367.46,158100,13500,25
368.52,158604,13528,25
369.63,159105,13552,25
370.71,159605,13576,25
371.9,160108,13588,25
373,160609,13632,25
374.23,161112,13652,25
375.48,161616,13668,25
376.67,162119,13704,25
377.9,162622,13740,25
379.16,163126,13772,25
380.35,163627,13808,25
381.47,164127,13840,25
382.66,164631,13864,25
383.78,165131,13880,25
384.86,165635,13900,25
386,166137,13920,25
387.14,166637,13952,25
388.2,167138,13988,25
389.28,167640,13996,25
390.39,168143,14028,25
391.63,168645,14064,25
392.81,169145,14088,25
394.12,169647,14132,25
395.29,170148,14148,25
396.57,170650,14168,25
397.84,171150,14200,25
399.12,171653,14248,25
400.31,172157,14280,25
401.47,172661,14316,25
402.63,173163,14360,25
403.87,173666,14400,25
405.07,174166,14428,25
406.28,174669,14448,25
407.53,175169,14472,25
408.66,175670,14492,25
409.71,176172,14512,25
410.88,176675,14552,25
412.06,177178,14564,25
413.19,177679,14604,25
414.32,178180,14608,25
415.46,178680,14648,25
416.68,179184,14668,25
417.86,179686,14692,25
418.95,180190,14712,25
420.18,180690,14748,25
421.47,181192,14776,25
422.69,181696,14812,25
423.89,182196,14832,25
425.09,182700,14848,25
426.42,183203,14880,25
427.75,183706,14916,25
428.97,184208,14940,25
430.1,184709,14976,25
431.26,185210,14996,25
432.4,185710,15024,25
433.59,186212,15040,25
434.85,186715,15060,25
436.18,187218,15080,25
437.41,187720,15104,25
438.76,188224,15144,25
439.95,188724,15184,25
441.13,189224,15200,25
442.4,189727,15212,25
443.6,190227,15232,25
444.77,190727,15252,25
445.87,191231,15272,25
447.09,191731,15292,25
448.28,192231,15320,25
449.49,192733,15340,25
450.89,193235,15368,25
452.13,193737,15388,25
453.27,194241,15416,25
454.56,194745,15448,25
455.66,195248,15456,25
456.77,195752,15488,25
457.91,196256,15532,25
459.06,196758,15556,25
460.29,197260,15576,25
461.4,197760,15596,25
462.58,198263,15616,25
463.82,198767,15640,25
465.02,199271,15656,25
466.22,199771,15680,25
467.5,200272,15716,25
468.72,200774,15752,25
469.99,201274,15784,25
471.16,201776,15796,25
472.42,202279,15824,25
473.66,202779,15860,25
474.94,203279,15912,25
476.2,203781,15932,25
477.41,204285,15944,25
478.58,204788,15972,25
479.72,205288,15992,25
480.82,205790,16000,25
482.07,206291,16048,25
483.37,206793,16056,25
484.63,207296,16076,25
485.8,207798,16088,25
486.92,208301,16120,25
488.11,208803,16144,25
489.35,209307,16200,25
490.47,209807,16232,25
491.59,210310,16252,25
492.8,210810,16280,25
493.97,211310,16308,25
495.11,211814,16340,25
496.29,212318,16380,25
497.36,212821,16392,25
498.58,213324,16416,25
499.71,213826,16436,25
500.83,214329,16488,25
501.83,214831,16524,25
502.97,215332,16548,25
504.08,215836,16564,25
505.24,216339,16588,25
506.44,216843,16620,25
507.66,217344,16656,25
508.71,217845,16680,25
509.89,218349,16716,25
511,218853,16760,25
512.17,219357,16796,25
513.26,219860,16828,25
514.47,220361,16852,25
515.54,220865,16864,25
516.8,221365,16896,25
517.98,221866,16936,25
519.16,222368,16948,25
520.22,222868,16976,25
521.46,223371,17004,25
522.66,223873,17028,25
523.83,224377,17056,25
524.93,224880,17088,25
526.16,225380,17112,25
527.31,225882,17148,25
528.64,226385,17188,25
529.79,226886,17224,25
530.95,227389,17236,25
532.09,227891,17280,25
533.23,228394,17308,25
534.31,228897,17336,25
535.56,229397,17380,25
536.82,229899,17400,25
537.99,230400,17420,25
539.39,230902,17428,25
540.51,231405,17452,25
541.65,231908,17476,25
542.81,232411,17504,25
544,232911,17520,25
545.21,233411,17556,25
546.44,233914,17588,25
547.75,234418,17612,25
548.94,234921,17632,25
550.12,235421,17648,25
551.25,235922,17680,25
552.35,236426,17696,25
553.53,236928,17704,25
554.72,237432,17712,25
555.99,237934,17732,25
557.12,238438,17760,25
558.31,238939,17784,25
559.55,239442,17820,25
560.65,239944,17852,25
561.81,240447,17900,25
563.07,240950,17928,25
564.28,241452,17952,25
565.48,241955,18008,25
566.76,242457,18020,25
567.95,242960,18044,25
569.13,243460,18088,25
570.39,243961,18116,25
571.67,244465,18132,25
572.9,244969,18156,25
574.03,245470,18176,25
575.2,245974,18192,25
576.57,246477,18216,25
578.09,246979,18240,25
579.32,247480,18264,25
580.56,247982,18288,25
581.9,248483,18316,25
583.17,248983,18336,25
584.43,249486,18352,25
585.71,249988,18380,25
586.92,250490,18416,25
588.24,250994,18456,25
589.46,251498,18472,25
590.8,252001,18504,25
592.08,252503,18528,25
593.37,253003,18560,25
594.58,253506,18600,25
595.89,254008,18620,25
597.07,254510,18648,25
598.23,255011,18668,25
599.48,255513,18696,25
600.74,256015,18720,25
602.07,256517,18756,25
603.27,257017,18784,25
604.53,257519,18840,25
605.95,258020,18864,25
607.23,258521,18888,25
608.51,259025,18916,25
610.69,259529,18944,25
611.84,260029,18976,25
613.18,260529,19000,25
614.37,261030,19004,25
615.57,261531,19040,25
616.72,262035,19052,25
617.83,262535,19084,25
619.1,263038,19112,25
620.38,263542,19156,25
621.62,264043,19180,25
622.89,264547,19208,25
624.02,265047,19232,25
625.24,265551,19264,25
626.42,266054,19316,25
627.57,266557,19344,25
628.85,267058,19356,25
630.09,267559,19396,25
631.32,268063,19424,25
632.58,268565,19432,25
633.81,269067,19464,25
635.01,269569,19488,25
636.42,270070,19508,25
637.71,270570,19544,25
638.81,271073,19580,25
640.02,271574,19608,25
641.45,272078,19628,25
642.62,272578,19648,25
643.91,273078,19672,25
645.08,273580,19676,25
646.33,274083,19700,25
647.67,274587,19716,25
648.93,275087,19740,25
650.27,275589,19776,25
652.09,276092,19788,25
653.66,276593,19812,25
654.99,277095,19820,25
656.28,277596,19836,25
657.56,278099,19848,25
658.64,278601,19876,25
659.77,279102,19892,25
661,279602,19920,25
662.25,280103,19956,25
663.46,280607,19980,25
664.75,281109,20012,25
665.95,281610,20048,25
667.09,282112,20068,25
668.21,282616,20080,25
669.37,283116,20100,25
670.57,283617,20136,25
671.73,284118,20176,25
672.82,284619,20200,25
674.02,285119,20256,25
675.3,285622,20292,25
676.5,286124,20328,25
677.69,286627,20356,25
678.85,287128,20376,25
680.01,287631,20408,25
681.26,288134,20420,25
682.47,288634,20436,25
683.64,289134,20452,25
684.88,289635,20468,25
686.17,290136,20492,25
687.47,290639,20532,25
688.65,291143,20548,25
689.86,291646,20596,25
691.05,292147,20632,25
692.32,292650,20652,25
693.55,293150,20676,25
694.79,293651,20716,25
695.96,294153,20748,25
697.19,294655,20756,25
698.4,295157,20780,25
699.61,295659,20800,25
700.91,296163,20836,25
702.06,296667,20888,25
703.31,297171,20920,25
704.57,297673,20944,25
705.97,298177,20972,25
707.33,298679,20992,25
708.64,299179,21024,25
709.89,299682,21064,25
711.14,300184,21084,25
712.45,300687,21124,25
713.69,301190,21160,25
714.97,301692,21196,25
716.21,302192,21224,25
717.46,302693,21260,25
718.66,303195,21296,25
719.85,303698,21340,25
721.07,304199,21372,25
722.36,304701,21396,25
723.45,305201,21404,25
724.7,305705,21436,25
725.8,306209,21464,25
726.93,306710,21484,25
728.16,307211,21520,25
729.41,307713,21544,25
730.54,308213,21572,25
731.64,308714,21592,25
732.77,309215,21632,25
734.05,309717,21656,25
735.33,310220,21704,25
736.6,310724,21712,25
737.83,311228,21756,25
739.01,311730,21788,25
740.25,312234,21812,25
741.44,312736,21836,25
742.62,313240,21848,25
743.87,313740,21876,25
745.25,314243,21908,25
746.48,314743,21940,25
747.76,315247,21956,25
749.02,315749,21992,25
750.19,316251,22012,25
751.39,316753,22028,25
752.6,317257,22056,25
753.9,317759,22092,25
755.23,318263,22132,25
756.46,318767,22148,25
757.73,319267,22168,25
758.86,319770,22196,25
760.17,320270,22220,25
761.47,320773,22260,25
762.7,321273,22288,25
764.03,321776,22316,25
765.32,322280,22328,25
766.61,322781,22348,25
767.78,323284,22368,25
769.13,323786,22416,25
770.33,324286,22432,25
771.45,324786,22456,25
772.67,325288,22496,25
773.93,325792,22532,25
775.34,326292,22548,25
776.62,326794,22576,25
777.98,327295,22608,25
779.3,327796,22624,25
780.61,328297,22656,25
781.88,328799,22688,25
783.21,329300,22712,25
784.45,329803,22732,25
785.66,330307,22740,25
786.92,330808,22764,25
788.09,331311,22792,25
789.36,331814,22812,25
790.43,332315,22840,25
791.65,332817,22860,25
792.89,333319,22884,25
794.05,333821,22908,25
795.16,334325,22944,25
796.34,334826,22968,25
797.58,335327,22988,25
798.76,335831,23016,25
799.93,336331,23032,25
801.09,336833,23056,25
802.3,337335,23080,25
803.46,337835,23108,25
804.71,338335,23120,25
806.02,338839,23156,25
807.2,339340,23180,25
808.52,339840,23196,25
809.72,340340,23220,25
810.88,340841,23240,25
812.01,341341,23280,25
813.18,341844,23316,25
814.42,342345,23336,25
815.55,342847,23360,25
817.02,343348,23380,25
818.13,343852,23404,25
819.32,344354,23448,25
820.55,344857,23488,25
821.85,345359,23512,25
823.01,345861,23532,25
824.2,346362,23560,25
825.42,346865,23588,25
826.67,347367,23624,25
827.87,347870,23644,25
829.14,348370,23664,25
830.34,348872,23700,25
831.52,349373,23724,25
832.74,349873,23752,25
833.98,350377,23776,25
835.14,350877,23800,25
836.54,351379,23824,25
837.78,351879,23864,25
838.97,352382,23876,25
840.01,352882,23888,25
841.19,353382,23920,25
842.39,353882,23944,25
843.57,354386,23984,25
844.84,354886,24040,25
845.96,355390,24076,25
847.14,355890,24112,25
848.39,356393,24140,25
849.48,356894,24180,25
850.6,357396,24232,25
851.79,357899,24268,25
853.02,358399,24284,25
854.16,358900,24296,25
855.31,359402,24328,25
856.43,359905,24336,25
857.94,360406,24388,25
859.06,360906,24436,25
860.2,361409,24448,25
861.31,361909,24488,25
862.52,362411,24500,25
863.6,362915,24520,25
864.96,363416,24560,25
866.52,363919,24576,25
867.67,364419,24588,25
868.87,364921,24616,25
870.06,365422,24632,25
871.26,365923,24664,25
872.47,366424,24700,25
873.72,366925,24720,25
874.98,367428,24744,25
876.28,367930,24772,25
877.75,368431,24796,25
879.04,368935,24820,25
880.32,369436,24836,25
881.5,369938,24880,25
882.76,370439,24912,25
884.02,370941,24936,25
885.22,371443,24956,25
886.38,371947,24964,25
887.59,372451,24988,25
888.88,372952,25008,25
890.15,373452,25048,25
891.34,373956,25072,25
892.61,374459,25096,25
893.86,374962,25120,25
894.96,375464,25152,25
896.14,375968,25168,25
897.33,376472,25204,25
898.58,376972,25228,25
899.71,377475,25264,25
900.96,377977,25284,25
902.2,378481,25312,25
903.43,378982,25344,25
904.64,379485,25372,25
905.78,379988,25396,25
907.06,380488,25416,25
908.29,380990,25452,25
909.63,381492,25484,25
910.81,381995,25516,25
912.13,382496,25544,25
913.39,382998,25576,25
914.61,383500,25624,25
915.87,384003,25652,25
917,384505,25672,25
918.17,385005,25688,25
919.33,385508,25696,25
920.5,386008,25724,25
921.59,386508,25744,25
922.83,387009,25768,25
923.95,387509,25788,25
925.13,388010,25816,25
926.23,388510,25864,25
927.41,389010,25912,25
928.6,389513,25932,25
929.91,390014,25972,25
931.08,390516,25996,25
932.29,391019,26020,25
933.46,391522,26064,25
934.66,392023,26100,25
935.79,392523,26128,25
937.08,393026,26168,25
938.19,393530,26184,25
939.39,394030,26208,25
940.61,394534,26240,25
942.03,395037,26268,25
943.17,395538,26296,25
944.48,396040,26320,25
945.64,396541,26344,25
946.88,397043,26372,25
948,397547,26388,25
949.15,398047,26396,25
950.37,398547,26416,25
951.48,399047,26432,25
952.75,399548,26452,25
953.85,400050,26456,25
955.09,400551,26472,25
956.26,401054,26496,25
957.39,401554,26516,25
958.63,402058,26560,25
959.96,402559,26620,25
961.5,403060,26668,25
963.49,403560,26700,25
964.76,404063,26728,25
966.08,404567,26756,25
967.18,405067,26796,25
968.38,405567,26832,25
969.53,406071,26856,25
970.69,406574,26892,25
971.84,407077,26912,25
972.94,407579,26944,25
974.06,408080,26964,25
975.18,408581,27004,25
976.35,409085,27048,25
977.53,409587,27092,25
978.62,410091,27104,25
979.93,410594,27144,25
981.15,411094,27188,25
982.32,411598,27236,25
983.49,412102,27280,25
984.57,412604,27320,25
985.84,413104,27352,25
987.02,413606,27376,25
988.28,414110,27392,25
989.61,414612,27400,25
990.72,415113,27420,25
992.03,415616,27432,25
993.23,416117,27464,25
994.48,416617,27500,25
995.85,417118,27536,25
997.17,417621,27560,25
998.44,418122,27580,25
999.72,418623,27600,25
1000.93,419126,27632,25
1002.14,419627,27680,25
1003.46,420131,27692,25
1004.64,420631,27708,25
1005.8,421135,27732,25
1006.85,421635,27748,25
1007.99,422136,27780,25
1009.18,422639,27812,25
1010.38,423143,27844,25
1011.61,423644,27860,25
1012.77,424145,27876,25
1013.94,424645,27888,25
1015.2,425145,27924,25
1016.38,425646,27964,25
1017.55,426149,27996,25
1018.76,426651,28004,25
1020.02,427155,28048,25
1021.22,427655,28064,25
1022.37,428158,28092,25
1023.42,428659,28112,25
1024.56,429160,28144,25
1025.73,429664,28168,25
1026.95,430164,28180,25
1028.08,430666,28212,25
1029.27,431170,28244,25
1030.42,431671,28268,25
1031.61,432172,28284,25
1032.81,432672,28320,25
1033.96,433175,28348,25
1035.1,433676,28376,25
1036.26,434177,28416,25
1037.4,434680,28428,25
1038.74,435183,28440,25
1039.94,435683,28452,25
1041.18,436184,28480,25
1042.31,436687,28512,25
1043.41,437190,28540,25
1044.56,437691,28564,25
1045.77,438193,28616,25
1046.94,438694,28640,25
1048.21,439194,28660,25
1049.41,439695,28684,25
1050.66,440195,28716,25
1051.83,440697,28752,25
1052.98,441199,28780,25
1054.13,441701,28808,25
1055.33,442201,28844,25
1056.57,442702,28880,25
1057.8,443205,28916,25
1059.03,443708,28932,25
1060.34,444209,28948,25
1061.61,444713,28968,25
1062.82,445215,29000,25
1.03,500,5261,24
2.07,1001,5430,24
3,1504,5487,24
3.92,2006,5609,24
4.91,2510,5631,24
5.97,3011,5635,24
6.97,3514,5637,25
7.93,4015,5653,25
9.06,4516,5657,25
10.15,5016,5675,25
11.23,5516,5683,25
12.32,6018,5691,25
13.46,6521,5703,25
14.61,7023,5707,25
15.8,7527,5719,25
16.87,8028,5723,25
18.02,8528,5731,25
19.17,9032,5759,25
20.3,9534,5783,25
21.42,10036,5787,25
22.59,10537,5807,25
23.72,11040,5819,25
24.81,11540,5835,25
25.88,12042,5855,25
26.95,12544,5863,25
28.04,13048,5883,25
29.08,13550,5899,25
30.27,14054,5927,25
31.34,14557,5939,25
32.53,15058,5963,25
33.72,15560,5983,25
34.98,16060,5999,25
36.2,16562,6023,25
37.27,17065,6047,25
38.4,17565,6071,25
39.62,18069,6107,25
40.83,18573,6131,25
42.08,19073,6143,25
43.35,19575,6155,25
44.61,20076,6175,25
45.73,20577,6191,25
46.83,21081,6207,25
48.01,21582,6247,25
49.12,22082,6291,25
50.33,22584,6299,25
51.5,23085,6319,25
52.59,23589,6331,25
53.71,24089,6371,25
54.8,24592,6383,25
55.94,25094,6419,25
57.06,25595,6435,25
58.32,26099,6459,25
59.47,26600,6479,25
60.76,27103,6499,25
61.98,27606,6527,25
63.19,28108,6551,25
64.42,28610,6571,25
65.6,29114,6575,25
66.83,29618,6615,25
67.9,30121,6635,25
69.05,30622,6655,25
70.14,31122,6687,25
71.19,31622,6707,25
72.27,32124,6723,25
73.44,32624,6759,25
74.59,33126,6787,25
75.79,33627,6815,25
76.92,34127,6859,25
78.11,34630,6871,25
79.22,35131,6895,25
80.26,35632,6919,25
81.33,36133,6951,25
82.42,36635,6979,25
83.57,37137,6999,25
84.75,37641,7051,25
85.9,38142,7067,25
87.08,38643,7083,25
88.3,39146,7107,25
89.55,39646,7127,25
90.61,40148,7155,25
91.77,40651,7195,25
93.04,41151,7259,25
94.21,41655,7303,25
95.35,42156,7327,25
96.51,42660,7355,25
97.68,43164,7415,25
98.83,43665,7443,25
100,44168,7467,25
101.13,44670,7499,25
102.13,45171,7535,25
103.3,45674,7567,25
104.43,46178,7583,25
105.55,46682,7599,25
106.77,47183,7623,25
107.91,47684,7643,25
109.3,48184,7679,25
110.6,48685,7711,25
111.71,49186,7727,25
112.95,49687,7747,25
114.04,50189,7779,25
115.08,50689,7791,25
116.17,51190,7819,25
117.23,51691,7839,25
118.46,52193,7871,25
119.6,52697,7891,25
120.81,53197,7915,25
121.94,53700,7935,25
123.14,54203,7975,25
124.39,54705,8015,25
125.67,55205,8051,25
126.92,55705,8099,25
128.13,56206,8151,25
129.32,56707,8179,25
130.47,57210,8199,25
131.65,57713,8231,25
132.85,58215,8263,25
134.09,58715,8291,25
135.32,59216,8315,25
136.55,59719,8351,25
137.7,60220,8375,25
138.88,60724,8399,25
140.08,61226,8423,25
141.17,61727,8439,25
142.31,62227,8463,25
143.43,62729,8495,25
144.64,63233,8507,25
145.73,63734,8519,25
146.87,64238,8535,25
147.94,64741,8559,25
149.07,65241,8607,25
150.17,65743,8627,25
151.41,66247,8671,25
152.61,66747,8711,25
153.88,67248,8735,25
154.96,67749,8763,25
156.05,68249,8783,25
157.19,68752,8803,25
158.51,69254,8839,25
159.68,69755,8859,25
160.82,70257,8887,25
161.94,70757,8947,25
163.17,71257,8971,25
164.24,71757,8987,25
165.41,72257,9035,25
166.56,72761,9075,25
167.73,73264,9083,25
168.9,73766,9127,25
170.1,74269,9155,25
171.36,74773,9179,25
172.56,75273,9215,25
173.77,75777,9231,25
175.02,76278,9247,25
176.24,76778,9267,25
177.41,77279,9295,25
178.56,77783,9319,25
179.73,78284,9347,25
180.82,78788,9383,25
182.05,79292,9411,25
183.18,79792,9427,25
184.36,80294,9472,25
185.54,80798,9500,25
186.69,81302,9520,25
187.83,81805,9556,25
189.06,82309,9584,25
190.21,82812,9604,25
191.27,83313,9624,25
192.44,83813,9656,25
193.59,84317,9716,25
194.7,84819,9736,25
195.75,85322,9772,25
196.88,85826,9812,25
198.04,86328,9860,25
199.31,86832,9884,25
200.57,87333,9900,25
201.69,87833,9940,25
202.79,88336,9964,25
203.92,88839,9996,25
204.99,89341,10024,25
206.17,89841,10052,25
207.22,90342,10068,25
208.29,90843,10104,25
209.46,91347,10128,25
210.65,91851,10160,25
211.89,92352,10192,25
212.96,92853,10212,25
214.07,93353,10236,25
215.29,93856,10288,25
216.46,94360,10328,25
217.65,94861,10376,25
218.86,95365,10420,25
220.07,95865,10452,25
221.27,96366,10492,25
222.54,96867,10508,25
223.68,97369,10532,25
224.95,97872,10564,25
226.25,98372,10596,25
227.32,98876,10620,25
228.5,99380,10652,25
229.73,99884,10672,25
230.91,100384,10704,25
232.06,100885,10736,25
233.21,101385,10784,25
234.45,101887,10816,25
235.58,102391,10828,25
236.84,102893,10852,25
238.04,103394,10896,25
239.25,103896,10924,25
240.54,104396,10964,25
241.65,104899,11016,25
242.96,105402,11048,25
244.16,105902,11080,25
245.34,106405,11096,25
246.47,106908,11124,25
247.68,107412,11148,25
248.9,107916,11176,25
250.08,108418,11196,25
251.38,108920,11220,25
252.47,109424,11240,25
253.72,109924,11284,25
254.83,110424,11300,25
255.99,110928,11316,25
257.1,111431,11340,25
258.26,111931,11372,25
259.45,112433,11404,25
260.64,112934,11416,25
261.75,113436,11452,25
262.87,113937,11484,25
264.01,114437,11516,25
265.2,114939,11564,25
266.47,115441,11612,25
267.69,115943,11640,25
268.97,116446,11648,25
270.14,116947,11700,25
271.37,117448,11732,25
272.47,117950,11772,25
273.66,118451,11792,25
274.8,118951,11844,25
275.95,119451,11888,25
277.12,119955,11916,25
278.3,120459,11956,25
279.52,120961,11972,25
280.67,121463,12008,25
282.03,121967,12024,25
283.21,122469,12032,25
284.45,122970,12088,25
285.67,123472,12104,25
286.86,123973,12140,25
288.08,124473,12164,25
289.24,124975,12172,25
290.41,125478,12204,25
291.67,125980,12236,25
292.91,126483,12284,25
294,126984,12300,25
295.24,127488,12324,25
296.35,127991,12356,25
297.48,128494,12400,25
298.65,128995,12428,25
299.78,129497,12460,25
300.92,130001,12480,25
302.04,130502,12484,25
303.34,131006,12528,25
304.63,131508,12568,25
305.86,132008,12596,25
307.15,132512,12624,25
308.46,133012,12640,25
309.55,133516,12664,25
310.66,134016,12692,25
311.86,134520,12712,25
313.02,135022,12744,25
314.19,135526,12776,25
315.45,136027,12816,25
316.65,136528,12836,25
317.83,137029,12856,25
318.98,137531,12868,25
320.17,138034,12892,25
321.36,138535,12936,25
322.62,139037,12976,25
323.8,139537,13020,25
325,140041,13052,25
326.24,140544,13096,25
327.36,141045,13132,25
328.47,141549,13164,25
329.72,142051,13184,25
330.85,142554,13208,25
331.98,143058,13216,25
333.13,143560,13228,25
334.29,144064,13256,25
335.51,144567,13284,25
336.65,145067,13324,25
337.79,145571,13352,25
339.02,146075,13376,25
340.25,146577,13420,25
341.5,147077,13448,25
342.73,147580,13460,25
343.91,148083,13492,25
345.13,148587,13528,25
346.16,149091,13556,25
347.28,149592,13592,25
348.43,150095,13616,25
349.71,150595,13664,25
350.87,151096,13688,25
352.03,151599,13712,25
353.14,152100,13760,25
354.26,152601,13812,25
355.47,153104,13844,25
356.65,153606,13868,25
357.85,154106,13904,25
359.03,154610,13936,25
360.21,155110,13972,25
361.33,155611,14008,25
362.62,156114,14028,25
364.13,156618,14056,25
365.51,157118,14092,25
366.75,157619,14120,25
367.98,158123,14144,25
369.21,158625,14184,25
370.46,159125,14216,25
371.68,159628,14244,25
372.97,160132,14268,25
374.3,160633,14324,25
375.59,161134,14352,25
376.73,161638,14376,25
377.86,162139,14396,25
379.03,162640,14424,25
380.37,163144,14460,25
381.56,163645,14464,25
382.64,164149,14520,25
383.87,164650,14556,25
385.02,165154,14568,25
386.23,165658,14584,25
387.47,166162,14612,25
388.71,166666,14640,25
389.91,167170,14672,25
391.01,167673,14696,25
392.23,168173,14716,25
393.48,168674,14764,25
394.64,169174,14788,25
395.88,169678,14812,25
397.05,170182,14840,25
398.28,170684,14872,25
399.62,171185,14908,25
400.76,171688,14920,25
401.96,172188,14948,25
403.03,172690,14964,25
404.23,173192,14984,25
405.43,173696,15000,25
406.68,174198,15036,25
407.81,174698,15052,25
409.16,175201,15084,25
410.52,175702,15116,25
411.96,176202,15144,25
413.48,176703,15180,25
414.78,177203,15208,25
415.96,177705,15240,25
417.3,178208,15252,25
418.65,178708,15276,25
419.8,179209,15296,25
420.91,179712,15320,25
422.16,180213,15368,25
423.36,180714,15388,25
424.53,181216,15444,25
425.79,181718,15452,25
426.99,182219,15500,25
428.17,182719,15540,25
429.33,183221,15572,25
430.52,183723,15604,25
431.73,184223,15616,25
432.91,184727,15640,25
434.08,185231,15656,25
435.32,185734,15676,25
436.58,186237,15704,25
437.91,186741,15748,25
439.04,187241,15792,25
440.25,187743,15816,25
441.45,188246,15824,25
442.51,188749,15840,25
443.78,189252,15864,25
444.92,189752,15896,25
446.13,190253,15920,25
447.33,190753,15940,25
448.62,191253,15976,25
449.83,191757,16016,25
451.07,192261,16048,25
452.2,192761,16080,25
453.38,193261,16116,25
454.72,193762,16164,25
456.29,194266,16176,25
457.54,194769,16216,25
458.81,195273,16252,25
460.02,195776,16276,25
461.19,196280,16296,25
462.41,196784,16324,25
463.65,197284,16348,25
464.89,197785,16364,25
466.06,198286,16384,25
467.27,198790,16400,25
468.57,199291,16428,25
469.8,199795,16480,25
471.09,200299,16508,25
472.27,200800,16536,25
473.55,201303,16564,25
474.77,201807,16584,25
475.91,202308,16600,25
477.25,202812,16632,25
478.51,203313,16656,25
479.72,203813,16676,25
480.99,204316,16712,25
482.36,204818,16736,25
483.66,205318,16748,25
484.98,205822,16776,25
486.16,206323,16792,25
487.34,206823,16808,25
488.55,207327,16848,25
489.64,207831,16880,25
490.9,208333,16908,25
492.09,208833,16928,25
493.21,209334,16964,25
494.32,209834,17004,25
495.55,210338,17028,25
496.7,210838,17056,25
497.92,211339,17084,25
499.18,211843,17108,25
500.43,212345,17164,25
501.49,212846,17180,25
502.68,213346,17196,25
503.89,213846,17212,25
505.1,214348,17248,25
506.32,214848,17272,25
507.79,215348,17304,25
509.26,215852,17352,25
510.54,216352,17380,25
511.6,216853,17396,25
512.62,217355,17420,25
513.76,217859,17440,25
514.9,218363,17472,25
516.03,218865,17504,25
517.15,219369,17520,25
518.35,219872,17552,25
519.62,220376,17584,25
520.85,220877,17608,25
522.12,221378,17632,25
523.34,221878,17668,25
524.63,222379,17692,25
525.88,222880,17748,25
527,223383,17780,25
528.17,223884,17812,25
529.56,224384,17844,25
530.85,224887,17884,25
532.02,225388,17904,25
533.25,225888,17924,25
534.42,226388,17960,25
535.7,226890,17980,25
536.84,227393,18000,25
538,227896,18036,25
539.2,228399,18064,25
540.31,228899,18092,25
541.54,229400,18124,25
542.7,229901,18160,25
543.81,230403,18188,25
545.02,230904,18216,25
546.24,231404,18240,25
547.49,231908,18276,25
548.7,232409,18316,25
549.99,232911,18344,25
551.17,233411,18392,25
552.29,233912,18420,25
553.41,234416,18444,25
554.67,234917,18468,25
555.84,235419,18488,25
557.01,235922,18528,25
558.18,236423,18560,25
559.42,236923,18588,25
560.61,237424,18632,25
561.78,237926,18664,25
562.96,238429,18688,25
564.16,238931,18712,25
565.35,239435,18724,25
566.46,239935,18756,25
567.72,240436,18800,25
568.84,240938,18824,25
569.96,241438,18856,25
571.09,241942,18880,25
572.44,242446,18896,25
573.64,242946,18912,25
574.84,243448,18920,25
576.03,243948,18948,25
577.17,244450,18976,25
578.59,244954,19012,25
579.84,245455,19040,25
581.12,245959,19056,25
582.41,246461,19096,25
583.75,246962,19124,25
585.18,247466,19176,25
586.36,247967,19200,25
587.51,248471,19220,25
588.81,248973,19256,25
589.96,249475,19288,25
591.15,249977,19312,25
592.43,250479,19348,25
593.55,250983,19380,25
594.76,251486,19400,25
595.96,251988,19428,25
597.06,252489,19444,25
598.17,252993,19472,25
599.32,253496,19512,25
600.49,253997,19544,25
601.71,254498,19576,25
602.91,255001,19600,25
604.11,255505,19624,25
605.27,256007,19672,25
606.44,256507,19700,25
607.7,257010,19724,25
608.82,257510,19756,25
609.95,258011,19796,25
611.28,258514,19824,25
612.52,259015,19860,25
613.74,259517,19888,25
615,260017,19948,25
616.23,260521,19988,25
617.46,261021,20004,25
618.61,261522,20044,25
619.71,262022,20084,25
620.78,262522,20104,25
621.89,263024,20136,25
623.08,263526,20156,25
624.24,264028,20176,25
625.33,264531,20188,25
626.6,265034,20208,25
627.83,265534,20240,25
629.21,266037,20268,25
630.41,266537,20284,25
631.68,267040,20304,25
633,267544,20328,25
634.17,268047,20356,25
635.46,268551,20380,25
636.64,269055,20404,25
637.8,269557,20440,25
639.05,270060,20468,25
640.25,270560,20504,25
641.44,271063,20524,25
642.7,271566,20552,25
643.9,272067,20556,25
645.13,272571,20600,25
646.37,273073,20628,25
647.63,273575,20668,25
648.96,274076,20700,25
650.4,274579,20740,25
651.81,275081,20748,25
652.97,275581,20764,25
654.15,276082,20800,25
655.37,276584,20828,25
656.66,277085,20864,25
658.08,277588,20904,25
659.45,278092,20944,25
660.75,278596,20976,25
662.22,279098,21008,25
663.84,279600,21036,25
665.27,280100,21056,25
666.58,280603,21076,25
668.1,281103,21096,25
669.37,281605,21120,25
670.62,282106,21140,25
671.82,282607,21168,25
673.25,283109,21220,25
674.43,283610,21240,25
675.61,284110,21272,25
676.86,284613,21292,25
678.18,285115,21336,25
679.58,285619,21356,25
680.87,286121,21376,25
682.19,286625,21408,25
683.62,287127,21448,25
685.04,287629,21460,25
686.27,288133,21492,25
687.54,288635,21512,25
688.78,289136,21532,25
689.96,289636,21552,25
691.22,290139,21564,25
692.54,290642,21592,25
693.87,291142,21616,25
695.04,291642,21640,25
696.23,292146,21684,25
697.5,292650,21724,25
698.77,293152,21756,25
700.13,293652,21800,25
701.59,294152,21816,25
703.09,294655,21844,25
704.46,295158,21868,25
705.82,295658,21896,25
707.18,296162,21912,25
708.42,296665,21956,25
709.81,297167,21984,25
711.09,297669,22008,25
712.35,298173,22016,25
713.61,298676,22060,25
714.85,299180,22092,25
716.14,299683,22112,25
717.38,300183,22152,25
718.64,300685,22168,25
719.99,301188,22200,25
721.23,301689,22224,25
722.59,302192,22256,25
723.95,302692,22300,25
725.26,303193,22336,25
726.56,303694,22356,25
727.95,304195,22392,25
729.33,304696,22412,25
730.66,305197,22452,25
732.06,305701,22468,25
733.3,306201,22488,25
734.7,306702,22528,25
735.89,307206,22560,25
737.19,307707,22584,25
738.57,308210,22636,25
739.93,308714,22656,25
741.35,309217,22672,25
742.62,309720,22708,25
743.84,310220,22728,25
745.09,310721,22756,25
746.25,311222,22792,25
747.46,311726,22820,25
748.7,312227,22864,25
749.75,312727,22864,25
750.93,313228,22896,25
752.18,313731,22908,25
753.37,314234,22944,25
754.58,314738,22964,25
755.85,315241,22984,25
757.05,315744,23020,25
758.39,316248,23056,25
759.66,316748,23072,25
760.97,317248,23116,25
762.21,317752,23152,25
763.44,318255,23176,25
764.7,318757,23216,25
765.81,319258,23252,25
767,319762,23280,25
768.13,320263,23320,25
769.54,320767,23364,25
770.77,321270,23384,25
772.02,321770,23440,25
773.32,322270,23480,25
774.62,322771,23500,25
775.89,323273,23532,25
777.05,323774,23548,25
778.29,324275,23596,25
779.56,324775,23636,25
780.73,325276,23672,25
781.96,325778,23716,25
783.1,326278,23740,25
784.27,326782,23756,25
785.5,327286,23772,25
786.72,327786,23792,25
787.91,328290,23812,25
789.08,328793,23856,25
790.25,329297,23884,25
791.41,329798,23900,25
792.58,330299,23916,25
793.78,330799,23940,25
794.96,331303,23956,25
796.12,331807,23996,25
797.44,332307,24036,25
798.61,332807,24060,25
799.87,333308,24100,25
801.14,333808,24148,25
802.3,334308,24184,25
803.46,334811,24196,25
804.66,335313,24232,25
805.83,335814,24252,25
807.01,336315,24284,25
808.22,336819,24316,25
809.5,337321,24336,25
810.65,337825,24380,25
811.92,338328,24424,25
813.23,338831,24440,25
814.47,339331,24460,25
815.73,339832,24480,25
817.13,340336,24520,25
818.5,340839,24544,25
819.91,341340,24584,25
821.4,341844,24628,25
822.74,342348,24648,25
824.24,342851,24688,25
825.59,343352,24724,25
827.11,343853,24740,25
828.54,344353,24760,25
829.96,344854,24780,25
831.25,345358,24812,25
832.63,345858,24852,25
833.96,346362,24888,25
835.41,346865,24940,25
836.68,347367,24964,25
837.88,347871,24980,25
839.16,348372,25020,25
840.67,348873,25040,25
842.05,349373,25060,25
843.24,349873,25088,25
844.52,350373,25108,25
845.94,350877,25168,25
847.16,351377,25196,25
848.44,351877,25228,25
849.68,352378,25248,25
850.86,352882,25296,25
852.03,353382,25316,25
853.23,353883,25320,25
854.41,354383,25348,25
855.66,354883,25380,25
856.95,355387,25392,25
858.52,355891,25428,25
859.85,356391,25468,25
861.11,356891,25508,25
862.37,357393,25552,25
863.95,357897,25588,25
865.41,358397,25624,25
866.71,358898,25656,25
867.85,359400,25676,25
868.9,359903,25708,25
870.11,360406,25740,25
871.38,360906,25768,25
872.52,361410,25812,25
873.8,361911,25836,25
874.99,362411,25884,25
876.3,362911,25900,25
877.56,363414,25928,25
878.87,363916,25956,25
880,364418,25964,25
881.12,364921,25984,25
882.41,365425,26024,25
883.67,365928,26080,25
884.97,366432,26120,25
886.17,366935,26140,25
887.45,367435,26164,25
888.8,367937,26208,25
890.09,368437,26248,25
891.37,368938,26276,25
892.6,369442,26288,25
895.43,369945,26332,25
896.64,370447,26348,25
897.97,370949,26384,25
899.12,371449,26404,25
900.33,371952,26432,25
901.55,372452,26468,25
902.85,372954,26484,25
904.12,373457,26492,25
905.3,373959,26524,25
906.64,374460,26544,25
907.91,374962,26572,25
909.14,375466,26584,25
910.36,375969,26608,25
911.6,376472,26640,25
912.78,376972,26660,25
914.03,377472,26680,25
915.26,377973,26696,25
916.46,378477,26720,25
917.64,378977,26732,25
919.07,379480,26768,25
920.27,379983,26804,25
921.53,380487,26828,25
922.7,380989,26844,25
924.02,381490,26868,25
925.28,381992,26900,25
926.61,382495,26936,25
927.84,382998,26972,25
929.2,383502,26984,25
930.42,384006,27004,25
931.61,384509,27028,25
932.84,385013,27068,25
934.21,385516,27080,25
935.54,386016,27104,25
936.82,386516,27120,25
938.05,387018,27148,25
939.22,387521,27184,25
940.42,388021,27224,25
941.64,388523,27248,25
942.97,389025,27288,25
944.18,389528,27316,25
945.45,390030,27348,25
946.81,390530,27380,25
948.26,391030,27416,25
949.61,391530,27436,25
950.86,392031,27448,25
952.17,392532,27480,25
953.47,393035,27524,25
954.6,393536,27544,25
955.91,394038,27564,25
957.14,394540,27572,25
958.36,395044,27584,25
959.55,395548,27612,25
960.78,396049,27648,25
961.9,396551,27688,25
962.99,397054,27700,25
964.16,397554,27712,25
965.45,398056,27752,25
966.7,398557,27780,25
968.08,399059,27816,25
969.31,399562,27848,25
970.5,400064,27856,25
971.65,400565,27892,25
972.79,401066,27912,25
974.08,401568,27940,25
975.33,402070,27944,25
976.44,402570,27980,25
977.68,403074,27992,25
978.91,403575,28008,25
980.13,404076,28048,25
981.34,404578,28072,25
982.55,405081,28108,25
983.87,405581,28144,25
985.23,406085,28160,25
986.45,406588,28192,25
987.73,407088,28216,25
989.01,407592,28228,25
990.24,408096,28260,25
991.61,408597,28272,25
992.91,409098,28308,25
994.46,409600,28336,25
995.65,410104,28384,25
996.87,410604,28404,25
998.14,411107,28436,25
999.48,411608,28472,25
1000.73,412109,28488,25
1003.17,412609,28520,25
1004.52,413109,28556,25
1005.79,413613,28596,25
1007.14,414114,28624,25
1008.69,414615,28664,25
1010.19,415115,28708,25
1011.56,415619,28740,25
1012.8,416123,28760,25
1014.09,416625,28792,25
1015.42,417129,28808,25
1016.68,417630,28832,25
1017.91,418130,28856,25
1019.18,418634,28880,25
1020.49,419137,28904,25
1021.69,419641,28932,25
1022.92,420143,28960,25
1024.08,420645,28988,25
1025.41,421145,29032,25
1026.63,421647,29060,25
1028.08,422148,29092,25
1029.37,422651,29136,25
1030.53,423153,29144,25
1031.72,423656,29168,25
1033.11,424156,29200,25
1034.36,424658,29256,25
1035.69,425160,29276,25
1037.25,425660,29308,25
1038.53,426162,29324,25
1039.85,426665,29364,25
1041.27,427169,29392,25
1042.63,427672,29412,25
1044.08,428175,29456,25
1045.5,428676,29504,25
1046.7,429178,29528,25
1.18,500,4750,28
2.33,1001,4860,28
3.37,1501,4860,28
4.58,2001,5583,29
5.71,2502,5583,29
6.81,3002,5583,29
7.91,3502,5583,29
8.99,4002,5583,29
10.04,4503,5587,29
11.15,5007,5637,29
12.25,5510,5643,29
13.32,6011,5647,29
14.33,6511,5647,29
15.45,7013,5661,30
16.57,7517,5669,30
17.66,8021,5677,30
18.82,8525,5685,30
19.85,9026,5689,30
20.81,9526,5689,30
21.79,10027,5701,30
22.79,10530,5725,30
23.82,11031,5729,30
24.79,11532,5745,30
25.91,12034,5753,30
27.05,12537,5757,30
28.13,13041,5777,30
29.15,13544,5785,30
30.09,14045,5789,30
31.09,14549,5801,30
32.17,15053,5817,30
33.27,15555,5825,30
34.5,16056,5829,30
35.64,16558,5873,30
36.62,17061,5897,30
37.54,17561,5925,30
38.53,18063,5929,30
39.58,18564,5949,30
40.69,19065,5969,30
41.8,19567,5977,30
43.02,20070,6001,30
44.14,20572,6005,30
45.26,21074,6029,30
46.41,21578,6045,30
47.41,22078,6061,30
48.49,22578,6097,30
49.52,23078,6141,30
50.71,23581,6153,30
51.85,24081,6165,30
52.97,24584,6181,30
54.05,25088,6197,30
55.2,25590,6213,30
56.65,26094,6229,30
58.1,26595,6249,30
59.41,27095,6261,30
60.72,27598,6285,30
61.88,28101,6313,30
63.08,28602,6317,30
64.23,29106,6341,30
65.42,29606,6361,30
66.56,30109,6373,30
67.9,30610,6405,30
69.16,31114,6449,30
70.35,31617,6465,30
71.72,32121,6493,30
72.95,32621,6521,30
74.15,33123,6541,30
75.4,33624,6553,30
76.55,34127,6589,30
77.73,34630,6613,30
78.83,35134,6629,30
79.89,35638,6641,30
81.2,36141,6669,30
82.46,36643,6693,30
83.83,37145,6729,30
84.95,37649,6773,30
86.2,38150,6805,30
87.45,38651,6849,30
88.76,39155,6877,30
89.95,39656,6905,30
91.1,40159,6945,30
92.27,40660,6973,30
93.45,41163,6993,30
94.56,41667,7009,30
95.7,42167,7053,30
96.88,42667,7053,30
97.99,43168,7089,30
99.22,43669,7113,30
100.5,44169,7133,30
101.81,44673,7185,30
103.04,45175,7205,30
104.31,45676,7245,30
105.54,46179,7257,30
106.64,46683,7285,30
107.81,47183,7305,30
109.12,47686,7341,30
110.37,48189,7365,30
111.57,48689,7385,30
112.93,49189,7421,30
114.06,49690,7441,30
115.24,50193,7457,30
116.47,50697,7505,30
117.64,51201,7521,30
118.92,51705,7549,30
120.02,52205,7577,30
121.26,52709,7601,30
122.6,53213,7629,30
123.81,53715,7637,30
124.96,54217,7669,30
126,54718,7689,30
127.14,55220,7713,30
128.25,55720,7733,30
129.5,56222,7749,30
130.64,56724,7777,30
131.88,57226,7829,30
133.04,57730,7841,30
134.33,58234,7861,30
135.59,58735,7881,30
136.77,59236,7909,30
138.02,59739,7937,30
139.46,60240,7941,30
140.71,60742,7973,30
141.86,61242,7989,30
143.09,61742,8033,30
144.27,62245,8045,30
145.34,62746,8061,30
146.49,63247,8085,30
147.72,63748,8101,30
148.9,64251,8129,30
150.06,64752,8149,30
151.24,65255,8185,30
152.51,65756,8209,30
153.87,66256,8229,30
155.29,66759,8253,30
156.52,67259,8277,30
157.73,67761,8297,30
158.91,68263,8329,30
160.2,68764,8349,30
161.42,69264,8361,30
162.65,69764,8381,30
163.77,70266,8421,30
165.04,70766,8477,30
166.24,71267,8501,30
167.4,71768,8533,30
168.52,72268,8569,30
169.82,72768,8585,30
171.03,73269,8625,30
172.24,73771,8649,30
173.4,74273,8673,30
174.5,74777,8713,30
175.68,75278,8757,30
176.84,75780,8765,30
178.06,76281,8789,30
179.26,76782,8809,30
180.33,77283,8821,30
181.6,77785,8853,30
182.89,78286,8873,30
184.01,78787,8889,30
185.18,79288,8913,30
186.38,79789,8961,30
187.51,80289,8981,30
188.8,80789,9021,30
189.94,81289,9049,30
191.06,81792,9061,30
192.19,82294,9093,30
193.41,82794,9133,30
194.63,83295,9165,30
195.88,83796,9193,30
197.03,84298,9213,30
198.32,84802,9241,30
199.55,85305,9249,30
200.69,85805,9277,30
201.81,86308,9289,30
202.99,86812,9333,30
204.16,87312,9345,30
205.31,87812,9369,30
206.53,88315,9405,30
207.64,88816,9437,30
208.78,89320,9481,30
210.02,89822,9517,30
211.21,90326,9545,30
212.37,90826,9593,30
213.73,91328,9617,30
214.97,91831,9637,30
216.1,92331,9665,30
217.38,92831,9729,30
218.62,93335,9749,30
219.77,93838,9773,30
221,94340,9829,30
222.21,94842,9857,30
223.41,95344,9881,30
224.69,95847,9909,30
225.93,96351,9941,30
227.11,96854,9985,30
228.34,97355,10001,30
229.49,97855,10041,30
230.79,98358,10073,30
232.08,98858,10097,30
233.33,99358,10113,30
234.49,99861,10149,30
235.63,100364,10197,30
236.74,100867,10229,30
237.86,101367,10269,30
238.99,101871,10293,30
240.06,102371,10317,30
241.25,102875,10333,30
242.41,103378,10345,30
243.53,103878,10365,30
244.75,104380,10389,30
245.92,104880,10413,30
247.18,105384,10453,30
248.46,105887,10493,30
249.73,106387,10529,30
250.97,106889,10561,30
252.18,107391,10581,30
253.44,107893,10589,30
254.56,108396,10617,30
255.74,108898,10641,30
256.96,109401,10673,30
258.41,109905,10689,30
259.81,110408,10721,30
261.04,110911,10741,30
262.2,111415,10761,30
263.3,111916,10797,30
264.6,112419,10821,30
265.82,112921,10857,30
267.09,113421,10877,30
268.23,113925,10909,30
269.41,114427,10941,30
270.59,114928,10961,30
272.03,115428,10993,30
273.23,115932,11009,30
274.49,116435,11049,30
275.61,116935,11077,30
276.74,117436,11097,30
277.94,117937,11117,30
279.2,118440,11145,30
280.39,118941,11181,30
281.43,119444,11217,30
282.67,119944,11245,30
283.87,120446,11257,30
285.08,120946,11277,30
286.26,121446,11305,30
287.51,121947,11325,30
289.01,122451,11337,30
290.16,122953,11345,30
291.33,123455,11381,30
292.52,123956,11409,30
293.76,124459,11421,30
294.99,124959,11453,30
296.11,125463,11481,30
297.29,125966,11509,30
298.44,126469,11537,30
299.71,126971,11565,30
300.8,127473,11613,30
301.96,127975,11637,30
303.14,128477,11665,30
304.37,128978,11689,30
305.58,129482,11713,30
306.76,129983,11729,30
307.9,130486,11757,30
309.19,130988,11817,30
310.39,131492,11837,30
311.48,131994,11845,30
312.69,132494,11877,30
313.85,132998,11913,30
314.91,133498,11957,30
316.14,134002,11997,30
317.37,134504,12021,30
318.67,135007,12041,30
319.91,135508,12053,30
321.14,136011,12081,30
322.37,136513,12121,30
323.52,137017,12153,30
324.7,137520,12173,30
326.15,138024,12241,30
327.34,138524,12281,30
328.61,139024,12313,30
329.86,139526,12333,30
331.25,140027,12373,30
332.54,140530,12401,30
333.79,141030,12437,30
335.03,141532,12465,30
336.2,142033,12489,30
337.39,142534,12505,30
338.56,143038,12521,30
339.87,143542,12537,30
341.18,144044,12553,30
342.37,144547,12589,30
343.65,145051,12609,30
344.84,145553,12645,30
345.95,146055,12685,30
347.24,146557,12713,30
348.45,147057,12753,30
349.72,147560,12773,30
350.91,148064,12809,30
352.09,148566,12825,30
353.29,149070,12841,30
354.44,149573,12869,30
355.68,150073,12909,30
356.85,150574,12941,30
358.1,151076,12969,30
359.32,151576,13001,30
360.48,152077,13065,30
361.74,152580,13097,30
362.92,153082,13141,30
364.16,153583,13173,30
365.35,154083,13193,30
366.69,154583,13225,30
367.89,155083,13237,30
369.01,155587,13273,30
370.24,156089,13301,30
371.44,156589,13337,30
372.7,157089,13345,30
373.8,157592,13385,30
375.08,158092,13417,30
376.3,158596,13453,30
377.41,159097,13477,30
378.72,159601,13505,30
380.04,160101,13529,30
381.25,160605,13565,30
382.54,161109,13569,30
383.81,161612,13609,30
384.95,162115,13649,30
386.13,162616,13669,30
387.33,163120,13693,30
388.46,163622,13733,30
389.59,164125,13749,30
390.68,164629,13789,30
392.02,165131,13833,30
393.28,165635,13869,30
394.49,166137,13909,30
395.57,166640,13937,30
396.68,167144,13953,30
397.85,167648,13965,30
399.08,168148,13993,30
400.35,168650,14013,30
401.51,169154,14041,30
402.66,169655,14061,30
403.82,170156,14093,30
405.05,170660,14129,30
406.28,171164,14161,30
407.51,171665,14189,30
408.74,172168,14229,30
409.95,172668,14265,30
411.21,173168,14281,30
412.48,173668,14313,30
413.7,174170,14341,30
414.97,174670,14377,30
416.2,175174,14389,30
417.47,175678,14417,30
418.66,176178,14449,30
419.97,176682,14481,30
421.31,177184,14505,30
422.51,177686,14529,30
423.66,178188,14553,30
424.99,178691,14581,30
426.27,179193,14613,30
427.55,179697,14629,30
428.86,180200,14653,30
430.1,180701,14677,30
431.28,181204,14709,30
432.5,181707,14725,30
433.74,182207,14741,30
435.11,182709,14777,30
436.38,183211,14821,30
437.64,183711,14841,30
438.89,184214,14885,30
440.07,184714,14917,30
441.24,185216,14945,30
442.71,185717,14969,30
444,186221,14993,30
445.42,186725,15029,30
446.71,187227,15049,30
448,187730,15073,30
449.42,188233,15097,30
450.59,188733,15133,30
451.89,189237,15161,30
453.13,189741,15189,30
454.35,190241,15237,30
455.59,190745,15249,30
456.77,191245,15265,30
458.07,191745,15289,30
459.39,192248,15317,30
460.65,192752,15333,30
461.83,193255,15353,30
463.05,193758,15385,30
464.21,194259,15401,30
465.39,194762,15409,30
466.52,195265,15433,30
467.81,195765,15465,30
468.91,196266,15469,30
470.12,196769,15489,30
471.35,197273,15529,30
472.56,197776,15565,30
473.69,198280,15573,30
474.84,198782,15609,30
476.01,199283,15633,30
477.25,199786,15641,30
478.51,200286,15669,30
479.68,200789,15693,30
480.81,201289,15709,30
481.94,201793,15749,30
483.1,202294,15797,30
484.27,202797,15805,30
485.5,203301,15821,30
486.6,203803,15861,30
487.79,204304,15901,30
488.98,204806,15937,30
490.13,205308,15953,30
491.29,205811,15997,30
492.52,206313,16013,30
493.85,206814,16037,30
495.09,207317,16065,30
496.3,207819,16085,30
497.54,208319,16149,30
498.79,208822,16177,30
500.01,209326,16217,30
501.3,209829,16261,30
502.44,210332,16273,30
503.54,210836,16301,30
504.72,211339,16329,30
505.91,211842,16361,30
507.19,212342,16373,30
508.45,212845,16401,30
509.93,213345,16425,30
511.19,213848,16453,30
512.37,214349,16497,30
513.59,214852,16521,30
514.7,215353,16561,30
515.83,215853,16585,30
517.02,216354,16613,30
518.26,216857,16641,30
519.55,217359,16685,30
520.71,217859,16701,30
521.79,218363,16717,30
523.1,218864,16753,30
524.43,219368,16777,30
525.72,219868,16817,30
526.88,220372,16829,30
528.12,220873,16849,30
529.3,221374,16881,30
530.45,221877,16901,30
531.52,222380,16929,30
532.84,222881,16969,30
534.02,223383,16993,30
535.3,223886,17017,30
536.62,224390,17041,30
537.75,224894,17073,30
538.98,225398,17093,30
540.26,225898,17133,30
541.51,226398,17153,30
542.73,226898,17185,30
544.1,227401,17213,30
545.32,227902,17253,30
546.48,228402,17285,30
547.66,228905,17313,30
548.83,229405,17325,30
549.95,229909,17357,30
551.21,230412,17385,30
552.39,230916,17413,30
553.55,231420,17441,30
554.77,231924,17469,30
555.94,232424,17517,30
557.44,232924,17549,30
558.75,233425,17569,30
559.93,233927,17593,30
561.11,234427,17613,30
562.27,234931,17633,30
563.66,235433,17673,30
564.87,235935,17681,30
566.16,236439,17697,30
567.42,236940,17713,30
568.75,237444,17749,30
569.88,237944,17765,30
570.91,238448,17797,30
572.1,238949,17849,30
573.28,239451,17889,30
574.56,239953,17909,30
575.74,240453,17929,30
576.99,240955,17941,30
578.29,241457,17961,30
579.4,241960,18005,30
580.56,242462,18041,30
581.85,242962,18057,30
583.23,243466,18081,30
584.4,243967,18125,30
585.54,244471,18153,30
586.76,244974,18161,30
587.95,245474,18181,30
589.06,245978,18209,30
590.22,246479,18225,30
591.41,246979,18257,30
592.79,247482,18281,30
594,247985,18301,30
595.18,248488,18337,30
596.32,248988,18365,30
597.52,249488,18397,30
598.77,249989,18433,30
600.01,250491,18465,30
601.26,250994,18485,30
602.43,251497,18497,30
603.66,251999,18521,30
604.78,252499,18549,30
605.89,252999,18605,30
607.02,253500,18625,30
608.2,254003,18677,30
609.28,254507,18697,30
610.47,255007,18733,30
611.63,255507,18773,30
612.83,256010,18801,30
614.1,256514,18837,30
615.25,257014,18865,30
616.58,257517,18893,30
617.75,258020,18929,30
619.09,258524,18957,30
620.43,259028,18993,30
621.6,259529,19021,30
622.74,260033,19041,30
623.94,260534,19069,30
625.33,261038,19081,30
626.65,261540,19121,30
627.82,262041,19153,30
629.02,262544,19185,30
630.27,263045,19233,30
631.57,263547,19253,30
632.83,264048,19293,30
634.06,264549,19305,30
635.37,265049,19325,30
636.49,265551,19337,30
637.69,266055,19373,30
638.79,266555,19401,30
640,267057,19421,30
641.23,267560,19445,30
642.43,268061,19469,30
643.61,268563,19497,30
644.85,269063,19525,30
646.15,269563,19545,30
647.37,270067,19589,30
648.63,270571,19621,30
649.89,271075,19645,30
651.08,271577,19673,30
652.16,272077,19701,30
653.23,272578,19717,30
654.31,273081,19729,30
655.37,273584,19741,30
656.53,274088,19753,30
657.77,274590,19773,30
659.27,275091,19797,30
660.59,275595,19837,30
661.89,276096,19865,30
663.17,276597,19885,30
664.49,277100,19937,30
665.75,277602,19953,30
666.95,278104,19993,30
668.13,278608,20021,30
669.26,279110,20061,30
670.37,279614,20097,30
671.53,280117,20125,30
672.66,280620,20149,30
673.85,281120,20185,30
675.09,281621,20209,30
676.24,282124,20241,30
677.44,282627,20269,30
678.71,283129,20293,30
679.95,283630,20329,30
681.12,284133,20361,30
682.28,284635,20397,30
683.54,285139,20449,30
684.68,285641,20473,30
685.83,286141,20509,30
686.99,286645,20549,30
688.12,287147,20569,30
689.29,287647,20593,30
690.57,288147,20629,30
691.69,288647,20657,30
692.96,289148,20693,30
694.11,289648,20733,30
695.28,290149,20753,30
696.49,290652,20773,30
697.79,291153,20793,30
698.93,291656,20813,30
700.11,292159,20841,30
701.34,292661,20865,30
702.53,293161,20901,30
703.81,293664,20941,30
705.13,294167,20989,30
706.28,294669,20993,30
707.45,295170,21013,30
708.61,295673,21069,30
709.74,296177,21113,30
710.89,296678,21157,30
712.12,297179,21177,30
713.33,297680,21205,30
714.48,298184,21229,30
715.62,298685,21245,30
716.79,299189,21277,30
717.95,299690,21305,30
719.2,300192,21345,30
720.42,300692,21385,30
721.78,301196,21401,30
723.3,301698,21421,30
724.45,302201,21449,30
725.8,302704,21477,30
727.27,303204,21505,30
728.47,303705,21521,30
729.64,304208,21557,30
730.77,304708,21597,30
731.87,305208,21641,30
733.14,305712,21677,30
734.31,306216,21701,30
735.41,306719,21733,30
736.65,307222,21761,30
737.97,307725,21789,30
739.39,308225,21837,30
740.58,308725,21893,30
741.8,309227,21933,30
743.01,309728,21973,30
744.25,310230,21997,30
745.51,310733,22033,30
746.57,311236,22057,30
747.81,311737,22089,30
748.88,312239,22113,30
750.12,312743,22137,30
751.62,313245,22161,30
752.79,313748,22185,30
754.03,314252,22217,30
755.35,314756,22249,30
756.59,315258,22273,30
757.77,315759,22293,30
758.98,316263,22309,30
760.13,316763,22329,30
761.35,317267,22369,30
762.5,317769,22377,30
763.63,318272,22413,30
764.79,318773,22441,30
765.77,319275,22457,30
766.97,319776,22489,30
768.17,320280,22513,30
769.5,320781,22533,30
770.82,321284,22553,30
772.1,321786,22569,30
773.33,322286,22601,30
774.51,322790,22625,30
775.75,323294,22673,30
776.97,323797,22677,30
778.06,324298,22713,30
779.23,324801,22741,30
780.41,325301,22773,30
781.64,325804,22797,30
782.89,326306,22817,30
784.1,326807,22833,30
785.29,327310,22869,30
786.55,327812,22897,30
787.66,328315,22925,30
788.84,328817,22961,30
790.05,329318,22981,30
791.34,329821,22989,30
792.49,330321,23005,30
793.76,330824,23037,30
795.04,331325,23053,30
796.3,331825,23053,30
797.57,332325,23081,30
798.88,332827,23117,30
800.04,333329,23149,30
801.22,333831,23173,30
802.4,334333,23217,30
803.62,334836,23253,30
804.82,335340,23277,30
805.97,335842,23321,30
807.22,336345,23357,30
808.46,336846,23405,30
809.65,337348,23433,30
810.84,337850,23469,30
812.06,338350,23485,30
813.2,338853,23493,30
814.47,339354,23529,30
815.79,339854,23573,30
817.09,340357,23597,30
818.47,340858,23617,30
819.68,341359,23641,30
820.99,341862,23673,30
822.3,342364,23693,30
823.52,342864,23737,30
824.79,343368,23769,30
825.93,343872,23797,30
827.28,344372,23825,30
828.64,344876,23857,30
829.83,345377,23869,30
831.05,345877,23893,30
832.32,346378,23921,30
833.5,346882,23965,30
834.84,347385,24005,30
836.16,347885,24041,30
837.41,348388,24053,30
838.72,348888,24073,30
840.04,349391,24113,30
841.34,349895,24129,30
842.61,350396,24149,30
843.81,350899,24173,30
845.1,351400,24189,30
846.25,351902,24209,30
847.4,352406,24225,30
848.71,352906,24241,30
849.98,353409,24277,30
851.28,353909,24305,30
852.73,354410,24337,30
854.09,354913,24361,30
855.39,355414,24377,30
856.53,355915,24397,30
857.84,356419,24429,30
859.25,356922,24461,30
860.57,357425,24493,30
861.77,357926,24521,30
863.4,358429,24541,30
864.61,358933,24553,30
866.11,359435,24581,30
867.4,359939,24609,30
868.69,360439,24629,30
870.16,360939,24657,30
871.39,361441,24685,30
872.61,361942,24733,30
873.69,362445,24781,30
874.96,362947,24813,30
876.37,363449,24833,30
877.61,363952,24845,30
878.92,364452,24869,30
880.16,364955,24897,30
881.38,365456,24953,30
882.54,365957,24981,30
883.77,366461,25005,30
884.94,366965,25033,30
886.15,367469,25057,30
887.37,367972,25077,30
888.71,368474,25097,30
890.03,368976,25117,30
891.28,369479,25145,30
892.52,369981,25173,30
893.98,370485,25197,30
895.18,370987,25233,30
896.33,371487,25257,30
897.46,371990,25289,30
898.54,372490,25313,30
899.81,372992,25357,30
901,373496,25385,30
902.44,373998,25413,30
903.65,374499,25445,30
904.9,374999,25481,30
906.01,375500,25513,30
907.24,376001,25541,30
908.49,376503,25565,30
909.84,377006,25625,30
911.09,377508,25641,30
912.39,378012,25665,30
913.64,378512,25685,30
914.98,379013,25697,30
916.38,379517,25713,30
917.69,380021,25729,30
918.92,380524,25753,30
920.19,381024,25793,30
921.42,381526,25801,30
922.91,382027,25825,30
924.22,382530,25869,30
925.55,383030,25917,30
926.87,383534,25949,30
928.47,384035,25997,30
929.72,384538,26009,30
930.86,385041,26021,30
932.01,385542,26041,30
933.39,386045,26073,30
934.62,386549,26117,30
935.89,387049,26133,30
937.1,387549,26149,30
938.3,388050,26181,30
939.48,388554,26217,30
940.68,389054,26257,30
941.93,389554,26277,30
943.38,390056,26329,30
944.6,390558,26365,30
945.88,391062,26393,30
947.03,391564,26429,30
950.21,392066,26469,30
951.5,392566,26497,30
952.81,393069,26517,30
954.02,393570,26553,30
955.33,394070,26573,30
956.57,394573,26601,30
957.84,395076,26633,30
959.07,395578,26677,30
960.31,396078,26725,30
961.54,396579,26745,30
962.8,397080,26777,30
964.02,397583,26801,30
965.19,398086,26817,30
966.36,398588,26841,30
967.75,399092,26865,30
968.98,399593,26869,30
970.33,400095,26913,30
971.62,400597,26953,30
972.92,401100,27001,30
974.08,401601,27029,30
975.4,402101,27061,30
976.6,402601,27101,30
977.78,403104,27137,30
979.04,403607,27157,30
980.28,404109,27197,30
981.49,404610,27213,30
982.83,405111,27249,30
984.35,405612,27289,30
985.78,406114,27333,30
987,406616,27353,30
988.31,407118,27377,30
989.38,407619,27429,30
990.5,408120,27449,30
991.73,408623,27505,30
992.92,409124,27529,30
994.17,409624,27569,30
995.35,410127,27601,30
996.61,410628,27637,30
997.85,411128,27665,30
999.06,411628,27705,30
1000.3,412128,27717,30
1001.52,412632,27757,30
1002.75,413135,27805,30
1003.99,413636,27837,30
1005.38,414140,27869,30
1006.58,414643,27897,30
1007.8,415146,27929,30
1009.13,415646,27949,30
1010.36,416149,27969,30
1011.71,416650,27993,30
1012.94,417153,28053,30
1014.11,417653,28077,30
1015.37,418154,28089,30
1016.62,418658,28105,30
1017.86,419160,28125,30
1019.16,419664,28141,30
1020.52,420164,28169,30
1021.7,420665,28185,30
1022.83,421167,28237,30
1024.02,421667,28277,30
1025.26,422170,28313,30
1026.71,422673,28337,30
1028.05,423173,28361,30
1029.42,423676,28385,30
1030.82,424178,28433,30
1032.08,424681,28445,30
1033.34,425182,28481,30
1034.57,425682,28513,30
1036,426186,28537,30
1037.38,426690,28557,30
1038.81,427190,28573,30
1040.08,427692,28589,30
1041.29,428192,28617,30
1042.62,428692,28649,30
1043.92,429196,28681,30
1045.18,429699,28717,30
1046.35,430200,28741,30
1047.7,430703,28773,30
1048.9,431205,28781,30
1050.15,431709,28821,30
1051.37,432211,28861,30
1052.6,432713,28881,30
1053.92,433213,28917,30
1055.24,433715,28941,30
1056.52,434218,28973,30
1057.74,434721,28985,30
1058.91,435223,29009,30
1060.16,435725,29029,30
1061.34,436229,29057,30
1062.56,436731,29065,30
1063.78,437232,29089,30
1064.92,437733,29121,30
1066.27,438233,29137,30
1067.44,438736,29177,30
1068.67,439236,29209,30
1069.93,439737,29233,30
1071.17,440238,29265,30
1072.28,440741,29297,30
1.09,502,5469,24
2.22,1006,5556,24
3.23,1507,5556,24
4.23,2008,5618,24
5.18,2508,5618,24
6.17,3009,5624,24
7.22,3511,5624,24
8.31,4011,5624,24
9.51,4512,5626,24
10.66,5012,5626,24
11.75,5514,5632,24
12.79,6015,5636,24
13.77,6515,5636,24
14.75,7015,5636,24
15.77,7516,5640,24
16.75,8016,5640,24
17.76,8517,5644,24
18.86,9017,5644,24
19.97,9521,5660,24
21.05,10022,5664,24
22.31,10523,5668,24
23.44,11026,5684,24
24.44,11530,5692,24
25.56,12030,5704,24
26.78,12534,5724,24
27.88,13036,5744,24
29.09,13540,5764,24
30.18,14041,5784,24
31.23,14542,5816,24
32.35,15043,5832,24
33.42,15547,5848,24
34.72,16049,5868,24
35.98,16550,5912,24
37.13,17050,5936,24
38.2,17552,5956,24
39.39,18052,5984,24
40.49,18554,6024,24
41.6,19058,6036,24
42.77,19561,6056,24
43.88,20065,6072,24
44.97,20565,6100,24
46.03,21067,6136,24
47.06,21568,6156,24
48.27,22072,6216,24
49.39,22574,6252,24
50.58,23075,6284,24
51.7,23577,6316,24
52.99,24078,6332,24
54.21,24580,6340,23
55.31,25080,6340,23
56.48,25580,6340,23
57.57,26081,6344,23
58.55,26581,6344,23
59.6,27081,6344,23
60.61,27582,6348,23
61.71,28082,6348,23
62.68,28583,6352,23
63.74,29084,6356,23
64.78,29585,6360,23
65.84,30085,6360,23
66.95,30586,6364,23
67.97,31086,6364,23
69.08,31589,6372,23
70.1,32093,6380,23
71.1,32593,6380,23
72.11,33093,6380,23
73.16,33597,6412,23
74.46,34101,6432,23
75.56,34604,6452,23
76.73,35105,6476,23
77.83,35608,6492,23
79.01,36111,6516,23
80.19,36613,6536,23
81.21,37116,6548,23
82.42,37620,6560,23
83.69,38124,6600,23
85.03,38627,6620,23
86.17,39128,6652,23
87.41,39631,6664,23
88.62,40131,6688,23
89.91,40635,6712,23
91.13,41136,6728,23
92.37,41640,6744,23
93.58,42140,6744,23
94.79,42641,6776,23
96,43142,6792,23
97.18,43646,6808,23
98.38,44149,6836,23
99.59,44651,6876,23
100.7,45154,6892,23
101.8,45658,6928,23
103.05,46159,6972,23
104.31,46661,6980,23
105.51,47164,7004,23
106.63,47664,7020,23
107.82,48166,7036,23
109.26,48669,7041,23
110.54,49171,7049,23
111.79,49673,7073,23
113.01,50177,7109,23
114.22,50678,7133,23
115.43,51182,7145,23
116.64,51685,7189,23
117.78,52186,7217,23
118.94,52686,7229,23
120.13,53187,7257,23
121.32,53687,7293,23
122.63,54188,7329,23
123.84,54692,7377,23
125.03,55193,7417,23
126.19,55695,7433,23
127.3,56196,7453,23
128.51,56698,7481,23
129.78,57200,7521,23
130.98,57700,7553,23
132.06,58200,7569,23
133.34,58704,7601,23
134.54,59204,7633,23
135.79,59707,7669,23
137.04,60209,7693,23
138.36,60709,7733,23
139.66,61212,7741,23
140.82,61714,7777,23
142,62215,7793,23
143.31,62716,7837,23
144.51,63217,7861,23
145.7,63718,7889,23
146.9,64220,7917,23
148.08,64720,7937,23
149.26,65222,7961,23
150.36,65722,7989,23
151.52,66225,8001,23
152.67,66725,8025,23
153.85,67225,8037,23
155.01,67726,8069,23
156.29,68228,8089,23
157.4,68732,8101,23
158.55,69236,8129,23
159.78,69736,8157,23
160.94,70237,8197,23
162.2,70737,8225,23
163.27,71238,8265,23
164.49,71739,8297,23
165.72,72240,8313,23
166.77,72740,8329,23
168.05,73243,8369,23
169.34,73746,8393,23
170.42,74246,8413,23
171.6,74749,8433,23
172.74,75250,8461,23
173.95,75750,8477,23
175.16,76253,8517,23
176.52,76756,8529,23
177.74,77256,8557,23
178.78,77757,8573,23
179.88,78257,8617,23
181.13,78761,8645,23
182.28,79262,8677,23
183.37,79762,8701,23
184.54,80265,8721,23
185.77,80767,8753,23
186.91,81267,8777,23
188.07,81769,8797,23
189.17,82270,8817,23
190.35,82774,8841,23
191.46,83274,8861,23
192.6,83777,8877,23
193.76,84281,8901,23
194.85,84783,8925,23
195.99,85287,8949,23
197.18,85789,8969,23
198.4,86293,9001,23
199.63,86795,9037,23
200.9,87297,9061,23
202.21,87798,9085,23
203.5,88301,9113,23
204.7,88804,9137,23
205.87,89307,9177,23
207.05,89811,9221,23
208.18,90313,9249,23
209.35,90814,9285,23
210.52,91318,9309,23
211.69,91821,9321,23
213.06,92321,9333,23
214.18,92821,9353,23
215.34,93324,9365,23
216.48,93825,9381,23
217.63,94326,9417,23
218.79,94826,9433,23
219.99,95328,9461,23
221.26,95830,9485,23
222.35,96331,9513,23
223.37,96831,9533,23
224.5,97335,9549,23
225.62,97837,9597,23
226.77,98339,9613,23
228.04,98840,9645,23
229.35,99341,9681,23
230.51,99845,9717,23
231.67,100347,9753,23
232.89,100849,9777,23
234.02,101352,9793,23
235.14,101855,9825,23
236.27,102356,9873,23
237.41,102857,9905,23
238.5,103357,9925,23
239.62,103858,9949,23
240.81,104360,10013,23
241.94,104861,10057,23
243.08,105364,10097,23
244.19,105866,10121,23
245.41,106367,10149,23
246.65,106870,10173,23
247.86,107370,10189,23
249.08,107871,10221,23
250.32,108372,10253,23
251.5,108874,10281,23
252.73,109376,10289,23
253.9,109878,10313,23
255.17,110382,10325,23
256.41,110886,10353,23
257.54,111390,10393,23
258.74,111894,10413,23
259.83,112395,10433,23
261.14,112896,10465,23
262.37,113398,10477,23
263.56,113898,10513,23
264.81,114401,10525,23
265.94,114904,10569,23
267.16,115407,10593,23
268.3,115908,10609,23
269.52,116410,10617,23
270.75,116914,10641,23
271.93,117415,10661,23
273.01,117918,10685,23
274.18,118418,10701,23
275.39,118920,10713,23
276.56,119420,10729,23
277.88,119924,10769,23
279.07,120426,10805,23
280.37,120929,10841,23
281.5,121430,10901,23
282.66,121934,10949,23
283.82,122438,10977,23
285.09,122940,11017,23
286.26,123443,11049,23
287.5,123945,11105,23
288.67,124446,11129,23
289.84,124948,11137,23
291.1,125452,11165,23
292.43,125953,11189,23
293.68,126454,11213,23
294.71,126958,11249,23
295.81,127462,11281,23
296.97,127964,11309,23
298.16,128467,11317,23
299.53,128967,11337,23
300.92,129467,11373,23
302.28,129970,11433,23
303.5,130471,11465,23
304.54,130974,11493,23
305.69,131474,11529,23
307.07,131975,11545,23
308.3,132475,11557,23
309.52,132977,11597,23
310.82,133477,11633,23
312.15,133977,11653,23
313.55,134477,11677,23
314.65,134979,11701,23
315.91,135481,11725,23
317.2,135984,11749,23
318.51,136487,11781,23
319.83,136991,11809,23
321.16,137492,11829,23
322.38,137996,11857,23
323.6,138500,11885,23
324.91,139000,11937,23
326.09,139502,11957,23
327.36,140003,11981,23
328.76,140507,12001,23
329.91,141008,12013,23
331.23,141511,12045,23
332.54,142013,12081,23
333.81,142514,12125,23
334.87,143015,12141,23
336.22,143516,12185,23
337.45,144020,12217,23
338.82,144520,12237,23
340.03,145021,12253,23
341.35,145523,12273,23
342.88,146026,12309,23
344.41,146528,12325,23
345.62,147030,12345,23
347.01,147531,12365,23
348.19,148033,12401,23
349.34,148537,12429,23
350.5,149038,12449,23
351.62,149539,12465,23
352.91,150040,12493,23
354.25,150542,12521,23
355.53,151042,12549,23
356.71,151544,12561,23
357.93,152046,12601,23
359.13,152548,12625,23
360.27,153049,12665,23
361.49,153549,12697,23
362.64,154053,12737,23
363.8,154557,12773,23
364.93,155059,12809,23
366.17,155563,12861,23
367.5,156066,12905,23
368.66,156568,12949,23
369.86,157072,12961,23
370.98,157574,12989,23
372.28,158074,13025,23
373.29,158575,13053,23
374.35,159078,13081,23
375.57,159579,13101,23
376.71,160079,13129,23
377.89,160579,13149,23
379.06,161081,13189,23
380.26,161585,13205,23
381.45,162087,13213,23
382.84,162588,13249,23
384.02,163091,13281,23
385.2,163592,13337,23
386.35,164092,13369,23
387.57,164592,13405,23
388.8,165096,13433,23
390.12,165598,13465,23
391.38,166099,13513,23
392.66,166602,13533,23
393.82,167104,13569,23
394.91,167606,13573,23
396,168107,13597,23
397.18,168610,13625,23
398.43,169110,13665,23
399.57,169610,13681,23
400.73,170113,13705,23
401.99,170616,13745,23
403.28,171116,13761,23
404.49,171618,13793,23
405.7,172119,13817,23
406.97,172621,13853,23
408.25,173125,13869,23
409.69,173629,13921,23
411.01,174130,13945,23
412.28,174634,13977,23
413.46,175137,13989,23
414.59,175641,14005,23
415.7,176141,14037,23
416.95,176643,14085,23
418.15,177144,14113,23
419.41,177645,14133,23
420.75,178146,14173,23
421.99,178650,14201,23
423.25,179150,14221,23
424.44,179650,14233,23
425.69,180150,14253,23
426.95,180650,14265,23
428.07,181152,14273,23
429.29,181652,14289,23
430.41,182153,14309,23
431.68,182656,14321,23
432.82,183158,14341,23
434,183662,14373,23
435.21,184163,14401,23
436.41,184664,14441,23
437.74,185166,14469,23
438.94,185666,14497,23
440.03,186166,14541,23
441.25,186669,14577,23
442.61,187173,14613,23
443.9,187675,14645,23
445.16,188178,14681,23
446.29,188682,14709,23
447.51,189185,14741,23
448.77,189688,14769,23
449.97,190188,14781,23
451.17,190692,14797,23
452.39,191192,14813,23
453.56,191695,14833,23
454.84,192196,14845,23
456.02,192697,14861,23
457.26,193201,14889,23
458.43,193701,14913,23
459.71,194205,14949,23
460.9,194708,14977,23
462.22,195212,15021,23
463.46,195713,15041,23
464.59,196214,15069,23
465.79,196714,15097,23
466.98,197214,15141,23
468.28,197717,15181,23
469.49,198220,15205,23
470.65,198722,15233,23
471.81,199224,15237,23
473.05,199726,15241,23
474.27,200227,15265,23
475.53,200730,15285,23
476.86,201234,15305,23
478.11,201735,15329,23
479.43,202239,15345,23
480.73,202740,15377,23
482.07,203240,15413,23
483.26,203740,15441,23
484.45,204240,15481,23
485.7,204742,15505,23
486.84,205243,15541,23
488,205743,15561,23
489.26,206243,15577,23
490.53,206745,15597,23
491.63,207248,15625,23
492.71,207748,15661,23
493.88,208250,15689,23
495.13,208750,15733,23
496.37,209254,15761,23
497.62,209757,15809,23
498.82,210260,15829,23
500.04,210763,15857,23
501.23,211266,15885,23
502.59,211769,15913,23
503.67,212270,15941,23
504.85,212770,15969,23
506.03,213270,16005,23
507.36,213774,16017,23
508.58,214275,16021,23
509.87,214775,16045,23
511.08,215278,16065,23
512.3,215779,16085,23
513.36,216282,16117,23
514.49,216783,16149,23
515.57,217287,16193,23
516.78,217789,16213,23
517.94,218290,16233,23
519.19,218791,16269,23
520.39,219291,16317,23
521.51,219794,16369,23
522.71,220295,16393,23
523.78,220797,16417,23
525.01,221299,16449,23
526.3,221801,16489,23
527.77,222304,16513,23
528.91,222807,16537,23
530.17,223310,16573,23
531.38,223811,16601,23
532.6,224313,16621,23
533.83,224817,16649,23
535.05,225321,16685,23
536.17,225824,16709,23
537.31,226324,16761,23
538.51,226825,16785,23
539.57,227326,16821,23
540.69,227827,16861,23
541.92,228327,16889,23
543.02,228828,16909,23
544.26,229330,16933,23
545.36,229830,16977,23
546.47,230332,17033,23
547.59,230835,17061,23
548.74,231337,17085,23
549.85,231837,17109,23
550.97,232337,17153,23
552.24,232838,17193,23
553.36,233339,17221,23
554.64,233841,17249,23
555.8,234344,17273,23
557,234847,17297,23
558.08,235349,17333,23
559.35,235850,17377,23
560.44,236354,17397,23
561.7,236854,17429,23
562.94,237358,17461,23
564.23,237858,17493,23
565.29,238361,17529,23
566.36,238863,17565,23
567.55,239366,17613,23
568.74,239870,17633,23
569.94,240371,17649,23
571.15,240875,17693,23
572.35,241376,17713,23
574.24,241879,17761,23
575.55,242382,17793,23
576.8,242885,17813,23
578.01,243387,17849,23
579.21,243890,17897,23
580.35,244393,17913,23
581.58,244896,17937,23
582.83,245399,17949,23
584.05,245901,17981,23
585.27,246405,18021,23
586.44,246908,18033,23
587.82,247411,18045,23
589.32,247912,18081,23
590.45,248414,18085,23
591.67,248917,18109,23
592.95,249418,18133,23
594.15,249920,18153,23
595.4,250420,18189,23
596.57,250923,18217,23
597.73,251427,18229,23
598.97,251928,18253,23
600.12,252430,18293,23
601.38,252930,18313,23
602.59,253432,18337,23
603.87,253936,18361,23
604.96,254436,18389,23
606.04,254938,18421,23
607.12,255440,18445,23
608.4,255943,18493,23
609.56,256444,18513,23
610.79,256946,18569,23
612.01,257446,18609,23
613.3,257947,18641,23
614.52,258448,18673,23
615.76,258949,18693,23
616.93,259449,18721,23
618.03,259952,18753,23
619.47,260453,18765,23
620.81,260956,18793,23
622.14,261457,18825,23
623.43,261961,18853,23
624.6,262465,18877,23
625.88,262969,18905,23
627.06,263469,18921,23
628.28,263972,18953,23
629.4,264472,18973,23
630.55,264974,19013,23
631.65,265476,19053,23
632.82,265976,19097,23
633.95,266478,19141,23
635.11,266980,19173,23
636.37,267481,19225,23
637.55,267983,19237,23
638.71,268484,19253,23
639.97,268984,19285,23
641.12,269484,19301,23
642.32,269987,19329,23
643.46,270491,19357,23
644.6,270995,19381,23
645.9,271495,19409,23
647.04,271997,19437,23
648.25,272498,19477,23
649.38,272998,19525,23
650.47,273498,19541,23
651.6,273999,19561,23
652.74,274502,19589,23
653.9,275005,19617,23
655.12,275507,19633,23
656.22,276011,19669,23
657.34,276512,19685,23
658.62,277014,19721,23
659.93,277514,19737,23
661.14,278016,19757,23
662.25,278516,19793,23
663.42,279019,19829,23
664.62,279519,19869,23
665.82,280019,19893,23
666.93,280522,19917,23
668.14,281024,19941,23
669.28,281527,19973,23
670.53,282031,20009,23
671.77,282535,20037,23
673,283038,20081,23
674.17,283541,20093,23
675.4,284043,20125,23
676.65,284544,20137,23
677.91,285046,20165,23
679.16,285550,20189,23
680.37,286051,20221,23
681.64,286552,20257,23
683.07,287054,20285,23
684.38,287557,20305,23
685.57,288057,20329,23
686.82,288557,20353,23
688.07,289060,20381,23
689.31,289560,20413,23
690.53,290061,20437,23
691.74,290564,20465,23
692.95,291065,20517,23
694.12,291566,20521,23
695.36,292070,20561,23
696.52,292570,20589,23
697.72,293073,20621,23
698.86,293576,20633,23
700.06,294079,20669,23
701.31,294583,20713,23
702.44,295085,20737,23
703.53,295589,20761,23
704.67,296092,20777,23
705.89,296593,20801,23
707.16,297094,20829,23
708.41,297598,20857,23
709.67,298099,20873,23
710.86,298600,20921,23
712.03,299104,20945,23
713.36,299607,20969,23
714.64,300110,21009,23
715.97,300614,21041,23
717.17,301115,21057,23
718.49,301617,21061,23
719.79,302117,21097,23
721.03,302617,21121,23
722.22,303120,21157,23
723.59,303623,21181,23
724.78,304127,21225,23
726.04,304628,21269,23
727.28,305132,21301,23
728.54,305634,21337,23
729.79,306138,21365,23
730.89,306642,21381,23
732.09,307145,21413,23
733.43,307645,21437,23
734.61,308148,21465,23
735.79,308652,21485,23
737.02,309152,21501,23
738.31,309655,21505,23
739.76,310155,21533,23
741.11,310658,21557,23
742.68,311159,21593,23
743.93,311660,21613,23
745.43,312162,21645,23
746.63,312662,21665,23
748.01,313164,21697,23
749.22,313664,21713,23
750.59,314168,21729,23
751.92,314668,21741,23
753.04,315169,21761,23
754.16,315672,21773,23
755.47,316174,21793,23
756.58,316674,21817,23
757.69,317174,21849,23
758.86,317676,21853,23
760.08,318179,21901,23
761.43,318680,21937,23
762.88,319180,21973,23
764.08,319680,22013,23
765.24,320180,22033,23
766.44,320683,22049,23
767.7,321183,22061,23
769,321686,22081,23
770.21,322188,22109,23
771.46,322688,22129,23
772.75,323191,22153,23
773.85,323693,22173,23
775.04,324194,22209,23
776.09,324697,22241,23
777.2,325198,22273,23
778.28,325700,22317,23
779.56,326203,22361,23
780.92,326705,22401,23
782.1,327209,22445,23
783.38,327711,22473,23
784.59,328211,22501,23
785.82,328714,22521,23
787.15,329217,22537,23
788.4,329721,22553,23
789.65,330221,22577,23
790.9,330722,22605,23
792.11,331224,22637,23
793.35,331725,22657,23
794.53,332226,22677,23
795.65,332726,22709,23
796.88,333227,22741,23
798.16,333728,22773,23
799.5,334229,22801,23
800.78,334729,22837,23
802.04,335229,22865,23
803.36,335733,22881,23
804.69,336235,22929,23
805.87,336738,22957,23
807.07,337240,22989,23
808.32,337741,23013,23
809.59,338241,23049,23
810.87,338744,23077,23
812.15,339247,23121,23
813.44,339751,23169,23
814.73,340251,23197,23
816.04,340752,23257,23
817.33,341253,23297,23
818.65,341754,23325,23
819.92,342255,23341,23
821.08,342758,23377,23
822.31,343260,23401,23
823.5,343762,23421,23
824.87,344265,23457,23
826.06,344768,23469,23
827.25,345270,23513,23
828.51,345773,23549,23
829.9,346274,23569,23
831.16,346774,23589,23
832.5,347277,23601,23
833.8,347779,23641,23
835.03,348282,23693,23
836.2,348786,23709,23
837.36,349289,23717,23
838.63,349789,23761,23
839.89,350290,23785,23
841.25,350794,23793,23
842.64,351297,23841,23
843.82,351799,23881,23
844.97,352299,23917,23
846.07,352800,23949,23
847.27,353302,23973,23
848.53,353804,24001,23
849.84,354308,24025,23
851.02,354809,24041,23
852.36,355309,24065,23
853.59,355810,24077,23
854.83,356312,24117,23
855.96,356816,24141,23
857.05,357316,24169,23
858.24,357819,24189,23
859.43,358319,24209,23
860.62,358821,24233,23
861.84,359324,24265,23
863.26,359828,24313,23
864.47,360329,24333,23
865.91,360829,24361,23
867.12,361329,24377,23
868.16,361830,24409,23
869.37,362330,24441,23
870.52,362834,24469,23
871.61,363334,24485,23
875.11,363837,24501,23
876.42,364340,24529,23
877.64,364844,24573,23
878.8,365345,24601,23
880.01,365847,24633,23
881.21,366348,24657,23
882.33,366849,24697,23
883.52,367349,24721,23
884.69,367849,24737,23
885.88,368351,24761,23
887.15,368853,24793,23
888.48,369357,24809,23
889.77,369859,24833,23
891.03,370362,24877,23
892.23,370865,24921,23
893.41,371368,24929,23
894.61,371871,24941,23
895.82,372374,24985,23
897.04,372876,25033,23
898.33,373380,25049,23
899.45,373883,25073,23
900.6,374383,25113,23
901.84,374883,25149,23
902.89,375383,25177,23
904,375885,25201,23
905.12,376385,25237,23
906.21,376885,25265,23
907.73,377387,25281,23
909.03,377888,25297,23
910.22,378392,25321,23
911.38,378894,25349,23
912.55,379396,25357,23
913.78,379900,25373,23
915.11,380401,25401,23
916.54,380902,25453,23
917.89,381402,25469,23
919.21,381902,25509,23
920.51,382403,25529,23
921.79,382906,25541,23
923.14,383410,25553,23
924.32,383911,25577,23
925.5,384415,25605,23
926.8,384919,25625,23
927.91,385421,25637,23
929.07,385921,25669,23
930.22,386422,25697,23
931.37,386923,25733,23
932.69,387426,25753,23
934.14,387927,25777,23
935.32,388428,25801,23
936.59,388931,25837,23
937.73,389432,25841,23
938.91,389934,25865,23
940.16,390438,25909,23
941.36,390939,25929,23
942.71,391440,25969,23
943.95,391944,25993,23
945.12,392445,26017,23
946.29,392948,26045,23
947.43,393450,26065,23
948.6,393952,26089,23
949.77,394456,26117,23
950.94,394956,26161,23
952.11,395456,26197,23
953.38,395956,26221,23
954.63,396460,26237,23
955.98,396960,26277,23
957.19,397463,26289,23
958.52,397967,26321,23
959.79,398468,26333,23
961.06,398969,26381,23
962.24,399469,26397,23
963.54,399970,26421,23
964.71,400474,26441,23
965.95,400976,26461,23
967.18,401478,26469,23
968.26,401979,26501,23
969.46,402483,26533,23
970.61,402987,26569,23
971.73,403490,26609,23
972.86,403990,26657,23
974.06,404494,26701,23
975.3,404996,26725,23
976.5,405498,26741,23
977.89,405999,26777,23
979.2,406499,26809,23
980.43,407000,26829,23
981.68,407502,26853,23
983.06,408005,26877,23
984.37,408505,26897,23
985.62,409007,26937,23
986.92,409509,26965,23
988.11,410012,26993,23
989.38,410512,27025,23
990.7,411016,27057,23
991.99,411519,27085,23
993.15,412019,27093,23
994.44,412521,27129,23
995.62,413021,27157,23
996.87,413521,27169,23
998.1,414024,27213,23
999.3,414526,27241,23
1000.6,415026,27265,23
1001.71,415527,27285,23
1003.11,416029,27301,23
1004.47,416531,27337,23
1005.76,417033,27377,23
1006.95,417534,27405,23
1008.3,418036,27425,23
1009.5,418540,27465,23
1010.7,419041,27485,23
1011.9,419541,27537,23
1013.25,420041,27569,23
1014.46,420541,27597,23
1015.66,421044,27613,23
1016.87,421546,27621,23
1018.17,422049,27661,23
1019.31,422549,27677,23
1020.44,423053,27693,23
1021.66,423555,27721,23
1022.87,424056,27745,23
1024.23,424558,27753,23
1025.58,425061,27765,23
1026.72,425561,27785,23
1027.91,426061,27813,23
1029.3,426563,27833,23
1030.53,427065,27857,23
1033.74,427566,27897,23
1034.95,428069,27925,23
1036.15,428569,27945,23
1037.38,429070,27981,23
1038.62,429570,27989,23
1039.72,430073,28005,23
1040.96,430573,28033,23
1042.18,431077,28041,23
1043.37,431579,28069,23
1044.59,432079,28105,23
1045.86,432581,28137,23
1047.03,433081,28193,23
1048.28,433585,28221,23
1049.52,434087,28249,23
1050.83,434589,28265,23
1052.24,435090,28305,23
1053.4,435593,28325,23
1054.52,436093,28337,23
1055.7,436595,28361,23
1057.12,437098,28389,23
1058.41,437601,28433,23
1059.69,438101,28469,23
1060.9,438602,28501,23
1062.09,439102,28529,23
1063.36,439606,28569,23
1064.69,440110,28601,23
1065.83,440614,28613,23
1066.94,441115,28637,23
1068.04,441618,28661,23
1069.22,442119,28673,23
1070.41,442620,28693,23
1071.53,443121,28717,23
1072.79,443621,28741,23
1074,444121,28769,23
1075.14,444621,28789,23
1076.23,445122,28817,23
1077.42,445622,28849,23
1078.58,446125,28873,23
1079.79,446626,28893,23
1080.98,447126,28905,23
1082.2,447629,28933,23
1083.5,448132,28945,23
1084.81,448633,28985,23
1086.22,449134,29021,23
1087.57,449638,29045,23
1088.88,450140,29065,23
1090.15,450644,29093,23
1091.43,451147,29113,23
1092.6,451648,29129,23
1093.76,452152,29157,23
1095.13,452655,29205,23
1096.37,453159,29265,23
1097.65,453662,29301,23
1098.84,454163,29321,23
1099.91,454663,29341,23
1.4,500,5193,24
2.46,1002,5504,26
3.47,1505,5622,26
4.46,2007,5630,26
5.45,2508,5634,26
6.49,3008,5634,26
7.55,3509,5662,26
8.7,4009,5670,26
9.68,4513,5678,26
10.71,5014,5682,26
11.84,5515,5698,26
12.96,6018,5710,26
14.09,6521,5734,26
15.3,7025,5750,26
16.41,7528,5762,26
17.58,8029,5778,26
18.63,8529,5802,26
19.75,9032,5810,26
20.91,9532,5830,26
22,10035,5854,26
23.18,10539,5882,26
24.28,11040,5894,26
25.4,11543,5910,26
26.46,12046,5930,26
27.55,12550,5958,26
28.63,13050,5990,26
29.89,13554,6006,26
31.03,14058,6038,26
32.19,14558,6054,26
33.36,15061,6086,26
34.68,15564,6130,26
35.96,16067,6174,26
37.18,16568,6190,26
38.34,17068,6214,26
39.73,17568,6238,26
41.32,18071,6266,26
43.12,18572,6306,26
45.11,19073,6327,26
0.99,502,4637,25
2.08,1003,5255,25
3.15,1504,5259,25
4.25,2008,5278,25
5.3,2509,5282,25
6.36,3012,5294,25
7.37,3512,5294,25
8.39,4016,5306,25
9.47,4517,5330,25
10.61,5020,5342,25
11.71,5523,5370,25
12.65,6026,5378,25
13.75,6529,5390,25
14.8,7032,5402,25
15.9,7535,5442,25
16.93,8036,5446,25
18.08,8536,5478,25
19.22,9036,5502,25
20.34,9537,5534,25
21.49,10041,5550,25
22.61,10543,5570,25
23.81,11047,5594,25
24.9,11551,5643,26
26.1,12055,5663,26
27.34,12556,6337,28
28.53,13056,6341,28
29.49,13556,6341,28
30.61,14059,6341,28
31.58,14560,6345,28
32.47,15061,6345,28
33.37,15561,6345,28
34.38,16062,6349,28
35.42,16562,6349,28
36.44,17062,6349,28
37.36,17563,6455,28
38.4,18063,6455,28
39.39,18563,6455,28
40.36,19063,6463,28
41.35,19567,6479,28
42.43,20067,6479,28
43.51,20570,6507,28
44.5,21071,6511,28
45.59,21573,6527,28
46.74,22074,6531,28
47.81,22577,6539,28
48.82,23079,6551,28
49.83,23581,6559,28
50.93,24081,6567,28
52.09,24585,6595,28
53.25,25089,6611,28
54.3,25591,6619,28
55.4,26091,6635,28
56.52,26594,6655,28
57.68,27094,6663,28
58.96,27594,6679,28
60.29,28097,6703,28
61.42,28598,6723,28
62.57,29102,6759,28
63.75,29602,6779,28
65.01,30103,6791,28
66.18,30607,6815,28
67.32,31110,6827,28
68.52,31612,6839,28
69.74,32115,6867,28
70.91,32618,6875,28
72.04,33119,6899,28
73.23,33619,6907,28
74.32,34122,6935,28
75.5,34624,6955,28
76.74,35127,6963,28
77.9,35630,6987,28
79.16,36132,7011,28
80.44,36636,7039,28
81.64,37137,7071,28
82.75,37637,7103,28
83.89,38137,7135,28
85.03,38638,7159,28
86.21,39142,7171,28
87.4,39644,7203,28
88.71,40146,7243,28
89.86,40646,7243,28
90.98,41149,7279,28
92.19,41652,7311,28
93.43,42153,7347,28
94.59,42655,7375,28
95.8,43159,7431,28
96.93,43659,7463,28
98.01,44160,7467,28
99.29,44662,7495,28
100.52,45162,7527,28
101.8,45662,7547,28
103.12,46164,7571,28
104.53,46668,7615,28
105.74,47170,7639,28
106.93,47671,7643,28
108.13,48173,7679,28
109.44,48673,7695,28
110.69,49174,7719,28
111.85,49674,7755,28
113.03,50178,7779,28
114.22,50679,7795,28
115.37,51180,7807,28
116.62,51682,7843,28
117.77,52186,7859,28
118.91,52686,7891,28
120,53190,7927,28
121.15,53690,7943,28
122.36,54194,7951,28
123.61,54697,7987,28
124.84,55197,8007,28
126.05,55700,8031,28
127.21,56203,8059,28
128.32,56706,8091,28
129.36,57208,8115,28
130.46,57711,8127,28
131.52,58212,8163,28
132.71,58712,8187,28
133.89,59215,8215,28
135.14,59719,8239,28
136.3,60220,8267,28
137.56,60722,8287,28
138.81,61225,8315,28
140.08,61725,8359,28
141.32,62229,8391,28
142.43,62733,8403,28
143.57,63234,8431,28
144.68,63738,8455,28
145.76,64241,8499,28
146.96,64745,8511,28
148.12,65246,8535,28
149.29,65747,8563,28
150.4,66251,8587,28
151.59,66752,8619,28
152.93,67256,8643,28
154.15,67757,8675,28
155.42,68260,8703,28
156.65,68760,8723,28
157.86,69260,8755,28
158.99,69762,8791,28
160.2,70262,8827,28
161.25,70762,8843,28
162.29,71265,8867,28
163.39,71769,8899,28
164.52,72269,8939,28
165.68,72769,8963,28
166.97,73272,8987,28
168.18,73775,9015,28
169.41,74275,9047,28
170.76,74777,9075,28
171.9,75281,9099,28
173.14,75782,9127,28
174.35,76284,9155,28
175.58,76787,9175,28
176.79,77290,9191,28
178.08,77794,9207,28
179.26,78296,9243,28
180.32,78800,9291,28
181.56,79302,9339,28
182.79,79803,9359,28
183.9,80307,9375,28
185.23,80809,9407,28
186.37,81311,9435,28
187.51,81813,9467,28
188.7,82314,9503,28
189.87,82818,9539,28
190.93,83320,9563,28
192.09,83820,9603,28
193.22,84324,9643,28
194.31,84825,9659,28
195.4,85327,9687,28
196.55,85827,9707,28
197.74,86327,9747,28
198.95,86828,9791,28
200.16,87330,9811,28
201.42,87831,9843,28
202.86,88333,9851,28
204.09,88833,9875,28
205.28,89333,9891,28
206.65,89835,9939,28
207.82,90337,9959,28
209.06,90841,9991,28
210.48,91345,10007,28
211.7,91847,10031,28
212.83,92350,10039,28
214.03,92850,10067,28
215.28,93354,10103,28
216.57,93857,10115,28
217.72,94359,10139,28
218.92,94859,10183,28
220.1,95362,10203,28
221.2,95862,10235,28
222.37,96365,10279,28
223.61,96867,10291,28
224.68,97367,10315,28
225.92,97869,10343,28
227.15,98372,10363,28
228.44,98876,10375,28
229.63,99376,10439,28
230.88,99879,10467,28
232.04,100381,10507,28
233.2,100884,10535,28
234.37,101387,10563,28
235.56,101889,10587,28
236.73,102390,10603,28
238.01,102894,10631,28
239.37,103398,10655,28
240.54,103900,10675,28
241.73,104400,10727,28
243.05,104903,10743,28
244.38,105403,10771,28
245.54,105903,10799,28
246.77,106405,10831,28
248.07,106907,10847,28
249.33,107409,10883,28
250.57,107912,10927,28
251.85,108415,10943,28
253.1,108918,10975,28
254.28,109421,11003,28
255.55,109924,11015,28
256.82,110428,11035,28
258.1,110928,11059,28
259.4,111429,11063,28
260.65,111931,11087,28
261.83,112434,11111,28
263.07,112934,11143,28
264.3,113434,11171,28
265.48,113936,11207,28
266.81,114439,11239,28
268.08,114939,11251,28
269.33,115440,11271,28
270.52,115944,11299,28
271.76,116445,11323,28
273.06,116949,11335,28
274.25,117453,11367,28
275.41,117955,11395,28
276.53,118459,11411,28
277.67,118959,11427,28
278.81,119462,11463,28
280.01,119963,11487,28
281.06,120465,11515,28
282.38,120966,11543,28
283.84,121470,11583,28
285.23,121974,11607,28
286.44,122478,11639,28
287.54,122981,11667,28
288.64,123481,11703,28
289.77,123984,11715,28
290.95,124485,11731,28
292.21,124988,11751,28
293.33,125490,11763,28
294.51,125994,11787,28
295.66,126494,11807,28
296.79,126996,11831,28
298.02,127496,11851,28
299.3,127999,11867,28
300.55,128501,11907,28
301.72,129004,11943,28
302.94,129506,11979,28
304.17,130009,12019,28
305.25,130512,12039,28
306.39,131016,12071,28
307.48,131519,12083,28
308.59,132022,12095,28
309.79,132526,12131,28
311.1,133029,12171,28
312.29,133533,12183,28
313.32,134035,12219,28
314.49,134538,12231,28
315.72,135039,12255,28
317.04,135541,12267,28
318.13,136042,12287,28
319.35,136546,12303,28
320.62,137046,12319,28
321.77,137550,12327,28
322.88,138052,12351,28
324.04,138556,12379,28
325.24,139058,12399,28
326.38,139560,12415,28
327.44,140062,12435,28
328.48,140562,12467,28
329.62,141063,12495,28
330.75,141567,12523,28
331.93,142068,12551,28
333.12,142571,12595,28
334.26,143074,12627,28
335.35,143578,12643,28
336.59,144079,12671,28
337.78,144582,12707,28
338.88,145083,12735,28
340.04,145587,12747,28
341.2,146088,12771,28
342.41,146592,12803,28
343.63,147093,12835,28
344.78,147593,12859,28
345.86,148093,12883,28
346.96,148595,12919,28
348.08,149099,12931,28
349.18,149602,12955,28
350.38,150102,12991,28
351.76,150605,13039,28
353.06,151108,13067,28
354.27,151611,13099,28
355.39,152113,13127,28
356.63,152617,13155,28
357.78,153120,13179,28
358.88,153622,13203,28
359.96,154123,13243,28
361.18,154627,13259,28
362.55,155131,13295,28
363.68,155632,13319,28
364.81,156133,13339,28
365.97,156634,13387,28
367.04,157136,13423,28
368.13,157639,13467,28
369.25,158143,13503,28
370.42,158646,13551,28
371.59,159146,13583,28
372.75,159646,13603,28
373.98,160149,13647,28
375.16,160651,13663,28
376.5,161152,13691,28
377.83,161653,13715,28
379.01,162156,13743,28
380.18,162660,13771,28
381.36,163164,13787,28
382.5,163667,13823,28
383.67,164171,13847,28
384.87,164673,13883,28
386.01,165177,13915,28
387.18,165681,13927,28
388.47,166182,13967,28
389.73,166684,13995,28
390.95,167187,14019,28
392.06,167691,14047,28
393.48,168191,14095,28
394.79,168694,14127,28
395.94,169196,14151,28
397.15,169698,14179,28
398.18,170201,14219,28
399.45,170702,14239,28
400.76,171205,14259,28
401.97,171709,14295,28
403.27,172212,14343,28
404.58,172712,14391,28
405.62,173216,14411,28
406.87,173720,14451,28
408.08,174222,14487,28
409.18,174723,14515,28
410.24,175224,14547,28
411.51,175728,14563,28
412.63,176228,14591,28
413.74,176728,14615,28
414.87,177228,14643,28
416.06,177730,14687,28
417.22,178231,14723,28
418.41,178734,14747,28
419.56,179235,14775,28
420.74,179736,14811,28
421.87,180238,14831,28
423.02,180740,14851,28
424.15,181242,14859,28
425.29,181745,14883,28
426.37,182246,14899,28
427.47,182749,14915,28
428.67,183252,14947,28
429.88,183755,14975,28
431,184256,15003,28
432.17,184757,15035,28
433.24,185259,15043,28
434.3,185759,15071,28
435.5,186260,15095,28
436.61,186760,15127,28
437.76,187262,15143,28
438.89,187762,15191,28
440.09,188263,15227,28
441.51,188765,15243,28
442.79,189267,15263,28
443.93,189771,15275,28
445.11,190275,15303,28
446.21,190778,15311,28
447.59,191278,15331,28
448.74,191778,15351,28
449.93,192281,15391,28
451.07,192782,15435,28
452.27,193284,15467,28
453.51,193785,15519,28
454.66,194286,15547,28
455.86,194787,15563,28
457.04,195289,15603,28
458.26,195789,15655,28
459.38,196289,15671,28
460.5,196791,15691,28
461.7,197294,15727,28
462.88,197798,15743,28
464.05,198298,15783,28
465.15,198800,15815,28
466.37,199302,15839,28
467.59,199802,15859,28
468.65,200302,15875,28
469.89,200804,15927,28
470.99,201306,15963,28
472.09,201806,15995,28
473.26,202310,16023,28
474.47,202810,16035,28
475.71,203313,16075,28
476.93,203817,16107,28
478.16,204319,16135,28
479.33,204822,16175,28
480.54,205323,16195,28
481.74,205825,16203,28
482.98,206326,16227,28
484.27,206830,16255,28
485.43,207330,16291,28
486.58,207832,16319,28
487.76,208334,16339,28
489.12,208834,16371,28
490.37,209338,16399,28
491.56,209838,16427,28
492.64,210339,16455,28
493.87,210841,16499,28
495.03,211344,16535,28
496.31,211844,16555,28
497.55,212347,16583,28
498.68,212847,16619,28
499.96,213347,16647,28
501.02,213848,16667,28
502.17,214348,16703,28
503.38,214851,16735,28
504.51,215355,16775,28
505.69,215857,16795,28
506.93,216359,16827,28
508.07,216861,16867,28
509.21,217363,16899,28
510.49,217867,16931,28
511.72,218371,16959,28
512.93,218871,16979,28
514.16,219374,17027,28
515.32,219875,17063,28
516.47,220378,17079,28
517.75,220882,17099,28
519.07,221382,17123,28
520.25,221883,17143,28
521.4,222385,17159,28
522.76,222888,17171,28
524.04,223391,17211,28
525.35,223893,17235,28
526.44,224393,17251,28
527.62,224895,17279,28
528.8,225395,17303,28
530,225898,17339,28
531.19,226398,17371,28
532.41,226898,17403,28
533.53,227399,17443,28
534.75,227903,17467,28
535.89,228404,17507,28
537.02,228906,17527,28
538.23,229408,17567,28
539.26,229909,17595,28
540.47,230412,17615,28
541.61,230912,17639,28
542.84,231412,17675,28
544.06,231915,17695,28
545.27,232417,17715,28
546.46,232917,17743,28
547.61,233419,17791,28
548.88,233923,17847,28
550.07,234426,17863,28
551.31,234928,17883,28
552.53,235430,17903,28
553.69,235931,17931,28
554.83,236433,17955,28
556.1,236936,17983,28
557.51,237440,18011,28
558.81,237941,18035,28
559.98,238443,18055,28
561.21,238943,18107,28
562.41,239446,18131,28
563.67,239947,18163,28
564.71,240450,18171,28
566.01,240951,18207,28
567.29,241453,18239,28
568.68,241956,18271,28
569.91,242457,18287,28
571.16,242961,18311,28
572.31,243462,18347,28
573.58,243965,18363,28
574.89,244467,18375,28
576.17,244969,18411,28
577.61,245473,18439,28
578.8,245974,18467,28
580.09,246478,18479,28
581.24,246982,18495,28
582.39,247486,18543,28
583.71,247988,18595,28
584.99,248490,18615,28
586.2,248992,18671,28
587.42,249495,18699,28
588.59,249997,18731,28
589.86,250500,18751,28
591.07,251001,18775,28
592.29,251504,18787,28
593.4,252007,18823,28
594.6,252510,18827,28
595.75,253013,18859,28
596.96,253513,18875,28
598.2,254015,18915,28
599.48,254515,18947,28
600.65,255016,18971,28
601.86,255520,19007,28
603.14,256022,19031,28
604.4,256525,19071,28
605.74,257029,19099,28
607.1,257533,19115,28
608.48,258034,19135,28
609.74,258535,19171,28
611.14,259037,19191,28
612.34,259541,19207,28
613.55,260042,19227,28
614.69,260545,19255,28
615.91,261049,19287,28
617.15,261553,19303,28
618.32,262057,19343,28
619.41,262558,19367,28
620.58,263062,19399,28
621.67,263565,19423,28
622.85,264066,19443,28
624.02,264568,19471,28
625.25,265070,19491,28
626.38,265570,19511,28
627.71,266074,19563,28
628.95,266576,19583,28
630.12,267080,19623,28
631.37,267582,19655,28
632.53,268086,19667,28
633.76,268589,19671,28
634.78,269090,19683,28
636.07,269592,19707,28
637.26,270093,19735,28
638.39,270594,19787,28
639.57,271096,19831,28
640.71,271599,19859,28
641.94,272100,19903,28
643.13,272600,19923,28
644.4,273100,19959,28
645.6,273602,19999,28
646.79,274106,20019,28
647.91,274610,20047,28
649.02,275112,20067,28
650.13,275614,20115,28
651.22,276114,20143,28
652.39,276614,20175,28
653.53,277116,20183,28
654.82,277620,20195,28
656.15,278124,20223,28
657.44,278628,20267,28
658.93,279132,20307,28
660.1,279633,20343,28
661.28,280135,20399,28
662.46,280635,20439,28
663.66,281139,20483,28
664.96,281641,20491,28
666.22,282145,20507,28
667.47,282646,20535,28
668.74,283148,20579,28
669.83,283649,20603,28
671.15,284153,20627,28
672.41,284653,20659,28
673.53,285155,20675,28
674.81,285656,20687,28
676.04,286159,20711,28
677.35,286663,20731,28
678.64,287163,20767,28
679.87,287664,20787,28
681.05,288167,20815,28
682.44,288669,20851,28
683.64,289170,20875,28
684.78,289673,20903,28
686.09,290173,20935,28
687.24,290674,20959,28
688.45,291177,20971,28
689.59,291679,20991,28
690.79,292179,21011,28
691.97,292680,21031,28
693.16,293184,21051,28
694.33,293686,21091,28
695.38,294189,21115,28
696.52,294690,21151,28
697.59,295190,21167,28
698.8,295692,21191,28
700.11,296193,21235,28
701.3,296694,21255,28
702.59,297194,21287,28
704.07,297696,21315,28
705.46,298196,21343,28
706.81,298700,21391,28
708.05,299202,21431,28
709.31,299703,21451,28
710.41,300207,21503,28
711.64,300710,21531,28
712.97,301214,21551,28
714.17,301717,21563,28
715.39,302221,21583,28
716.64,302721,21607,28
717.96,303224,21627,28
719.12,303727,21675,28
720.26,304231,21687,28
721.44,304732,21707,28
722.62,305233,21735,28
723.84,305737,21779,28
725.21,306240,21807,28
726.56,306742,21839,28
728.01,307242,21859,28
729.23,307746,21903,28
730.51,308248,21931,28
731.73,308750,21939,28
733.05,309254,21971,28
734.44,309754,21995,28
735.83,310258,22039,28
737.25,310759,22075,28
738.51,311261,22123,28
739.73,311764,22143,28
740.92,312265,22159,28
742.12,312769,22203,28
743.33,313273,22231,28
744.51,313773,22263,28
745.65,314275,22279,28
746.85,314778,22295,28
748.08,315280,22331,28
749.26,315780,22355,28
750.6,316283,22387,28
751.97,316784,22403,28
753.19,317288,22447,28
754.41,317790,22467,28
755.54,318290,22507,28
756.7,318790,22531,28
757.87,319291,22559,28
759.2,319794,22575,28
760.37,320295,22595,28
761.52,320796,22631,28
762.72,321296,22663,28
763.97,321800,22695,28
765.23,322300,22715,28
766.52,322800,22743,28
767.87,323300,22763,28
769.34,323801,22807,28
770.59,324302,22839,28
771.95,324803,22879,28
773.32,325307,22931,28
774.62,325808,22971,28
775.98,326309,22983,28
777.44,326810,23015,28
778.75,327311,23059,28
780.07,327815,23079,28
781.46,328316,23127,28
782.76,328820,23159,28
783.99,329320,23179,28
785.31,329824,23199,28
786.73,330325,23231,28
787.93,330828,23271,28
789.37,331331,23303,28
790.79,331835,23347,28
792.01,332335,23387,28
793.24,332837,23427,28
794.45,333339,23455,28
795.85,333840,23467,28
797.12,334344,23503,28
798.57,334847,23527,28
799.89,335349,23559,28
801.29,335851,23579,28
802.61,336354,23595,28
803.79,336858,23611,28
805.22,337361,23623,28
806.55,337863,23667,28
807.81,338364,23687,28
809.03,338864,23727,28
810.23,339368,23759,28
811.58,339871,23811,28
812.97,340372,23827,28
814.21,340873,23847,28
815.41,341375,23855,28
816.63,341879,23887,28
817.96,342382,23895,28
819.24,342884,23903,28
820.41,343388,23923,28
821.54,343889,23951,28
822.67,344390,23999,28
824.04,344890,24035,28
825.31,345391,24067,28
826.77,345892,24083,28
828.06,346394,24111,28
829.59,346898,24139,28
830.93,347398,24163,28
832.3,347901,24179,28
833.53,348405,24195,28
834.73,348906,24219,28
836.14,349406,24255,28
837.39,349910,24267,28
838.65,350413,24295,28
839.81,350915,24323,28
840.99,351418,24343,28
842.37,351918,24363,28
843.54,352422,24383,28
844.86,352926,24431,28
845.99,353427,24471,28
847.28,353927,24511,28
848.54,354430,24531,28
850.05,354931,24563,28
851.4,355435,24591,28
852.68,355935,24611,28
854.02,356437,24647,28
855.2,356940,24679,28
856.53,357442,24723,28
857.9,357945,24743,28
859.16,358445,24783,28
860.44,358948,24811,28
861.66,359449,24827,28
862.95,359952,24855,28
864.17,360453,24891,28
865.37,360953,24931,28
866.56,361455,24951,28
867.81,361958,24987,28
869.05,362460,25007,28
870.5,362961,25043,28
871.75,363462,25063,28
873.23,363962,25087,28
874.44,364462,25119,28
875.82,364966,25159,28
877.1,365466,25191,28
878.55,365968,25203,28
879.9,366471,25235,28
881.41,366974,25247,28
882.72,367474,25283,28
884.06,367974,25315,28
885.26,368477,25347,28
886.46,368978,25351,28
887.73,369478,25375,28
888.97,369982,25383,28
890.14,370482,25399,28
891.41,370982,25435,28
892.71,371484,25443,28
894.05,371985,25479,28
895.3,372486,25503,28
896.57,372990,25527,28
897.77,373491,25543,28
898.93,373995,25579,28
900.14,374495,25607,28
901.46,374996,25619,28
902.79,375500,25659,28
904.04,376000,25687,28
905.24,376500,25735,28
906.67,377001,25771,28
907.98,377505,25815,28
909.19,378008,25847,28
910.43,378509,25887,28
911.7,379013,25911,28
912.94,379516,25947,28
914.21,380020,25991,28
915.57,380523,25999,28
916.89,381025,26019,28
918.13,381527,26051,28
919.45,382027,26087,28
920.72,382531,26095,28
921.95,383032,26119,28
923.39,383536,26147,28
924.74,384040,26171,28
926.15,384544,26187,28
927.43,385047,26207,28
928.75,385547,26235,28
929.97,386051,26271,28
931.28,386554,26295,28
932.7,387056,26323,28
934.15,387558,26343,28
935.49,388061,26375,28
936.89,388561,26407,28
938.05,389063,26423,28
939.21,389563,26459,28
940.45,390065,26491,28
941.67,390566,26515,28
942.89,391069,26559,28
943.99,391572,26587,28
945.2,392076,26619,28
946.39,392577,26667,28
947.9,393077,26699,28
949.15,393577,26731,28
950.41,394080,26759,28
951.68,394581,26771,28
953.08,395081,26791,28
954.41,395583,26811,28
955.7,396085,26843,28
956.84,396585,26863,28
958.12,397089,26899,28
959.39,397591,26923,28
960.64,398094,26967,28
961.97,398598,27003,28
963.25,399098,27043,28
964.52,399602,27055,28
965.7,400105,27075,28
966.9,400607,27111,28
968.1,401110,27143,28
969.5,401612,27151,28
970.79,402115,27167,28
972.24,402615,27199,28
973.53,403115,27235,28
975.02,403616,27255,28
976.26,404116,27275,28
977.66,404620,27287,28
978.93,405120,27303,28
980.25,405623,27315,28
981.53,406125,27335,28
982.82,406629,27371,28
984.06,407133,27399,28
985.23,407637,27427,28
986.51,408140,27435,28
987.92,408643,27467,28
989.03,409144,27503,28
990.39,409646,27511,28
991.6,410147,27555,28
992.86,410650,27603,28
994.21,411150,27643,28
995.5,411651,27679,28
997.29,412151,27695,28
999.09,412652,27735,28
1000.38,413156,27767,28
1001.55,413660,27799,28
1002.83,414162,27823,28
1004.15,414666,27851,28
1005.54,415170,27891,28
1006.85,415673,27915,28
1008.18,416177,27935,28
1009.47,416678,27963,28
1010.69,417181,27987,28
1011.99,417685,28003,28
1013.23,418187,28023,28
1014.47,418687,28043,28
1015.66,419187,28059,28
1016.87,419687,28079,28
1018.24,420189,28111,28
1019.37,420689,28143,28
1020.57,421189,28175,28
1021.77,421693,28219,28
1023.03,422195,28239,28
1024.25,422699,28251,28
1025.66,423202,28291,28
1026.96,423702,28327,28
1028.24,424202,28347,28
1029.44,424704,28371,28
1030.73,425204,28391,28
1031.92,425704,28407,28
1033.14,426205,28471,28
1034.46,426708,28507,28
1035.85,427209,28531,28
1037.3,427713,28543,28
1038.69,428214,28575,28
1039.99,428716,28619,28
1041.25,429218,28639,28
1042.46,429721,28671,28
1043.66,430221,28743,28
1044.93,430725,28775,28
1046.18,431229,28787,28
1047.35,431730,28819,28
1048.62,432230,28863,28
1049.78,432734,28911,28
1050.84,433237,28947,28
1051.95,433739,28987,28
1053.25,434241,29019,28
1054.58,434743,29059,28
1055.9,435244,29079,28
1057.28,435745,29103,28
1058.61,436249,29131,28
1059.97,436752,29167,28
1061.22,437254,29203,28
1062.59,437757,29243,28
1063.99,438258,29271,28
1065.28,438760,29299,28
1066.52,439263,29331,28
1067.9,439765,29359,28
1069.29,440266,29407,28
1070.43,440768,29431,28
1071.68,441272,29459,28
1072.96,441776,29483,28
1074.21,442276,29511,28
1075.5,442776,29551,28
1076.71,443276,29579,28
1078.05,443780,29607,28
1079.32,444282,29635,28
1080.57,444784,29675,28
1081.76,445284,29703,28
1082.97,445788,29743,28
1084.29,446288,29775,28
1085.56,446792,29787,28
1086.98,447296,29823,28
1088.32,447797,29847,28
1089.5,448301,29867,28
1090.82,448804,29895,28
1092.07,449306,29927,28
1093.46,449809,29955,28
1094.62,450310,29975,28
1095.93,450812,30011,28
1097.25,451312,30035,28
1098.64,451812,30063,28
1099.84,452316,30087,28
1100.9,452818,30127,28
1102.15,453321,30155,28
1103.47,453822,30179,28
1104.73,454322,30211,28
1106.03,454824,30235,28
1107.27,455324,30259,28
1108.51,455826,30291,28
1109.58,456329,30315,28
1110.77,456829,30343,28
1112.06,457330,30363,28
1113.34,457833,30399,28
1114.65,458334,30411,28
1115.94,458838,30443,28
1117.29,459339,30487,28
1118.5,459840,30511,28
1119.77,460341,30515,28
1120.79,460844,30567,28
1122.02,461347,30595,28
1123.19,461848,30639,28
1124.33,462352,30675,28
1125.57,462856,30731,28
1126.86,463359,30747,28
1128.25,463862,30791,28
1129.69,464364,30823,28
1131.06,464865,30867,28
1132.27,465365,30891,28
1133.59,465866,30911,28
1134.81,466366,30927,28
1136.11,466870,30943,28
1137.44,467372,30987,28
1138.66,467875,31011,28
1139.86,468377,31047,28
1140.91,468877,31067,28
1142.01,469377,31115,28
1143.11,469879,31135,28
1144.27,470381,31163,28
1145.66,470884,31187,28
1147.07,471385,31211,28
1148.33,471886,31235,28
1149.69,472388,31259,28
1150.92,472890,31295,28
1152.23,473390,31331,28
1153.42,473890,31363,28
1154.73,474391,31399,28
1156.01,474892,31431,28
1157.56,475392,31459,28
1158.92,475896,31483,28
1160.46,476399,31507,28
1161.71,476902,31523,28
1162.98,477406,31535,28
1164.29,477909,31559,28
1165.64,478412,31571,28
1166.92,478912,31603,28
1168.14,479415,31627,28
1169.45,479918,31667,28
1170.69,480421,31695,28
1171.94,480924,31731,28
1173.08,481426,31747,28
1174.24,481929,31775,28
1175.71,482431,31799,28
1177.14,482933,31839,28
1178.46,483434,31859,28
1179.62,483938,31879,28
1180.84,484439,31895,28
1181.96,484942,31911,28
1183.22,485444,31947,28
1184.45,485947,31983,28
1185.82,486447,31999,28
1187.1,486947,32031,28
1188.38,487448,32055,28
1189.7,487952,32083,28
1190.98,488456,32131,28
1192.27,488960,32159,28
1193.52,489460,32175,28
1194.86,489962,32183,28
1196.21,490464,32223,28
1197.59,490967,32251,28
1198.75,491471,32267,28
1200.03,491974,32299,28
1201.38,492474,32327,28
1202.6,492975,32351,28
1203.81,493479,32395,28
1205.57,493980,32423,28
1206.86,494480,32443,28
1208.12,494983,32475,28
1209.38,495483,32507,28
1210.8,495984,32535,28
1211.97,496487,32571,28
1213.29,496989,32599,28
1214.59,497493,32627,28
1215.78,497993,32643,28
1217.08,498496,32663,28
1218.45,498996,32699,28
1219.77,499496,32747,28
1220.94,499996,32791,28
1222.25,500498,32815,28
1223.49,501002,32831,28
1224.83,501505,32883,28
1226.12,502005,32903,28
1227.47,502507,32931,28
1228.79,503011,32951,28
1230.04,503511,32975,28
1231.45,504015,33007,28
1232.58,504518,33039,28
1233.87,505019,33059,28
1235.13,505521,33083,28
1236.48,506021,33119,28
1237.83,506521,33163,28
1239.37,507024,33179,28
1240.65,507527,33207,28
1242.12,508031,33231,28
1243.35,508531,33251,28
1244.61,509035,33263,28
1245.94,509535,33275,28
1247.47,510037,33299,28
1248.88,510541,33327,28
1250.23,511042,33351,28
1251.48,511543,33375,28
1252.88,512046,33419,28
1254.13,512546,33435,28
1255.53,513050,33463,28
1256.8,513550,33491,28
1258.14,514053,33531,28
1259.41,514555,33547,28
1260.9,515057,33575,28
1262.08,515557,33603,28
1263.44,516057,33651,28
1264.69,516557,33683,28
1266.03,517059,33719,28
1267.4,517560,33735,28
1268.72,518061,33763,28
1270.02,518564,33783,28
1271.3,519065,33819,28
1272.61,519569,33843,28
1273.92,520069,33863,28
1275.09,520570,33891,28
1276.34,521072,33919,28
1277.68,521574,33947,28
1278.88,522074,33971,28
1280.1,522578,33991,28
1281.34,523079,33995,28
1282.64,523581,34027,28
1283.85,524085,34067,28
1285.06,524589,34099,28
1286.4,525091,34107,28
1287.59,525595,34139,28
1288.83,526099,34167,28
1290.18,526602,34215,28
1291.45,527104,34243,28
1292.69,527604,34279,28
1294.1,528104,34303,28
1295.5,528608,34327,28
1296.72,529112,34355,28
1297.89,529612,34387,28
1299.17,530116,34411,28
1300.46,530616,34447,28
1301.73,531117,34475,28
1303.03,531621,34511,28
1304.35,532123,34535,28
1305.52,532624,34583,28
1306.84,533126,34611,28
1308.08,533626,34639,28
1309.29,534128,34659,28
1310.53,534628,34699,28
1311.97,535130,34759,28
1313.28,535634,34775,28
1314.42,536134,34811,28
1315.67,536637,34835,28
1316.96,537140,34859,28
1318.42,537640,34891,28
1319.71,538143,34911,28
1320.97,538644,34963,28
1322.1,539144,34975,28
1323.41,539646,34999,28
1324.55,540146,35015,28
1325.74,540648,35031,28
1327.08,541149,35059,28
1328.34,541653,35083,28
1329.69,542153,35115,28
1330.91,542657,35131,28
1332.27,543160,35159,28
1333.56,543663,35183,28
1334.94,544164,35227,28
1336.16,544667,35275,28
1337.7,545167,35299,28
1339.04,545667,35335,28
1340.42,546170,35355,28
1341.66,546670,35391,28
1343.02,547172,35427,28
1344.24,547673,35455,28
1345.52,548176,35491,28
1346.62,548677,35519,28
1348.12,549181,35535,28
1349.27,549682,35567,28
1350.63,550182,35611,28
1351.91,550682,35627,28
1353.36,551183,35647,28
1354.85,551686,35679,28
1356.2,552186,35727,28
1357.4,552688,35759,28
1358.88,553191,35791,28
1360.14,553693,35827,28
1361.71,554194,35839,28
1363.11,554698,35867,28
1364.56,555201,35911,28
1365.88,555704,35935,28
1367.25,556206,35971,28
1368.5,556707,35991,28
1369.92,557207,36039,28
1371.44,557710,36079,28
1372.9,558211,36127,28
1374.26,558711,36155,28
1375.54,559212,36175,28
1376.78,559716,36199,28
1378.09,560216,36231,28
1379.36,560720,36255,28
1380.64,561221,36287,28
1381.82,561724,36311,28
1383.25,562226,36351,28
1384.52,562728,36379,28
1385.85,563232,36395,28
1387.09,563733,36419,28
1388.49,564234,36439,28
1389.85,564734,36455,28
1391,565234,36479,28
1392.33,565735,36503,28
1393.64,566235,36515,28
1395.14,566738,36527,28
1396.96,567238,36563,28
1398.18,567739,36595,28
1399.45,568242,36607,28
1400.73,568744,36635,28
1402.17,569246,36663,28
1403.43,569748,36695,28
1404.82,570252,36735,28
1406.12,570756,36751,28
1407.51,571260,36767,28
1409.02,571760,36807,28
1410.17,572262,36827,28
1411.43,572762,36855,28
1412.49,573264,36879,28
1413.73,573768,36915,28
1414.9,574272,36943,28
1416.12,574776,36963,28
1417.39,575278,36979,28
1418.79,575780,37011,28
1420.11,576283,37059,28
1421.47,576783,37099,28
1422.73,577287,37139,28
1424.1,577790,37163,28
1425.46,578293,37183,28
1426.86,578797,37195,28
1428.15,579297,37223,28
1429.38,579797,37263,28
1430.59,580298,37267,28
1431.82,580801,37295,28
1433.19,581301,37311,28
1434.37,581805,37323,28
1435.61,582306,37339,28
1436.92,582807,37391,28
1438.19,583309,37423,28
1439.46,583813,37459,28
1440.71,584315,37495,28
1441.95,584818,37535,28
1443.43,585318,37551,28
1444.67,585819,37575,28
1445.92,586322,37611,28
1447.23,586822,37651,28
1448.6,587322,37687,28
1450.1,587822,37715,28
1451.73,588326,37739,28
1453.01,588828,37755,28
1454.43,589329,37779,28
1455.68,589829,37807,28
1457.04,590333,37839,28
1458.34,590834,37891,28
1459.6,591337,37911,28
1460.89,591839,37935,28
1462.19,592342,37963,28
1463.35,592843,38003,28
1464.64,593344,38043,28
1465.74,593846,38071,28
1467.09,594346,38107,28
1468.26,594849,38131,28
1469.56,595350,38151,28
1470.8,595852,38175,28
1472.12,596356,38203,28
1473.45,596860,38227,28
1474.7,597363,38255,28
1475.95,597865,38279,28
1477.23,598366,38295,28
1478.55,598866,38327,28
1479.8,599368,38367,28
1481.1,599869,38411,28
1482.38,600369,38451,28
1483.57,600870,38471,28
1484.75,601372,38499,28
1486.11,601873,38503,28
1487.42,602377,38539,28
1488.8,602877,38567,28
1490.19,603378,38591,28
1491.42,603879,38615,28
1492.71,604380,38639,28
1494.06,604880,38695,28
1495.31,605382,38711,28
1496.6,605882,38735,28
1497.77,606382,38779,28
1499.24,606886,38819,28
1500.43,607386,38839,28
1501.7,607889,38875,28
1502.89,608390,38923,28
1504.21,608892,38959,28
1505.58,609396,38999,28
1506.8,609898,39035,28
1507.99,610402,39047,28
1509.43,610903,39091,28
1510.88,611405,39123,28
1512.22,611909,39135,28
1513.46,612410,39175,28
1514.8,612911,39223,28
1516.24,613415,39235,28
1517.54,613917,39275,28
1518.74,614421,39303,28
1520.01,614921,39311,28
1521.26,615422,39339,28
1522.51,615923,39363,28
1523.72,616427,39383,28
1525.03,616931,39415,28
1526.29,617434,39451,28
1527.61,617937,39463,28
1528.88,618439,39471,28
1530.13,618943,39499,28
1531.36,619445,39519,28
1532.58,619946,39551,28
1533.88,620446,39611,28
1535.12,620950,39631,28
1536.2,621453,39655,28
1537.39,621957,39695,28
1538.56,622458,39715,28
1539.8,622959,39731,28
1541.07,623459,39755,28
1542.33,623963,39783,28
1543.42,624465,39803,28
1544.75,624969,39827,28
1546.16,625470,39859,28
1547.49,625972,39875,28
1548.7,626474,39899,28
1550.13,626978,39927,28
1551.53,627478,39971,28
1552.92,627978,40011,28
1554.17,628478,40035,28
1555.48,628980,40063,28
1556.68,629484,40087,28
1557.97,629988,40115,28
1559.27,630488,40139,28
1560.56,630991,40159,28
1561.73,631492,40207,28
1563.25,631995,40255,28
1564.48,632496,40287,28
1565.78,632998,40331,28
1567.03,633502,40371,28
1568.28,634004,40407,28
1569.61,634508,40439,28
1570.92,635010,40475,28
1572.28,635510,40495,28
1573.45,636011,40543,28
1574.78,636512,40579,28
1576.01,637012,40603,28
1577.33,637513,40635,28
1578.68,638016,40663,28
1580.03,638518,40699,28
1581.23,639021,40731,28
1582.59,639525,40747,28
1583.79,640027,40779,28
1585.16,640529,40799,28
1586.29,641030,40827,28
1587.61,641530,40847,28
1588.84,642033,40875,28
1590.13,642533,40907,28
1591.42,643033,40947,28
1592.82,643534,40971,28
1594.09,644036,41007,28
1595.41,644536,41035,28
1596.59,645040,41075,28
1597.89,645541,41103,28
1599.22,646045,41131,28
1600.63,646545,41175,28
1601.9,647045,41191,28
1603.34,647545,41223,28
1604.55,648046,41227,28
1605.81,648549,41255,28
1607.14,649052,41283,28
1608.4,649554,41327,28
1609.67,650057,41339,28
1610.87,650557,41351,28
1612.13,651058,41367,28
1613.45,651559,41391,28
1614.76,652062,41423,28
1615.98,652565,41451,28
1617.23,653066,41499,28
1618.45,653567,41531,28
1619.65,654071,41567,28
1620.84,654575,41595,28
1622.23,655075,41631,28
1623.46,655577,41667,28
1624.82,656081,41695,28
1626.07,656582,41727,28
1627.35,657086,41739,28
1628.59,657586,41755,28
1630.01,658089,41819,28
1631.45,658592,41847,28
1632.93,659095,41871,28
1634.09,659595,41883,28
1635.43,660099,41907,28
1636.86,660603,41923,28
1638.11,661106,41955,28
1639.42,661607,41975,28
1640.67,662110,41987,28
1641.99,662611,42039,28
1643.39,663113,42079,28
1644.7,663613,42111,28
1646,664117,42139,28
1647.26,664619,42163,28
1648.49,665119,42183,28
1649.74,665623,42231,28
1651.02,666124,42255,28
1652.4,666625,42291,28
1653.76,667127,42319,28
1655.08,667630,42347,28
1656.29,668131,42379,28
1657.6,668634,42407,28
1658.81,669134,42431,28
1660.08,669637,42463,28
1661.39,670139,42499,28
1662.6,670640,42507,28
1663.96,671141,42555,28
1665.34,671644,42587,28
1666.71,672147,42607,28
1667.83,672647,42643,28
1669.06,673149,42659,28
1670.37,673652,42691,28
1671.71,674154,42699,28
1672.93,674658,42727,28
1674.2,675162,42747,28
1675.42,675665,42759,28
1676.62,676165,42783,28
1677.93,676669,42819,28
1679.16,677173,42835,28
1680.34,677677,42847,28
1681.7,678177,42883,28
1683.17,678680,42907,28
1684.57,679182,42927,28
1685.88,679682,42955,28
1687.12,680184,42979,28
1688.42,680684,43015,28
1689.66,681185,43039,28
1690.97,681685,43055,28
1692.42,682187,43095,28
1693.64,682687,43111,28
1694.96,683191,43139,28
1696.29,683695,43171,28
1697.72,684195,43195,28
1698.98,684699,43223,28
1700.23,685200,43235,28
1701.63,685700,43263,28
1703.08,686201,43291,28
1704.57,686702,43319,28
1705.85,687202,43351,28
1707.16,687704,43375,28
1708.41,688205,43399,28
1709.81,688705,43439,28
1711.04,689207,43479,28
1712.47,689707,43507,28
1713.8,690208,43527,28
1715.11,690712,43535,28
1716.46,691213,43595,28
1717.81,691713,43643,28
1719.11,692217,43671,28
1720.54,692721,43687,28
1721.83,693224,43711,28
1723.1,693725,43715,28
1724.4,694225,43775,28
1725.76,694728,43787,28
1726.92,695229,43811,28
1728.05,695729,43827,28
1729.48,696232,43847,28
1730.86,696733,43883,28
1732.3,697234,43899,28
1733.56,697735,43931,28
1734.89,698236,43951,28
1736.11,698739,43983,28
1737.23,699242,43995,28
1738.55,699743,44015,28
1739.8,700245,44067,28
1741.23,700746,44091,28
1742.61,701246,44111,28
1744.02,701748,44143,28
1745.34,702252,44175,28
1746.65,702753,44187,28
1747.89,703254,44215,28
1749.25,703755,44231,28
1750.59,704258,44279,28
1752.13,704761,44295,28
1753.4,705265,44323,28
1754.7,705769,44371,28
1756.08,706273,44391,28
1757.68,706776,44403,28
1759.15,707277,44443,28
1760.54,707779,44463,28
1762.03,708279,44491,28
1763.3,708783,44511,28
1764.76,709283,44523,28
1766.23,709783,44547,28
1767.59,710287,44559,28
1769.04,710790,44587,28
1770.41,711290,44623,28
1771.85,711790,44651,28
1773.12,712292,44679,28
1774.7,712796,44723,28
1776.1,713297,44755,28
1777.42,713798,44787,28
1778.76,714301,44807,28
1780.05,714802,44831,28
1781.45,715304,44835,28
1782.96,715805,44871,28
1784.36,716305,44915,28
1785.81,716806,44951,28
1787.09,717308,44987,28
1788.46,717810,45031,28
1789.79,718312,45059,28
1791.08,718815,45071,28
1792.39,719318,45099,28
1793.79,719821,45131,28
1795.14,720324,45159,28
1796.52,720826,45187,28
1797.77,721326,45223,28
1799.12,721828,45259,28
1800.47,722328,45291,28
1801.85,722829,45311,28
1803.04,723332,45347,28
1804.48,723833,45391,28
1805.63,724333,45419,28
1806.98,724837,45471,28
1808.34,725339,45503,28
1809.49,725842,45543,28
1810.88,726343,45571,28
1812.08,726846,45599,28
1813.54,727348,45607,28
1814.81,727852,45635,28
1816.21,728352,45667,28
1817.48,728855,45699,28
1818.74,729356,45715,28
1820.05,729857,45747,28
1821.37,730360,45795,28
1822.72,730863,45815,28
1823.99,731364,45839,28
1825.41,731866,45859,28
1826.91,732370,45911,28
1828.13,732870,45967,28
1829.59,733373,45999,28
1830.87,733874,46023,28
1832.39,734375,46059,28
1833.7,734877,46095,28
1835.13,735379,46127,28
1836.36,735883,46163,28
1837.82,736383,46215,28
1839.19,736887,46235,28
1840.52,737391,46263,28
1841.81,737892,46299,28
1843.24,738392,46311,28
1844.61,738893,46355,28
1846.14,739397,46387,28
1847.57,739900,46415,28
1849.04,740401,46435,28
1850.37,740901,46471,28
1851.87,741401,46503,28
1853.14,741904,46543,28
1854.44,742406,46559,28
1855.78,742906,46595,28
1857.19,743408,46623,28
1858.54,743910,46651,28
1859.91,744410,46671,28
1861.15,744911,46703,28
1862.69,745411,46735,28
1863.94,745913,46775,28
1865.3,746417,46791,28
1866.39,746918,46795,28
1867.92,747422,46827,28
1869.3,747923,46847,28
1870.51,748426,46863,28
1872.1,748927,46883,28
1873.42,749429,46931,28
1874.7,749932,46959,28
1875.93,750435,46979,28
1877.41,750939,47011,28
1878.58,751443,47051,28
1879.93,751947,47075,28
1881.28,752447,47091,28
1882.69,752949,47103,28
1884.01,753453,47143,28
1885.42,753953,47179,28
1886.69,754455,47215,28
1888,754957,47239,28
1889.28,755457,47271,28
1890.63,755961,47311,28
1891.93,756462,47351,28
1893.42,756965,47383,28
1894.7,757467,47407,28
1896.22,757967,47431,28
1897.52,758469,47471,28
1898.84,758972,47507,28
1900.1,759474,47539,28
1901.51,759977,47579,28
1902.93,760478,47615,28
1904.35,760978,47639,28
1905.75,761480,47679,28
1907.26,761980,47707,28
1908.55,762480,47743,28
1909.86,762982,47783,28
1911.2,763482,47819,28
1912.49,763984,47855,28
1914.04,764486,47875,28
1915.34,764988,47907,28
1916.71,765489,47943,28
1917.96,765990,47987,28
1919.3,766493,48027,28
1920.58,766995,48043,28
1.24,503,4395,29
2.29,1005,4721,29
3.35,1509,4727,29
4.35,2009,4727,29
5.51,2510,5414,31
6.52,3010,5414,31
7.57,3510,5414,31
8.54,4013,5517,31
9.6,4517,5517,31
10.79,5020,5542,31
11.9,5521,5619,31
12.96,6022,5623,31
14.12,6524,5631,31
15.31,7025,5635,31
16.46,7525,5635,31
17.56,8025,5635,31
18.72,8525,5635,31
19.9,9025,5647,31
21,9527,5651,31
22.06,10031,5663,31
23.26,10531,5671,31
24.49,11035,5687,31
25.55,11539,5707,31
26.76,12041,5723,31
28,12542,5731,31
29.13,13042,5739,31
30.18,13543,5743,31
31.16,14043,5743,31
32.13,14543,5743,31
33.07,15043,5743,31
34.04,15544,5747,31
35.19,16044,5747,31
36.15,16544,5747,31
37.04,17044,5747,31
38.02,17544,5747,31
39.15,18044,5747,31
40.21,18544,5747,31
41.37,19045,5751,31
42.48,19545,5751,31
43.58,20045,5751,31
44.61,20548,5759,31
45.61,21048,5779,31
46.68,21548,5779,31
47.84,22048,5787,31
48.99,22548,5787,31
50.06,23050,5795,31
51.14,23551,5799,31
52.24,24055,5817,31
53.35,24556,5821,31
54.41,25059,5829,31
55.43,25561,5837,31
56.66,26064,5857,31
57.82,26565,5861,31
58.99,27065,5861,31
60.19,27566,5881,31
61.34,28070,5889,31
62.46,28571,5909,31
63.51,29075,5917,31
64.71,29578,5929,31
65.91,30081,5937,31
67.14,30585,5961,31
68.3,31089,5973,31
69.46,31589,5993,31
70.65,32089,6009,31
71.8,32590,6045,31
73.12,33091,6069,31
74.31,33592,6073,31
75.66,34096,6101,31
76.88,34600,6121,31
78.12,35100,6133,31
79.2,35600,6161,31
80.52,36103,6201,31
81.76,36604,6225,31
82.95,37108,6241,31
84.13,37608,6253,31
85.35,38109,6277,31
86.54,38613,6305,31
87.75,39116,6317,31
89,39617,6333,31
90.22,40119,6353,31
91.33,40619,6381,31
92.61,41119,6389,31
93.76,41621,6425,31
94.86,42121,6457,31
96.06,42622,6469,31
97.38,43126,6493,31
98.57,43627,6517,31
99.91,44128,6553,31
101.01,44632,6577,31
102.1,45133,6593,31
103.26,45636,6605,31
104.58,46140,6625,31
105.68,46640,6645,31
106.78,47144,6689,31
107.98,47645,6693,31
109.23,48148,6721,31
110.45,48649,6741,31
111.71,49149,6757,31
113.02,49652,6785,31
114.28,50155,6809,31
115.45,50655,6833,31
116.62,51159,6849,31
117.88,51661,6877,31
119.07,52162,6881,31
120.33,52666,6909,31
121.57,53166,6945,31
122.89,53669,6989,31
124.14,54173,7017,31
125.41,54675,7041,31
126.75,55177,7069,31
128.02,55681,7089,31
129.36,56184,7125,31
130.65,56688,7157,31
131.99,57189,7177,31
133.22,57693,7201,31
134.46,58197,7213,31
135.72,58697,7225,31
137.05,59198,7245,31
138.37,59698,7265,31
139.56,60198,7281,31
140.85,60699,7313,31
142.06,61203,7329,31
143.21,61704,7345,31
144.43,62205,7397,31
145.6,62708,7425,31
146.86,63210,7453,31
148.1,63710,7461,31
149.45,64211,7481,31
150.73,64715,7509,31
152.06,65218,7553,31
153.27,65719,7569,31
154.52,66219,7609,31
155.76,66721,7645,31
157.01,67222,7681,31
158.1,67722,7705,31
159.29,68226,7761,31
160.41,68727,7793,31
161.74,69228,7821,31
162.97,69728,7857,31
164.22,70232,7901,31
165.26,70735,7921,31
166.47,71238,7957,31
167.7,71739,7981,31
168.85,72240,8017,31
170.06,72740,8041,31
171.35,73241,8057,31
172.58,73743,8089,31
173.66,74244,8093,31
174.72,74748,8133,31
175.87,75249,8137,31
177.06,75750,8161,31
178.23,76252,8193,31
179.52,76756,8225,31
180.8,77258,8241,31
181.91,77761,8261,31
183.07,78263,8293,31
184.49,78763,8309,31
185.7,79264,8329,31
186.83,79767,8353,31
187.99,80269,8377,31
189.2,80771,8413,31
190.26,81272,8445,31
191.45,81776,8481,31
192.82,82280,8497,31
194.02,82784,8517,31
195.23,83285,8545,31
196.64,83789,8569,31
197.89,84291,8589,31
199.12,84795,8625,31
200.34,85299,8645,31
201.61,85803,8669,31
202.91,86305,8705,31
204.04,86806,8733,31
205.2,87308,8761,31
206.49,87809,8793,31
207.71,88313,8821,31
208.92,88815,8865,31
210.06,89315,8877,31
211.28,89816,8901,31
212.67,90319,8929,31
213.92,90821,8953,31
215.09,91322,8969,31
216.22,91822,8981,31
217.34,92323,8985,31
218.55,92823,9029,31
219.68,93327,9065,31
220.93,93831,9085,31
222.22,94335,9117,31
223.38,94837,9153,31
224.55,95337,9193,31
225.84,95841,9225,31
227.06,96345,9249,31
228.37,96849,9277,31
229.49,97350,9317,31
230.66,97853,9341,31
231.84,98356,9357,31
233.13,98856,9385,31
234.44,99359,9417,31
235.57,99862,9449,31
236.69,100365,9477,31
237.94,100868,9517,31
239.18,101371,9549,31
240.28,101871,9585,31
241.45,102375,9629,31
242.63,102875,9657,31
243.83,103378,9665,31
245.03,103879,9685,31
246.3,104380,9733,31
247.61,104880,9749,31
248.7,105384,9773,31
249.77,105886,9797,31
250.91,106387,9825,31
252.16,106888,9849,31
253.34,107390,9877,31
254.61,107890,9877,31
255.78,108391,9897,31
256.92,108892,9913,31
258.01,109394,9937,31
259.23,109894,9969,31
260.78,110395,10009,31
262.05,110898,10033,31
263.33,111402,10065,31
264.6,111904,10097,31
265.82,112407,10117,31
266.98,112909,10137,31
268.17,113412,10169,31
269.31,113915,10201,31
270.62,114417,10221,31
271.85,114919,10245,31
273.12,115419,10273,31
274.33,115923,10301,31
275.52,116427,10329,31
276.75,116927,10357,31
278.09,117429,10365,31
279.37,117933,10377,31
280.68,118435,10385,31
281.89,118939,10405,31
283.2,119443,10413,31
284.42,119944,10449,31
285.68,120445,10465,31
286.98,120946,10485,31
288.27,121449,10517,31
289.46,121952,10537,31
290.79,122453,10557,31
292,122953,10597,31
293.24,123453,10617,31
294.37,123957,10653,31
295.43,124457,10697,31
296.72,124961,10725,31
297.96,125465,10741,31
299.18,125966,10761,31
300.42,126466,10781,31
301.78,126969,10809,31
303.03,127469,10841,31
304.29,127973,10869,31
305.64,128477,10889,31
306.86,128981,10913,31
308.06,129481,10965,31
309.3,129981,11013,31
310.59,130484,11037,31
311.79,130984,11061,31
313.16,131487,11073,31
314.33,131988,11105,31
315.58,132491,11141,31
316.83,132993,11181,31
318.08,133495,11189,31
319.4,133999,11205,31
320.65,134503,11229,31
321.82,135007,11245,31
322.98,135510,11257,31
324.14,136010,11281,31
325.61,136511,11293,31
327.12,137014,11321,31
328.29,137516,11349,31
329.36,138019,11377,31
330.56,138521,11397,31
331.94,139021,11425,31
333.27,139522,11453,31
334.54,140024,11481,31
335.88,140527,11509,31
337.2,141030,11561,31
338.64,141532,11605,31
339.89,142032,11637,31
341.15,142532,11661,31
342.54,143035,11693,31
343.83,143537,11737,31
345.03,144041,11765,31
346.27,144542,11809,31
347.4,145043,11833,31
348.54,145545,11861,31
349.7,146048,11913,31
350.88,146548,11949,31
352.19,147048,11981,31
353.35,147549,12005,31
354.55,148051,12037,31
355.76,148553,12065,31
356.89,149053,12089,31
358.04,149553,12117,31
359.26,150054,12133,31
360.51,150554,12145,31
361.78,151056,12185,31
363.01,151559,12205,31
364.27,152063,12233,31
365.57,152567,12257,31
366.79,153067,12293,31
368.09,153569,12321,31
369.26,154071,12357,31
370.52,154574,12377,31
371.89,155074,12409,31
373.16,155578,12441,31
374.39,156081,12477,31
375.67,156585,12489,31
376.81,157087,12517,31
378.08,157587,12537,31
379.36,158088,12573,31
380.41,158589,12593,31
381.72,159091,12617,31
382.96,159592,12629,31
384.24,160094,12649,31
385.48,160597,12669,31
386.62,161099,12689,31
387.8,161599,12721,31
388.96,162100,12769,31
390.18,162604,12797,31
391.35,163108,12821,31
392.49,163612,12841,31
393.65,164113,12873,31
394.91,164617,12901,31
396.12,165121,12917,31
397.36,165623,12957,31
398.68,166123,12985,31
399.84,166627,13005,31
401.12,167131,13033,31
402.38,167631,13053,31
403.79,168134,13097,31
404.92,168638,13113,31
406.27,169139,13153,31
407.59,169639,13165,31
408.78,170139,13209,31
409.97,170639,13257,31
411.4,171142,13277,31
412.75,171646,13305,31
413.88,172148,13337,31
415.04,172649,13357,31
416.14,173152,13381,31
417.28,173656,13445,31
418.52,174158,13473,31
419.78,174659,13505,31
421,175162,13517,31
422.25,175663,13553,31
423.52,176167,13573,31
424.76,176667,13605,31
426.09,177168,13625,31
427.37,177668,13649,31
428.7,178168,13689,31
429.95,178670,13725,31
431.3,179174,13749,31
432.73,179674,13785,31
434.12,180177,13813,31
435.45,180677,13841,31
436.77,181178,13853,31
438.06,181679,13877,31
439.28,182182,13897,31
440.59,182685,13953,31
441.9,183187,13989,31
443.19,183687,14005,31
444.51,184190,14013,31
445.76,184694,14053,31
446.93,185197,14089,31
448.11,185700,14101,31
449.26,186201,14125,31
450.51,186704,14153,31
451.77,187207,14181,31
453.07,187707,14201,31
454.43,188207,14233,31
455.68,188710,14261,31
456.98,189213,14305,31
458.2,189715,14329,31
459.55,190215,14345,31
460.8,190715,14361,31
462.06,191215,14409,31
463.32,191718,14445,31
464.58,192221,14493,31
465.9,192723,14529,31
467.13,193226,14541,31
468.37,193726,14561,31
469.73,194227,14589,31
471.01,194731,14621,31
472.36,195234,14661,31
473.73,195737,14681,31
475.01,196238,14701,31
476.35,196738,14729,31
477.65,197240,14761,31
479.03,197744,14813,31
480.37,198244,14829,31
481.6,198744,14853,31
482.87,199247,14865,31
484.23,199747,14889,31
485.58,200251,14905,31
486.79,200754,14929,31
487.93,201257,14961,31
489.03,201761,15001,31
490.11,202263,15021,31
491.32,202764,15049,31
492.5,203265,15085,31
493.68,203765,15113,31
495.1,204269,15133,31
496.6,204773,15165,31
497.76,205274,15181,31
499,205774,15205,31
500.3,206274,15229,31
501.51,206776,15253,31
502.73,207276,15289,31
503.88,207776,15309,31
505.13,208277,15325,31
506.35,208779,15353,31
507.42,209280,15377,31
508.67,209780,15421,31
509.82,210283,15441,31
511.04,210783,15449,31
512.39,211286,15461,31
513.69,211786,15489,31
514.88,212286,15505,31
516.09,212790,15545,31
517.29,213293,15557,31
518.5,213797,15573,31
519.8,214300,15597,31
521,214801,15633,31
522.26,215303,15657,31
523.53,215807,15681,31
524.71,216310,15713,31
525.94,216811,15753,31
527.07,217315,15797,31
528.22,217819,15825,31
529.52,218321,15849,31
530.79,218823,15881,31
532.18,219325,15905,31
533.35,219826,15941,31
534.62,220327,15981,31
535.86,220828,16009,31
537.1,221331,16041,31
538.24,221835,16057,31
539.38,222335,16069,31
540.6,222838,16089,31
541.82,223341,16125,31
543.08,223844,16153,31
544.46,224346,16193,31
545.63,224846,16213,31
546.74,225349,16237,31
547.98,225853,16261,31
549.24,226356,16289,31
550.36,226857,16309,31
551.7,227360,16337,31
552.92,227861,16349,31
554.22,228361,16373,31
555.52,228861,16385,31
556.79,229361,16401,31
558.07,229862,16441,31
559.54,230365,16465,31
560.82,230866,16517,31
562.1,231368,16553,31
563.33,231869,16557,31
564.51,232372,16597,31
565.79,232875,16617,31
567.17,233379,16645,31
568.43,233883,16685,31
569.73,234387,16701,31
570.97,234887,16745,31
572.22,235391,16765,31
573.31,235894,16789,31
574.55,236394,16825,31
575.83,236898,16865,31
577.22,237399,16881,31
578.45,237902,16921,31
579.75,238405,16957,31
580.89,238906,16969,31
582.26,239407,16973,31
583.54,239910,17017,31
584.71,240414,17037,31
585.94,240917,17077,31
587.18,241419,17081,31
588.4,241920,17113,31
589.64,242423,17137,31
590.89,242927,17161,31
592.19,243429,17181,31
593.31,243931,17201,31
594.4,244433,17221,31
595.67,244935,17249,31
597.03,245438,17261,31
598.25,245938,17285,31
599.5,246440,17325,31
600.78,246940,17369,31
602.11,247441,17389,31
603.35,247941,17437,31
604.58,248442,17477,31
605.84,248942,17513,31
607.02,249444,17537,31
608.23,249948,17573,31
609.43,250449,17609,31
610.65,250950,17637,31
611.95,251454,17665,31
613.1,251956,17713,31
614.38,252459,17753,31
615.55,252962,17773,31
616.93,253466,17797,31
618.26,253968,17833,31
619.58,254472,17849,31
620.76,254974,17869,31
621.99,255476,17889,31
623.22,255980,17909,31
624.54,256482,17937,31
625.85,256982,17969,31
627.17,257482,17981,31
628.57,257986,18013,31
629.82,258486,18037,31
630.98,258988,18065,31
632.25,259492,18109,31
633.6,259996,18133,31
634.99,260498,18157,31
636.22,261000,18193,31
637.48,261500,18213,31
638.88,262003,18265,31
640.25,262505,18285,31
641.47,263006,18313,31
642.82,263509,18329,31
644.1,264011,18357,31
645.27,264514,18405,31
646.57,265017,18421,31
647.86,265519,18461,31
649.29,266022,18493,31
650.6,266524,18525,31
651.94,267025,18565,31
653.31,267526,18585,31
654.58,268027,18625,31
655.87,268530,18637,31
657.2,269034,18665,31
658.45,269535,18689,31
659.66,270039,18705,31
661,270540,18753,31
662.24,271042,18793,31
663.51,271544,18821,31
664.7,272048,18849,31
666,272552,18873,31
667.22,273055,18897,31
668.54,273555,18913,31
669.97,274059,18933,31
671.23,274561,18973,31
672.58,275064,19001,31
673.9,275568,19017,31
675.15,276070,19053,31
676.41,276573,19081,31
677.68,277076,19125,31
678.96,277580,19149,31
680.27,278083,19189,31
681.58,278584,19217,31
682.78,279086,19241,31
684.12,279587,19269,31
685.46,280091,19293,31
686.71,280594,19321,31
688.06,281095,19365,31
689.34,281598,19397,31
690.65,282100,19449,31
691.93,282604,19477,31
693.18,283104,19501,31
694.41,283605,19525,31
695.53,284105,19561,31
696.77,284607,19573,31
698.04,285110,19597,31
699.39,285611,19641,31
700.62,286111,19673,31
701.82,286611,19697,31
703.11,287112,19721,31
704.42,287613,19745,31
705.61,288115,19777,31
706.74,288617,19809,31
707.99,289118,19825,31
709.18,289622,19857,31
710.45,290122,19889,31
711.73,290624,19925,31
712.95,291128,19973,31
714.27,291628,20013,31
715.58,292130,20045,31
716.88,292634,20057,31
718.15,293134,20081,31
719.37,293636,20109,31
720.75,294138,20137,31
722,294639,20157,31
723.39,295142,20173,31
724.55,295642,20205,31
725.98,296143,20241,31
727.26,296645,20269,31
728.65,297148,20309,31
729.79,297650,20357,31
731.24,298154,20385,31
732.54,298656,20393,31
733.81,299158,20429,31
734.97,299658,20445,31
736.27,300160,20453,31
737.76,300661,20489,31
739.27,301165,20525,31
740.66,301665,20545,31
742.03,302169,20573,31
743.38,302669,20601,31
744.55,303173,20629,31
745.96,303675,20673,31
747.22,304175,20697,31
748.65,304679,20737,31
749.85,305180,20757,31
751.04,305680,20789,31
752.29,306183,20825,31
753.59,306685,20853,31
754.9,307187,20893,31
756.34,307687,20937,31
757.57,308188,20969,31
758.86,308689,21005,31
760.16,309190,21065,31
761.29,309694,21077,31
762.62,310196,21097,31
763.83,310697,21121,31
765.02,311198,21161,31
766.27,311700,21189,31
767.48,312204,21217,31
768.84,312704,21245,31
770.02,313204,21261,31
771.26,313706,21289,31
772.4,314207,21325,31
773.64,314709,21349,31
774.87,315211,21369,31
776.15,315713,21389,31
777.31,316213,21405,31
778.47,316715,21437,31
779.7,317218,21457,31
780.98,317718,21473,31
782.27,318218,21501,31
783.47,318722,21513,31
784.73,319222,21553,31
786.1,319726,21569,31
787.44,320228,21605,31
788.89,320732,21629,31
790.14,321235,21653,31
791.53,321739,21693,31
792.85,322243,21725,31
794.17,322746,21753,31
795.56,323246,21777,31
796.95,323748,21829,31
798.22,324251,21841,31
799.51,324751,21873,31
800.75,325252,21893,31
802.04,325753,21909,31
803.41,326255,21941,31
804.58,326758,21965,31
805.97,327260,22001,31
807.3,327761,22021,31
808.54,328263,22069,31
809.73,328765,22113,31
810.83,329269,22145,31
812.2,329770,22177,31
813.43,330272,22205,31
814.66,330776,22245,31
815.96,331277,22293,31
817.21,331781,22317,31
818.65,332283,22337,31
820.06,332785,22361,31
821.22,333289,22373,31
822.48,333790,22405,31
823.61,334290,22421,31
824.85,334791,22453,31
826.12,335291,22493,31
827.52,335792,22505,31
828.73,336294,22541,31
829.95,336796,22569,31
831.18,337296,22601,31
832.29,337799,22613,31
833.55,338302,22625,31
834.68,338804,22653,31
835.97,339304,22697,31
837.27,339804,22745,31
838.67,340308,22785,31
839.96,340810,22801,31
841.25,341311,22833,31
842.65,341812,22869,31
844.03,342315,22905,31
845.45,342816,22933,31
846.8,343318,22961,31
848.14,343822,22989,31
849.33,344324,23025,31
850.62,344827,23061,31
851.87,345327,23097,31
853.2,345828,23145,31
854.44,346328,23181,31
855.72,346831,23233,31
857.12,347331,23261,31
858.38,347831,23281,31
859.78,348332,23309,31
861.05,348835,23329,31
862.29,349336,23357,31
863.44,349836,23389,31
864.66,350339,23421,31
865.79,350842,23429,31
866.98,351345,23457,31
868.39,351849,23473,31
869.57,352349,23513,31
870.86,352852,23537,31
872.23,353356,23569,31
873.45,353859,23605,31
874.64,354359,23633,31
875.99,354863,23677,31
877.34,355364,23713,31
878.65,355864,23745,31
879.72,356366,23765,31
880.94,356867,23809,31
882.18,357367,23845,31
883.56,357867,23861,31
884.82,358369,23901,31
886.03,358872,23941,31
887.22,359376,23973,31
888.57,359879,24001,31
889.69,360379,24021,31
890.9,360881,24045,31
892.07,361383,24081,31
893.35,361885,24117,31
894.55,362387,24157,31
895.78,362888,24173,31
896.93,363390,24197,31
898.26,363893,24245,31
899.51,364393,24273,31
900.75,364895,24317,31
901.91,365397,24341,31
903.27,365901,24373,31
904.7,366403,24397,31
906.07,366903,24417,31
907.37,367403,24441,31
908.55,367906,24469,31
909.88,368408,24509,31
911.18,368911,24537,31
912.42,369412,24569,31
913.69,369914,24613,31
914.95,370414,24653,31
916.32,370916,24689,31
917.61,371419,24717,31
918.88,371923,24745,31
920.08,372426,24769,31
921.49,372927,24809,31
922.83,373430,24849,31
924.04,373932,24877,31
925.34,374436,24893,31
926.66,374938,24921,31
927.94,375442,24945,31
929.18,375942,24977,31
930.56,376446,25009,31
931.68,376949,25029,31
932.88,377450,25033,31
934.11,377954,25073,31
935.29,378457,25121,31
936.59,378960,25133,31
937.93,379463,25145,31
939.2,379967,25177,31
940.49,380469,25201,31
941.79,380969,25241,31
943.1,381473,25269,31
944.39,381973,25297,31
945.71,382474,25321,31
946.93,382974,25345,31
948.26,383474,25373,31
949.47,383974,25393,31
950.8,384476,25421,31
952.1,384976,25453,31
953.35,385476,25465,31
954.7,385980,25497,31
956.07,386480,25525,31
957.32,386981,25553,31
958.57,387483,25577,31
960.06,387983,25621,31
961.33,388484,25653,31
962.54,388985,25677,31
963.63,389488,25713,31
964.88,389988,25745,31
966.14,390490,25765,31
967.37,390992,25789,31
968.71,391495,25801,31
970.01,391998,25829,31
971.3,392501,25869,31
972.65,393004,25917,31
973.79,393505,25933,31
975.06,394005,25953,31
976.28,394509,25969,31
977.55,395013,26009,31
978.81,395516,26021,31
979.9,396018,26045,31
981.14,396521,26065,31
982.4,397025,26093,31
983.64,397528,26117,31
984.97,398030,26145,31
986.24,398534,26169,31
987.42,399034,26193,31
988.68,399534,26217,31
990.01,400038,26245,31
991.2,400539,26273,31
992.47,401041,26301,31
993.62,401543,26333,31
995.03,402044,26345,31
996.29,402547,26389,31
997.73,403049,26405,31
999.1,403550,26421,31
1000.44,404050,26457,31
1001.65,404552,26493,31
1002.94,405053,26513,31
1004.19,405554,26545,31
1005.42,406054,26585,31
1006.66,406557,26593,31
1007.94,407057,26629,31
1009.21,407561,26645,31
1010.45,408065,26669,31
1011.72,408566,26685,31
1012.99,409070,26713,31
1014.31,409571,26741,31
1015.56,410071,26793,31
1016.86,410575,26841,31
1018.07,411079,26881,31
1019.48,411579,26921,31
1020.84,412080,26925,31
1022.12,412581,26957,31
1023.43,413085,26977,31
1024.82,413586,27001,31
1026.09,414086,27037,31
1027.48,414589,27065,31
1028.83,415093,27085,31
1030.16,415596,27113,31
1031.42,416100,27121,31
1032.91,416600,27161,31
1034.37,417102,27201,31
1035.74,417606,27249,31
1037.1,418109,27281,31
1038.59,418613,27301,31
1039.96,419116,27317,31
1041.2,419617,27345,31
1042.41,420121,27393,31
1043.78,420621,27405,31
1045.19,421125,27433,31
1046.48,421626,27453,31
1047.85,422129,27489,31
1049.03,422631,27509,31
1050.26,423134,27545,31
1051.68,423634,27601,31
1052.98,424136,27645,31
1054.32,424638,27665,31
1055.58,425141,27701,31
1056.97,425643,27741,31
1058.32,426147,27773,31
1059.59,426648,27785,31
1060.89,427150,27805,31
1062.17,427651,27821,31
1063.43,428154,27857,31
1064.75,428654,27881,31
1066.04,429154,27909,31
1067.27,429658,27921,31
1068.51,430161,27965,31
1069.79,430665,27981,31
1070.99,431167,28001,31
1072.08,431667,28029,31
1073.25,432167,28061,31
1074.37,432667,28089,31
1075.6,433167,28109,31
1076.83,433671,28137,31
1078.07,434174,28169,31
1079.35,434674,28185,31
1080.44,435175,28221,31
1081.83,435679,28245,31
1083,436181,28269,31
1084.31,436681,28321,31
1085.57,437185,28353,31
1086.78,437687,28385,31
1088.07,438191,28409,31
1089.34,438691,28437,31
1090.52,439191,28465,31
1091.8,439695,28481,31
1093.08,440197,28513,31
1094.37,440697,28549,31
1095.51,441198,28577,31
1096.85,441701,28597,31
1098.01,442205,28629,31
1099.27,442705,28649,31
1100.46,443209,28661,31
1101.61,443709,28677,31
1102.86,444213,28721,31
1104.15,444717,28741,31
1105.44,445217,28765,31
1106.62,445718,28797,31
1107.88,446218,28825,31
1109.21,446719,28849,31
1110.51,447222,28857,31
1111.77,447726,28881,31
1113.06,448226,28897,31
1114.42,448728,28925,31
1115.79,449232,28949,31
1117.13,449732,28973,31
1118.44,450235,28997,31
1119.73,450739,29025,31
1120.94,451243,29041,31
1122.2,451746,29073,31
1123.45,452249,29077,31
1124.7,452751,29125,31
1125.98,453255,29145,31
1127.19,453755,29157,31
1128.53,454257,29193,31
1129.81,454757,29209,31
1131.07,455257,29245,31
1132.31,455758,29253,31
1133.54,456262,29281,31
1134.81,456765,29309,31
1136.1,457267,29341,31
1137.44,457769,29361,31
1138.77,458270,29377,31
1140.16,458771,29433,31
1141.26,459274,29461,31
1142.44,459776,29505,31
1143.71,460277,29509,31
1145.02,460781,29525,31
1146.37,461285,29565,31
1147.52,461787,29597,31
1148.64,462290,29645,31
1149.91,462794,29697,31
1151.09,463295,29733,31
1152.43,463796,29761,31
1153.58,464297,29781,31
1155.05,464799,29809,31
1156.39,465301,29845,31
1157.84,465804,29865,31
1159.07,466304,29881,31
1160.58,466806,29921,31
1161.77,467310,29937,31
1163.05,467811,29957,31
1164.29,468314,29993,31
1165.5,468818,30037,31
1166.73,469322,30073,31
1168.1,469822,30097,31
1169.42,470325,30133,31
1170.7,470825,30161,31
1171.91,471328,30173,31
1173.23,471829,30205,31
1174.54,472330,30241,31
1175.94,472834,30265,31
1177.12,473335,30297,31
1178.39,473839,30349,31
1179.69,474342,30405,31
1180.94,474843,30453,31
1182.26,475344,30481,31
1183.57,475846,30521,31
1184.95,476349,30561,31
1186.19,476850,30585,31
1187.51,477351,30609,31
1188.82,477853,30613,31
1190.16,478355,30621,31
1191.48,478858,30641,31
1192.59,479358,30673,31
1193.86,479860,30701,31
1195.06,480361,30733,31
1196.41,480865,30777,31
1197.71,481368,30817,31
1199.05,481869,30845,31
1200.25,482371,30873,31
1201.69,482871,30909,31
1202.95,483374,30921,31
1204.42,483877,30957,31
1205.67,484378,30997,31
1207.08,484880,31029,31
1208.3,485380,31061,31
1209.59,485882,31085,31
1210.85,486386,31121,31
1212.31,486888,31145,31
1213.66,487389,31177,31
1215,487890,31193,31
1216.36,488392,31225,31
1217.75,488895,31265,31
1219.03,489398,31305,31
1220.34,489898,31349,31
1221.63,490400,31385,31
1222.84,490904,31401,31
1224.19,491408,31421,31
1225.55,491912,31449,31
1226.86,492416,31477,31
1228.07,492920,31505,31
1229.33,493420,31537,31
1230.72,493920,31561,31
1232.49,494423,31577,31
1233.7,494925,31605,31
1234.96,495429,31613,31
1236.17,495933,31641,31
1237.58,496435,31673,31
1238.9,496938,31713,31
1240.26,497440,31745,31
1241.48,497942,31765,31
1242.81,498444,31801,31
1244.03,498944,31833,31
1245.28,499448,31849,31
1246.53,499950,31869,31
1247.77,500454,31889,31
1248.93,500958,31913,31
1250.13,501462,31921,31
1251.38,501964,31957,31
1252.67,502464,31985,31
1253.91,502964,32001,31
1255.12,503464,32021,31
1256.26,503967,32045,31
1257.75,504471,32089,31
1259.09,504974,32117,31
1260.38,505476,32141,31
1261.61,505976,32165,31
1262.86,506477,32193,31
1264.06,506981,32201,31
1265.35,507485,32225,31
1266.79,507986,32245,31
1268.09,508489,32285,31
1269.41,508991,32309,31
1270.76,509495,32337,31
1272.24,509995,32357,31
1273.5,510499,32385,31
1274.76,511002,32401,31
1276.03,511503,32441,31
1277.3,512003,32501,31
1278.66,512504,32533,31
1279.9,513004,32565,31
1281.17,513507,32585,31
1282.49,514008,32633,31
1283.87,514512,32649,31
1285.27,515014,32673,31
1286.64,515516,32713,31
1287.9,516016,32741,31
1289.3,516520,32773,31
1290.61,517023,32801,31
1292.05,517525,32825,31
1293.24,518028,32853,31
1294.63,518530,32885,31
1296.02,519034,32917,31
1297.41,519537,32921,31
1298.81,520041,32945,31
1300.17,520544,32961,31
1301.34,521045,32985,31
1302.56,521549,33001,31
1303.85,522049,33045,31
1305.13,522550,33065,31
1306.38,523054,33089,31
1307.57,523557,33101,31
1308.84,524059,33137,31
1310.35,524560,33157,31
1311.7,525064,33181,31
1312.86,525564,33201,31
1314.18,526066,33229,31
1315.45,526567,33261,31
1316.88,527069,33305,31
1318.19,527573,33341,31
1319.48,528074,33361,31
1320.89,528576,33397,31
1322.16,529076,33433,31
1323.56,529580,33473,31
1324.79,530081,33497,31
1326.06,530582,33521,31
1327.23,531083,33549,31
1328.54,531585,33589,31
1329.76,532088,33597,31
1331.08,532588,33641,31
1332.42,533091,33657,31
1333.66,533595,33677,31
1335.07,534099,33685,31
1336.31,534602,33721,31
1337.88,535105,33761,31
1339.15,535606,33793,31
1340.52,536107,33813,31
1341.78,536608,33849,31
1343.03,537110,33873,31
1344.28,537613,33897,31
1345.76,538117,33921,31
1347.17,538618,33961,31
1348.63,539118,33993,31
1349.87,539618,34017,31
1351.33,540122,34053,31
1352.46,540624,34077,31
1353.75,541126,34125,31
1354.95,541629,34153,31
1356.24,542133,34189,31
1357.55,542635,34229,31
1358.87,543138,34249,31
1360.19,543642,34273,31
1361.7,544143,34321,31
1362.94,544643,34333,31
1364.26,545144,34361,31
1365.45,545646,34381,31
1366.9,546147,34433,31
1368.1,546649,34465,31
1369.61,547149,34497,31
1371.06,547649,34529,31
1372.39,548153,34541,31
1373.57,548653,34573,31
1375,549155,34605,31
1376.36,549656,34649,31
1377.78,550159,34681,31
1379.09,550663,34693,31
1380.39,551167,34709,31
1381.71,551668,34729,31
1383.03,552168,34765,31
1384.32,552672,34805,31
1385.59,553174,34829,31
1386.95,553676,34845,31
1388.15,554179,34893,31
1389.45,554679,34913,31
1390.85,555181,34933,31
1392.31,555684,34981,31
1393.69,556186,35033,31
1395.11,556690,35049,31
1396.37,557193,35061,31
1397.77,557695,35085,31
1399.04,558198,35121,31
1400.3,558701,35153,31
1401.52,559203,35189,31
1402.78,559706,35229,31
1403.96,560210,35245,31
1405.36,560713,35253,31
1406.62,561214,35293,31
1408,561717,35305,31
1409.21,562220,35321,31
1410.7,562723,35333,31
1412.05,563224,35365,31
1413.18,563724,35397,31
1414.57,564228,35421,31
1415.84,564731,35449,31
1417.02,565233,35469,31
1418.39,565734,35485,31
1419.64,566237,35509,31
1421.06,566740,35541,31
1422.29,567240,35561,31
1423.8,567742,35581,31
1425.09,568245,35609,31
1426.6,568745,35629,31
1427.93,569247,35657,31
1429.19,569747,35685,31
1430.62,570247,35737,31
1431.92,570748,35761,31
1433.31,571252,35781,31
1434.56,571752,35793,31
1435.97,572256,35821,31
1437.29,572756,35841,31
1438.68,573257,35881,31
1439.81,573757,35909,31
1441.13,574258,35945,31
1442.44,574758,35965,31
1443.66,575259,35981,31
1444.93,575762,36021,31
1446.18,576264,36041,31
1447.44,576764,36101,31
1448.82,577265,36117,31
1450.16,577766,36141,31
1451.68,578270,36177,31
1452.9,578774,36201,31
1454.34,579275,36221,31
1455.64,579775,36269,31
1457.06,580277,36289,31
1458.34,580778,36341,31
1459.69,581279,36357,31
1460.89,581783,36405,31
1462.14,582283,36433,31
1463.5,582783,36453,31
1464.84,583286,36477,31
1466.16,583790,36493,31
1467.45,584293,36521,31
1468.79,584797,36533,31
1470,585300,36553,31
1471.38,585800,36585,31
1472.5,586303,36613,31
1473.77,586803,36653,31
1475.05,587307,36689,31
1476.37,587810,36717,31
1477.65,588314,36733,31
1478.98,588816,36769,31
1480.2,589318,36801,31
1481.53,589822,36817,31
1482.73,590326,36845,31
1483.89,590830,36865,31
1485.2,591332,36905,31
1486.68,591836,36941,31
1487.98,592340,36973,31
1489.41,592842,36989,31
1490.87,593346,37025,31
1492.23,593849,37049,31
1493.45,594350,37065,31
1494.66,594852,37081,31
1496.11,595354,37113,31
1497.39,595858,37141,31
1498.82,596359,37165,31
1500.04,596860,37209,31
1501.51,597362,37229,31
1502.74,597865,37241,31
1504.16,598368,37269,31
1505.49,598868,37321,31
1506.88,599371,37341,31
1508.26,599874,37377,31
1509.57,600375,37397,31
1510.74,600876,37405,31
1512.04,601377,37425,31
1513.41,601880,37453,31
1514.71,602382,37481,31
1516.04,602884,37521,31
1517.28,603386,37553,31
1518.76,603886,37569,31
1520.18,604390,37585,31
1521.59,604891,37613,31
1522.87,605393,37637,31
1524.12,605894,37661,31
1525.49,606395,37685,31
1526.72,606897,37729,31
1528.11,607398,37745,31
1529.3,607899,37765,31
1530.9,608402,37805,31
1532.12,608903,37829,31
1533.35,609407,37865,31
1534.64,609910,37893,31
1536.03,610410,37917,31
1537.36,610914,37969,31
1538.68,611414,38013,31
1540.16,611916,38041,31
1541.46,612420,38081,31
1542.78,612924,38113,31
1543.95,613426,38141,31
1545.2,613926,38157,31
1546.51,614428,38181,31
1547.78,614929,38209,31
1549.1,615431,38245,31
1550.49,615933,38293,31
1551.71,616433,38325,31
1553,616936,38353,31
1554.31,617436,38377,31
1555.76,617937,38409,31
1557.04,618438,38433,31
1558.34,618940,38457,31
1559.61,619444,38469,31
1560.91,619944,38493,31
1562.25,620448,38533,31
1563.38,620952,38553,31
1564.71,621455,38585,31
1566,621956,38613,31
1567.4,622457,38649,31
1568.59,622959,38681,31
1569.87,623462,38705,31
1571.05,623964,38741,31
1572.46,624466,38769,31
1573.72,624969,38805,31
1575.1,625472,38845,31
1576.47,625975,38865,31
1577.8,626479,38893,31
1579.12,626983,38909,31
1580.54,627483,38929,31
1581.76,627986,38937,31
1582.99,628490,38957,31
1584.52,628994,38997,31
1585.84,629494,39013,31
1587.21,629998,39029,31
1588.53,630499,39069,31
1589.83,630999,39093,31
1591.21,631500,39129,31
1592.59,632000,39157,31
1593.81,632500,39181,31
1595.36,633000,39221,31
1596.73,633504,39261,31
1598.19,634007,39281,31
1599.52,634508,39309,31
1600.83,635010,39333,31
1602.03,635514,39353,31
1603.22,636018,39381,31
1604.62,636518,39429,31
1606,637021,39465,31
1607.27,637522,39493,31
1608.68,638024,39513,31
1609.99,638527,39545,31
1611.38,639028,39573,31
1612.72,639529,39593,31
1614.02,640031,39629,31
1615.43,640534,39645,31
1616.84,641037,39677,31
1618.23,641538,39697,31
1619.5,642042,39713,31
1620.85,642546,39757,31
1622.08,643047,39777,31
1623.66,643547,39805,31
1624.93,644050,39849,31
1626.38,644552,39873,31
1627.76,645054,39881,31
1629.05,645556,39909,31
1630.36,646060,39917,31
1631.6,646561,39949,31
1633.26,647063,39969,31
1634.66,647563,39989,31
1636.02,648067,40033,31
1637.34,648570,40045,31
1638.73,649073,40061,31
1640.22,649575,40089,31
1641.59,650079,40117,31
1643.07,650581,40141,31
1644.26,651083,40181,31
1645.71,651586,40213,31
1646.95,652086,40233,31
1648.52,652590,40253,31
1649.76,653090,40253,31
1651.14,653594,40277,31
1652.51,654095,40301,31
1653.66,654597,40325,31
1654.91,655101,40333,31
1656.22,655602,40381,31
1657.64,656102,40425,31
1658.79,656603,40461,31
1660.22,657104,40497,31
1661.34,657604,40541,31
1662.65,658108,40585,31
1664.04,658611,40613,31
1665.37,659114,40637,31
1666.79,659615,40669,31
1668.1,660115,40717,31
1669.53,660619,40753,31
1670.83,661120,40769,31
1672.18,661623,40781,31
1673.46,662123,40801,31
1674.76,662623,40849,31
1676.09,663126,40873,31
1677.42,663630,40897,31
1678.91,664133,40941,31
1680.2,664634,40973,31
1681.67,665136,40997,31
1683.11,665640,41029,31
1684.47,666140,41061,31
1685.82,666642,41089,31
1687.1,667142,41117,31
1688.41,667642,41173,31
1689.59,668142,41201,31
1691.02,668643,41237,31
1692.3,669145,41261,31
1693.71,669649,41297,31
1694.93,670149,41349,31
1696.17,670649,41393,31
1697.65,671149,41429,31
1698.94,671652,41461,31
1700.36,672155,41481,31
1701.68,672656,41497,31
1702.95,673158,41541,31
1704.29,673660,41557,31
1705.61,674164,41589,31
1707.04,674668,41625,31
1708.41,675170,41649,31
1709.71,675673,41665,31
1710.79,676175,41693,31
1712.08,676679,41717,31
1713.26,677180,41737,31
1714.6,677684,41773,31
1715.8,678186,41817,31
1717.25,678688,41873,31
1718.74,679192,41897,31
1720.12,679692,41933,31
1721.66,680193,41973,31
1722.96,680693,41993,31
1724.27,681197,42005,31
1725.53,681697,42041,31
1726.74,682199,42073,31
1728.01,682700,42101,31
1729.33,683204,42125,31
1730.7,683704,42153,31
1732.03,684207,42185,31
1733.33,684709,42253,31
1734.75,685210,42293,31
1736.12,685714,42313,31
1737.87,686216,42345,31
1739.17,686718,42361,31
1740.41,687219,42413,31
1741.77,687719,42465,31
1743.02,688220,42501,31
1744.15,688724,42513,31
1745.36,689228,42537,31
1746.65,689729,42569,31
1747.95,690229,42589,31
1749.21,690730,42617,31
1750.6,691232,42629,31
1751.91,691735,42657,31
1753.21,692239,42677,31
1754.43,692739,42705,31
1755.6,693243,42741,31
1756.77,693744,42781,31
1757.94,694246,42801,31
1759.22,694749,42809,31
1760.61,695249,42853,31
1761.96,695753,42913,31
1763.47,696255,42965,31
1764.75,696759,42993,31
1766.18,697259,43013,31
1767.54,697760,43069,31
1769.02,698263,43097,31
1770.33,698767,43109,31
1771.66,699267,43137,31
1772.95,699769,43161,31
1774.32,700273,43197,31
1775.58,700776,43217,31
1777.02,701279,43241,31
1778.33,701779,43269,31
1779.64,702279,43305,31
1780.9,702781,43329,31
1782.34,703285,43357,31
1783.69,703787,43393,31
1785.1,704287,43433,31
1786.56,704788,43469,31
1788.13,705292,43521,31
1789.29,705794,43545,31
1790.56,706295,43577,31
1791.93,706798,43585,31
1793.24,707301,43609,31
1794.46,707805,43621,31
1795.69,708305,43657,31
1796.98,708807,43677,31
1798.21,709308,43709,31
1799.66,709808,43741,31
1800.75,710312,43753,31
1802.06,710815,43777,31
1803.4,711319,43825,31
1804.72,711823,43849,31
1805.94,712324,43869,31
1807.12,712828,43913,31
1808.41,713330,43949,31
1810.06,713831,43965,31
1811.5,714334,43993,31
1813.02,714835,44017,31
1814.47,715336,44053,31
1815.85,715838,44105,31
1817.09,716342,44129,31
1818.42,716845,44165,31
1819.73,717348,44185,31
1821.12,717849,44217,31
1822.35,718349,44237,31
1823.75,718853,44281,31
1824.92,719354,44309,31
1826.34,719856,44333,31
1827.5,720357,44353,31
1828.96,720858,44385,31
1830.24,721358,44409,31
1831.51,721860,44429,31
1833,722361,44465,31
1834.25,722865,44481,31
1835.57,723365,44525,31
1836.85,723866,44561,31
1838.26,724370,44581,31
1839.82,724874,44617,31
1841.25,725374,44645,31
1842.61,725878,44701,31
1843.91,726381,44761,31
1845.3,726885,44793,31
1846.54,727385,44821,31
1847.85,727888,44853,31
1849.16,728392,44885,31
1850.35,728892,44937,31
1851.75,729392,44985,31
1852.98,729896,45021,31
1854.21,730400,45057,31
1855.51,730903,45073,31
1857.04,731406,45109,31
1858.17,731909,45133,31
1859.49,732409,45157,31
1860.76,732911,45197,31
1862.18,733414,45225,31
1863.41,733917,45233,31
1864.78,734417,45273,31
1865.87,734917,45309,31
1867.18,735419,45345,31
1868.42,735920,45349,31
1869.89,736422,45381,31
1871.29,736923,45405,31
1872.68,737424,45421,31
1874.13,737928,45453,31
1875.58,738430,45485,31
1877.01,738930,45517,31
1878.21,739431,45537,31
1879.64,739932,45573,31
1881,740435,45601,31
1882.39,740937,45633,31
1883.71,741439,45665,31
1885.08,741939,45689,31
1886.29,742440,45705,31
1887.72,742944,45725,31
1889.1,743448,45741,31
1890.41,743951,45769,31
1891.9,744452,45773,31
1893.16,744953,45801,31
1894.58,745455,45833,31
1895.92,745957,45869,31
1897.4,746458,45901,31
1898.65,746960,45917,31
1900.07,747460,45957,31
1901.42,747961,45985,31
1902.69,748461,46005,31
1904.2,748963,46033,31
1905.57,749464,46077,31
1906.93,749968,46105,31
1908.3,750468,46125,31
1909.7,750969,46149,31
1911.04,751471,46173,31
1912.41,751975,46213,31
1913.7,752479,46237,31
1914.97,752980,46281,31
1916.3,753483,46317,31
1917.65,753986,46353,31
1919.08,754486,46401,31
1920.47,754988,46421,31
1921.84,755491,46449,31
1923.21,755993,46489,31
1924.53,756497,46521,31
1925.86,756997,46537,31
1927.24,757500,46573,31
1928.46,758003,46593,31
1929.7,758503,46621,31
1930.93,759005,46657,31
1932.48,759505,46689,31
1933.94,760008,46725,31
1935.21,760509,46741,31
1936.47,761010,46777,31
1937.92,761511,46825,31
1939.18,762011,46841,31
1940.53,762514,46873,31
1941.83,763015,46901,31
1943.24,763518,46933,31
1944.56,764018,46965,31
1945.88,764520,47001,31
1947.2,765023,47013,31
1948.45,765525,47021,31
1949.97,766027,47045,31
1951.15,766531,47073,31
1952.56,767031,47101,31
1953.95,767531,47129,31
1955.4,768032,47165,31
1956.75,768535,47193,31
1958.11,769038,47217,31
1959.38,769538,47237,31
1.25,504,5285,28
2.37,1004,5544,28
3.43,1508,5545,28
4.6,2012,5545,28
5.72,2512,5619,28
6.81,3016,5619,28
7.8,3520,5628,28
8.87,4021,5638,28
9.92,4521,5638,28
10.95,5023,5638,27
11.99,5523,5638,27
13.04,6023,5638,27
14.14,6524,5644,27
15.25,7024,5644,27
16.23,7524,5644,27
17.27,8024,5644,27
18.25,8528,5646,28
19.28,9028,5646,28
20.25,9528,5646,28
21.27,10028,5646,28
22.33,10528,5646,28
23.45,11028,5646,28
24.56,11529,5650,28
25.73,12029,5650,28
26.88,12531,5658,28
28.1,13031,5658,28
29.22,13531,5658,28
30.22,14032,5662,28
31.32,14535,5674,28
32.32,15038,5682,28
33.38,15539,5686,28
34.62,16040,5690,28
35.71,16543,5702,28
36.83,17047,5730,28
37.99,17547,5746,28
39.03,18048,5758,28
40.28,18552,5774,28
41.36,19056,5782,28
42.52,19560,5794,28
43.56,20060,5810,28
44.72,20561,5814,28
45.83,21063,5822,28
47.03,21564,5834,28
48.14,22064,5850,28
49.2,22564,5866,28
50.34,23064,5878,28
51.47,23564,5902,28
52.54,24066,5942,28
53.78,24569,5966,28
54.9,25072,5978,28
56.17,25572,5986,28
57.35,26074,6014,28
58.53,26578,6026,28
59.73,27082,6058,28
60.87,27584,6074,28
62.03,28084,6114,28
63.25,28587,6126,28
64.44,29089,6158,28
65.76,29593,6174,28
66.97,30093,6190,28
68.17,30597,6202,28
69.36,31098,6218,28
70.75,31600,6238,28
71.9,32101,6262,28
73.04,32605,6274,28
74.14,33106,6314,28
75.27,33610,6338,28
76.47,34112,6378,28
77.7,34614,6398,28
78.99,35114,6414,28
80.27,35614,6430,28
81.57,36118,6446,28
82.77,36622,6462,28
83.96,37122,6482,28
85.14,37625,6506,28
86.27,38126,6538,28
87.54,38630,6562,28
88.8,39130,6598,28
90.07,39632,6606,28
91.19,40134,6626,28
92.33,40638,6654,28
93.45,41141,6682,28
94.61,41642,6718,28
95.8,42142,6766,28
97.04,42646,6778,28
98.21,43147,6814,28
99.52,43651,6842,28
100.84,44155,6886,28
101.99,44659,6898,28
103.19,45161,6922,28
104.38,45663,6958,28
105.52,46164,6986,28
106.63,46665,7010,28
107.78,47169,7058,28
108.82,47669,7082,28
109.89,48170,7094,28
111.06,48674,7106,28
112.16,49176,7126,28
113.32,49679,7158,28
114.47,50180,7194,28
115.71,50681,7226,28
116.78,51182,7250,28
118.01,51685,7274,28
119.14,52188,7314,28
120.28,52691,7346,28
121.45,53195,7362,28
122.65,53698,7418,28
123.99,54202,7446,28
125.54,54705,7474,28
126.83,55205,7506,28
128.08,55706,7546,28
129.21,56210,7566,28
130.36,56712,7586,28
131.44,57214,7622,28
132.51,57718,7650,28
133.7,58220,7682,28
134.92,58722,7694,28
136.13,59226,7710,28
137.37,59729,7738,28
138.63,60232,7750,28
139.77,60733,7794,28
140.89,61235,7842,28
142.09,61736,7862,28
143.35,62238,7894,28
144.56,62739,7946,28
145.75,63242,7982,28
147.07,63746,8006,28
148.47,64247,8026,28
149.83,64750,8066,28
151.03,65250,8102,28
152.24,65750,8126,28
153.32,66251,8154,28
154.56,66751,8178,28
155.82,67254,8210,28
157.16,67756,8246,28
158.36,68257,8282,28
159.52,68761,8310,28
160.57,69261,8318,28
161.75,69765,8346,28
162.88,70265,8362,28
164.03,70765,8382,28
165.12,71265,8402,28
166.27,71765,8418,28
167.39,72267,8450,28
168.45,72769,8474,28
169.55,73270,8522,28
170.6,73771,8566,28
171.74,74272,8610,28
173,74773,8650,28
174.07,75274,8682,28
175.28,75774,8702,28
176.46,76274,8718,28
177.67,76777,8730,28
178.87,77281,8758,28
180.09,77785,8770,28
181.33,78286,8794,28
182.45,78789,8806,28
183.74,79291,8830,28
185.04,79794,8862,28
186.27,80297,8878,28
187.47,80799,8902,28
188.64,81301,8918,28
189.87,81803,8942,28
191.08,82303,8966,28
192.26,82807,8986,28
193.52,83311,9010,28
194.87,83815,9042,28
196.13,84318,9070,28
197.45,84821,9090,28
198.67,85322,9106,28
199.87,85825,9126,28
201.02,86327,9158,28
202.3,86830,9186,28
203.51,87331,9206,28
204.82,87834,9246,28
206.1,88336,9274,28
207.45,88840,9290,28
208.69,89343,9306,28
209.89,89846,9326,28
211.22,90348,9358,28
212.38,90851,9394,28
213.51,91353,9438,28
214.69,91856,9458,28
215.7,92356,9486,28
216.84,92858,9526,28
218.03,93360,9554,28
219.25,93864,9582,28
220.4,94366,9590,28
221.6,94870,9618,28
222.69,95371,9642,28
223.85,95874,9666,28
224.97,96375,9686,28
226.1,96878,9726,28
227.31,97379,9746,28
228.52,97882,9778,28
229.65,98384,9798,28
230.94,98886,9842,28
232.11,99390,9890,28
233.3,99891,9926,28
234.43,100391,9946,28
235.6,100894,9974,28
236.8,101396,9998,28
238.09,101897,10030,28
239.33,102398,10050,28
240.44,102901,10074,28
241.5,103403,10082,28
242.64,103903,10102,28
243.74,104406,10130,28
245.11,104909,10166,28
246.28,105409,10190,28
247.47,105913,10206,28
248.71,106417,10242,28
249.96,106919,10266,28
251.11,107420,10286,28
252.27,107924,10318,28
253.37,108426,10346,28
254.55,108927,10382,28
255.75,109429,10406,28
256.9,109933,10418,28
258.22,110433,10478,28
259.46,110935,10498,28
260.8,111436,10518,28
261.97,111937,10538,28
263.23,112439,10550,28
264.44,112940,10574,28
265.64,113442,10594,28
266.88,113943,10630,28
268.23,114446,10642,28
269.46,114948,10650,28
270.6,115449,10682,28
271.86,115950,10714,28
273.14,116454,10750,28
274.42,116955,10782,28
275.68,117458,10814,28
276.93,117959,10850,28
278.13,118460,10878,28
279.46,118964,10910,28
280.68,119467,10938,28
281.84,119967,10954,28
282.93,120469,10998,28
284.16,120969,11018,28
285.4,121470,11034,28
286.6,121973,11050,28
287.81,122476,11066,28
289,122979,11106,28
290.29,123479,11150,28
291.44,123982,11174,28
292.74,124483,11210,28
293.98,124984,11238,28
295.3,125487,11282,28
296.58,125988,11314,28
297.86,126488,11354,28
299.15,126991,11378,28
300.49,127493,11406,28
301.72,127993,11426,28
302.86,128495,11454,28
303.96,128999,11486,28
305.08,129502,11534,28
306.11,130005,11562,28
307.23,130505,11578,28
308.34,131005,11606,28
309.67,131506,11622,28
310.99,132006,11650,28
312.2,132509,11670,28
313.38,133013,11682,28
314.71,133513,11726,28
315.95,134015,11750,28
317.07,134515,11782,28
318.34,135018,11794,28
319.57,135521,11826,28
320.73,136025,11842,28
322,136527,11866,28
323.17,137028,11886,28
324.35,137528,11902,28
325.57,138030,11930,28
326.85,138532,11970,28
328.16,139034,11994,28
329.41,139535,12014,28
330.61,140038,12058,28
331.75,140538,12086,28
332.91,141042,12122,28
334.17,141542,12162,28
335.29,142042,12178,28
336.56,142545,12210,28
337.88,143048,12234,28
339.16,143552,12266,28
340.38,144052,12286,28
341.44,144552,12310,28
342.62,145052,12326,28
343.84,145552,12338,28
345.09,146052,12370,28
346.25,146554,12406,28
347.37,147057,12426,28
348.55,147557,12442,28
349.82,148060,12482,28
351,148560,12502,28
352.48,149062,12522,28
353.75,149565,12546,28
355.04,150068,12570,28
356.28,150571,12618,28
357.41,151071,12642,28
358.62,151574,12670,28
359.84,152077,12718,28
361.09,152579,12754,28
362.24,153081,12778,28
363.4,153584,12806,28
364.53,154085,12822,28
365.78,154588,12842,28
367.14,155091,12874,28
368.46,155593,12902,28
369.68,156097,12930,28
370.95,156597,12950,28
372.12,157098,12970,28
373.27,157600,12998,28
374.39,158103,13042,28
375.6,158607,13070,28
376.91,159111,13114,28
378.17,159612,13130,28
379.39,160113,13162,28
380.62,160616,13190,28
381.86,161119,13218,28
383.05,161623,13230,28
384.34,162124,13250,28
385.57,162624,13274,28
386.86,163127,13290,28
388.06,163628,13330,28
389.27,164132,13346,28
390.48,164634,13382,28
391.83,165135,13410,28
392.98,165639,13466,28
394.13,166141,13502,28
395.31,166644,13542,28
396.68,167147,13570,28
397.8,167648,13594,28
399.07,168149,13618,28
400.27,168649,13630,28
401.46,169150,13658,28
402.72,169651,13714,28
404,170153,13766,28
405.15,170653,13790,28
406.52,171153,13810,28
407.73,171656,13830,28
409.06,172157,13858,28
410.31,172660,13898,28
411.51,173163,13934,28
412.63,173665,13942,28
413.8,174165,13958,28
414.99,174666,13990,28
416.15,175167,14026,28
417.49,175668,14050,28
418.76,176168,14070,28
420.08,176669,14098,28
421.36,177172,14130,28
422.64,177672,14138,28
423.89,178172,14166,28
425.16,178675,14194,28
426.36,179175,14234,28
427.58,179679,14266,28
428.87,180179,14278,28
430.04,180682,14290,28
431.29,181184,14318,28
432.52,181686,14350,28
433.71,182186,14390,28
434.93,182689,14402,28
436.19,183190,14442,28
437.52,183691,14482,28
438.72,184191,14498,28
440.01,184695,14534,28
441.3,185198,14586,28
442.42,185701,14610,28
443.7,186205,14634,28
444.88,186706,14666,28
446.18,187209,14694,28
447.42,187713,14718,28
448.75,188215,14746,28
450.18,188717,14770,28
451.4,189218,14790,28
452.6,189722,14806,28
453.81,190223,14822,28
455,190726,14866,28
456.24,191226,14890,28
457.4,191729,14914,28
458.54,192229,14938,28
459.73,192730,14954,28
461.06,193234,14978,28
462.43,193736,14986,28
463.75,194238,15014,28
464.99,194741,15038,28
466.17,195241,15078,28
467.38,195745,15102,28
468.74,196246,15150,28
469.96,196747,15174,28
471.28,197251,15210,28
472.55,197753,15246,28
473.71,198255,15290,28
474.89,198758,15306,28
476.16,199262,15334,28
477.54,199762,15362,28
478.87,200266,15378,28
480.13,200769,15398,28
481.59,201270,15426,28
482.97,201771,15450,28
484.17,202273,15470,28
485.35,202774,15506,28
486.61,203276,15546,28
487.9,203777,15562,28
489.03,204280,15602,28
490.24,204780,15622,28
491.41,205281,15654,28
492.66,205784,15682,28
493.88,206284,15702,28
495.12,206788,15738,28
496.31,207290,15758,28
497.44,207790,15774,28
498.61,208291,15798,28
499.87,208791,15810,28
501.25,209292,15838,28
502.54,209793,15886,28
503.92,210297,15930,28
505.23,210797,15954,28
506.33,211297,15990,28
507.69,211797,16018,28
509.09,212301,16050,28
510.28,212804,16070,28
511.55,213307,16102,28
512.78,213809,16142,28
514.09,214311,16178,28
515.27,214814,16206,28
516.48,215314,16242,28
517.81,215817,16254,28
519.19,216320,16282,28
520.36,216822,16302,28
521.66,217323,16334,28
522.97,217827,16366,28
524.21,218331,16394,28
525.49,218832,16422,28
526.8,219336,16466,28
528.07,219837,16506,28
529.37,220338,16530,28
530.69,220840,16566,28
531.96,221343,16582,28
533.23,221846,16622,28
534.46,222347,16646,28
535.61,222847,16702,28
536.82,223348,16726,28
538.09,223849,16746,28
539.39,224352,16758,28
540.69,224856,16786,28
542.11,225359,16834,28
543.54,225862,16850,28
544.8,226365,16882,28
546.03,226865,16906,28
547.4,227366,16934,28
548.63,227866,16946,28
549.83,228366,16994,28
551.05,228868,17018,28
552.36,229370,17054,28
553.64,229871,17070,28
554.92,230373,17098,28
556.21,230877,17138,28
557.33,231380,17162,28
558.59,231884,17182,28
559.88,232388,17218,28
561.13,232888,17230,28
562.38,233388,17262,28
563.61,233892,17298,28
564.9,234392,17326,28
566.29,234893,17342,28
567.62,235395,17362,28
568.96,235899,17394,28
570.16,236401,17402,28
571.47,236905,17414,28
572.73,237405,17434,28
573.94,237909,17450,28
575.06,238410,17486,28
576.17,238911,17510,28
577.43,239411,17534,28
578.8,239913,17574,28
580.23,240417,17610,28
581.5,240921,17626,28
582.82,241424,17654,28
584.03,241924,17674,28
585.08,242427,17702,28
586.28,242928,17726,28
587.56,243428,17754,28
588.98,243929,17774,28
590.24,244432,17786,28
591.49,244936,17802,28
592.79,245436,17838,28
594.04,245936,17850,28
595.45,246439,17902,28
596.77,246941,17942,28
598.05,247441,17994,28
599.23,247944,18002,28
600.51,248448,18030,28
601.77,248952,18042,28
603.04,249455,18086,28
604.35,249956,18118,28
605.55,250457,18138,28
606.83,250957,18170,28
607.95,251457,18178,28
609.1,251960,18206,28
610.39,252464,18238,28
611.56,252965,18282,28
612.84,253468,18306,28
614,253972,18322,28
615.14,254472,18342,28
616.29,254973,18378,28
617.52,255475,18418,28
618.72,255977,18442,28
619.88,256480,18474,28
621.19,256980,18502,28
622.47,257484,18526,28
623.72,257984,18586,28
624.96,258488,18618,28
626.17,258988,18638,28
627.49,259488,18654,28
628.75,259989,18666,28
629.98,260490,18682,28
631.27,260992,18718,28
632.53,261493,18738,28
633.93,261997,18762,28
635.08,262497,18786,28
636.26,262997,18814,28
637.52,263499,18854,28
638.59,264003,18882,28
639.79,264507,18906,28
640.98,265007,18926,28
642.29,265511,18962,28
643.49,266011,18994,28
644.77,266513,19010,28
645.95,267016,19050,28
647.32,267518,19074,28
648.62,268021,19110,28
649.93,268524,19130,28
651.15,269025,19166,28
652.45,269528,19186,28
653.84,270032,19242,28
655.19,270534,19258,28
656.36,271038,19286,28
657.65,271542,19334,28
658.91,272042,19378,28
660.23,272543,19402,28
661.55,273046,19434,28
662.89,273549,19454,28
664.03,274052,19466,28
665.31,274555,19490,28
666.37,275057,19510,28
667.53,275559,19534,28
668.79,276062,19574,28
670.02,276566,19590,28
671.29,277067,19602,28
672.6,277567,19634,28
673.89,278071,19678,28
675.08,278571,19698,28
676.27,279074,19722,28
677.55,279576,19746,28
678.83,280077,19794,28
680.18,280579,19822,28
681.45,281080,19842,28
682.75,281581,19858,28
684.11,282082,19886,28
685.46,282583,19914,28
686.66,283084,19950,28
688.01,283585,19970,28
689.25,284087,20006,28
690.46,284591,20030,28
691.69,285092,20050,28
692.91,285595,20082,28
694.07,286098,20102,28
695.35,286599,20142,28
696.75,287103,20182,28
698.02,287605,20226,28
699.19,288107,20266,28
700.5,288608,20298,28
701.8,289109,20334,28
702.91,289613,20370,28
704.19,290113,20406,28
705.46,290613,20434,28
706.69,291117,20466,28
707.89,291618,20498,28
709.12,292118,20518,28
710.38,292618,20554,28
711.59,293119,20558,28
712.89,293622,20594,28
714.21,294122,20602,28
715.5,294626,20634,28
716.72,295126,20650,28
717.79,295630,20662,28
718.92,296130,20678,28
720.18,296632,20706,28
721.48,297135,20742,28
722.79,297639,20754,28
724.08,298139,20794,28
725.31,298643,20810,28
726.53,299145,20850,28
727.84,299646,20870,28
728.93,300150,20898,28
730.16,300651,20922,28
731.53,301154,20934,28
732.75,301654,20954,28
734.08,302157,20990,28
735.29,302660,21010,28
736.57,303164,21034,28
737.84,303666,21042,28
739.05,304167,21090,28
740.32,304671,21138,28
741.66,305175,21170,28
742.93,305679,21206,28
744.28,306180,21254,28
745.63,306683,21286,28
746.95,307184,21302,28
748.34,307685,21326,28
749.56,308188,21350,28
750.86,308692,21378,28
752.17,309196,21410,28
753.44,309697,21446,28
754.67,310197,21458,28
755.96,310698,21490,28
757.19,311200,21526,28
758.48,311704,21554,28
759.6,312208,21586,28
760.87,312711,21622,28
762.23,313215,21638,28
763.45,313717,21646,28
764.65,314221,21658,28
765.93,314721,21694,28
767.24,315222,21706,28
768.43,315724,21742,28
769.59,316228,21766,28
770.96,316728,21806,28
772.18,317229,21834,28
773.47,317730,21858,28
774.72,318233,21882,28
776.01,318733,21914,28
777.23,319233,21926,28
778.55,319736,21950,28
779.82,320239,21990,28
781.14,320739,22018,28
782.3,321242,22042,28
783.55,321743,22066,28
784.74,322244,22094,28
786,322747,22106,28
787.21,323247,22146,28
788.5,323750,22170,28
789.68,324253,22210,28
790.93,324753,22278,28
792.16,325257,22294,28
793.47,325760,22318,28
794.76,326263,22362,28
796.14,326767,22382,28
797.37,327269,22414,28
798.79,327771,22454,28
800.05,328275,22482,28
801.44,328775,22518,28
802.66,329278,22530,28
803.98,329781,22562,28
805.25,330284,22574,28
806.62,330785,22622,28
807.84,331285,22658,28
808.99,331787,22694,28
810.25,332291,22710,28
811.45,332792,22726,28
812.66,333293,22758,28
813.85,333796,22782,28
815.13,334296,22806,28
816.33,334800,22834,28
817.56,335300,22878,28
818.64,335800,22898,28
819.78,336302,22918,28
821.13,336805,22962,28
822.46,337305,23002,28
823.77,337808,23026,28
824.97,338309,23054,28
826.15,338810,23078,28
827.41,339314,23114,28
828.64,339814,23174,28
829.95,340316,23182,28
831.14,340816,23214,28
832.37,341318,23258,28
833.67,341822,23286,28
835.13,342322,23298,28
836.46,342824,23306,28
837.91,343328,23338,28
839.26,343829,23342,28
840.56,344332,23366,28
841.89,344835,23390,28
843.14,345338,23410,28
844.27,345842,23422,28
845.61,346346,23462,28
847.01,346848,23502,28
848.25,347348,23530,28
849.59,347849,23566,28
850.86,348351,23590,28
852.16,348851,23622,28
853.45,349355,23642,28
854.72,349858,23658,28
856.02,350358,23686,28
857.21,350862,23706,28
858.39,351365,23726,28
859.58,351867,23742,28
860.78,352369,23762,28
862.04,352871,23782,28
863.31,353373,23806,28
864.58,353876,23822,28
865.95,354378,23850,28
867.31,354880,23878,28
868.81,355381,23914,28
870.25,355885,23950,28
871.64,356387,23974,28
873.09,356891,24002,28
874.39,357395,24038,28
875.78,357895,24110,28
877.17,358396,24158,28
878.43,358896,24186,28
879.64,359396,24198,28
880.84,359896,24214,28
881.96,360397,24242,28
883.25,360897,24278,28
884.37,361401,24298,28
885.62,361902,24322,28
886.83,362404,24350,28
888.09,362907,24382,28
889.32,363407,24414,28
890.61,363909,24450,28
891.87,364411,24474,28
893.19,364913,24502,28
894.33,365417,24546,28
895.72,365921,24566,28
896.89,366421,24582,28
898.16,366924,24618,28
899.3,367426,24646,28
900.37,367929,24678,28
901.66,368429,24698,28
902.93,368933,24722,28
904.29,369436,24738,28
905.56,369936,24794,28
906.87,370436,24858,28
908.38,370940,24890,28
909.57,371440,24930,28
910.85,371942,24978,28
912.06,372443,25018,28
913.31,372945,25050,28
914.61,373445,25090,28
915.77,373948,25130,28
917,374451,25154,28
918.13,374952,25170,28
919.33,375456,25182,28
920.53,375957,25202,28
921.7,376459,25222,28
923.1,376962,25266,28
924.26,377464,25294,28
925.48,377965,25334,28
926.9,378466,25390,28
928.13,378966,25438,28
929.35,379469,25462,28
930.57,379973,25482,28
931.85,380473,25522,28
933.16,380973,25538,28
934.38,381477,25562,28
935.61,381981,25574,28
936.87,382481,25590,28
938.14,382982,25626,28
939.42,383485,25674,28
940.7,383989,25690,28
941.89,384489,25706,28
943.22,384991,25750,28
944.6,385491,25778,28
945.93,385994,25810,28
947.19,386498,25822,28
948.48,387000,25858,28
949.68,387503,25898,28
950.97,388007,25938,28
952.3,388511,25954,28
953.73,389011,25982,28
954.95,389511,26014,28
956.29,390015,26050,28
957.6,390518,26086,28
958.96,391021,26130,28
960.16,391524,26150,28
961.44,392028,26166,28
962.72,392529,26206,28
964.02,393030,26246,28
965.18,393534,26258,28
966.51,394034,26282,28
967.84,394538,26314,28
969.15,395040,26350,28
970.46,395542,26390,28
971.9,396044,26398,28
973.12,396544,26438,28
974.47,397044,26462,28
975.84,397544,26510,28
976.99,398045,26530,28
978.31,398549,26550,28
979.63,399049,26570,28
980.83,399553,26610,28
982.09,400053,26622,28
983.33,400553,26674,28
984.53,401054,26710,28
985.71,401554,26734,28
987.07,402058,26750,28
988.53,402558,26778,28
989.85,403061,26806,28
991.13,403561,26826,28
992.41,404061,26858,28
993.73,404562,26898,28
994.92,405062,26918,28
996.2,405562,26946,28
997.46,406063,26966,28
998.93,406566,26990,28
1000.14,407068,27010,28
1001.49,407570,27046,28
1002.76,408071,27086,28
1004.05,408571,27098,28
1005.27,409074,27114,28
1006.68,409575,27154,28
1008.02,410079,27178,28
1009.32,410583,27226,28
1010.58,411087,27270,28
1011.93,411588,27310,28
1013.28,412089,27342,28
1014.68,412590,27362,28
1016.02,413093,27394,28
1017.3,413597,27414,28
1018.41,414097,27434,28
1019.68,414601,27454,28
1021.03,415103,27474,28
1022.31,415606,27494,28
1023.63,416106,27526,28
1024.91,416606,27554,28
1026.31,417108,27574,28
1027.51,417609,27590,28
1028.78,418113,27622,28
1030.1,418615,27634,28
1031.31,419115,27670,28
1032.6,419615,27714,28
1033.92,420116,27730,28
1035.17,420616,27750,28
1036.25,421119,27770,28
1037.57,421619,27806,28
1038.88,422121,27842,28
1040.24,422622,27874,28
1041.35,423126,27890,28
1042.66,423627,27918,28
1043.89,424131,27934,28
1045.15,424631,27950,28
1046.54,425134,27990,28
1047.89,425634,28042,28
1049.15,426137,28054,28
1050.46,426639,28102,28
1051.63,427142,28122,28
1052.85,427644,28154,28
1054.05,428145,28190,28
1055.28,428646,28218,28
1056.41,429148,28250,28
1057.71,429650,28282,28
1058.9,430153,28294,28
1060.26,430656,28326,28
1061.58,431159,28374,28
1062.95,431660,28394,28
1064.32,432163,28438,28
1065.69,432664,28466,28
1066.95,433166,28474,28
1068.1,433667,28490,28
1069.43,434171,28518,28
1070.79,434674,28566,28
1072.14,435178,28582,28
1073.24,435682,28606,28
1074.63,436185,28634,28
1075.82,436685,28670,28
1077.09,437189,28698,28
1078.37,437693,28730,28
1079.79,438195,28758,28
1081.08,438695,28778,28
1082.36,439197,28798,28
1083.55,439699,28814,28
1084.78,440203,28842,28
1086.07,440707,28862,28
1087.35,441208,28898,28
1088.76,441709,28930,28
1089.98,442211,28958,28
1091.34,442713,28982,28
1092.56,443215,29018,28
1093.81,443715,29058,28
1095.12,444219,29090,28
1096.51,444720,29110,28
1097.65,445221,29146,28
1098.92,445725,29170,28
1100.11,446229,29206,28
1101.39,446730,29254,28
1102.66,447230,29286,28
1104.04,447733,29318,28
1105.26,448235,29346,28
1106.58,448735,29394,28
1107.98,449239,29434,28
1109.21,449740,29470,28
1110.61,450244,29502,28
1112.03,450748,29530,28
1113.55,451250,29538,28
1114.88,451751,29562,28
1116.19,452254,29582,28
1117.56,452756,29614,28
1118.94,453258,29658,28
1120.13,453758,29690,28
1121.61,454262,29726,28
1122.83,454766,29782,28
1124.15,455266,29798,28
1125.41,455769,29810,28
1126.73,456271,29846,28
1127.92,456775,29882,28
1129.25,457275,29926,28
1130.38,457775,29942,28
1131.75,458278,29986,28
1133.02,458779,30006,28
1134.35,459280,30026,28
1135.48,459783,30066,28
1136.83,460286,30094,28
1138.13,460787,30110,28
1139.41,461288,30138,28
1140.72,461791,30154,28
1141.94,462291,30190,28
1143.18,462793,30222,28
1144.51,463294,30234,28
1145.89,463797,30258,28
1146.96,464300,30278,28
1148.33,464803,30306,28
1149.57,465307,30362,28
1150.81,465811,30382,28
1151.99,466313,30390,28
1153.25,466813,30422,28
1154.48,467315,30446,28
1155.67,467816,30470,28
1156.98,468319,30510,28
1158.44,468821,30546,28
1159.64,469323,30578,28
1161.09,469825,30610,28
1162.38,470325,30650,28
1163.71,470826,30682,28
1164.95,471326,30718,28
1166.2,471827,30734,28
1167.58,472329,30754,28
1168.95,472831,30786,28
1170.26,473333,30806,28
1171.53,473834,30818,28
1172.95,474336,30858,28
1174.22,474840,30894,28
1175.56,475342,30922,28
1176.92,475845,30974,28
1178.22,476346,31006,28
1179.46,476848,31046,28
1180.76,477351,31066,28
1182.12,477853,31102,28
1183.4,478355,31114,28
1184.7,478857,31142,28
1186.03,479359,31150,28
1187.43,479863,31162,28
1188.65,480367,31194,28
1190.09,480869,31226,28
1191.47,481372,31262,28
1192.67,481875,31326,28
1194.14,482378,31362,28
1195.39,482878,31386,28
1196.86,483379,31410,28
1198.39,483882,31434,28
1199.84,484385,31462,28
1201.25,484885,31494,28
1202.59,485387,31522,28
1204.02,485889,31546,28
1205.44,486390,31574,28
1206.75,486894,31598,28
1208.2,487398,31634,28
1209.54,487899,31650,28
1210.75,488402,31678,28
1212.22,488906,31702,28
1213.48,489408,31722,28
1214.81,489912,31750,28
1216.03,490415,31758,28
1217.15,490915,31774,28
1218.56,491418,31802,28
1219.87,491920,31822,28
1221.36,492422,31854,28
1222.77,492925,31882,28
1224.22,493428,31914,28
1225.57,493929,31946,28
1226.98,494429,31986,28
1228.41,494931,32022,28
1230.3,495433,32074,28
1231.66,495933,32102,28
1232.93,496436,32134,28
1234.38,496938,32162,28
1235.82,497441,32198,28
1237.26,497941,32226,28
1238.55,498442,32250,28
1239.9,498944,32282,28
1241.09,499447,32314,28
1242.43,499951,32338,28
1243.86,500452,32358,28
1245.24,500952,32386,28
1246.51,501452,32402,28
1247.76,501955,32430,28
1249.06,502458,32442,28
1250.43,502961,32474,28
1251.75,503462,32498,28
1253.08,503963,32514,28
1254.43,504465,32550,28
1255.79,504968,32590,28
1257.08,505471,32626,28
1258.28,505972,32658,28
1259.45,506473,32678,28
1260.83,506976,32706,28
1262.07,507476,32742,28
1263.35,507978,32770,28
1264.56,508479,32798,28
1265.81,508983,32822,28
1267.01,509483,32862,28
1268.21,509987,32890,28
1269.41,510489,32934,28
1270.63,510992,32966,28
1271.86,511492,32994,28
1273.2,511996,33018,28
1274.53,512499,33038,28
1275.7,513002,33050,28
1277.02,513503,33082,28
1278.37,514004,33106,28
1279.64,514506,33114,28
1280.93,515006,33142,28
1282.22,515507,33166,28
1283.57,516011,33194,28
1284.87,516511,33210,28
1286.15,517013,33254,28
1287.55,517515,33290,28
1288.82,518015,33318,28
1290.22,518518,33330,28
1291.49,519020,33366,28
1292.89,519520,33386,28
1294.15,520021,33406,28
1295.5,520525,33438,28
1296.78,521026,33462,28
1298.11,521529,33498,28
1299.34,522032,33538,28
1300.55,522534,33562,28
1301.92,523038,33590,28
1303.28,523540,33618,28
1304.66,524042,33646,28
1305.99,524544,33670,28
1307.38,525045,33686,28
1308.67,525549,33718,28
1310.02,526052,33746,28
1311.39,526553,33778,28
1312.66,527053,33798,28
1313.96,527556,33830,28
1315.36,528056,33850,28
1316.69,528558,33870,28
1318.12,529062,33906,28
1319.37,529566,33934,28
1320.64,530066,33946,28
1321.85,530568,33962,28
1323.12,531071,33986,28
1324.45,531572,34014,28
1325.68,532075,34022,28
1327,532576,34046,28
1328.33,533080,34066,28
1329.8,533580,34102,28
1331.21,534082,34138,28
1332.63,534585,34170,28
1333.97,535086,34186,28
1335.22,535589,34214,28
1336.45,536091,34246,28
1337.6,536595,34262,28
1338.88,537095,34306,28
1340.2,537596,34354,28
1341.55,538097,34378,28
1342.86,538599,34414,28
1344.22,539102,34434,28
1345.55,539605,34478,28
1346.75,540109,34510,28
1348.19,540612,34574,28
1349.47,541116,34598,28
1350.81,541618,34634,28
1352.08,542119,34670,28
1353.53,542623,34710,28
1354.82,543124,34746,28
1356.19,543626,34770,28
1357.43,544126,34806,28
1358.73,544630,34834,28
1359.93,545131,34870,28
1361.42,545635,34906,28
1362.76,546137,34958,28
1364.03,546640,34970,28
1365.37,547143,34990,28
1366.78,547647,35022,28
1368.13,548147,35066,28
1369.41,548647,35094,28
1370.63,549150,35118,28
1371.89,549653,35138,28
1373.2,550154,35170,28
1374.6,550656,35198,28
1375.83,551160,35210,28
1377.19,551661,35234,28
1378.59,552163,35266,28
1379.92,552666,35286,28
1381.11,553167,35314,28
1382.37,553668,35338,28
1383.7,554171,35382,28
1384.98,554673,35406,28
1386.36,555173,35450,28
1387.81,555674,35486,28
1389,556178,35498,28
1390.23,556680,35522,28
1391.54,557184,35538,28
1392.82,557688,35550,28
1394.23,558188,35570,28
1395.62,558689,35602,28
1397.01,559193,35610,28
1398.46,559694,35646,28
1399.83,560196,35654,28
1401.28,560700,35698,28
1402.48,561201,35714,28
1403.83,561704,35722,28
1405.14,562205,35738,28
1406.45,562708,35762,28
1407.87,563211,35810,28
1409.02,563715,35846,28
1410.38,564218,35874,28
1411.8,564718,35918,28
1413.05,565221,35938,28
1414.42,565722,35974,28
1415.72,566226,36006,28
1417.04,566730,36022,28
1418.42,567231,36046,28
1419.8,567733,36078,28
1421.14,568236,36118,28
1422.49,568740,36154,28
1423.83,569240,36182,28
1425.2,569744,36214,28
1426.46,570244,36250,28
1427.79,570747,36262,28
1429.12,571251,36298,28
1430.38,571754,36326,28
1431.73,572258,36346,28
1433.1,572761,36370,28
1434.47,573262,36386,28
1435.88,573766,36406,28
1437.32,574267,36426,28
1438.57,574770,36446,28
1439.83,575274,36478,28
1441.28,575775,36502,28
1442.52,576279,36530,28
1444.01,576781,36562,28
1445.35,577281,36594,28
1446.66,577781,36646,28
1448.01,578284,36678,28
1449.34,578788,36718,28
1450.65,579291,36742,28
1452.01,579791,36758,28
1453.21,580291,36786,28
1454.6,580792,36806,28
1455.91,581292,36806,28
1457.28,581795,36818,28
1458.67,582297,36838,28
1459.97,582800,36870,28
1461.33,583302,36890,28
1462.8,583806,36906,28
1464.21,584306,36958,28
1465.5,584810,36990,28
1467.02,585313,37018,28
1468.62,585814,37046,28
1469.99,586317,37082,28
1471.31,586819,37134,28
1472.64,587320,37158,28
1474.03,587822,37182,28
1475.46,588324,37194,28
1476.73,588824,37206,28
1477.97,589328,37218,28
1479.22,589828,37258,28
1480.35,590331,37282,28
1481.67,590831,37306,28
1483.03,591332,37350,28
1484.39,591833,37370,28
1485.63,592337,37386,28
1487.12,592837,37410,28
1488.62,593340,37446,28
1489.86,593843,37454,28
1491.25,594345,37478,28
1492.49,594848,37514,28
1493.94,595348,37554,28
1495.21,595850,37574,28
1496.65,596351,37610,28
1497.95,596855,37642,28
1499.45,597356,37682,28
1500.76,597857,37710,28
1502.12,598360,37722,28
1503.28,598864,37754,28
1504.62,599365,37770,28
1505.94,599868,37790,28
1507.19,600372,37818,28
1508.51,600872,37830,28
1509.63,601376,37846,28
1510.77,601880,37862,28
1512.07,602383,37874,28
1513.22,602883,37894,28
1514.52,603386,37934,28
1515.77,603889,37962,28
1517.27,604390,37998,28
1518.77,604892,38042,28
1520.15,605396,38078,28
1521.48,605899,38122,28
1522.71,606401,38158,28
1524.08,606904,38198,28
1525.27,607408,38218,28
1526.57,607911,38242,28
1527.82,608415,38274,28
1529.25,608915,38298,28
1530.48,609419,38314,28
1531.74,609923,38346,28
1533.05,610423,38370,28
1534.21,610924,38386,28
1535.71,611428,38402,28
1537.01,611929,38442,28
1538.49,612429,38478,28
1539.85,612929,38530,28
1541.25,613430,38554,28
1542.54,613931,38590,28
1544.02,614433,38634,28
1545.54,614935,38666,28
1546.77,615437,38702,28
1548.2,615939,38742,28
1549.52,616440,38766,28
1550.84,616940,38782,28
1552.03,617442,38806,28
1553.34,617944,38842,28
1554.64,618445,38858,28
1555.98,618945,38878,28
1557.48,619449,38926,28
1558.92,619952,38962,28
1560.15,620456,38994,28
1561.58,620956,39042,28
1562.72,621458,39058,28
1564.05,621960,39094,28
1565.36,622462,39102,28
1566.8,622965,39138,28
1568.21,623465,39178,28
1569.53,623965,39206,28
1570.7,624466,39234,28
1571.96,624970,39278,28
1573.35,625472,39318,28
1574.75,625973,39334,28
1576.06,626473,39358,28
1577.42,626975,39378,28
1578.8,627477,39414,28
1580.05,627977,39446,28
1581.37,628477,39486,28
1582.7,628977,39506,28
1583.86,629479,39530,28
1585.04,629981,39554,28
1586.33,630481,39574,28
1587.67,630984,39614,28
1588.93,631487,39638,28
1590.25,631989,39678,28
1591.62,632492,39722,28
1592.96,632993,39750,28
1594.44,633495,39790,28
1595.72,633997,39818,28
1597,634497,39874,28
1598.38,634998,39890,28
1599.63,635502,39946,28
1600.97,636005,39986,28
1602.36,636506,40010,28
1603.7,637006,40030,28
1604.95,637510,40070,28
1606.3,638013,40078,28
1607.69,638514,40098,28
1608.96,639014,40138,28
1610.24,639516,40166,28
1611.77,640020,40182,28
1613.02,640524,40206,28
1614.44,641026,40230,28
1615.75,641529,40262,28
1617.08,642033,40298,28
1618.39,642537,40326,28
1619.8,643040,40354,28
1621.22,643541,40390,28
1622.69,644041,40442,28
1623.98,644542,40466,28
1625.36,645045,40486,28
1626.67,645545,40510,28
1627.97,646045,40534,28
1629.18,646545,40562,28
1630.56,647046,40590,28
1631.91,647549,40614,28
1633.2,648052,40638,28
1634.54,648554,40658,28
1635.69,649054,40694,28
1637.05,649556,40730,28
1638.42,650056,40750,28
1639.76,650558,40806,28
1641.04,651061,40826,28
1642.39,651562,40842,28
1643.64,652063,40882,28
1645,652564,40906,28
1646.37,653065,40938,28
1647.78,653569,40970,28
1649.16,654072,41014,28
1650.45,654576,41046,28
1651.74,655079,41066,28
1652.99,655582,41106,28
1654.15,656082,41122,28
1655.47,656583,41146,28
1656.83,657087,41178,28
1658.28,657587,41198,28
1659.58,658087,41238,28
1660.83,658588,41254,28
1662.04,659089,41298,28
1663.33,659592,41330,28
1664.47,660095,41346,28
1665.82,660598,41370,28
1667.08,661101,41414,28
1668.51,661603,41454,28
1669.77,662107,41482,28
1671.17,662610,41510,28
1672.42,663110,41554,28
1673.74,663610,41586,28
1675.09,664114,41618,28
1676.32,664614,41634,28
1677.69,665117,41654,28
1679.17,665620,41690,28
1680.42,666121,41722,28
1681.63,666621,41742,28
1683,667125,41766,28
1684.53,667629,41786,28
1685.83,668133,41814,28
1687.22,668636,41850,28
1688.53,669136,41882,28
1689.73,669638,41902,28
1690.94,670142,41926,28
1692.08,670646,41950,28
1693.3,671149,41994,28
1694.58,671651,42018,28
1695.94,672151,42070,28
1697.35,672653,42094,28
1698.77,673156,42102,28
1700.04,673657,42118,28
1701.35,674161,42146,28
1702.64,674662,42182,28
1703.88,675165,42206,28
1705.25,675666,42226,28
1706.54,676166,42246,28
1707.91,676670,42286,28
1709.29,677173,42314,28
1710.52,677676,42330,28
1711.86,678180,42362,28
1713.14,678683,42394,28
1714.42,679184,42402,28
1715.8,679686,42434,28
1717.15,680187,42454,28
1718.49,680689,42470,28
1719.95,681191,42498,28
1721.37,681691,42542,28
1722.63,682191,42574,28
1723.96,682691,42618,28
1725.26,683195,42646,28
1726.45,683696,42682,28
1727.76,684199,42706,28
1729.15,684703,42738,28
1730.29,685204,42782,28
1731.67,685704,42790,28
1732.85,686206,42806,28
1734.12,686710,42822,28
1735.49,687210,42842,28
1736.76,687713,42854,28
1738.17,688213,42890,28
1739.47,688715,42930,28
1740.87,689215,42946,28
1742.14,689719,42974,28
1743.56,690220,43010,28
1744.84,690721,43030,28
1746.21,691225,43078,28
1747.48,691727,43098,28
1748.86,692230,43122,28
1750.12,692731,43158,28
1751.37,693231,43186,28
1752.66,693735,43222,28
1754.06,694238,43246,28
1755.4,694742,43258,28
1756.7,695245,43270,28
1758.13,695748,43282,28
1759.42,696249,43306,28
1760.79,696751,43350,28
1762.21,697254,43386,28
1763.55,697758,43402,28
1764.9,698260,43450,28
1766.53,698760,43482,28
1768,699264,43498,28
1769.49,699768,43534,28
1770.78,700269,43554,28
1772.06,700773,43586,28
1773.51,701275,43610,28
1774.92,701776,43630,28
1776.53,702278,43654,28
1777.85,702778,43674,28
1779.31,703280,43702,28
1780.61,703781,43722,28
1782.01,704284,43758,28
1783.36,704784,43802,28
1784.85,705287,43830,28
1786.14,705789,43850,28
1787.37,706289,43866,28
1788.75,706790,43886,28
1790.04,707294,43906,28
1791.41,707797,43922,28
1792.69,708299,43958,28
1793.97,708803,43986,28
1795.13,709303,43998,28
1796.41,709804,44022,28
1797.81,710305,44046,28
1799.12,710809,44062,28
1800.56,711311,44098,28
1801.83,711811,44118,28
1803.12,712315,44134,28
1804.53,712819,44174,28
1805.93,713322,44198,28
1807.29,713822,44214,28
1808.64,714325,44230,28
1809.99,714829,44274,28
1811.25,715332,44298,28
1812.63,715836,44326,28
1813.87,716340,44354,28
1815.29,716843,44366,28
1816.52,717344,44386,28
1817.87,717844,44430,28
1819.16,718345,44466,28
1820.48,718846,44506,28
1821.82,719347,44550,28
1823.2,719848,44586,28
1824.64,720351,44626,28
1825.96,720851,44650,28
1827.34,721355,44678,28
1828.6,721857,44706,28
1829.85,722357,44722,28
1831.24,722860,44762,28
1832.67,723362,44786,28
1834.17,723865,44806,28
1835.46,724367,44826,28
1836.93,724870,44854,28
1838.2,725370,44886,28
1839.64,725872,44906,28
1840.91,726373,44954,28
1842.36,726875,44986,28
1843.73,727379,45006,28
1844.96,727880,45026,28
1846.48,728381,45030,28
1847.74,728885,45074,28
1849.05,729386,45094,28
1850.27,729887,45114,28
1851.6,730389,45142,28
1852.86,730889,45170,28
1854.27,731391,45206,28
1855.59,731894,45234,28
1857.07,732396,45270,28
1858.34,732900,45306,28
1859.9,733400,45326,28
1861.12,733902,45334,28
1862.45,734403,45374,28
1863.79,734905,45398,28
1865.06,735408,45414,28
1866.52,735909,45446,28
1867.97,736413,45478,28
1869.46,736916,45498,28
1870.77,737418,45510,28
1872.12,737918,45546,28
1873.46,738422,45574,28
1874.8,738926,45602,28
1876.25,739430,45638,28
1877.51,739932,45654,28
1878.77,740435,45682,28
1880.03,740936,45714,28
1881.32,741436,45742,28
1882.65,741936,45774,28
1884.11,742439,45786,28
1885.46,742940,45814,28
1886.97,743444,45846,28
1888.42,743946,45874,28
1889.87,744449,45898,28
1891.47,744950,45934,28
1892.8,745451,45974,28
1894.19,745955,46042,28
1895.65,746456,46070,28
1897.27,746956,46118,28
1898.62,747459,46150,28
1900.06,747960,46170,28
1901.35,748462,46206,28
1902.68,748962,46218,28
1903.93,749462,46262,28
1905.42,749962,46282,28
1906.83,750462,46310,28
1908.38,750966,46362,28
1909.65,751468,46382,28
1910.97,751970,46398,28
1912.37,752474,46422,28
1913.79,752978,46438,28
1915.25,753482,46450,28
1916.59,753984,46478,28
1917.94,754486,46498,28
1919.33,754986,46534,28
1920.69,755486,46566,28
1922.08,755986,46582,28
1923.35,756487,46606,28
1924.76,756988,46634,28
1926.08,757488,46654,28
1927.45,757992,46686,28
1928.75,758494,46714,28
1930.05,758995,46738,28
1931.28,759496,46766,28
1932.62,759998,46790,28
1934.11,760498,46806,28
1935.45,761002,46834,28
1936.82,761504,46878,28
1938.05,762007,46902,28
1939.49,762508,46922,28
1940.72,763009,46938,28
1942.06,763513,46970,28
1943.36,764017,47014,28
1944.68,764521,47046,28
1945.9,765025,47086,28
1947.28,765529,47126,28
1948.79,766031,47178,28
1950.02,766534,47198,28
1951.42,767038,47214,28
1952.8,767542,47242,28
1.02,501,4756,22
2.28,1003,5448,24
3.27,1503,5538,24
4.21,2003,5640,24
5.2,2506,5650,24
6.28,3009,5652,24
7.39,3513,5652,24
8.4,4013,5652,24
9.76,4513,5652,24
11.22,5016,5664,24
12.36,5517,5666,24
13.43,6017,5666,24
14.54,6519,5674,24
15.67,7023,5682,24
16.73,7527,5694,24
17.76,8027,5694,24
18.83,8531,5710,24
19.93,9034,5718,24
21.08,9537,5730,24
22.27,10038,5750,24
23.39,10538,5750,24
24.5,11041,5774,24
25.5,11541,5798,24
26.68,12042,5814,24
27.98,12545,5826,24
29.24,13049,5834,24
30.47,13549,5846,24
31.67,14051,5854,24
32.75,14554,5862,24
33.92,15058,5882,24
34.99,15558,5882,24
36.14,16061,5902,24
37.41,16563,5922,24
38.63,17063,5946,24
39.8,17565,5974,24
40.95,18065,5994,24
42.15,18566,6022,24
43.34,19067,6042,24
44.51,19568,6054,24
45.7,20069,6082,24
46.72,20570,6118,24
47.92,21072,6158,24
49.16,21575,6178,24
50.41,22077,6206,24
51.66,22577,6230,24
52.8,23079,6238,24
53.88,23579,6238,24
54.93,24079,6238,24
56.02,24579,6238,24
57.1,25079,6238,24
58.14,25579,6238,24
59.38,26079,6238,24
60.36,26579,6238,24
61.39,27083,6242,24
62.4,27583,6242,24
63.43,28083,6242,24
64.51,28583,6242,24
65.57,29083,6242,24
66.61,29583,6242,24
67.66,30083,6242,24
68.72,30587,6250,24
69.84,31088,6258,24
70.95,31588,6258,24
72.11,32089,6262,24
73.25,32591,6266,24
74.31,33091,6266,24
75.45,33591,6266,24
76.54,34092,6270,24
77.58,34592,6270,24
78.61,35095,6282,24
79.76,35597,6286,24
80.97,36097,6286,24
82.07,36597,6286,24
83.17,37098,6290,24
84.34,37598,6310,24
85.37,38100,6318,24
86.43,38604,6346,24
87.58,39105,6358,24
88.78,39608,6366,24
89.83,40112,6398,24
90.86,40614,6406,24
91.95,41114,6422,24
93.04,41617,6454,24
94.17,42121,6478,24
95.3,42623,6494,24
96.63,43126,6518,24
97.86,43629,6538,24
99.08,44130,6558,24
100.38,44632,6582,24
101.57,45134,6606,24
102.77,45634,6622,24
103.9,46135,6650,24
105.05,46639,6674,24
106.28,47142,6702,24
107.6,47643,6722,24
108.95,48146,6754,24
110.3,48648,6762,24
111.53,49150,6770,24
112.78,49653,6786,24
114.12,50157,6810,24
115.34,50659,6834,24
116.74,51159,6834,24
118.11,51662,6846,24
119.5,52163,6882,24
120.73,52664,6902,24
122.04,53167,6922,24
123.29,53668,6954,24
124.39,54171,6982,24
125.64,54672,7006,24
126.77,55176,7018,24
128.05,55679,7046,24
129.36,56180,7062,24
130.69,56684,7086,24
131.98,57187,7106,24
133.27,57688,7138,24
134.68,58188,7154,24
135.96,58690,7174,24
137.17,59192,7218,24
138.47,59694,7254,24
139.81,60195,7286,24
141.1,60697,7314,24
142.41,61198,7334,24
143.78,61701,7378,24
145.16,62205,7410,24
146.49,62705,7454,24
147.83,63206,7478,24
149.18,63710,7506,24
150.55,64214,7574,24
151.77,64715,7598,24
152.95,65215,7618,24
154.04,65715,7638,24
155.2,66215,7690,24
156.46,66719,7710,24
157.74,67220,7730,24
158.85,67723,7742,24
160.08,68224,7774,24
161.27,68724,7830,24
162.46,69224,7846,24
163.9,69728,7890,24
165.18,70231,7918,24
166.36,70734,7946,24
167.54,71234,7958,24
168.81,71738,7966,24
170.16,72240,7990,24
171.45,72742,8010,24
172.56,73246,8042,24
173.84,73746,8066,24
175.12,74247,8082,24
176.37,74749,8102,24
177.68,75251,8142,24
178.95,75752,8158,24
180.18,76254,8210,24
181.45,76755,8258,24
182.62,77259,8270,24
183.8,77759,8302,24
184.98,78260,8326,24
186.2,78764,8374,24
187.44,79268,8426,24
188.74,79770,8446,24
189.99,80273,8458,24
191.22,80775,8478,24
192.4,81275,8490,24
193.56,81778,8522,24
194.77,82280,8542,24
196.03,82780,8562,24
197.16,83280,8578,24
198.5,83784,8590,24
199.72,84287,8618,24
200.95,84788,8634,24
202.18,85290,8662,24
203.46,85790,8690,24
204.77,86293,8710,24
206.03,86794,8726,24
207.26,87298,8774,24
208.48,87800,8794,24
209.82,88301,8818,24
211.16,88803,8850,24
212.44,89307,8874,24
213.72,89807,8918,24
214.95,90307,8938,24
216.27,90811,8986,24
217.47,91312,9006,24
218.66,91813,9026,24
219.96,92314,9046,24
221.15,92816,9082,24
222.37,93316,9114,24
223.61,93820,9134,24
224.88,94320,9174,24
226.2,94821,9190,24
227.35,95321,9206,24
228.59,95821,9226,24
229.85,96322,9246,24
231.24,96824,9254,24
232.46,97326,9282,24
233.65,97830,9294,24
234.81,98334,9322,24
236.04,98838,9334,24
237.22,99340,9370,24
238.37,99844,9402,24
239.61,100346,9442,24
240.89,100847,9474,24
242.13,101350,9494,24
243.27,101853,9526,24
244.37,102357,9558,24
245.59,102858,9586,24
246.85,103360,9614,24
247.99,103860,9650,24
249.21,104361,9674,24
250.5,104864,9710,24
251.7,105365,9734,24
252.95,105865,9762,24
254.27,106367,9782,24
255.62,106869,9830,24
256.86,107372,9854,24
258.12,107876,9882,24
259.37,108379,9898,24
260.54,108879,9938,24
261.67,109382,9966,24
262.9,109882,9982,24
264.13,110385,10010,24
265.24,110889,10046,24
266.36,111389,10062,24
267.59,111891,10070,24
268.69,112392,10102,24
269.85,112892,10126,24
271.1,113396,10142,24
272.3,113899,10186,24
273.55,114402,10194,24
274.77,114905,10222,24
276.03,115409,10266,24
277.23,115912,10302,24
278.44,116413,10338,24
279.61,116914,10378,24
280.83,117418,10402,24
282.05,117921,10422,24
283.38,118422,10442,24
284.75,118925,10470,24
286.01,119428,10482,24
287.22,119929,10510,24
288.5,120429,10550,24
289.77,120930,10570,24
291.32,121434,10606,24
292.5,121935,10638,24
293.92,122435,10678,24
295.17,122935,10710,24
296.43,123437,10766,24
297.71,123938,10790,24
299.05,124441,10814,24
300.3,124945,10858,24
301.78,125445,10890,24
302.96,125949,10902,24
304.28,126451,10926,24
305.49,126954,10946,24
306.55,127454,10966,24
307.74,127955,10978,24
308.81,128455,10994,24
310.02,128958,11026,24
311.3,129462,11058,24
312.46,129966,11094,24
313.53,130469,11130,24
314.66,130970,11162,24
315.89,131474,11174,24
317.05,131977,11190,24
318.24,132480,11218,24
319.35,132984,11258,24
320.53,133484,11302,24
321.72,133985,11338,24
322.85,134486,11382,24
323.97,134986,11402,24
325.22,135490,11418,24
326.46,135993,11438,24
327.68,136495,11474,24
328.85,136996,11494,24
330.06,137498,11502,24
331.21,138000,11526,24
332.55,138504,11546,24
333.78,139005,11570,24
335.03,139507,11590,24
336.19,140009,11618,24
337.3,140510,11650,24
338.58,141014,11674,24
339.8,141515,11706,24
340.99,142018,11730,24
342.24,142522,11770,24
343.44,143025,11790,24
344.8,143527,11818,24
346.13,144031,11846,24
347.34,144532,11866,24
348.57,145033,11894,24
349.83,145533,11914,24
351.03,146035,11942,24
352.36,146536,11978,24
353.65,147037,12006,24
355.07,147538,12038,24
356.36,148040,12066,24
357.58,148541,12106,24
358.78,149042,12130,24
360.03,149542,12170,24
361.17,150043,12190,24
362.41,150543,12214,24
363.72,151047,12254,24
364.89,151548,12278,24
366.04,152048,12314,24
367.15,152551,12346,24
368.21,153051,12370,24
369.3,153552,12414,24
370.58,154055,12434,24
371.75,154555,12462,24
372.96,155056,12502,24
374.24,155558,12534,24
375.5,156059,12570,24
376.8,156562,12602,24
378.04,157064,12618,24
379.23,157568,12634,24
380.43,158070,12662,24
381.71,158573,12694,24
383.08,159077,12738,24
384.51,159581,12754,24
385.75,160085,12814,24
387.01,160585,12850,24
388.31,161089,12890,24
389.55,161591,12910,24
390.75,162093,12966,24
391.94,162596,13018,24
393.2,163100,13046,24
394.37,163600,13078,24
395.58,164103,13110,24
396.84,164605,13154,24
398.04,165105,13170,24
399.25,165607,13198,24
400.52,166108,13222,24
401.69,166608,13250,24
402.9,167109,13278,24
404.08,167611,13290,24
405.34,168114,13334,24
406.56,168617,13366,24
407.74,169118,13406,24
408.97,169622,13422,24
410.31,170126,13442,24
411.49,170628,13482,24
412.76,171128,13502,24
413.84,171632,13526,24
415.05,172136,13550,24
416.31,172639,13562,24
417.45,173141,13598,24
418.64,173644,13642,24
420.09,174148,13662,24
421.33,174650,13698,24
422.51,175153,13726,24
423.76,175655,13750,24
424.95,176155,13794,24
426.17,176656,13826,24
427.37,177157,13850,24
428.7,177659,13898,24
430.01,178159,13926,24
431.21,178663,13946,24
432.6,179166,13966,24
433.69,179666,13978,24
434.86,180167,13998,24
436.15,180670,14010,24
437.27,181170,14038,24
438.47,181670,14078,24
439.63,182174,14094,24
440.87,182675,14142,24
442.07,183179,14182,24
443.3,183680,14230,24
444.45,184184,14266,24
445.64,184688,14286,24
446.8,185191,14294,24
447.94,185694,14314,24
449.11,186195,14326,24
450.33,186695,14370,24
451.49,187197,14394,24
452.77,187698,14414,24
454,188198,14430,24
455.17,188702,14470,24
456.31,189204,14494,24
457.56,189704,14534,24
458.66,190204,14542,24
459.77,190704,14566,24
460.94,191208,14594,24
462.5,191711,14646,24
463.89,192212,14686,24
465.15,192716,14742,24
466.4,193217,14790,24
467.58,193720,14826,24
468.77,194221,14862,24
469.94,194721,14902,24
471.22,195224,14930,24
472.54,195727,14962,24
473.78,196230,14982,24
474.94,196733,14990,24
476.32,197235,15022,24
477.52,197736,15042,24
478.83,198236,15058,24
480,198737,15070,24
481.11,199238,15086,24
482.28,199742,15122,24
483.51,200244,15142,24
484.76,200748,15182,24
485.97,201248,15210,24
487.08,201748,15250,24
488.28,202248,15282,24
489.45,202752,15318,24
490.69,203254,15334,24
491.98,203754,15370,24
493.12,204258,15402,24
494.39,204761,15434,24
495.63,205264,15458,24
496.91,205764,15490,24
498.11,206267,15530,24
499.27,206768,15550,24
500.51,207270,15590,24
501.72,207770,15610,24
502.97,208271,15638,24
504.15,208775,15654,24
505.38,209278,15690,24
506.63,209782,15722,24
507.88,210286,15754,24
509.18,210789,15794,24
510.4,211291,15806,24
511.61,211795,15846,24
512.77,212299,15878,24
513.92,212799,15922,24
515.15,213303,15954,24
516.38,213804,15982,24
517.68,214308,15998,24
518.86,214810,16038,24
520.05,215314,16070,24
521.3,215818,16094,24
522.74,216319,16098,24
524.1,216822,16126,24
525.35,217325,16166,24
526.69,217827,16214,24
527.91,218330,16246,24
529.17,218831,16290,24
530.42,219335,16322,24
531.75,219837,16350,24
533.09,220337,16362,24
534.4,220841,16406,24
535.76,221345,16446,24
537.02,221847,16458,24
538.13,222347,16482,24
539.26,222848,16498,24
540.49,223349,16518,24
541.75,223849,16554,24
542.98,224352,16594,24
544.15,224852,16622,24
545.39,225355,16658,24
546.56,225858,16694,24
547.75,226362,16706,24
548.97,226865,16742,24
550.17,227369,16770,24
551.31,227873,16826,24
552.58,228377,16858,24
553.79,228877,16878,24
555.03,229377,16918,24
556.26,229879,16926,24
557.36,230379,16938,24
558.46,230882,16958,24
559.83,231386,16998,24
561.01,231886,17018,24
562.25,232390,17066,24
563.5,232891,17098,24
564.87,233391,17126,24
566.14,233892,17150,24
567.38,234395,17170,24
568.62,234898,17210,24
569.77,235400,17242,24
570.99,235904,17254,24
572.15,236404,17278,24
573.37,236906,17306,24
574.56,237410,17338,24
575.89,237914,17374,24
577.05,238418,17406,24
578.2,238920,17438,24
579.54,239423,17498,24
580.8,239926,17534,24
582.03,240428,17558,24
583.29,240931,17594,24
584.63,241434,17638,24
586.03,241938,17678,24
587.22,242441,17690,24
588.37,242944,17730,24
589.67,243445,17758,24
590.85,243946,17778,24
592.08,244447,17806,24
593.25,244949,17822,24
594.47,245452,17854,24
595.71,245953,17878,24
597.37,246457,17906,24
598.74,246960,17930,24
599.88,247461,17970,24
601.13,247963,17990,24
602.43,248464,18022,24
603.73,248965,18046,24
605.01,249466,18082,24
606.27,249966,18138,24
607.48,250468,18158,24
608.58,250969,18198,24
609.85,251473,18230,24
611.02,251976,18266,24
612.28,252476,18286,24
613.69,252980,18330,24
614.92,253482,18378,24
616.2,253982,18386,24
617.33,254483,18410,24
618.69,254987,18442,24
619.78,255488,18486,24
620.92,255989,18534,24
622.02,256493,18566,24
623.23,256995,18586,24
624.45,257495,18626,24
625.6,257998,18650,24
626.94,258498,18674,24
628.18,258999,18722,24
629.34,259499,18742,24
630.5,260000,18778,24
631.86,260502,18810,24
633.12,261005,18854,24
634.32,261508,18890,24
635.47,262008,18930,24
636.56,262510,18966,24
637.82,263010,18998,24
638.9,263511,19030,24
640.14,264015,19046,24
641.34,264518,19070,24
642.62,265019,19122,24
643.83,265521,19142,24
645.22,266025,19178,24
646.45,266528,19222,24
647.8,267029,19246,24
649.01,267530,19278,24
650.32,268032,19302,24
651.52,268536,19314,24
652.79,269040,19358,24
653.99,269540,19382,24
655.26,270042,19402,24
656.37,270545,19422,24
657.5,271047,19446,24
658.85,271551,19466,24
660.03,272054,19490,24
661.27,272554,19510,24
662.52,273054,19538,24
663.71,273558,19554,24
664.97,274060,19574,24
666.29,274563,19586,24
667.68,275065,19614,24
668.96,275569,19630,24
670.24,276070,19658,24
671.48,276570,19698,24
672.7,277070,19730,24
673.97,277572,19742,24
675.41,278076,19774,24
676.62,278578,19802,24
677.87,279082,19842,24
678.98,279586,19882,24
680.13,280087,19906,24
681.29,280590,19942,24
682.53,281090,19962,24
683.82,281594,20014,24
685.17,282095,20058,24
686.45,282598,20078,24
687.79,283099,20110,24
689.11,283599,20150,24
690.34,284103,20162,24
691.45,284604,20182,24
692.66,285104,20218,24
693.91,285604,20230,24
695.25,286106,20258,24
696.46,286606,20294,24
697.73,287108,20330,24
699.01,287608,20362,24
700.27,288112,20378,24
701.55,288614,20406,24
702.86,289115,20450,24
704.1,289615,20502,24
705.39,290119,20530,24
706.64,290620,20562,24
707.95,291120,20622,24
709.09,291620,20654,24
710.62,292124,20682,24
712.05,292628,20710,24
713.64,293130,20730,24
714.94,293633,20750,24
716.36,294133,20778,24
717.66,294634,20798,24
718.99,295135,20822,24
720.22,295637,20850,24
721.47,296138,20870,24
722.85,296638,20886,24
724.17,297142,20910,24
725.44,297642,20950,24
726.66,298142,20974,24
727.82,298642,20994,24
729.2,299144,21042,24
730.57,299647,21066,24
731.81,300149,21082,24
733.14,300653,21130,24
734.43,301153,21174,24
735.65,301655,21214,24
736.99,302159,21230,24
738.29,302659,21266,24
739.64,303159,21294,24
740.85,303659,21338,24
741.95,304160,21370,24
743.08,304661,21394,24
744.1,305165,21426,24
745.23,305668,21466,24
746.28,306170,21494,24
747.42,306673,21526,24
748.6,307177,21578,24
749.82,307678,21602,24
750.93,308181,21622,24
752.25,308685,21662,24
753.4,309188,21698,24
754.54,309692,21730,24
755.75,310192,21770,24
757.1,310695,21794,24
758.37,311197,21838,24
759.49,311700,21874,24
760.66,312204,21894,24
761.9,312707,21926,24
763.03,313209,21950,24
764.18,313712,21978,24
765.3,314212,22030,24
766.35,314716,22054,24
767.47,315218,22086,24
768.6,315719,22102,24
769.7,316220,22114,24
770.79,316724,22150,24
771.93,317226,22170,24
773.17,317726,22198,24
774.49,318227,22246,24
775.78,318728,22278,24
777.14,319228,22326,24
778.42,319731,22358,24
779.77,320235,22398,24
780.94,320738,22422,24
782.15,321239,22446,24
783.38,321742,22482,24
784.61,322242,22518,24
785.75,322746,22550,24
786.96,323249,22586,24
788.23,323752,22618,24
789.52,324253,22646,24
790.62,324755,22674,24
791.78,325256,22694,24
793.01,325758,22714,24
794.26,326258,22734,24
795.45,326760,22754,24
796.65,327263,22794,24
797.86,327765,22834,24
799.11,328266,22866,24
800.43,328766,22882,24
801.69,329267,22930,24
802.93,329771,22950,24
804.16,330272,22994,24
805.35,330772,23038,24
806.46,331272,23062,24
807.66,331773,23086,24
809.06,332276,23110,24
810.23,332780,23126,24
811.41,333280,23142,24
812.79,333781,23162,24
814.19,334285,23178,24
815.49,334789,23194,24
816.88,335292,23226,24
818.12,335793,23246,24
819.26,336295,23274,24
820.31,336798,23298,24
821.4,337299,23326,24
822.63,337799,23358,24
823.81,338303,23394,24
825.04,338803,23422,24
826.32,339304,23462,24
827.51,339804,23514,24
828.9,340305,23534,24
830.14,340805,23566,24
831.46,341309,23622,24
832.74,341810,23634,24
834.02,342310,23654,24
835.43,342811,23682,24
836.95,343315,23702,24
838.19,343819,23734,24
839.5,344321,23758,24
840.78,344822,23802,24
842,345325,23838,24
843.32,345826,23890,24
844.69,346330,23918,24
846.3,346834,23942,24
847.89,347338,23970,24
849.14,347838,23998,24
850.32,348340,24022,24
851.72,348844,24050,24
853.17,349348,24078,24
854.5,349848,24122,24
855.88,350350,24158,24
857.11,350850,24182,24
858.27,351351,24214,24
859.45,351852,24230,24
860.53,352353,24250,24
861.69,352853,24294,24
862.91,353353,24310,24
864.24,353853,24342,24
865.6,354353,24370,24
866.9,354857,24410,24
868.15,355361,24422,24
869.33,355861,24442,24
870.5,356361,24474,24
871.7,356864,24502,24
872.99,357365,24530,24
874.23,357865,24562,24
875.48,358368,24574,24
876.73,358869,24610,24
878.06,359373,24622,24
879.35,359873,24650,24
880.61,360375,24682,24
881.89,360878,24706,24
883.19,361379,24726,24
884.51,361882,24770,24
885.86,362383,24806,24
887.02,362883,24834,24
888.31,363387,24870,24
889.81,363890,24890,24
891,364392,24934,24
892.22,364896,24966,24
893.39,365400,25002,24
894.57,365903,25038,24
895.77,366405,25078,24
897.02,366908,25106,24
898.33,367409,25130,24
899.52,367909,25166,24
900.72,368412,25218,24
901.82,368913,25254,24
903.12,369416,25290,24
904.32,369917,25318,24
905.61,370418,25330,24
906.83,370918,25378,24
908.17,371421,25406,24
909.4,371924,25438,24
910.57,372424,25466,24
911.81,372927,25510,24
913.15,373430,25542,24
914.39,373931,25578,24
915.63,374434,25614,24
916.84,374936,25650,24
918.16,375438,25694,24
919.49,375939,25726,24
920.75,376439,25762,24
922.22,376941,25782,24
923.54,377443,25810,24
924.82,377947,25838,24
926.02,378449,25862,24
927.31,378953,25898,24
928.52,379454,25918,24
929.85,379955,25942,24
931.14,380456,25954,24
932.29,380959,25978,24
933.63,381460,26006,24
934.89,381964,26046,24
936.29,382467,26078,24
937.64,382971,26094,24
939.04,383473,26138,24
940.29,383977,26170,24
941.57,384477,26214,24
942.9,384979,26258,24
944.34,385480,26278,24
945.7,385984,26294,24
947.14,386488,26310,24
948.47,386991,26338,24
949.68,387494,26362,24
951.09,387998,26386,24
952.44,388499,26402,24
953.73,388999,26430,24
954.92,389502,26454,24
956.33,390003,26474,24
957.65,390505,26506,24
959.04,391006,26538,24
960.27,391509,26578,24
961.5,392012,26606,24
962.82,392514,26634,24
964.18,393015,26646,24
965.62,393519,26670,24
967.04,394022,26698,24
968.34,394525,26754,24
969.72,395027,26794,24
970.98,395529,26802,24
972.37,396031,26838,24
973.64,396534,26874,24
974.97,397037,26898,24
976.24,397538,26918,24
977.49,398038,26954,24
978.73,398538,26978,24
979.87,399042,27010,24
981.12,399545,27034,24
982.22,400045,27062,24
983.62,400548,27086,24
984.94,401048,27110,24
986.34,401548,27142,24
987.63,402052,27170,24
989,402552,27202,24
990.28,403054,27226,24
991.56,403556,27254,24
992.83,404058,27274,24
994.12,404562,27302,24
995.32,405065,27322,24
996.69,405569,27354,24
998,406069,27378,24
999.24,406571,27414,24
1000.6,407072,27462,24
1002.14,407574,27502,24
1003.47,408076,27522,24
1004.75,408577,27542,24
1006.04,409080,27570,24
1007.27,409582,27598,24
1008.58,410085,27618,24
1010.12,410587,27650,24
1011.57,411091,27678,24
1012.89,411593,27714,24
1014.44,412097,27738,24
1015.81,412601,27782,24
1017.2,413101,27806,24
1018.46,413603,27842,24
1019.68,414103,27886,24
1021,414603,27906,24
1022.31,415107,27946,24
1023.68,415609,27978,24
1024.99,416112,28042,24
1026.36,416616,28074,24
1027.77,417118,28102,24
1029.07,417618,28130,24
1030.44,418122,28182,24
1031.83,418625,28210,24
1033.1,419128,28226,24
1034.41,419628,28258,24
1035.71,420129,28262,24
1037.15,420633,28274,24
1038.63,421133,28310,24
1039.88,421637,28366,24
1041.26,422139,28414,24
1042.57,422639,28442,24
1043.93,423143,28466,24
1045.45,423644,28498,24
1046.7,424144,28514,24
1048.07,424644,28546,24
1049.41,425145,28574,24
1050.63,425646,28578,24
1051.97,426146,28610,24
1053.2,426649,28642,24
1054.7,427150,28662,24
1056.08,427651,28706,24
1057.49,428153,28726,24
1058.92,428655,28762,24
1060.23,429156,28794,24
1061.62,429657,28814,24
1062.9,430158,28846,24
1064.28,430662,28898,24
1065.66,431163,28914,24
1066.98,431663,28934,24
1068.38,432164,28966,24
1069.85,432667,28994,24
1071.14,433171,29010,24
1072.45,433673,29034,24
1073.86,434174,29066,24
1075.15,434677,29094,24
1076.48,435179,29118,24
1077.73,435681,29162,24
1079.03,436181,29210,24
1080.43,436683,29238,24
1081.86,437184,29266,24
1083.08,437684,29282,24
1084.26,438185,29298,24
1085.55,438686,29314,24
1086.84,439189,29342,24
1088.16,439693,29362,24
1089.49,440197,29386,24
1090.66,440697,29422,24
1092.13,441200,29458,24
1093.6,441704,29490,24
1095.05,442206,29526,24
1096.36,442706,29550,24
1097.66,443209,29570,24
1099.04,443712,29586,24
1100.34,444215,29610,24
1101.66,444718,29634,24
1102.87,445218,29654,24
1104.1,445720,29674,24
1105.61,446223,29698,24
1106.96,446723,29714,24
1108.5,447224,29750,24
1109.89,447728,29790,24
1111.32,448230,29822,24
1112.58,448734,29882,24
1113.81,449235,29906,24
1115.05,449738,29930,24
1116.44,450239,29962,24
1117.72,450743,29986,24
1119.12,451246,30002,24
1120.5,451750,30042,24
1121.88,452253,30066,24
1123.21,452754,30098,24
1124.71,453258,30130,24
1126.07,453761,30154,24
1127.38,454265,30206,24
1128.71,454769,30230,24
1130.18,455269,30250,24
1131.54,455771,30274,24
1132.71,456274,30282,24
1134.05,456775,30302,24
1135.38,457276,30334,24
1136.69,457778,30358,24
1138.03,458282,30374,24
1139.48,458784,30394,24
1140.85,459285,30418,24
1142.14,459788,30458,24
1143.52,460291,30482,24
1144.75,460795,30502,24
1146.18,461299,30534,24
1147.69,461800,30570,24
1149.09,462300,30622,24
1150.56,462804,30666,24
1151.88,463308,30702,24
1153.2,463809,30726,24
1154.49,464313,30762,24
1155.96,464817,30794,24
1157.35,465319,30822,24
1158.65,465823,30850,24
1159.87,466323,30878,24
1161.19,466825,30902,24
1162.57,467327,30934,24
1163.87,467828,30958,24
1165.21,468329,30990,24
1166.54,468830,31010,24
1167.98,469334,31042,24
1169.45,469838,31062,24
1170.83,470340,31090,24
1172.12,470841,31102,24
1173.5,471343,31122,24
1174.79,471845,31150,24
1176.12,472346,31174,24
1177.45,472846,31194,24
1178.91,473346,31234,24
1180.28,473849,31270,24
1181.67,474350,31302,24
1182.88,474854,31342,24
1184.22,475354,31374,24
1185.49,475857,31410,24
1186.78,476361,31430,24
1188.27,476861,31462,24
1189.65,477365,31514,24
1190.9,477866,31530,24
1192.29,478366,31554,24
1193.54,478869,31582,24
1194.9,479372,31590,24
1196.18,479873,31614,24
1197.49,480373,31638,24
1198.96,480873,31670,24
1200.23,481375,31694,24
1201.51,481875,31730,24
1202.72,482375,31766,24
1204.09,482875,31778,24
1205.54,483375,31802,24
1206.99,483879,31818,24
1208.3,484380,31870,24
1209.62,484880,31894,24
1211.01,485382,31918,24
1212.35,485883,31934,24
1213.66,486387,31946,24
1215.02,486888,31982,24
1216.44,487391,32002,24
1217.82,487895,32030,24
1219.19,488396,32066,24
1220.43,488899,32082,24
1221.73,489403,32118,24
1222.95,489904,32134,24
1224.23,490404,32142,24
1225.6,490904,32166,24
1226.82,491405,32190,24
1228.13,491909,32226,24
1229.43,492411,32262,24
1230.84,492911,32290,24
1232.14,493412,32310,24
1233.52,493912,32330,24
1234.8,494414,32346,24
1236.1,494914,32362,24
1237.93,495416,32398,24
1239.35,495920,32434,24
1240.71,496421,32462,24
1242.11,496923,32478,24
1243.53,497425,32506,24
1244.79,497925,32534,24
1246.21,498426,32558,24
1247.57,498930,32586,24
1248.98,499433,32614,24
1250.42,499934,32650,24
1251.76,500436,32670,24
1252.96,500940,32690,24
1254.2,501441,32718,24
1255.49,501943,32754,24
1256.96,502445,32798,24
1258.18,502949,32838,24
1259.5,503453,32882,24
1260.83,503955,32922,24
1262.15,504457,32950,24
1263.54,504961,32970,24
1264.78,505461,32994,24
1266.03,505963,33002,24
1267.49,506465,33026,24
1268.9,506968,33038,24
1270.43,507470,33082,24
1271.81,507974,33122,24
1273.16,508477,33154,24
1274.47,508979,33178,24
1275.87,509479,33222,24
1277.22,509981,33242,24
1278.52,510482,33298,24
1279.9,510983,33338,24
1281.28,511486,33354,24
1282.65,511989,33378,24
1284.07,512489,33410,24
1285.24,512991,33442,24
1286.63,513493,33458,24
1287.84,513997,33498,24
1289.27,514498,33518,24
1290.51,515001,33530,24
1291.81,515505,33554,24
1293.07,516007,33590,24
1294.44,516507,33610,24
1295.72,517010,33630,24
1296.9,517510,33638,24
1298.12,518010,33658,24
1299.49,518514,33682,24
1300.82,519018,33698,24
1302.15,519522,33718,24
1303.44,520024,33754,24
1304.78,520525,33770,24
1306.03,521025,33798,24
1307.42,521529,33842,24
1308.74,522031,33882,24
1310.34,522534,33914,24
1311.69,523037,33958,24
1313.07,523537,33986,24
1314.65,524038,34014,24
1316.15,524538,34046,24
1317.59,525039,34082,24
1318.93,525540,34102,24
1320.26,526043,34130,24
1321.83,526544,34158,24
1323.28,527044,34194,24
1324.74,527544,34218,24
1326.16,528045,34250,24
1327.46,528548,34274,24
1328.74,529050,34298,24
1330.22,529551,34326,24
1331.55,530053,34358,24
1333.04,530556,34386,24
1334.28,531060,34410,24
1335.73,531561,34442,24
1337.03,532063,34462,24
1338.36,532565,34486,24
1339.72,533065,34538,24
1341.04,533565,34574,24
1342.36,534069,34602,24
1343.72,534573,34618,24
1345,535075,34646,24
1346.44,535578,34690,24
1347.78,536081,34722,24
1349.19,536582,34738,24
1350.37,537085,34806,24
1351.88,537589,34830,24
1353.29,538089,34874,24
1354.79,538589,34902,24
1356.05,539093,34926,24
1357.31,539594,34958,24
1358.63,540097,35002,24
1359.97,540597,35018,24
1361.32,541099,35050,24
1362.77,541600,35078,24
1364.09,542101,35110,24
1365.53,542601,35142,24
1366.89,543104,35174,24
1368.22,543607,35202,24
1369.53,544111,35230,24
1370.89,544612,35250,24
1372.14,545113,35270,24
1373.44,545613,35298,24
1374.77,546116,35310,24
1376.16,546620,35338,24
1377.59,547124,35366,24
1378.9,547626,35390,24
1380.18,548130,35418,24
1381.47,548634,35430,24
1382.84,549136,35458,24
1384.13,549639,35486,24
1385.55,550142,35522,24
1386.65,550644,35550,24
1387.86,551146,35566,24
1389.13,551646,35594,24
1390.3,552149,35634,24
1391.55,552650,35650,24
1392.88,553150,35698,24
1394.08,553650,35730,24
1395.37,554153,35758,24
1396.73,554653,35802,24
1398.03,555156,35826,24
1399.33,555658,35882,24
1400.61,556158,35918,24
1401.9,556659,35958,24
1403.38,557160,35974,24
1404.64,557662,35990,24
1406.05,558163,36006,24
1407.34,558664,36034,24
1408.68,559166,36054,24
1410.02,559668,36098,24
1411.33,560168,36122,24
1412.66,560668,36150,24
1414,561168,36182,24
1415.38,561670,36206,24
1416.81,562172,36234,24
1418.28,562672,36258,24
1419.61,563172,36294,24
1420.98,563672,36334,24
1422.5,564174,36362,24
1423.87,564676,36386,24
1425.14,565179,36414,24
1426.68,565680,36434,24
1428.09,566180,36450,24
1429.62,566680,36470,24
1430.91,567183,36490,24
1432.15,567685,36498,24
1433.65,568188,36518,24
1434.97,568690,36550,24
1436.28,569193,36582,24
1437.61,569693,36630,24
1439.01,570196,36682,24
1440.35,570700,36714,24
1441.64,571203,36762,24
1443.06,571705,36802,24
1444.34,572205,36834,24
1445.74,572708,36854,24
1446.96,573212,36878,24
1448.17,573715,36890,24
1449.45,574218,36910,24
1450.81,574718,36922,24
1452.12,575222,36938,24
1453.51,575725,36950,24
1454.78,576229,36990,24
1456.33,576732,37018,24
1457.69,577234,37050,24
1459.21,577734,37094,24
1460.53,578235,37122,24
1461.85,578735,37138,24
1463.16,579236,37170,24
1464.5,579738,37206,24
1465.76,580241,37230,24
1467.08,580742,37282,24
1468.35,581244,37302,24
1469.69,581746,37330,24
1471.05,582248,37374,24
1472.49,582751,37398,24
1473.71,583254,37410,24
1475.14,583758,37446,24
1476.38,584258,37478,24
1477.74,584758,37514,24
1478.97,585261,37542,24
1480.2,585764,37570,24
1481.59,586264,37614,24
1482.91,586768,37630,24
1484.23,587272,37654,24
1485.75,587776,37670,24
1487.19,588278,37694,24
1488.44,588778,37734,24
1489.69,589279,37750,24
1490.95,589782,37778,24
1492.26,590286,37802,24
1493.54,590787,37838,24
1494.81,591288,37878,24
1496.1,591791,37914,24
1497.46,592294,37958,24
1498.93,592795,37974,24
1500.29,593299,38010,24
1501.66,593800,38042,24
1502.88,594300,38054,24
1504.36,594800,38070,24
1505.73,595301,38082,24
1506.99,595805,38098,24
1508.3,596309,38126,24
1509.62,596809,38150,24
1510.79,597311,38158,24
1512.03,597815,38186,24
1513.31,598316,38218,24
1514.66,598818,38246,24
1515.87,599318,38286,24
1517.14,599820,38310,24
1518.39,600321,38330,24
1519.68,600822,38334,24
1521.1,601326,38358,24
1522.44,601828,38386,24
1523.79,602329,38406,24
1524.99,602831,38430,24
1526.44,603333,38446,24
1527.81,603834,38462,24
1529.06,604336,38482,24
1530.37,604836,38510,24
1531.59,605337,38538,24
1533.03,605838,38594,24
1534.43,606339,38610,24
1535.93,606841,38654,24
1537.14,607342,38694,24
1538.49,607844,38722,24
1540.03,608344,38758,24
1541.29,608847,38778,24
1542.52,609349,38818,24
1544.02,609853,38842,24
1545.29,610356,38882,24
1546.69,610858,38902,24
1547.95,611360,38922,24
1549.34,611864,38962,24
1550.75,612364,38986,24
1552.17,612864,39006,24
1553.56,613367,39030,24
1554.8,613867,39046,24
1556.12,614367,39074,24
1557.33,614871,39114,24
1558.8,615373,39154,24
1560.11,615876,39174,24
1561.43,616379,39190,24
1562.72,616881,39226,24
1564.06,617385,39254,24
1565.5,617887,39274,24
1566.76,618388,39314,24
1568.09,618891,39362,24
1569.29,619393,39398,24
1570.61,619895,39426,24
1571.97,620397,39454,24
1573.33,620898,39498,24
1574.68,621399,39522,24
1576.02,621899,39558,24
1577.25,622399,39586,24
1578.64,622899,39610,24
1580,623403,39630,24
1581.37,623904,39678,24
1582.54,624408,39706,24
1583.94,624911,39742,24
1585.23,625411,39774,24
1586.6,625914,39786,24
1587.9,626416,39830,24
1589.36,626917,39850,24
1590.78,627420,39898,24
1592.12,627923,39922,24
1593.3,628426,39946,24
1594.63,628927,39982,24
1595.91,629429,40022,24
1597.27,629929,40070,24
1598.66,630433,40114,24
1599.92,630936,40146,24
1601.2,631437,40170,24
1602.41,631937,40202,24
1603.85,632439,40238,24
1605.09,632942,40266,24
1606.32,633442,40282,24
1607.82,633943,40330,24
1609.36,634443,40342,24
1610.75,634946,40370,24
1612.26,635450,40402,24
1613.8,635954,40422,24
1615.13,636455,40442,24
1616.54,636957,40462,24
1618.05,637460,40498,24
1619.62,637963,40514,24
1620.86,638466,40546,24
1622.12,638966,40562,24
1623.53,639467,40582,24
1624.84,639970,40610,24
1626.26,640473,40626,24
1627.6,640974,40658,24
1629.07,641475,40686,24
1630.38,641977,40730,24
1631.8,642477,40746,24
1633.03,642979,40758,24
1634.46,643479,40810,24
1635.77,643980,40822,24
1636.89,644483,40842,24
1638.42,644987,40878,24
1639.83,645491,40898,24
1641.21,645992,40934,24
1642.78,646495,40962,24
1644.3,646995,40982,24
1645.59,647495,41038,24
1646.92,647996,41066,24
1648.29,648499,41074,24
1649.69,649001,41098,24
1651.06,649505,41134,24
1652.3,650006,41158,24
1653.74,650508,41166,24
1655.05,651012,41190,24
1656.6,651514,41222,24
1657.87,652017,41230,24
1659.27,652521,41262,24
1660.58,653023,41302,24
1661.89,653526,41326,24
1663.04,654029,41358,24
1664.35,654530,41394,24
1665.61,655034,41406,24
1666.98,655534,41434,24
1668.33,656037,41462,24
1669.76,656539,41506,24
1671.05,657040,41530,24
1672.44,657543,41562,24
1673.79,658043,41594,24
1675.43,658546,41650,24
1676.83,659048,41674,24
1678.26,659551,41714,24
1679.66,660051,41742,24
1680.86,660552,41778,24
1682.1,661052,41814,24
1683.39,661554,41862,24
1684.71,662054,41886,24
1685.94,662556,41922,24
1687.35,663056,41938,24
1688.56,663559,41962,24
1689.89,664060,42002,24
1691.18,664563,42042,24
1692.65,665066,42066,24
1694.01,665570,42098,24
1695.35,666071,42146,24
1696.61,666574,42174,24
1698.01,667074,42206,24
1699.23,667575,42238,24
1700.67,668076,42274,24
1701.91,668576,42318,24
1703.3,669077,42338,24
1704.42,669579,42346,24
1705.66,670080,42366,24
1706.89,670581,42398,24
1708.13,671082,42430,24
1709.36,671583,42458,24
1710.6,672084,42482,24
1711.97,672587,42518,24
1713.27,673088,42538,24
1714.56,673591,42586,24
1715.83,674093,42630,24
1717.09,674593,42654,24
1718.45,675094,42674,24
1719.92,675596,42698,24
1721.21,676100,42714,24
1722.51,676602,42750,24
1723.7,677106,42762,24
1725.02,677606,42778,24
1726.31,678108,42810,24
1727.59,678608,42854,24
1728.92,679112,42878,24
1730.42,679613,42898,24
1731.84,680116,42938,24
1733.22,680620,42954,24
1734.69,681123,43022,24
1736.12,681627,43038,24
1737.47,682131,43078,24
1738.78,682633,43102,24
1740.05,683133,43138,24
1741.37,683634,43158,24
1742.7,684134,43194,24
1744.03,684634,43218,24
1745.2,685138,43234,24
1746.77,685641,43254,24
1748.15,686145,43286,24
1749.43,686646,43326,24
1750.57,687150,43342,24
1751.98,687650,43370,24
1753.42,688150,43390,24
1754.76,688654,43418,24
1756.14,689156,43442,24
1757.41,689657,43466,24
1758.91,690159,43494,24
1760.2,690661,43514,24
1761.47,691161,43534,24
1762.84,691665,43558,24
1764.06,692165,43574,24
1765.52,692665,43602,24
1766.91,693169,43622,24
1768.18,693670,43670,24
1769.44,694172,43706,24
1770.9,694675,43726,24
1772.23,695179,43762,24
1773.63,695680,43798,24
1774.81,696181,43806,24
1776.23,696683,43842,24
1777.55,697185,43882,24
1778.91,697687,43886,24
1780.31,698190,43894,24
1781.68,698694,43906,24
1782.88,699196,43930,24
1784.13,699697,43962,24
1785.58,700199,43994,24
1787.13,700703,44018,24
1788.44,701203,44054,24
1789.86,701703,44078,24
1791.17,702206,44106,24
1792.6,702707,44126,24
1793.88,703210,44162,24
1795.36,703710,44186,24
1796.65,704210,44210,24
1798.26,704713,44238,24
1799.61,705217,44250,24
1801.08,705719,44294,24
1802.4,706219,44310,24
1803.6,706719,44326,24
1804.88,707220,44354,24
1806.14,707721,44378,24
1807.44,708225,44402,24
1808.75,708726,44434,24
1810.09,709229,44466,24
1811.4,709730,44486,24
1812.73,710232,44514,24
1813.92,710732,44534,24
1815.3,711232,44578,24
1816.64,711732,44610,24
1817.94,712232,44650,24
1819.26,712733,44686,24
1820.62,713237,44714,24
1821.91,713738,44750,24
1823.44,714241,44778,24
1824.77,714741,44810,24
1826.2,715244,44834,24
1827.57,715745,44858,24
1828.93,716249,44874,24
1830.34,716750,44922,24
1832,717251,44958,24
1833.28,717753,44978,24
1834.64,718253,44994,24
1835.85,718753,45018,24
1837.13,719254,45078,24
1838.28,719757,45090,24
1839.6,720257,45106,24
1840.91,720757,45126,24
1842.2,721257,45182,24
1843.32,721758,45230,24
1844.86,722258,45254,24
1846.21,722759,45282,24
1847.81,723261,45314,24
1849.14,723764,45338,24
1850.54,724264,45362,24
1851.85,724764,45402,24
1853.09,725264,45422,24
1854.42,725764,45458,24
1855.8,726266,45494,24
1856.97,726769,45506,24
1858.33,727273,45538,24
1859.7,727774,45558,24
1860.95,728276,45578,24
1862.39,728776,45598,24
1863.77,729278,45618,24
1865.09,729778,45650,24
1866.53,730281,45698,24
1868.09,730781,45726,24
1869.4,731282,45766,24
1870.69,731785,45802,24
1871.99,732289,45834,24
1873.29,732790,45858,24
1874.66,733293,45878,24
1876.17,733795,45914,24
1877.51,734299,45958,24
1879.02,734799,45978,24
1880.43,735301,45994,24
1881.97,735805,46022,24
1883.35,736305,46030,24
1884.8,736805,46074,24
1886.25,737309,46118,24
1887.69,737810,46146,24
1889.16,738312,46174,24
1890.45,738816,46218,24
1891.69,739318,46234,24
1893.05,739822,46246,24
1894.74,740323,46270,24
1896.14,740827,46298,24
1897.64,741328,46346,24
1898.97,741828,46358,24
1900.38,742330,46378,24
1901.87,742833,46394,24
1903.42,743336,46430,24
1904.84,743840,46462,24
1906.23,744340,46486,24
1907.57,744844,46506,24
1909.02,745348,46538,24
1910.71,745852,46570,24
1912.15,746355,46602,24
1913.58,746856,46630,24
1914.82,747356,46662,24
1916.33,747858,46702,24
1917.71,748358,46714,24
1919.31,748860,46722,24
1920.73,749360,46738,24
1922.05,749863,46758,24
1923.45,750365,46794,24
1924.79,750867,46810,24
1926.32,751367,46838,24
1927.65,751868,46870,24
1929.13,752370,46878,24
1930.45,752871,46930,24
1931.91,753374,46950,24
1933.13,753876,46982,24
1934.55,754379,47006,24
1935.86,754880,47038,24
1937.33,755380,47070,24
1938.64,755881,47090,24
1940.05,756385,47118,24
1941.49,756885,47138,24
1942.9,757388,47170,24
1944.36,757892,47210,24
1945.76,758392,47234,24
1947.02,758892,47254,24
1948.58,759395,47294,24
1949.96,759898,47322,24
1951.29,760402,47350,24
1952.61,760906,47370,24
1953.77,761408,47398,24
1955.1,761908,47450,24
1956.34,762410,47482,24
1957.62,762912,47514,24
1959.02,763412,47534,24
1960.46,763912,47570,24
1961.79,764413,47586,24
1963.19,764917,47610,24
1964.48,765418,47622,24
1965.83,765919,47650,24
1967.21,766420,47698,24
1968.75,766921,47714,24
1970.22,767424,47750,24
1971.67,767926,47778,24
1973.19,768429,47814,24
1974.69,768930,47850,24
1975.9,769431,47874,24
1.15,502,4728,21
2.18,1005,4760,21
3.17,1507,4880,21
4.17,2011,4890,21
5.25,2514,4898,21
6.32,3015,4914,21
7.6,3517,5607,23
8.62,4021,5615,23
9.68,4525,5622,23
10.7,5025,5668,23
11.71,5525,5668,23
12.69,6028,5692,24
13.66,6528,5692,24
14.76,7028,5692,24
15.75,7528,5692,24
16.74,8028,5692,24
17.86,8528,5692,24
18.84,9030,5696,24
20,9532,5700,24
21.05,10036,5720,24
22.24,10538,5724,24
23.5,11039,5728,24
24.5,11541,5732,24
25.64,12041,5732,24
26.81,12544,5736,24
28,13048,5748,24
29.2,13551,5760,24
30.2,14054,5776,24
31.23,14557,5784,24
32.34,15060,5796,24
33.42,15564,5812,24
34.54,16064,5812,24
35.59,16566,5820,24
36.84,17069,5844,24
38.02,17570,5848,24
39.13,18071,5864,24
40.37,18574,5888,24
41.54,19074,5920,24
42.81,19577,5948,24
44.11,20081,5984,24
45.28,20582,6000,24
46.36,21082,6020,24
47.53,21586,6028,24
48.67,22086,6040,24
49.81,22588,6076,24
51.03,23091,6104,24
52.21,23593,6112,24
53.36,24095,6128,24
54.57,24596,6152,24
55.74,25098,6172,24
56.91,25599,6196,24
58.05,26099,6216,24
59.26,26603,6228,24
60.36,27103,6256,24
61.47,27603,6280,24
62.59,28103,6304,24
63.98,28603,6324,24
65.26,29106,6356,24
66.42,29607,6360,24
67.5,30109,6388,24
68.68,30612,6412,24
69.76,31112,6440,24
70.83,31613,6464,24
71.93,32117,6484,24
73.23,32619,6500,24
74.43,33123,6512,24
75.58,33625,6532,24
76.81,34125,6548,24
78.01,34629,6576,24
79.23,35132,6604,24
80.51,35634,6624,24
81.66,36137,6652,24
82.99,36640,6672,24
84.28,37142,6704,24
85.41,37643,6760,24
86.59,38143,6780,24
87.84,38645,6808,24
89.02,39148,6848,24
90.31,39649,6884,24
91.49,40149,6924,24
92.61,40649,6936,24
93.84,41152,6984,24
95.05,41653,7024,24
96.2,42154,7060,24
97.45,42656,7080,24
98.57,43160,7128,24
99.85,43663,7148,24
101.14,44163,7188,24
102.34,44666,7200,24
103.47,45167,7220,24
104.62,45667,7236,24
105.79,46167,7252,24
107.01,46671,7268,24
108.3,47173,7300,24
109.52,47673,7328,24
110.73,48175,7356,24
111.88,48677,7384,24
113.2,49177,7408,24
114.46,49677,7428,24
115.75,50178,7444,24
116.95,50679,7476,24
118.2,51182,7512,24
119.37,51686,7536,24
120.64,52187,7556,24
121.85,52687,7576,24
123.07,53189,7608,24
124.24,53692,7640,24
125.56,54196,7668,24
126.88,54696,7704,24
128.29,55200,7732,24
129.52,55702,7752,24
130.77,56206,7768,24
131.91,56708,7804,24
133.19,57209,7824,24
134.37,57709,7848,24
135.68,58210,7884,24
136.9,58714,7920,24
138.13,59214,7960,24
139.44,59718,8000,24
140.59,60219,8032,24
141.72,60720,8068,24
142.9,61221,8096,24
144.08,61725,8140,24
145.29,62226,8160,24
146.49,62726,8196,24
147.71,63227,8220,24
148.86,63729,8240,24
150.42,64233,8272,24
151.66,64735,8292,24
152.84,65235,8332,24
153.97,65735,8348,24
155.05,66239,8380,24
156.14,66740,8400,24
157.35,67241,8424,24
158.57,67744,8452,24
159.78,68247,8504,24
160.95,68750,8540,24
162.07,69250,8552,24
163.44,69752,8580,24
164.8,70255,8612,24
166.02,70755,8632,24
167.26,71257,8652,24
168.4,71758,8684,24
169.64,72259,8704,24
170.9,72762,8736,24
172.07,73262,8792,24
173.25,73764,8820,24
174.41,74266,8848,24
175.61,74767,8872,24
176.81,75267,8904,24
178.07,75770,8936,24
179.34,76271,8972,24
180.63,76773,9000,24
181.84,77275,9004,24
183.09,77776,9020,24
184.41,78277,9064,24
185.65,78779,9100,24
186.82,79282,9124,24
188.01,79783,9156,24
189.21,80284,9180,24
190.37,80788,9196,24
191.51,81291,9220,24
192.71,81791,9240,24
193.87,82293,9268,24
194.98,82793,9284,24
196.11,83294,9328,24
197.25,83795,9356,24
198.39,84295,9392,24
199.54,84799,9420,24
200.94,85299,9456,24
202.23,85801,9464,24
203.64,86302,9496,24
204.92,86804,9520,24
206.19,87304,9564,24
207.47,87807,9588,24
208.81,88311,9600,24
210.11,88813,9644,24
211.24,89314,9656,24
212.45,89817,9688,24
213.75,90320,9696,24
214.98,90821,9716,24
216.17,91325,9748,24
217.39,91825,9788,24
218.69,92327,9824,24
219.9,92829,9860,24
221.19,93333,9884,24
222.41,93837,9916,24
223.66,94339,9936,24
224.85,94839,9952,24
226.1,95340,9984,24
227.32,95840,10000,24
228.8,96340,10020,24
230.11,96844,10036,24
231.35,97344,10080,24
232.62,97845,10116,24
233.85,98345,10156,24
235.13,98849,10172,24
236.4,99352,10200,24
237.67,99853,10252,24
239.09,100357,10300,24
240.4,100861,10332,24
241.77,101363,10376,24
243.1,101866,10424,24
244.33,102368,10456,24
245.59,102869,10500,24
246.83,103373,10516,24
248.13,103873,10544,24
249.31,104376,10560,24
250.67,104879,10592,24
252.04,105383,10620,24
253.25,105883,10644,24
254.43,106385,10672,24
255.64,106888,10700,24
256.89,107389,10724,24
258.04,107889,10776,24
259.36,108390,10812,24
260.64,108894,10848,24
261.86,109397,10876,24
263.08,109899,10908,24
264.28,110403,10932,24
265.53,110907,10972,24
266.73,111407,10992,24
267.93,111910,11024,24
269.1,112412,11060,24
270.31,112912,11096,24
271.46,113415,11120,24
272.63,113919,11168,24
273.88,114422,11192,24
275.02,114923,11212,24
276.14,115423,11240,24
277.38,115926,11276,24
278.69,116428,11280,24
279.99,116931,11316,24
281.31,117432,11332,24
282.55,117935,11344,24
283.79,118438,11380,24
285,118940,11400,24
286.31,119440,11448,24
287.57,119943,11484,24
288.9,120446,11504,24
290.13,120950,11528,24
291.36,121450,11560,24
292.48,121951,11592,24
293.82,122454,11628,24
294.95,122957,11660,24
296.32,123458,11688,24
297.52,123958,11724,24
298.83,124459,11756,24
300.17,124960,11804,24
301.51,125461,11844,24
302.84,125962,11872,24
304.07,126464,11888,24
305.4,126964,11924,24
306.56,127466,11944,24
307.76,127968,11968,24
308.99,128471,11992,24
310.33,128972,12012,24
311.6,129473,12068,24
312.74,129976,12100,24
313.95,130480,12144,24
315.25,130980,12184,24
316.49,131482,12208,24
317.78,131982,12228,24
319.08,132484,12256,24
320.35,132986,12276,24
321.71,133489,12316,24
323.09,133991,12352,24
324.44,134492,12376,24
325.56,134992,12392,24
326.86,135495,12428,24
328.16,135998,12444,24
329.48,136502,12476,24
330.76,137004,12496,24
332.06,137505,12524,24
333.36,138006,12556,24
334.53,138507,12596,24
335.76,139009,12612,24
336.96,139510,12636,24
338.25,140012,12680,24
339.51,140513,12728,24
340.84,141015,12760,24
342.12,141519,12772,24
343.37,142021,12800,24
344.65,142523,12808,24
345.93,143025,12844,24
347.19,143526,12864,24
348.46,144029,12892,24
349.76,144530,12912,24
351.05,145033,12936,24
352.29,145534,12940,24
353.48,146038,12960,24
354.8,146540,12968,24
356.07,147040,12996,24
357.14,147543,13012,24
358.32,148044,13028,24
359.57,148548,13040,24
360.79,149051,13072,24
362.02,149555,13088,24
363.26,150058,13132,24
364.56,150558,13164,24
365.85,151062,13212,24
367.15,151565,13240,24
368.37,152069,13260,24
369.59,152569,13292,24
370.94,153071,13328,24
372.24,153573,13360,24
373.42,154075,13372,24
374.71,154577,13396,24
375.88,155079,13428,24
377.11,155581,13464,24
378.36,156085,13488,24
379.59,156586,13508,24
380.72,157087,13540,24
381.82,157590,13584,24
382.98,158091,13608,24
384.28,158591,13648,24
385.41,159095,13684,24
386.59,159598,13724,24
387.77,160098,13768,24
388.98,160598,13796,24
390.26,161098,13816,24
391.6,161601,13840,24
392.88,162102,13884,24
394.14,162603,13908,24
395.31,163104,13940,24
396.48,163606,13968,24
397.63,164109,13980,24
398.94,164610,14012,24
400.08,165112,14024,24
401.34,165613,14056,24
402.62,166114,14092,24
403.79,166615,14116,24
404.95,167116,14144,24
406.06,167616,14156,24
407.33,168117,14184,24
408.57,168618,14212,24
409.82,169121,14256,24
411.14,169625,14284,24
412.3,170128,14316,24
413.49,170632,14328,24
414.8,171133,14352,24
416.01,171635,14376,24
417.36,172136,14408,24
418.47,172637,14428,24
419.6,173137,14484,24
420.93,173641,14520,24
422.22,174144,14560,24
423.47,174644,14572,24
424.78,175145,14588,24
426,175646,14620,24
427.13,176146,14656,24
428.33,176650,14696,24
429.5,177152,14712,24
430.62,177656,14744,24
432.01,178156,14768,24
433.31,178657,14816,24
434.53,179157,14848,24
435.75,179661,14896,24
436.96,180162,14920,24
438.18,180663,14956,24
439.31,181167,14988,24
440.43,181668,15012,24
441.79,182169,15036,24
443.06,182672,15064,24
444.51,183172,15088,24
445.84,183676,15136,24
447.22,184178,15152,24
448.47,184681,15200,24
449.67,185182,15220,24
450.93,185682,15233,24
452.27,186183,15265,24
453.69,186687,15273,24
454.86,187190,15301,24
456.26,187690,15337,24
457.47,188192,15377,24
458.73,188696,15413,24
459.94,189198,15445,24
461.22,189699,15469,24
462.37,190199,15497,24
463.54,190701,15517,24
464.78,191202,15557,24
466.04,191704,15589,24
467.25,192205,15641,24
468.42,192708,15665,24
469.73,193209,15689,24
471.01,193711,15725,24
472.22,194212,15741,24
473.43,194713,15765,24
474.79,195215,15793,24
475.89,195718,15817,24
477.09,196222,15849,24
478.29,196724,15869,24
479.49,197224,15909,24
480.74,197727,15929,24
482.1,198230,15957,24
483.43,198733,15985,24
484.68,199234,16013,24
485.92,199734,16037,24
487.12,200237,16061,24
488.29,200738,16081,24
489.58,201238,16097,24
490.92,201738,16125,24
492.21,202241,16189,24
493.45,202744,16233,24
494.75,203245,16249,24
496.03,203747,16277,24
497.17,204250,16305,24
498.39,204753,16341,24
499.65,205254,16365,24
500.97,205757,16377,24
502.26,206257,16405,24
503.62,206761,16429,24
504.95,207265,16469,24
506.14,207768,16493,24
507.41,208269,16517,24
508.63,208773,16545,24
509.94,209275,16565,24
511.29,209777,16593,24
512.58,210279,16613,24
513.77,210781,16633,24
515,211281,16649,24
516.2,211783,16673,24
517.46,212284,16709,24
518.73,212785,16713,24
519.97,213286,16749,24
521.28,213790,16777,24
522.53,214290,16809,24
523.72,214793,16821,24
525.04,215293,16853,24
526.22,215796,16865,24
527.59,216299,16893,24
529.1,216799,16925,24
530.44,217300,16941,24
531.9,217801,16969,24
533.24,218302,17009,24
534.7,218805,17053,24
536.15,219305,17093,24
537.3,219806,17129,24
538.57,220306,17165,24
539.83,220810,17205,24
541.09,221312,17233,24
542.55,221815,17241,24
544.14,222317,17269,24
545.46,222821,17325,24
546.81,223322,17341,24
548.1,223826,17357,24
549.36,224328,17381,24
550.6,224828,17425,24
552,225330,17445,24
553.45,225833,17473,24
554.73,226333,17517,24
555.99,226836,17541,24
557.29,227339,17557,24
558.6,227843,17573,24
559.84,228347,17605,24
561.02,228847,17625,24
562.33,229349,17645,24
563.56,229849,17669,24
564.76,230351,17705,24
566.04,230855,17729,24
567.29,231357,17741,24
568.57,231857,17741,24
569.84,232358,17761,24
571.14,232860,17789,24
572.49,233364,17833,24
573.8,233868,17861,24
575.2,234371,17881,24
576.64,234871,17897,24
577.82,235374,17941,24
578.94,235876,17973,24
580.13,236380,17989,24
581.43,236883,18001,24
582.69,237387,18041,24
584.07,237888,18077,24
585.29,238389,18109,24
586.6,238890,18129,24
587.91,239390,18157,24
589.17,239892,18205,24
590.29,240394,18213,24
591.59,240896,18229,24
593.02,241400,18241,24
594.41,241904,18257,24
595.59,242407,18289,24
596.85,242910,18317,24
598.05,243410,18345,24
599.34,243913,18369,24
600.52,244413,18397,24
601.79,244913,18417,24
603,245417,18445,24
604.22,245918,18473,24
605.73,246419,18505,24
607.04,246923,18529,24
608.2,247423,18573,24
609.42,247923,18589,24
610.61,248425,18597,24
611.71,248925,18621,24
612.96,249429,18637,24
614.29,249929,18653,24
615.72,250432,18673,24
617.01,250932,18725,24
618.32,251436,18753,24
619.72,251939,18789,24
621,252441,18797,24
622.27,252941,18825,24
623.48,253442,18845,24
624.64,253943,18873,24
625.83,254443,18905,24
627.15,254944,18949,24
628.45,255445,18997,24
629.61,255946,19017,24
630.79,256449,19053,24
632.19,256953,19089,24
633.53,257453,19129,24
634.99,257957,19157,24
636.29,258461,19177,24
637.72,258965,19209,24
638.93,259469,19241,24
640.08,259969,19277,24
641.25,260471,19285,24
642.63,260974,19297,24
644.04,261476,19321,24
645.26,261980,19369,24
646.41,262482,19389,24
647.65,262985,19417,24
648.94,263485,19433,24
650.18,263989,19449,24
651.47,264491,19465,24
652.59,264991,19481,24
653.81,265495,19513,24
655.1,265999,19541,24
656.46,266502,19577,24
657.56,267005,19617,24
658.83,267506,19657,24
660.02,268007,19689,24
661.3,268511,19701,24
662.51,269015,19717,24
663.75,269516,19733,24
665.01,270017,19769,24
666.29,270518,19805,24
667.67,271020,19833,24
668.97,271524,19849,24
670.25,272027,19881,24
671.43,272529,19909,24
672.76,273032,19921,24
674.02,273535,19949,24
675.32,274035,19989,24
676.64,274539,20005,24
677.97,275041,20029,24
679.26,275542,20057,24
680.39,276042,20089,24
681.6,276546,20109,24
682.83,277048,20133,24
684.34,277552,20165,24
685.58,278053,20193,24
686.86,278556,20213,24
688.18,279057,20249,24
689.46,279559,20285,24
690.65,280059,20341,24
691.95,280559,20365,24
693.24,281060,20385,24
694.48,281563,20437,24
695.78,282066,20469,24
696.98,282566,20481,24
698.26,283066,20501,24
699.34,283567,20537,24
700.51,284069,20545,24
701.74,284573,20561,24
702.94,285073,20609,24
704.24,285576,20641,24
705.6,286077,20661,24
706.95,286579,20701,24
708.43,287079,20733,24
709.73,287579,20749,24
711.06,288080,20773,24
712.21,288581,20809,24
713.35,289083,20825,24
714.5,289583,20849,24
715.75,290083,20877,24
716.9,290584,20909,24
718.28,291086,20945,24
719.59,291589,20953,24
720.84,292093,20977,24
722.03,292595,20985,24
723.24,293096,21005,24
724.57,293596,21025,24
725.92,294096,21065,24
727.2,294596,21117,24
728.43,295098,21145,24
729.65,295601,21177,24
730.74,296104,21205,24
731.92,296607,21229,24
733.14,297111,21253,24
734.26,297611,21269,24
735.54,298112,21305,24
736.71,298614,21341,24
738.03,299116,21381,24
739.33,299617,21397,24
740.53,300121,21417,24
741.79,300622,21437,24
743.12,301123,21461,24
744.4,301627,21513,24
745.66,302127,21533,24
746.9,302631,21565,24
748.17,303133,21581,24
749.54,303634,21621,24
750.85,304136,21669,24
752.09,304638,21701,24
753.43,305139,21745,24
754.63,305642,21769,24
755.8,306145,21797,24
757.07,306648,21841,24
758.25,307152,21865,24
759.42,307655,21873,24
760.66,308157,21913,24
761.79,308660,21941,24
763.07,309161,21981,24
764.44,309665,21993,24
765.87,310168,22017,24
767.19,310672,22069,24
768.55,311176,22105,24
769.89,311678,22133,24
771.22,312182,22149,24
772.41,312683,22165,24
773.68,313184,22177,24
774.9,313686,22201,24
776.1,314187,22229,24
777.38,314688,22269,24
778.78,315192,22297,24
779.8,315695,22313,24
780.98,316198,22345,24
782.32,316698,22365,24
783.57,317198,22381,24
784.88,317702,22413,24
786.08,318204,22437,24
787.2,318707,22477,24
788.22,319207,22485,24
789.42,319709,22521,24
790.67,320212,22553,24
791.93,320713,22577,24
793.16,321213,22601,24
794.35,321714,22621,24
795.53,322218,22637,24
796.92,322721,22645,24
798.23,323225,22673,24
799.56,323725,22713,24
800.76,324226,22737,24
801.96,324727,22761,24
803.18,325227,22797,24
804.46,325730,22825,24
805.71,326232,22865,24
807.1,326736,22889,24
808.47,327236,22925,24
809.84,327736,22957,24
811.16,328238,22997,24
812.47,328740,23029,24
813.65,329244,23057,24
814.78,329744,23081,24
815.95,330246,23093,24
817.25,330749,23105,24
818.89,331250,23125,24
820.8,331753,23161,24
821.93,332257,23193,24
823.25,332759,23209,24
824.53,333259,23225,24
825.79,333762,23237,24
826.96,334266,23261,24
828.32,334769,23309,24
829.71,335270,23329,24
831.05,335773,23353,24
832.28,336274,23377,24
833.61,336775,23409,24
834.9,337279,23453,24
836.18,337779,23485,24
837.53,338279,23541,24
838.8,338779,23569,24
840.08,339281,23593,24
841.3,339783,23617,24
842.59,340283,23633,24
843.87,340786,23657,24
845.05,341288,23697,24
846.39,341792,23733,24
847.75,342293,23769,24
849.04,342796,23797,24
850.44,343299,23833,24
851.7,343799,23833,24
852.86,344299,23865,24
854.14,344801,23893,24
855.31,345304,23917,24
856.59,345806,23969,24
857.96,346307,23997,24
859.27,346810,24045,24
860.61,347314,24061,24
861.94,347814,24085,24
863.38,348314,24113,24
864.53,348818,24121,24
865.89,349322,24157,24
867.34,349824,24177,24
868.62,350325,24201,24
869.99,350829,24229,24
871.28,351330,24233,24
872.53,351830,24265,24
873.89,352332,24289,24
875.12,352833,24325,24
876.31,353333,24345,24
877.44,353836,24361,24
878.77,354336,24401,24
879.97,354836,24449,24
881.27,355337,24477,24
882.53,355838,24505,24
883.96,356338,24533,24
885.32,356842,24549,24
886.6,357346,24589,24
888.06,357846,24609,24
889.47,358348,24625,24
890.84,358852,24673,24
892.12,359355,24685,24
893.34,359855,24721,24
894.45,360359,24753,24
895.65,360859,24789,24
896.96,361361,24817,24
898.27,361864,24841,24
899.48,362364,24861,24
900.66,362866,24885,24
901.93,363368,24913,24
903.19,363871,24937,24
904.38,364374,24953,24
905.74,364877,25001,24
906.98,365377,25037,24
908.36,365879,25073,24
909.57,366383,25113,24
910.97,366883,25145,24
912.17,367385,25165,24
913.4,367886,25197,24
914.56,368389,25209,24
915.77,368891,25229,24
916.93,369394,25269,24
918.32,369895,25309,24
919.54,370397,25365,24
920.84,370898,25401,24
922.13,371400,25437,24
923.31,371904,25465,24
924.54,372407,25509,24
925.7,372910,25537,24
927.01,373413,25561,24
928.41,373914,25605,24
929.66,374417,25621,24
930.94,374918,25653,24
932.3,375418,25669,24
933.49,375921,25713,24
934.73,376425,25745,24
936.02,376928,25785,24
937.48,377430,25821,24
938.75,377931,25837,24
940.07,378433,25869,24
941.28,378937,25905,24
942.61,379437,25925,24
943.83,379941,25937,24
945.03,380443,25945,24
946.45,380947,25985,24
947.81,381449,26001,24
949.24,381951,26009,24
950.47,382452,26021,24
951.83,382956,26065,24
953.13,383460,26085,24
954.36,383964,26101,24
955.64,384467,26129,24
957.04,384971,26153,24
958.48,385475,26177,24
959.67,385976,26197,24
960.95,386478,26245,24
962.33,386978,26261,24
963.66,387478,26289,24
964.91,387978,26325,24
966.2,388479,26369,24
967.51,388983,26405,24
968.67,389487,26417,24
969.87,389987,26453,24
971.2,390491,26481,24
972.4,390993,26513,24
973.65,391493,26533,24
974.93,391994,26561,24
976.19,392496,26597,24
977.45,392998,26641,24
978.9,393500,26669,24
980.19,394004,26693,24
981.57,394504,26717,24
983.03,395004,26753,24
984.44,395505,26769,24
985.77,396007,26789,24
987.18,396508,26821,24
988.6,397009,26873,24
989.74,397509,26917,24
991.16,398012,26941,24
992.45,398512,26965,24
993.75,399014,26981,24
994.99,399514,27001,24
996.33,400017,27057,24
997.76,400518,27093,24
999.07,401019,27129,24
1000.47,401520,27145,24
1001.85,402024,27169,24
1003.25,402527,27181,24
1004.71,403030,27205,24
1005.99,403532,27221,24
1007.36,404036,27253,24
1008.7,404539,27273,24
1010.1,405041,27301,24
1011.36,405545,27321,24
1012.58,406047,27341,24
1013.82,406548,27401,24
1015.2,407048,27425,24
1016.47,407549,27461,24
1017.79,408051,27521,24
1019.07,408553,27553,24
1020.58,409053,27589,24
1022.11,409555,27637,24
1023.52,410055,27681,24
1024.83,410558,27709,24
1025.96,411062,27737,24
1027.18,411564,27785,24
1028.41,412067,27821,24
1029.69,412570,27853,24
1031.07,413073,27901,24
1032.42,413575,27921,24
1033.93,414079,27937,24
1035.32,414581,27989,24
1036.6,415081,28001,24
1037.86,415585,28037,24
1039.12,416088,28077,24
1040.42,416590,28101,24
1041.87,417090,28121,24
1043.26,417591,28161,24
1044.45,418093,28193,24
1045.77,418594,28217,24
1047.18,419094,28237,24
1048.59,419598,28265,24
1049.99,420101,28293,24
1051.32,420601,28325,24
1052.54,421104,28361,24
1053.83,421606,28389,24
1055.17,422110,28417,24
1056.49,422612,28437,24
1057.71,423112,28445,24
1059.04,423612,28481,24
1060.31,424112,28501,24
1061.7,424616,28529,24
1063.01,425118,28577,24
1064.39,425620,28617,24
1065.69,426123,28657,24
1067.05,426623,28673,24
1068.4,427124,28685,24
1069.69,427627,28697,24
1070.99,428131,28729,24
1072.25,428635,28761,24
1073.41,429138,28785,24
1074.61,429641,28825,24
1075.78,430144,28837,24
1077.06,430644,28885,24
1078.31,431145,28905,24
1079.68,431647,28941,24
1081.16,432151,28969,24
1082.47,432652,29005,24
1083.77,433153,29041,24
1085,433656,29069,24
1086.12,434157,29101,24
1087.2,434660,29137,24
1088.51,435164,29173,24
1089.91,435665,29205,24
1091.35,436168,29229,24
1092.65,436671,29257,24
1093.88,437173,29265,24
1095.19,437676,29309,24
1096.59,438176,29337,24
1097.81,438679,29353,24
1099.2,439183,29369,24
1100.69,439687,29393,24
1101.92,440188,29421,24
1103.09,440688,29445,24
1104.37,441191,29465,24
1105.62,441692,29501,24
1106.88,442195,29533,24
1108.23,442695,29573,24
1109.58,443195,29593,24
1110.94,443699,29625,24
1112.27,444203,29661,24
1113.65,444704,29685,24
1114.95,445206,29725,24
1116.21,445707,29757,24
1117.44,446209,29785,24
1118.7,446709,29813,24
1119.99,447211,29845,24
1121.38,447712,29873,24
1122.77,448215,29925,24
1124.08,448716,29945,24
1125.3,449218,29989,24
1126.57,449719,30025,24
1128.04,450220,30049,24
1129.58,450722,30093,24
1131.14,451223,30117,24
1132.54,451727,30149,24
1134.03,452228,30173,24
1135.32,452732,30213,24
1136.78,453233,30229,24
1138.03,453734,30261,24
1139.47,454235,30285,24
1140.74,454735,30317,24
1142.1,455236,30361,24
1143.39,455737,30377,24
1144.79,456237,30409,24
1146.09,456737,30437,24
1147.47,457241,30465,24
1148.71,457745,30481,24
1150.3,458246,30513,24
1151.74,458749,30541,24
1153.2,459253,30557,24
1154.69,459754,30597,24
1155.99,460254,30621,24
1157.31,460758,30653,24
1158.64,461258,30685,24
1160.04,461760,30709,24
1161.28,462261,30741,24
1162.72,462762,30777,24
1164.2,463262,30797,24
1165.54,463766,30825,24
1166.72,464268,30845,24
1168.01,464770,30873,24
1169.29,465270,30913,24
1170.66,465773,30949,24
1172.02,466277,30965,24
1173.48,466779,30985,24
1174.7,467282,31013,24
1175.99,467786,31045,24
1177.41,468288,31065,24
1178.63,468789,31089,24
1180.02,469290,31129,24
1181.3,469793,31161,24
1182.67,470297,31185,24
1183.93,470800,31213,24
1185.26,471303,31237,24
1186.47,471803,31253,24
1187.72,472304,31269,24
1189.09,472807,31293,24
1190.37,473307,31333,24
1191.65,473807,31369,24
1193.11,474308,31437,24
1194.56,474811,31481,24
1195.93,475313,31529,24
1197.37,475814,31561,24
1198.61,476318,31581,24
1199.99,476819,31613,24
1201.45,477319,31641,24
1202.94,477823,31657,24
1204.41,478327,31669,24
1205.72,478827,31685,24
1207.09,479330,31705,24
1208.43,479834,31745,24
1209.66,480336,31765,24
1210.96,480837,31805,24
1212.34,481337,31837,24
1213.64,481839,31873,24
1215.2,482340,31893,24
1216.45,482844,31913,24
1217.9,483347,31941,24
1219.22,483850,31985,24
1220.73,484354,32013,24
1222.3,484856,32037,24
1223.77,485357,32073,24
1224.96,485860,32097,24
1226.21,486362,32133,24
1227.53,486864,32173,24
1228.85,487365,32193,24
1230.17,487869,32209,24
1231.52,488373,32241,24
1232.97,488877,32285,24
1234.38,489381,32329,24
1235.75,489884,32337,24
1237.01,490388,32381,24
1238.45,490890,32421,24
1239.75,491390,32433,24
1241.11,491891,32453,24
1242.35,492395,32481,24
1243.64,492896,32521,24
1244.94,493397,32557,24
1246.27,493898,32561,24
1247.5,494399,32581,24
1249.31,494902,32621,24
1250.59,495405,32661,24
1251.97,495906,32705,24
1253.49,496410,32721,24
1254.83,496910,32733,24
1256.13,497413,32761,24
1257.47,497917,32797,24
1258.73,498420,32809,24
1260.09,498924,32837,24
1261.4,499424,32877,24
1262.85,499928,32909,24
1264.28,500431,32941,24
1265.77,500933,32965,24
1267.2,501434,32985,24
1268.57,501937,33021,24
1269.87,502440,33041,24
1271.34,502940,33061,24
1272.63,503444,33089,24
1274.13,503947,33125,24
1275.49,504450,33137,24
1276.94,504951,33173,24
1278.46,505451,33217,24
1279.71,505954,33257,24
1281.04,506458,33281,24
1282.47,506958,33297,24
1283.67,507461,33321,24
1285.04,507961,33333,24
1286.35,508464,33357,24
1287.66,508965,33381,24
1289.17,509469,33417,24
1290.43,509972,33441,24
1291.62,510476,33485,24
1292.94,510978,33525,24
1294.31,511482,33557,24
1295.45,511985,33593,24
1296.83,512485,33629,24
1298.24,512988,33653,24
1299.58,513490,33697,24
1300.9,513994,33741,24
1302.18,514496,33773,24
1303.5,515000,33813,24
1304.76,515503,33853,24
1306.01,516006,33889,24
1307.27,516508,33909,24
1308.53,517010,33937,24
1309.89,517514,33973,24
1311.26,518015,33977,24
1312.64,518519,33985,24
1314.09,519022,33997,24
1315.55,519522,34025,24
1316.83,520022,34049,24
1318.11,520522,34069,24
1319.45,521026,34105,24
1320.71,521530,34133,24
1322.02,522030,34161,24
1323.3,522533,34173,24
1324.75,523037,34197,24
1326.05,523541,34225,24
1327.57,524041,34245,24
1328.97,524545,34273,24
1330.39,525047,34309,24
1331.67,525548,34329,24
1333.1,526052,34353,24
1334.46,526555,34381,24
1335.71,527057,34405,24
1337.08,527559,34417,24
1338.42,528060,34453,24
1339.76,528560,34469,24
1341.01,529061,34505,24
1342.4,529562,34525,24
1343.59,530064,34553,24
1344.89,530567,34593,24
1346.13,531070,34629,24
1347.44,531573,34657,24
1348.68,532074,34689,24
1350.07,532574,34701,24
1351.29,533074,34721,24
1352.56,533577,34741,24
1353.95,534081,34769,24
1355.31,534581,34801,24
1356.76,535082,34825,24
1358.09,535586,34849,24
1359.44,536087,34889,24
1360.74,536591,34917,24
1362.1,537091,34949,24
1363.32,537594,34981,24
1364.84,538098,35001,24
1366.16,538600,35029,24
1367.46,539104,35061,24
1368.75,539607,35081,24
1370.13,540111,35097,24
1371.43,540612,35133,24
1372.85,541115,35169,24
1374.25,541619,35217,24
1375.61,542121,35245,24
1376.95,542622,35269,24
1378.4,543125,35309,24
1379.58,543627,35333,24
1380.92,544128,35377,24
1382.18,544632,35409,24
1383.57,545132,35445,24
1384.88,545636,35481,24
1386.21,546138,35513,24
1387.59,546640,35557,24
1388.9,547142,35577,24
1390.42,547645,35605,24
1391.72,548148,35633,24
1393.07,548649,35637,24
1394.55,549150,35669,24
1395.94,549652,35693,24
1397.61,550155,35741,24
1398.75,550658,35765,24
1400.23,551161,35789,24
1401.45,551665,35825,24
1402.82,552165,35841,24
1404.19,552666,35869,24
1405.59,553168,35901,24
1406.95,553668,35921,24
1408.25,554170,35953,24
1409.53,554674,35973,24
1410.82,555178,36013,24
1412.38,555679,36057,24
1413.82,556182,36085,24
1415.02,556685,36105,24
1416.48,557186,36129,24
1417.83,557686,36161,24
1419.08,558190,36177,24
1420.49,558694,36213,24
1421.9,559194,36249,24
1423.34,559698,36273,24
1424.67,560199,36297,24
1426.03,560703,36313,24
1427.34,561206,36341,24
1428.89,561710,36369,24
1430.45,562210,36401,24
1431.83,562713,36425,24
1433.15,563215,36445,24
1434.5,563715,36465,24
1436.09,564217,36497,24
1437.55,564719,36505,24
1438.93,565219,36533,24
1440.27,565719,36549,24
1441.55,566221,36565,24
1443.01,566722,36585,24
1444.5,567225,36601,24
1445.95,567728,36637,24
1447.26,568232,36673,24
1448.8,568735,36705,24
1450.15,569238,36717,24
1451.48,569740,36745,24
1452.82,570243,36781,24
1454.29,570747,36813,24
1455.69,571251,36857,24
1457.09,571752,36877,24
1458.46,572253,36901,24
1459.76,572756,36921,24
1461.09,573260,36957,24
1462.28,573761,36973,24
1463.72,574263,36993,24
1464.98,574764,37029,24
1466.26,575266,37053,24
1467.65,575767,37097,24
1469.19,576270,37133,24
1470.4,576773,37169,24
1471.67,577275,37209,24
1472.91,577775,37237,24
1474.09,578276,37257,24
1475.35,578778,37281,24
1476.75,579278,37305,24
1478.1,579781,37349,24
1479.54,580281,37365,24
1480.93,580782,37389,24
1482.28,581286,37405,24
1483.63,581789,37417,24
1484.97,582289,37433,24
1486.38,582793,37461,24
1487.85,583297,37501,24
1489.48,583801,37537,24
1490.92,584302,37565,24
1492.41,584804,37605,24
1493.63,585304,37633,24
1495.15,585805,37665,24
1496.55,586307,37689,24
1498.06,586807,37725,24
1499.43,587309,37753,24
1500.82,587813,37777,24
1502.06,588317,37793,24
1503.45,588821,37829,24
1504.76,589321,37857,24
1506.16,589824,37869,24
1507.5,590325,37893,24
1508.91,590825,37925,24
1510.27,591327,37949,24
1511.56,591828,37977,24
1512.87,592329,37997,24
1514.29,592829,38021,24
1515.72,593330,38049,24
1517.08,593832,38093,24
1518.52,594336,38121,24
1519.87,594837,38181,24
1521.28,595340,38205,24
1522.67,595844,38221,24
1524.24,596344,38241,24
1525.48,596847,38273,24
1526.94,597349,38297,24
1528.46,597851,38329,24
1530.02,598353,38361,24
1531.23,598854,38389,24
1532.54,599354,38417,24
1533.83,599857,38445,24
1535.23,600359,38477,24
1536.57,600859,38513,24
1538.32,601361,38541,24
1539.64,601861,38561,24
1541.01,602363,38581,24
1542.42,602867,38617,24
1543.82,603367,38645,24
1545.08,603871,38661,24
1546.36,604375,38685,24
1547.81,604878,38713,24
1549.25,605381,38733,24
1550.67,605882,38753,24
1551.95,606385,38777,24
1553.24,606885,38797,24
1554.41,607388,38829,24
1555.78,607888,38845,24
1557.24,608389,38849,24
1558.67,608891,38873,24
1560.26,609395,38917,24
1561.55,609897,38925,24
1562.83,610398,38957,24
1564.25,610901,38985,24
1565.63,611404,39005,24
1567,611906,39033,24
1568.27,612409,39053,24
1569.59,612913,39089,24
1570.95,613417,39125,24
1572.34,613919,39145,24
1573.56,614419,39181,24
1575.07,614923,39205,24
1576.34,615427,39257,24
1577.87,615929,39285,24
1579.17,616429,39337,24
1580.55,616932,39373,24
1582.16,617435,39393,24
1583.47,617938,39437,24
1584.94,618442,39477,24
1586.19,618943,39497,24
1587.71,619447,39533,24
1589.22,619951,39569,24
1590.62,620454,39605,24
1592,620955,39629,24
1593.49,621455,39669,24
1594.81,621958,39681,24
1596.25,622458,39701,24
1597.52,622958,39741,24
1598.83,623460,39769,24
1600.17,623963,39797,24
1601.54,624465,39821,24
1602.91,624968,39841,24
1604.36,625472,39877,24
1605.75,625972,39909,24
1607.2,626476,39937,24
1608.73,626978,39957,24
1610.19,627479,39981,24
1611.76,627982,40017,24
1613.11,628484,40045,24
1614.51,628985,40061,24
1615.91,629488,40085,24
1617.31,629991,40137,24
1618.65,630491,40169,24
1619.93,630991,40205,24
1621.21,631492,40229,24
1622.64,631993,40277,24
1624.22,632493,40317,24
1625.59,632994,40337,24
1627,633497,40377,24
1628.42,633997,40389,24
1629.94,634501,40421,24
1631.4,635002,40445,24
1632.92,635506,40489,24
1634.3,636009,40533,24
1635.76,636513,40565,24
1637.03,637017,40605,24
1638.44,637519,40641,24
1639.89,638023,40685,24
1641.3,638523,40697,24
1642.63,639024,40725,24
1644.14,639528,40745,24
1645.54,640032,40789,24
1647.04,640535,40801,24
1648.21,641037,40825,24
1649.52,641539,40849,24
1650.83,642039,40893,24
1652.34,642543,40921,24
1653.7,643047,40953,24
1655.18,643550,40993,24
1656.62,644050,41021,24
1657.92,644550,41057,24
1659.26,645052,41089,24
1660.73,645554,41109,24
1662.04,646056,41149,24
1663.47,646556,41181,24
1664.81,647059,41229,24
1666.15,647559,41249,24
1667.6,648059,41269,24
1668.94,648559,41297,24
1670.47,649062,41325,24
1671.97,649563,41349,24
1673.33,650063,41365,24
1674.9,650565,41397,24
1676.22,651067,41441,24
1677.65,651568,41457,24
1679.11,652072,41485,24
1680.56,652574,41509,24
1682.01,653074,41545,24
1683.49,653577,41577,24
1684.81,654077,41613,24
1686.35,654581,41653,24
1687.67,655082,41677,24
1689.15,655582,41693,24
1690.47,656084,41709,24
1691.75,656585,41729,24
1693.25,657086,41753,24
1694.52,657586,41785,24
1695.92,658088,41813,24
1697.29,658588,41853,24
1698.67,659091,41877,24
1699.95,659591,41905,24
1701.37,660093,41937,24
1702.64,660595,41949,24
1704.02,661095,41973,24
1705.42,661598,41985,24
1706.72,662102,42001,24
1708.09,662603,42021,24
1709.32,663103,42053,24
1710.59,663604,42081,24
1711.96,664104,42109,24
1713.34,664608,42137,24
1715.97,665111,42149,24
1717.39,665615,42185,24
1718.84,666117,42213,24
1720.16,666620,42245,24
1721.59,667120,42273,24
1722.93,667621,42297,24
1724.48,668122,42337,24
1725.96,668626,42373,24
1727.36,669130,42389,24
1728.77,669632,42397,24
1730.3,670135,42429,24
1731.72,670638,42461,24
1733.17,671140,42497,24
1734.5,671643,42533,24
1735.84,672147,42549,24
1737.39,672650,42577,24
1738.82,673153,42585,24
1740.31,673656,42597,24
1741.64,674158,42621,24
1743.15,674660,42645,24
1744.47,675163,42689,24
1745.92,675663,42721,24
1747.21,676166,42741,24
1748.59,676667,42761,24
1749.93,677167,42777,24
1751.28,677670,42801,24
1752.84,678170,42841,24
1754.14,678672,42873,24
1755.59,679175,42885,24
1756.88,679676,42909,24
1758.21,680179,42953,24
1759.6,680683,42965,24
1761.16,681186,42989,24
1762.48,681686,43017,24
1763.91,682187,43041,24
1765.33,682691,43065,24
1766.55,683194,43093,24
1767.93,683694,43145,24
1769.26,684197,43173,24
1770.61,684697,43205,24
1772.02,685201,43217,24
1773.31,685705,43249,24
1774.75,686205,43269,24
1776.16,686706,43301,24
1777.47,687206,43337,24
1778.89,687706,43361,24
1780.22,688208,43369,24
1781.65,688711,43397,24
1783.04,689214,43417,24
1784.27,689717,43429,24
1785.64,690221,43457,24
1786.91,690722,43493,24
1788.28,691223,43509,24
1789.5,691723,43529,24
1790.88,692227,43557,24
1792.23,692729,43597,24
1793.52,693231,43621,24
1794.8,693735,43673,24
1796.19,694236,43701,24
1797.4,694740,43717,24
1798.94,695244,43761,24
1800.31,695747,43817,24
1801.71,696249,43849,24
1803.05,696751,43877,24
1804.62,697252,43913,24
1805.89,697756,43933,24
1807.24,698258,43961,24
1808.62,698760,43985,24
1810.07,699264,44001,24
1811.56,699766,44037,24
1812.89,700267,44073,24
1814.1,700770,44109,24
1815.57,701274,44125,24
1816.96,701777,44153,24
1818.32,702277,44205,24
1819.55,702777,44221,24
1821,703278,44253,24
1822.44,703781,44273,24
1824.08,704285,44309,24
1825.34,704786,44345,24
1826.71,705288,44373,24
1827.91,705790,44409,24
1829.2,706293,44429,24
1830.5,706793,44445,24
1831.85,707295,44473,24
1833.1,707798,44509,24
1834.7,708300,44549,24
1835.87,708802,44589,24
1837.34,709306,44601,24
1838.75,709809,44617,24
1840.03,710309,44637,24
1841.54,710809,44677,24
1842.85,711309,44705,24
1844.22,711810,44729,24
1845.47,712312,44737,24
1846.94,712816,44793,24
1848.25,713316,44825,24
1849.68,713818,44845,24
1851.02,714321,44857,24
1852.48,714821,44901,24
1853.92,715324,44949,24
1855.34,715825,44977,24
1856.65,716326,44993,24
1858.11,716827,45017,24
1859.4,717328,45073,24
1860.8,717832,45097,24
1862.07,718336,45133,24
1863.64,718838,45153,24
1864.92,719341,45161,24
1866.22,719841,45181,24
1867.45,720342,45185,24
1868.73,720842,45205,24
1870.04,721342,45225,24
1871.37,721845,45257,24
1872.63,722348,45273,24
1873.97,722848,45309,24
1875.3,723350,45337,24
1876.76,723854,45357,24
1878.08,724356,45389,24
1879.52,724858,45413,24
1880.8,725359,45437,24
1882.3,725860,45485,24
1883.77,726362,45517,24
1885.22,726862,45533,24
1886.5,727363,45549,24
1887.97,727865,45573,24
1889.3,728366,45589,24
1890.57,728870,45609,24
1891.95,729371,45641,24
1893.19,729872,45673,24
1894.55,730374,45693,24
1895.97,730875,45741,24
1897.4,731379,45773,24
1898.68,731880,45797,24
1900.1,732384,45825,24
1901.33,732884,45853,24
1902.89,733386,45881,24
1904.2,733886,45909,24
1905.52,734387,45937,24
1906.75,734888,45949,24
1908.16,735392,46005,24
1909.4,735894,46029,24
1910.75,736396,46049,24
1911.99,736898,46081,24
1913.4,737398,46101,24
1914.68,737901,46149,24
1916.33,738404,46193,24
1917.54,738904,46213,24
1919.06,739405,46245,24
1920.33,739906,46277,24
1921.69,740406,46309,24
1923.18,740907,46325,24
1924.52,741408,46349,24
1926.08,741908,46393,24
1927.72,742412,46417,24
1929.05,742916,46445,24
1930.44,743417,46481,24
1931.81,743920,46525,24
1933.22,744421,46557,24
1934.58,744921,46581,24
1936.03,745424,46593,24
1937.41,745926,46625,24
1938.81,746428,46657,24
1940.21,746928,46689,24
1941.48,747430,46717,24
1942.9,747932,46741,24
1944.19,748432,46769,24
1945.62,748932,46797,24
1947.12,749436,46833,24
1948.42,749936,46853,24
1949.85,750438,46877,24
1951.33,750939,46893,24
1952.65,751440,46933,24
1954.05,751944,46961,24
1955.39,752444,46985,24
1956.93,752948,47013,24
1958.19,753449,47061,24
1959.64,753953,47077,24
1960.98,754454,47121,24
1962.33,754954,47141,24
1963.61,755455,47165,24
1965.13,755957,47185,24
1966.52,756460,47209,24
1967.99,756962,47237,24
1969.52,757465,47265,24
1970.79,757965,47277,24
1972.23,758468,47297,24
1973.55,758969,47345,24
1975.09,759472,47373,24
1976.34,759972,47389,24
1977.72,760476,47441,24
1979.14,760978,47481,24
1980.5,761480,47505,24
1.4,502,5469,25
2.56,1002,5483,25
3.63,1506,5562,25
4.68,2006,5562,25
5.68,2508,5576,25
6.69,3008,5576,25
7.72,3510,5584,25
8.79,4010,5584,25
9.98,4510,5645,25
11.03,5012,5645,25
12.17,5515,5645,25
13.28,6015,5645,25
14.52,6516,5645,25
15.58,7020,5645,25
16.57,7520,5645,25
17.64,8021,5649,25
18.72,8523,5649,25
19.78,9024,5654,25
20.9,9526,5656,25
21.96,10026,5656,25
23.18,10526,5656,25
24.14,11026,5656,25
25.14,11526,5656,25
26.35,12026,5656,25
27.59,12526,5656,25
28.92,13027,5660,25
30.12,13529,5664,25
31.23,14029,5664,25
32.36,14529,5664,25
33.49,15029,5664,25
34.52,15530,5666,25
35.58,16031,5670,25
36.73,16533,5674,25
37.82,17035,5690,25
38.84,17538,5691,25
40,18040,5699,25
41.17,18540,5699,25
42.35,19042,5707,25
43.6,19542,5723,25
44.81,20044,5739,25
46.05,20548,5747,25
47.28,21050,5755,25
48.49,21552,5775,25
49.61,22056,5803,25
50.83,22560,5815,25
52.05,23064,5823,25
53.24,23567,5835,25
54.41,24067,5863,25
55.56,24568,5875,25
56.8,25072,5903,25
57.96,25576,5919,25
59.3,26076,5935,25
60.45,26580,5943,25
61.63,27082,5959,25
62.87,27586,5971,25
64.08,28088,5995,25
65.33,28591,6031,25
66.6,29094,6063,25
67.92,29597,6071,25
69.03,30101,6091,25
70.31,30602,6115,25
71.57,31104,6131,25
72.88,31607,6159,25
74.12,32107,6187,25
75.32,32609,6207,25
76.45,33109,6231,25
77.54,33612,6259,25
78.86,34114,6279,25
80.06,34618,6307,25
81.39,35118,6335,25
82.63,35618,6347,25
83.97,36120,6363,25
85.18,36623,6375,25
86.37,37126,6399,25
87.53,37629,6427,25
88.73,38132,6459,25
89.79,38632,6471,25
90.98,39133,6511,25
92.23,39636,6535,25
93.52,40136,6551,25
94.74,40638,6555,25
95.91,41140,6575,25
97.03,41642,6595,25
98.15,42143,6635,25
99.38,42647,6667,25
100.62,43151,6679,25
101.9,43653,6711,25
103.25,44154,6743,25
104.58,44656,6767,25
105.75,45160,6787,25
106.93,45662,6799,25
108.12,46162,6811,25
109.35,46666,6835,25
110.59,47167,6867,25
111.9,47671,6907,25
113.19,48174,6931,25
114.37,48674,6955,25
115.7,49178,6975,25
116.97,49678,7019,25
118.22,50178,7055,25
119.53,50681,7083,25
120.7,51181,7099,25
121.97,51683,7123,25
123.33,52183,7135,25
124.58,52686,7155,25
125.92,53188,7175,25
127.33,53689,7215,25
128.63,54189,7239,25
129.93,54691,7275,25
131.1,55192,7287,25
132.35,55693,7291,25
133.69,56194,7327,25
135.05,56697,7363,25
136.39,57198,7387,25
137.52,57702,7407,25
138.62,58202,7427,25
139.95,58702,7459,25
141.2,59203,7483,25
142.57,59703,7523,25
143.88,60204,7551,25
145.07,60704,7567,25
146.29,61205,7599,25
147.58,61707,7627,25
148.8,62210,7651,25
150.04,62710,7699,25
151.24,63212,7743,25
152.58,63716,7771,25
153.97,64218,7787,25
155.17,64721,7823,25
156.39,65225,7863,25
157.56,65725,7875,25
158.76,66228,7895,25
160.1,66731,7927,25
161.34,67231,7967,25
162.75,67733,8011,25
164.12,68237,8039,25
165.32,68741,8063,25
166.53,69244,8087,25
167.79,69748,8107,25
168.97,70252,8135,25
170.17,70755,8163,25
171.39,71259,8227,25
172.55,71760,8275,25
173.79,72260,8307,25
175.01,72761,8335,25
176.22,73265,8351,25
177.42,73766,8375,25
178.71,74267,8399,25
180.04,74769,8423,25
181.28,75271,8455,25
182.45,75773,8479,25
183.77,76277,8495,25
185.18,76777,8531,25
186.39,77279,8539,25
187.63,77783,8563,25
188.87,78283,8579,25
190.09,78786,8611,25
191.36,79289,8643,25
192.77,79793,8667,25
194.1,80294,8687,25
195.45,80794,8723,25
196.73,81295,8747,25
197.92,81798,8779,25
199.2,82299,8807,25
200.36,82801,8843,25
201.79,83301,8883,25
202.97,83803,8899,25
204.28,84304,8951,25
205.53,84807,8975,25
206.7,85307,8999,25
207.93,85809,9023,25
209.21,86313,9043,25
210.46,86817,9067,25
211.77,87319,9087,25
213.07,87821,9111,25
214.38,88324,9135,25
215.72,88828,9151,25
217.08,89329,9171,25
218.37,89832,9191,25
219.68,90334,9207,25
220.94,90836,9247,25
222.28,91340,9271,25
223.7,91843,9307,25
224.94,92345,9327,25
226.32,92848,9355,25
227.58,93349,9383,25
228.93,93851,9403,25
230.01,94355,9439,25
231.29,94857,9459,25
232.54,95361,9495,25
233.83,95864,9507,25
235.06,96367,9535,25
236.31,96870,9583,25
237.63,97372,9607,25
238.88,97874,9643,25
240.05,98374,9655,25
241.3,98877,9683,25
242.48,99380,9695,25
243.71,99880,9715,25
245.03,100384,9775,25
246.18,100886,9783,25
247.4,101387,9819,25
248.66,101888,9843,25
250.02,102392,9879,25
251.32,102892,9895,25
252.46,103394,9915,25
253.76,103895,9951,25
255.09,104399,9963,25
256.38,104902,9975,25
257.6,105402,9991,25
258.8,105902,10019,25
260.02,106405,10047,25
261.27,106907,10067,25
262.55,107409,10111,25
263.71,107913,10119,25
264.85,108415,10143,25
266.2,108917,10183,25
267.47,109417,10223,25
268.66,109919,10267,25
269.82,110422,10295,25
271.1,110923,10339,25
272.3,111425,10383,25
273.53,111926,10399,25
274.7,112426,10419,25
275.86,112930,10435,25
277.09,113431,10459,25
278.41,113932,10479,25
279.55,114432,10515,25
280.87,114932,10539,25
282.01,115433,10563,25
283.27,115934,10603,25
284.56,116438,10635,25
285.89,116941,10647,25
287.04,117443,10663,25
288.3,117943,10687,25
289.47,118445,10703,25
290.77,118949,10743,25
291.92,119449,10783,25
293.32,119953,10807,25
294.56,120456,10827,25
295.81,120956,10887,25
297.05,121457,10919,25
298.46,121958,10939,25
299.89,122461,10971,25
301.16,122964,10991,25
302.36,123464,11023,25
303.62,123965,11039,25
304.83,124467,11055,25
306.2,124970,11095,25
307.55,125473,11119,25
308.8,125973,11135,25
310.08,126475,11151,25
311.23,126979,11179,25
312.47,127482,11215,25
313.7,127982,11247,25
315.02,128482,11275,25
316.32,128985,11323,25
317.49,129489,11339,25
318.72,129989,11367,25
320.03,130493,11375,25
321.25,130994,11407,25
322.46,131498,11427,25
323.7,131999,11447,25
324.98,132501,11479,25
326.27,133005,11515,25
327.49,133509,11539,25
328.72,134012,11563,25
329.96,134512,11579,25
331.1,135012,11599,25
332.28,135513,11619,25
333.52,136013,11631,25
334.79,136515,11643,25
336.17,137019,11655,25
337.45,137519,11671,25
338.66,138023,11675,25
339.93,138527,11715,25
341.33,139027,11747,25
342.53,139528,11811,25
344.15,140030,11847,25
345.54,140531,11887,25
346.88,141033,11915,25
348.3,141537,11959,25
349.69,142038,11991,25
351.18,142538,12031,25
352.5,143038,12051,25
353.96,143542,12075,25
355.41,144046,12115,25
356.77,144547,12163,25
358.11,145047,12183,25
359.43,145548,12187,25
360.73,146050,12223,25
361.98,146550,12263,25
363.11,147053,12279,25
364.52,147554,12307,25
365.91,148055,12327,25
367.26,148558,12335,25
368.55,149058,12351,25
369.71,149560,12395,25
370.97,150060,12435,25
372.28,150564,12459,25
373.55,151068,12471,25
374.89,151572,12507,25
376.2,152073,12535,25
377.48,152574,12555,25
378.77,153077,12575,25
380.09,153578,12627,25
381.38,154080,12651,25
382.81,154584,12675,25
384.18,155086,12723,25
385.42,155590,12767,25
386.75,156093,12799,25
387.87,156594,12831,25
389.17,157096,12839,25
390.38,157600,12871,25
391.72,158104,12927,25
392.94,158605,12951,25
394.26,159107,12975,25
395.6,159611,13007,25
397.09,160112,13047,25
398.4,160616,13087,25
399.72,161118,13115,25
401.07,161620,13135,25
402.31,162122,13159,25
403.66,162626,13203,25
404.83,163130,13231,25
406.07,163630,13267,25
407.14,164132,13291,25
408.28,164633,13311,25
409.5,165137,13335,25
410.67,165638,13359,25
411.97,166139,13391,25
413.28,166640,13427,25
414.5,167143,13439,25
415.78,167644,13471,25
417.01,168147,13499,25
418.22,168647,13543,25
419.46,169149,13571,25
420.68,169653,13599,25
421.72,170157,13631,25
422.97,170657,13659,25
424.1,171159,13687,25
425.32,171661,13723,25
426.61,172165,13735,25
427.85,172668,13743,25
429,173172,13755,25
430.17,173674,13783,25
431.39,174175,13807,25
432.79,174675,13847,25
433.99,175178,13883,25
435.11,175681,13911,25
436.27,176184,13939,25
437.51,176687,13963,25
438.75,177189,13987,25
439.92,177690,14015,25
440.97,178190,14047,25
442.18,178692,14083,25
443.38,179196,14107,25
444.55,179697,14123,25
445.69,180198,14155,25
446.85,180702,14167,25
447.97,181203,14187,25
449.06,181706,14195,25
450.29,182206,14223,25
451.46,182709,14267,25
452.58,183209,14291,25
453.7,183709,14335,25
454.98,184211,14359,25
456.2,184713,14407,25
457.43,185216,14431,25
458.65,185716,14451,25
459.95,186216,14491,25
461.16,186718,14519,25
462.34,187221,14547,25
463.65,187722,14583,25
464.84,188223,14603,25
466.22,188723,14623,25
467.44,189223,14655,25
468.68,189723,14675,25
469.86,190223,14699,25
471.05,190726,14723,25
472.29,191229,14771,25
473.48,191730,14775,25
474.77,192234,14807,25
475.99,192736,14839,25
477.34,193237,14855,25
478.5,193739,14895,25
479.76,194239,14923,25
481.12,194741,14947,25
482.26,195242,14963,25
483.41,195743,14991,25
484.59,196247,15015,25
485.78,196751,15047,25
486.96,197251,15067,25
488.16,197753,15087,25
489.35,198254,15103,25
490.7,198755,15135,25
491.99,199259,15163,25
493.2,199761,15183,25
494.39,200261,15195,25
495.76,200763,15215,25
497.01,201263,15267,25
498.39,201764,15291,25
499.68,202268,15307,25
500.93,202771,15339,25
502.17,203272,15375,25
503.46,203774,15391,25
504.73,204275,15419,25
505.97,204778,15431,25
507.13,205278,15463,25
508.33,205781,15495,25
509.56,206282,15499,25
510.73,206784,15515,25
511.79,207285,15535,25
512.96,207786,15551,25
514.18,208288,15603,25
515.48,208790,15639,25
516.72,209291,15671,25
517.9,209794,15695,25
519.15,210298,15731,25
520.27,210802,15755,25
521.52,211303,15791,25
522.8,211807,15819,25
524.05,212310,15831,25
525.28,212813,15855,25
526.51,213317,15871,25
527.74,213819,15907,25
528.82,214323,15935,25
530.14,214827,15959,25
531.46,215331,15991,25
532.61,215835,16027,25
533.77,216337,16047,25
534.96,216838,16071,25
536.25,217341,16095,25
537.41,217843,16111,25
538.64,218343,16143,25
540,218846,16183,25
541.26,219347,16223,25
542.41,219849,16247,25
543.66,220352,16283,25
545.05,220856,16307,25
546.42,221357,16335,25
547.67,221857,16351,25
548.95,222361,16383,25
550.11,222865,16391,25
551.38,223366,16427,25
552.66,223870,16463,25
553.89,224370,16487,25
555.21,224871,16519,25
556.49,225374,16555,25
557.71,225876,16595,25
558.9,226378,16619,25
560.13,226878,16643,25
561.37,227380,16663,25
562.57,227880,16683,25
563.84,228381,16723,25
564.93,228884,16755,25
566.19,229387,16791,25
567.44,229890,16847,25
568.65,230393,16907,25
569.78,230896,16951,25
571.12,231397,16983,25
572.6,231901,17011,25
573.91,232401,17067,25
575.12,232901,17107,25
576.49,233403,17143,25
577.74,233905,17167,25
579.06,234405,17187,25
580.2,234909,17211,25
581.34,235409,17247,25
582.61,235909,17275,25
583.92,236413,17287,25
585.25,236915,17295,25
586.49,237419,17319,25
587.73,237920,17343,25
588.98,238423,17363,25
590.3,238926,17387,25
591.47,239430,17399,25
592.66,239934,17431,25
593.89,240437,17455,25
595.14,240940,17495,25
596.46,241443,17527,25
597.65,241943,17555,25
598.94,242444,17579,25
600.09,242946,17599,25
601.37,243447,17619,25
602.61,243949,17651,25
603.9,244450,17675,25
605.18,244950,17695,25
606.31,245453,17723,25
607.63,245957,17747,25
608.81,246459,17803,25
610.2,246961,17831,25
611.43,247465,17851,25
612.66,247967,17883,25
613.99,248469,17911,25
615.28,248969,17955,25
616.51,249472,17991,25
617.75,249973,18031,25
619.09,250473,18091,25
620.46,250976,18111,25
621.81,251480,18123,25
623.02,251983,18151,25
624.26,252486,18163,25
625.39,252988,18187,25
626.68,253492,18199,25
627.89,253995,18243,25
629.15,254499,18287,25
630.36,255002,18299,25
631.6,255505,18327,25
632.9,256009,18359,25
634.24,256512,18367,25
635.43,257015,18395,25
636.68,257517,18439,25
638.02,258020,18483,25
639.27,258521,18507,25
640.63,259023,18547,25
641.96,259527,18567,25
643.38,260028,18591,25
644.68,260528,18611,25
646.03,261029,18631,25
647.34,261532,18651,25
648.64,262032,18695,25
649.94,262534,18739,25
651.05,263034,18751,25
652.3,263535,18779,25
653.44,264035,18803,25
654.72,264539,18827,25
656.05,265041,18847,25
657.34,265544,18863,25
658.62,266047,18875,25
659.88,266548,18907,25
661.17,267050,18931,25
662.49,267554,18971,25
663.96,268058,18983,25
665.4,268562,19003,25
666.76,269062,19031,25
668.06,269564,19051,25
669.54,270064,19067,25
670.67,270566,19103,25
671.91,271066,19131,25
673.13,271569,19167,25
674.39,272070,19183,25
675.78,272574,19199,25
676.95,273078,19215,25
678.23,273578,19239,25
679.51,274079,19259,25
680.84,274583,19283,25
682.15,275083,19315,25
683.35,275587,19359,25
684.62,276090,19399,25
685.93,276593,19419,25
687.2,277093,19435,25
688.36,277593,19467,25
689.56,278094,19499,25
690.8,278594,19515,25
692.08,279096,19539,25
693.34,279600,19571,25
694.64,280104,19583,25
696.17,280608,19623,25
697.55,281111,19651,25
698.93,281611,19695,25
700.2,282112,19727,25
701.37,282614,19759,25
702.63,283117,19779,25
703.9,283618,19831,25
705.26,284120,19855,25
706.57,284623,19875,25
707.9,285125,19895,25
709.2,285625,19907,25
710.48,286125,19939,25
711.92,286625,19967,25
713.28,287128,19979,25
714.58,287628,20015,25
716.01,288131,20063,25
717.33,288635,20087,25
718.55,289138,20107,25
719.86,289639,20127,25
721.17,290139,20155,25
722.36,290641,20171,25
723.56,291144,20203,25
724.79,291646,20243,25
726.25,292149,20259,25
727.52,292650,20283,25
729.02,293152,20307,25
730.42,293653,20335,25
731.68,294156,20355,25
732.96,294657,20395,25
734.21,295158,20419,25
735.59,295661,20455,25
736.92,296165,20467,25
738.23,296665,20511,25
739.6,297166,20543,25
740.95,297669,20563,25
742.1,298171,20591,25
743.31,298673,20623,25
744.5,299177,20663,25
745.92,299677,20683,25
747.22,300178,20711,25
748.52,300679,20727,25
749.73,301180,20747,25
751.03,301681,20775,25
752.32,302181,20799,25
753.51,302683,20827,25
754.83,303184,20879,25
756.02,303686,20927,25
757.32,304186,20967,25
758.75,304690,20983,25
760.13,305190,21003,25
761.27,305693,21027,25
762.57,306197,21039,25
763.78,306700,21055,25
764.99,307202,21079,25
766.25,307705,21095,25
767.53,308208,21123,25
768.81,308712,21155,25
770,309213,21187,25
771.38,309716,21199,25
772.61,310218,21219,25
773.91,310719,21247,25
775.18,311219,21271,25
776.48,311719,21303,25
777.8,312219,21335,25
779,312723,21347,25
780.33,313227,21383,25
781.63,313729,21407,25
782.98,314229,21439,25
784.28,314731,21471,25
785.55,315231,21471,25
786.63,315732,21511,25
787.96,316232,21559,25
789.26,316735,21595,25
790.56,317235,21611,25
791.81,317736,21639,25
793.14,318237,21671,25
794.38,318741,21691,25
795.6,319243,21711,25
796.88,319746,21735,25
798.06,320247,21759,25
799.3,320751,21791,25
800.56,321253,21815,25
801.8,321754,21843,25
803.07,322254,21887,25
804.29,322756,21935,25
805.61,323258,21955,25
806.81,323759,21967,25
808.11,324259,21987,25
809.42,324761,22015,25
810.58,325265,22031,25
811.8,325768,22051,25
813.01,326269,22071,25
814.17,326770,22099,25
815.4,327274,22127,25
816.56,327775,22139,25
817.87,328279,22155,25
819.11,328781,22175,25
820.38,329284,22183,25
821.8,329785,22203,25
823.17,330286,22231,25
824.47,330786,22275,25
825.86,331287,22315,25
827.05,331789,22347,25
828.31,332293,22379,25
829.59,332794,22399,25
830.79,333298,22411,25
832.13,333800,22419,25
833.35,334303,22443,25
834.53,334805,22487,25
835.81,335307,22507,25
837.03,335807,22539,25
838.35,336309,22563,25
839.55,336812,22595,25
840.79,337312,22607,25
842.11,337815,22639,25
843.37,338317,22671,25
844.68,338821,22707,25
845.89,339323,22731,25
847.14,339824,22751,25
848.41,340326,22775,25
849.63,340828,22799,25
850.85,341328,22823,25
852.28,341829,22851,25
853.49,342332,22891,25
854.86,342833,22907,25
856.16,343336,22935,25
857.33,343839,22971,25
858.52,344341,22987,25
859.76,344845,23023,25
861.02,345346,23055,25
862.36,345849,23079,25
863.58,346353,23087,25
864.74,346853,23147,25
866.03,347357,23163,25
867.33,347859,23191,25
868.77,348361,23219,25
870.12,348861,23243,25
871.53,349364,23279,25
872.78,349868,23307,25
874.05,350369,23319,25
875.38,350869,23335,25
876.71,351369,23371,25
877.9,351872,23403,25
879.06,352372,23423,25
880.25,352876,23455,25
881.39,353380,23491,25
882.85,353883,23531,25
884.15,354386,23575,25
885.47,354888,23615,25
886.75,355390,23635,25
888.05,355893,23651,25
889.29,356395,23671,25
890.47,356899,23707,25
891.56,357401,23735,25
892.94,357904,23759,25
894.11,358408,23791,25
895.43,358912,23803,25
896.62,359415,23823,25
897.89,359917,23863,25
899.18,360420,23879,25
900.53,360920,23903,25
901.84,361424,23959,25
903.13,361924,23995,25
904.35,362426,24015,25
905.56,362926,24035,25
906.77,363428,24055,25
908.17,363931,24083,25
909.56,364431,24123,25
910.85,364933,24155,25
912.1,365433,24187,25
913.41,365936,24219,25
914.66,366436,24235,25
915.96,366936,24291,25
917.46,367437,24315,25
918.91,367941,24343,25
920.12,368444,24371,25
921.38,368945,24387,25
922.6,369445,24439,25
923.84,369949,24479,25
925.17,370449,24527,25
926.49,370953,24551,25
927.74,371456,24587,25
929.03,371958,24619,25
930.34,372461,24655,25
931.65,372961,24695,25
933.03,373463,24723,25
934.45,373966,24743,25
935.77,374469,24755,25
937.13,374969,24799,25
938.46,375469,24835,25
939.71,375972,24847,25
941.04,376472,24887,25
942.46,376972,24903,25
944.09,377475,24931,25
945.51,377977,24955,25
946.79,378478,24975,25
948.33,378980,24999,25
949.77,379483,25023,25
951.16,379983,25055,25
952.63,380485,25087,25
954.07,380985,25139,25
955.34,381487,25163,25
956.71,381988,25167,25
958.04,382492,25195,25
959.36,382994,25223,25
960.7,383494,25239,25
961.93,383997,25279,25
963.36,384497,25307,25
964.58,385001,25319,25
965.97,385502,25347,25
967.25,386002,25383,25
968.64,386502,25395,25
970.01,387002,25411,25
971.39,387504,25435,25
972.81,388008,25467,25
974.11,388511,25487,25
975.53,389013,25543,25
976.97,389514,25579,25
978.43,390016,25611,25
979.81,390519,25635,25
981.07,391021,25651,25
982.41,391522,25663,25
984.12,392024,25671,25
985.9,392528,25687,25
987.23,393032,25715,25
988.56,393534,25743,25
989.86,394034,25759,25
991.14,394537,25775,25
992.56,395039,25811,25
993.88,395541,25831,25
995.32,396043,25867,25
996.72,396546,25891,25
998.07,397048,25927,25
999.4,397549,25943,25
1000.86,398051,25975,25
1002.09,398553,25995,25
1003.42,399054,26027,25
1004.8,399556,26055,25
1006.1,400057,26083,25
1007.3,400561,26115,25
1008.61,401063,26139,25
1009.97,401563,26155,25
1011.29,402067,26195,25
1012.52,402571,26219,25
1013.75,403071,26235,25
1015.1,403575,26267,25
1016.37,404075,26295,25
1017.75,404576,26323,25
1019.04,405078,26367,25
1020.35,405579,26423,25
1021.67,406083,26459,25
1022.91,406587,26467,25
1024.29,407087,26487,25
1025.56,407591,26531,25
1026.88,408091,26567,25
1028.21,408594,26607,25
1029.51,409095,26627,25
1030.68,409597,26651,25
1032.08,410101,26691,25
1033.5,410602,26739,25
1034.91,411104,26763,25
1036.13,411608,26779,25
1037.55,412110,26815,25
1038.96,412611,26831,25
1040.2,413115,26867,25
1041.57,413616,26883,25
1043.02,414120,26903,25
1044.4,414620,26951,25
1045.78,415123,26983,25
1047.08,415626,27007,25
1048.42,416127,27043,25
1049.68,416629,27079,25
1051,417129,27099,25
1052.17,417630,27131,25
1053.5,418132,27159,25
1054.8,418635,27191,25
1056.17,419137,27215,25
1057.64,419637,27239,25
1058.82,420138,27259,25
1060.38,420639,27283,25
1061.81,421140,27315,25
1063.18,421641,27319,25
1064.58,422145,27343,25
1066.04,422648,27363,25
1067.51,423151,27387,25
1068.85,423652,27415,25
1070.3,424153,27431,25
1071.66,424653,27463,25
1073.01,425155,27483,25
1074.27,425658,27495,25
1075.57,426158,27511,25
1076.99,426658,27539,25
1078.38,427160,27567,25
1079.83,427664,27599,25
1081.14,428165,27651,25
1082.58,428666,27675,25
1083.92,429169,27699,25
1085.3,429669,27739,25
1086.48,430171,27767,25
1087.89,430675,27783,25
1089.19,431175,27819,25
1090.42,431675,27835,25
1091.99,432178,27863,25
1093.28,432678,27883,25
1094.58,433181,27903,25
1095.93,433682,27927,25
1097.24,434184,27947,25
1098.63,434686,27975,25
1099.94,435187,27995,25
1101.22,435690,28023,25
1102.4,436194,28051,25
1103.65,436696,28087,25
1105.15,437198,28123,25
1106.4,437702,28147,25
1107.74,438204,28183,25
1109.21,438707,28219,25
1110.56,439207,28239,25
1111.94,439708,28267,25
1113.38,440212,28331,25
1114.62,440715,28355,25
1116.07,441215,28371,25
1117.42,441715,28395,25
1118.76,442216,28431,25
1120.19,442718,28459,25
1121.46,443218,28487,25
1122.76,443721,28539,25
1124.15,444224,28555,25
1125.57,444727,28599,25
1126.97,445227,28631,25
1128.25,445730,28691,25
1129.64,446234,28715,25
1130.89,446738,28751,25
1132.36,447241,28779,25
1133.69,447741,28807,25
1135.04,448244,28847,25
1136.25,448746,28855,25
1137.62,449248,28891,25
1138.79,449752,28915,25
1140.15,450254,28923,25
1141.52,450755,28951,25
1142.94,451255,28991,25
1144.23,451757,29015,25
1145.59,452259,29067,25
1146.83,452759,29107,25
1148.19,453262,29123,25
1149.36,453764,29151,25
1150.63,454265,29179,25
1151.91,454768,29227,25
1153.24,455269,29255,25
1154.46,455770,29287,25
1155.82,456270,29307,25
1157.1,456773,29347,25
1158.38,457273,29387,25
1159.73,457776,29415,25
1161.23,458280,29431,25
1162.52,458784,29463,25
1163.83,459286,29467,25
1165.12,459788,29495,25
1166.41,460291,29515,25
1167.71,460794,29547,25
1168.95,461297,29579,25
1170.23,461797,29611,25
1171.55,462297,29627,25
1172.91,462797,29679,25
1174.09,463301,29687,25
1175.48,463804,29719,25
1176.77,464308,29739,25
1178.09,464808,29759,25
1179.35,465308,29779,25
1180.6,465808,29799,25
1182.09,466309,29843,25
1183.43,466813,29863,25
1184.88,467313,29887,25
1186.11,467817,29895,25
1187.36,468320,29907,25
1188.7,468820,29923,25
1189.92,469320,29939,25
1191.12,469822,29987,25
1192.45,470325,30019,25
1193.8,470828,30027,25
1194.95,471328,30051,25
1196.27,471830,30079,25
1197.69,472333,30111,25
1198.87,472833,30131,25
1200.2,473335,30179,25
1201.55,473837,30219,25
1202.91,474340,30247,25
1204.21,474842,30275,25
1205.61,475344,30303,25
1206.99,475848,30339,25
1208.15,476351,30351,25
1209.35,476855,30379,25
1210.84,477358,30391,25
1211.95,477861,30427,25
1213.35,478362,30455,25
1214.56,478865,30495,25
1215.88,479367,30515,25
1217.1,479869,30539,25
1218.28,480369,30551,25
1219.52,480873,30575,25
1220.82,481375,30615,25
1222.2,481877,30639,25
1223.47,482379,30671,25
1224.7,482881,30715,25
1225.99,483381,30735,25
1227.32,483885,30767,25
1228.47,484388,30791,25
1229.93,484888,30807,25
1231.37,485390,30851,25
1232.63,485894,30879,25
1233.93,486398,30915,25
1235.41,486900,30939,25
1236.64,487403,30971,25
1237.98,487907,31011,25
1239.18,488411,31027,25
1240.44,488913,31055,25
1241.66,489414,31087,25
1243.26,489914,31123,25
1244.4,490416,31147,25
1245.58,490916,31163,25
1246.87,491417,31179,25
1248.12,491921,31199,25
1249.42,492421,31227,25
1250.68,492922,31271,25
1252.08,493424,31303,25
1253.34,493927,31331,25
1254.6,494430,31367,25
1255.88,494933,31395,25
1257.1,495433,31419,25
1258.32,495937,31443,25
1260.1,496437,31491,25
1261.31,496937,31507,25
1262.62,497441,31523,25
1263.93,497943,31563,25
1265.21,498443,31611,25
1266.5,498945,31643,25
1267.99,499448,31655,25
1269.32,499951,31691,25
1270.68,500453,31727,25
1271.92,500953,31759,25
1273.13,501454,31787,25
1274.45,501958,31819,25
1275.84,502458,31867,25
1277.26,502958,31911,25
1278.49,503460,31927,25
1279.61,503963,31943,25
1280.84,504465,31991,25
1282.23,504965,32027,25
1283.45,505468,32055,25
1284.66,505972,32083,25
1285.87,506474,32107,25
1287.29,506978,32135,25
1288.6,507478,32163,25
1289.89,507981,32203,25
1291.2,508483,32223,25
1292.59,508985,32255,25
1294.01,509489,32291,25
1295.29,509993,32319,25
1296.66,510494,32343,25
1298.03,510994,32383,25
1299.48,511496,32399,25
1300.8,512000,32451,25
1302.11,512504,32459,25
1303.4,513006,32491,25
1304.69,513506,32523,25
1306.02,514006,32571,25
1307.53,514510,32607,25
1308.88,515010,32639,25
1310.13,515511,32671,25
1311.51,516015,32715,25
1312.67,516518,32743,25
1313.98,517021,32755,25
1315.17,517522,32771,25
1316.51,518026,32807,25
1317.81,518527,32831,25
1319.16,519030,32871,25
1320.4,519530,32895,25
1321.76,520032,32919,25
1323.08,520534,32927,25
1324.35,521034,32951,25
1325.6,521535,32963,25
1326.87,522037,32991,25
1328.1,522537,33003,25
1329.43,523039,33023,25
1330.77,523539,33059,25
1332.18,524039,33091,25
1333.5,524542,33111,25
1335.02,525042,33135,25
1336.32,525546,33159,25
1337.59,526048,33215,25
1338.81,526551,33243,25
1340.01,527051,33271,25
1341.17,527554,33299,25
1342.43,528056,33311,25
1343.59,528559,33355,25
1344.83,529061,33359,25
1346.37,529562,33379,25
1347.64,530066,33407,25
1348.77,530568,33415,25
1349.96,531071,33439,25
1351.16,531571,33479,25
1352.38,532074,33507,25
1353.94,532578,33547,25
1355.26,533080,33571,25
1356.67,533583,33607,25
1358.03,534083,33639,25
1359.45,534585,33679,25
1360.68,535086,33703,25
1362.21,535589,33743,25
1363.51,536090,33771,25
1364.72,536592,33779,25
1366.02,537094,33815,25
1367.38,537598,33851,25
1368.56,538099,33871,25
1369.79,538602,33923,25
1371.11,539104,33951,25
1372.52,539607,33983,25
1373.89,540111,34019,25
1375.33,540615,34047,25
1376.66,541119,34079,25
1378.03,541620,34103,25
1379.43,542124,34131,25
1380.89,542624,34147,25
1382.12,543125,34163,25
1383.53,543625,34195,25
1384.78,544127,34235,25
1386.08,544630,34267,25
1387.34,545131,34299,25
1388.8,545632,34315,25
1389.95,546133,34383,25
1391.1,546633,34391,25
1392.28,547134,34427,25
1393.7,547635,34479,25
1394.96,548137,34503,25
1396.38,548641,34527,25
1397.67,549141,34567,25
1399.17,549645,34587,25
1400.41,550148,34607,25
1401.9,550650,34635,25
1403.13,551152,34687,25
1404.47,551654,34723,25
1405.71,552154,34739,25
1407.11,552655,34767,25
1408.32,553158,34791,25
1409.54,553662,34831,25
1410.78,554164,34871,25
1412.02,554665,34903,25
1413.21,555166,34927,25
1414.53,555668,34959,25
1415.8,556170,34979,25
1417.17,556672,35027,25
1418.42,557172,35059,25
1419.68,557675,35091,25
1420.96,558177,35131,25
1422.34,558680,35151,25
1423.78,559181,35179,25
1425.03,559682,35203,25
1426.24,560186,35231,25
1427.61,560688,35263,25
1428.77,561189,35279,25
1430.02,561692,35295,25
1431.21,562196,35335,25
1432.61,562699,35363,25
1433.79,563202,35371,25
1434.97,563702,35407,25
1436.26,564204,35419,25
1437.38,564705,35455,25
1438.58,565205,35475,25
1439.88,565708,35519,25
1441.36,566212,35551,25
1442.6,566713,35583,25
1443.96,567214,35595,25
1445.28,567714,35623,25
1446.62,568216,35647,25
1447.95,568720,35675,25
1449.3,569223,35695,25
1450.57,569723,35707,25
1451.83,570224,35727,25
1453.23,570728,35751,25
1454.54,571231,35783,25
1455.84,571735,35799,25
1457.17,572237,35815,25
1458.34,572739,35839,25
1459.74,573240,35879,25
1460.96,573741,35903,25
1462.25,574242,35919,25
1463.49,574746,35947,25
1464.64,575249,35983,25
1465.89,575753,36011,25
1467.24,576255,36051,25
1468.45,576759,36075,25
1470.04,577263,36103,25
1471.29,577765,36119,25
1472.51,578266,36135,25
1473.82,578769,36167,25
1474.98,579272,36187,25
1476.23,579776,36211,25
1477.52,580276,36247,25
1478.92,580776,36271,25
1480.34,581280,36303,25
1481.56,581784,36327,25
1482.79,582284,36363,25
1484.13,582784,36383,25
1485.49,583288,36395,25
1486.67,583791,36415,25
1488.01,584291,36447,25
1489.2,584793,36463,25
1490.43,585294,36507,25
1491.67,585797,36527,25
1492.97,586301,36539,25
1494.18,586803,36575,25
1495.52,587303,36611,25
1496.67,587804,36639,25
1497.95,588308,36671,25
1499.16,588809,36691,25
1500.4,589312,36715,25
1501.79,589812,36759,25
1503.16,590314,36815,25
1504.52,590817,36835,25
1505.82,591317,36851,25
1507.06,591817,36879,25
1508.39,592318,36907,25
1509.71,592818,36939,25
1511.01,593319,36967,25
1512.21,593819,37011,25
1513.62,594323,37059,25
1514.94,594824,37107,25
1516.31,595328,37131,25
1517.86,595829,37155,25
1519.24,596330,37175,25
1520.58,596833,37211,25
1522.11,597337,37235,25
1523.3,597838,37271,25
1524.63,598338,37299,25
1525.74,598838,37327,25
1527.02,599338,37355,25
1528.21,599840,37379,25
1529.6,600342,37403,25
1530.86,600844,37439,25
1532.17,601347,37471,25
1533.5,601849,37499,25
1534.78,602351,37519,25
1536.12,602854,37547,25
1537.35,603358,37567,25
1538.75,603858,37595,25
1540.01,604361,37635,25
1541.45,604864,37667,25
1542.75,605366,37687,25
1544.21,605870,37739,25
1545.7,606372,37779,25
1547.1,606876,37795,25
